subject,session,source_file,rule,window_id,state,label,segment_id,retained_interval_id,window_start_s,window_end_s,duration_s,observed_span_s,n_samples,fs,window_start_index,window_end_index,source_start_index,source_end_index,signal_file,sqi_pass,sqi_artifact_samples,sqi_artifact_fraction,stationarity_pass,variance_stability_metric,stationarity_pass_raw,variance_stability_metric_raw,analysis_included,exclusion_reason,Mean_CC,Mean_NRMSE,DET,Lmean,LAM,TT,LLE,LLE_fit_R2,LLE_fit_start_s,LLE_fit_end_s,LLE_pass_R2_090,LLE_pass_R2_095,simplex_success,rqa_success,lle_success,simplex_error,rqa_error,lle_error,error_message,simplex_horizons_completed,simplex_horizon_metrics,simplex_theiler_samples,rqa_theiler_samples,rqa_achieved_rr,rqa_rr_exact,rqa_zero_distance_fraction,rqa_epsilon,LLE_theiler_samples,LLE_theiler_s,LLE_n_pairs_initial,LLE_n_pairs_fit_min,LLE_core_valid,LLE_qc_reason,m,tau_s,tau_samples,requested_fit_start_s,requested_fit_end_s,max_follow_s,target_rr,elapsed_s,warnings,signal_extraction_success,signal_sha256,computation_key,computed_for_window_id,reused_identical_signal,configuration_hash
nan,15,sample_15.csv,T30,T30_15_00002,Awake,0,3,3,73.27034283,133.489769,60,60.21942616999999,1500,24.99562576559584,1825,3325,1825,3325,T30/filtered_sessions/sample_15.csv,True,0,0.0,True,0.06309785422306251,True,0.2463538829661373,True,nan,0.6873573909382801,0.6553743893110663,0.7431492057397898,3.8828986960882648,0.22284877861496377,2.01017316017316,0.8105439269142796,0.9895795996875634,0.8001399999966452,1.2802239999946323,True,True,True,True,True,,,,,18,"[{""horizon_s"": 0.04, ""horizon_samples"": 1, ""cc"": 0.9583014400203096, ""nrmse"": 0.2871393996488519, ""n_valid"": 1471, ""n_targets"": 1471}, {""horizon_s"": 0.08, ""horizon_samples"": 2, ""cc"": 0.9213078422770477, ""nrmse"": 0.3908637759792014, ""n_valid"": 1470, ""n_targets"": 1470}, {""horizon_s"": 0.12, ""horizon_samples"": 3, ""cc"": 0.9150193453709436, ""nrmse"": 0.4059159653225767, ""n_valid"": 1469, ""n_targets"": 1469}, {""horizon_s"": 0.16, ""horizon_samples"": 4, ""cc"": 0.9134256585983479, ""nrmse"": 0.409992547775602, ""n_valid"": 1468, ""n_targets"": 1468}, {""horizon_s"": 0.2, ""horizon_samples"": 5, ""cc"": 0.9140835328316096, ""nrmse"": 0.40790628989334066, ""n_valid"": 1467, ""n_targets"": 1467}, {""horizon_s"": 0.28, ""horizon_samples"": 7, ""cc"": 0.908490519420617, ""nrmse"": 0.420687308753957, ""n_valid"": 1465, ""n_targets"": 1465}, {""horizon_s"": 0.4, ""horizon_samples"": 10, ""cc"": 0.8827380036372715, ""nrmse"": 0.4732240917103826, ""n_valid"": 1462, ""n_targets"": 1462}, {""horizon_s"": 0.6, ""horizon_samples"": 15, ""cc"": 0.8405506606337393, ""nrmse"": 0.5441191010695391, ""n_valid"": 1457, ""n_targets"": 1457}, {""horizon_s"": 0.8, ""horizon_samples"": 20, ""cc"": 0.7889701848891263, ""nrmse"": 0.6194180111591342, ""n_valid"": 1452, ""n_targets"": 1452}, {""horizon_s"": 1.0, ""horizon_samples"": 25, ""cc"": 0.7630651574695657, ""nrmse"": 0.6510008219649276, ""n_valid"": 1447, ""n_targets"": 1447}, {""horizon_s"": 1.2, ""horizon_samples"": 30, ""cc"": 0.7224065514883848, ""nrmse"": 0.6987995081536325, ""n_valid"": 1442, ""n_targets"": 1442}, {""horizon_s"": 1.6, ""horizon_samples"": 40, ""cc"": 0.6242292747069906, ""nrmse"": 0.7927795321082034, ""n_valid"": 1432, ""n_targets"": 1432}, {""horizon_s"": 2.0, ""horizon_samples"": 50, ""cc"": 0.5603714884476338, ""nrmse"": 0.8436443010146571, ""n_valid"": 1422, ""n_targets"": 1422}, {""horizon_s"": 2.4, ""horizon_samples"": 60, ""cc"": 0.4760243256106196, ""nrmse"": 0.8983561026950423, ""n_valid"": 1412, ""n_targets"": 1412}, {""horizon_s"": 2.8, ""horizon_samples"": 70, ""cc"": 0.40732456010395585, ""nrmse"": 0.9424934680182399, ""n_valid"": 1402, ""n_targets"": 1402}, {""horizon_s"": 3.2, ""horizon_samples"": 80, ""cc"": 0.32815049248688166, ""nrmse"": 0.9764079072772003, ""n_valid"": 1392, ""n_targets"": 1392}, {""horizon_s"": 3.6, ""horizon_samples"": 90, ""cc"": 0.258561513918249, ""nrmse"": 1.0021726468099976, ""n_valid"": 1382, ""n_targets"": 1382}, {""horizon_s"": 4.0, ""horizon_samples"": 100, ""cc"": 0.18941248497774837, ""nrmse"": 1.0318182282447073, ""n_valid"": 1372, ""n_targets"": 1372}]",25,28,0.02000007678678039,True,0.0,454.9835845004066,12,0.4800839999979871,1472,1428,True,ok,8,0.16,4,0.8,1.3,5.0,0.02,1.2531083320009202,,True,75575a13d6ee60aa3bb922eba43a588b3e2662803eed6364284647f9e6f13a4e,eefe3c7d43db18942e1cc55d8560ddcc68bc98ed30d597a4658687c655156df2,T30_15_00002,False,dc2de0c03036394091cb7c2b7c070947f7d1b458301f46d0881b102e3e922705
nan,15,sample_15.csv,T30,T30_15_00001,Awake,0,3,3,13.1353631,73.23010826,60,60.094745159999995,1500,24.99562576559584,325,1825,325,1825,T30/filtered_sessions/sample_15.csv,True,0,0.0,True,0.057596929901332444,True,0.08762991240684645,True,nan,0.76053455864696,0.5647992947083534,0.6821999328118251,3.7231534834992144,0.160171809761482,2.000299670362601,0.7591931000583834,0.9506353442184717,0.8001399999966452,1.2802239999946323,True,True,True,True,True,,,,,18,"[{""horizon_s"": 0.04, ""horizon_samples"": 1, ""cc"": 0.9756262764399585, ""nrmse"": 0.21974271248557092, ""n_valid"": 1471, ""n_targets"": 1471}, {""horizon_s"": 0.08, ""horizon_samples"": 2, ""cc"": 0.9531123283046519, ""nrmse"": 0.30310990045482306, ""n_valid"": 1470, ""n_targets"": 1470}, {""horizon_s"": 0.12, ""horizon_samples"": 3, ""cc"": 0.9548066827175107, ""nrmse"": 0.29782381492344323, ""n_valid"": 1469, ""n_targets"": 1469}, {""horizon_s"": 0.16, ""horizon_samples"": 4, ""cc"": 0.9578166476729699, ""nrmse"": 0.28822562602620355, ""n_valid"": 1468, ""n_targets"": 1468}, {""horizon_s"": 0.2, ""horizon_samples"": 5, ""cc"": 0.9536290983538542, ""nrmse"": 0.3017243610178104, ""n_valid"": 1467, ""n_targets"": 1467}, {""horizon_s"": 0.28, ""horizon_samples"": 7, ""cc"": 0.9413761325265486, ""nrmse"": 0.3385221172915054, ""n_valid"": 1465, ""n_targets"": 1465}, {""horizon_s"": 0.4, ""horizon_samples"": 10, ""cc"": 0.9405649184439621, ""nrmse"": 0.34073161903812826, ""n_valid"": 1462, ""n_targets"": 1462}, {""horizon_s"": 0.6, ""horizon_samples"": 15, ""cc"": 0.9092029810353318, ""nrmse"": 0.4173851636200242, ""n_valid"": 1457, ""n_targets"": 1457}, {""horizon_s"": 0.8, ""horizon_samples"": 20, ""cc"": 0.862459486452236, ""nrmse"": 0.5083729723511524, ""n_valid"": 1452, ""n_targets"": 1452}, {""horizon_s"": 1.0, ""horizon_samples"": 25, ""cc"": 0.8500677784711425, ""nrmse"": 0.5296154960720751, ""n_valid"": 1447, ""n_targets"": 1447}, {""horizon_s"": 1.2, ""horizon_samples"": 30, ""cc"": 0.8011105972600391, ""nrmse"": 0.6018955176437047, ""n_valid"": 1442, ""n_targets"": 1442}, {""horizon_s"": 1.6, ""horizon_samples"": 40, ""cc"": 0.7115528541136668, ""nrmse"": 0.7084787691330502, ""n_valid"": 1432, ""n_targets"": 1432}, {""horizon_s"": 2.0, ""horizon_samples"": 50, ""cc"": 0.6362622834708043, ""nrmse"": 0.7806718459224837, ""n_valid"": 1422, ""n_targets"": 1422}, {""horizon_s"": 2.4, ""horizon_samples"": 60, ""cc"": 0.5973552911973277, ""nrmse"": 0.8089429653156319, ""n_valid"": 1412, ""n_targets"": 1412}, {""horizon_s"": 2.8, ""horizon_samples"": 70, ""cc"": 0.5046394878689432, ""nrmse"": 0.8787704618578313, ""n_valid"": 1402, ""n_targets"": 1402}, {""horizon_s"": 3.2, ""horizon_samples"": 80, ""cc"": 0.44405714460829104, ""nrmse"": 0.9144970989551366, ""n_valid"": 1392, ""n_targets"": 1392}, {""horizon_s"": 3.6, ""horizon_samples"": 90, ""cc"": 0.3631387942230126, ""nrmse"": 0.955345122338348, ""n_valid"": 1382, ""n_targets"": 1382}, {""horizon_s"": 4.0, ""horizon_samples"": 100, ""cc"": 0.33284327248502943, ""nrmse"": 0.9725317403034386, ""n_valid"": 1372, ""n_targets"": 1372}]",25,28,0.02000007678678039,True,0.0,362.4686452603269,11,0.44007699999815486,1472,1433,True,ok,8,0.16,4,0.8,1.3,5.0,0.02,1.2615441090001696,,True,6adbfd2834eb00f9331c5523d7d7f1e05e41fec06eef69c47f5cdeb54160ce33,3b3f98a731eec3f0940f9ebcb912b6bbae8fa056c3f41bca27d40180549ea69e,T30_15_00001,False,dc2de0c03036394091cb7c2b7c070947f7d1b458301f46d0881b102e3e922705
nan,15,sample_15.csv,T30,T30_15_00003,Awake,0,3,3,133.5295918,193.739521,60,60.209929200000005,1500,24.99562576559584,3325,4825,3325,4825,T30/filtered_sessions/sample_15.csv,True,0,0.0,True,0.05962086014091995,True,0.08579200418665611,True,nan,0.7368976684087356,0.5999909191966167,0.787445409607909,4.219079454872718,0.24506886787925325,2.0049077345897133,0.7936696506798162,0.9891337657403863,0.8001399999966452,1.2802239999946323,True,True,True,True,True,,,,,18,"[{""horizon_s"": 0.04, ""horizon_samples"": 1, ""cc"": 0.9735144155471214, ""nrmse"": 0.22869359960864372, ""n_valid"": 1471, ""n_targets"": 1471}, {""horizon_s"": 0.08, ""horizon_samples"": 2, ""cc"": 0.9439258776024952, ""nrmse"": 0.32996215024166137, ""n_valid"": 1470, ""n_targets"": 1470}, {""horizon_s"": 0.12, ""horizon_samples"": 3, ""cc"": 0.9366134345600078, ""nrmse"": 0.35003439869130343, ""n_valid"": 1469, ""n_targets"": 1469}, {""horizon_s"": 0.16, ""horizon_samples"": 4, ""cc"": 0.9412853401155751, ""nrmse"": 0.3375255493198248, ""n_valid"": 1468, ""n_targets"": 1468}, {""horizon_s"": 0.2, ""horizon_samples"": 5, ""cc"": 0.9439444686606923, ""nrmse"": 0.3300243031877069, ""n_valid"": 1467, ""n_targets"": 1467}, {""horizon_s"": 0.28, ""horizon_samples"": 7, ""cc"": 0.9180329585532709, ""nrmse"": 0.3967219618041179, ""n_valid"": 1465, ""n_targets"": 1465}, {""horizon_s"": 0.4, ""horizon_samples"": 10, ""cc"": 0.9001609046544538, ""nrmse"": 0.43584993961882834, ""n_valid"": 1462, ""n_targets"": 1462}, {""horizon_s"": 0.6, ""horizon_samples"": 15, ""cc"": 0.8604340280832552, ""nrmse"": 0.5092484075418205, ""n_valid"": 1457, ""n_targets"": 1457}, {""horizon_s"": 0.8, ""horizon_samples"": 20, ""cc"": 0.8337951475199287, ""nrmse"": 0.55200945261128, ""n_valid"": 1452, ""n_targets"": 1452}, {""horizon_s"": 1.0, ""horizon_samples"": 25, ""cc"": 0.808381156246419, ""nrmse"": 0.589441529781036, ""n_valid"": 1447, ""n_targets"": 1447}, {""horizon_s"": 1.2, ""horizon_samples"": 30, ""cc"": 0.7886669309734543, ""nrmse"": 0.6158355638468763, ""n_valid"": 1442, ""n_targets"": 1442}, {""horizon_s"": 1.6, ""horizon_samples"": 40, ""cc"": 0.7027318240628223, ""nrmse"": 0.7151606075147131, ""n_valid"": 1432, ""n_targets"": 1432}, {""horizon_s"": 2.0, ""horizon_samples"": 50, ""cc"": 0.631017894266061, ""nrmse"": 0.7809151871472565, ""n_valid"": 1422, ""n_targets"": 1422}, {""horizon_s"": 2.4, ""horizon_samples"": 60, ""cc"": 0.568824798723937, ""nrmse"": 0.8343879183029327, ""n_valid"": 1412, ""n_targets"": 1412}, {""horizon_s"": 2.8, ""horizon_samples"": 70, ""cc"": 0.5058971170631844, ""nrmse"": 0.8763073243210661, ""n_valid"": 1402, ""n_targets"": 1402}, {""horizon_s"": 3.2, ""horizon_samples"": 80, ""cc"": 0.4082715384870209, ""nrmse"": 0.9374596259348047, ""n_valid"": 1392, ""n_targets"": 1392}, {""horizon_s"": 3.6, ""horizon_samples"": 90, ""cc"": 0.32252191476518033, ""nrmse"": 0.979223375102399, ""n_valid"": 1382, ""n_targets"": 1382}, {""horizon_s"": 4.0, ""horizon_samples"": 100, ""cc"": 0.2761382814723603, ""nrmse"": 1.0010356509628302, ""n_valid"": 1372, ""n_targets"": 1372}]",25,28,0.02000007678678039,True,0.0,465.8281869884877,13,0.5200909999978194,1472,1415,True,ok,8,0.16,4,0.8,1.3,5.0,0.02,1.2729595700002392,,True,4a0fe0a3804b4dd4382eea131c447fe004ab7073883ee9cc72bcb50043d04c1f,9ed271276488864dfd97af25747ef9d4e49612bec99a6139bdce4aeedd55f34b,T30_15_00003,False,dc2de0c03036394091cb7c2b7c070947f7d1b458301f46d0881b102e3e922705
nan,15,sample_15.csv,T30,T30_15_00004,Awake,0,3,3,193.7795913,253.9798186,60,60.200227299999995,1500,24.99562576559584,4825,6325,4825,6325,T30/filtered_sessions/sample_15.csv,True,0,0.0,True,0.1317253762161644,True,0.12064469078717528,True,nan,0.6015427766718067,0.7073401466921989,0.7114747804386428,4.025251153950584,0.2824782838220473,2.0268595041322315,0.824196127006218,0.9782339523381836,0.8001399999966452,1.2802239999946323,True,True,True,True,True,,,,,18,"[{""horizon_s"": 0.04, ""horizon_samples"": 1, ""cc"": 0.9559372098939004, ""nrmse"": 0.2928899572752303, ""n_valid"": 1471, ""n_targets"": 1471}, {""horizon_s"": 0.08, ""horizon_samples"": 2, ""cc"": 0.9158187263212025, ""nrmse"": 0.40066822659057943, ""n_valid"": 1470, ""n_targets"": 1470}, {""horizon_s"": 0.12, ""horizon_samples"": 3, ""cc"": 0.9121071300126832, ""nrmse"": 0.4087259847432703, ""n_valid"": 1469, ""n_targets"": 1469}, {""horizon_s"": 0.16, ""horizon_samples"": 4, ""cc"": 0.9007858036654596, ""nrmse"": 0.43309143316570303, ""n_valid"": 1468, ""n_targets"": 1468}, {""horizon_s"": 0.2, ""horizon_samples"": 5, ""cc"": 0.8954919071554461, ""nrmse"": 0.4451176906185223, ""n_valid"": 1467, ""n_targets"": 1467}, {""horizon_s"": 0.28, ""horizon_samples"": 7, ""cc"": 0.8939816787097117, ""nrmse"": 0.44716878995363235, ""n_valid"": 1465, ""n_targets"": 1465}, {""horizon_s"": 0.4, ""horizon_samples"": 10, ""cc"": 0.8604370570933894, ""nrmse"": 0.5098316359030778, ""n_valid"": 1462, ""n_targets"": 1462}, {""horizon_s"": 0.6, ""horizon_samples"": 15, ""cc"": 0.8121651606186021, ""nrmse"": 0.582722530407348, ""n_valid"": 1457, ""n_targets"": 1457}, {""horizon_s"": 0.8, ""horizon_samples"": 20, ""cc"": 0.7536193563377924, ""nrmse"": 0.6573351566843906, ""n_valid"": 1452, ""n_targets"": 1452}, {""horizon_s"": 1.0, ""horizon_samples"": 25, ""cc"": 0.6838715597411937, ""nrmse"": 0.7342844772876637, ""n_valid"": 1447, ""n_targets"": 1447}, {""horizon_s"": 1.2, ""horizon_samples"": 30, ""cc"": 0.6424570111577149, ""nrmse"": 0.7726117937862046, ""n_valid"": 1442, ""n_targets"": 1442}, {""horizon_s"": 1.6, ""horizon_samples"": 40, ""cc"": 0.5262197387859432, ""nrmse"": 0.8629960849317058, ""n_valid"": 1432, ""n_targets"": 1432}, {""horizon_s"": 2.0, ""horizon_samples"": 50, ""cc"": 0.4104692802741712, ""nrmse"": 0.935576566553123, ""n_valid"": 1422, ""n_targets"": 1422}, {""horizon_s"": 2.4, ""horizon_samples"": 60, ""cc"": 0.30244897294455364, ""nrmse"": 0.9843066032413986, ""n_valid"": 1412, ""n_targets"": 1412}, {""horizon_s"": 2.8, ""horizon_samples"": 70, ""cc"": 0.17980966370349313, ""nrmse"": 1.0345715590394002, ""n_valid"": 1402, ""n_targets"": 1402}, {""horizon_s"": 3.2, ""horizon_samples"": 80, ""cc"": 0.11049203825055519, ""nrmse"": 1.0613639678309414, ""n_valid"": 1392, ""n_targets"": 1392}, {""horizon_s"": 3.6, ""horizon_samples"": 90, ""cc"": 0.034878723523417365, ""nrmse"": 1.086317826239576, ""n_valid"": 1382, ""n_targets"": 1382}, {""horizon_s"": 4.0, ""horizon_samples"": 100, ""cc"": 0.03677896190329063, ""nrmse"": 1.0825423562078134, ""n_valid"": 1372, ""n_targets"": 1372}]",25,28,0.02000007678678039,True,0.0,499.6263282686318,12,0.4800839999979871,1472,1410,True,ok,8,0.16,4,0.8,1.3,5.0,0.02,1.3067512880006689,,True,1f0c9767362d645e7737baccfe2cc8dc10dbb34b6de21f343a8a27a4b3a1199d,a9b1ce1b176410c5507726027e9cf5f9c05325efdd4e79809a3aabada29774a2,T30_15_00004,False,dc2de0c03036394091cb7c2b7c070947f7d1b458301f46d0881b102e3e922705
nan,15,sample_15.csv,T30,T30_15_00005,Awake,0,3,3,254.019891,314.2302346,60,60.210343600000016,1500,24.99562576559584,6325,7825,6325,7825,T30/filtered_sessions/sample_15.csv,True,0,0.0,True,0.11895621260539306,True,0.31089840062184654,True,nan,0.6912002755968407,0.6425211005439788,0.7051398953784134,3.760685948297927,0.21433027787109468,2.0235613955595833,0.8289693737571222,0.9573011602559326,0.8001399999966452,1.2802239999946323,True,True,True,True,True,,,,,18,"[{""horizon_s"": 0.04, ""horizon_samples"": 1, ""cc"": 0.9652378075823933, ""nrmse"": 0.2616737126642264, ""n_valid"": 1471, ""n_targets"": 1471}, {""horizon_s"": 0.08, ""horizon_samples"": 2, ""cc"": 0.9309855713483042, ""nrmse"": 0.36535841370216415, ""n_valid"": 1470, ""n_targets"": 1470}, {""horizon_s"": 0.12, ""horizon_samples"": 3, ""cc"": 0.9331060396822147, ""nrmse"": 0.3599583536480541, ""n_valid"": 1469, ""n_targets"": 1469}, {""horizon_s"": 0.16, ""horizon_samples"": 4, ""cc"": 0.9334685200008098, ""nrmse"": 0.35874055756640877, ""n_valid"": 1468, ""n_targets"": 1468}, {""horizon_s"": 0.2, ""horizon_samples"": 5, ""cc"": 0.926494586537904, ""nrmse"": 0.3766576490462587, ""n_valid"": 1467, ""n_targets"": 1467}, {""horizon_s"": 0.28, ""horizon_samples"": 7, ""cc"": 0.9164330558216496, ""nrmse"": 0.4006548764619113, ""n_valid"": 1465, ""n_targets"": 1465}, {""horizon_s"": 0.4, ""horizon_samples"": 10, ""cc"": 0.8747494105637352, ""nrmse"": 0.48719607348267563, ""n_valid"": 1462, ""n_targets"": 1462}, {""horizon_s"": 0.6, ""horizon_samples"": 15, ""cc"": 0.8234355473094707, ""nrmse"": 0.5689238825260695, ""n_valid"": 1457, ""n_targets"": 1457}, {""horizon_s"": 0.8, ""horizon_samples"": 20, ""cc"": 0.8000993578554569, ""nrmse"": 0.6004517300976056, ""n_valid"": 1452, ""n_targets"": 1452}, {""horizon_s"": 1.0, ""horizon_samples"": 25, ""cc"": 0.7640084173536255, ""nrmse"": 0.6472960269611938, ""n_valid"": 1447, ""n_targets"": 1447}, {""horizon_s"": 1.2, ""horizon_samples"": 30, ""cc"": 0.7287882506155686, ""nrmse"": 0.6871116239115931, ""n_valid"": 1442, ""n_targets"": 1442}, {""horizon_s"": 1.6, ""horizon_samples"": 40, ""cc"": 0.6336639097795772, ""nrmse"": 0.7796666779968616, ""n_valid"": 1432, ""n_targets"": 1432}, {""horizon_s"": 2.0, ""horizon_samples"": 50, ""cc"": 0.5532531037246354, ""nrmse"": 0.8427613387794952, ""n_valid"": 1422, ""n_targets"": 1422}, {""horizon_s"": 2.4, ""horizon_samples"": 60, ""cc"": 0.47403877926688165, ""nrmse"": 0.8995364383503689, ""n_valid"": 1412, ""n_targets"": 1412}, {""horizon_s"": 2.8, ""horizon_samples"": 70, ""cc"": 0.4081955212251864, ""nrmse"": 0.9314345043823958, ""n_valid"": 1402, ""n_targets"": 1402}, {""horizon_s"": 3.2, ""horizon_samples"": 80, ""cc"": 0.3468709093423082, ""nrmse"": 0.9637368275291146, ""n_valid"": 1392, ""n_targets"": 1392}, {""horizon_s"": 3.6, ""horizon_samples"": 90, ""cc"": 0.25870781625704686, ""nrmse"": 0.9993856016749462, ""n_valid"": 1382, ""n_targets"": 1382}, {""horizon_s"": 4.0, ""horizon_samples"": 100, ""cc"": 0.17006835647636387, ""nrmse"": 1.0348355210102747, ""n_valid"": 1372, ""n_targets"": 1372}]",25,28,0.02000007678678039,True,0.0,479.44104503114374,13,0.5200909999978194,1472,1396,True,ok,8,0.16,4,0.8,1.3,5.0,0.02,2.0686302350004553,,True,590061a585821806381c9b2ed2f7d4cd9a272914226a6bae49aab276b12b888d,9b4eeac89a2ea5d4bb8bddaa2cdb2fabd4d92a04eb00b3a835ff37e5e010c370,T30_15_00005,False,dc2de0c03036394091cb7c2b7c070947f7d1b458301f46d0881b102e3e922705
nan,15,sample_15.csv,T30,T30_15_00007,Awake,0,3,3,374.5193493,434.739758,60,60.22040870000001,1500,24.99562576559584,9325,10825,9325,10825,T30/filtered_sessions/sample_15.csv,True,0,0.0,True,0.06130169606891038,True,0.11574574070982635,True,nan,0.7994400066173036,0.5497155944048627,0.7417574506886788,4.270793036750484,0.30066708259346353,2.01609010458568,0.603676015952338,0.9542192305471723,0.8001399999966452,1.2802239999946323,True,True,True,True,True,,,,,18,"[{""horizon_s"": 0.04, ""horizon_samples"": 1, ""cc"": 0.9724754111712345, ""nrmse"": 0.23387658771470285, ""n_valid"": 1471, ""n_targets"": 1471}, {""horizon_s"": 0.08, ""horizon_samples"": 2, ""cc"": 0.949365093161022, ""nrmse"": 0.3154740007493555, ""n_valid"": 1470, ""n_targets"": 1470}, {""horizon_s"": 0.12, ""horizon_samples"": 3, ""cc"": 0.9482450504037787, ""nrmse"": 0.3189551259172874, ""n_valid"": 1469, ""n_targets"": 1469}, {""horizon_s"": 0.16, ""horizon_samples"": 4, ""cc"": 0.94466108912146, ""nrmse"": 0.3291110690218322, ""n_valid"": 1468, ""n_targets"": 1468}, {""horizon_s"": 0.2, ""horizon_samples"": 5, ""cc"": 0.9414638736856046, ""nrmse"": 0.338231361325675, ""n_valid"": 1467, ""n_targets"": 1467}, {""horizon_s"": 0.28, ""horizon_samples"": 7, ""cc"": 0.9380756403785377, ""nrmse"": 0.34808012490530743, ""n_valid"": 1465, ""n_targets"": 1465}, {""horizon_s"": 0.4, ""horizon_samples"": 10, ""cc"": 0.929122951770833, ""nrmse"": 0.37159054714488965, ""n_valid"": 1462, ""n_targets"": 1462}, {""horizon_s"": 0.6, ""horizon_samples"": 15, ""cc"": 0.9075285305973437, ""nrmse"": 0.4224775946356995, ""n_valid"": 1457, ""n_targets"": 1457}, {""horizon_s"": 0.8, ""horizon_samples"": 20, ""cc"": 0.8455882853991052, ""nrmse"": 0.5366821346318071, ""n_valid"": 1452, ""n_targets"": 1452}, {""horizon_s"": 1.0, ""horizon_samples"": 25, ""cc"": 0.8272960185440972, ""nrmse"": 0.5658846424558452, ""n_valid"": 1447, ""n_targets"": 1447}, {""horizon_s"": 1.2, ""horizon_samples"": 30, ""cc"": 0.815749726857705, ""nrmse"": 0.5829930733935808, ""n_valid"": 1442, ""n_targets"": 1442}, {""horizon_s"": 1.6, ""horizon_samples"": 40, ""cc"": 0.7107556551136953, ""nrmse"": 0.7130741337773089, ""n_valid"": 1432, ""n_targets"": 1432}, {""horizon_s"": 2.0, ""horizon_samples"": 50, ""cc"": 0.6935125155226683, ""nrmse"": 0.728499321360136, ""n_valid"": 1422, ""n_targets"": 1422}, {""horizon_s"": 2.4, ""horizon_samples"": 60, ""cc"": 0.6527852664130763, ""nrmse"": 0.7690590947520407, ""n_valid"": 1412, ""n_targets"": 1412}, {""horizon_s"": 2.8, ""horizon_samples"": 70, ""cc"": 0.616408709381587, ""nrmse"": 0.800575073581533, ""n_valid"": 1402, ""n_targets"": 1402}, {""horizon_s"": 3.2, ""horizon_samples"": 80, ""cc"": 0.5878620953993767, ""nrmse"": 0.8215139490351043, ""n_valid"": 1392, ""n_targets"": 1392}, {""horizon_s"": 3.6, ""horizon_samples"": 90, ""cc"": 0.5603938296813427, ""nrmse"": 0.8470093894052132, ""n_valid"": 1382, ""n_targets"": 1382}, {""horizon_s"": 4.0, ""horizon_samples"": 100, ""cc"": 0.5486303765089995, ""nrmse"": 0.8517934754802109, ""n_valid"": 1372, ""n_targets"": 1372}]",25,28,0.02000007678678039,True,0.0,624.557011151217,11,0.44007699999815486,1472,1422,True,ok,8,0.16,4,0.8,1.3,5.0,0.02,1.292966287001036,,True,02885d7b634f567da4053f3592560fe3068f1873b2d46b1d0057fcf13c90220c,4659252aec71bba4888809978dc5bfd4124c6ca11beaa6485788e6343f8ad261,T30_15_00007,False,dc2de0c03036394091cb7c2b7c070947f7d1b458301f46d0881b102e3e922705
nan,15,sample_15.csv,T30,T30_15_00009,Awake,0,3,3,495.0295637,555.2395825,60,60.2100188,1500,24.99562576559584,12325,13825,12325,13825,T30/filtered_sessions/sample_15.csv,True,0,0.0,True,0.16770426581475878,True,0.09809345127882996,True,nan,0.6794507117568104,0.6531941196886362,0.7298555454240053,3.900487304437035,0.20638767576906464,2.0011633317822244,0.8698298373993074,0.9903363223466195,0.8001399999966452,1.2802239999946323,True,True,True,True,True,,,,,18,"[{""horizon_s"": 0.04, ""horizon_samples"": 1, ""cc"": 0.9639657924041498, ""nrmse"": 0.2657437462088143, ""n_valid"": 1471, ""n_targets"": 1471}, {""horizon_s"": 0.08, ""horizon_samples"": 2, ""cc"": 0.9305262940373434, ""nrmse"": 0.3659989879202173, ""n_valid"": 1470, ""n_targets"": 1470}, {""horizon_s"": 0.12, ""horizon_samples"": 3, ""cc"": 0.9279775995915439, ""nrmse"": 0.3720794284203389, ""n_valid"": 1469, ""n_targets"": 1469}, {""horizon_s"": 0.16, ""horizon_samples"": 4, ""cc"": 0.9254031476874705, ""nrmse"": 0.37835396530570425, ""n_valid"": 1468, ""n_targets"": 1468}, {""horizon_s"": 0.2, ""horizon_samples"": 5, ""cc"": 0.9158191213871926, ""nrmse"": 0.4018441274828387, ""n_valid"": 1467, ""n_targets"": 1467}, {""horizon_s"": 0.28, ""horizon_samples"": 7, ""cc"": 0.9043442326541402, ""nrmse"": 0.4267295641617607, ""n_valid"": 1465, ""n_targets"": 1465}, {""horizon_s"": 0.4, ""horizon_samples"": 10, ""cc"": 0.882580890991443, ""nrmse"": 0.4710447926908076, ""n_valid"": 1462, ""n_targets"": 1462}, {""horizon_s"": 0.6, ""horizon_samples"": 15, ""cc"": 0.8458496180286793, ""nrmse"": 0.533266668294645, ""n_valid"": 1457, ""n_targets"": 1457}, {""horizon_s"": 0.8, ""horizon_samples"": 20, ""cc"": 0.7943911043166569, ""nrmse"": 0.6085777412500979, ""n_valid"": 1452, ""n_targets"": 1452}, {""horizon_s"": 1.0, ""horizon_samples"": 25, ""cc"": 0.7590945372751934, ""nrmse"": 0.6530162446725688, ""n_valid"": 1447, ""n_targets"": 1447}, {""horizon_s"": 1.2, ""horizon_samples"": 30, ""cc"": 0.712066595491788, ""nrmse"": 0.7064280995511075, ""n_valid"": 1442, ""n_targets"": 1442}, {""horizon_s"": 1.6, ""horizon_samples"": 40, ""cc"": 0.5856987510556451, ""nrmse"": 0.8229541890772811, ""n_valid"": 1432, ""n_targets"": 1432}, {""horizon_s"": 2.0, ""horizon_samples"": 50, ""cc"": 0.535069635206925, ""nrmse"": 0.8603337529564685, ""n_valid"": 1422, ""n_targets"": 1422}, {""horizon_s"": 2.4, ""horizon_samples"": 60, ""cc"": 0.44140977793582226, ""nrmse"": 0.9212504349082993, ""n_valid"": 1412, ""n_targets"": 1412}, {""horizon_s"": 2.8, ""horizon_samples"": 70, ""cc"": 0.3687023791539855, ""nrmse"": 0.9558441281852471, ""n_valid"": 1402, ""n_targets"": 1402}, {""horizon_s"": 3.2, ""horizon_samples"": 80, ""cc"": 0.3173735441490662, ""nrmse"": 0.9775692743168244, ""n_valid"": 1392, ""n_targets"": 1392}, {""horizon_s"": 3.6, ""horizon_samples"": 90, ""cc"": 0.2313585596198873, ""nrmse"": 1.0126094404806159, ""n_valid"": 1382, ""n_targets"": 1382}, {""horizon_s"": 4.0, ""horizon_samples"": 100, ""cc"": 0.18848123063565317, ""nrmse"": 1.023849568511812, ""n_valid"": 1372, ""n_targets"": 1372}]",25,28,0.02000007678678039,True,0.0,570.919719920089,12,0.4800839999979871,1472,1418,True,ok,8,0.16,4,0.8,1.3,5.0,0.02,1.297512849998384,,True,46f0a5401b3dba49fcc4ec376a8220e4cccb54e0e7e52af4cd65b48152a5cabd,474dc600bb6755a99185c8419ba5a1bf0d0e8a3b35b60ba5a2f9cfbd5f254620,T30_15_00009,False,dc2de0c03036394091cb7c2b7c070947f7d1b458301f46d0881b102e3e922705
nan,15,sample_15.csv,T30,T30_15_00010,Awake,0,3,3,555.2797852,615.4893346,60,60.209549400000014,1500,24.99562576559584,13825,15325,13825,15325,T30/filtered_sessions/sample_15.csv,True,0,0.0,True,0.34931121462947684,True,0.1018709606175786,True,nan,0.7205149424130668,0.6122707832568863,0.7237126265777223,4.098939929328622,0.26241781446465423,2.0259355316783996,0.7115460151792701,0.9504892136779395,0.8001399999966452,1.2802239999946323,True,True,True,True,True,,,,,18,"[{""horizon_s"": 0.04, ""horizon_samples"": 1, ""cc"": 0.966507193825257, ""nrmse"": 0.2562875504946108, ""n_valid"": 1471, ""n_targets"": 1471}, {""horizon_s"": 0.08, ""horizon_samples"": 2, ""cc"": 0.9406159666283805, ""nrmse"": 0.3388056177353776, ""n_valid"": 1470, ""n_targets"": 1470}, {""horizon_s"": 0.12, ""horizon_samples"": 3, ""cc"": 0.9450687718394467, ""nrmse"": 0.32613998384990683, ""n_valid"": 1469, ""n_targets"": 1469}, {""horizon_s"": 0.16, ""horizon_samples"": 4, ""cc"": 0.9417510791092187, ""nrmse"": 0.3352449933788709, ""n_valid"": 1468, ""n_targets"": 1468}, {""horizon_s"": 0.2, ""horizon_samples"": 5, ""cc"": 0.9329836610508734, ""nrmse"": 0.35844752801218527, ""n_valid"": 1467, ""n_targets"": 1467}, {""horizon_s"": 0.28, ""horizon_samples"": 7, ""cc"": 0.926693330069127, ""nrmse"": 0.37413643184589807, ""n_valid"": 1465, ""n_targets"": 1465}, {""horizon_s"": 0.4, ""horizon_samples"": 10, ""cc"": 0.9067009243342807, ""nrmse"": 0.4203408819485794, ""n_valid"": 1462, ""n_targets"": 1462}, {""horizon_s"": 0.6, ""horizon_samples"": 15, ""cc"": 0.8718888629944456, ""nrmse"": 0.4883054346920502, ""n_valid"": 1457, ""n_targets"": 1457}, {""horizon_s"": 0.8, ""horizon_samples"": 20, ""cc"": 0.8259763799353967, ""nrmse"": 0.5616388058484673, ""n_valid"": 1452, ""n_targets"": 1452}, {""horizon_s"": 1.0, ""horizon_samples"": 25, ""cc"": 0.7912554890098341, ""nrmse"": 0.6092119993595593, ""n_valid"": 1447, ""n_targets"": 1447}, {""horizon_s"": 1.2, ""horizon_samples"": 30, ""cc"": 0.7451562331038342, ""nrmse"": 0.6660040793644496, ""n_valid"": 1442, ""n_targets"": 1442}, {""horizon_s"": 1.6, ""horizon_samples"": 40, ""cc"": 0.6665488182112187, ""nrmse"": 0.7481892200815831, ""n_valid"": 1432, ""n_targets"": 1432}, {""horizon_s"": 2.0, ""horizon_samples"": 50, ""cc"": 0.5957982669413321, ""nrmse"": 0.810030519165798, ""n_valid"": 1422, ""n_targets"": 1422}, {""horizon_s"": 2.4, ""horizon_samples"": 60, ""cc"": 0.5106028903069156, ""nrmse"": 0.8719662098625962, ""n_valid"": 1412, ""n_targets"": 1412}, {""horizon_s"": 2.8, ""horizon_samples"": 70, ""cc"": 0.4150376773871868, ""nrmse"": 0.931086500532533, ""n_valid"": 1402, ""n_targets"": 1402}, {""horizon_s"": 3.2, ""horizon_samples"": 80, ""cc"": 0.36420950878791114, ""nrmse"": 0.9587803169540736, ""n_valid"": 1392, ""n_targets"": 1392}, {""horizon_s"": 3.6, ""horizon_samples"": 90, ""cc"": 0.3116001641007121, ""nrmse"": 0.983679063579889, ""n_valid"": 1382, ""n_targets"": 1382}, {""horizon_s"": 4.0, ""horizon_samples"": 100, ""cc"": 0.31087374579982896, ""nrmse"": 0.9825789619175275, ""n_valid"": 1372, ""n_targets"": 1372}]",25,28,0.02000007678678039,True,0.0,521.8405183205276,12,0.4800839999979871,1472,1401,True,ok,8,0.16,4,0.8,1.3,5.0,0.02,1.305128842999693,,True,c0e5611f5d9cd7abf49415c4964145f14b2d035d2d8d4c23f5839b3ef851037c,eeaf4f6f92d91f2842f757686d4cd6967a29dce45f646a832b63ea9127ffbe4d,T30_15_00010,False,dc2de0c03036394091cb7c2b7c070947f7d1b458301f46d0881b102e3e922705
nan,15,sample_15.csv,T30,T30_15_00008,Awake,0,3,3,434.7796667,494.9893074,60,60.209640699999966,1500,24.99562576559584,10825,12325,10825,12325,T30/filtered_sessions/sample_15.csv,True,0,0.0,True,0.07102298518315298,True,0.20593824547611966,True,nan,0.6470538189769477,0.6591285619516292,0.7137783750059989,3.8883660130718956,0.2695685559341556,2.0355136800144953,0.9068197711688636,0.9948023016946411,0.8001399999966452,1.2802239999946323,True,True,True,True,True,,,,,18,"[{""horizon_s"": 0.04, ""horizon_samples"": 1, ""cc"": 0.9701834634494284, ""nrmse"": 0.24340212755524152, ""n_valid"": 1471, ""n_targets"": 1471}, {""horizon_s"": 0.08, ""horizon_samples"": 2, ""cc"": 0.9400422403665061, ""nrmse"": 0.3424624403306315, ""n_valid"": 1470, ""n_targets"": 1470}, {""horizon_s"": 0.12, ""horizon_samples"": 3, ""cc"": 0.9416365558322267, ""nrmse"": 0.3380564616916135, ""n_valid"": 1469, ""n_targets"": 1469}, {""horizon_s"": 0.16, ""horizon_samples"": 4, ""cc"": 0.9369260641056132, ""nrmse"": 0.3502576843661524, ""n_valid"": 1468, ""n_targets"": 1468}, {""horizon_s"": 0.2, ""horizon_samples"": 5, ""cc"": 0.9312881645664848, ""nrmse"": 0.3647984982666506, ""n_valid"": 1467, ""n_targets"": 1467}, {""horizon_s"": 0.28, ""horizon_samples"": 7, ""cc"": 0.9212534180999654, ""nrmse"": 0.3891522776202322, ""n_valid"": 1465, ""n_targets"": 1465}, {""horizon_s"": 0.4, ""horizon_samples"": 10, ""cc"": 0.8990310419656043, ""nrmse"": 0.43816271703656057, ""n_valid"": 1462, ""n_targets"": 1462}, {""horizon_s"": 0.6, ""horizon_samples"": 15, ""cc"": 0.8350863547921387, ""nrmse"": 0.5515278256522268, ""n_valid"": 1457, ""n_targets"": 1457}, {""horizon_s"": 0.8, ""horizon_samples"": 20, ""cc"": 0.782907371389293, ""nrmse"": 0.6230629332196169, ""n_valid"": 1452, ""n_targets"": 1452}, {""horizon_s"": 1.0, ""horizon_samples"": 25, ""cc"": 0.7331648877697546, ""nrmse"": 0.6806520521182089, ""n_valid"": 1447, ""n_targets"": 1447}, {""horizon_s"": 1.2, ""horizon_samples"": 30, ""cc"": 0.6926412865786306, ""nrmse"": 0.7231689203157373, ""n_valid"": 1442, ""n_targets"": 1442}, {""horizon_s"": 1.6, ""horizon_samples"": 40, ""cc"": 0.5641227389545063, ""nrmse"": 0.8327301431586757, ""n_valid"": 1432, ""n_targets"": 1432}, {""horizon_s"": 2.0, ""horizon_samples"": 50, ""cc"": 0.483155994680817, ""nrmse"": 0.8901026048575384, ""n_valid"": 1422, ""n_targets"": 1422}, {""horizon_s"": 2.4, ""horizon_samples"": 60, ""cc"": 0.37726042671428023, ""nrmse"": 0.946863311834791, ""n_valid"": 1412, ""n_targets"": 1412}, {""horizon_s"": 2.8, ""horizon_samples"": 70, ""cc"": 0.28897116196533557, ""nrmse"": 0.9913694363140662, ""n_valid"": 1402, ""n_targets"": 1402}, {""horizon_s"": 3.2, ""horizon_samples"": 80, ""cc"": 0.18113889862600263, ""nrmse"": 1.0310320067798961, ""n_valid"": 1392, ""n_targets"": 1392}, {""horizon_s"": 3.6, ""horizon_samples"": 90, ""cc"": 0.1192195920231525, ""nrmse"": 1.0543249518776636, ""n_valid"": 1382, ""n_targets"": 1382}, {""horizon_s"": 4.0, ""horizon_samples"": 100, ""cc"": 0.048939079705317336, ""nrmse"": 1.0731877221338224, ""n_valid"": 1372, ""n_targets"": 1372}]",25,28,0.02000007678678039,True,0.0,572.1517355534221,13,0.5200909999978194,1472,1416,True,ok,8,0.16,4,0.8,1.3,5.0,0.02,1.803581789999953,,True,ed3675dce6f41d5b18870c1f5833a6f2e74f9fcd90afe0a2af082cebd40731a0,83ccfd0080a2e92cfbb10548cbbf1608f786070e013f9a2a6324f6f023aa757f,T30_15_00008,False,dc2de0c03036394091cb7c2b7c070947f7d1b458301f46d0881b102e3e922705
nan,15,sample_15.csv,T30,T30_15_00006,Awake,0,3,3,314.2693248,374.4796686,60,60.21034380000003,1500,24.99562576559584,7825,9325,7825,9325,T30/filtered_sessions/sample_15.csv,True,0,0.0,True,0.1864241961484352,True,0.13610549600152202,True,nan,0.6407650616346338,0.687238870003023,0.6921341843835485,3.6772055073941865,0.26117003407400297,2.030218242865137,0.7633352731092972,0.9213099876488521,0.8001399999966452,1.2802239999946323,True,False,True,True,True,,,,,18,"[{""horizon_s"": 0.04, ""horizon_samples"": 1, ""cc"": 0.9529289869771439, ""nrmse"": 0.3044277749550702, ""n_valid"": 1471, ""n_targets"": 1471}, {""horizon_s"": 0.08, ""horizon_samples"": 2, ""cc"": 0.9080551172165744, ""nrmse"": 0.4211336202287831, ""n_valid"": 1470, ""n_targets"": 1470}, {""horizon_s"": 0.12, ""horizon_samples"": 3, ""cc"": 0.9122679055250903, ""nrmse"": 0.4111499040800294, ""n_valid"": 1469, ""n_targets"": 1469}, {""horizon_s"": 0.16, ""horizon_samples"": 4, ""cc"": 0.9131903072046478, ""nrmse"": 0.40872172459505307, ""n_valid"": 1468, ""n_targets"": 1468}, {""horizon_s"": 0.2, ""horizon_samples"": 5, ""cc"": 0.9048058537540246, ""nrmse"": 0.42781030804850023, ""n_valid"": 1467, ""n_targets"": 1467}, {""horizon_s"": 0.28, ""horizon_samples"": 7, ""cc"": 0.8919097155068387, ""nrmse"": 0.4537076593040434, ""n_valid"": 1465, ""n_targets"": 1465}, {""horizon_s"": 0.4, ""horizon_samples"": 10, ""cc"": 0.8678764005079205, ""nrmse"": 0.4988489203404106, ""n_valid"": 1462, ""n_targets"": 1462}, {""horizon_s"": 0.6, ""horizon_samples"": 15, ""cc"": 0.8270301936517517, ""nrmse"": 0.5648455989052519, ""n_valid"": 1457, ""n_targets"": 1457}, {""horizon_s"": 0.8, ""horizon_samples"": 20, ""cc"": 0.7784594124809354, ""nrmse"": 0.6313208649372893, ""n_valid"": 1452, ""n_targets"": 1452}, {""horizon_s"": 1.0, ""horizon_samples"": 25, ""cc"": 0.7251874003316942, ""nrmse"": 0.6933604335815106, ""n_valid"": 1447, ""n_targets"": 1447}, {""horizon_s"": 1.2, ""horizon_samples"": 30, ""cc"": 0.6771783245230487, ""nrmse"": 0.7437577647710574, ""n_valid"": 1442, ""n_targets"": 1442}, {""horizon_s"": 1.6, ""horizon_samples"": 40, ""cc"": 0.5797237378680855, ""nrmse"": 0.8277295206853162, ""n_valid"": 1432, ""n_targets"": 1432}, {""horizon_s"": 2.0, ""horizon_samples"": 50, ""cc"": 0.5012816590836608, ""nrmse"": 0.8822690219428259, ""n_valid"": 1422, ""n_targets"": 1422}, {""horizon_s"": 2.4, ""horizon_samples"": 60, ""cc"": 0.38783143267648107, ""nrmse"": 0.9504426559694518, ""n_valid"": 1412, ""n_targets"": 1412}, {""horizon_s"": 2.8, ""horizon_samples"": 70, ""cc"": 0.32132509349315974, ""nrmse"": 0.9848533406564091, ""n_valid"": 1402, ""n_targets"": 1402}, {""horizon_s"": 3.2, ""horizon_samples"": 80, ""cc"": 0.22586910624446926, ""nrmse"": 1.0205140754592612, ""n_valid"": 1392, ""n_targets"": 1392}, {""horizon_s"": 3.6, ""horizon_samples"": 90, ""cc"": 0.10606055801831446, ""nrmse"": 1.0625702349833324, ""n_valid"": 1382, ""n_targets"": 1382}, {""horizon_s"": 4.0, ""horizon_samples"": 100, ""cc"": 0.05278990435956526, ""nrmse"": 1.0828362366108157, ""n_valid"": 1372, ""n_targets"": 1372}]",25,28,0.02000007678678039,True,0.0,560.844353876626,12,0.4800839999979871,1472,1425,True,ok,8,0.16,4,0.8,1.3,5.0,0.02,3.369918577000135,,True,040f86d44b476cc9188a42e5fc27028429098d39dc79f0bd3fa17078413f5b9f,f035c8500aca4a304adaaa5b74f17bbc1c1dc8fe55fe4bb8ee7c7fa4c7802c8b,T30_15_00006,False,dc2de0c03036394091cb7c2b7c070947f7d1b458301f46d0881b102e3e922705
nan,15,sample_15.csv,T30,T30_15_00012,Awake,0,3,3,675.7793384,735.9903047,60,60.210966299999995,1500,24.99562576559584,16825,18325,16825,18325,T30/filtered_sessions/sample_15.csv,True,0,0.0,True,0.012488047697010856,True,0.04683065698651484,True,nan,0.7482901919112455,0.5852270364026528,0.7871094687335028,4.215111796453354,0.105173489465854,2.0004564125969875,0.9210016473030425,0.9798585981712314,0.8001399999966452,1.2802239999946323,True,True,True,True,True,,,,,18,"[{""horizon_s"": 0.04, ""horizon_samples"": 1, ""cc"": 0.9743335294081015, ""nrmse"": 0.22476405530856572, ""n_valid"": 1471, ""n_targets"": 1471}, {""horizon_s"": 0.08, ""horizon_samples"": 2, ""cc"": 0.9490791998061637, ""nrmse"": 0.3145253605196823, ""n_valid"": 1470, ""n_targets"": 1470}, {""horizon_s"": 0.12, ""horizon_samples"": 3, ""cc"": 0.955116895571791, ""nrmse"": 0.29578171149034693, ""n_valid"": 1469, ""n_targets"": 1469}, {""horizon_s"": 0.16, ""horizon_samples"": 4, ""cc"": 0.9523027342724915, ""nrmse"": 0.304825839078323, ""n_valid"": 1468, ""n_targets"": 1468}, {""horizon_s"": 0.2, ""horizon_samples"": 5, ""cc"": 0.9429883454802415, ""nrmse"": 0.3325684566858438, ""n_valid"": 1467, ""n_targets"": 1467}, {""horizon_s"": 0.28, ""horizon_samples"": 7, ""cc"": 0.9378705749499, ""nrmse"": 0.3469037573766896, ""n_valid"": 1465, ""n_targets"": 1465}, {""horizon_s"": 0.4, ""horizon_samples"": 10, ""cc"": 0.9193467889269415, ""nrmse"": 0.3940886316198745, ""n_valid"": 1462, ""n_targets"": 1462}, {""horizon_s"": 0.6, ""horizon_samples"": 15, ""cc"": 0.8890526543748652, ""nrmse"": 0.45821322766083616, ""n_valid"": 1457, ""n_targets"": 1457}, {""horizon_s"": 0.8, ""horizon_samples"": 20, ""cc"": 0.8535925347081441, ""nrmse"": 0.5210365580037689, ""n_valid"": 1452, ""n_targets"": 1452}, {""horizon_s"": 1.0, ""horizon_samples"": 25, ""cc"": 0.8157021854881338, ""nrmse"": 0.5812327405245331, ""n_valid"": 1447, ""n_targets"": 1447}, {""horizon_s"": 1.2, ""horizon_samples"": 30, ""cc"": 0.7984533582270861, ""nrmse"": 0.6039343268608136, ""n_valid"": 1442, ""n_targets"": 1442}, {""horizon_s"": 1.6, ""horizon_samples"": 40, ""cc"": 0.6927769173459435, ""nrmse"": 0.7284277864747883, ""n_valid"": 1432, ""n_targets"": 1432}, {""horizon_s"": 2.0, ""horizon_samples"": 50, ""cc"": 0.6275952925156412, ""nrmse"": 0.7903231058572742, ""n_valid"": 1422, ""n_targets"": 1422}, {""horizon_s"": 2.4, ""horizon_samples"": 60, ""cc"": 0.5446863012190734, ""nrmse"": 0.8579199301914372, ""n_valid"": 1412, ""n_targets"": 1412}, {""horizon_s"": 2.8, ""horizon_samples"": 70, ""cc"": 0.4949589982162677, ""nrmse"": 0.8883657779283857, ""n_valid"": 1402, ""n_targets"": 1402}, {""horizon_s"": 3.2, ""horizon_samples"": 80, ""cc"": 0.4159176708053098, ""nrmse"": 0.9421921563573975, ""n_valid"": 1392, ""n_targets"": 1392}, {""horizon_s"": 3.6, ""horizon_samples"": 90, ""cc"": 0.3692260618944925, ""nrmse"": 0.9669907596442647, ""n_valid"": 1382, ""n_targets"": 1382}, {""horizon_s"": 4.0, ""horizon_samples"": 100, ""cc"": 0.336223411191829, ""nrmse"": 0.9819924736649263, ""n_valid"": 1372, ""n_targets"": 1372}]",25,28,0.02000007678678039,True,0.0,448.4593753660119,13,0.5200909999978194,1472,1420,True,ok,8,0.16,4,0.8,1.3,5.0,0.02,1.2680407630014088,,True,19ff98cfc03dfa567b9eb36a5f4e3644896843d18c1880b25111e0987528b17e,0f4f42990104da05a94b8c7c3d713776943f4f0eea251f853cda890489c7d83c,T30_15_00012,False,dc2de0c03036394091cb7c2b7c070947f7d1b458301f46d0881b102e3e922705
nan,15,sample_15.csv,T30,T30_15_00013,Awake,0,3,3,736.0301175,796.239377,60,60.20925950000003,1500,24.99562576559584,18325,19825,18325,19825,T30/filtered_sessions/sample_15.csv,True,0,0.0,True,0.28208339203572996,True,0.26893366638783933,True,nan,0.72163629999107,0.6029012866903649,0.7342227767912848,4.053789083200848,0.1674425301146998,2.0092139360783183,0.7752632401806921,0.9891490040413217,0.8001399999966452,1.2802239999946323,True,True,True,True,True,,,,,18,"[{""horizon_s"": 0.04, ""horizon_samples"": 1, ""cc"": 0.9725846695328632, ""nrmse"": 0.23252440590890133, ""n_valid"": 1471, ""n_targets"": 1471}, {""horizon_s"": 0.08, ""horizon_samples"": 2, ""cc"": 0.9453608883477557, ""nrmse"": 0.3252875327750995, ""n_valid"": 1470, ""n_targets"": 1470}, {""horizon_s"": 0.12, ""horizon_samples"": 3, ""cc"": 0.9435729512922181, ""nrmse"": 0.3304347260651171, ""n_valid"": 1469, ""n_targets"": 1469}, {""horizon_s"": 0.16, ""horizon_samples"": 4, ""cc"": 0.9431057365101264, ""nrmse"": 0.33175087344858034, ""n_valid"": 1468, ""n_targets"": 1468}, {""horizon_s"": 0.2, ""horizon_samples"": 5, ""cc"": 0.9406621156976284, ""nrmse"": 0.3378087297261985, ""n_valid"": 1467, ""n_targets"": 1467}, {""horizon_s"": 0.28, ""horizon_samples"": 7, ""cc"": 0.9210364311313204, ""nrmse"": 0.38699186423693804, ""n_valid"": 1465, ""n_targets"": 1465}, {""horizon_s"": 0.4, ""horizon_samples"": 10, ""cc"": 0.914578368777427, ""nrmse"": 0.40229448947552177, ""n_valid"": 1462, ""n_targets"": 1462}, {""horizon_s"": 0.6, ""horizon_samples"": 15, ""cc"": 0.8737065250505242, ""nrmse"": 0.48409645624024805, ""n_valid"": 1457, ""n_targets"": 1457}, {""horizon_s"": 0.8, ""horizon_samples"": 20, ""cc"": 0.8298716802369429, ""nrmse"": 0.5555382221376433, ""n_valid"": 1452, ""n_targets"": 1452}, {""horizon_s"": 1.0, ""horizon_samples"": 25, ""cc"": 0.7854437526919836, ""nrmse"": 0.6158538478856467, ""n_valid"": 1447, ""n_targets"": 1447}, {""horizon_s"": 1.2, ""horizon_samples"": 30, ""cc"": 0.7619782419486578, ""nrmse"": 0.6445675072870156, ""n_valid"": 1442, ""n_targets"": 1442}, {""horizon_s"": 1.6, ""horizon_samples"": 40, ""cc"": 0.6537504171942973, ""nrmse"": 0.7570336247065469, ""n_valid"": 1432, ""n_targets"": 1432}, {""horizon_s"": 2.0, ""horizon_samples"": 50, ""cc"": 0.5929149158848201, ""nrmse"": 0.804536211805611, ""n_valid"": 1422, ""n_targets"": 1422}, {""horizon_s"": 2.4, ""horizon_samples"": 60, ""cc"": 0.5299012094539055, ""nrmse"": 0.8478214108991236, ""n_valid"": 1412, ""n_targets"": 1412}, {""horizon_s"": 2.8, ""horizon_samples"": 70, ""cc"": 0.45287034940322474, ""nrmse"": 0.8971296545668164, ""n_valid"": 1402, ""n_targets"": 1402}, {""horizon_s"": 3.2, ""horizon_samples"": 80, ""cc"": 0.37933101328088803, ""nrmse"": 0.9367215923286364, ""n_valid"": 1392, ""n_targets"": 1392}, {""horizon_s"": 3.6, ""horizon_samples"": 90, ""cc"": 0.3053237004413337, ""nrmse"": 0.97004764198523, ""n_valid"": 1382, ""n_targets"": 1382}, {""horizon_s"": 4.0, ""horizon_samples"": 100, ""cc"": 0.2434604329633467, ""nrmse"": 0.9917843689476924, ""n_valid"": 1372, ""n_targets"": 1372}]",25,28,0.02000007678678039,True,0.0,518.1942294190267,12,0.4800839999979871,1472,1382,True,ok,8,0.16,4,0.8,1.3,5.0,0.02,1.272797129000537,,True,a74d2e2308122da5f197530fdc97a0e41409883eafd48d24b0b7ae23bd0dccf5,7fc33611b49217f9230b57479a6245863c6eadaeb1c3275b130cc41cd9d7ccac,T30_15_00013,False,dc2de0c03036394091cb7c2b7c070947f7d1b458301f46d0881b102e3e922705
nan,15,sample_15.csv,T30,T30_15_00014,Awake,0,3,3,796.2801859,856.4893723,60,60.20918640000002,1500,24.99562576559584,19825,21325,19825,21325,T30/filtered_sessions/sample_15.csv,True,0,0.0,True,0.22083964182248136,True,0.42876228752833495,True,nan,0.7401773243573571,0.6294473531158109,0.7336948697029323,4.0220994475138125,0.14942170178048664,2.0074145712443583,0.7365595216676468,0.9625858437658946,0.8001399999966452,1.2802239999946323,True,True,True,True,True,,,,,18,"[{""horizon_s"": 0.04, ""horizon_samples"": 1, ""cc"": 0.9547442719293803, ""nrmse"": 0.29915144254864984, ""n_valid"": 1471, ""n_targets"": 1471}, {""horizon_s"": 0.08, ""horizon_samples"": 2, ""cc"": 0.9176405583319724, ""nrmse"": 0.3996054799916967, ""n_valid"": 1470, ""n_targets"": 1470}, {""horizon_s"": 0.12, ""horizon_samples"": 3, ""cc"": 0.9213423489989743, ""nrmse"": 0.39078112227606027, ""n_valid"": 1469, ""n_targets"": 1469}, {""horizon_s"": 0.16, ""horizon_samples"": 4, ""cc"": 0.9228927521919223, ""nrmse"": 0.3870999542806761, ""n_valid"": 1468, ""n_targets"": 1468}, {""horizon_s"": 0.2, ""horizon_samples"": 5, ""cc"": 0.9150774496773776, ""nrmse"": 0.40565501149928984, ""n_valid"": 1467, ""n_targets"": 1467}, {""horizon_s"": 0.28, ""horizon_samples"": 7, ""cc"": 0.9057982660538578, ""nrmse"": 0.42641768276105024, ""n_valid"": 1465, ""n_targets"": 1465}, {""horizon_s"": 0.4, ""horizon_samples"": 10, ""cc"": 0.879317547108995, ""nrmse"": 0.4802111380543553, ""n_valid"": 1462, ""n_targets"": 1462}, {""horizon_s"": 0.6, ""horizon_samples"": 15, ""cc"": 0.8443927973506422, ""nrmse"": 0.5403210535229873, ""n_valid"": 1457, ""n_targets"": 1457}, {""horizon_s"": 0.8, ""horizon_samples"": 20, ""cc"": 0.8011491610197026, ""nrmse"": 0.6044842625175827, ""n_valid"": 1452, ""n_targets"": 1452}, {""horizon_s"": 1.0, ""horizon_samples"": 25, ""cc"": 0.7668649116627811, ""nrmse"": 0.6502722190471744, ""n_valid"": 1447, ""n_targets"": 1447}, {""horizon_s"": 1.2, ""horizon_samples"": 30, ""cc"": 0.7600077249564944, ""nrmse"": 0.6603918784509982, ""n_valid"": 1442, ""n_targets"": 1442}, {""horizon_s"": 1.6, ""horizon_samples"": 40, ""cc"": 0.678792616979572, ""nrmse"": 0.7484229400682242, ""n_valid"": 1432, ""n_targets"": 1432}, {""horizon_s"": 2.0, ""horizon_samples"": 50, ""cc"": 0.6225863034700349, ""nrmse"": 0.8041444759858054, ""n_valid"": 1422, ""n_targets"": 1422}, {""horizon_s"": 2.4, ""horizon_samples"": 60, ""cc"": 0.5743123773656478, ""nrmse"": 0.8477004198340385, ""n_valid"": 1412, ""n_targets"": 1412}, {""horizon_s"": 2.8, ""horizon_samples"": 70, ""cc"": 0.5366266913963423, ""nrmse"": 0.8738525439450974, ""n_valid"": 1402, ""n_targets"": 1402}, {""horizon_s"": 3.2, ""horizon_samples"": 80, ""cc"": 0.47965938575287304, ""nrmse"": 0.9129129153406464, ""n_valid"": 1392, ""n_targets"": 1392}, {""horizon_s"": 3.6, ""horizon_samples"": 90, ""cc"": 0.43521061544412526, ""nrmse"": 0.9401307468951621, ""n_valid"": 1382, ""n_targets"": 1382}, {""horizon_s"": 4.0, ""horizon_samples"": 100, ""cc"": 0.4067760587417296, ""nrmse"": 0.9584970690651021, ""n_valid"": 1372, ""n_targets"": 1372}]",25,28,0.02000007678678039,True,0.0,597.1869051223351,12,0.4800839999979871,1472,1407,True,ok,8,0.16,4,0.8,1.3,5.0,0.02,1.306524536001234,,True,6edbeee04f4a181affd85592cf3f5f3bbaca1a81cc5e0cfcece8df50e87d255d,5a2b02b723e6a639684149f78aafa9f7fafeb117b581d8df4c7a3e62ec739cbf,T30_15_00014,False,dc2de0c03036394091cb7c2b7c070947f7d1b458301f46d0881b102e3e922705
nan,15,sample_15.csv,T30,T30_15_00011,Awake,0,3,3,615.5293474,675.739311,60,60.20996360000004,1500,24.99562576559584,15325,16825,15325,16825,T30/filtered_sessions/sample_15.csv,True,0,0.0,True,0.1567365497744261,True,0.07351362711915421,True,nan,0.6116476244965988,0.7033189863906764,0.7085952872294476,4.036358665937671,0.30841771848154725,2.0183731155778895,0.7609022568081903,0.9538448596424033,0.8001399999966452,1.2802239999946323,True,True,True,True,True,,,,,18,"[{""horizon_s"": 0.04, ""horizon_samples"": 1, ""cc"": 0.9549781960115659, ""nrmse"": 0.29767894635882036, ""n_valid"": 1471, ""n_targets"": 1471}, {""horizon_s"": 0.08, ""horizon_samples"": 2, ""cc"": 0.9082937654765261, ""nrmse"": 0.4197548000374677, ""n_valid"": 1470, ""n_targets"": 1470}, {""horizon_s"": 0.12, ""horizon_samples"": 3, ""cc"": 0.9045937540639744, ""nrmse"": 0.4273938694658684, ""n_valid"": 1469, ""n_targets"": 1469}, {""horizon_s"": 0.16, ""horizon_samples"": 4, ""cc"": 0.9020896322161815, ""nrmse"": 0.4325614602719802, ""n_valid"": 1468, ""n_targets"": 1468}, {""horizon_s"": 0.2, ""horizon_samples"": 5, ""cc"": 0.8977309438489746, ""nrmse"": 0.4419318645955644, ""n_valid"": 1467, ""n_targets"": 1467}, {""horizon_s"": 0.28, ""horizon_samples"": 7, ""cc"": 0.8865421692721114, ""nrmse"": 0.463559156153904, ""n_valid"": 1465, ""n_targets"": 1465}, {""horizon_s"": 0.4, ""horizon_samples"": 10, ""cc"": 0.8602482025001845, ""nrmse"": 0.511371028368579, ""n_valid"": 1462, ""n_targets"": 1462}, {""horizon_s"": 0.6, ""horizon_samples"": 15, ""cc"": 0.8203425772368151, ""nrmse"": 0.5739002311087428, ""n_valid"": 1457, ""n_targets"": 1457}, {""horizon_s"": 0.8, ""horizon_samples"": 20, ""cc"": 0.7499686130661668, ""nrmse"": 0.664509078021043, ""n_valid"": 1452, ""n_targets"": 1452}, {""horizon_s"": 1.0, ""horizon_samples"": 25, ""cc"": 0.7020654357779818, ""nrmse"": 0.7170781984250946, ""n_valid"": 1447, ""n_targets"": 1447}, {""horizon_s"": 1.2, ""horizon_samples"": 30, ""cc"": 0.6595928285726337, ""nrmse"": 0.7620220001789427, ""n_valid"": 1442, ""n_targets"": 1442}, {""horizon_s"": 1.6, ""horizon_samples"": 40, ""cc"": 0.5276268884860826, ""nrmse"": 0.8636062352346758, ""n_valid"": 1432, ""n_targets"": 1432}, {""horizon_s"": 2.0, ""horizon_samples"": 50, ""cc"": 0.4518969480854476, ""nrmse"": 0.9127199316356968, ""n_valid"": 1422, ""n_targets"": 1422}, {""horizon_s"": 2.4, ""horizon_samples"": 60, ""cc"": 0.34752005285635607, ""nrmse"": 0.966483863026275, ""n_valid"": 1412, ""n_targets"": 1412}, {""horizon_s"": 2.8, ""horizon_samples"": 70, ""cc"": 0.2641087821020215, ""nrmse"": 1.0010423865672677, ""n_valid"": 1402, ""n_targets"": 1402}, {""horizon_s"": 3.2, ""horizon_samples"": 80, ""cc"": 0.15607209029724534, ""nrmse"": 1.0391503690002855, ""n_valid"": 1392, ""n_targets"": 1392}, {""horizon_s"": 3.6, ""horizon_samples"": 90, ""cc"": 0.028863790602335848, ""nrmse"": 1.078409170618829, ""n_valid"": 1382, ""n_targets"": 1382}, {""horizon_s"": 4.0, ""horizon_samples"": 100, ""cc"": -0.01287742953382454, ""nrmse"": 1.0865691659631393, ""n_valid"": 1372, ""n_targets"": 1372}]",25,28,0.02000007678678039,True,0.0,601.5323310600166,12,0.4800839999979871,1472,1407,True,ok,8,0.16,4,0.8,1.3,5.0,0.02,1.9137363090012514,,True,3fc167f7c33e8d7a4caaefd23e39679b7a2506c95875f19e48438a5f22b6fd84,5fa5de772baf831bc735050fe811c7d35849d7f630a4bbce9df8c3688a5ddc26,T30_15_00011,False,dc2de0c03036394091cb7c2b7c070947f7d1b458301f46d0881b102e3e922705
nan,15,sample_15.csv,T30,T30_15_00016,Awake,0,3,3,916.7794585,976.9793215,60,60.19986299999994,1500,24.99562576559584,22825,24325,22825,24325,T30/filtered_sessions/sample_15.csv,True,0,0.0,True,0.17275544216710714,True,0.25782873712741516,True,nan,0.7140472811387532,0.6351396589315412,0.7301914862984115,4.09335485606672,0.22551230983346932,2.034199134199134,0.8576421844348624,0.9722114869565502,0.8001399999966452,1.2802239999946323,True,True,True,True,True,,,,,18,"[{""horizon_s"": 0.04, ""horizon_samples"": 1, ""cc"": 0.9673577047334535, ""nrmse"": 0.25446679917584614, ""n_valid"": 1471, ""n_targets"": 1471}, {""horizon_s"": 0.08, ""horizon_samples"": 2, ""cc"": 0.9327987292319021, ""nrmse"": 0.36082809182794173, ""n_valid"": 1470, ""n_targets"": 1470}, {""horizon_s"": 0.12, ""horizon_samples"": 3, ""cc"": 0.9318241150040849, ""nrmse"": 0.36301635198285354, ""n_valid"": 1469, ""n_targets"": 1469}, {""horizon_s"": 0.16, ""horizon_samples"": 4, ""cc"": 0.929665979620081, ""nrmse"": 0.3680943550263939, ""n_valid"": 1468, ""n_targets"": 1468}, {""horizon_s"": 0.2, ""horizon_samples"": 5, ""cc"": 0.9237254680357044, ""nrmse"": 0.3825855627385136, ""n_valid"": 1467, ""n_targets"": 1467}, {""horizon_s"": 0.28, ""horizon_samples"": 7, ""cc"": 0.9133938400050371, ""nrmse"": 0.40697620682460717, ""n_valid"": 1465, ""n_targets"": 1465}, {""horizon_s"": 0.4, ""horizon_samples"": 10, ""cc"": 0.8806674470773006, ""nrmse"": 0.47403595000580057, ""n_valid"": 1462, ""n_targets"": 1462}, {""horizon_s"": 0.6, ""horizon_samples"": 15, ""cc"": 0.8456066444596797, ""nrmse"": 0.5347194883231955, ""n_valid"": 1457, ""n_targets"": 1457}, {""horizon_s"": 0.8, ""horizon_samples"": 20, ""cc"": 0.8068460375683725, ""nrmse"": 0.5917097141308238, ""n_valid"": 1452, ""n_targets"": 1452}, {""horizon_s"": 1.0, ""horizon_samples"": 25, ""cc"": 0.755602270908746, ""nrmse"": 0.6570375376704776, ""n_valid"": 1447, ""n_targets"": 1447}, {""horizon_s"": 1.2, ""horizon_samples"": 30, ""cc"": 0.6973862142742626, ""nrmse"": 0.7224270909486796, ""n_valid"": 1442, ""n_targets"": 1442}, {""horizon_s"": 1.6, ""horizon_samples"": 40, ""cc"": 0.608125923405581, ""nrmse"": 0.8037266932943343, ""n_valid"": 1432, ""n_targets"": 1432}, {""horizon_s"": 2.0, ""horizon_samples"": 50, ""cc"": 0.5293100247726441, ""nrmse"": 0.8642071997426851, ""n_valid"": 1422, ""n_targets"": 1422}, {""horizon_s"": 2.4, ""horizon_samples"": 60, ""cc"": 0.4803992833794165, ""nrmse"": 0.8998711386729201, ""n_valid"": 1412, ""n_targets"": 1412}, {""horizon_s"": 2.8, ""horizon_samples"": 70, ""cc"": 0.44258293821795786, ""nrmse"": 0.9194355211744668, ""n_valid"": 1402, ""n_targets"": 1402}, {""horizon_s"": 3.2, ""horizon_samples"": 80, ""cc"": 0.40918810797920935, ""nrmse"": 0.9428536740537843, ""n_valid"": 1392, ""n_targets"": 1392}, {""horizon_s"": 3.6, ""horizon_samples"": 90, ""cc"": 0.39690096039925915, ""nrmse"": 0.9439189078682723, ""n_valid"": 1382, ""n_targets"": 1382}, {""horizon_s"": 4.0, ""horizon_samples"": 100, ""cc"": 0.4014693714248644, ""nrmse"": 0.9426035773061435, ""n_valid"": 1372, ""n_targets"": 1372}]",25,28,0.02000007678678039,True,0.0,588.0312402917643,13,0.5200909999978194,1472,1410,True,ok,8,0.16,4,0.8,1.3,5.0,0.02,1.5660246059997007,,True,aa7cebd3e99462f509f0635b7ad0cbe454942a5dd84fcec966d427ccace3c5ca,2aff94ae44a951555b98f3e7cbe25a62d46c70f53dfb5c7994fdb9e19e33eea1,T30_15_00016,False,dc2de0c03036394091cb7c2b7c070947f7d1b458301f46d0881b102e3e922705
nan,15,sample_15.csv,T30,T30_15_00017,Awake,0,3,3,977.0195518,1037.229893,60,60.2103411999999,1500,24.99562576559584,24325,25825,24325,25825,T30/filtered_sessions/sample_15.csv,True,0,0.0,True,0.2172395868828657,True,0.26113361910250366,True,nan,0.6610299578809274,0.7128991133074981,0.729327638335653,4.036387782204515,0.23127129625185966,2.0324757486292704,0.8191116333113905,0.9894036519804208,0.8001399999966452,1.2802239999946323,True,True,True,True,True,,,,,18,"[{""horizon_s"": 0.04, ""horizon_samples"": 1, ""cc"": 0.9453390533981932, ""nrmse"": 0.3268506422927325, ""n_valid"": 1471, ""n_targets"": 1471}, {""horizon_s"": 0.08, ""horizon_samples"": 2, ""cc"": 0.8874346950964342, ""nrmse"": 0.4624151732409725, ""n_valid"": 1470, ""n_targets"": 1470}, {""horizon_s"": 0.12, ""horizon_samples"": 3, ""cc"": 0.8733990922251363, ""nrmse"": 0.48855976945283985, ""n_valid"": 1469, ""n_targets"": 1469}, {""horizon_s"": 0.16, ""horizon_samples"": 4, ""cc"": 0.8608386664489425, ""nrmse"": 0.510770222364887, ""n_valid"": 1468, ""n_targets"": 1468}, {""horizon_s"": 0.2, ""horizon_samples"": 5, ""cc"": 0.84680371473013, ""nrmse"": 0.5348834418369759, ""n_valid"": 1467, ""n_targets"": 1467}, {""horizon_s"": 0.28, ""horizon_samples"": 7, ""cc"": 0.8341115237942552, ""nrmse"": 0.5551984218976327, ""n_valid"": 1465, ""n_targets"": 1465}, {""horizon_s"": 0.4, ""horizon_samples"": 10, ""cc"": 0.7953592386536374, ""nrmse"": 0.6129355571327859, ""n_valid"": 1462, ""n_targets"": 1462}, {""horizon_s"": 0.6, ""horizon_samples"": 15, ""cc"": 0.7436787922518792, ""nrmse"": 0.6768383180076354, ""n_valid"": 1457, ""n_targets"": 1457}, {""horizon_s"": 0.8, ""horizon_samples"": 20, ""cc"": 0.7092342453397362, ""nrmse"": 0.7121185027954847, ""n_valid"": 1452, ""n_targets"": 1452}, {""horizon_s"": 1.0, ""horizon_samples"": 25, ""cc"": 0.6682159548967282, ""nrmse"": 0.7520442120009095, ""n_valid"": 1447, ""n_targets"": 1447}, {""horizon_s"": 1.2, ""horizon_samples"": 30, ""cc"": 0.6490977627051787, ""nrmse"": 0.7709757799881696, ""n_valid"": 1442, ""n_targets"": 1442}, {""horizon_s"": 1.6, ""horizon_samples"": 40, ""cc"": 0.5453483724212316, ""nrmse"": 0.8561422317568916, ""n_valid"": 1432, ""n_targets"": 1432}, {""horizon_s"": 2.0, ""horizon_samples"": 50, ""cc"": 0.5179313684603791, ""nrmse"": 0.8750159887142226, ""n_valid"": 1422, ""n_targets"": 1422}, {""horizon_s"": 2.4, ""horizon_samples"": 60, ""cc"": 0.48486077868208716, ""nrmse"": 0.8917948865910054, ""n_valid"": 1412, ""n_targets"": 1412}, {""horizon_s"": 2.8, ""horizon_samples"": 70, ""cc"": 0.4457761103621986, ""nrmse"": 0.9188774686661091, ""n_valid"": 1402, ""n_targets"": 1402}, {""horizon_s"": 3.2, ""horizon_samples"": 80, ""cc"": 0.41200865767315265, ""nrmse"": 0.9387121453800746, ""n_valid"": 1392, ""n_targets"": 1392}, {""horizon_s"": 3.6, ""horizon_samples"": 90, ""cc"": 0.3776052500680084, ""nrmse"": 0.9535436153335332, ""n_valid"": 1382, ""n_targets"": 1382}, {""horizon_s"": 4.0, ""horizon_samples"": 100, ""cc"": 0.30149596464938594, ""nrmse"": 0.9945076620821032, ""n_valid"": 1372, ""n_targets"": 1372}]",25,28,0.02000007678678039,True,0.0,607.1867439783101,13,0.5200909999978194,1472,1419,True,ok,8,0.16,4,0.8,1.3,5.0,0.02,1.3339047790013865,,True,f549a209b352d25302e1622c3585d652a0ffdd86d3fdc13203feb33dffb32c67,4bed4ebdfde9b8d2481bce28da5ddffca24fbf49fe55d553fb0bdc587ba99bed,T30_15_00017,False,dc2de0c03036394091cb7c2b7c070947f7d1b458301f46d0881b102e3e922705
nan,15,sample_15.csv,T30,T30_15_00018,Awake,0,3,3,1037.270004,1097.479387,60,60.209383000000116,1500,24.99562576559584,25825,27325,25825,27325,T30/filtered_sessions/sample_15.csv,True,0,0.0,True,0.3729183008427051,False,0.6354260130133133,True,nan,0.5203629964739585,0.7764057337532091,0.6616115563660796,3.7523135547087643,0.47197293276383356,2.2117395704486675,0.7929142436326341,0.9840180494908475,0.8001399999966452,1.2802239999946323,True,True,True,True,True,,,,,18,"[{""horizon_s"": 0.04, ""horizon_samples"": 1, ""cc"": 0.9417397185542947, ""nrmse"": 0.33695637651175747, ""n_valid"": 1471, ""n_targets"": 1471}, {""horizon_s"": 0.08, ""horizon_samples"": 2, ""cc"": 0.8832758024147516, ""nrmse"": 0.46951984360740545, ""n_valid"": 1470, ""n_targets"": 1470}, {""horizon_s"": 0.12, ""horizon_samples"": 3, ""cc"": 0.8810598339520267, ""nrmse"": 0.4738792361214772, ""n_valid"": 1469, ""n_targets"": 1469}, {""horizon_s"": 0.16, ""horizon_samples"": 4, ""cc"": 0.8798407782890482, ""nrmse"": 0.4755148408711217, ""n_valid"": 1468, ""n_targets"": 1468}, {""horizon_s"": 0.2, ""horizon_samples"": 5, ""cc"": 0.8732009963647837, ""nrmse"": 0.48702980845538546, ""n_valid"": 1467, ""n_targets"": 1467}, {""horizon_s"": 0.28, ""horizon_samples"": 7, ""cc"": 0.8459195339607836, ""nrmse"": 0.5332579172603333, ""n_valid"": 1465, ""n_targets"": 1465}, {""horizon_s"": 0.4, ""horizon_samples"": 10, ""cc"": 0.812195949662221, ""nrmse"": 0.5846623077623896, ""n_valid"": 1462, ""n_targets"": 1462}, {""horizon_s"": 0.6, ""horizon_samples"": 15, ""cc"": 0.6941264521162214, ""nrmse"": 0.7258421936713761, ""n_valid"": 1457, ""n_targets"": 1457}, {""horizon_s"": 0.8, ""horizon_samples"": 20, ""cc"": 0.6405068358444448, ""nrmse"": 0.7727184056759089, ""n_valid"": 1452, ""n_targets"": 1452}, {""horizon_s"": 1.0, ""horizon_samples"": 25, ""cc"": 0.5652132806774642, ""nrmse"": 0.8345265269226203, ""n_valid"": 1447, ""n_targets"": 1447}, {""horizon_s"": 1.2, ""horizon_samples"": 30, ""cc"": 0.4875967638895206, ""nrmse"": 0.8882447638101589, ""n_valid"": 1442, ""n_targets"": 1442}, {""horizon_s"": 1.6, ""horizon_samples"": 40, ""cc"": 0.342549394217522, ""nrmse"": 0.9705473883080806, ""n_valid"": 1432, ""n_targets"": 1432}, {""horizon_s"": 2.0, ""horizon_samples"": 50, ""cc"": 0.21834497899059147, ""nrmse"": 1.0234830692051977, ""n_valid"": 1422, ""n_targets"": 1422}, {""horizon_s"": 2.4, ""horizon_samples"": 60, ""cc"": 0.12965208642884887, ""nrmse"": 1.0618962689610958, ""n_valid"": 1412, ""n_targets"": 1412}, {""horizon_s"": 2.8, ""horizon_samples"": 70, ""cc"": 0.07822181268171904, ""nrmse"": 1.0742298666000358, ""n_valid"": 1402, ""n_targets"": 1402}, {""horizon_s"": 3.2, ""horizon_samples"": 80, ""cc"": 0.032670883251912114, ""nrmse"": 1.0869372473639045, ""n_valid"": 1392, ""n_targets"": 1392}, {""horizon_s"": 3.6, ""horizon_samples"": 90, ""cc"": 0.02690625434105371, ""nrmse"": 1.0890015976441643, ""n_valid"": 1382, ""n_targets"": 1382}, {""horizon_s"": 4.0, ""horizon_samples"": 100, ""cc"": 0.033512580894045206, ""nrmse"": 1.0870555488053497, ""n_valid"": 1372, ""n_targets"": 1372}]",25,28,0.02000007678678039,True,0.0,743.7171703289592,13,0.5200909999978194,1472,1412,True,ok,8,0.16,4,0.8,1.3,5.0,0.02,1.3839228150009149,,True,fbb7e556a1b5599ba9a187b1c551264b432f3bd036e5ac7e8e4511104ce3851a,1536c59ddec367b4ec1077f92f552887dfb14cdbc957eea6615c7c3a4e4ad1e7,T30_15_00018,False,dc2de0c03036394091cb7c2b7c070947f7d1b458301f46d0881b102e3e922705
nan,15,sample_15.csv,T30,T30_15_00019,Awake,0,3,3,1097.519567,1157.72938,60,60.20981299999994,1500,24.99562576559584,27325,28825,27325,28825,T30/filtered_sessions/sample_15.csv,True,0,0.0,True,0.15969640524848538,True,0.2616527645376231,True,nan,0.7147764216901232,0.6272473601478867,0.7061957095551183,4.053719008264463,0.35144214618227193,2.0206953642384105,0.7942931778991277,0.9925582154670787,0.8001399999966452,1.2802239999946323,True,True,True,True,True,,,,,18,"[{""horizon_s"": 0.04, ""horizon_samples"": 1, ""cc"": 0.9609943203820037, ""nrmse"": 0.27619799611051216, ""n_valid"": 1471, ""n_targets"": 1471}, {""horizon_s"": 0.08, ""horizon_samples"": 2, ""cc"": 0.9298218713835615, ""nrmse"": 0.3678130606252406, ""n_valid"": 1470, ""n_targets"": 1470}, {""horizon_s"": 0.12, ""horizon_samples"": 3, ""cc"": 0.9320677866451, ""nrmse"": 0.36186746044909696, ""n_valid"": 1469, ""n_targets"": 1469}, {""horizon_s"": 0.16, ""horizon_samples"": 4, ""cc"": 0.923201403497311, ""nrmse"": 0.38366371241259994, ""n_valid"": 1468, ""n_targets"": 1468}, {""horizon_s"": 0.2, ""horizon_samples"": 5, ""cc"": 0.9161527574583951, ""nrmse"": 0.40026161376317443, ""n_valid"": 1467, ""n_targets"": 1467}, {""horizon_s"": 0.28, ""horizon_samples"": 7, ""cc"": 0.9083321134524728, ""nrmse"": 0.41842341448625386, ""n_valid"": 1465, ""n_targets"": 1465}, {""horizon_s"": 0.4, ""horizon_samples"": 10, ""cc"": 0.8925887894341729, ""nrmse"": 0.45000935639372025, ""n_valid"": 1462, ""n_targets"": 1462}, {""horizon_s"": 0.6, ""horizon_samples"": 15, ""cc"": 0.8577243465870964, ""nrmse"": 0.5148674074043083, ""n_valid"": 1457, ""n_targets"": 1457}, {""horizon_s"": 0.8, ""horizon_samples"": 20, ""cc"": 0.8265029951972142, ""nrmse"": 0.5640918308132751, ""n_valid"": 1452, ""n_targets"": 1452}, {""horizon_s"": 1.0, ""horizon_samples"": 25, ""cc"": 0.7549813586519644, ""nrmse"": 0.6590573186847166, ""n_valid"": 1447, ""n_targets"": 1447}, {""horizon_s"": 1.2, ""horizon_samples"": 30, ""cc"": 0.7309705757788261, ""nrmse"": 0.6855789146883376, ""n_valid"": 1442, ""n_targets"": 1442}, {""horizon_s"": 1.6, ""horizon_samples"": 40, ""cc"": 0.6641840790710967, ""nrmse"": 0.7521042933949444, ""n_valid"": 1432, ""n_targets"": 1432}, {""horizon_s"": 2.0, ""horizon_samples"": 50, ""cc"": 0.567628771566999, ""nrmse"": 0.8324409965801012, ""n_valid"": 1422, ""n_targets"": 1422}, {""horizon_s"": 2.4, ""horizon_samples"": 60, ""cc"": 0.4985108268968546, ""nrmse"": 0.8779949007042711, ""n_valid"": 1412, ""n_targets"": 1412}, {""horizon_s"": 2.8, ""horizon_samples"": 70, ""cc"": 0.4256719173331942, ""nrmse"": 0.9177440503816738, ""n_valid"": 1402, ""n_targets"": 1402}, {""horizon_s"": 3.2, ""horizon_samples"": 80, ""cc"": 0.38715023338262816, ""nrmse"": 0.9344078583133971, ""n_valid"": 1392, ""n_targets"": 1392}, {""horizon_s"": 3.6, ""horizon_samples"": 90, ""cc"": 0.34347852667487866, ""nrmse"": 0.9502454922257111, ""n_valid"": 1382, ""n_targets"": 1382}, {""horizon_s"": 4.0, ""horizon_samples"": 100, ""cc"": 0.3460129170284475, ""nrmse"": 0.9436828052306266, ""n_valid"": 1372, ""n_targets"": 1372}]",25,28,0.02000007678678039,True,0.0,537.0631030028711,14,0.5600979999976516,1472,1410,True,ok,8,0.16,4,0.8,1.3,5.0,0.02,1.3563367379992997,,True,fc656854e69be4e8670dae7b4e539936225c71424257c137913edc756fc6dadd,b94fadbc99d641af91031dc04152cce3179def2e02a3ebe35c5c7fd83c0978d5,T30_15_00019,False,dc2de0c03036394091cb7c2b7c070947f7d1b458301f46d0881b102e3e922705
nan,15,sample_15.csv,T30,T30_15_00020,Awake,0,3,3,1157.769549,1217.979897,60,60.21034799999984,1500,24.99562576559584,28825,30325,28825,30325,T30/filtered_sessions/sample_15.csv,True,0,0.0,True,0.07200985704766556,True,0.17287674903405487,True,nan,0.5748449617322657,0.7295130264392233,0.7069635744109036,4.02046943231441,0.3554734366751452,2.0844238075137187,0.8095731338453515,0.9777986135063049,0.8001399999966452,1.2802239999946323,True,True,True,True,True,,,,,18,"[{""horizon_s"": 0.04, ""horizon_samples"": 1, ""cc"": 0.9449382728630195, ""nrmse"": 0.32753770342081806, ""n_valid"": 1471, ""n_targets"": 1471}, {""horizon_s"": 0.08, ""horizon_samples"": 2, ""cc"": 0.8905284368516033, ""nrmse"": 0.45474111512122983, ""n_valid"": 1470, ""n_targets"": 1470}, {""horizon_s"": 0.12, ""horizon_samples"": 3, ""cc"": 0.8993548376148748, ""nrmse"": 0.43712442337603447, ""n_valid"": 1469, ""n_targets"": 1469}, {""horizon_s"": 0.16, ""horizon_samples"": 4, ""cc"": 0.898780408289805, ""nrmse"": 0.43821314114190657, ""n_valid"": 1468, ""n_targets"": 1468}, {""horizon_s"": 0.2, ""horizon_samples"": 5, ""cc"": 0.8797104340602773, ""nrmse"": 0.4755260538365666, ""n_valid"": 1467, ""n_targets"": 1467}, {""horizon_s"": 0.28, ""horizon_samples"": 7, ""cc"": 0.8682174209111074, ""nrmse"": 0.4956436990433778, ""n_valid"": 1465, ""n_targets"": 1465}, {""horizon_s"": 0.4, ""horizon_samples"": 10, ""cc"": 0.8317034742926233, ""nrmse"": 0.5549987173138615, ""n_valid"": 1462, ""n_targets"": 1462}, {""horizon_s"": 0.6, ""horizon_samples"": 15, ""cc"": 0.7646427235784302, ""nrmse"": 0.6444657991474442, ""n_valid"": 1457, ""n_targets"": 1457}, {""horizon_s"": 0.8, ""horizon_samples"": 20, ""cc"": 0.7468088076899743, ""nrmse"": 0.6654087141099858, ""n_valid"": 1452, ""n_targets"": 1452}, {""horizon_s"": 1.0, ""horizon_samples"": 25, ""cc"": 0.6648988445296926, ""nrmse"": 0.7503560608165083, ""n_valid"": 1447, ""n_targets"": 1447}, {""horizon_s"": 1.2, ""horizon_samples"": 30, ""cc"": 0.6132877476497001, ""nrmse"": 0.7946023722591061, ""n_valid"": 1442, ""n_targets"": 1442}, {""horizon_s"": 1.6, ""horizon_samples"": 40, ""cc"": 0.4781463754135833, ""nrmse"": 0.8907981841266176, ""n_valid"": 1432, ""n_targets"": 1432}, {""horizon_s"": 2.0, ""horizon_samples"": 50, ""cc"": 0.3430222187607761, ""nrmse"": 0.9625205352825603, ""n_valid"": 1422, ""n_targets"": 1422}, {""horizon_s"": 2.4, ""horizon_samples"": 60, ""cc"": 0.25733146112639127, ""nrmse"": 0.9963785360661107, ""n_valid"": 1412, ""n_targets"": 1412}, {""horizon_s"": 2.8, ""horizon_samples"": 70, ""cc"": 0.11396981790473784, ""nrmse"": 1.0509454917087715, ""n_valid"": 1402, ""n_targets"": 1402}, {""horizon_s"": 3.2, ""horizon_samples"": 80, ""cc"": 0.07017020998383823, ""nrmse"": 1.0607016965169593, ""n_valid"": 1392, ""n_targets"": 1392}, {""horizon_s"": 3.6, ""horizon_samples"": 90, ""cc"": 0.04179813573478264, ""nrmse"": 1.0636728046358028, ""n_valid"": 1382, ""n_targets"": 1382}, {""horizon_s"": 4.0, ""horizon_samples"": 100, ""cc"": 0.03989968392556474, ""nrmse"": 1.0675994279823593, ""n_valid"": 1372, ""n_targets"": 1372}]",25,28,0.02000007678678039,True,0.0,598.7114758324526,13,0.5200909999978194,1472,1422,True,ok,8,0.16,4,0.8,1.3,5.0,0.02,1.8894571740001993,,True,e95b018ef2fa1a978387f19e8890c6ec6afd24e1f107cd8f17ab71cd85611c4b,52b900eae9e6fb777802759102895d1f52658dddf6f9c416eda5d4f1feb263d3,T30_15_00020,False,dc2de0c03036394091cb7c2b7c070947f7d1b458301f46d0881b102e3e922705
nan,15,sample_15.csv,T30,T30_15_00021,Awake,0,3,3,1218.019466,1278.220401,60,60.20093500000007,1500,24.99562576559584,30325,31825,30325,31825,T30/filtered_sessions/sample_15.csv,True,0,0.0,True,0.050964089208538225,False,0.9396529091594898,True,nan,0.699915498950207,0.6545977352307489,0.7449728847722801,4.064676616915423,0.26186591159955847,2.031837646620741,0.8385578479842997,0.9563009364697607,0.8001399999966452,1.2802239999946323,True,True,True,True,True,,,,,18,"[{""horizon_s"": 0.04, ""horizon_samples"": 1, ""cc"": 0.9498315454880527, ""nrmse"": 0.3127099535585271, ""n_valid"": 1471, ""n_targets"": 1471}, {""horizon_s"": 0.08, ""horizon_samples"": 2, ""cc"": 0.9124957830768926, ""nrmse"": 0.4090545973540872, ""n_valid"": 1470, ""n_targets"": 1470}, {""horizon_s"": 0.12, ""horizon_samples"": 3, ""cc"": 0.9241779800090406, ""nrmse"": 0.3822050793848502, ""n_valid"": 1469, ""n_targets"": 1469}, {""horizon_s"": 0.16, ""horizon_samples"": 4, ""cc"": 0.9226790793802286, ""nrmse"": 0.38579903274708693, ""n_valid"": 1468, ""n_targets"": 1468}, {""horizon_s"": 0.2, ""horizon_samples"": 5, ""cc"": 0.9106474571313611, ""nrmse"": 0.4134282416145088, ""n_valid"": 1467, ""n_targets"": 1467}, {""horizon_s"": 0.28, ""horizon_samples"": 7, ""cc"": 0.905556484042162, ""nrmse"": 0.42479042811650314, ""n_valid"": 1465, ""n_targets"": 1465}, {""horizon_s"": 0.4, ""horizon_samples"": 10, ""cc"": 0.8559780704077987, ""nrmse"": 0.5189304920423959, ""n_valid"": 1462, ""n_targets"": 1462}, {""horizon_s"": 0.6, ""horizon_samples"": 15, ""cc"": 0.8349224786073106, ""nrmse"": 0.5502826176748521, ""n_valid"": 1457, ""n_targets"": 1457}, {""horizon_s"": 0.8, ""horizon_samples"": 20, ""cc"": 0.8023005874415308, ""nrmse"": 0.597208250880881, ""n_valid"": 1452, ""n_targets"": 1452}, {""horizon_s"": 1.0, ""horizon_samples"": 25, ""cc"": 0.7407300684316531, ""nrmse"": 0.6752834770543312, ""n_valid"": 1447, ""n_targets"": 1447}, {""horizon_s"": 1.2, ""horizon_samples"": 30, ""cc"": 0.6924488508504489, ""nrmse"": 0.7276072801204118, ""n_valid"": 1442, ""n_targets"": 1442}, {""horizon_s"": 1.6, ""horizon_samples"": 40, ""cc"": 0.6215339499545435, ""nrmse"": 0.7926283835540087, ""n_valid"": 1432, ""n_targets"": 1432}, {""horizon_s"": 2.0, ""horizon_samples"": 50, ""cc"": 0.5453437732609636, ""nrmse"": 0.8545935649607869, ""n_valid"": 1422, ""n_targets"": 1422}, {""horizon_s"": 2.4, ""horizon_samples"": 60, ""cc"": 0.48802383632558644, ""nrmse"": 0.8933971292425197, ""n_valid"": 1412, ""n_targets"": 1412}, {""horizon_s"": 2.8, ""horizon_samples"": 70, ""cc"": 0.47213963494422817, ""nrmse"": 0.903017652671848, ""n_valid"": 1402, ""n_targets"": 1402}, {""horizon_s"": 3.2, ""horizon_samples"": 80, ""cc"": 0.3657019402522292, ""nrmse"": 0.9682372272044508, ""n_valid"": 1392, ""n_targets"": 1392}, {""horizon_s"": 3.6, ""horizon_samples"": 90, ""cc"": 0.3441615629069244, ""nrmse"": 0.9757459445905792, ""n_valid"": 1382, ""n_targets"": 1382}, {""horizon_s"": 4.0, ""horizon_samples"": 100, ""cc"": 0.3098058985927706, ""nrmse"": 0.9978398813808509, ""n_valid"": 1372, ""n_targets"": 1372}]",25,28,0.02000007678678039,True,0.0,434.4935618523443,12,0.4800839999979871,1472,1395,True,ok,8,0.16,4,0.8,1.3,5.0,0.02,1.4500574869998673,,True,511097dc6a263d8413b8b398aa876f2a17c158cee7bd80609ecce5e88dd63a8a,836c4e8827187ab6189c1dec57a93ec306a06cf17600388c8515580abf805d7f,T30_15_00021,False,dc2de0c03036394091cb7c2b7c070947f7d1b458301f46d0881b102e3e922705
nan,15,sample_15.csv,T30,T30_15_00015,Awake,0,3,3,856.5297685,916.7402639,60,60.2104953999999,1500,24.99562576559584,21325,22825,21325,22825,T30/filtered_sessions/sample_15.csv,True,0,0.0,True,0.18719433827836832,True,0.17650246691065488,True,nan,0.6520287855143942,0.6698259715209235,0.6724576474540481,4.056745801968732,0.41114363871958537,2.1210695716761574,0.7782755882396445,0.9508922178296876,0.8001399999966452,1.2802239999946323,True,True,True,True,True,,,,,18,"[{""horizon_s"": 0.04, ""horizon_samples"": 1, ""cc"": 0.9632163245071945, ""nrmse"": 0.2684422892173126, ""n_valid"": 1471, ""n_targets"": 1471}, {""horizon_s"": 0.08, ""horizon_samples"": 2, ""cc"": 0.9239084091133536, ""nrmse"": 0.3821691419157704, ""n_valid"": 1470, ""n_targets"": 1470}, {""horizon_s"": 0.12, ""horizon_samples"": 3, ""cc"": 0.9199167696480525, ""nrmse"": 0.3913759936427868, ""n_valid"": 1469, ""n_targets"": 1469}, {""horizon_s"": 0.16, ""horizon_samples"": 4, ""cc"": 0.9137825488803175, ""nrmse"": 0.4046544954362232, ""n_valid"": 1468, ""n_targets"": 1468}, {""horizon_s"": 0.2, ""horizon_samples"": 5, ""cc"": 0.9087834808561986, ""nrmse"": 0.4152696380562532, ""n_valid"": 1467, ""n_targets"": 1467}, {""horizon_s"": 0.28, ""horizon_samples"": 7, ""cc"": 0.8862169468634942, ""nrmse"": 0.46044430312505086, ""n_valid"": 1465, ""n_targets"": 1465}, {""horizon_s"": 0.4, ""horizon_samples"": 10, ""cc"": 0.8646262165651124, ""nrmse"": 0.4997421885304936, ""n_valid"": 1462, ""n_targets"": 1462}, {""horizon_s"": 0.6, ""horizon_samples"": 15, ""cc"": 0.8081565583992658, ""nrmse"": 0.5874015283343403, ""n_valid"": 1457, ""n_targets"": 1457}, {""horizon_s"": 0.8, ""horizon_samples"": 20, ""cc"": 0.7878811066990952, ""nrmse"": 0.6127947886052474, ""n_valid"": 1452, ""n_targets"": 1452}, {""horizon_s"": 1.0, ""horizon_samples"": 25, ""cc"": 0.733005439134733, ""nrmse"": 0.676410744425814, ""n_valid"": 1447, ""n_targets"": 1447}, {""horizon_s"": 1.2, ""horizon_samples"": 30, ""cc"": 0.7012923875866706, ""nrmse"": 0.7098064534469236, ""n_valid"": 1442, ""n_targets"": 1442}, {""horizon_s"": 1.6, ""horizon_samples"": 40, ""cc"": 0.6113231720856105, ""nrmse"": 0.7915196213508572, ""n_valid"": 1432, ""n_targets"": 1432}, {""horizon_s"": 2.0, ""horizon_samples"": 50, ""cc"": 0.5117100593556033, ""nrmse"": 0.862984749801485, ""n_valid"": 1422, ""n_targets"": 1422}, {""horizon_s"": 2.4, ""horizon_samples"": 60, ""cc"": 0.3976923416329014, ""nrmse"": 0.9298070744808206, ""n_valid"": 1412, ""n_targets"": 1412}, {""horizon_s"": 2.8, ""horizon_samples"": 70, ""cc"": 0.2743545265403191, ""nrmse"": 0.98913415872798, ""n_valid"": 1402, ""n_targets"": 1402}, {""horizon_s"": 3.2, ""horizon_samples"": 80, ""cc"": 0.19264676048241797, ""nrmse"": 1.0209614445695714, ""n_valid"": 1392, ""n_targets"": 1392}, {""horizon_s"": 3.6, ""horizon_samples"": 90, ""cc"": 0.15748832525263576, ""nrmse"": 1.0321098312446195, ""n_valid"": 1382, ""n_targets"": 1382}, {""horizon_s"": 4.0, ""horizon_samples"": 100, ""cc"": 0.18051676565611866, ""nrmse"": 1.0218390424650716, ""n_valid"": 1372, ""n_targets"": 1372}]",25,28,0.02000007678678039,True,0.0,653.3955047182147,13,0.5200909999978194,1472,1421,True,ok,8,0.16,4,0.8,1.3,5.0,0.02,3.42868497299969,,True,2a7c8d96bb99609ce985d9c4327770d5dd44b46be72b187ac1d298114dbf1368,1a5131db7fdf2e25a9708d73437522072beec6ef2b62477d6f65a0fcceee81dc,T30_15_00015,False,dc2de0c03036394091cb7c2b7c070947f7d1b458301f46d0881b102e3e922705
nan,15,sample_15.csv,T30,T30_15_00022,Awake,0,3,3,1278.269364,1338.470225,60,60.20086100000003,1500,24.99562576559584,31825,33325,31825,33325,T30/filtered_sessions/sample_15.csv,True,0,0.0,True,0.23016042583351057,True,0.4652975027557663,True,nan,0.6618924947143108,0.6942523486324849,0.757978595767145,4.135637601466352,0.20113260066228345,2.025126842232423,0.7723119621731476,0.9673134657385548,0.8001399999966452,1.2802239999946323,True,True,True,True,True,,,,,18,"[{""horizon_s"": 0.04, ""horizon_samples"": 1, ""cc"": 0.9370295743281658, ""nrmse"": 0.35114944245320595, ""n_valid"": 1471, ""n_targets"": 1471}, {""horizon_s"": 0.08, ""horizon_samples"": 2, ""cc"": 0.8918470237321098, ""nrmse"": 0.45339918469079765, ""n_valid"": 1470, ""n_targets"": 1470}, {""horizon_s"": 0.12, ""horizon_samples"": 3, ""cc"": 0.8875248158035137, ""nrmse"": 0.4618307957825526, ""n_valid"": 1469, ""n_targets"": 1469}, {""horizon_s"": 0.16, ""horizon_samples"": 4, ""cc"": 0.8844892036591282, ""nrmse"": 0.4677991432059886, ""n_valid"": 1468, ""n_targets"": 1468}, {""horizon_s"": 0.2, ""horizon_samples"": 5, ""cc"": 0.876659536712303, ""nrmse"": 0.4824929661798869, ""n_valid"": 1467, ""n_targets"": 1467}, {""horizon_s"": 0.28, ""horizon_samples"": 7, ""cc"": 0.8714651392400348, ""nrmse"": 0.4921583774029011, ""n_valid"": 1465, ""n_targets"": 1465}, {""horizon_s"": 0.4, ""horizon_samples"": 10, ""cc"": 0.8522181948694806, ""nrmse"": 0.5259343614496474, ""n_valid"": 1462, ""n_targets"": 1462}, {""horizon_s"": 0.6, ""horizon_samples"": 15, ""cc"": 0.8110933420948367, ""nrmse"": 0.5874392706193633, ""n_valid"": 1457, ""n_targets"": 1457}, {""horizon_s"": 0.8, ""horizon_samples"": 20, ""cc"": 0.7634406766693546, ""nrmse"": 0.6493988548995069, ""n_valid"": 1452, ""n_targets"": 1452}, {""horizon_s"": 1.0, ""horizon_samples"": 25, ""cc"": 0.722100596044731, ""nrmse"": 0.6986424933336549, ""n_valid"": 1447, ""n_targets"": 1447}, {""horizon_s"": 1.2, ""horizon_samples"": 30, ""cc"": 0.6799308508043614, ""nrmse"": 0.7417088304505856, ""n_valid"": 1442, ""n_targets"": 1442}, {""horizon_s"": 1.6, ""horizon_samples"": 40, ""cc"": 0.5936562135540293, ""nrmse"": 0.8186560481928071, ""n_valid"": 1432, ""n_targets"": 1432}, {""horizon_s"": 2.0, ""horizon_samples"": 50, ""cc"": 0.5326913680891914, ""nrmse"": 0.8652734849328388, ""n_valid"": 1422, ""n_targets"": 1422}, {""horizon_s"": 2.4, ""horizon_samples"": 60, ""cc"": 0.4574643909239583, ""nrmse"": 0.9139464771972142, ""n_valid"": 1412, ""n_targets"": 1412}, {""horizon_s"": 2.8, ""horizon_samples"": 70, ""cc"": 0.40303998882239833, ""nrmse"": 0.9460135028943146, ""n_valid"": 1402, ""n_targets"": 1402}, {""horizon_s"": 3.2, ""horizon_samples"": 80, ""cc"": 0.3406309159085309, ""nrmse"": 0.9801937191954755, ""n_valid"": 1392, ""n_targets"": 1392}, {""horizon_s"": 3.6, ""horizon_samples"": 90, ""cc"": 0.23975546870332456, ""nrmse"": 1.0176664102767055, ""n_valid"": 1382, ""n_targets"": 1382}, {""horizon_s"": 4.0, ""horizon_samples"": 100, ""cc"": 0.1690276048981441, ""nrmse"": 1.0428389122272819, ""n_valid"": 1372, ""n_targets"": 1372}]",25,28,0.02000007678678039,True,0.0,404.4934220256256,13,0.5200909999978194,1472,1429,True,ok,8,0.16,4,0.8,1.3,5.0,0.02,1.3610534960007499,,True,2f4c421fc7b625db57ebfff2b4a7f6a7b2aaa91a13552462c45439c4e475efb4,ba76d4b41b68bf3fc5fc15ce4ce87c4f33f6465e8eddb3c10db48811004e6fa0,T30_15_00022,False,dc2de0c03036394091cb7c2b7c070947f7d1b458301f46d0881b102e3e922705
nan,15,sample_15.csv,T30,T30_15_00023,Awake,0,3,3,1338.519895,1398.7203,60,60.200405000000046,1500,24.99562576559584,33325,34825,33325,34825,T30/filtered_sessions/sample_15.csv,True,0,0.0,True,0.3298114835252235,False,0.519983837858417,True,nan,0.5563945094240793,0.7568461744070016,0.6580121898545855,3.77401596476741,0.5188606805202285,2.2321668215133683,0.8470432483794011,0.9530198987371111,0.8001399999966452,1.2802239999946323,True,True,True,True,True,,,,,18,"[{""horizon_s"": 0.04, ""horizon_samples"": 1, ""cc"": 0.9416574383563324, ""nrmse"": 0.3367014103910891, ""n_valid"": 1471, ""n_targets"": 1471}, {""horizon_s"": 0.08, ""horizon_samples"": 2, ""cc"": 0.8787491904297995, ""nrmse"": 0.47757077190009967, ""n_valid"": 1470, ""n_targets"": 1470}, {""horizon_s"": 0.12, ""horizon_samples"": 3, ""cc"": 0.8784833841015648, ""nrmse"": 0.47925509685803996, ""n_valid"": 1469, ""n_targets"": 1469}, {""horizon_s"": 0.16, ""horizon_samples"": 4, ""cc"": 0.8773705788133727, ""nrmse"": 0.4810087976613161, ""n_valid"": 1468, ""n_targets"": 1468}, {""horizon_s"": 0.2, ""horizon_samples"": 5, ""cc"": 0.8611673531035852, ""nrmse"": 0.508061427988218, ""n_valid"": 1467, ""n_targets"": 1467}, {""horizon_s"": 0.28, ""horizon_samples"": 7, ""cc"": 0.825444719204238, ""nrmse"": 0.5639151817973921, ""n_valid"": 1465, ""n_targets"": 1465}, {""horizon_s"": 0.4, ""horizon_samples"": 10, ""cc"": 0.7785475559514848, ""nrmse"": 0.6271333533187035, ""n_valid"": 1462, ""n_targets"": 1462}, {""horizon_s"": 0.6, ""horizon_samples"": 15, ""cc"": 0.6924084770690507, ""nrmse"": 0.7205225282729576, ""n_valid"": 1457, ""n_targets"": 1457}, {""horizon_s"": 0.8, ""horizon_samples"": 20, ""cc"": 0.6686551416319723, ""nrmse"": 0.7440540559977357, ""n_valid"": 1452, ""n_targets"": 1452}, {""horizon_s"": 1.0, ""horizon_samples"": 25, ""cc"": 0.6073150703694046, ""nrmse"": 0.7967814516452612, ""n_valid"": 1447, ""n_targets"": 1447}, {""horizon_s"": 1.2, ""horizon_samples"": 30, ""cc"": 0.5439952240793979, ""nrmse"": 0.8416360567403676, ""n_valid"": 1442, ""n_targets"": 1442}, {""horizon_s"": 1.6, ""horizon_samples"": 40, ""cc"": 0.4119031509934855, ""nrmse"": 0.9247880563421901, ""n_valid"": 1432, ""n_targets"": 1432}, {""horizon_s"": 2.0, ""horizon_samples"": 50, ""cc"": 0.3064846831498332, ""nrmse"": 0.968530133890668, ""n_valid"": 1422, ""n_targets"": 1422}, {""horizon_s"": 2.4, ""horizon_samples"": 60, ""cc"": 0.1816258595282367, ""nrmse"": 1.0208639744502925, ""n_valid"": 1412, ""n_targets"": 1412}, {""horizon_s"": 2.8, ""horizon_samples"": 70, ""cc"": 0.1430628530661656, ""nrmse"": 1.0309379199539328, ""n_valid"": 1402, ""n_targets"": 1402}, {""horizon_s"": 3.2, ""horizon_samples"": 80, ""cc"": 0.13766089047953056, ""nrmse"": 1.0365744537158232, ""n_valid"": 1392, ""n_targets"": 1392}, {""horizon_s"": 3.6, ""horizon_samples"": 90, ""cc"": 0.16223287970906242, ""nrmse"": 1.020716913400389, ""n_valid"": 1382, ""n_targets"": 1382}, {""horizon_s"": 4.0, ""horizon_samples"": 100, ""cc"": 0.11833671959690951, ""nrmse"": 1.0441795550015556, ""n_valid"": 1372, ""n_targets"": 1372}]",25,28,0.02000007678678039,True,0.0,804.589749766563,13,0.5200909999978194,1472,1419,True,ok,8,0.16,4,0.8,1.3,5.0,0.02,1.3695818790001795,,True,7752749f377a2883f7060f2290ceb9f70694a8cf8b2963bdd35da9254d9e0777,7569e46e519fe758c0acaa24770f327753850cc55cf9f1f4b6ebad1127f58cc0,T30_15_00023,False,dc2de0c03036394091cb7c2b7c070947f7d1b458301f46d0881b102e3e922705
nan,15,sample_15.csv,T30,T30_15_00024,Awake,0,3,3,1398.760036,1458.96937,60,60.209334000000126,1500,24.99562576559584,34825,36325,34825,36325,T30/filtered_sessions/sample_15.csv,True,0,0.0,True,0.4583614361339821,True,0.37055721516896634,True,nan,0.6426397236988484,0.7049529614731339,0.7144502567548111,4.0387954422137815,0.5066468301578922,2.3002505719577298,0.7174669335048706,0.9768989995103001,0.8001399999966452,1.2802239999946323,True,True,True,True,True,,,,,18,"[{""horizon_s"": 0.04, ""horizon_samples"": 1, ""cc"": 0.9470046897633517, ""nrmse"": 0.32336754043882326, ""n_valid"": 1471, ""n_targets"": 1471}, {""horizon_s"": 0.08, ""horizon_samples"": 2, ""cc"": 0.901267313381895, ""nrmse"": 0.43532203338002523, ""n_valid"": 1470, ""n_targets"": 1470}, {""horizon_s"": 0.12, ""horizon_samples"": 3, ""cc"": 0.906948977069686, ""nrmse"": 0.42340017581731954, ""n_valid"": 1469, ""n_targets"": 1469}, {""horizon_s"": 0.16, ""horizon_samples"": 4, ""cc"": 0.9034179571467825, ""nrmse"": 0.43089641933311484, ""n_valid"": 1468, ""n_targets"": 1468}, {""horizon_s"": 0.2, ""horizon_samples"": 5, ""cc"": 0.8951234970791686, ""nrmse"": 0.4475416259680519, ""n_valid"": 1467, ""n_targets"": 1467}, {""horizon_s"": 0.28, ""horizon_samples"": 7, ""cc"": 0.8742323466116092, ""nrmse"": 0.4876478294982983, ""n_valid"": 1465, ""n_targets"": 1465}, {""horizon_s"": 0.4, ""horizon_samples"": 10, ""cc"": 0.8451481353159788, ""nrmse"": 0.5390769895353401, ""n_valid"": 1462, ""n_targets"": 1462}, {""horizon_s"": 0.6, ""horizon_samples"": 15, ""cc"": 0.8025197096700778, ""nrmse"": 0.6007336969477814, ""n_valid"": 1457, ""n_targets"": 1457}, {""horizon_s"": 0.8, ""horizon_samples"": 20, ""cc"": 0.7686505829808356, ""nrmse"": 0.6454859871573118, ""n_valid"": 1452, ""n_targets"": 1452}, {""horizon_s"": 1.0, ""horizon_samples"": 25, ""cc"": 0.7022946008914953, ""nrmse"": 0.7211142027941403, ""n_valid"": 1447, ""n_targets"": 1447}, {""horizon_s"": 1.2, ""horizon_samples"": 30, ""cc"": 0.6616581943130232, ""nrmse"": 0.763353711314424, ""n_valid"": 1442, ""n_targets"": 1442}, {""horizon_s"": 1.6, ""horizon_samples"": 40, ""cc"": 0.5733658809828941, ""nrmse"": 0.8414419744065541, ""n_valid"": 1432, ""n_targets"": 1432}, {""horizon_s"": 2.0, ""horizon_samples"": 50, ""cc"": 0.45410461916503, ""nrmse"": 0.9242009985807594, ""n_valid"": 1422, ""n_targets"": 1422}, {""horizon_s"": 2.4, ""horizon_samples"": 60, ""cc"": 0.3979323966173441, ""nrmse"": 0.956406584305473, ""n_valid"": 1412, ""n_targets"": 1412}, {""horizon_s"": 2.8, ""horizon_samples"": 70, ""cc"": 0.34574811081707385, ""nrmse"": 0.9865469022387409, ""n_valid"": 1402, ""n_targets"": 1402}, {""horizon_s"": 3.2, ""horizon_samples"": 80, ""cc"": 0.2510035777376576, ""nrmse"": 1.0309014503728517, ""n_valid"": 1392, ""n_targets"": 1392}, {""horizon_s"": 3.6, ""horizon_samples"": 90, ""cc"": 0.18897427886426998, ""nrmse"": 1.059102962375577, ""n_valid"": 1382, ""n_targets"": 1382}, {""horizon_s"": 4.0, ""horizon_samples"": 100, ""cc"": 0.14812015817109622, ""nrmse"": 1.0726122220518226, ""n_valid"": 1372, ""n_targets"": 1372}]",25,28,0.02000007678678039,True,0.0,488.6231620058711,12,0.4800839999979871,1472,1422,True,ok,8,0.16,4,0.8,1.3,5.0,0.02,1.667731368999739,,True,8773a222d009208a97e687b7c4416e88548c984aa061fd4b1da30864979e0bb0,d94f54e97cb16b4f39bb1abf007273832e0961c3c11874b94b5b5a2d20e98356,T30_15_00024,False,dc2de0c03036394091cb7c2b7c070947f7d1b458301f46d0881b102e3e922705
nan,15,sample_15.csv,T30,T30_15_00025,Awake,0,5,5,1464.63276,1524.759392,60,60.12663199999997,1500,24.99562576559584,36463,37963,36463,37963,T30/filtered_sessions/sample_15.csv,True,0,0.0,True,0.4062047497720098,True,0.3404994007295713,True,nan,0.7182534688186323,0.6032929365031001,0.747996352641935,4.254982254982255,0.18747900369534962,2.0069355253018237,0.7387630693892533,0.9523735625986686,0.8001399999966452,1.2802239999946323,True,True,True,True,True,,,,,18,"[{""horizon_s"": 0.04, ""horizon_samples"": 1, ""cc"": 0.9724155467442723, ""nrmse"": 0.23504620662587972, ""n_valid"": 1471, ""n_targets"": 1471}, {""horizon_s"": 0.08, ""horizon_samples"": 2, ""cc"": 0.9511810073679037, ""nrmse"": 0.31084219093144455, ""n_valid"": 1470, ""n_targets"": 1470}, {""horizon_s"": 0.12, ""horizon_samples"": 3, ""cc"": 0.9539228356953418, ""nrmse"": 0.3021705756639599, ""n_valid"": 1469, ""n_targets"": 1469}, {""horizon_s"": 0.16, ""horizon_samples"": 4, ""cc"": 0.9453298594181544, ""nrmse"": 0.3276447194116477, ""n_valid"": 1468, ""n_targets"": 1468}, {""horizon_s"": 0.2, ""horizon_samples"": 5, ""cc"": 0.9410467316044558, ""nrmse"": 0.3396322271779147, ""n_valid"": 1467, ""n_targets"": 1467}, {""horizon_s"": 0.28, ""horizon_samples"": 7, ""cc"": 0.9421686624448552, ""nrmse"": 0.3370016890784267, ""n_valid"": 1465, ""n_targets"": 1465}, {""horizon_s"": 0.4, ""horizon_samples"": 10, ""cc"": 0.9170509563364819, ""nrmse"": 0.399855254029055, ""n_valid"": 1462, ""n_targets"": 1462}, {""horizon_s"": 0.6, ""horizon_samples"": 15, ""cc"": 0.8996313980214025, ""nrmse"": 0.4384342604744474, ""n_valid"": 1457, ""n_targets"": 1457}, {""horizon_s"": 0.8, ""horizon_samples"": 20, ""cc"": 0.8558046656602529, ""nrmse"": 0.5197356881946308, ""n_valid"": 1452, ""n_targets"": 1452}, {""horizon_s"": 1.0, ""horizon_samples"": 25, ""cc"": 0.8221751231793336, ""nrmse"": 0.5720806973226258, ""n_valid"": 1447, ""n_targets"": 1447}, {""horizon_s"": 1.2, ""horizon_samples"": 30, ""cc"": 0.7785043159776502, ""nrmse"": 0.6314929197470801, ""n_valid"": 1442, ""n_targets"": 1442}, {""horizon_s"": 1.6, ""horizon_samples"": 40, ""cc"": 0.6804263143903968, ""nrmse"": 0.7396260223680103, ""n_valid"": 1432, ""n_targets"": 1432}, {""horizon_s"": 2.0, ""horizon_samples"": 50, ""cc"": 0.6186844302911007, ""nrmse"": 0.798223963744467, ""n_valid"": 1422, ""n_targets"": 1422}, {""horizon_s"": 2.4, ""horizon_samples"": 60, ""cc"": 0.5128788832957222, ""nrmse"": 0.8779082658009038, ""n_valid"": 1412, ""n_targets"": 1412}, {""horizon_s"": 2.8, ""horizon_samples"": 70, ""cc"": 0.42012898807480126, ""nrmse"": 0.9381655160458555, ""n_valid"": 1402, ""n_targets"": 1402}, {""horizon_s"": 3.2, ""horizon_samples"": 80, ""cc"": 0.3203137298007302, ""nrmse"": 0.9910253368594842, ""n_valid"": 1392, ""n_targets"": 1392}, {""horizon_s"": 3.6, ""horizon_samples"": 90, ""cc"": 0.24505133317630118, ""nrmse"": 1.0286267949768053, ""n_valid"": 1382, ""n_targets"": 1382}, {""horizon_s"": 4.0, ""horizon_samples"": 100, ""cc"": 0.15184765725622562, ""nrmse"": 1.0717605286031635, ""n_valid"": 1372, ""n_targets"": 1372}]",25,28,0.02000007678678039,True,0.0,457.31965796192213,12,0.4800839999979871,1472,1388,True,ok,8,0.16,4,0.8,1.3,5.0,0.02,1.5876815080009692,,True,b89a9e9cb23a34ff65509ef2cdac0bc612e4bd42333aca7c6241f2db58c13c7e,5debd4474f10c48df3bbcfb90f2b4b43496791f0b921cff9807e8e2a647f58f2,T30_15_00025,False,dc2de0c03036394091cb7c2b7c070947f7d1b458301f46d0881b102e3e922705
nan,15,sample_15.csv,T30,T30_15_00026,Awake,0,5,5,1524.799868,1584.999549,60,60.19968099999983,1500,24.99562576559584,37963,39463,37963,39463,T30/filtered_sessions/sample_15.csv,True,0,0.0,True,0.18018945541936415,True,0.16136329966405877,True,nan,0.7519530662127976,0.5956694215972443,0.6774007774631665,3.719367588932806,0.23206315688438836,2.0168925964546403,0.7141485703975607,0.9184494766442696,0.8001399999966452,1.2802239999946323,True,False,True,True,True,,,,,18,"[{""horizon_s"": 0.04, ""horizon_samples"": 1, ""cc"": 0.961860352835471, ""nrmse"": 0.27396095077223226, ""n_valid"": 1471, ""n_targets"": 1471}, {""horizon_s"": 0.08, ""horizon_samples"": 2, ""cc"": 0.9306198776426242, ""nrmse"": 0.36675499879484175, ""n_valid"": 1470, ""n_targets"": 1470}, {""horizon_s"": 0.12, ""horizon_samples"": 3, ""cc"": 0.942488366076424, ""nrmse"": 0.33500993064077494, ""n_valid"": 1469, ""n_targets"": 1469}, {""horizon_s"": 0.16, ""horizon_samples"": 4, ""cc"": 0.9445666530629822, ""nrmse"": 0.3287990043526379, ""n_valid"": 1468, ""n_targets"": 1468}, {""horizon_s"": 0.2, ""horizon_samples"": 5, ""cc"": 0.9338191209815877, ""nrmse"": 0.35790838934300795, ""n_valid"": 1467, ""n_targets"": 1467}, {""horizon_s"": 0.28, ""horizon_samples"": 7, ""cc"": 0.9232667397270115, ""nrmse"": 0.3841403991769072, ""n_valid"": 1465, ""n_targets"": 1465}, {""horizon_s"": 0.4, ""horizon_samples"": 10, ""cc"": 0.8970793504578268, ""nrmse"": 0.4413703916976189, ""n_valid"": 1462, ""n_targets"": 1462}, {""horizon_s"": 0.6, ""horizon_samples"": 15, ""cc"": 0.8562516933769695, ""nrmse"": 0.5164748936990216, ""n_valid"": 1457, ""n_targets"": 1457}, {""horizon_s"": 0.8, ""horizon_samples"": 20, ""cc"": 0.8324820218500393, ""nrmse"": 0.5548476578667306, ""n_valid"": 1452, ""n_targets"": 1452}, {""horizon_s"": 1.0, ""horizon_samples"": 25, ""cc"": 0.8049258032082385, ""nrmse"": 0.5939000204780177, ""n_valid"": 1447, ""n_targets"": 1447}, {""horizon_s"": 1.2, ""horizon_samples"": 30, ""cc"": 0.7893000380519815, ""nrmse"": 0.6143113913991343, ""n_valid"": 1442, ""n_targets"": 1442}, {""horizon_s"": 1.6, ""horizon_samples"": 40, ""cc"": 0.7017550801116413, ""nrmse"": 0.7162425148449995, ""n_valid"": 1432, ""n_targets"": 1432}, {""horizon_s"": 2.0, ""horizon_samples"": 50, ""cc"": 0.6530754430126847, ""nrmse"": 0.7600573877552373, ""n_valid"": 1422, ""n_targets"": 1422}, {""horizon_s"": 2.4, ""horizon_samples"": 60, ""cc"": 0.583857616420626, ""nrmse"": 0.8253419682238001, ""n_valid"": 1412, ""n_targets"": 1412}, {""horizon_s"": 2.8, ""horizon_samples"": 70, ""cc"": 0.49842859639320974, ""nrmse"": 0.8806056392864042, ""n_valid"": 1402, ""n_targets"": 1402}, {""horizon_s"": 3.2, ""horizon_samples"": 80, ""cc"": 0.4768299386128979, ""nrmse"": 0.897804011118681, ""n_valid"": 1392, ""n_targets"": 1392}, {""horizon_s"": 3.6, ""horizon_samples"": 90, ""cc"": 0.43274750653261196, ""nrmse"": 0.921606165359939, ""n_valid"": 1382, ""n_targets"": 1382}, {""horizon_s"": 4.0, ""horizon_samples"": 100, ""cc"": 0.3718009934755272, ""nrmse"": 0.9529138739404106, ""n_valid"": 1372, ""n_targets"": 1372}]",25,28,0.02000007678678039,True,0.0,498.3946962608626,12,0.4800839999979871,1472,1395,True,ok,8,0.16,4,0.8,1.3,5.0,0.02,1.406803638999918,,True,18c18d7f5675a37c4d804cadc22a95f9cb533f8c234e883c303abc6f38e3fef8,7f38b988e373b0d18b26426e036354ff3ebf009cc7245dbfc86659a1be2ed824,T30_15_00026,False,dc2de0c03036394091cb7c2b7c070947f7d1b458301f46d0881b102e3e922705
nan,15,sample_15.csv,T30,T30_15_00029,Drowsy,1,8,8,2025.299457,2085.499503,60,60.20004599999993,1500,24.99562576559584,45945,47445,50425,51925,T30/filtered_sessions/sample_15.csv,True,0,0.0,True,0.11821522120753633,True,0.060797493991430494,True,nan,0.7490476250269773,0.5758977675450921,0.7450688678792533,4.007485802787817,0.1256418870278831,2.00076423385556,0.8044023142917883,0.9718484339116278,0.8001399999966452,1.2802239999946323,True,True,True,True,True,,,,,18,"[{""horizon_s"": 0.04, ""horizon_samples"": 1, ""cc"": 0.9742528487262296, ""nrmse"": 0.2250115132262184, ""n_valid"": 1471, ""n_targets"": 1471}, {""horizon_s"": 0.08, ""horizon_samples"": 2, ""cc"": 0.9521912639414694, ""nrmse"": 0.3051045967964234, ""n_valid"": 1470, ""n_targets"": 1470}, {""horizon_s"": 0.12, ""horizon_samples"": 3, ""cc"": 0.9567705401097945, ""nrmse"": 0.29063882947283953, ""n_valid"": 1469, ""n_targets"": 1469}, {""horizon_s"": 0.16, ""horizon_samples"": 4, ""cc"": 0.9517364705807679, ""nrmse"": 0.3065422010223221, ""n_valid"": 1468, ""n_targets"": 1468}, {""horizon_s"": 0.2, ""horizon_samples"": 5, ""cc"": 0.943932550346053, ""nrmse"": 0.329781474656488, ""n_valid"": 1467, ""n_targets"": 1467}, {""horizon_s"": 0.28, ""horizon_samples"": 7, ""cc"": 0.9445978687037742, ""nrmse"": 0.32828287606610135, ""n_valid"": 1465, ""n_targets"": 1465}, {""horizon_s"": 0.4, ""horizon_samples"": 10, ""cc"": 0.9277542062652439, ""nrmse"": 0.3730321767786504, ""n_valid"": 1462, ""n_targets"": 1462}, {""horizon_s"": 0.6, ""horizon_samples"": 15, ""cc"": 0.8920696306396604, ""nrmse"": 0.4507530439291035, ""n_valid"": 1457, ""n_targets"": 1457}, {""horizon_s"": 0.8, ""horizon_samples"": 20, ""cc"": 0.861358016010796, ""nrmse"": 0.5069150546548317, ""n_valid"": 1452, ""n_targets"": 1452}, {""horizon_s"": 1.0, ""horizon_samples"": 25, ""cc"": 0.8432843948526243, ""nrmse"": 0.5372191156686947, ""n_valid"": 1447, ""n_targets"": 1447}, {""horizon_s"": 1.2, ""horizon_samples"": 30, ""cc"": 0.7998342246351351, ""nrmse"": 0.6024730457240985, ""n_valid"": 1442, ""n_targets"": 1442}, {""horizon_s"": 1.6, ""horizon_samples"": 40, ""cc"": 0.6993029979173698, ""nrmse"": 0.719168530628248, ""n_valid"": 1432, ""n_targets"": 1432}, {""horizon_s"": 2.0, ""horizon_samples"": 50, ""cc"": 0.6403507069963156, ""nrmse"": 0.774713741676255, ""n_valid"": 1422, ""n_targets"": 1422}, {""horizon_s"": 2.4, ""horizon_samples"": 60, ""cc"": 0.5464958325396487, ""nrmse"": 0.8503622013386215, ""n_valid"": 1412, ""n_targets"": 1412}, {""horizon_s"": 2.8, ""horizon_samples"": 70, ""cc"": 0.48620623682970376, ""nrmse"": 0.8879523429886117, ""n_valid"": 1402, ""n_targets"": 1402}, {""horizon_s"": 3.2, ""horizon_samples"": 80, ""cc"": 0.41707980756246943, ""nrmse"": 0.931519619271508, ""n_valid"": 1392, ""n_targets"": 1392}, {""horizon_s"": 3.6, ""horizon_samples"": 90, ""cc"": 0.3460530905134126, ""nrmse"": 0.961609939863746, ""n_valid"": 1382, ""n_targets"": 1382}, {""horizon_s"": 4.0, ""horizon_samples"": 100, ""cc"": 0.2995865633151215, ""nrmse"": 0.9850795120488969, ""n_valid"": 1372, ""n_targets"": 1372}]",25,28,0.02000007678678039,True,0.0,556.2169372015624,12,0.4800839999979871,1472,1433,True,ok,8,0.16,4,0.8,1.3,5.0,0.02,1.3367364709993126,,True,a9602376422ecfdc22f0ee40250359eb3c37ee9cad7b2bc59f01dc736e817245,da9ad3769fc0e76ae20f668d639ab5d94caa3efa79bf7ddd22949fbea946c489,T30_15_00029,False,dc2de0c03036394091cb7c2b7c070947f7d1b458301f46d0881b102e3e922705
nan,15,sample_15.csv,T30,T30_15_00027,Awake,0,5,5,1585.04022,1645.239525,60,60.19930499999987,1500,24.99562576559584,39463,40963,39463,40963,T30/filtered_sessions/sample_15.csv,True,0,0.0,True,0.37550239746084113,True,0.14854116562267822,True,nan,0.6427838227201046,0.6706015977951792,0.71910543744301,3.8728353579736368,0.307001967653693,2.078973025674358,0.8100793093046145,0.9823269360301611,0.8001399999966452,1.2802239999946323,True,True,True,True,True,,,,,18,"[{""horizon_s"": 0.04, ""horizon_samples"": 1, ""cc"": 0.9619997096552673, ""nrmse"": 0.27262291006743045, ""n_valid"": 1471, ""n_targets"": 1471}, {""horizon_s"": 0.08, ""horizon_samples"": 2, ""cc"": 0.9292821723527258, ""nrmse"": 0.36889888277233, ""n_valid"": 1470, ""n_targets"": 1470}, {""horizon_s"": 0.12, ""horizon_samples"": 3, ""cc"": 0.9333063853789488, ""nrmse"": 0.35864029271723286, ""n_valid"": 1469, ""n_targets"": 1469}, {""horizon_s"": 0.16, ""horizon_samples"": 4, ""cc"": 0.9233854076860321, ""nrmse"": 0.3830494452664262, ""n_valid"": 1468, ""n_targets"": 1468}, {""horizon_s"": 0.2, ""horizon_samples"": 5, ""cc"": 0.9163896397713964, ""nrmse"": 0.39960871190597885, ""n_valid"": 1467, ""n_targets"": 1467}, {""horizon_s"": 0.28, ""horizon_samples"": 7, ""cc"": 0.9158839118251254, ""nrmse"": 0.4008016654135517, ""n_valid"": 1465, ""n_targets"": 1465}, {""horizon_s"": 0.4, ""horizon_samples"": 10, ""cc"": 0.8847340193883841, ""nrmse"": 0.4663086659624157, ""n_valid"": 1462, ""n_targets"": 1462}, {""horizon_s"": 0.6, ""horizon_samples"": 15, ""cc"": 0.849395764071793, ""nrmse"": 0.5271214721433372, ""n_valid"": 1457, ""n_targets"": 1457}, {""horizon_s"": 0.8, ""horizon_samples"": 20, ""cc"": 0.7896538634157791, ""nrmse"": 0.6134198870276757, ""n_valid"": 1452, ""n_targets"": 1452}, {""horizon_s"": 1.0, ""horizon_samples"": 25, ""cc"": 0.7339208959944244, ""nrmse"": 0.680686649813072, ""n_valid"": 1447, ""n_targets"": 1447}, {""horizon_s"": 1.2, ""horizon_samples"": 30, ""cc"": 0.6842605853994761, ""nrmse"": 0.7326977381196021, ""n_valid"": 1442, ""n_targets"": 1442}, {""horizon_s"": 1.6, ""horizon_samples"": 40, ""cc"": 0.5340703218043837, ""nrmse"": 0.8553133707030353, ""n_valid"": 1432, ""n_targets"": 1432}, {""horizon_s"": 2.0, ""horizon_samples"": 50, ""cc"": 0.4387027851496423, ""nrmse"": 0.9177401719110032, ""n_valid"": 1422, ""n_targets"": 1422}, {""horizon_s"": 2.4, ""horizon_samples"": 60, ""cc"": 0.3439261363446037, ""nrmse"": 0.9667269769682805, ""n_valid"": 1412, ""n_targets"": 1412}, {""horizon_s"": 2.8, ""horizon_samples"": 70, ""cc"": 0.23266624570479968, ""nrmse"": 1.0174969876438062, ""n_valid"": 1402, ""n_targets"": 1402}, {""horizon_s"": 3.2, ""horizon_samples"": 80, ""cc"": 0.18528032197217664, ""nrmse"": 1.0317414213599183, ""n_valid"": 1392, ""n_targets"": 1392}, {""horizon_s"": 3.6, ""horizon_samples"": 90, ""cc"": 0.17623418016174622, ""nrmse"": 1.0325650446584522, ""n_valid"": 1382, ""n_targets"": 1382}, {""horizon_s"": 4.0, ""horizon_samples"": 100, ""cc"": 0.13701646288517855, ""nrmse"": 1.0453884658596762, ""n_valid"": 1372, ""n_targets"": 1372}]",25,28,0.02000007678678039,True,0.0,510.6976252809228,12,0.4800839999979871,1472,1418,True,ok,8,0.16,4,0.8,1.3,5.0,0.02,1.5854552800010424,,True,1b12174e0d5691302d0d6632d4955f9248e0844947cce9e15f68598875c6109e,e44a1b1dbed7670d24b6f8a3925658bfc8bd8763a1e53a678a1cd18c6cd53d09,T30_15_00027,False,dc2de0c03036394091cb7c2b7c070947f7d1b458301f46d0881b102e3e922705
nan,15,sample_15.csv,T30,T30_15_00030,Awake,0,10,9,2186.110398,2246.30934,60,60.19894199999999,1500,24.99562576559584,48456,49956,54429,55929,T30/filtered_sessions/sample_15.csv,True,0,0.0,True,0.13460329081117467,True,0.3162775670169577,True,nan,0.706877396510576,0.6164156406896093,0.7238566012381821,3.9227568270481146,0.20840332101550127,2.0113478462251044,0.7633216498147066,0.9604553083448638,0.8001399999966452,1.2802239999946323,True,True,True,True,True,,,,,18,"[{""horizon_s"": 0.04, ""horizon_samples"": 1, ""cc"": 0.9696819460890775, ""nrmse"": 0.24538348906215737, ""n_valid"": 1471, ""n_targets"": 1471}, {""horizon_s"": 0.08, ""horizon_samples"": 2, ""cc"": 0.9418192559815072, ""nrmse"": 0.3369081290471777, ""n_valid"": 1470, ""n_targets"": 1470}, {""horizon_s"": 0.12, ""horizon_samples"": 3, ""cc"": 0.9479994852411895, ""nrmse"": 0.31924656640329657, ""n_valid"": 1469, ""n_targets"": 1469}, {""horizon_s"": 0.16, ""horizon_samples"": 4, ""cc"": 0.9432581473629944, ""nrmse"": 0.3325734365259696, ""n_valid"": 1468, ""n_targets"": 1468}, {""horizon_s"": 0.2, ""horizon_samples"": 5, ""cc"": 0.9349876056674795, ""nrmse"": 0.35514238553010785, ""n_valid"": 1467, ""n_targets"": 1467}, {""horizon_s"": 0.28, ""horizon_samples"": 7, ""cc"": 0.9297170698942752, ""nrmse"": 0.36884470920332457, ""n_valid"": 1465, ""n_targets"": 1465}, {""horizon_s"": 0.4, ""horizon_samples"": 10, ""cc"": 0.907385385903252, ""nrmse"": 0.4204686124598368, ""n_valid"": 1462, ""n_targets"": 1462}, {""horizon_s"": 0.6, ""horizon_samples"": 15, ""cc"": 0.8665136997845483, ""nrmse"": 0.4988099725854601, ""n_valid"": 1457, ""n_targets"": 1457}, {""horizon_s"": 0.8, ""horizon_samples"": 20, ""cc"": 0.8432033413934874, ""nrmse"": 0.5377049268606691, ""n_valid"": 1452, ""n_targets"": 1452}, {""horizon_s"": 1.0, ""horizon_samples"": 25, ""cc"": 0.799586228529202, ""nrmse"": 0.6002903623273312, ""n_valid"": 1447, ""n_targets"": 1447}, {""horizon_s"": 1.2, ""horizon_samples"": 30, ""cc"": 0.7700308841613683, ""nrmse"": 0.6378022210749166, ""n_valid"": 1442, ""n_targets"": 1442}, {""horizon_s"": 1.6, ""horizon_samples"": 40, ""cc"": 0.6506774552252707, ""nrmse"": 0.7649417316745933, ""n_valid"": 1432, ""n_targets"": 1432}, {""horizon_s"": 2.0, ""horizon_samples"": 50, ""cc"": 0.5764397232701309, ""nrmse"": 0.823373735917291, ""n_valid"": 1422, ""n_targets"": 1422}, {""horizon_s"": 2.4, ""horizon_samples"": 60, ""cc"": 0.4852031997454491, ""nrmse"": 0.890945102433697, ""n_valid"": 1412, ""n_targets"": 1412}, {""horizon_s"": 2.8, ""horizon_samples"": 70, ""cc"": 0.37693628346905383, ""nrmse"": 0.9511189351196844, ""n_valid"": 1402, ""n_targets"": 1402}, {""horizon_s"": 3.2, ""horizon_samples"": 80, ""cc"": 0.2972566235416507, ""nrmse"": 0.9903429617623198, ""n_valid"": 1392, ""n_targets"": 1392}, {""horizon_s"": 3.6, ""horizon_samples"": 90, ""cc"": 0.2731075130041155, ""nrmse"": 0.9967009989566675, ""n_valid"": 1382, ""n_targets"": 1382}, {""horizon_s"": 4.0, ""horizon_samples"": 100, ""cc"": 0.20998928892631577, ""nrmse"": 1.0248832554684681, ""n_valid"": 1372, ""n_targets"": 1372}]",25,28,0.02000007678678039,True,0.0,454.09240506753645,12,0.4800839999979871,1472,1428,True,ok,8,0.16,4,0.8,1.3,5.0,0.02,1.5941571140010637,,True,3c95eff20a578a4ad55f553a94584d2eb2200b05d370aec21673763d8be763b2,722d662158b2f5a7d689b97628c6a8ae4a64d1700ae51111e670560843399694,T30_15_00030,False,dc2de0c03036394091cb7c2b7c070947f7d1b458301f46d0881b102e3e922705
nan,15,sample_15.csv,T30,T30_15_00032,Awake,0,10,9,2306.589424,2366.78934,60,60.19991600000003,1500,24.99562576559584,51456,52956,57429,58929,T30/filtered_sessions/sample_15.csv,True,0,0.0,True,0.26494053448793586,False,0.8331560082417533,True,nan,0.6213131270248926,0.7076025336125858,0.7000047991553486,3.9896061269146608,0.4448817008206556,2.1478220574606115,0.8140315281116131,0.9579277097141,0.8001399999966452,1.2802239999946323,True,True,True,True,True,,,,,18,"[{""horizon_s"": 0.04, ""horizon_samples"": 1, ""cc"": 0.9482226404391637, ""nrmse"": 0.3194255201575304, ""n_valid"": 1471, ""n_targets"": 1471}, {""horizon_s"": 0.08, ""horizon_samples"": 2, ""cc"": 0.8971932914894796, ""nrmse"": 0.4444329128986252, ""n_valid"": 1470, ""n_targets"": 1470}, {""horizon_s"": 0.12, ""horizon_samples"": 3, ""cc"": 0.8983485753358116, ""nrmse"": 0.4425582359115037, ""n_valid"": 1469, ""n_targets"": 1469}, {""horizon_s"": 0.16, ""horizon_samples"": 4, ""cc"": 0.9004391261300921, ""nrmse"": 0.4384130048328837, ""n_valid"": 1468, ""n_targets"": 1468}, {""horizon_s"": 0.2, ""horizon_samples"": 5, ""cc"": 0.8895930504949923, ""nrmse"": 0.4595303931342791, ""n_valid"": 1467, ""n_targets"": 1467}, {""horizon_s"": 0.28, ""horizon_samples"": 7, ""cc"": 0.8773074737650324, ""nrmse"": 0.4829180193990116, ""n_valid"": 1465, ""n_targets"": 1465}, {""horizon_s"": 0.4, ""horizon_samples"": 10, ""cc"": 0.8418845051701561, ""nrmse"": 0.5437573027734512, ""n_valid"": 1462, ""n_targets"": 1462}, {""horizon_s"": 0.6, ""horizon_samples"": 15, ""cc"": 0.7853008918771471, ""nrmse"": 0.6236850177863357, ""n_valid"": 1457, ""n_targets"": 1457}, {""horizon_s"": 0.8, ""horizon_samples"": 20, ""cc"": 0.7538644332347633, ""nrmse"": 0.6615237158649747, ""n_valid"": 1452, ""n_targets"": 1452}, {""horizon_s"": 1.0, ""horizon_samples"": 25, ""cc"": 0.7043199155613603, ""nrmse"": 0.7159342281204457, ""n_valid"": 1447, ""n_targets"": 1447}, {""horizon_s"": 1.2, ""horizon_samples"": 30, ""cc"": 0.6681477012146114, ""nrmse"": 0.752285644915669, ""n_valid"": 1442, ""n_targets"": 1442}, {""horizon_s"": 1.6, ""horizon_samples"": 40, ""cc"": 0.5690844966303319, ""nrmse"": 0.8352716059404457, ""n_valid"": 1432, ""n_targets"": 1432}, {""horizon_s"": 2.0, ""horizon_samples"": 50, ""cc"": 0.47491959039485987, ""nrmse"": 0.8969610371030687, ""n_valid"": 1422, ""n_targets"": 1422}, {""horizon_s"": 2.4, ""horizon_samples"": 60, ""cc"": 0.3613118583874126, ""nrmse"": 0.9622317269158899, ""n_valid"": 1412, ""n_targets"": 1412}, {""horizon_s"": 2.8, ""horizon_samples"": 70, ""cc"": 0.26095034496782366, ""nrmse"": 1.0019910419103706, ""n_valid"": 1402, ""n_targets"": 1402}, {""horizon_s"": 3.2, ""horizon_samples"": 80, ""cc"": 0.19977959945091062, ""nrmse"": 1.026510209469786, ""n_valid"": 1392, ""n_targets"": 1392}, {""horizon_s"": 3.6, ""horizon_samples"": 90, ""cc"": 0.09891573776864514, ""nrmse"": 1.0586924549573102, ""n_valid"": 1382, ""n_targets"": 1382}, {""horizon_s"": 4.0, ""horizon_samples"": 100, ""cc"": 0.05405305413547382, ""nrmse"": 1.0707235329349654, ""n_valid"": 1372, ""n_targets"": 1372}]",25,28,0.02000007678678039,True,0.0,396.4332568257759,14,0.5600979999976516,1472,1399,True,ok,8,0.16,4,0.8,1.3,5.0,0.02,1.4764458520003245,,True,a7142a290453cfbd77ecd0cd1f73723568d5e7f1405c0e7b636166a6e9c411f9,2f4878c9eca4c8c208840620844718bf9fdda48a87bb252c78b50e7c4ccfe88b,T30_15_00032,False,dc2de0c03036394091cb7c2b7c070947f7d1b458301f46d0881b102e3e922705
nan,15,sample_15.csv,T30,T30_15_00034,Drowsy,1,13,10,2555.750083,2615.950042,60,60.199959000000035,1500,24.99562576559584,55929,57429,63633,65133,T30/filtered_sessions/sample_15.csv,True,0,0.0,True,0.27160837201786936,True,0.22864766497879122,True,nan,0.6667796160576507,0.6721397711674921,0.726064212698565,3.9844614169080854,0.23947785189806595,2.0052240305404863,0.8121552177684208,0.9610759173964056,0.8001399999966452,1.2802239999946323,True,True,True,True,True,,,,,18,"[{""horizon_s"": 0.04, ""horizon_samples"": 1, ""cc"": 0.9581158137752693, ""nrmse"": 0.2871038211176794, ""n_valid"": 1471, ""n_targets"": 1471}, {""horizon_s"": 0.08, ""horizon_samples"": 2, ""cc"": 0.9146616615508155, ""nrmse"": 0.404876248562696, ""n_valid"": 1470, ""n_targets"": 1470}, {""horizon_s"": 0.12, ""horizon_samples"": 3, ""cc"": 0.9102466728153366, ""nrmse"": 0.41486477520571663, ""n_valid"": 1469, ""n_targets"": 1469}, {""horizon_s"": 0.16, ""horizon_samples"": 4, ""cc"": 0.914325816038248, ""nrmse"": 0.40588959655781115, ""n_valid"": 1468, ""n_targets"": 1468}, {""horizon_s"": 0.2, ""horizon_samples"": 5, ""cc"": 0.9137056535685216, ""nrmse"": 0.4073855516244511, ""n_valid"": 1467, ""n_targets"": 1467}, {""horizon_s"": 0.28, ""horizon_samples"": 7, ""cc"": 0.8927185082717186, ""nrmse"": 0.4519887527928733, ""n_valid"": 1465, ""n_targets"": 1465}, {""horizon_s"": 0.4, ""horizon_samples"": 10, ""cc"": 0.8727618583974924, ""nrmse"": 0.49070595024427266, ""n_valid"": 1462, ""n_targets"": 1462}, {""horizon_s"": 0.6, ""horizon_samples"": 15, ""cc"": 0.8221487896388836, ""nrmse"": 0.572068287680641, ""n_valid"": 1457, ""n_targets"": 1457}, {""horizon_s"": 0.8, ""horizon_samples"": 20, ""cc"": 0.7716949349806931, ""nrmse"": 0.6395729693171083, ""n_valid"": 1452, ""n_targets"": 1452}, {""horizon_s"": 1.0, ""horizon_samples"": 25, ""cc"": 0.7342339234976312, ""nrmse"": 0.6817435728589128, ""n_valid"": 1447, ""n_targets"": 1447}, {""horizon_s"": 1.2, ""horizon_samples"": 30, ""cc"": 0.6931256004635318, ""nrmse"": 0.7276930838624003, ""n_valid"": 1442, ""n_targets"": 1442}, {""horizon_s"": 1.6, ""horizon_samples"": 40, ""cc"": 0.5710708491710992, ""nrmse"": 0.8327897473890444, ""n_valid"": 1432, ""n_targets"": 1432}, {""horizon_s"": 2.0, ""horizon_samples"": 50, ""cc"": 0.48439451983394916, ""nrmse"": 0.893694818541629, ""n_valid"": 1422, ""n_targets"": 1422}, {""horizon_s"": 2.4, ""horizon_samples"": 60, ""cc"": 0.39597486157316636, ""nrmse"": 0.9443625831509598, ""n_valid"": 1412, ""n_targets"": 1412}, {""horizon_s"": 2.8, ""horizon_samples"": 70, ""cc"": 0.3562849886064639, ""nrmse"": 0.9594506176638232, ""n_valid"": 1402, ""n_targets"": 1402}, {""horizon_s"": 3.2, ""horizon_samples"": 80, ""cc"": 0.32574948565590256, ""nrmse"": 0.972383353348829, ""n_valid"": 1392, ""n_targets"": 1392}, {""horizon_s"": 3.6, ""horizon_samples"": 90, ""cc"": 0.24709050264445762, ""nrmse"": 1.0007886019670578, ""n_valid"": 1382, ""n_targets"": 1382}, {""horizon_s"": 4.0, ""horizon_samples"": 100, ""cc"": 0.22372864855453137, ""nrmse"": 1.0111535491289543, ""n_valid"": 1372, ""n_targets"": 1372}]",25,28,0.02000007678678039,True,0.0,554.3326408824889,12,0.4800839999979871,1472,1425,True,ok,8,0.16,4,0.8,1.3,5.0,0.02,1.3451867420008057,,True,06c6976bd939e48cdcc6fae0ce25df7ea8ebf8bbb436bce3a75c546616b57e0a,863f3ddb8c00b825b087a010bfa52c9a1e5aa35d7c9f933680b700f55b9aadc1,T30_15_00034,False,dc2de0c03036394091cb7c2b7c070947f7d1b458301f46d0881b102e3e922705
nan,15,sample_15.csv,T30,T30_15_00028,Drowsy,1,6,6,1753.999597,1814.200015,60,60.2004179999999,1500,24.99562576559584,42177,43677,43670,45170,T30/filtered_sessions/sample_15.csv,True,0,0.0,True,0.2651360842169079,True,0.4236375354307025,True,nan,0.6529508199306142,0.6786916560868118,0.7051398953784134,4.0655783065855005,0.3008590488074099,2.010906174819567,0.773500090646341,0.9751810571039127,0.8001399999966452,1.2802239999946323,True,True,True,True,True,,,,,18,"[{""horizon_s"": 0.04, ""horizon_samples"": 1, ""cc"": 0.9560644211939899, ""nrmse"": 0.2953525142465076, ""n_valid"": 1471, ""n_targets"": 1471}, {""horizon_s"": 0.08, ""horizon_samples"": 2, ""cc"": 0.9232080732782588, ""nrmse"": 0.38610858281821825, ""n_valid"": 1470, ""n_targets"": 1470}, {""horizon_s"": 0.12, ""horizon_samples"": 3, ""cc"": 0.9259288495871013, ""nrmse"": 0.3790128294550247, ""n_valid"": 1469, ""n_targets"": 1469}, {""horizon_s"": 0.16, ""horizon_samples"": 4, ""cc"": 0.919466047578976, ""nrmse"": 0.3938923799239424, ""n_valid"": 1468, ""n_targets"": 1468}, {""horizon_s"": 0.2, ""horizon_samples"": 5, ""cc"": 0.9150693043090821, ""nrmse"": 0.40422098349269314, ""n_valid"": 1467, ""n_targets"": 1467}, {""horizon_s"": 0.28, ""horizon_samples"": 7, ""cc"": 0.907777157409484, ""nrmse"": 0.42021656855141626, ""n_valid"": 1465, ""n_targets"": 1465}, {""horizon_s"": 0.4, ""horizon_samples"": 10, ""cc"": 0.874912061628573, ""nrmse"": 0.485354989986381, ""n_valid"": 1462, ""n_targets"": 1462}, {""horizon_s"": 0.6, ""horizon_samples"": 15, ""cc"": 0.8383272620603801, ""nrmse"": 0.545640587952816, ""n_valid"": 1457, ""n_targets"": 1457}, {""horizon_s"": 0.8, ""horizon_samples"": 20, ""cc"": 0.7613400492957072, ""nrmse"": 0.650998590216451, ""n_valid"": 1452, ""n_targets"": 1452}, {""horizon_s"": 1.0, ""horizon_samples"": 25, ""cc"": 0.704260138603876, ""nrmse"": 0.7134382598361573, ""n_valid"": 1447, ""n_targets"": 1447}, {""horizon_s"": 1.2, ""horizon_samples"": 30, ""cc"": 0.6840530864522149, ""nrmse"": 0.7340516554731581, ""n_valid"": 1442, ""n_targets"": 1442}, {""horizon_s"": 1.6, ""horizon_samples"": 40, ""cc"": 0.5246737728206502, ""nrmse"": 0.864582949050768, ""n_valid"": 1432, ""n_targets"": 1432}, {""horizon_s"": 2.0, ""horizon_samples"": 50, ""cc"": 0.4579654072392138, ""nrmse"": 0.9104598953281207, ""n_valid"": 1422, ""n_targets"": 1422}, {""horizon_s"": 2.4, ""horizon_samples"": 60, ""cc"": 0.35162166472906276, ""nrmse"": 0.9681376519348197, ""n_valid"": 1412, ""n_targets"": 1412}, {""horizon_s"": 2.8, ""horizon_samples"": 70, ""cc"": 0.28198397262095154, ""nrmse"": 1.0010164929423415, ""n_valid"": 1402, ""n_targets"": 1402}, {""horizon_s"": 3.2, ""horizon_samples"": 80, ""cc"": 0.2525852428970931, ""nrmse"": 1.0203802374154853, ""n_valid"": 1392, ""n_targets"": 1392}, {""horizon_s"": 3.6, ""horizon_samples"": 90, ""cc"": 0.24729505997732631, ""nrmse"": 1.0178230031322384, ""n_valid"": 1382, ""n_targets"": 1382}, {""horizon_s"": 4.0, ""horizon_samples"": 100, ""cc"": 0.22658318706911335, ""nrmse"": 1.025761637806075, ""n_valid"": 1372, ""n_targets"": 1372}]",25,28,0.02000007678678039,True,0.0,477.6091696766843,11,0.44007699999815486,1472,1433,True,ok,8,0.16,4,0.8,1.3,5.0,0.02,2.8046398460010096,,True,1376b69c26131d88c68abaeb127c060172f21fc8637e29b0600acee50740f1b7,c59beadd604f30f739adcbc0081e0679ce52d2a87791a76a5e8aae93b3855f75,T30_15_00028,False,dc2de0c03036394091cb7c2b7c070947f7d1b458301f46d0881b102e3e922705
nan,15,sample_15.csv,T30,T30_15_00033,Awake,0,10,9,2366.829596,2427.040325,60,60.2107289999999,1500,24.99562576559584,52956,54456,58929,60429,T30/filtered_sessions/sample_15.csv,True,0,0.0,True,0.3105712774982774,True,0.4936632068745564,True,nan,0.7445068625719898,0.593794878853481,0.7156020540384892,4.120198949986184,0.32243125209963047,2.054901361064383,0.7992399124554849,0.9584629486775474,0.8001399999966452,1.2802239999946323,True,True,True,True,True,,,,,18,"[{""horizon_s"": 0.04, ""horizon_samples"": 1, ""cc"": 0.9716329007604937, ""nrmse"": 0.23912582705185031, ""n_valid"": 1471, ""n_targets"": 1471}, {""horizon_s"": 0.08, ""horizon_samples"": 2, ""cc"": 0.9502648146813298, ""nrmse"": 0.3149571025853971, ""n_valid"": 1470, ""n_targets"": 1470}, {""horizon_s"": 0.12, ""horizon_samples"": 3, ""cc"": 0.9527079899972365, ""nrmse"": 0.3065634010252925, ""n_valid"": 1469, ""n_targets"": 1469}, {""horizon_s"": 0.16, ""horizon_samples"": 4, ""cc"": 0.9488302318592496, ""nrmse"": 0.3184625969995092, ""n_valid"": 1468, ""n_targets"": 1468}, {""horizon_s"": 0.2, ""horizon_samples"": 5, ""cc"": 0.947137473620171, ""nrmse"": 0.3251023735895155, ""n_valid"": 1467, ""n_targets"": 1467}, {""horizon_s"": 0.28, ""horizon_samples"": 7, ""cc"": 0.9373753054679993, ""nrmse"": 0.350795161545928, ""n_valid"": 1465, ""n_targets"": 1465}, {""horizon_s"": 0.4, ""horizon_samples"": 10, ""cc"": 0.9100796939513444, ""nrmse"": 0.41842586460200404, ""n_valid"": 1462, ""n_targets"": 1462}, {""horizon_s"": 0.6, ""horizon_samples"": 15, ""cc"": 0.8869185698088331, ""nrmse"": 0.4648032402698435, ""n_valid"": 1457, ""n_targets"": 1457}, {""horizon_s"": 0.8, ""horizon_samples"": 20, ""cc"": 0.8543691551219647, ""nrmse"": 0.5234503568638709, ""n_valid"": 1452, ""n_targets"": 1452}, {""horizon_s"": 1.0, ""horizon_samples"": 25, ""cc"": 0.8105494397474174, ""nrmse"": 0.5910481926426366, ""n_valid"": 1447, ""n_targets"": 1447}, {""horizon_s"": 1.2, ""horizon_samples"": 30, ""cc"": 0.7537140960522333, ""nrmse"": 0.6637719222994006, ""n_valid"": 1442, ""n_targets"": 1442}, {""horizon_s"": 1.6, ""horizon_samples"": 40, ""cc"": 0.7127204540535239, ""nrmse"": 0.7103341044510293, ""n_valid"": 1432, ""n_targets"": 1432}, {""horizon_s"": 2.0, ""horizon_samples"": 50, ""cc"": 0.6141668143021827, ""nrmse"": 0.8037593817118464, ""n_valid"": 1422, ""n_targets"": 1422}, {""horizon_s"": 2.4, ""horizon_samples"": 60, ""cc"": 0.5627264649184601, ""nrmse"": 0.8468116617197, ""n_valid"": 1412, ""n_targets"": 1412}, {""horizon_s"": 2.8, ""horizon_samples"": 70, ""cc"": 0.49623647101221, ""nrmse"": 0.89056455388324, ""n_valid"": 1402, ""n_targets"": 1402}, {""horizon_s"": 3.2, ""horizon_samples"": 80, ""cc"": 0.4241195968115268, ""nrmse"": 0.9421622019013054, ""n_valid"": 1392, ""n_targets"": 1392}, {""horizon_s"": 3.6, ""horizon_samples"": 90, ""cc"": 0.362152095366634, ""nrmse"": 0.9729957310143709, ""n_valid"": 1382, ""n_targets"": 1382}, {""horizon_s"": 4.0, ""horizon_samples"": 100, ""cc"": 0.30542195876300593, ""nrmse"": 1.0051741452059209, ""n_valid"": 1372, ""n_targets"": 1372}]",25,28,0.02000007678678039,True,0.0,534.9320801462289,12,0.4800839999979871,1472,1401,True,ok,8,0.16,4,0.8,1.3,5.0,0.02,1.56139774499934,,True,5bd7b1400c5c371c8238887c1217e83896f3236b59cc9e3420499c449b5005f5,5211efade050e78d581f65703fdb44132ecae30ecce2cfb39a3a23d15dafb980,T30_15_00033,False,dc2de0c03036394091cb7c2b7c070947f7d1b458301f46d0881b102e3e922705
nan,15,sample_15.csv,T30,T30_15_00036,Drowsy,1,13,10,2676.239391,2736.439748,60,60.20035699999971,1500,24.99562576559584,58929,60429,66633,68133,T30/filtered_sessions/sample_15.csv,True,0,0.0,True,0.4095072119335223,False,0.573335542553347,True,nan,0.6298666142903653,0.6831958028930922,0.720497192494121,4.078511274110296,0.2902769112636176,2.062926330150068,0.8567846295038823,0.9851395113905665,0.8001399999966452,1.2802239999946323,True,True,True,True,True,,,,,18,"[{""horizon_s"": 0.04, ""horizon_samples"": 1, ""cc"": 0.9605346716991092, ""nrmse"": 0.27822934984225695, ""n_valid"": 1471, ""n_targets"": 1471}, {""horizon_s"": 0.08, ""horizon_samples"": 2, ""cc"": 0.9238912564696533, ""nrmse"": 0.38206362744034755, ""n_valid"": 1470, ""n_targets"": 1470}, {""horizon_s"": 0.12, ""horizon_samples"": 3, ""cc"": 0.9288529157935721, ""nrmse"": 0.3702350079923647, ""n_valid"": 1469, ""n_targets"": 1469}, {""horizon_s"": 0.16, ""horizon_samples"": 4, ""cc"": 0.9255767649866965, ""nrmse"": 0.37799514088752456, ""n_valid"": 1468, ""n_targets"": 1468}, {""horizon_s"": 0.2, ""horizon_samples"": 5, ""cc"": 0.9142313889607104, ""nrmse"": 0.4041525173762921, ""n_valid"": 1467, ""n_targets"": 1467}, {""horizon_s"": 0.28, ""horizon_samples"": 7, ""cc"": 0.9097320059740396, ""nrmse"": 0.414353161567996, ""n_valid"": 1465, ""n_targets"": 1465}, {""horizon_s"": 0.4, ""horizon_samples"": 10, ""cc"": 0.869468366452054, ""nrmse"": 0.49337439795390536, ""n_valid"": 1462, ""n_targets"": 1462}, {""horizon_s"": 0.6, ""horizon_samples"": 15, ""cc"": 0.8191975899641234, ""nrmse"": 0.5712655064421623, ""n_valid"": 1457, ""n_targets"": 1457}, {""horizon_s"": 0.8, ""horizon_samples"": 20, ""cc"": 0.7819627727773132, ""nrmse"": 0.6193929712556595, ""n_valid"": 1452, ""n_targets"": 1452}, {""horizon_s"": 1.0, ""horizon_samples"": 25, ""cc"": 0.7189617585715847, ""nrmse"": 0.694581915326455, ""n_valid"": 1447, ""n_targets"": 1447}, {""horizon_s"": 1.2, ""horizon_samples"": 30, ""cc"": 0.6619574848291067, ""nrmse"": 0.7506499465204433, ""n_valid"": 1442, ""n_targets"": 1442}, {""horizon_s"": 1.6, ""horizon_samples"": 40, ""cc"": 0.5052723271204125, ""nrmse"": 0.8753523526739261, ""n_valid"": 1432, ""n_targets"": 1432}, {""horizon_s"": 2.0, ""horizon_samples"": 50, ""cc"": 0.4261065107505707, ""nrmse"": 0.9292297266855357, ""n_valid"": 1422, ""n_targets"": 1422}, {""horizon_s"": 2.4, ""horizon_samples"": 60, ""cc"": 0.33882069951956756, ""nrmse"": 0.9754501551356848, ""n_valid"": 1412, ""n_targets"": 1412}, {""horizon_s"": 2.8, ""horizon_samples"": 70, ""cc"": 0.2675462831085016, ""nrmse"": 1.0036226004506978, ""n_valid"": 1402, ""n_targets"": 1402}, {""horizon_s"": 3.2, ""horizon_samples"": 80, ""cc"": 0.20388978947378017, ""nrmse"": 1.0297417501016233, ""n_valid"": 1392, ""n_targets"": 1392}, {""horizon_s"": 3.6, ""horizon_samples"": 90, ""cc"": 0.1340432235249603, ""nrmse"": 1.0488351576331316, ""n_valid"": 1382, ""n_targets"": 1382}, {""horizon_s"": 4.0, ""horizon_samples"": 100, ""cc"": 0.047553247250817055, ""nrmse"": 1.0789991667896537, ""n_valid"": 1372, ""n_targets"": 1372}]",25,28,0.02000007678678039,True,0.0,479.39134221549745,13,0.5200909999978194,1472,1424,True,ok,8,0.16,4,0.8,1.3,5.0,0.02,1.4631406070002413,,True,4e15fa2981d1559a154abecca22f9ccf1ff2c5ec63cc7b7dbfe0136fd53eb895,21aeafea8b8401f1e94e076fc70f6495260ba0a7f8c9dc75d95ee9c2445d04c8,T30_15_00036,False,dc2de0c03036394091cb7c2b7c070947f7d1b458301f46d0881b102e3e922705
