subject,session,source_file,rule,window_id,state,label,segment_id,retained_interval_id,window_start_s,window_end_s,duration_s,observed_span_s,n_samples,fs,window_start_index,window_end_index,source_start_index,source_end_index,signal_file,sqi_pass,sqi_artifact_samples,sqi_artifact_fraction,stationarity_pass,variance_stability_metric,stationarity_pass_raw,variance_stability_metric_raw,analysis_included,exclusion_reason,Mean_CC,Mean_NRMSE,DET,Lmean,LAM,TT,LLE,LLE_fit_R2,LLE_fit_start_s,LLE_fit_end_s,LLE_pass_R2_090,LLE_pass_R2_095,simplex_success,rqa_success,lle_success,simplex_error,rqa_error,lle_error,error_message,simplex_horizons_completed,simplex_horizon_metrics,simplex_theiler_samples,rqa_theiler_samples,rqa_achieved_rr,rqa_rr_exact,rqa_zero_distance_fraction,rqa_epsilon,LLE_theiler_samples,LLE_theiler_s,LLE_n_pairs_initial,LLE_n_pairs_fit_min,LLE_core_valid,LLE_qc_reason,m,tau_s,tau_samples,requested_fit_start_s,requested_fit_end_s,max_follow_s,target_rr,elapsed_s,warnings,signal_extraction_success,signal_sha256,computation_key,computed_for_window_id,reused_identical_signal,configuration_hash
nan,18,sample_18.csv,T30,T30_18_00002,Awake,0,2,2,62.24016953,122.4605153,60,60.220345769999994,1500,24.997500250004045,1550,3050,1550,3050,T30/filtered_sessions/sample_18.csv,True,0,0.0,True,0.0812791431856707,True,0.10526169862080609,True,nan,0.8130713354788036,0.5074008101809258,0.7154580793780295,4.064340239912759,0.0552382780630609,2.0,0.7464073332740753,0.9707569169330034,0.8000799999990704,1.2801279999985127,True,True,True,True,True,,,,,18,"[{""horizon_s"": 0.04, ""horizon_samples"": 1, ""cc"": 0.9816251608717103, ""nrmse"": 0.1909529333168485, ""n_valid"": 1471, ""n_targets"": 1471}, {""horizon_s"": 0.08, ""horizon_samples"": 2, ""cc"": 0.9681893311726998, ""nrmse"": 0.250831781131619, ""n_valid"": 1470, ""n_targets"": 1470}, {""horizon_s"": 0.12, ""horizon_samples"": 3, ""cc"": 0.9674526914757249, ""nrmse"": 0.253298390982173, ""n_valid"": 1469, ""n_targets"": 1469}, {""horizon_s"": 0.16, ""horizon_samples"": 4, ""cc"": 0.9600058172997142, ""nrmse"": 0.28029387257927857, ""n_valid"": 1468, ""n_targets"": 1468}, {""horizon_s"": 0.2, ""horizon_samples"": 5, ""cc"": 0.9589648268020375, ""nrmse"": 0.2839700138998973, ""n_valid"": 1467, ""n_targets"": 1467}, {""horizon_s"": 0.28, ""horizon_samples"": 7, ""cc"": 0.9586720374947453, ""nrmse"": 0.28491047768165145, ""n_valid"": 1465, ""n_targets"": 1465}, {""horizon_s"": 0.4, ""horizon_samples"": 10, ""cc"": 0.9556763002006085, ""nrmse"": 0.29435951709883595, ""n_valid"": 1462, ""n_targets"": 1462}, {""horizon_s"": 0.6, ""horizon_samples"": 15, ""cc"": 0.9486820692096105, ""nrmse"": 0.3163298282895142, ""n_valid"": 1457, ""n_targets"": 1457}, {""horizon_s"": 0.8, ""horizon_samples"": 20, ""cc"": 0.8871597027144742, ""nrmse"": 0.46177070295234435, ""n_valid"": 1452, ""n_targets"": 1452}, {""horizon_s"": 1.0, ""horizon_samples"": 25, ""cc"": 0.8805441565008011, ""nrmse"": 0.47375322960276667, ""n_valid"": 1447, ""n_targets"": 1447}, {""horizon_s"": 1.2, ""horizon_samples"": 30, ""cc"": 0.8625284559510944, ""nrmse"": 0.5070576217685222, ""n_valid"": 1442, ""n_targets"": 1442}, {""horizon_s"": 1.6, ""horizon_samples"": 40, ""cc"": 0.7701416022615941, ""nrmse"": 0.6394921224404958, ""n_valid"": 1432, ""n_targets"": 1432}, {""horizon_s"": 2.0, ""horizon_samples"": 50, ""cc"": 0.6913614416903756, ""nrmse"": 0.7273990664682141, ""n_valid"": 1422, ""n_targets"": 1422}, {""horizon_s"": 2.4, ""horizon_samples"": 60, ""cc"": 0.6555295082438918, ""nrmse"": 0.762795965061337, ""n_valid"": 1412, ""n_targets"": 1412}, {""horizon_s"": 2.8, ""horizon_samples"": 70, ""cc"": 0.595106051163785, ""nrmse"": 0.8156376214804111, ""n_valid"": 1402, ""n_targets"": 1402}, {""horizon_s"": 3.2, ""horizon_samples"": 80, ""cc"": 0.5567890799899211, ""nrmse"": 0.8444972561425076, ""n_valid"": 1392, ""n_targets"": 1392}, {""horizon_s"": 3.6, ""horizon_samples"": 90, ""cc"": 0.5277315990241925, ""nrmse"": 0.8645734356524654, ""n_valid"": 1382, ""n_targets"": 1382}, {""horizon_s"": 4.0, ""horizon_samples"": 100, ""cc"": 0.5091242065514826, ""nrmse"": 0.8812907467077814, ""n_valid"": 1372, ""n_targets"": 1372}]",25,28,0.02000007678678039,True,0.0,435.154111579671,10,0.4000399999995352,1472,1428,True,ok,8,0.16,4,0.8,1.3,5.0,0.02,1.2172098999999434,,True,605e1aaaa6cbb303c3124821b927af01af1ba096cffb2494929d2cec422eb962,518058d07caa720aa6cd6f17ad20af604dc6eb4e19b2f6adeb1bf071dbe0077f,T30_18_00002,False,dc2de0c03036394091cb7c2b7c070947f7d1b458301f46d0881b102e3e922705
nan,18,sample_18.csv,T30,T30_18_00001,Awake,0,2,2,2.052605152,62.20036602,60,60.147760868,1500,24.997500250004045,50,1550,50,1550,T30/filtered_sessions/sample_18.csv,True,0,0.0,True,0.06299391748203156,True,0.08947055559808424,True,nan,0.7827262594068595,0.535115848304628,0.7377741517492922,4.6165165165165165,0.018764697413255267,2.0,0.7209773621096217,0.9821126998039593,0.8000799999990704,1.2801279999985127,True,True,True,True,True,,,,,18,"[{""horizon_s"": 0.04, ""horizon_samples"": 1, ""cc"": 0.9803061540377315, ""nrmse"": 0.19917442100714655, ""n_valid"": 1471, ""n_targets"": 1471}, {""horizon_s"": 0.08, ""horizon_samples"": 2, ""cc"": 0.9663960215141185, ""nrmse"": 0.25843397075237834, ""n_valid"": 1470, ""n_targets"": 1470}, {""horizon_s"": 0.12, ""horizon_samples"": 3, ""cc"": 0.9623633533194516, ""nrmse"": 0.27318555957118945, ""n_valid"": 1469, ""n_targets"": 1469}, {""horizon_s"": 0.16, ""horizon_samples"": 4, ""cc"": 0.9519672180273001, ""nrmse"": 0.3079671452473409, ""n_valid"": 1468, ""n_targets"": 1468}, {""horizon_s"": 0.2, ""horizon_samples"": 5, ""cc"": 0.9551470968129736, ""nrmse"": 0.29813543385920904, ""n_valid"": 1467, ""n_targets"": 1467}, {""horizon_s"": 0.28, ""horizon_samples"": 7, ""cc"": 0.950584800305677, ""nrmse"": 0.31209438359568903, ""n_valid"": 1465, ""n_targets"": 1465}, {""horizon_s"": 0.4, ""horizon_samples"": 10, ""cc"": 0.9590260357052133, ""nrmse"": 0.28498251693483345, ""n_valid"": 1462, ""n_targets"": 1462}, {""horizon_s"": 0.6, ""horizon_samples"": 15, ""cc"": 0.9423360516390998, ""nrmse"": 0.33718935299335445, ""n_valid"": 1457, ""n_targets"": 1457}, {""horizon_s"": 0.8, ""horizon_samples"": 20, ""cc"": 0.8986662505990243, ""nrmse"": 0.44253897126708996, ""n_valid"": 1452, ""n_targets"": 1452}, {""horizon_s"": 1.0, ""horizon_samples"": 25, ""cc"": 0.8938131186551468, ""nrmse"": 0.4526481107637146, ""n_valid"": 1447, ""n_targets"": 1447}, {""horizon_s"": 1.2, ""horizon_samples"": 30, ""cc"": 0.852493344944122, ""nrmse"": 0.5284680645242574, ""n_valid"": 1442, ""n_targets"": 1442}, {""horizon_s"": 1.6, ""horizon_samples"": 40, ""cc"": 0.7774165781885751, ""nrmse"": 0.6383192564504637, ""n_valid"": 1432, ""n_targets"": 1432}, {""horizon_s"": 2.0, ""horizon_samples"": 50, ""cc"": 0.6735879686902247, ""nrmse"": 0.7522704556372669, ""n_valid"": 1422, ""n_targets"": 1422}, {""horizon_s"": 2.4, ""horizon_samples"": 60, ""cc"": 0.5959050043372216, ""nrmse"": 0.8234688886453296, ""n_valid"": 1412, ""n_targets"": 1412}, {""horizon_s"": 2.8, ""horizon_samples"": 70, ""cc"": 0.5515644671465052, ""nrmse"": 0.8561817849106256, ""n_valid"": 1402, ""n_targets"": 1402}, {""horizon_s"": 3.2, ""horizon_samples"": 80, ""cc"": 0.45817834321395784, ""nrmse"": 0.9173225773243979, ""n_valid"": 1392, ""n_targets"": 1392}, {""horizon_s"": 3.6, ""horizon_samples"": 90, ""cc"": 0.3874755621879641, ""nrmse"": 0.9605877783600489, ""n_valid"": 1382, ""n_targets"": 1382}, {""horizon_s"": 4.0, ""horizon_samples"": 100, ""cc"": 0.33184529999916385, ""nrmse"": 0.9891165976389672, ""n_valid"": 1372, ""n_targets"": 1372}]",25,28,0.02000007678678039,True,0.0,495.89759829127496,10,0.4000399999995352,1472,1406,True,ok,8,0.16,4,0.8,1.3,5.0,0.02,1.257314177999433,,True,70992d5b82693c8795b12b3d53b351f9f6e7339f07947fcaf91c9bbb10472177,b336a9d27bfbf8e25683103f6f2e03b62a92d727455941d5e2c7b05fcbb9e304,T30_18_00001,False,dc2de0c03036394091cb7c2b7c070947f7d1b458301f46d0881b102e3e922705
nan,18,sample_18.csv,T30,T30_18_00004,Awake,0,2,2,182.7609649,242.9805408,60,60.219575899999995,1500,24.997500250004045,4550,6050,4550,6050,T30/filtered_sessions/sample_18.csv,True,0,0.0,True,0.04980318627374222,True,0.030003669013292263,True,nan,0.8411405097111769,0.44981694161110053,0.7623938186879109,3.7004425809457255,0.011086048855401449,2.0,0.8616252274527089,0.9893979897336633,0.8000799999990704,1.2801279999985127,True,True,True,True,True,,,,,18,"[{""horizon_s"": 0.04, ""horizon_samples"": 1, ""cc"": 0.9906602250180034, ""nrmse"": 0.13640165852427147, ""n_valid"": 1471, ""n_targets"": 1471}, {""horizon_s"": 0.08, ""horizon_samples"": 2, ""cc"": 0.9825944726665689, ""nrmse"": 0.18582801899286674, ""n_valid"": 1470, ""n_targets"": 1470}, {""horizon_s"": 0.12, ""horizon_samples"": 3, ""cc"": 0.9815356135606426, ""nrmse"": 0.19129679871523292, ""n_valid"": 1469, ""n_targets"": 1469}, {""horizon_s"": 0.16, ""horizon_samples"": 4, ""cc"": 0.9797765641586974, ""nrmse"": 0.20016166385768294, ""n_valid"": 1468, ""n_targets"": 1468}, {""horizon_s"": 0.2, ""horizon_samples"": 5, ""cc"": 0.9782217739199612, ""nrmse"": 0.20759704209681318, ""n_valid"": 1467, ""n_targets"": 1467}, {""horizon_s"": 0.28, ""horizon_samples"": 7, ""cc"": 0.9761664622013272, ""nrmse"": 0.21712999959723145, ""n_valid"": 1465, ""n_targets"": 1465}, {""horizon_s"": 0.4, ""horizon_samples"": 10, ""cc"": 0.9732555721929476, ""nrmse"": 0.22936195165169593, ""n_valid"": 1462, ""n_targets"": 1462}, {""horizon_s"": 0.6, ""horizon_samples"": 15, ""cc"": 0.9639883880559403, ""nrmse"": 0.2658938117650649, ""n_valid"": 1457, ""n_targets"": 1457}, {""horizon_s"": 0.8, ""horizon_samples"": 20, ""cc"": 0.9255453315863902, ""nrmse"": 0.3786969555327755, ""n_valid"": 1452, ""n_targets"": 1452}, {""horizon_s"": 1.0, ""horizon_samples"": 25, ""cc"": 0.9215192052719362, ""nrmse"": 0.3878008522532961, ""n_valid"": 1447, ""n_targets"": 1447}, {""horizon_s"": 1.2, ""horizon_samples"": 30, ""cc"": 0.8895427579209177, ""nrmse"": 0.4576042530813251, ""n_valid"": 1442, ""n_targets"": 1442}, {""horizon_s"": 1.6, ""horizon_samples"": 40, ""cc"": 0.8354736004171605, ""nrmse"": 0.5494694365651188, ""n_valid"": 1432, ""n_targets"": 1432}, {""horizon_s"": 2.0, ""horizon_samples"": 50, ""cc"": 0.7596068183514576, ""nrmse"": 0.6528660093932752, ""n_valid"": 1422, ""n_targets"": 1422}, {""horizon_s"": 2.4, ""horizon_samples"": 60, ""cc"": 0.7046782694070733, ""nrmse"": 0.7136582564149638, ""n_valid"": 1412, ""n_targets"": 1412}, {""horizon_s"": 2.8, ""horizon_samples"": 70, ""cc"": 0.654904957987156, ""nrmse"": 0.761337582623022, ""n_valid"": 1402, ""n_targets"": 1402}, {""horizon_s"": 3.2, ""horizon_samples"": 80, ""cc"": 0.588498116502457, ""nrmse"": 0.8193900342845792, ""n_valid"": 1392, ""n_targets"": 1392}, {""horizon_s"": 3.6, ""horizon_samples"": 90, ""cc"": 0.5459447310283531, ""nrmse"": 0.850843311789481, ""n_valid"": 1382, ""n_targets"": 1382}, {""horizon_s"": 4.0, ""horizon_samples"": 100, ""cc"": 0.4886163145541927, ""nrmse"": 0.8913673118611138, ""n_valid"": 1372, ""n_targets"": 1372}]",25,28,0.02000007678678039,True,0.0,390.1264512407118,10,0.4000399999995352,1472,1385,True,ok,8,0.16,4,0.8,1.3,5.0,0.02,1.331835647000844,,True,b5ae00eb10d59f04054970d16f13c8f6608fc4941024b60c03997a63b7f62920,60551c0d79b6d4ffc2c6e51cc2e8bdf20fab8c53a0e0c7f514ecccca6e9ef921,T30_18_00004,False,dc2de0c03036394091cb7c2b7c070947f7d1b458301f46d0881b102e3e922705
nan,18,sample_18.csv,T30,T30_18_00005,Awake,0,2,2,243.0204093,303.2308009,60,60.21039160000001,1500,24.997500250004045,6050,7550,6050,7550,T30/filtered_sessions/sample_18.csv,True,0,0.0,True,0.05526439755190851,True,0.10301004323782068,True,nan,0.7799022589234665,0.5265696518991493,0.743821087488602,3.9945876288659794,0.03685751307769833,2.0,0.777923936290191,0.9670274636878482,0.8000799999990704,1.2801279999985127,True,True,True,True,True,,,,,18,"[{""horizon_s"": 0.04, ""horizon_samples"": 1, ""cc"": 0.9834841662426236, ""nrmse"": 0.18153750966133125, ""n_valid"": 1471, ""n_targets"": 1471}, {""horizon_s"": 0.08, ""horizon_samples"": 2, ""cc"": 0.9736888585866865, ""nrmse"": 0.22850990695210377, ""n_valid"": 1470, ""n_targets"": 1470}, {""horizon_s"": 0.12, ""horizon_samples"": 3, ""cc"": 0.9742242632562931, ""nrmse"": 0.22595464093481665, ""n_valid"": 1469, ""n_targets"": 1469}, {""horizon_s"": 0.16, ""horizon_samples"": 4, ""cc"": 0.969006639480923, ""nrmse"": 0.2471820057465666, ""n_valid"": 1468, ""n_targets"": 1468}, {""horizon_s"": 0.2, ""horizon_samples"": 5, ""cc"": 0.9680777124715074, ""nrmse"": 0.25064537598936465, ""n_valid"": 1467, ""n_targets"": 1467}, {""horizon_s"": 0.28, ""horizon_samples"": 7, ""cc"": 0.967320813595495, ""nrmse"": 0.25368427767804447, ""n_valid"": 1465, ""n_targets"": 1465}, {""horizon_s"": 0.4, ""horizon_samples"": 10, ""cc"": 0.9587844142784091, ""nrmse"": 0.2845329245739589, ""n_valid"": 1462, ""n_targets"": 1462}, {""horizon_s"": 0.6, ""horizon_samples"": 15, ""cc"": 0.9431168445966002, ""nrmse"": 0.3335915574660872, ""n_valid"": 1457, ""n_targets"": 1457}, {""horizon_s"": 0.8, ""horizon_samples"": 20, ""cc"": 0.8930200164887385, ""nrmse"": 0.4505230480829136, ""n_valid"": 1452, ""n_targets"": 1452}, {""horizon_s"": 1.0, ""horizon_samples"": 25, ""cc"": 0.8738468861499358, ""nrmse"": 0.4881139164388644, ""n_valid"": 1447, ""n_targets"": 1447}, {""horizon_s"": 1.2, ""horizon_samples"": 30, ""cc"": 0.8405456717469234, ""nrmse"": 0.5451848723898788, ""n_valid"": 1442, ""n_targets"": 1442}, {""horizon_s"": 1.6, ""horizon_samples"": 40, ""cc"": 0.7478094782762712, ""nrmse"": 0.6707013886433818, ""n_valid"": 1432, ""n_targets"": 1432}, {""horizon_s"": 2.0, ""horizon_samples"": 50, ""cc"": 0.6481736100004677, ""nrmse"": 0.7714900175932607, ""n_valid"": 1422, ""n_targets"": 1422}, {""horizon_s"": 2.4, ""horizon_samples"": 60, ""cc"": 0.6079447506628455, ""nrmse"": 0.8098836258045549, ""n_valid"": 1412, ""n_targets"": 1412}, {""horizon_s"": 2.8, ""horizon_samples"": 70, ""cc"": 0.5128961293992313, ""nrmse"": 0.8818886107266702, ""n_valid"": 1402, ""n_targets"": 1402}, {""horizon_s"": 3.2, ""horizon_samples"": 80, ""cc"": 0.4489337763540897, ""nrmse"": 0.9187539980797095, ""n_valid"": 1392, ""n_targets"": 1392}, {""horizon_s"": 3.6, ""horizon_samples"": 90, ""cc"": 0.3959317921920498, ""nrmse"": 0.9508471808647881, ""n_valid"": 1382, ""n_targets"": 1382}, {""horizon_s"": 4.0, ""horizon_samples"": 100, ""cc"": 0.3314348368433071, ""nrmse"": 0.9852288765583912, ""n_valid"": 1372, ""n_targets"": 1372}]",25,28,0.02000007678678039,True,0.0,456.8385097216843,11,0.44004399999948873,1472,1428,True,ok,8,0.16,4,0.8,1.3,5.0,0.02,1.62130105200049,,True,9265643b658511b341957e924ba07d2423816286a2fb85f0db386ccfd50ecd27,345031e8d054e5bf640e1f8aea27e378c5fe965b0f5933a34b97cc2bd104d97c,T30_18_00005,False,dc2de0c03036394091cb7c2b7c070947f7d1b458301f46d0881b102e3e922705
nan,18,sample_18.csv,T30,T30_18_00003,Awake,0,2,2,122.5001888,182.7206161,60,60.2204273,1500,24.997500250004045,3050,4550,3050,4550,T30/filtered_sessions/sample_18.csv,True,0,0.0,True,0.12946688827118602,True,0.06715734745072825,True,nan,0.7287367728776576,0.5903455146706749,0.7150261553966502,3.719171243135297,0.2196333445313625,2.000655737704918,0.8301401459391448,0.9731140027825055,0.8000799999990704,1.2801279999985127,True,True,True,True,True,,,,,18,"[{""horizon_s"": 0.04, ""horizon_samples"": 1, ""cc"": 0.9738954185038323, ""nrmse"": 0.22750210434775012, ""n_valid"": 1471, ""n_targets"": 1471}, {""horizon_s"": 0.08, ""horizon_samples"": 2, ""cc"": 0.9554930193615248, ""nrmse"": 0.29530283900597554, ""n_valid"": 1470, ""n_targets"": 1470}, {""horizon_s"": 0.12, ""horizon_samples"": 3, ""cc"": 0.9547680338646634, ""nrmse"": 0.29746075175339853, ""n_valid"": 1469, ""n_targets"": 1469}, {""horizon_s"": 0.16, ""horizon_samples"": 4, ""cc"": 0.9478400879343709, ""nrmse"": 0.31971412171335944, ""n_valid"": 1468, ""n_targets"": 1468}, {""horizon_s"": 0.2, ""horizon_samples"": 5, ""cc"": 0.951580595673788, ""nrmse"": 0.30788188473708156, ""n_valid"": 1467, ""n_targets"": 1467}, {""horizon_s"": 0.28, ""horizon_samples"": 7, ""cc"": 0.9453970091851355, ""nrmse"": 0.32562455704983, ""n_valid"": 1465, ""n_targets"": 1465}, {""horizon_s"": 0.4, ""horizon_samples"": 10, ""cc"": 0.9416295177226527, ""nrmse"": 0.33653038460442397, ""n_valid"": 1462, ""n_targets"": 1462}, {""horizon_s"": 0.6, ""horizon_samples"": 15, ""cc"": 0.9204273889077783, ""nrmse"": 0.39189071618388116, ""n_valid"": 1457, ""n_targets"": 1457}, {""horizon_s"": 0.8, ""horizon_samples"": 20, ""cc"": 0.85489101509126, ""nrmse"": 0.519784946416399, ""n_valid"": 1452, ""n_targets"": 1452}, {""horizon_s"": 1.0, ""horizon_samples"": 25, ""cc"": 0.8374471055681459, ""nrmse"": 0.5471897460377011, ""n_valid"": 1447, ""n_targets"": 1447}, {""horizon_s"": 1.2, ""horizon_samples"": 30, ""cc"": 0.7732681764903012, ""nrmse"": 0.6384585798654653, ""n_valid"": 1442, ""n_targets"": 1442}, {""horizon_s"": 1.6, ""horizon_samples"": 40, ""cc"": 0.675161038968421, ""nrmse"": 0.7436792783549272, ""n_valid"": 1432, ""n_targets"": 1432}, {""horizon_s"": 2.0, ""horizon_samples"": 50, ""cc"": 0.568478746580667, ""nrmse"": 0.838364858888957, ""n_valid"": 1422, ""n_targets"": 1422}, {""horizon_s"": 2.4, ""horizon_samples"": 60, ""cc"": 0.5063015530240269, ""nrmse"": 0.8836216505356174, ""n_valid"": 1412, ""n_targets"": 1412}, {""horizon_s"": 2.8, ""horizon_samples"": 70, ""cc"": 0.4135422736572845, ""nrmse"": 0.9421200491698756, ""n_valid"": 1402, ""n_targets"": 1402}, {""horizon_s"": 3.2, ""horizon_samples"": 80, ""cc"": 0.33354432682468493, ""nrmse"": 0.9817550031587785, ""n_valid"": 1392, ""n_targets"": 1392}, {""horizon_s"": 3.6, ""horizon_samples"": 90, ""cc"": 0.30477378800705945, ""nrmse"": 0.9995798588711574, ""n_valid"": 1382, ""n_targets"": 1382}, {""horizon_s"": 4.0, ""horizon_samples"": 100, ""cc"": 0.2588228164322405, ""nrmse"": 1.0297579333775695, ""n_valid"": 1372, ""n_targets"": 1372}]",25,28,0.02000007678678039,True,0.0,561.1718258108855,10,0.4000399999995352,1472,1418,True,ok,8,0.16,4,0.8,1.3,5.0,0.02,1.7776534010008618,,True,e92e2183f312c57a82f4af6301616ad2b09536298454c2a2990ec34691a2eeb8,ede6374812303fed612e098daf14fad34dfbc66e9b07e3e4cc609fdf576c0d11,T30_18_00003,False,dc2de0c03036394091cb7c2b7c070947f7d1b458301f46d0881b102e3e922705
nan,18,sample_18.csv,T30,T30_18_00008,Awake,0,2,2,423.7801597,483.9901161,60,60.20995640000001,1500,24.997500250004045,10550,12050,10550,12050,T30/filtered_sessions/sample_18.csv,True,0,0.0,True,0.010246495792380654,True,0.16338795482178922,True,nan,0.7813433244041493,0.5578302101557344,0.7482843019628546,3.9166038683747804,0.07304314440658444,2.0,0.7256104072107574,0.9851941900595268,0.8000799999990704,1.2801279999985127,True,True,True,True,True,,,,,18,"[{""horizon_s"": 0.04, ""horizon_samples"": 1, ""cc"": 0.9663813488332744, ""nrmse"": 0.25688882417033493, ""n_valid"": 1471, ""n_targets"": 1471}, {""horizon_s"": 0.08, ""horizon_samples"": 2, ""cc"": 0.944771747597195, ""nrmse"": 0.32777824410949796, ""n_valid"": 1470, ""n_targets"": 1470}, {""horizon_s"": 0.12, ""horizon_samples"": 3, ""cc"": 0.9434515074473881, ""nrmse"": 0.33164548425148715, ""n_valid"": 1469, ""n_targets"": 1469}, {""horizon_s"": 0.16, ""horizon_samples"": 4, ""cc"": 0.9331217861162697, ""nrmse"": 0.3593624682630209, ""n_valid"": 1468, ""n_targets"": 1468}, {""horizon_s"": 0.2, ""horizon_samples"": 5, ""cc"": 0.9321278580768165, ""nrmse"": 0.36151774451021623, ""n_valid"": 1467, ""n_targets"": 1467}, {""horizon_s"": 0.28, ""horizon_samples"": 7, ""cc"": 0.9349031053715007, ""nrmse"": 0.3546881815888003, ""n_valid"": 1465, ""n_targets"": 1465}, {""horizon_s"": 0.4, ""horizon_samples"": 10, ""cc"": 0.9304799156193547, ""nrmse"": 0.36591105078471475, ""n_valid"": 1462, ""n_targets"": 1462}, {""horizon_s"": 0.6, ""horizon_samples"": 15, ""cc"": 0.9195044076471691, ""nrmse"": 0.39363040159163637, ""n_valid"": 1457, ""n_targets"": 1457}, {""horizon_s"": 0.8, ""horizon_samples"": 20, ""cc"": 0.8673971049857157, ""nrmse"": 0.4969969832147744, ""n_valid"": 1452, ""n_targets"": 1452}, {""horizon_s"": 1.0, ""horizon_samples"": 25, ""cc"": 0.8618003674957255, ""nrmse"": 0.5069529131110252, ""n_valid"": 1447, ""n_targets"": 1447}, {""horizon_s"": 1.2, ""horizon_samples"": 30, ""cc"": 0.8199113618920261, ""nrmse"": 0.5744659265460406, ""n_valid"": 1442, ""n_targets"": 1442}, {""horizon_s"": 1.6, ""horizon_samples"": 40, ""cc"": 0.7520275621303283, ""nrmse"": 0.6608653599476253, ""n_valid"": 1432, ""n_targets"": 1432}, {""horizon_s"": 2.0, ""horizon_samples"": 50, ""cc"": 0.6842639003916692, ""nrmse"": 0.7320067810596472, ""n_valid"": 1422, ""n_targets"": 1422}, {""horizon_s"": 2.4, ""horizon_samples"": 60, ""cc"": 0.6308050869848607, ""nrmse"": 0.7822884380279755, ""n_valid"": 1412, ""n_targets"": 1412}, {""horizon_s"": 2.8, ""horizon_samples"": 70, ""cc"": 0.5656109018809922, ""nrmse"": 0.8329867943167759, ""n_valid"": 1402, ""n_targets"": 1402}, {""horizon_s"": 3.2, ""horizon_samples"": 80, ""cc"": 0.5120304796641112, ""nrmse"": 0.8676269734547897, ""n_valid"": 1392, ""n_targets"": 1392}, {""horizon_s"": 3.6, ""horizon_samples"": 90, ""cc"": 0.4620330026434202, ""nrmse"": 0.9004390273936878, ""n_valid"": 1382, ""n_targets"": 1382}, {""horizon_s"": 4.0, ""horizon_samples"": 100, ""cc"": 0.4035583944968708, ""nrmse"": 0.9348921864611698, ""n_valid"": 1372, ""n_targets"": 1372}]",25,28,0.02000007678678039,True,0.0,513.3232000052842,10,0.4000399999995352,1472,1416,True,ok,8,0.16,4,0.8,1.3,5.0,0.02,1.3259130340011325,,True,3bb9587860055389d755c1bfcf32ce9008d74d5bfda9424ef0177e238d4b9138,3338d897ac92c462ee6623b4be794eec0e3f9c6d5d92ffd1f3a1ead9c532b969,T30_18_00008,False,dc2de0c03036394091cb7c2b7c070947f7d1b458301f46d0881b102e3e922705
nan,18,sample_18.csv,T30,T30_18_00006,Awake,0,2,2,303.2712879,363.4901655,60,60.218877599999985,1500,24.997500250004045,7550,9050,7550,9050,T30/filtered_sessions/sample_18.csv,True,0,0.0,True,0.06517006367255042,True,0.07782054260219858,True,nan,0.7356716648995263,0.5646942084063395,0.660987666170754,3.6895258505223683,0.10414167106589241,2.0,0.8479616162297856,0.9777446082387724,0.8000799999990704,1.2801279999985127,True,True,True,True,True,,,,,18,"[{""horizon_s"": 0.04, ""horizon_samples"": 1, ""cc"": 0.9754677799886224, ""nrmse"": 0.2202849264400211, ""n_valid"": 1471, ""n_targets"": 1471}, {""horizon_s"": 0.08, ""horizon_samples"": 2, ""cc"": 0.9613521231948668, ""nrmse"": 0.2761143610672188, ""n_valid"": 1470, ""n_targets"": 1470}, {""horizon_s"": 0.12, ""horizon_samples"": 3, ""cc"": 0.9662398321589976, ""nrmse"": 0.2577726560407416, ""n_valid"": 1469, ""n_targets"": 1469}, {""horizon_s"": 0.16, ""horizon_samples"": 4, ""cc"": 0.9590115473215598, ""nrmse"": 0.283632144749074, ""n_valid"": 1468, ""n_targets"": 1468}, {""horizon_s"": 0.2, ""horizon_samples"": 5, ""cc"": 0.9575191165988548, ""nrmse"": 0.28876526018546306, ""n_valid"": 1467, ""n_targets"": 1467}, {""horizon_s"": 0.28, ""horizon_samples"": 7, ""cc"": 0.9575735579344051, ""nrmse"": 0.288630946104353, ""n_valid"": 1465, ""n_targets"": 1465}, {""horizon_s"": 0.4, ""horizon_samples"": 10, ""cc"": 0.9479521360578294, ""nrmse"": 0.318899352103792, ""n_valid"": 1462, ""n_targets"": 1462}, {""horizon_s"": 0.6, ""horizon_samples"": 15, ""cc"": 0.9412186892610922, ""nrmse"": 0.337478043425688, ""n_valid"": 1457, ""n_targets"": 1457}, {""horizon_s"": 0.8, ""horizon_samples"": 20, ""cc"": 0.8695205745087002, ""nrmse"": 0.49437664058035025, ""n_valid"": 1452, ""n_targets"": 1452}, {""horizon_s"": 1.0, ""horizon_samples"": 25, ""cc"": 0.8550028976499613, ""nrmse"": 0.5190513071657864, ""n_valid"": 1447, ""n_targets"": 1447}, {""horizon_s"": 1.2, ""horizon_samples"": 30, ""cc"": 0.8253026810688109, ""nrmse"": 0.564782464187583, ""n_valid"": 1442, ""n_targets"": 1442}, {""horizon_s"": 1.6, ""horizon_samples"": 40, ""cc"": 0.7150175050813659, ""nrmse"": 0.7024346624034852, ""n_valid"": 1432, ""n_targets"": 1432}, {""horizon_s"": 2.0, ""horizon_samples"": 50, ""cc"": 0.5927060933622413, ""nrmse"": 0.8138679499168211, ""n_valid"": 1422, ""n_targets"": 1422}, {""horizon_s"": 2.4, ""horizon_samples"": 60, ""cc"": 0.5386140645957613, ""nrmse"": 0.8530564467544592, ""n_valid"": 1412, ""n_targets"": 1412}, {""horizon_s"": 2.8, ""horizon_samples"": 70, ""cc"": 0.4118130591956376, ""nrmse"": 0.9348756940613967, ""n_valid"": 1402, ""n_targets"": 1402}, {""horizon_s"": 3.2, ""horizon_samples"": 80, ""cc"": 0.3450656007235335, ""nrmse"": 0.9645853085194945, ""n_valid"": 1392, ""n_targets"": 1392}, {""horizon_s"": 3.6, ""horizon_samples"": 90, ""cc"": 0.2711303477279522, ""nrmse"": 1.0023389022359395, ""n_valid"": 1382, ""n_targets"": 1382}, {""horizon_s"": 4.0, ""horizon_samples"": 100, ""cc"": 0.15158236176128226, ""nrmse"": 1.0435486853724467, ""n_valid"": 1372, ""n_targets"": 1372}]",25,28,0.02000007678678039,True,0.0,514.7644576971182,10,0.4000399999995352,1472,1414,True,ok,8,0.16,4,0.8,1.3,5.0,0.02,2.7280121149997285,,True,4609e7c63a16e78aca7f52daf3802f6263050b3633c7e97fe5c08bdf310e644d,9032f46bc81289c4fd33eb6b6dc06664d4e56a949c8d7835ebc0d8d9aa90b8b4,T30_18_00006,False,dc2de0c03036394091cb7c2b7c070947f7d1b458301f46d0881b102e3e922705
nan,18,sample_18.csv,T30,T30_18_00009,Awake,0,2,2,484.0308189,544.2408612,60,60.210042300000055,1500,24.997500250004045,12050,13550,12050,13550,T30/filtered_sessions/sample_18.csv,True,0,0.0,True,0.06644692414646225,True,0.25469429864619564,True,nan,0.7256057399067862,0.6164410592097921,0.6917022604021692,3.852713178294574,0.21706579641983012,2.006209802616988,0.6688015513234095,0.9092679749810748,0.8000799999990704,1.2801279999985127,True,False,True,True,True,,,,,18,"[{""horizon_s"": 0.04, ""horizon_samples"": 1, ""cc"": 0.9617041168957547, ""nrmse"": 0.27448123222000215, ""n_valid"": 1471, ""n_targets"": 1471}, {""horizon_s"": 0.08, ""horizon_samples"": 2, ""cc"": 0.9314347191489304, ""nrmse"": 0.36435448187186226, ""n_valid"": 1470, ""n_targets"": 1470}, {""horizon_s"": 0.12, ""horizon_samples"": 3, ""cc"": 0.9334003299142264, ""nrmse"": 0.3585984084824029, ""n_valid"": 1469, ""n_targets"": 1469}, {""horizon_s"": 0.16, ""horizon_samples"": 4, ""cc"": 0.9252079550986418, ""nrmse"": 0.3786833949522752, ""n_valid"": 1468, ""n_targets"": 1468}, {""horizon_s"": 0.2, ""horizon_samples"": 5, ""cc"": 0.9202631467986128, ""nrmse"": 0.39061377379467294, ""n_valid"": 1467, ""n_targets"": 1467}, {""horizon_s"": 0.28, ""horizon_samples"": 7, ""cc"": 0.9158151829958439, ""nrmse"": 0.40057825710054085, ""n_valid"": 1465, ""n_targets"": 1465}, {""horizon_s"": 0.4, ""horizon_samples"": 10, ""cc"": 0.8984134198701007, ""nrmse"": 0.43862169507080984, ""n_valid"": 1462, ""n_targets"": 1462}, {""horizon_s"": 0.6, ""horizon_samples"": 15, ""cc"": 0.8792202643004206, ""nrmse"": 0.4754337351783847, ""n_valid"": 1457, ""n_targets"": 1457}, {""horizon_s"": 0.8, ""horizon_samples"": 20, ""cc"": 0.7987152067555818, ""nrmse"": 0.5988961332811703, ""n_valid"": 1452, ""n_targets"": 1452}, {""horizon_s"": 1.0, ""horizon_samples"": 25, ""cc"": 0.7765457014280636, ""nrmse"": 0.6275582544648334, ""n_valid"": 1447, ""n_targets"": 1447}, {""horizon_s"": 1.2, ""horizon_samples"": 30, ""cc"": 0.7376320039772284, ""nrmse"": 0.6728413724261927, ""n_valid"": 1442, ""n_targets"": 1442}, {""horizon_s"": 1.6, ""horizon_samples"": 40, ""cc"": 0.6316299231364243, ""nrmse"": 0.7727623688104849, ""n_valid"": 1432, ""n_targets"": 1432}, {""horizon_s"": 2.0, ""horizon_samples"": 50, ""cc"": 0.5658015375266422, ""nrmse"": 0.8231417357631494, ""n_valid"": 1422, ""n_targets"": 1422}, {""horizon_s"": 2.4, ""horizon_samples"": 60, ""cc"": 0.5227402658918503, ""nrmse"": 0.8562508818568979, ""n_valid"": 1412, ""n_targets"": 1412}, {""horizon_s"": 2.8, ""horizon_samples"": 70, ""cc"": 0.47271899686653773, ""nrmse"": 0.8846688229532216, ""n_valid"": 1402, ""n_targets"": 1402}, {""horizon_s"": 3.2, ""horizon_samples"": 80, ""cc"": 0.44008449720652854, ""nrmse"": 0.9009848564998578, ""n_valid"": 1392, ""n_targets"": 1392}, {""horizon_s"": 3.6, ""horizon_samples"": 90, ""cc"": 0.40664095540417344, ""nrmse"": 0.921371974589747, ""n_valid"": 1382, ""n_targets"": 1382}, {""horizon_s"": 4.0, ""horizon_samples"": 100, ""cc"": 0.34293509510659165, ""nrmse"": 0.9560976864597526, ""n_valid"": 1372, ""n_targets"": 1372}]",25,28,0.02000007678678039,True,0.0,560.8747414509924,10,0.4000399999995352,1472,1403,True,ok,8,0.16,4,0.8,1.3,5.0,0.02,1.453387597000983,,True,2febcb3576951291795279663b26105230064feac9c7b4fbdfd5b9fd951b6df1,3b01d0054c4fb174f3b315a1992cc5c48a5b5c41c91e6f0e49453d19ff95d58d,T30_18_00009,False,dc2de0c03036394091cb7c2b7c070947f7d1b458301f46d0881b102e3e922705
nan,18,sample_18.csv,T30,T30_18_00007,Awake,0,2,2,363.5305433,423.7411902,60,60.21064690000003,1500,24.997500250004045,9050,10550,9050,10550,T30/filtered_sessions/sample_18.csv,True,0,0.0,True,0.022773513506251,True,0.41940246608752035,True,nan,0.700306844979067,0.652975575220268,0.6910783702068436,3.6631900279827017,0.1646350242357345,2.00087489063867,0.736167508354555,0.9700890410052918,0.8000799999990704,1.2801279999985127,True,True,True,True,True,,,,,18,"[{""horizon_s"": 0.04, ""horizon_samples"": 1, ""cc"": 0.9575754527846162, ""nrmse"": 0.2889728004118383, ""n_valid"": 1471, ""n_targets"": 1471}, {""horizon_s"": 0.08, ""horizon_samples"": 2, ""cc"": 0.9158854162489588, ""nrmse"": 0.4021008210189928, ""n_valid"": 1470, ""n_targets"": 1470}, {""horizon_s"": 0.12, ""horizon_samples"": 3, ""cc"": 0.912260566923726, ""nrmse"": 0.4101960175823987, ""n_valid"": 1469, ""n_targets"": 1469}, {""horizon_s"": 0.16, ""horizon_samples"": 4, ""cc"": 0.9117168514246106, ""nrmse"": 0.41148045322219595, ""n_valid"": 1468, ""n_targets"": 1468}, {""horizon_s"": 0.2, ""horizon_samples"": 5, ""cc"": 0.9085733063007182, ""nrmse"": 0.4183040062025993, ""n_valid"": 1467, ""n_targets"": 1467}, {""horizon_s"": 0.28, ""horizon_samples"": 7, ""cc"": 0.9014591362110511, ""nrmse"": 0.43366119873606157, ""n_valid"": 1465, ""n_targets"": 1465}, {""horizon_s"": 0.4, ""horizon_samples"": 10, ""cc"": 0.8768939370339447, ""nrmse"": 0.48065514191241526, ""n_valid"": 1462, ""n_targets"": 1462}, {""horizon_s"": 0.6, ""horizon_samples"": 15, ""cc"": 0.8581198538285308, ""nrmse"": 0.5145414664729545, ""n_valid"": 1457, ""n_targets"": 1457}, {""horizon_s"": 0.8, ""horizon_samples"": 20, ""cc"": 0.7770067799247972, ""nrmse"": 0.6320931734525205, ""n_valid"": 1452, ""n_targets"": 1452}, {""horizon_s"": 1.0, ""horizon_samples"": 25, ""cc"": 0.7450032943075, ""nrmse"": 0.6692097654073427, ""n_valid"": 1447, ""n_targets"": 1447}, {""horizon_s"": 1.2, ""horizon_samples"": 30, ""cc"": 0.721957471048028, ""nrmse"": 0.6947229684129134, ""n_valid"": 1442, ""n_targets"": 1442}, {""horizon_s"": 1.6, ""horizon_samples"": 40, ""cc"": 0.6079823216198631, ""nrmse"": 0.8023554605307636, ""n_valid"": 1432, ""n_targets"": 1432}, {""horizon_s"": 2.0, ""horizon_samples"": 50, ""cc"": 0.5320087422580556, ""nrmse"": 0.8596825224288484, ""n_valid"": 1422, ""n_targets"": 1422}, {""horizon_s"": 2.4, ""horizon_samples"": 60, ""cc"": 0.453381029592671, ""nrmse"": 0.9162223204241663, ""n_valid"": 1412, ""n_targets"": 1412}, {""horizon_s"": 2.8, ""horizon_samples"": 70, ""cc"": 0.4468289573779523, ""nrmse"": 0.9167801711410843, ""n_valid"": 1402, ""n_targets"": 1402}, {""horizon_s"": 3.2, ""horizon_samples"": 80, ""cc"": 0.3784196989587273, ""nrmse"": 0.9568982960556965, ""n_valid"": 1392, ""n_targets"": 1392}, {""horizon_s"": 3.6, ""horizon_samples"": 90, ""cc"": 0.37712716476622216, ""nrmse"": 0.9587144144684142, ""n_valid"": 1382, ""n_targets"": 1382}, {""horizon_s"": 4.0, ""horizon_samples"": 100, ""cc"": 0.3233232290132316, ""nrmse"": 0.9869693560836171, ""n_valid"": 1372, ""n_targets"": 1372}]",25,28,0.02000007678678039,True,0.0,596.2949901312162,11,0.44004399999948873,1472,1413,True,ok,8,0.16,4,0.8,1.3,5.0,0.02,1.7669100830007665,,True,8dede072788e8b21deae960a6ef5ff4e3fd9ec68d08e57ca2ab6ef0d80abcc9c,52bd5731b6d3d0ffa87ea59eeb5dc9459dffc4f5e95dd9789b8ace456cd72472,T30_18_00007,False,dc2de0c03036394091cb7c2b7c070947f7d1b458301f46d0881b102e3e922705
nan,18,sample_18.csv,T30,T30_18_00010,Awake,0,2,2,544.28055,604.4906406,60,60.21009060000006,1500,24.997500250004045,13550,15050,13550,15050,T30/filtered_sessions/sample_18.csv,True,0,0.0,True,0.07246879486518831,True,0.12165095076226709,True,nan,0.7126533326157425,0.5954807891250837,0.6444785717713682,3.736505286588759,0.1695781542448529,2.0031179138321997,0.71018576127009,0.9313714748089761,0.8000799999990704,1.2801279999985127,True,False,True,True,True,,,,,18,"[{""horizon_s"": 0.04, ""horizon_samples"": 1, ""cc"": 0.9787724147464065, ""nrmse"": 0.20662738844349657, ""n_valid"": 1471, ""n_targets"": 1471}, {""horizon_s"": 0.08, ""horizon_samples"": 2, ""cc"": 0.9602185429940522, ""nrmse"": 0.2809349726105548, ""n_valid"": 1470, ""n_targets"": 1470}, {""horizon_s"": 0.12, ""horizon_samples"": 3, ""cc"": 0.9589048954441015, ""nrmse"": 0.2841357874022073, ""n_valid"": 1469, ""n_targets"": 1469}, {""horizon_s"": 0.16, ""horizon_samples"": 4, ""cc"": 0.9502719392664607, ""nrmse"": 0.3115313690002522, ""n_valid"": 1468, ""n_targets"": 1468}, {""horizon_s"": 0.2, ""horizon_samples"": 5, ""cc"": 0.9462025785499835, ""nrmse"": 0.32420555461280476, ""n_valid"": 1467, ""n_targets"": 1467}, {""horizon_s"": 0.28, ""horizon_samples"": 7, ""cc"": 0.9473571856623302, ""nrmse"": 0.32086410358170436, ""n_valid"": 1465, ""n_targets"": 1465}, {""horizon_s"": 0.4, ""horizon_samples"": 10, ""cc"": 0.9361143524781252, ""nrmse"": 0.3537527429070909, ""n_valid"": 1462, ""n_targets"": 1462}, {""horizon_s"": 0.6, ""horizon_samples"": 15, ""cc"": 0.9063608130736484, ""nrmse"": 0.4233732105432719, ""n_valid"": 1457, ""n_targets"": 1457}, {""horizon_s"": 0.8, ""horizon_samples"": 20, ""cc"": 0.8394810005734342, ""nrmse"": 0.5433694068526335, ""n_valid"": 1452, ""n_targets"": 1452}, {""horizon_s"": 1.0, ""horizon_samples"": 25, ""cc"": 0.8048611391045344, ""nrmse"": 0.5943422405505134, ""n_valid"": 1447, ""n_targets"": 1447}, {""horizon_s"": 1.2, ""horizon_samples"": 30, ""cc"": 0.7493776971586942, ""nrmse"": 0.6629537717009361, ""n_valid"": 1442, ""n_targets"": 1442}, {""horizon_s"": 1.6, ""horizon_samples"": 40, ""cc"": 0.6505868243502597, ""nrmse"": 0.7626647819398173, ""n_valid"": 1432, ""n_targets"": 1432}, {""horizon_s"": 2.0, ""horizon_samples"": 50, ""cc"": 0.5438819893393901, ""nrmse"": 0.8440986323260832, ""n_valid"": 1422, ""n_targets"": 1422}, {""horizon_s"": 2.4, ""horizon_samples"": 60, ""cc"": 0.4636231597523577, ""nrmse"": 0.8957170577394554, ""n_valid"": 1412, ""n_targets"": 1412}, {""horizon_s"": 2.8, ""horizon_samples"": 70, ""cc"": 0.3778883192570168, ""nrmse"": 0.9399470736166811, ""n_valid"": 1402, ""n_targets"": 1402}, {""horizon_s"": 3.2, ""horizon_samples"": 80, ""cc"": 0.2918550647129109, ""nrmse"": 0.981262709498641, ""n_valid"": 1392, ""n_targets"": 1392}, {""horizon_s"": 3.6, ""horizon_samples"": 90, ""cc"": 0.2893351625003161, ""nrmse"": 0.9836936469624983, ""n_valid"": 1382, ""n_targets"": 1382}, {""horizon_s"": 4.0, ""horizon_samples"": 100, ""cc"": 0.23266690811934126, ""nrmse"": 1.005179753962866, ""n_valid"": 1372, ""n_targets"": 1372}]",25,28,0.02000007678678039,True,0.0,504.9855050374614,11,0.44004399999948873,1472,1430,True,ok,8,0.16,4,0.8,1.3,5.0,0.02,1.438003856999785,,True,3f8f5c0c33fe635561452f310e652238dab2fa75e9b708d664c1640338fb7643,531d59a7bc235ad6ea13f07690221083c27b05ef517778347d0ba78426078d0d,T30_18_00010,False,dc2de0c03036394091cb7c2b7c070947f7d1b458301f46d0881b102e3e922705
nan,18,sample_18.csv,T30,T30_18_00011,Awake,0,2,2,604.5309279,664.7403748,60,60.20944689999999,1500,24.997500250004045,15050,16550,15050,16550,T30/filtered_sessions/sample_18.csv,True,0,0.0,True,0.015559310874476645,True,0.41796821722027,True,nan,0.6587943088083426,0.6657644461001294,0.6412151461342803,3.5753278030505755,0.26023419878101456,2.0016611295681064,0.7882921687346695,0.948191487371434,0.8000799999990704,1.2801279999985127,True,False,True,True,True,,,,,18,"[{""horizon_s"": 0.04, ""horizon_samples"": 1, ""cc"": 0.961413742382727, ""nrmse"": 0.2751663715134831, ""n_valid"": 1471, ""n_targets"": 1471}, {""horizon_s"": 0.08, ""horizon_samples"": 2, ""cc"": 0.9336359614062933, ""nrmse"": 0.3583272374687286, ""n_valid"": 1470, ""n_targets"": 1470}, {""horizon_s"": 0.12, ""horizon_samples"": 3, ""cc"": 0.9320188720155791, ""nrmse"": 0.3621821963866666, ""n_valid"": 1469, ""n_targets"": 1469}, {""horizon_s"": 0.16, ""horizon_samples"": 4, ""cc"": 0.9167906942522859, ""nrmse"": 0.399689006235932, ""n_valid"": 1468, ""n_targets"": 1468}, {""horizon_s"": 0.2, ""horizon_samples"": 5, ""cc"": 0.9096076455661918, ""nrmse"": 0.41582820038027135, ""n_valid"": 1467, ""n_targets"": 1467}, {""horizon_s"": 0.28, ""horizon_samples"": 7, ""cc"": 0.9148333292741048, ""nrmse"": 0.4041074636698182, ""n_valid"": 1465, ""n_targets"": 1465}, {""horizon_s"": 0.4, ""horizon_samples"": 10, ""cc"": 0.9016240966207201, ""nrmse"": 0.43290804788250464, ""n_valid"": 1462, ""n_targets"": 1462}, {""horizon_s"": 0.6, ""horizon_samples"": 15, ""cc"": 0.86646243684166, ""nrmse"": 0.499615256515368, ""n_valid"": 1457, ""n_targets"": 1457}, {""horizon_s"": 0.8, ""horizon_samples"": 20, ""cc"": 0.7877963119731591, ""nrmse"": 0.6176577268496231, ""n_valid"": 1452, ""n_targets"": 1452}, {""horizon_s"": 1.0, ""horizon_samples"": 25, ""cc"": 0.7513004275946384, ""nrmse"": 0.6635935630229848, ""n_valid"": 1447, ""n_targets"": 1447}, {""horizon_s"": 1.2, ""horizon_samples"": 30, ""cc"": 0.6830061291183334, ""nrmse"": 0.7356274153847915, ""n_valid"": 1442, ""n_targets"": 1442}, {""horizon_s"": 1.6, ""horizon_samples"": 40, ""cc"": 0.5763362720026849, ""nrmse"": 0.8310639558267409, ""n_valid"": 1432, ""n_targets"": 1432}, {""horizon_s"": 2.0, ""horizon_samples"": 50, ""cc"": 0.45528900209375367, ""nrmse"": 0.9123422722128545, ""n_valid"": 1422, ""n_targets"": 1422}, {""horizon_s"": 2.4, ""horizon_samples"": 60, ""cc"": 0.37585078570892716, ""nrmse"": 0.9588070271711979, ""n_valid"": 1412, ""n_targets"": 1412}, {""horizon_s"": 2.8, ""horizon_samples"": 70, ""cc"": 0.27087887092887614, ""nrmse"": 1.0149804585918825, ""n_valid"": 1402, ""n_targets"": 1402}, {""horizon_s"": 3.2, ""horizon_samples"": 80, ""cc"": 0.2409711009404392, ""nrmse"": 1.0210702766215636, ""n_valid"": 1392, ""n_targets"": 1392}, {""horizon_s"": 3.6, ""horizon_samples"": 90, ""cc"": 0.1935658951922307, ""nrmse"": 1.0388604460046813, ""n_valid"": 1382, ""n_targets"": 1382}, {""horizon_s"": 4.0, ""horizon_samples"": 100, ""cc"": 0.18691598463756143, ""nrmse"": 1.0419331080632355, ""n_valid"": 1372, ""n_targets"": 1372}]",25,28,0.02000007678678039,True,0.0,522.6424353223335,10,0.4000399999995352,1472,1416,True,ok,8,0.16,4,0.8,1.3,5.0,0.02,1.2883110330003547,,True,139fc9408ee448199ad7af66e304325b26c3951f4249e2c99f28decc74c1fb80,0948405a5545372c927e24ece0c3377aa31c3a3a921e968a18bd1d711f7f56e8,T30_18_00011,False,dc2de0c03036394091cb7c2b7c070947f7d1b458301f46d0881b102e3e922705
nan,18,sample_18.csv,T30,T30_18_00015,Drowsy,1,3,3,950.2810471,1010.490305,60,60.20925790000001,1500,24.997500250004045,22165,23665,23658,25158,T30/filtered_sessions/sample_18.csv,True,0,0.0,True,0.23612947549153643,True,0.24484609707338006,True,nan,0.6416851952509609,0.6836362358247394,0.6099246532610261,3.4610566448801743,0.1491817440130537,2.0016097875080487,0.7836438310222577,0.9333968100887768,0.8000799999990704,1.2801279999985127,True,False,True,True,True,,,,,18,"[{""horizon_s"": 0.04, ""horizon_samples"": 1, ""cc"": 0.9504140325708265, ""nrmse"": 0.31294715696558595, ""n_valid"": 1471, ""n_targets"": 1471}, {""horizon_s"": 0.08, ""horizon_samples"": 2, ""cc"": 0.9194001345203752, ""nrmse"": 0.39598562098380824, ""n_valid"": 1470, ""n_targets"": 1470}, {""horizon_s"": 0.12, ""horizon_samples"": 3, ""cc"": 0.9323848828512489, ""nrmse"": 0.36341562530207394, ""n_valid"": 1469, ""n_targets"": 1469}, {""horizon_s"": 0.16, ""horizon_samples"": 4, ""cc"": 0.9137318517307671, ""nrmse"": 0.4098220472002651, ""n_valid"": 1468, ""n_targets"": 1468}, {""horizon_s"": 0.2, ""horizon_samples"": 5, ""cc"": 0.906191100937812, ""nrmse"": 0.42545337060809846, ""n_valid"": 1467, ""n_targets"": 1467}, {""horizon_s"": 0.28, ""horizon_samples"": 7, ""cc"": 0.9026435298854993, ""nrmse"": 0.4334559951069975, ""n_valid"": 1465, ""n_targets"": 1465}, {""horizon_s"": 0.4, ""horizon_samples"": 10, ""cc"": 0.8987066046631643, ""nrmse"": 0.44218046974146896, ""n_valid"": 1462, ""n_targets"": 1462}, {""horizon_s"": 0.6, ""horizon_samples"": 15, ""cc"": 0.8659752882129138, ""nrmse"": 0.5034434664991814, ""n_valid"": 1457, ""n_targets"": 1457}, {""horizon_s"": 0.8, ""horizon_samples"": 20, ""cc"": 0.7772585478184568, ""nrmse"": 0.6353852015997609, ""n_valid"": 1452, ""n_targets"": 1452}, {""horizon_s"": 1.0, ""horizon_samples"": 25, ""cc"": 0.7657573927047058, ""nrmse"": 0.6494232454838051, ""n_valid"": 1447, ""n_targets"": 1447}, {""horizon_s"": 1.2, ""horizon_samples"": 30, ""cc"": 0.6900405837471475, ""nrmse"": 0.7335915184483593, ""n_valid"": 1442, ""n_targets"": 1442}, {""horizon_s"": 1.6, ""horizon_samples"": 40, ""cc"": 0.5669585233890276, ""nrmse"": 0.8414971519948202, ""n_valid"": 1432, ""n_targets"": 1432}, {""horizon_s"": 2.0, ""horizon_samples"": 50, ""cc"": 0.4414960474157453, ""nrmse"": 0.9242089371905121, ""n_valid"": 1422, ""n_targets"": 1422}, {""horizon_s"": 2.4, ""horizon_samples"": 60, ""cc"": 0.34118612934228504, ""nrmse"": 0.9858736367217047, ""n_valid"": 1412, ""n_targets"": 1412}, {""horizon_s"": 2.8, ""horizon_samples"": 70, ""cc"": 0.25698838336541935, ""nrmse"": 1.0271096617481579, ""n_valid"": 1402, ""n_targets"": 1402}, {""horizon_s"": 3.2, ""horizon_samples"": 80, ""cc"": 0.16866541026317888, ""nrmse"": 1.0676993098101863, ""n_valid"": 1392, ""n_targets"": 1392}, {""horizon_s"": 3.6, ""horizon_samples"": 90, ""cc"": 0.16557942615770233, ""nrmse"": 1.0601806523204924, ""n_valid"": 1382, ""n_targets"": 1382}, {""horizon_s"": 4.0, ""horizon_samples"": 100, ""cc"": 0.08695564494102181, ""nrmse"": 1.0937791771200323, ""n_valid"": 1372, ""n_targets"": 1372}]",25,28,0.02000007678678039,True,0.0,530.1119214144965,10,0.4000399999995352,1472,1399,True,ok,8,0.16,4,0.8,1.3,5.0,0.02,1.292445219000001,,True,9d400ccd9ae0cb0d7b95f3ac7047658ba52a37d59a1475fe36fc573575b12ef7,500fdae11695b71d99f3070886bd1dacb80eeedb4f8eac90bf425b810b5102df,T30_18_00015,False,dc2de0c03036394091cb7c2b7c070947f7d1b458301f46d0881b102e3e922705
nan,18,sample_18.csv,T30,T30_18_00016,Drowsy,1,3,3,1010.53041,1070.730486,60,60.20007599999997,1500,24.997500250004045,23665,25165,25158,26658,T30/filtered_sessions/sample_18.csv,True,0,0.0,True,0.13857369157714694,True,0.13715940779022803,True,nan,0.6761643088631839,0.6422847945409909,0.6315208523299899,3.88629651506202,0.1846714978163843,2.004166666666667,0.8188011389718641,0.9367743975077223,0.8000799999990704,1.2801279999985127,True,False,True,True,True,,,,,18,"[{""horizon_s"": 0.04, ""horizon_samples"": 1, ""cc"": 0.9582381679872398, ""nrmse"": 0.28556467339055486, ""n_valid"": 1471, ""n_targets"": 1471}, {""horizon_s"": 0.08, ""horizon_samples"": 2, ""cc"": 0.931321748632429, ""nrmse"": 0.36369982403323753, ""n_valid"": 1470, ""n_targets"": 1470}, {""horizon_s"": 0.12, ""horizon_samples"": 3, ""cc"": 0.9407705766070942, ""nrmse"": 0.338548971773905, ""n_valid"": 1469, ""n_targets"": 1469}, {""horizon_s"": 0.16, ""horizon_samples"": 4, ""cc"": 0.9337085882499603, ""nrmse"": 0.35757800788680427, ""n_valid"": 1468, ""n_targets"": 1468}, {""horizon_s"": 0.2, ""horizon_samples"": 5, ""cc"": 0.9268187880108516, ""nrmse"": 0.3749432867677042, ""n_valid"": 1467, ""n_targets"": 1467}, {""horizon_s"": 0.28, ""horizon_samples"": 7, ""cc"": 0.919609052621539, ""nrmse"": 0.3922655520962892, ""n_valid"": 1465, ""n_targets"": 1465}, {""horizon_s"": 0.4, ""horizon_samples"": 10, ""cc"": 0.9111966688492467, ""nrmse"": 0.41014482422547954, ""n_valid"": 1462, ""n_targets"": 1462}, {""horizon_s"": 0.6, ""horizon_samples"": 15, ""cc"": 0.8878759774398244, ""nrmse"": 0.45819676208494897, ""n_valid"": 1457, ""n_targets"": 1457}, {""horizon_s"": 0.8, ""horizon_samples"": 20, ""cc"": 0.7949764734601833, ""nrmse"": 0.6056508187500119, ""n_valid"": 1452, ""n_targets"": 1452}, {""horizon_s"": 1.0, ""horizon_samples"": 25, ""cc"": 0.762167522042718, ""nrmse"": 0.6459727016294013, ""n_valid"": 1447, ""n_targets"": 1447}, {""horizon_s"": 1.2, ""horizon_samples"": 30, ""cc"": 0.727359736776303, ""nrmse"": 0.6838038603025435, ""n_valid"": 1442, ""n_targets"": 1442}, {""horizon_s"": 1.6, ""horizon_samples"": 40, ""cc"": 0.598924874822929, ""nrmse"": 0.8047783571063286, ""n_valid"": 1432, ""n_targets"": 1432}, {""horizon_s"": 2.0, ""horizon_samples"": 50, ""cc"": 0.47352938480367074, ""nrmse"": 0.8913992356212317, ""n_valid"": 1422, ""n_targets"": 1422}, {""horizon_s"": 2.4, ""horizon_samples"": 60, ""cc"": 0.3973452855042455, ""nrmse"": 0.9365318491299855, ""n_valid"": 1412, ""n_targets"": 1412}, {""horizon_s"": 2.8, ""horizon_samples"": 70, ""cc"": 0.33411239219201005, ""nrmse"": 0.9685351591433575, ""n_valid"": 1402, ""n_targets"": 1402}, {""horizon_s"": 3.2, ""horizon_samples"": 80, ""cc"": 0.2509075921898923, ""nrmse"": 1.0055171252446578, ""n_valid"": 1392, ""n_targets"": 1392}, {""horizon_s"": 3.6, ""horizon_samples"": 90, ""cc"": 0.2394845504979791, ""nrmse"": 1.0078101305463512, ""n_valid"": 1382, ""n_targets"": 1382}, {""horizon_s"": 4.0, ""horizon_samples"": 100, ""cc"": 0.18261017884919548, ""nrmse"": 1.0301851620050395, ""n_valid"": 1372, ""n_targets"": 1372}]",25,28,0.02000007678678039,True,0.0,638.1880578079823,10,0.4000399999995352,1472,1438,True,ok,8,0.16,4,0.8,1.3,5.0,0.02,1.2769732560009288,,True,054f83f3fd100cc54783ee804fdbd72dfff06b79d03b83314e97b334be5ae520,4f29d0f3d6b6c748d4477ec1d49d78ba88800b9ebc08e78dcf81ef5547a7a885,T30_18_00016,False,dc2de0c03036394091cb7c2b7c070947f7d1b458301f46d0881b102e3e922705
nan,18,sample_18.csv,T30,T30_18_00017,Drowsy,1,3,3,1070.770189,1130.980331,60,60.210141999999905,1500,24.997500250004045,25165,26665,26658,28158,T30/filtered_sessions/sample_18.csv,True,0,0.0,True,0.25726213834267236,True,0.4651210097807714,True,nan,0.5702677829373157,0.7392780583247558,0.6295531986370398,4.087877843564973,0.26829677976676103,2.052689553882871,0.9541484852104285,0.964242316711409,0.8000799999990704,1.2801279999985127,True,True,True,True,True,,,,,18,"[{""horizon_s"": 0.04, ""horizon_samples"": 1, ""cc"": 0.9467411639192849, ""nrmse"": 0.3269438344211715, ""n_valid"": 1471, ""n_targets"": 1471}, {""horizon_s"": 0.08, ""horizon_samples"": 2, ""cc"": 0.9012482374956571, ""nrmse"": 0.4394760200917507, ""n_valid"": 1470, ""n_targets"": 1470}, {""horizon_s"": 0.12, ""horizon_samples"": 3, ""cc"": 0.9056575849032027, ""nrmse"": 0.4274413949364611, ""n_valid"": 1469, ""n_targets"": 1469}, {""horizon_s"": 0.16, ""horizon_samples"": 4, ""cc"": 0.8982951647407632, ""nrmse"": 0.4426688825754861, ""n_valid"": 1468, ""n_targets"": 1468}, {""horizon_s"": 0.2, ""horizon_samples"": 5, ""cc"": 0.887079256917134, ""nrmse"": 0.4653937167869289, ""n_valid"": 1467, ""n_targets"": 1467}, {""horizon_s"": 0.28, ""horizon_samples"": 7, ""cc"": 0.8662353068305984, ""nrmse"": 0.5038070144948281, ""n_valid"": 1465, ""n_targets"": 1465}, {""horizon_s"": 0.4, ""horizon_samples"": 10, ""cc"": 0.8558642226757924, ""nrmse"": 0.5221821403424433, ""n_valid"": 1462, ""n_targets"": 1462}, {""horizon_s"": 0.6, ""horizon_samples"": 15, ""cc"": 0.8161815355351926, ""nrmse"": 0.583806988020342, ""n_valid"": 1457, ""n_targets"": 1457}, {""horizon_s"": 0.8, ""horizon_samples"": 20, ""cc"": 0.6822957645236947, ""nrmse"": 0.7394838541012189, ""n_valid"": 1452, ""n_targets"": 1452}, {""horizon_s"": 1.0, ""horizon_samples"": 25, ""cc"": 0.6153951152692677, ""nrmse"": 0.8011864811776049, ""n_valid"": 1447, ""n_targets"": 1447}, {""horizon_s"": 1.2, ""horizon_samples"": 30, ""cc"": 0.5719805061800063, ""nrmse"": 0.8331528016659606, ""n_valid"": 1442, ""n_targets"": 1442}, {""horizon_s"": 1.6, ""horizon_samples"": 40, ""cc"": 0.38602620918081404, ""nrmse"": 0.9497814896414684, ""n_valid"": 1432, ""n_targets"": 1432}, {""horizon_s"": 2.0, ""horizon_samples"": 50, ""cc"": 0.24941271394959622, ""nrmse"": 1.0121878024443058, ""n_valid"": 1422, ""n_targets"": 1422}, {""horizon_s"": 2.4, ""horizon_samples"": 60, ""cc"": 0.14073635108580732, ""nrmse"": 1.051300235425216, ""n_valid"": 1412, ""n_targets"": 1412}, {""horizon_s"": 2.8, ""horizon_samples"": 70, ""cc"": 0.12475640279854605, ""nrmse"": 1.0524745961772646, ""n_valid"": 1402, ""n_targets"": 1402}, {""horizon_s"": 3.2, ""horizon_samples"": 80, ""cc"": 0.128354012162396, ""nrmse"": 1.0568492427444274, ""n_valid"": 1392, ""n_targets"": 1392}, {""horizon_s"": 3.6, ""horizon_samples"": 90, ""cc"": 0.15513812143526276, ""nrmse"": 1.0436138168609228, ""n_valid"": 1382, ""n_targets"": 1382}, {""horizon_s"": 4.0, ""horizon_samples"": 100, ""cc"": 0.13342242326866557, ""nrmse"": 1.0552547379378028, ""n_valid"": 1372, ""n_targets"": 1372}]",25,28,0.02000007678678039,True,0.0,618.1470138958216,11,0.44004399999948873,1472,1397,True,ok,8,0.16,4,0.8,1.3,5.0,0.02,1.3131728930002282,,True,02e0b50850477ec368e374055a62d345c408c9acea81781c53da778705e97abc,0ace716461e66d9bff35496dc2018de3a1b208808a86df4db79b1cdb1cf6eff0,T30_18_00017,False,dc2de0c03036394091cb7c2b7c070947f7d1b458301f46d0881b102e3e922705
nan,18,sample_18.csv,T30,T30_18_00014,Awake,0,2,2,785.2808368,845.4906611,60,60.20982430000004,1500,24.997500250004045,19550,21050,19550,21050,T30/filtered_sessions/sample_18.csv,True,0,0.0,True,0.06059194589633508,True,0.200538775657254,True,nan,0.7409168740374513,0.5947775882346387,0.7461246820559582,4.092392734930245,0.22779190862408216,2.004010977411864,0.6381333501355216,0.9704842361230923,0.8000799999990704,1.2801279999985127,True,True,True,True,True,,,,,18,"[{""horizon_s"": 0.04, ""horizon_samples"": 1, ""cc"": 0.9706952865023277, ""nrmse"": 0.24034074105429692, ""n_valid"": 1471, ""n_targets"": 1471}, {""horizon_s"": 0.08, ""horizon_samples"": 2, ""cc"": 0.9518946068229656, ""nrmse"": 0.3064978241139189, ""n_valid"": 1470, ""n_targets"": 1470}, {""horizon_s"": 0.12, ""horizon_samples"": 3, ""cc"": 0.9433825750341395, ""nrmse"": 0.3317712405264302, ""n_valid"": 1469, ""n_targets"": 1469}, {""horizon_s"": 0.16, ""horizon_samples"": 4, ""cc"": 0.9273372807806874, ""nrmse"": 0.37423021553586233, ""n_valid"": 1468, ""n_targets"": 1468}, {""horizon_s"": 0.2, ""horizon_samples"": 5, ""cc"": 0.9292698142153604, ""nrmse"": 0.3692606481783761, ""n_valid"": 1467, ""n_targets"": 1467}, {""horizon_s"": 0.28, ""horizon_samples"": 7, ""cc"": 0.9339182968069689, ""nrmse"": 0.3576759103260851, ""n_valid"": 1465, ""n_targets"": 1465}, {""horizon_s"": 0.4, ""horizon_samples"": 10, ""cc"": 0.9273217166380815, ""nrmse"": 0.3741224421343818, ""n_valid"": 1462, ""n_targets"": 1462}, {""horizon_s"": 0.6, ""horizon_samples"": 15, ""cc"": 0.9070365385801143, ""nrmse"": 0.4215967804143353, ""n_valid"": 1457, ""n_targets"": 1457}, {""horizon_s"": 0.8, ""horizon_samples"": 20, ""cc"": 0.8403902319864375, ""nrmse"": 0.5423606163450159, ""n_valid"": 1452, ""n_targets"": 1452}, {""horizon_s"": 1.0, ""horizon_samples"": 25, ""cc"": 0.8148914304226941, ""nrmse"": 0.5811064190442462, ""n_valid"": 1447, ""n_targets"": 1447}, {""horizon_s"": 1.2, ""horizon_samples"": 30, ""cc"": 0.7845739352055334, ""nrmse"": 0.6232748130153821, ""n_valid"": 1442, ""n_targets"": 1442}, {""horizon_s"": 1.6, ""horizon_samples"": 40, ""cc"": 0.6594703834904024, ""nrmse"": 0.7588866484183615, ""n_valid"": 1432, ""n_targets"": 1432}, {""horizon_s"": 2.0, ""horizon_samples"": 50, ""cc"": 0.5881365199677062, ""nrmse"": 0.8203275639645202, ""n_valid"": 1422, ""n_targets"": 1422}, {""horizon_s"": 2.4, ""horizon_samples"": 60, ""cc"": 0.5311678089047197, ""nrmse"": 0.8620095369054215, ""n_valid"": 1412, ""n_targets"": 1412}, {""horizon_s"": 2.8, ""horizon_samples"": 70, ""cc"": 0.4681605272658624, ""nrmse"": 0.8999874279589465, ""n_valid"": 1402, ""n_targets"": 1402}, {""horizon_s"": 3.2, ""horizon_samples"": 80, ""cc"": 0.42879334924111545, ""nrmse"": 0.9253417988724345, ""n_valid"": 1392, ""n_targets"": 1392}, {""horizon_s"": 3.6, ""horizon_samples"": 90, ""cc"": 0.39170435031103046, ""nrmse"": 0.9447388816488187, ""n_valid"": 1382, ""n_targets"": 1382}, {""horizon_s"": 4.0, ""horizon_samples"": 100, ""cc"": 0.33835908049797664, ""nrmse"": 0.9724670797666634, ""n_valid"": 1372, ""n_targets"": 1372}]",25,28,0.02000007678678039,True,0.0,499.90241232674646,10,0.4000399999995352,1472,1408,True,ok,8,0.16,4,0.8,1.3,5.0,0.02,1.6413613089989667,,True,4ca2252830bda9170b2e41f90d2849304d25b857a37479f463c6a31784411088,4c5fda87e1441ba24bb7cd670031663953d498115efdb7628955136b340a2b44,T30_18_00014,False,dc2de0c03036394091cb7c2b7c070947f7d1b458301f46d0881b102e3e922705
nan,18,sample_18.csv,T30,T30_18_00012,Awake,0,2,2,664.7810538,724.9907584,60,60.20970460000001,1500,24.997500250004045,16550,18050,16550,18050,T30/filtered_sessions/sample_18.csv,True,0,0.0,True,0.03029148078724733,True,0.2033202185241144,True,nan,0.7206426024885246,0.6290925642713806,0.6728895714354274,3.6389826109525045,0.1938858760858089,2.0,0.7504226889193403,0.925396955224119,0.8000799999990704,1.2801279999985127,True,False,True,True,True,,,,,18,"[{""horizon_s"": 0.04, ""horizon_samples"": 1, ""cc"": 0.9630320417110091, ""nrmse"": 0.2694143227917504, ""n_valid"": 1471, ""n_targets"": 1471}, {""horizon_s"": 0.08, ""horizon_samples"": 2, ""cc"": 0.9335099685164012, ""nrmse"": 0.3587971413530849, ""n_valid"": 1470, ""n_targets"": 1470}, {""horizon_s"": 0.12, ""horizon_samples"": 3, ""cc"": 0.9291563893753537, ""nrmse"": 0.37026270160652297, ""n_valid"": 1469, ""n_targets"": 1469}, {""horizon_s"": 0.16, ""horizon_samples"": 4, ""cc"": 0.9212574226449847, ""nrmse"": 0.3897701085890588, ""n_valid"": 1468, ""n_targets"": 1468}, {""horizon_s"": 0.2, ""horizon_samples"": 5, ""cc"": 0.9118966743237821, ""nrmse"": 0.4111951482497977, ""n_valid"": 1467, ""n_targets"": 1467}, {""horizon_s"": 0.28, ""horizon_samples"": 7, ""cc"": 0.9086087241576435, ""nrmse"": 0.419341931592718, ""n_valid"": 1465, ""n_targets"": 1465}, {""horizon_s"": 0.4, ""horizon_samples"": 10, ""cc"": 0.8921330012769356, ""nrmse"": 0.4524411300025938, ""n_valid"": 1462, ""n_targets"": 1462}, {""horizon_s"": 0.6, ""horizon_samples"": 15, ""cc"": 0.8697744023000842, ""nrmse"": 0.49413429394127395, ""n_valid"": 1457, ""n_targets"": 1457}, {""horizon_s"": 0.8, ""horizon_samples"": 20, ""cc"": 0.8028757435945189, ""nrmse"": 0.599263148682516, ""n_valid"": 1452, ""n_targets"": 1452}, {""horizon_s"": 1.0, ""horizon_samples"": 25, ""cc"": 0.7743643327378361, ""nrmse"": 0.636078815414705, ""n_valid"": 1447, ""n_targets"": 1447}, {""horizon_s"": 1.2, ""horizon_samples"": 30, ""cc"": 0.7133623590718097, ""nrmse"": 0.7064739564127072, ""n_valid"": 1442, ""n_targets"": 1442}, {""horizon_s"": 1.6, ""horizon_samples"": 40, ""cc"": 0.6522413656433014, ""nrmse"": 0.7676694521925103, ""n_valid"": 1432, ""n_targets"": 1432}, {""horizon_s"": 2.0, ""horizon_samples"": 50, ""cc"": 0.5477562163058561, ""nrmse"": 0.856068729155284, ""n_valid"": 1422, ""n_targets"": 1422}, {""horizon_s"": 2.4, ""horizon_samples"": 60, ""cc"": 0.5294854661904331, ""nrmse"": 0.8639142862304469, ""n_valid"": 1412, ""n_targets"": 1412}, {""horizon_s"": 2.8, ""horizon_samples"": 70, ""cc"": 0.4693484413869243, ""nrmse"": 0.9014726019996628, ""n_valid"": 1402, ""n_targets"": 1402}, {""horizon_s"": 3.2, ""horizon_samples"": 80, ""cc"": 0.4499642571155861, ""nrmse"": 0.908077897714008, ""n_valid"": 1392, ""n_targets"": 1392}, {""horizon_s"": 3.6, ""horizon_samples"": 90, ""cc"": 0.37355374048489287, ""nrmse"": 0.9486000577997801, ""n_valid"": 1382, ""n_targets"": 1382}, {""horizon_s"": 4.0, ""horizon_samples"": 100, ""cc"": 0.3292462979560921, ""nrmse"": 0.9706904331564311, ""n_valid"": 1372, ""n_targets"": 1372}]",25,28,0.02000007678678039,True,0.0,487.4656472975455,11,0.44004399999948873,1472,1413,True,ok,8,0.16,4,0.8,1.3,5.0,0.02,2.1126255050003238,,True,a193a7ff8e423886e7ed3aeb162f4f391ef3c3af1c3db2e6a7be8d8f325e5e83,503ac12a0c03a1ad22b55204a28916e28683e36f033e06476e4484377254c25c,T30_18_00012,False,dc2de0c03036394091cb7c2b7c070947f7d1b458301f46d0881b102e3e922705
nan,18,sample_18.csv,T30,T30_18_00018,Drowsy,1,3,3,1131.021024,1191.220945,60,60.19992100000013,1500,24.997500250004045,26665,28165,28158,29658,T30/filtered_sessions/sample_18.csv,True,0,0.0,True,0.06960372659095578,True,0.3571971209972392,True,nan,0.589561426382907,0.7357633957492427,0.6517732879013294,4.074707470747074,0.2289916974612468,2.0027282266526756,0.886622602984148,0.9769105321482889,0.8000799999990704,1.2801279999985127,True,True,True,True,True,,,,,18,"[{""horizon_s"": 0.04, ""horizon_samples"": 1, ""cc"": 0.9336441054712235, ""nrmse"": 0.35805276024114396, ""n_valid"": 1471, ""n_targets"": 1471}, {""horizon_s"": 0.08, ""horizon_samples"": 2, ""cc"": 0.8820662133852873, ""nrmse"": 0.471400390321791, ""n_valid"": 1470, ""n_targets"": 1470}, {""horizon_s"": 0.12, ""horizon_samples"": 3, ""cc"": 0.8931534486689935, ""nrmse"": 0.4495757666979235, ""n_valid"": 1469, ""n_targets"": 1469}, {""horizon_s"": 0.16, ""horizon_samples"": 4, ""cc"": 0.8878582016388561, ""nrmse"": 0.4610645533602898, ""n_valid"": 1468, ""n_targets"": 1468}, {""horizon_s"": 0.2, ""horizon_samples"": 5, ""cc"": 0.8764852466363517, ""nrmse"": 0.48310234367065225, ""n_valid"": 1467, ""n_targets"": 1467}, {""horizon_s"": 0.28, ""horizon_samples"": 7, ""cc"": 0.8541301343508657, ""nrmse"": 0.521232680949749, ""n_valid"": 1465, ""n_targets"": 1465}, {""horizon_s"": 0.4, ""horizon_samples"": 10, ""cc"": 0.8533184312471104, ""nrmse"": 0.5221173128648774, ""n_valid"": 1462, ""n_targets"": 1462}, {""horizon_s"": 0.6, ""horizon_samples"": 15, ""cc"": 0.7863994013878723, ""nrmse"": 0.6203134800106072, ""n_valid"": 1457, ""n_targets"": 1457}, {""horizon_s"": 0.8, ""horizon_samples"": 20, ""cc"": 0.6810448329196583, ""nrmse"": 0.7397581449912782, ""n_valid"": 1452, ""n_targets"": 1452}, {""horizon_s"": 1.0, ""horizon_samples"": 25, ""cc"": 0.6400472181549878, ""nrmse"": 0.7802529929804181, ""n_valid"": 1447, ""n_targets"": 1447}, {""horizon_s"": 1.2, ""horizon_samples"": 30, ""cc"": 0.614095162621887, ""nrmse"": 0.8019005470258777, ""n_valid"": 1442, ""n_targets"": 1442}, {""horizon_s"": 1.6, ""horizon_samples"": 40, ""cc"": 0.4459811541576967, ""nrmse"": 0.9177417711555249, ""n_valid"": 1432, ""n_targets"": 1432}, {""horizon_s"": 2.0, ""horizon_samples"": 50, ""cc"": 0.3419699563940271, ""nrmse"": 0.9746338943606845, ""n_valid"": 1422, ""n_targets"": 1422}, {""horizon_s"": 2.4, ""horizon_samples"": 60, ""cc"": 0.31998157668155985, ""nrmse"": 0.9779420246608359, ""n_valid"": 1412, ""n_targets"": 1412}, {""horizon_s"": 2.8, ""horizon_samples"": 70, ""cc"": 0.228331789268396, ""nrmse"": 1.0175208683077004, ""n_valid"": 1402, ""n_targets"": 1402}, {""horizon_s"": 3.2, ""horizon_samples"": 80, ""cc"": 0.19243537863227128, ""nrmse"": 1.0249924790110172, ""n_valid"": 1392, ""n_targets"": 1392}, {""horizon_s"": 3.6, ""horizon_samples"": 90, ""cc"": 0.10673209113093102, ""nrmse"": 1.055340286994487, ""n_valid"": 1382, ""n_targets"": 1382}, {""horizon_s"": 4.0, ""horizon_samples"": 100, ""cc"": 0.07443133214434929, ""nrmse"": 1.0667988258815104, ""n_valid"": 1372, ""n_targets"": 1372}]",25,28,0.02000007678678039,True,0.0,570.0823506101153,10,0.4000399999995352,1472,1410,True,ok,8,0.16,4,0.8,1.3,5.0,0.02,1.3201454770005512,,True,37c2503ed16ff5c22e257d10d583f6cdc11d98a03ffb2be0c7359f9699a12a0d,13b43d06311263a1a81efda5e6b633a8081c7ade62a08ffb4c66c4baa91afa00,T30_18_00018,False,dc2de0c03036394091cb7c2b7c070947f7d1b458301f46d0881b102e3e922705
nan,18,sample_18.csv,T30,T30_18_00019,Drowsy,1,3,3,1191.260552,1251.47072,60,60.21016800000007,1500,24.997500250004045,28165,29665,29658,31158,T30/filtered_sessions/sample_18.csv,True,0,0.0,True,0.10269319737860189,True,0.05126819032969524,True,nan,0.6590926890595505,0.6796861975190153,0.6024379709171186,3.7337894110648424,0.2019484570715554,2.010511227902532,0.8267041603300019,0.9230936886269041,0.8000799999990704,1.2801279999985127,True,False,True,True,True,,,,,18,"[{""horizon_s"": 0.04, ""horizon_samples"": 1, ""cc"": 0.9514520137317739, ""nrmse"": 0.30928762176130664, ""n_valid"": 1471, ""n_targets"": 1471}, {""horizon_s"": 0.08, ""horizon_samples"": 2, ""cc"": 0.9176318866702591, ""nrmse"": 0.399376259695028, ""n_valid"": 1470, ""n_targets"": 1470}, {""horizon_s"": 0.12, ""horizon_samples"": 3, ""cc"": 0.9219375511524257, ""nrmse"": 0.3882966020724304, ""n_valid"": 1469, ""n_targets"": 1469}, {""horizon_s"": 0.16, ""horizon_samples"": 4, ""cc"": 0.9107668920964691, ""nrmse"": 0.41457507748174943, ""n_valid"": 1468, ""n_targets"": 1468}, {""horizon_s"": 0.2, ""horizon_samples"": 5, ""cc"": 0.9065620510137955, ""nrmse"": 0.42310128026304317, ""n_valid"": 1467, ""n_targets"": 1467}, {""horizon_s"": 0.28, ""horizon_samples"": 7, ""cc"": 0.8918745927306416, ""nrmse"": 0.45373117691990206, ""n_valid"": 1465, ""n_targets"": 1465}, {""horizon_s"": 0.4, ""horizon_samples"": 10, ""cc"": 0.8910940408453231, ""nrmse"": 0.45406398926349534, ""n_valid"": 1462, ""n_targets"": 1462}, {""horizon_s"": 0.6, ""horizon_samples"": 15, ""cc"": 0.8418086416561741, ""nrmse"": 0.5416690085343722, ""n_valid"": 1457, ""n_targets"": 1457}, {""horizon_s"": 0.8, ""horizon_samples"": 20, ""cc"": 0.7472746449105195, ""nrmse"": 0.6685002196760276, ""n_valid"": 1452, ""n_targets"": 1452}, {""horizon_s"": 1.0, ""horizon_samples"": 25, ""cc"": 0.7068447513891083, ""nrmse"": 0.7120586224099483, ""n_valid"": 1447, ""n_targets"": 1447}, {""horizon_s"": 1.2, ""horizon_samples"": 30, ""cc"": 0.6673758760420987, ""nrmse"": 0.7511209390677535, ""n_valid"": 1442, ""n_targets"": 1442}, {""horizon_s"": 1.6, ""horizon_samples"": 40, ""cc"": 0.5566615884331048, ""nrmse"": 0.8449651260184425, ""n_valid"": 1432, ""n_targets"": 1432}, {""horizon_s"": 2.0, ""horizon_samples"": 50, ""cc"": 0.438525410650342, ""nrmse"": 0.922928927120905, ""n_valid"": 1422, ""n_targets"": 1422}, {""horizon_s"": 2.4, ""horizon_samples"": 60, ""cc"": 0.3783276560774861, ""nrmse"": 0.9504169978196668, ""n_valid"": 1412, ""n_targets"": 1412}, {""horizon_s"": 2.8, ""horizon_samples"": 70, ""cc"": 0.3257874007640313, ""nrmse"": 0.9813433263428656, ""n_valid"": 1402, ""n_targets"": 1402}, {""horizon_s"": 3.2, ""horizon_samples"": 80, ""cc"": 0.3100409965970131, ""nrmse"": 0.9880366684879113, ""n_valid"": 1392, ""n_targets"": 1392}, {""horizon_s"": 3.6, ""horizon_samples"": 90, ""cc"": 0.2754541432892821, ""nrmse"": 0.9993092354802589, ""n_valid"": 1382, ""n_targets"": 1382}, {""horizon_s"": 4.0, ""horizon_samples"": 100, ""cc"": 0.22424826502206185, ""nrmse"": 1.0315704769271674, ""n_valid"": 1372, ""n_targets"": 1372}]",25,28,0.02000007678678039,True,0.0,584.9301816192944,10,0.4000399999995352,1472,1402,True,ok,8,0.16,4,0.8,1.3,5.0,0.02,1.3049318510002195,,True,738628f2161f4fb74d14f12dc1d82397f9dcc67690cc06e95ad30b60300ce375,8561a714d653aa265b45657c45d60e884f8e2b209f1ab8e79b1dc5d6fef38224,T30_18_00019,False,dc2de0c03036394091cb7c2b7c070947f7d1b458301f46d0881b102e3e922705
nan,18,sample_18.csv,T30,T30_18_00020,Drowsy,1,3,3,1251.51017,1311.71102,60,60.200849999999946,1500,24.997500250004045,29665,31165,31158,32658,T30/filtered_sessions/sample_18.csv,True,0,0.0,True,0.21915547319110024,True,0.23902793614392023,True,nan,0.6488390065657644,0.6617455255655621,0.5866007582665451,3.2594666666666665,0.21972932763833566,2.0151848591549295,0.7642802762013654,0.9387991964672118,0.8000799999990704,1.2801279999985127,True,False,True,True,True,,,,,18,"[{""horizon_s"": 0.04, ""horizon_samples"": 1, ""cc"": 0.9547430083160009, ""nrmse"": 0.29765234521552925, ""n_valid"": 1471, ""n_targets"": 1471}, {""horizon_s"": 0.08, ""horizon_samples"": 2, ""cc"": 0.9264911515501725, ""nrmse"": 0.377334730462105, ""n_valid"": 1470, ""n_targets"": 1470}, {""horizon_s"": 0.12, ""horizon_samples"": 3, ""cc"": 0.9445509454064401, ""nrmse"": 0.328923527527545, ""n_valid"": 1469, ""n_targets"": 1469}, {""horizon_s"": 0.16, ""horizon_samples"": 4, ""cc"": 0.9318668025001106, ""nrmse"": 0.36359783658618466, ""n_valid"": 1468, ""n_targets"": 1468}, {""horizon_s"": 0.2, ""horizon_samples"": 5, ""cc"": 0.9157232631298474, ""nrmse"": 0.4025703738288808, ""n_valid"": 1467, ""n_targets"": 1467}, {""horizon_s"": 0.28, ""horizon_samples"": 7, ""cc"": 0.9253047095796588, ""nrmse"": 0.38071541304399864, ""n_valid"": 1465, ""n_targets"": 1465}, {""horizon_s"": 0.4, ""horizon_samples"": 10, ""cc"": 0.902877461309342, ""nrmse"": 0.43172116193512133, ""n_valid"": 1462, ""n_targets"": 1462}, {""horizon_s"": 0.6, ""horizon_samples"": 15, ""cc"": 0.8904227814245328, ""nrmse"": 0.456989302423901, ""n_valid"": 1457, ""n_targets"": 1457}, {""horizon_s"": 0.8, ""horizon_samples"": 20, ""cc"": 0.7704731067878043, ""nrmse"": 0.6421017001090732, ""n_valid"": 1452, ""n_targets"": 1452}, {""horizon_s"": 1.0, ""horizon_samples"": 25, ""cc"": 0.7429407179355155, ""nrmse"": 0.673882191093346, ""n_valid"": 1447, ""n_targets"": 1447}, {""horizon_s"": 1.2, ""horizon_samples"": 30, ""cc"": 0.7078161037539062, ""nrmse"": 0.7125276314608815, ""n_valid"": 1442, ""n_targets"": 1442}, {""horizon_s"": 1.6, ""horizon_samples"": 40, ""cc"": 0.5793046678828109, ""nrmse"": 0.826661970819457, ""n_valid"": 1432, ""n_targets"": 1432}, {""horizon_s"": 2.0, ""horizon_samples"": 50, ""cc"": 0.45624682452966164, ""nrmse"": 0.9081614931232097, ""n_valid"": 1422, ""n_targets"": 1422}, {""horizon_s"": 2.4, ""horizon_samples"": 60, ""cc"": 0.4000718183095552, ""nrmse"": 0.9401424646360623, ""n_valid"": 1412, ""n_targets"": 1412}, {""horizon_s"": 2.8, ""horizon_samples"": 70, ""cc"": 0.2827993701947189, ""nrmse"": 0.994543097892815, ""n_valid"": 1402, ""n_targets"": 1402}, {""horizon_s"": 3.2, ""horizon_samples"": 80, ""cc"": 0.206358388046295, ""nrmse"": 1.0305311840282576, ""n_valid"": 1392, ""n_targets"": 1392}, {""horizon_s"": 3.6, ""horizon_samples"": 90, ""cc"": 0.0943292840650095, ""nrmse"": 1.06556726528669, ""n_valid"": 1382, ""n_targets"": 1382}, {""horizon_s"": 4.0, ""horizon_samples"": 100, ""cc"": 0.04678171346237726, ""nrmse"": 1.0777957707070587, ""n_valid"": 1372, ""n_targets"": 1372}]",25,28,0.02000007678678039,True,0.0,546.7150869362304,10,0.4000399999995352,1472,1430,True,ok,8,0.16,4,0.8,1.3,5.0,0.02,1.2749658809989342,,True,c6309ff28e9029541a2919deecf96a9b9a37bd26e4e869cbbf5e8d98c9ed6d1b,7b94100b8d81382e86b176f7d00dcc71b3d678836f73e5b739b18afc72d4ae84,T30_18_00020,False,dc2de0c03036394091cb7c2b7c070947f7d1b458301f46d0881b102e3e922705
nan,18,sample_18.csv,T30,T30_18_00022,Drowsy,1,4,4,1422.081049,1482.28016,60,60.19911100000013,1500,24.997500250004045,33910,35410,35403,36903,T30/filtered_sessions/sample_18.csv,True,0,0.0,True,0.09103644806117135,True,0.13425585357179093,True,nan,0.6886975303353599,0.6374525368154923,0.6734174785237799,3.6427829698857734,0.34186783126169795,2.0582201675816236,0.6758487684844837,0.9541069974618593,0.8000799999990704,1.2801279999985127,True,True,True,True,True,,,,,18,"[{""horizon_s"": 0.04, ""horizon_samples"": 1, ""cc"": 0.963811233452267, ""nrmse"": 0.2673337696655517, ""n_valid"": 1471, ""n_targets"": 1471}, {""horizon_s"": 0.08, ""horizon_samples"": 2, ""cc"": 0.9384505153085775, ""nrmse"": 0.34583181092240994, ""n_valid"": 1470, ""n_targets"": 1470}, {""horizon_s"": 0.12, ""horizon_samples"": 3, ""cc"": 0.9353830096296791, ""nrmse"": 0.35387366316678875, ""n_valid"": 1469, ""n_targets"": 1469}, {""horizon_s"": 0.16, ""horizon_samples"": 4, ""cc"": 0.9196922549535185, ""nrmse"": 0.3927122590611468, ""n_valid"": 1468, ""n_targets"": 1468}, {""horizon_s"": 0.2, ""horizon_samples"": 5, ""cc"": 0.9188469275258941, ""nrmse"": 0.3948979381652289, ""n_valid"": 1467, ""n_targets"": 1467}, {""horizon_s"": 0.28, ""horizon_samples"": 7, ""cc"": 0.9194610043448547, ""nrmse"": 0.3934907698399273, ""n_valid"": 1465, ""n_targets"": 1465}, {""horizon_s"": 0.4, ""horizon_samples"": 10, ""cc"": 0.9094005318874174, ""nrmse"": 0.4168697480190759, ""n_valid"": 1462, ""n_targets"": 1462}, {""horizon_s"": 0.6, ""horizon_samples"": 15, ""cc"": 0.8750470295937661, ""nrmse"": 0.4846638691015824, ""n_valid"": 1457, ""n_targets"": 1457}, {""horizon_s"": 0.8, ""horizon_samples"": 20, ""cc"": 0.8074088927750649, ""nrmse"": 0.5898931105692254, ""n_valid"": 1452, ""n_targets"": 1452}, {""horizon_s"": 1.0, ""horizon_samples"": 25, ""cc"": 0.7818742876917797, ""nrmse"": 0.6244125592816867, ""n_valid"": 1447, ""n_targets"": 1447}, {""horizon_s"": 1.2, ""horizon_samples"": 30, ""cc"": 0.7191229277092154, ""nrmse"": 0.6959605404025103, ""n_valid"": 1442, ""n_targets"": 1442}, {""horizon_s"": 1.6, ""horizon_samples"": 40, ""cc"": 0.6125133984808699, ""nrmse"": 0.7958419141477466, ""n_valid"": 1432, ""n_targets"": 1432}, {""horizon_s"": 2.0, ""horizon_samples"": 50, ""cc"": 0.5123782019283608, ""nrmse"": 0.8659314338245846, ""n_valid"": 1422, ""n_targets"": 1422}, {""horizon_s"": 2.4, ""horizon_samples"": 60, ""cc"": 0.4066019889956705, ""nrmse"": 0.9290459453031766, ""n_valid"": 1412, ""n_targets"": 1412}, {""horizon_s"": 2.8, ""horizon_samples"": 70, ""cc"": 0.3696689390130107, ""nrmse"": 0.9481709981668147, ""n_valid"": 1402, ""n_targets"": 1402}, {""horizon_s"": 3.2, ""horizon_samples"": 80, ""cc"": 0.31327227444680333, ""nrmse"": 0.9754262520176965, ""n_valid"": 1392, ""n_targets"": 1392}, {""horizon_s"": 3.6, ""horizon_samples"": 90, ""cc"": 0.2814384103367821, ""nrmse"": 0.984639424376681, ""n_valid"": 1382, ""n_targets"": 1382}, {""horizon_s"": 4.0, ""horizon_samples"": 100, ""cc"": 0.2121837179629463, ""nrmse"": 1.0151496566470282, ""n_valid"": 1372, ""n_targets"": 1372}]",25,28,0.02000007678678039,True,0.0,663.4285540103758,10,0.4000399999995352,1472,1425,True,ok,8,0.16,4,0.8,1.3,5.0,0.02,1.3205823509997572,,True,ca887fd2edd42a7142e4497c403ac63e9f01e301dadee6db689baf0f2f0e6be8,e4cb261ad00eb24735e72e7ddbdaf3bdced10d5a957dc01008be5fa0b03bc052,T30_18_00022,False,dc2de0c03036394091cb7c2b7c070947f7d1b458301f46d0881b102e3e922705
nan,18,sample_18.csv,T30,T30_18_00013,Awake,0,2,2,725.0309207,785.2404225,60,60.2095018,1500,24.997500250004045,18050,19550,18050,19550,T30/filtered_sessions/sample_18.csv,True,0,0.0,True,0.24293580051209485,True,0.10243445972254893,True,nan,0.6560540956004617,0.6333719353177782,0.6561885108220953,3.6588172330746587,0.26061813120890726,2.0247949291573453,0.6791255210794753,0.953051565537487,0.8000799999990704,1.2801279999985127,True,True,True,True,True,,,,,18,"[{""horizon_s"": 0.04, ""horizon_samples"": 1, ""cc"": 0.9624336803056756, ""nrmse"": 0.2716263877934203, ""n_valid"": 1471, ""n_targets"": 1471}, {""horizon_s"": 0.08, ""horizon_samples"": 2, ""cc"": 0.9420597533674094, ""nrmse"": 0.3354052863035978, ""n_valid"": 1470, ""n_targets"": 1470}, {""horizon_s"": 0.12, ""horizon_samples"": 3, ""cc"": 0.9435872391284045, ""nrmse"": 0.33111269023001094, ""n_valid"": 1469, ""n_targets"": 1469}, {""horizon_s"": 0.16, ""horizon_samples"": 4, ""cc"": 0.9308609511323884, ""nrmse"": 0.3656179537716325, ""n_valid"": 1468, ""n_targets"": 1468}, {""horizon_s"": 0.2, ""horizon_samples"": 5, ""cc"": 0.9246952562166993, ""nrmse"": 0.3810981833201921, ""n_valid"": 1467, ""n_targets"": 1467}, {""horizon_s"": 0.28, ""horizon_samples"": 7, ""cc"": 0.9346984934283066, ""nrmse"": 0.3561252775172349, ""n_valid"": 1465, ""n_targets"": 1465}, {""horizon_s"": 0.4, ""horizon_samples"": 10, ""cc"": 0.9176417954942929, ""nrmse"": 0.3982563937876666, ""n_valid"": 1462, ""n_targets"": 1462}, {""horizon_s"": 0.6, ""horizon_samples"": 15, ""cc"": 0.9091075868714718, ""nrmse"": 0.416771829102341, ""n_valid"": 1457, ""n_targets"": 1457}, {""horizon_s"": 0.8, ""horizon_samples"": 20, ""cc"": 0.8405827167034949, ""nrmse"": 0.5413540754990804, ""n_valid"": 1452, ""n_targets"": 1452}, {""horizon_s"": 1.0, ""horizon_samples"": 25, ""cc"": 0.8102409189842296, ""nrmse"": 0.586692399754112, ""n_valid"": 1447, ""n_targets"": 1447}, {""horizon_s"": 1.2, ""horizon_samples"": 30, ""cc"": 0.7519258090290524, ""nrmse"": 0.6595797503755885, ""n_valid"": 1442, ""n_targets"": 1442}, {""horizon_s"": 1.6, ""horizon_samples"": 40, ""cc"": 0.6376634416731252, ""nrmse"": 0.773970090626666, ""n_valid"": 1432, ""n_targets"": 1432}, {""horizon_s"": 2.0, ""horizon_samples"": 50, ""cc"": 0.47348411791266515, ""nrmse"": 0.8884259375163345, ""n_valid"": 1422, ""n_targets"": 1422}, {""horizon_s"": 2.4, ""horizon_samples"": 60, ""cc"": 0.3369979383489141, ""nrmse"": 0.9624776967795593, ""n_valid"": 1412, ""n_targets"": 1412}, {""horizon_s"": 2.8, ""horizon_samples"": 70, ""cc"": 0.2662209888335004, ""nrmse"": 0.9866625374705792, ""n_valid"": 1402, ""n_targets"": 1402}, {""horizon_s"": 3.2, ""horizon_samples"": 80, ""cc"": 0.13530958558398304, ""nrmse"": 1.0323679229875076, ""n_valid"": 1392, ""n_targets"": 1392}, {""horizon_s"": 3.6, ""horizon_samples"": 90, ""cc"": 0.06625008581020712, ""nrmse"": 1.0574014330628618, ""n_valid"": 1382, ""n_targets"": 1382}, {""horizon_s"": 4.0, ""horizon_samples"": 100, ""cc"": 0.02521336198449152, ""nrmse"": 1.055748989821624, ""n_valid"": 1372, ""n_targets"": 1372}]",25,28,0.02000007678678039,True,0.0,514.0629620005411,10,0.4000399999995352,1472,1387,True,ok,8,0.16,4,0.8,1.3,5.0,0.02,3.4035452570005873,,True,3de1889944db75966e81f7839441c5e96efca491381557826974568a5b177ba1,3d8e5d9c9ec56a38d08bbdf71b2177a3338409c890e2944e91354f5f81dd48ed,T30_18_00013,False,dc2de0c03036394091cb7c2b7c070947f7d1b458301f46d0881b102e3e922705
nan,18,sample_18.csv,T30,T30_18_00021,Drowsy,1,4,4,1361.830328,1422.040745,60,60.21041700000001,1500,24.997500250004045,32410,33910,33903,35403,T30/filtered_sessions/sample_18.csv,True,0,0.0,True,0.044380935135278916,True,0.15054623538464,True,nan,0.7943184863219367,0.5325746912930929,0.6901665306905984,3.956258596973865,0.11623554254451217,2.0016528925619834,0.6039212047472519,0.9802694823408268,0.8000799999990704,1.2801279999985127,True,True,True,True,True,,,,,18,"[{""horizon_s"": 0.04, ""horizon_samples"": 1, ""cc"": 0.9705993848235208, ""nrmse"": 0.24044445274121268, ""n_valid"": 1471, ""n_targets"": 1471}, {""horizon_s"": 0.08, ""horizon_samples"": 2, ""cc"": 0.9519584255133279, ""nrmse"": 0.30623580463342764, ""n_valid"": 1470, ""n_targets"": 1470}, {""horizon_s"": 0.12, ""horizon_samples"": 3, ""cc"": 0.9594902783768408, ""nrmse"": 0.28152129160874045, ""n_valid"": 1469, ""n_targets"": 1469}, {""horizon_s"": 0.16, ""horizon_samples"": 4, ""cc"": 0.9502276978601208, ""nrmse"": 0.31133186026182375, ""n_valid"": 1468, ""n_targets"": 1468}, {""horizon_s"": 0.2, ""horizon_samples"": 5, ""cc"": 0.9428747863859276, ""nrmse"": 0.332807260148027, ""n_valid"": 1467, ""n_targets"": 1467}, {""horizon_s"": 0.28, ""horizon_samples"": 7, ""cc"": 0.9513569199870318, ""nrmse"": 0.3074520139654439, ""n_valid"": 1465, ""n_targets"": 1465}, {""horizon_s"": 0.4, ""horizon_samples"": 10, ""cc"": 0.9411803709446341, ""nrmse"": 0.33666582331576467, ""n_valid"": 1462, ""n_targets"": 1462}, {""horizon_s"": 0.6, ""horizon_samples"": 15, ""cc"": 0.9382609007210139, ""nrmse"": 0.34493295184053063, ""n_valid"": 1457, ""n_targets"": 1457}, {""horizon_s"": 0.8, ""horizon_samples"": 20, ""cc"": 0.8688772643732151, ""nrmse"": 0.49435335191343377, ""n_valid"": 1452, ""n_targets"": 1452}, {""horizon_s"": 1.0, ""horizon_samples"": 25, ""cc"": 0.8675851581908605, ""nrmse"": 0.4956468069800954, ""n_valid"": 1447, ""n_targets"": 1447}, {""horizon_s"": 1.2, ""horizon_samples"": 30, ""cc"": 0.8613582686059772, ""nrmse"": 0.5065365986185165, ""n_valid"": 1442, ""n_targets"": 1442}, {""horizon_s"": 1.6, ""horizon_samples"": 40, ""cc"": 0.7598448179117173, ""nrmse"": 0.649075552057743, ""n_valid"": 1432, ""n_targets"": 1432}, {""horizon_s"": 2.0, ""horizon_samples"": 50, ""cc"": 0.689328065354108, ""nrmse"": 0.7267550568758941, ""n_valid"": 1422, ""n_targets"": 1422}, {""horizon_s"": 2.4, ""horizon_samples"": 60, ""cc"": 0.6432133228141128, ""nrmse"": 0.7667989737832416, ""n_valid"": 1412, ""n_targets"": 1412}, {""horizon_s"": 2.8, ""horizon_samples"": 70, ""cc"": 0.5701361154644851, ""nrmse"": 0.8259668323782676, ""n_valid"": 1402, ""n_targets"": 1402}, {""horizon_s"": 3.2, ""horizon_samples"": 80, ""cc"": 0.5215118558259015, ""nrmse"": 0.8596293401483802, ""n_valid"": 1392, ""n_targets"": 1392}, {""horizon_s"": 3.6, ""horizon_samples"": 90, ""cc"": 0.4537655785871214, ""nrmse"": 0.9022140427998551, ""n_valid"": 1382, ""n_targets"": 1382}, {""horizon_s"": 4.0, ""horizon_samples"": 100, ""cc"": 0.45616354205494297, ""nrmse"": 0.8979764292052729, ""n_valid"": 1372, ""n_targets"": 1372}]",25,28,0.02000007678678039,True,0.0,500.2195175463192,10,0.4000399999995352,1472,1419,True,ok,8,0.16,4,0.8,1.3,5.0,0.02,2.0879371810005978,,True,de2215c6481577e2d56b0f9a56e916d1b59689cdd88e897438474bc08e5432ef,336b72887b1a0338ec0fd0ad94caeb7beea1012dc0eae710709c6daa5b224608,T30_18_00021,False,dc2de0c03036394091cb7c2b7c070947f7d1b458301f46d0881b102e3e922705
nan,18,sample_18.csv,T30,T30_18_00023,Drowsy,1,4,4,1482.320976,1542.520272,60,60.199296000000004,1500,24.997500250004045,35410,36910,36903,38403,T30/filtered_sessions/sample_18.csv,True,0,0.0,True,0.19024711445612055,True,0.20749070025979424,True,nan,0.615604255994912,0.6821083055963189,0.5935595335221001,3.419408349460879,0.2822623218313577,2.0319571601312836,0.6578947998521916,0.8921346930464055,0.8000799999990704,1.2801279999985127,False,False,True,True,True,,,,,18,"[{""horizon_s"": 0.04, ""horizon_samples"": 1, ""cc"": 0.944213162235581, ""nrmse"": 0.3280026839821107, ""n_valid"": 1471, ""n_targets"": 1471}, {""horizon_s"": 0.08, ""horizon_samples"": 2, ""cc"": 0.9057182435209488, ""nrmse"": 0.4221123026430082, ""n_valid"": 1470, ""n_targets"": 1470}, {""horizon_s"": 0.12, ""horizon_samples"": 3, ""cc"": 0.923486184796427, ""nrmse"": 0.3821700387767686, ""n_valid"": 1469, ""n_targets"": 1469}, {""horizon_s"": 0.16, ""horizon_samples"": 4, ""cc"": 0.9204109200960181, ""nrmse"": 0.38969835650364776, ""n_valid"": 1468, ""n_targets"": 1468}, {""horizon_s"": 0.2, ""horizon_samples"": 5, ""cc"": 0.8993463473804116, ""nrmse"": 0.435892305956874, ""n_valid"": 1467, ""n_targets"": 1467}, {""horizon_s"": 0.28, ""horizon_samples"": 7, ""cc"": 0.9089445325682445, ""nrmse"": 0.4162452615472686, ""n_valid"": 1465, ""n_targets"": 1465}, {""horizon_s"": 0.4, ""horizon_samples"": 10, ""cc"": 0.8813557406254993, ""nrmse"": 0.47098726353489434, ""n_valid"": 1462, ""n_targets"": 1462}, {""horizon_s"": 0.6, ""horizon_samples"": 15, ""cc"": 0.8671556714813049, ""nrmse"": 0.4957166639817711, ""n_valid"": 1457, ""n_targets"": 1457}, {""horizon_s"": 0.8, ""horizon_samples"": 20, ""cc"": 0.7801002284214722, ""nrmse"": 0.6237171261753085, ""n_valid"": 1452, ""n_targets"": 1452}, {""horizon_s"": 1.0, ""horizon_samples"": 25, ""cc"": 0.7403609697204431, ""nrmse"": 0.6703319952023085, ""n_valid"": 1447, ""n_targets"": 1447}, {""horizon_s"": 1.2, ""horizon_samples"": 30, ""cc"": 0.6878542189609133, ""nrmse"": 0.72232741989401, ""n_valid"": 1442, ""n_targets"": 1442}, {""horizon_s"": 1.6, ""horizon_samples"": 40, ""cc"": 0.5500405517392767, ""nrmse"": 0.8389569973763216, ""n_valid"": 1432, ""n_targets"": 1432}, {""horizon_s"": 2.0, ""horizon_samples"": 50, ""cc"": 0.36245512030669447, ""nrmse"": 0.9511740684581842, ""n_valid"": 1422, ""n_targets"": 1422}, {""horizon_s"": 2.4, ""horizon_samples"": 60, ""cc"": 0.29767037923855033, ""nrmse"": 0.9750056032662237, ""n_valid"": 1412, ""n_targets"": 1412}, {""horizon_s"": 2.8, ""horizon_samples"": 70, ""cc"": 0.18380920528822473, ""nrmse"": 1.0156392835012105, ""n_valid"": 1402, ""n_targets"": 1402}, {""horizon_s"": 3.2, ""horizon_samples"": 80, ""cc"": 0.1457652577973374, ""nrmse"": 1.028743883797133, ""n_valid"": 1392, ""n_targets"": 1392}, {""horizon_s"": 3.6, ""horizon_samples"": 90, ""cc"": 0.03496163462046938, ""nrmse"": 1.0603047223248363, ""n_valid"": 1382, ""n_targets"": 1382}, {""horizon_s"": 4.0, ""horizon_samples"": 100, ""cc"": 0.047228239110597925, ""nrmse"": 1.0509235238118584, ""n_valid"": 1372, ""n_targets"": 1372}]",25,28,0.02000007678678039,True,0.0,579.8439220041795,10,0.4000399999995352,1472,1396,False,low_fit_r2,8,0.16,4,0.8,1.3,5.0,0.02,1.3239549230002012,,True,bc664a6e4183ebf089489a725f2ee7c2e04d12dffa0769a37e56977d5e15368f,97850e81c21ffb3c073072c3de048f2bf025d7b63a272400b68f37e0df8a155a,T30_18_00023,False,dc2de0c03036394091cb7c2b7c070947f7d1b458301f46d0881b102e3e922705
nan,18,sample_18.csv,T30,T30_18_00025,Drowsy,1,4,4,1602.810145,1663.010177,60,60.20003200000019,1500,24.997500250004045,38410,39910,39903,41403,T30/filtered_sessions/sample_18.csv,True,0,0.0,True,0.12147724829602931,True,0.47902693894544324,True,nan,0.59646274805473,0.7247643926279506,0.6431348082737438,3.4004059883278357,0.17185775303546577,2.0451170759565964,0.6543225832366298,0.946562916161533,0.8000799999990704,1.2801279999985127,True,False,True,True,True,,,,,18,"[{""horizon_s"": 0.04, ""horizon_samples"": 1, ""cc"": 0.9386194404316831, ""nrmse"": 0.3452063532788796, ""n_valid"": 1471, ""n_targets"": 1471}, {""horizon_s"": 0.08, ""horizon_samples"": 2, ""cc"": 0.8841490041018285, ""nrmse"": 0.46679863790644077, ""n_valid"": 1470, ""n_targets"": 1470}, {""horizon_s"": 0.12, ""horizon_samples"": 3, ""cc"": 0.8837407505314985, ""nrmse"": 0.46738790608994196, ""n_valid"": 1469, ""n_targets"": 1469}, {""horizon_s"": 0.16, ""horizon_samples"": 4, ""cc"": 0.8701832028239506, ""nrmse"": 0.49264536479653254, ""n_valid"": 1468, ""n_targets"": 1468}, {""horizon_s"": 0.2, ""horizon_samples"": 5, ""cc"": 0.8541325613803488, ""nrmse"": 0.51931872225465, ""n_valid"": 1467, ""n_targets"": 1467}, {""horizon_s"": 0.28, ""horizon_samples"": 7, ""cc"": 0.8681056199810299, ""nrmse"": 0.4958071579056837, ""n_valid"": 1465, ""n_targets"": 1465}, {""horizon_s"": 0.4, ""horizon_samples"": 10, ""cc"": 0.828526053236114, ""nrmse"": 0.557918525539201, ""n_valid"": 1462, ""n_targets"": 1462}, {""horizon_s"": 0.6, ""horizon_samples"": 15, ""cc"": 0.8205354919312492, ""nrmse"": 0.5710000596647967, ""n_valid"": 1457, ""n_targets"": 1457}, {""horizon_s"": 0.8, ""horizon_samples"": 20, ""cc"": 0.709975593516117, ""nrmse"": 0.70295344368317, ""n_valid"": 1452, ""n_targets"": 1452}, {""horizon_s"": 1.0, ""horizon_samples"": 25, ""cc"": 0.659614230967953, ""nrmse"": 0.7492447188722744, ""n_valid"": 1447, ""n_targets"": 1447}, {""horizon_s"": 1.2, ""horizon_samples"": 30, ""cc"": 0.6147577438767228, ""nrmse"": 0.7890715965277938, ""n_valid"": 1442, ""n_targets"": 1442}, {""horizon_s"": 1.6, ""horizon_samples"": 40, ""cc"": 0.46156752360802883, ""nrmse"": 0.8924394210146142, ""n_valid"": 1432, ""n_targets"": 1432}, {""horizon_s"": 2.0, ""horizon_samples"": 50, ""cc"": 0.33289388536517694, ""nrmse"": 0.9564878533395793, ""n_valid"": 1422, ""n_targets"": 1422}, {""horizon_s"": 2.4, ""horizon_samples"": 60, ""cc"": 0.25309420546418554, ""nrmse"": 0.991975274156976, ""n_valid"": 1412, ""n_targets"": 1412}, {""horizon_s"": 2.8, ""horizon_samples"": 70, ""cc"": 0.24967029231495455, ""nrmse"": 0.990828647039235, ""n_valid"": 1402, ""n_targets"": 1402}, {""horizon_s"": 3.2, ""horizon_samples"": 80, ""cc"": 0.1981567757884239, ""nrmse"": 1.0042234711364255, ""n_valid"": 1392, ""n_targets"": 1392}, {""horizon_s"": 3.6, ""horizon_samples"": 90, ""cc"": 0.15569093371907805, ""nrmse"": 1.0268383743688239, ""n_valid"": 1382, ""n_targets"": 1382}, {""horizon_s"": 4.0, ""horizon_samples"": 100, ""cc"": 0.15291615594679403, ""nrmse"": 1.025613539728091, ""n_valid"": 1372, ""n_targets"": 1372}]",25,28,0.02000007678678039,True,0.0,700.2463687199631,10,0.4000399999995352,1472,1406,True,ok,8,0.16,4,0.8,1.3,5.0,0.02,1.333762227999614,,True,a49c9488f375950d67a4914335c854b3b721e5763688b40c172f0241da1ac565,9b2f82b07957caeca38240ed5da3f71275b7439c9b342c8bc1f16c804a5ec658,T30_18_00025,False,dc2de0c03036394091cb7c2b7c070947f7d1b458301f46d0881b102e3e922705
nan,18,sample_18.csv,T30,T30_18_00026,Awake,0,5,5,1768.150175,1828.350156,60,60.19998099999998,1500,24.997500250004045,41033,42533,44020,45520,T30/filtered_sessions/sample_18.csv,True,0,0.0,True,0.2653712609084119,True,0.3018228565070946,True,nan,0.69768293910648,0.6166072814562358,0.6578682151941259,3.6593699946609717,0.2237126265777223,2.018402251569604,0.6239788938027275,0.9446855381826749,0.8000799999990704,1.2801279999985127,True,False,True,True,True,,,,,18,"[{""horizon_s"": 0.04, ""horizon_samples"": 1, ""cc"": 0.9621811053078524, ""nrmse"": 0.2716117820580167, ""n_valid"": 1471, ""n_targets"": 1471}, {""horizon_s"": 0.08, ""horizon_samples"": 2, ""cc"": 0.9373231120211418, ""nrmse"": 0.34754233798347695, ""n_valid"": 1470, ""n_targets"": 1470}, {""horizon_s"": 0.12, ""horizon_samples"": 3, ""cc"": 0.9404945802056331, ""nrmse"": 0.3388885705503695, ""n_valid"": 1469, ""n_targets"": 1469}, {""horizon_s"": 0.16, ""horizon_samples"": 4, ""cc"": 0.9359527038252674, ""nrmse"": 0.3512224995868286, ""n_valid"": 1468, ""n_targets"": 1468}, {""horizon_s"": 0.2, ""horizon_samples"": 5, ""cc"": 0.9332607611469655, ""nrmse"": 0.35822682241343207, ""n_valid"": 1467, ""n_targets"": 1467}, {""horizon_s"": 0.28, ""horizon_samples"": 7, ""cc"": 0.9270776565501688, ""nrmse"": 0.3736872577167108, ""n_valid"": 1465, ""n_targets"": 1465}, {""horizon_s"": 0.4, ""horizon_samples"": 10, ""cc"": 0.9173538541624119, ""nrmse"": 0.3963421516452684, ""n_valid"": 1462, ""n_targets"": 1462}, {""horizon_s"": 0.6, ""horizon_samples"": 15, ""cc"": 0.8950338426062849, ""nrmse"": 0.4432695351627232, ""n_valid"": 1457, ""n_targets"": 1457}, {""horizon_s"": 0.8, ""horizon_samples"": 20, ""cc"": 0.8295376632284917, ""nrmse"": 0.5557516619276665, ""n_valid"": 1452, ""n_targets"": 1452}, {""horizon_s"": 1.0, ""horizon_samples"": 25, ""cc"": 0.801416455947872, ""nrmse"": 0.5950199064551344, ""n_valid"": 1447, ""n_targets"": 1447}, {""horizon_s"": 1.2, ""horizon_samples"": 30, ""cc"": 0.7570498405219033, ""nrmse"": 0.6500255852242813, ""n_valid"": 1442, ""n_targets"": 1442}, {""horizon_s"": 1.6, ""horizon_samples"": 40, ""cc"": 0.6430961527212316, ""nrmse"": 0.7640173192310045, ""n_valid"": 1432, ""n_targets"": 1432}, {""horizon_s"": 2.0, ""horizon_samples"": 50, ""cc"": 0.5259193216373559, ""nrmse"": 0.855663722450138, ""n_valid"": 1422, ""n_targets"": 1422}, {""horizon_s"": 2.4, ""horizon_samples"": 60, ""cc"": 0.49355630550274215, ""nrmse"": 0.8723434682494737, ""n_valid"": 1412, ""n_targets"": 1412}, {""horizon_s"": 2.8, ""horizon_samples"": 70, ""cc"": 0.3665379071786597, ""nrmse"": 0.9425336492401045, ""n_valid"": 1402, ""n_targets"": 1402}, {""horizon_s"": 3.2, ""horizon_samples"": 80, ""cc"": 0.3168085800306064, ""nrmse"": 0.9617096810266275, ""n_valid"": 1392, ""n_targets"": 1392}, {""horizon_s"": 3.6, ""horizon_samples"": 90, ""cc"": 0.20495974796183616, ""nrmse"": 1.004280922993478, ""n_valid"": 1382, ""n_targets"": 1382}, {""horizon_s"": 4.0, ""horizon_samples"": 100, ""cc"": 0.17073331336021708, ""nrmse"": 1.016794192297509, ""n_valid"": 1372, ""n_targets"": 1372}]",25,28,0.02000007678678039,True,0.0,554.8646638352712,11,0.44004399999948873,1472,1416,True,ok,8,0.16,4,0.8,1.3,5.0,0.02,1.3297925629995007,,True,723d59ed58c595049ef28a34edf629a9137e2b3db333d7ba1f9ef0f9f396f84d,8333ce0a68c1faad2fbf22cbdb2acd504c4942286d4a105e955bd85aa9cb7e1f,T30_18_00026,False,dc2de0c03036394091cb7c2b7c070947f7d1b458301f46d0881b102e3e922705
nan,18,sample_18.csv,T30,T30_18_00027,Awake,0,5,5,1828.390424,1888.600629,60,60.21020500000009,1500,24.997500250004045,42533,44033,45520,47020,T30/filtered_sessions/sample_18.csv,True,0,0.0,True,0.03857172908383714,True,0.2182866896690013,True,nan,0.7666197166483569,0.557979677554338,0.7061957095551183,3.735719725818736,0.1765849210538945,2.000271812992661,0.6927054588070626,0.9388081902607801,0.8000799999990704,1.2801279999985127,True,False,True,True,True,,,,,18,"[{""horizon_s"": 0.04, ""horizon_samples"": 1, ""cc"": 0.9762282888551673, ""nrmse"": 0.21739585184225776, ""n_valid"": 1471, ""n_targets"": 1471}, {""horizon_s"": 0.08, ""horizon_samples"": 2, ""cc"": 0.9569711268779273, ""nrmse"": 0.29101133886125635, ""n_valid"": 1470, ""n_targets"": 1470}, {""horizon_s"": 0.12, ""horizon_samples"": 3, ""cc"": 0.954872745358737, ""nrmse"": 0.2977423615302648, ""n_valid"": 1469, ""n_targets"": 1469}, {""horizon_s"": 0.16, ""horizon_samples"": 4, ""cc"": 0.9524050819748002, ""nrmse"": 0.3054217786533544, ""n_valid"": 1468, ""n_targets"": 1468}, {""horizon_s"": 0.2, ""horizon_samples"": 5, ""cc"": 0.9469686195871295, ""nrmse"": 0.3218202171698769, ""n_valid"": 1467, ""n_targets"": 1467}, {""horizon_s"": 0.28, ""horizon_samples"": 7, ""cc"": 0.9479524025139501, ""nrmse"": 0.3188171238164307, ""n_valid"": 1465, ""n_targets"": 1465}, {""horizon_s"": 0.4, ""horizon_samples"": 10, ""cc"": 0.9338744911022707, ""nrmse"": 0.3578441843701633, ""n_valid"": 1462, ""n_targets"": 1462}, {""horizon_s"": 0.6, ""horizon_samples"": 15, ""cc"": 0.9151061551933358, ""nrmse"": 0.4040433597754484, ""n_valid"": 1457, ""n_targets"": 1457}, {""horizon_s"": 0.8, ""horizon_samples"": 20, ""cc"": 0.8727986063571773, ""nrmse"": 0.49013587820956456, ""n_valid"": 1452, ""n_targets"": 1452}, {""horizon_s"": 1.0, ""horizon_samples"": 25, ""cc"": 0.8563789905577853, ""nrmse"": 0.5180515423435657, ""n_valid"": 1447, ""n_targets"": 1447}, {""horizon_s"": 1.2, ""horizon_samples"": 30, ""cc"": 0.8063066288819554, ""nrmse"": 0.5949704859718342, ""n_valid"": 1442, ""n_targets"": 1442}, {""horizon_s"": 1.6, ""horizon_samples"": 40, ""cc"": 0.7525159902886671, ""nrmse"": 0.6612468673966775, ""n_valid"": 1432, ""n_targets"": 1432}, {""horizon_s"": 2.0, ""horizon_samples"": 50, ""cc"": 0.6578614299212502, ""nrmse"": 0.7625051164878333, ""n_valid"": 1422, ""n_targets"": 1422}, {""horizon_s"": 2.4, ""horizon_samples"": 60, ""cc"": 0.6020129457526373, ""nrmse"": 0.8078324345358248, ""n_valid"": 1412, ""n_targets"": 1412}, {""horizon_s"": 2.8, ""horizon_samples"": 70, ""cc"": 0.5058229988530544, ""nrmse"": 0.8779106683365862, ""n_valid"": 1402, ""n_targets"": 1402}, {""horizon_s"": 3.2, ""horizon_samples"": 80, ""cc"": 0.46195250859507525, ""nrmse"": 0.8993451829285944, ""n_valid"": 1392, ""n_targets"": 1392}, {""horizon_s"": 3.6, ""horizon_samples"": 90, ""cc"": 0.38154562713086254, ""nrmse"": 0.9449743833667748, ""n_valid"": 1382, ""n_targets"": 1382}, {""horizon_s"": 4.0, ""horizon_samples"": 100, ""cc"": 0.3175802618686432, ""nrmse"": 0.9725654203817761, ""n_valid"": 1372, ""n_targets"": 1372}]",25,28,0.02000007678678039,True,0.0,456.58444083071896,11,0.44004399999948873,1472,1359,True,ok,8,0.16,4,0.8,1.3,5.0,0.02,1.5403127410008892,,True,8b6d2f44fdacabe93d1c1578248f584449e7057867005d8eb6e053db8d40da49,fdf1c0e2d378b489ddebd3a48909c0b080cdace916f6e6a9222d0cff82199b47,T30_18_00027,False,dc2de0c03036394091cb7c2b7c070947f7d1b458301f46d0881b102e3e922705
nan,18,sample_18.csv,T30,T30_18_00029,Awake,0,5,5,1948.880712,2009.080266,60,60.199554000000035,1500,24.997500250004045,45533,47033,48520,50020,T30/filtered_sessions/sample_18.csv,True,0,0.0,True,0.1894953171339804,True,0.3289043163451768,True,nan,0.7612842063896168,0.5907523651399371,0.645774343715506,3.7243288126210907,0.26364159907856216,2.029743210788842,0.5924738471650407,0.8966040932865355,0.8000799999990704,1.2801279999985127,False,False,True,True,True,,,,,18,"[{""horizon_s"": 0.04, ""horizon_samples"": 1, ""cc"": 0.9547166669062505, ""nrmse"": 0.29751154663667534, ""n_valid"": 1471, ""n_targets"": 1471}, {""horizon_s"": 0.08, ""horizon_samples"": 2, ""cc"": 0.9278607931780614, ""nrmse"": 0.37278620494471676, ""n_valid"": 1470, ""n_targets"": 1470}, {""horizon_s"": 0.12, ""horizon_samples"": 3, ""cc"": 0.9292138902491658, ""nrmse"": 0.36939305420595075, ""n_valid"": 1469, ""n_targets"": 1469}, {""horizon_s"": 0.16, ""horizon_samples"": 4, ""cc"": 0.9168868059765802, ""nrmse"": 0.39917434000011776, ""n_valid"": 1468, ""n_targets"": 1468}, {""horizon_s"": 0.2, ""horizon_samples"": 5, ""cc"": 0.9091127541898073, ""nrmse"": 0.41635553070122844, ""n_valid"": 1467, ""n_targets"": 1467}, {""horizon_s"": 0.28, ""horizon_samples"": 7, ""cc"": 0.9166835335787501, ""nrmse"": 0.39929165752048085, ""n_valid"": 1465, ""n_targets"": 1465}, {""horizon_s"": 0.4, ""horizon_samples"": 10, ""cc"": 0.8991183995764731, ""nrmse"": 0.4369224390279894, ""n_valid"": 1462, ""n_targets"": 1462}, {""horizon_s"": 0.6, ""horizon_samples"": 15, ""cc"": 0.8966222318480019, ""nrmse"": 0.4416128879285394, ""n_valid"": 1457, ""n_targets"": 1457}, {""horizon_s"": 0.8, ""horizon_samples"": 20, ""cc"": 0.8307466463768817, ""nrmse"": 0.5559564611256387, ""n_valid"": 1452, ""n_targets"": 1452}, {""horizon_s"": 1.0, ""horizon_samples"": 25, ""cc"": 0.8198755848094349, ""nrmse"": 0.5713304332329795, ""n_valid"": 1447, ""n_targets"": 1447}, {""horizon_s"": 1.2, ""horizon_samples"": 30, ""cc"": 0.8002993632418793, ""nrmse"": 0.5980171495850924, ""n_valid"": 1442, ""n_targets"": 1442}, {""horizon_s"": 1.6, ""horizon_samples"": 40, ""cc"": 0.7249284280942858, ""nrmse"": 0.6889002035979356, ""n_valid"": 1432, ""n_targets"": 1432}, {""horizon_s"": 2.0, ""horizon_samples"": 50, ""cc"": 0.6524453666706104, ""nrmse"": 0.7597290542624927, ""n_valid"": 1422, ""n_targets"": 1422}, {""horizon_s"": 2.4, ""horizon_samples"": 60, ""cc"": 0.6057693232122157, ""nrmse"": 0.7975905362143579, ""n_valid"": 1412, ""n_targets"": 1412}, {""horizon_s"": 2.8, ""horizon_samples"": 70, ""cc"": 0.5410721421248492, ""nrmse"": 0.8486237032206055, ""n_valid"": 1402, ""n_targets"": 1402}, {""horizon_s"": 3.2, ""horizon_samples"": 80, ""cc"": 0.5293649843061157, ""nrmse"": 0.8519977999602663, ""n_valid"": 1392, ""n_targets"": 1392}, {""horizon_s"": 3.6, ""horizon_samples"": 90, ""cc"": 0.4427896398729032, ""nrmse"": 0.9042853974641238, ""n_valid"": 1382, ""n_targets"": 1382}, {""horizon_s"": 4.0, ""horizon_samples"": 100, ""cc"": 0.40560916080083786, ""nrmse"": 0.9240641728896778, ""n_valid"": 1372, ""n_targets"": 1372}]",25,28,0.02000007678678039,True,0.0,634.8156755054769,10,0.4000399999995352,1472,1412,False,low_fit_r2,8,0.16,4,0.8,1.3,5.0,0.02,1.339248377000331,,True,187ad0477bcb92867e20cbea41fcd50e6a80c74d2f37b2853b23969ffee43985,38832468be8c81be9f3a43af21263d4e4e7665a011d6723b08f9d54b4866f17a,T30_18_00029,False,dc2de0c03036394091cb7c2b7c070947f7d1b458301f46d0881b102e3e922705
nan,18,sample_18.csv,T30,T30_18_00030,Drowsy,1,6,6,2078.361162,2138.560491,60,60.199329000000034,1500,24.997500250004045,47262,48762,51744,53244,T30/filtered_sessions/sample_18.csv,True,0,0.0,True,0.09543479475046121,True,0.10671775366667627,True,nan,0.524279947006969,0.751125174105209,0.6186591159955848,3.6374153498871333,0.35098622642414934,2.0420214993717716,0.8053998945481916,0.9710186761484575,0.8000799999990704,1.2801279999985127,True,True,True,True,True,,,,,18,"[{""horizon_s"": 0.04, ""horizon_samples"": 1, ""cc"": 0.9399661965459469, ""nrmse"": 0.3416712131987416, ""n_valid"": 1471, ""n_targets"": 1471}, {""horizon_s"": 0.08, ""horizon_samples"": 2, ""cc"": 0.8879041397717777, ""nrmse"": 0.4603368572421433, ""n_valid"": 1470, ""n_targets"": 1470}, {""horizon_s"": 0.12, ""horizon_samples"": 3, ""cc"": 0.8890493040092814, ""nrmse"": 0.4576251019992208, ""n_valid"": 1469, ""n_targets"": 1469}, {""horizon_s"": 0.16, ""horizon_samples"": 4, ""cc"": 0.8866874525937086, ""nrmse"": 0.46239160507055554, ""n_valid"": 1468, ""n_targets"": 1468}, {""horizon_s"": 0.2, ""horizon_samples"": 5, ""cc"": 0.8761589429535578, ""nrmse"": 0.48220645002970025, ""n_valid"": 1467, ""n_targets"": 1467}, {""horizon_s"": 0.28, ""horizon_samples"": 7, ""cc"": 0.8649440026468205, ""nrmse"": 0.5017417169013761, ""n_valid"": 1465, ""n_targets"": 1465}, {""horizon_s"": 0.4, ""horizon_samples"": 10, ""cc"": 0.8511574049041425, ""nrmse"": 0.5250468272679976, ""n_valid"": 1462, ""n_targets"": 1462}, {""horizon_s"": 0.6, ""horizon_samples"": 15, ""cc"": 0.7895123294341935, ""nrmse"": 0.6148074500139269, ""n_valid"": 1457, ""n_targets"": 1457}, {""horizon_s"": 0.8, ""horizon_samples"": 20, ""cc"": 0.6826404439399171, ""nrmse"": 0.7332539112617481, ""n_valid"": 1452, ""n_targets"": 1452}, {""horizon_s"": 1.0, ""horizon_samples"": 25, ""cc"": 0.6170762781547292, ""nrmse"": 0.7897379951960216, ""n_valid"": 1447, ""n_targets"": 1447}, {""horizon_s"": 1.2, ""horizon_samples"": 30, ""cc"": 0.5437207088336449, ""nrmse"": 0.8434166360650491, ""n_valid"": 1442, ""n_targets"": 1442}, {""horizon_s"": 1.6, ""horizon_samples"": 40, ""cc"": 0.36157682732102986, ""nrmse"": 0.94734227093051, ""n_valid"": 1432, ""n_targets"": 1432}, {""horizon_s"": 2.0, ""horizon_samples"": 50, ""cc"": 0.20377390044969912, ""nrmse"": 1.0109480987055115, ""n_valid"": 1422, ""n_targets"": 1422}, {""horizon_s"": 2.4, ""horizon_samples"": 60, ""cc"": 0.14657656383196985, ""nrmse"": 1.0310835552953195, ""n_valid"": 1412, ""n_targets"": 1412}, {""horizon_s"": 2.8, ""horizon_samples"": 70, ""cc"": 0.03210964126048204, ""nrmse"": 1.0700660135106852, ""n_valid"": 1402, ""n_targets"": 1402}, {""horizon_s"": 3.2, ""horizon_samples"": 80, ""cc"": 0.029791079835300507, ""nrmse"": 1.065862857017348, ""n_valid"": 1392, ""n_targets"": 1392}, {""horizon_s"": 3.6, ""horizon_samples"": 90, ""cc"": -0.05709856139944584, ""nrmse"": 1.0849456999638307, ""n_valid"": 1382, ""n_targets"": 1382}, {""horizon_s"": 4.0, ""horizon_samples"": 100, ""cc"": -0.10850760896131548, ""nrmse"": 1.097768874224077, ""n_valid"": 1372, ""n_targets"": 1372}]",25,28,0.02000007678678039,True,0.0,592.9037053827153,11,0.44004399999948873,1472,1424,True,ok,8,0.16,4,0.8,1.3,5.0,0.02,1.3199435120004637,,True,7f4a02ea3df3ec08a357f427ece95dcb2cde2cb7e488020a85367ded73f7fdf4,18cf8f6a2fc6a730b6de0ca20c9e48f53500c6e387c69db350896214e7ade519,T30_18_00030,False,dc2de0c03036394091cb7c2b7c070947f7d1b458301f46d0881b102e3e922705
nan,18,sample_18.csv,T30,T30_18_00028,Awake,0,5,5,1888.640387,1948.840106,60,60.19971900000019,1500,24.997500250004045,44033,45533,47020,48520,T30/filtered_sessions/sample_18.csv,True,0,0.0,True,0.09127357395255395,True,0.10348763339478688,True,nan,0.7179756179140434,0.6108550635474306,0.6882948601046216,3.769250985545335,0.29183663675193167,2.0239640539191215,0.6393429845999387,0.9227658422477627,0.8000799999990704,1.2801279999985127,True,False,True,True,True,,,,,18,"[{""horizon_s"": 0.04, ""horizon_samples"": 1, ""cc"": 0.9688766830731655, ""nrmse"": 0.24942513815493736, ""n_valid"": 1471, ""n_targets"": 1471}, {""horizon_s"": 0.08, ""horizon_samples"": 2, ""cc"": 0.9461509546286685, ""nrmse"": 0.32519174459386707, ""n_valid"": 1470, ""n_targets"": 1470}, {""horizon_s"": 0.12, ""horizon_samples"": 3, ""cc"": 0.9413932252926133, ""nrmse"": 0.3381590537381553, ""n_valid"": 1469, ""n_targets"": 1469}, {""horizon_s"": 0.16, ""horizon_samples"": 4, ""cc"": 0.9380246794130199, ""nrmse"": 0.3471225906452721, ""n_valid"": 1468, ""n_targets"": 1468}, {""horizon_s"": 0.2, ""horizon_samples"": 5, ""cc"": 0.9356636540576299, ""nrmse"": 0.3534863745034096, ""n_valid"": 1467, ""n_targets"": 1467}, {""horizon_s"": 0.28, ""horizon_samples"": 7, ""cc"": 0.9259777501028637, ""nrmse"": 0.37799989129730754, ""n_valid"": 1465, ""n_targets"": 1465}, {""horizon_s"": 0.4, ""horizon_samples"": 10, ""cc"": 0.918823993642587, ""nrmse"": 0.3957059663445173, ""n_valid"": 1462, ""n_targets"": 1462}, {""horizon_s"": 0.6, ""horizon_samples"": 15, ""cc"": 0.8920461038813304, ""nrmse"": 0.45307248406891953, ""n_valid"": 1457, ""n_targets"": 1457}, {""horizon_s"": 0.8, ""horizon_samples"": 20, ""cc"": 0.834784443516738, ""nrmse"": 0.5517895715194063, ""n_valid"": 1452, ""n_targets"": 1452}, {""horizon_s"": 1.0, ""horizon_samples"": 25, ""cc"": 0.809901105853538, ""nrmse"": 0.5875419121266622, ""n_valid"": 1447, ""n_targets"": 1447}, {""horizon_s"": 1.2, ""horizon_samples"": 30, ""cc"": 0.7755714776911578, ""nrmse"": 0.6336601318818237, ""n_valid"": 1442, ""n_targets"": 1442}, {""horizon_s"": 1.6, ""horizon_samples"": 40, ""cc"": 0.6709058857190248, ""nrmse"": 0.7453942302239759, ""n_valid"": 1432, ""n_targets"": 1432}, {""horizon_s"": 2.0, ""horizon_samples"": 50, ""cc"": 0.5653846873798988, ""nrmse"": 0.835019647939567, ""n_valid"": 1422, ""n_targets"": 1422}, {""horizon_s"": 2.4, ""horizon_samples"": 60, ""cc"": 0.481055501622716, ""nrmse"": 0.8952509757030188, ""n_valid"": 1412, ""n_targets"": 1412}, {""horizon_s"": 2.8, ""horizon_samples"": 70, ""cc"": 0.41219606978467327, ""nrmse"": 0.934469195503354, ""n_valid"": 1402, ""n_targets"": 1402}, {""horizon_s"": 3.2, ""horizon_samples"": 80, ""cc"": 0.3543374140459344, ""nrmse"": 0.9678367788800535, ""n_valid"": 1392, ""n_targets"": 1392}, {""horizon_s"": 3.6, ""horizon_samples"": 90, ""cc"": 0.31727545619533526, ""nrmse"": 0.9818538717454376, ""n_valid"": 1382, ""n_targets"": 1382}, {""horizon_s"": 4.0, ""horizon_samples"": 100, ""cc"": 0.23519203655188697, ""nrmse"": 1.0224115849840643, ""n_valid"": 1372, ""n_targets"": 1372}]",25,28,0.02000007678678039,True,0.0,572.5902372706291,11,0.44004399999948873,1472,1403,True,ok,8,0.16,4,0.8,1.3,5.0,0.02,2.0398749220003083,,True,f928ceada64a654dd29fd553dc357642adc96f153bc0a32424cb79624ce5b2eb,6f4fce44ae9b1d73bfbfebfb2da4316e2b88f1dad442dc344a29e4d73cd257bf,T30_18_00028,False,dc2de0c03036394091cb7c2b7c070947f7d1b458301f46d0881b102e3e922705
nan,18,sample_18.csv,T30,T30_18_00031,Drowsy,1,6,6,2138.600141,2198.800374,60,60.200233000000026,1500,24.997500250004045,48762,50262,53244,54744,T30/filtered_sessions/sample_18.csv,True,0,0.0,True,0.06962471931229557,True,0.08301139257478343,True,nan,0.7397415675042858,0.5981167681661846,0.6813360848490666,3.651491769547325,0.2209771080289869,2.0019565217391304,0.6546827895225806,0.895907673917678,0.8000799999990704,1.2801279999985127,False,False,True,True,True,,,,,18,"[{""horizon_s"": 0.04, ""horizon_samples"": 1, ""cc"": 0.9646098492919868, ""nrmse"": 0.2638674116692031, ""n_valid"": 1471, ""n_targets"": 1471}, {""horizon_s"": 0.08, ""horizon_samples"": 2, ""cc"": 0.9382156864623953, ""nrmse"": 0.3461961749666643, ""n_valid"": 1470, ""n_targets"": 1470}, {""horizon_s"": 0.12, ""horizon_samples"": 3, ""cc"": 0.9410317378805209, ""nrmse"": 0.33842134883170555, ""n_valid"": 1469, ""n_targets"": 1469}, {""horizon_s"": 0.16, ""horizon_samples"": 4, ""cc"": 0.932508102844248, ""nrmse"": 0.36115194070364387, ""n_valid"": 1468, ""n_targets"": 1468}, {""horizon_s"": 0.2, ""horizon_samples"": 5, ""cc"": 0.929505085145548, ""nrmse"": 0.3689208085213592, ""n_valid"": 1467, ""n_targets"": 1467}, {""horizon_s"": 0.28, ""horizon_samples"": 7, ""cc"": 0.9239061213629103, ""nrmse"": 0.38242623961740174, ""n_valid"": 1465, ""n_targets"": 1465}, {""horizon_s"": 0.4, ""horizon_samples"": 10, ""cc"": 0.9107495223548024, ""nrmse"": 0.41297428282557036, ""n_valid"": 1462, ""n_targets"": 1462}, {""horizon_s"": 0.6, ""horizon_samples"": 15, ""cc"": 0.891266946082181, ""nrmse"": 0.4520574321812249, ""n_valid"": 1457, ""n_targets"": 1457}, {""horizon_s"": 0.8, ""horizon_samples"": 20, ""cc"": 0.8283394324141411, ""nrmse"": 0.5594117150768501, ""n_valid"": 1452, ""n_targets"": 1452}, {""horizon_s"": 1.0, ""horizon_samples"": 25, ""cc"": 0.8022565154253773, ""nrmse"": 0.5967778747410762, ""n_valid"": 1447, ""n_targets"": 1447}, {""horizon_s"": 1.2, ""horizon_samples"": 30, ""cc"": 0.7776050546323946, ""nrmse"": 0.6264315986707086, ""n_valid"": 1442, ""n_targets"": 1442}, {""horizon_s"": 1.6, ""horizon_samples"": 40, ""cc"": 0.6760647770369338, ""nrmse"": 0.7376200946983398, ""n_valid"": 1432, ""n_targets"": 1432}, {""horizon_s"": 2.0, ""horizon_samples"": 50, ""cc"": 0.6394440251460956, ""nrmse"": 0.7694808908244758, ""n_valid"": 1422, ""n_targets"": 1422}, {""horizon_s"": 2.4, ""horizon_samples"": 60, ""cc"": 0.573094825709803, ""nrmse"": 0.8247116036897464, ""n_valid"": 1412, ""n_targets"": 1412}, {""horizon_s"": 2.8, ""horizon_samples"": 70, ""cc"": 0.5023031332906279, ""nrmse"": 0.8743869213569327, ""n_valid"": 1402, ""n_targets"": 1402}, {""horizon_s"": 3.2, ""horizon_samples"": 80, ""cc"": 0.4444096741205435, ""nrmse"": 0.9072046060656941, ""n_valid"": 1392, ""n_targets"": 1392}, {""horizon_s"": 3.6, ""horizon_samples"": 90, ""cc"": 0.3530867232489833, ""nrmse"": 0.9595498274360499, ""n_valid"": 1382, ""n_targets"": 1382}, {""horizon_s"": 4.0, ""horizon_samples"": 100, ""cc"": 0.2869510026276506, ""nrmse"": 0.9845110551146794, ""n_valid"": 1372, ""n_targets"": 1372}]",25,28,0.02000007678678039,True,0.0,466.68256929109936,11,0.44004399999948873,1472,1402,False,low_fit_r2,8,0.16,4,0.8,1.3,5.0,0.02,1.332524949000799,,True,d918654425fc17850348eca2dcc90659469e481e405de2692dce6a5ba2311437,d972791f4626ced559f01c74daffc25ed47bba9b78b96f52a7f1e31d0a48ec40,T30_18_00031,False,dc2de0c03036394091cb7c2b7c070947f7d1b458301f46d0881b102e3e922705
nan,18,sample_18.csv,T30,T30_18_00024,Drowsy,1,4,4,1542.560989,1602.77011,60,60.20912099999987,1500,24.997500250004045,36910,38410,38403,39903,T30/filtered_sessions/sample_18.csv,True,0,0.0,True,0.0989785156024553,True,0.41116697012747533,True,nan,0.5675754629297164,0.7392637751758927,0.5895762345827135,3.500997435166714,0.3177760714114316,2.0261627906976742,0.7372308371851717,0.9824264233084524,0.8000799999990704,1.2801279999985127,True,True,True,True,True,,,,,18,"[{""horizon_s"": 0.04, ""horizon_samples"": 1, ""cc"": 0.9346375767336831, ""nrmse"": 0.3555415766342104, ""n_valid"": 1471, ""n_targets"": 1471}, {""horizon_s"": 0.08, ""horizon_samples"": 2, ""cc"": 0.8797300226047767, ""nrmse"": 0.47622099078797453, ""n_valid"": 1470, ""n_targets"": 1470}, {""horizon_s"": 0.12, ""horizon_samples"": 3, ""cc"": 0.8886182591004625, ""nrmse"": 0.4587995619364113, ""n_valid"": 1469, ""n_targets"": 1469}, {""horizon_s"": 0.16, ""horizon_samples"": 4, ""cc"": 0.889643361053609, ""nrmse"": 0.4568737459468284, ""n_valid"": 1468, ""n_targets"": 1468}, {""horizon_s"": 0.2, ""horizon_samples"": 5, ""cc"": 0.8798511047611091, ""nrmse"": 0.47560147802090363, ""n_valid"": 1467, ""n_targets"": 1467}, {""horizon_s"": 0.28, ""horizon_samples"": 7, ""cc"": 0.8643880429920473, ""nrmse"": 0.503769327365209, ""n_valid"": 1465, ""n_targets"": 1465}, {""horizon_s"": 0.4, ""horizon_samples"": 10, ""cc"": 0.8566550350789026, ""nrmse"": 0.5164990407555587, ""n_valid"": 1462, ""n_targets"": 1462}, {""horizon_s"": 0.6, ""horizon_samples"": 15, ""cc"": 0.7948630900140026, ""nrmse"": 0.6068757193817453, ""n_valid"": 1457, ""n_targets"": 1457}, {""horizon_s"": 0.8, ""horizon_samples"": 20, ""cc"": 0.6877559782115282, ""nrmse"": 0.7285991102322463, ""n_valid"": 1452, ""n_targets"": 1452}, {""horizon_s"": 1.0, ""horizon_samples"": 25, ""cc"": 0.6524968572468153, ""nrmse"": 0.7607972865968624, ""n_valid"": 1447, ""n_targets"": 1447}, {""horizon_s"": 1.2, ""horizon_samples"": 30, ""cc"": 0.600175352690943, ""nrmse"": 0.8027301909346642, ""n_valid"": 1442, ""n_targets"": 1442}, {""horizon_s"": 1.6, ""horizon_samples"": 40, ""cc"": 0.44292495197173576, ""nrmse"": 0.910343258175044, ""n_valid"": 1432, ""n_targets"": 1432}, {""horizon_s"": 2.0, ""horizon_samples"": 50, ""cc"": 0.28238965686412276, ""nrmse"": 0.994750680686181, ""n_valid"": 1422, ""n_targets"": 1422}, {""horizon_s"": 2.4, ""horizon_samples"": 60, ""cc"": 0.195138217911239, ""nrmse"": 1.0263870509161028, ""n_valid"": 1412, ""n_targets"": 1412}, {""horizon_s"": 2.8, ""horizon_samples"": 70, ""cc"": 0.17290331029980016, ""nrmse"": 1.0345647565961575, ""n_valid"": 1402, ""n_targets"": 1402}, {""horizon_s"": 3.2, ""horizon_samples"": 80, ""cc"": 0.06305435398835699, ""nrmse"": 1.0706313680948094, ""n_valid"": 1392, ""n_targets"": 1392}, {""horizon_s"": 3.6, ""horizon_samples"": 90, ""cc"": 0.10928963629808118, ""nrmse"": 1.0488759032287491, ""n_valid"": 1382, ""n_targets"": 1382}, {""horizon_s"": 4.0, ""horizon_samples"": 100, ""cc"": 0.02184352491367851, ""nrmse"": 1.078886906876409, ""n_valid"": 1372, ""n_targets"": 1372}]",25,28,0.02000007678678039,True,0.0,637.385286251381,10,0.4000399999995352,1472,1422,True,ok,8,0.16,4,0.8,1.3,5.0,0.02,3.4608778929996333,,True,570eccb4ee3fc75b30bf101de77110d9519591a6c7539b3579ac333361da0cba,dbaff4143cd11dc767e36363d4304b69ebeb435d2ca390f8a54db8b7f8111b41,T30_18_00024,False,dc2de0c03036394091cb7c2b7c070947f7d1b458301f46d0881b102e3e922705
nan,18,sample_18.csv,T30,T30_18_00032,Drowsy,1,6,6,2198.841022,2259.040826,60,60.19980399999986,1500,24.997500250004045,50262,51762,54744,56244,T30/filtered_sessions/sample_18.csv,True,0,0.0,True,0.1550362565400376,True,0.1551322065979837,True,nan,0.7291753329192528,0.5945188682842176,0.6370878725344339,3.6529994496422673,0.21332245524787638,2.0104025327905926,0.706925800460212,0.8910934683359483,0.8000799999990704,1.2801279999985127,False,False,True,True,True,,,,,18,"[{""horizon_s"": 0.04, ""horizon_samples"": 1, ""cc"": 0.9743235185855978, ""nrmse"": 0.22707628446784997, ""n_valid"": 1471, ""n_targets"": 1471}, {""horizon_s"": 0.08, ""horizon_samples"": 2, ""cc"": 0.9513132468529797, ""nrmse"": 0.3098156360223376, ""n_valid"": 1470, ""n_targets"": 1470}, {""horizon_s"": 0.12, ""horizon_samples"": 3, ""cc"": 0.9469168005404499, ""nrmse"": 0.32211335149061016, ""n_valid"": 1469, ""n_targets"": 1469}, {""horizon_s"": 0.16, ""horizon_samples"": 4, ""cc"": 0.9511745346796197, ""nrmse"": 0.30898690772888626, ""n_valid"": 1468, ""n_targets"": 1468}, {""horizon_s"": 0.2, ""horizon_samples"": 5, ""cc"": 0.9470835163195012, ""nrmse"": 0.32154273991986515, ""n_valid"": 1467, ""n_targets"": 1467}, {""horizon_s"": 0.28, ""horizon_samples"": 7, ""cc"": 0.9373820937788456, ""nrmse"": 0.3486247192784434, ""n_valid"": 1465, ""n_targets"": 1465}, {""horizon_s"": 0.4, ""horizon_samples"": 10, ""cc"": 0.9191808024748443, ""nrmse"": 0.39444811728561463, ""n_valid"": 1462, ""n_targets"": 1462}, {""horizon_s"": 0.6, ""horizon_samples"": 15, ""cc"": 0.8874000580983148, ""nrmse"": 0.4619216360741503, ""n_valid"": 1457, ""n_targets"": 1457}, {""horizon_s"": 0.8, ""horizon_samples"": 20, ""cc"": 0.8550516619949874, ""nrmse"": 0.5195182527113283, ""n_valid"": 1452, ""n_targets"": 1452}, {""horizon_s"": 1.0, ""horizon_samples"": 25, ""cc"": 0.8236783230465305, ""nrmse"": 0.5677604627158733, ""n_valid"": 1447, ""n_targets"": 1447}, {""horizon_s"": 1.2, ""horizon_samples"": 30, ""cc"": 0.7710807036451701, ""nrmse"": 0.6385729690681953, ""n_valid"": 1442, ""n_targets"": 1442}, {""horizon_s"": 1.6, ""horizon_samples"": 40, ""cc"": 0.6684444433159619, ""nrmse"": 0.7463499901701857, ""n_valid"": 1432, ""n_targets"": 1432}, {""horizon_s"": 2.0, ""horizon_samples"": 50, ""cc"": 0.5956198843216519, ""nrmse"": 0.8092299154193137, ""n_valid"": 1422, ""n_targets"": 1422}, {""horizon_s"": 2.4, ""horizon_samples"": 60, ""cc"": 0.5072449279496034, ""nrmse"": 0.8718585757658468, ""n_valid"": 1412, ""n_targets"": 1412}, {""horizon_s"": 2.8, ""horizon_samples"": 70, ""cc"": 0.43337855315368184, ""nrmse"": 0.9181786847444199, ""n_valid"": 1402, ""n_targets"": 1402}, {""horizon_s"": 3.2, ""horizon_samples"": 80, ""cc"": 0.35612509523182795, ""nrmse"": 0.959684713407953, ""n_valid"": 1392, ""n_targets"": 1392}, {""horizon_s"": 3.6, ""horizon_samples"": 90, ""cc"": 0.33053344845720467, ""nrmse"": 0.9747335289553325, ""n_valid"": 1382, ""n_targets"": 1382}, {""horizon_s"": 4.0, ""horizon_samples"": 100, ""cc"": 0.2692243800997789, ""nrmse"": 1.0009231438897104, ""n_valid"": 1372, ""n_targets"": 1372}]",25,28,0.02000007678678039,True,0.0,473.76473241904984,11,0.44004399999948873,1472,1373,False,low_fit_r2,8,0.16,4,0.8,1.3,5.0,0.02,1.6568916120013455,,True,6763e39ff0adb40266fa0e8873ab8ce21aedd4013093c69780beb114a7738ccf,dc0f4634a867cdae1955de2d6d10cee3036ffd003be122281d1f39ad1bb50fed,T30_18_00032,False,dc2de0c03036394091cb7c2b7c070947f7d1b458301f46d0881b102e3e922705
nan,18,sample_18.csv,T30,T30_18_00034,Drowsy,1,6,6,2319.320322,2379.511218,60,60.190896000000066,1500,24.997500250004045,53262,54762,57744,59244,T30/filtered_sessions/sample_18.csv,True,0,0.0,True,0.2996120839091289,True,0.4331219970236352,True,nan,0.5533390541620986,0.7460260057171679,0.5833853241829438,3.5183791606367585,0.33514901377357587,2.0545748749632247,0.63419581702786,0.9306545152278574,0.8000799999990704,1.2801279999985127,True,False,True,True,True,,,,,18,"[{""horizon_s"": 0.04, ""horizon_samples"": 1, ""cc"": 0.9379967887349945, ""nrmse"": 0.3474622116307448, ""n_valid"": 1471, ""n_targets"": 1471}, {""horizon_s"": 0.08, ""horizon_samples"": 2, ""cc"": 0.8901834528341742, ""nrmse"": 0.45603655005227073, ""n_valid"": 1470, ""n_targets"": 1470}, {""horizon_s"": 0.12, ""horizon_samples"": 3, ""cc"": 0.8882897704884536, ""nrmse"": 0.45945012046935074, ""n_valid"": 1469, ""n_targets"": 1469}, {""horizon_s"": 0.16, ""horizon_samples"": 4, ""cc"": 0.8759095403885402, ""nrmse"": 0.4829085835175734, ""n_valid"": 1468, ""n_targets"": 1468}, {""horizon_s"": 0.2, ""horizon_samples"": 5, ""cc"": 0.8769297759521177, ""nrmse"": 0.4810464160657303, ""n_valid"": 1467, ""n_targets"": 1467}, {""horizon_s"": 0.28, ""horizon_samples"": 7, ""cc"": 0.8554874573336694, ""nrmse"": 0.5191764551419183, ""n_valid"": 1465, ""n_targets"": 1465}, {""horizon_s"": 0.4, ""horizon_samples"": 10, ""cc"": 0.8536498957501916, ""nrmse"": 0.5222245112542261, ""n_valid"": 1462, ""n_targets"": 1462}, {""horizon_s"": 0.6, ""horizon_samples"": 15, ""cc"": 0.814915457165896, ""nrmse"": 0.5801806325923768, ""n_valid"": 1457, ""n_targets"": 1457}, {""horizon_s"": 0.8, ""horizon_samples"": 20, ""cc"": 0.7009680535341949, ""nrmse"": 0.716083118968704, ""n_valid"": 1452, ""n_targets"": 1452}, {""horizon_s"": 1.0, ""horizon_samples"": 25, ""cc"": 0.6299488912818146, ""nrmse"": 0.7820211528244702, ""n_valid"": 1447, ""n_targets"": 1447}, {""horizon_s"": 1.2, ""horizon_samples"": 30, ""cc"": 0.6003340395285165, ""nrmse"": 0.8050779575577209, ""n_valid"": 1442, ""n_targets"": 1442}, {""horizon_s"": 1.6, ""horizon_samples"": 40, ""cc"": 0.4336937067435562, ""nrmse"": 0.917096640415022, ""n_valid"": 1432, ""n_targets"": 1432}, {""horizon_s"": 2.0, ""horizon_samples"": 50, ""cc"": 0.28603505033663623, ""nrmse"": 0.9903160773002343, ""n_valid"": 1422, ""n_targets"": 1422}, {""horizon_s"": 2.4, ""horizon_samples"": 60, ""cc"": 0.20052243364787292, ""nrmse"": 1.0297883656580913, ""n_valid"": 1412, ""n_targets"": 1412}, {""horizon_s"": 2.8, ""horizon_samples"": 70, ""cc"": 0.06865007048582852, ""nrmse"": 1.0787680021828876, ""n_valid"": 1402, ""n_targets"": 1402}, {""horizon_s"": 3.2, ""horizon_samples"": 80, ""cc"": 0.047362669991728654, ""nrmse"": 1.0834673962987558, ""n_valid"": 1392, ""n_targets"": 1392}, {""horizon_s"": 3.6, ""horizon_samples"": 90, ""cc"": 0.03659860293382794, ""nrmse"": 1.0797893019088738, ""n_valid"": 1382, ""n_targets"": 1382}, {""horizon_s"": 4.0, ""horizon_samples"": 100, ""cc"": -0.037372682214239145, ""nrmse"": 1.0975746090700682, ""n_valid"": 1372, ""n_targets"": 1372}]",25,28,0.02000007678678039,True,0.0,623.4275278944306,10,0.4000399999995352,1472,1420,True,ok,8,0.16,4,0.8,1.3,5.0,0.02,1.350879311999961,,True,f9264106c2448acfc6dafaf0f6bbe3af80e934f02b811e391bc7132778197bb4,8f07847bbb5d8ec549b51bd1e5bfd7c4b3a95c810048b11d3c5dd8d32964315b,T30_18_00034,False,dc2de0c03036394091cb7c2b7c070947f7d1b458301f46d0881b102e3e922705
nan,18,sample_18.csv,T30,T30_18_00033,Drowsy,1,6,6,2259.08054,2319.281086,60,60.20054600000003,1500,24.997500250004045,51762,53262,56244,57744,T30/filtered_sessions/sample_18.csv,True,0,0.0,True,0.21299402644933335,True,0.3235648317532983,True,nan,0.6468359282773973,0.6609264951473709,0.6451984450736671,3.6913783635365185,0.25392330949752845,2.002649507948524,0.7355422464826682,0.8784984648209256,0.8000799999990704,1.2801279999985127,False,False,True,True,True,,,,,18,"[{""horizon_s"": 0.04, ""horizon_samples"": 1, ""cc"": 0.9560623755865701, ""nrmse"": 0.2927909156635003, ""n_valid"": 1471, ""n_targets"": 1471}, {""horizon_s"": 0.08, ""horizon_samples"": 2, ""cc"": 0.9277945609409056, ""nrmse"": 0.37316583414676413, ""n_valid"": 1470, ""n_targets"": 1470}, {""horizon_s"": 0.12, ""horizon_samples"": 3, ""cc"": 0.9427800553941725, ""nrmse"": 0.3336733169855289, ""n_valid"": 1469, ""n_targets"": 1469}, {""horizon_s"": 0.16, ""horizon_samples"": 4, ""cc"": 0.9299449021327941, ""nrmse"": 0.3678942190881196, ""n_valid"": 1468, ""n_targets"": 1468}, {""horizon_s"": 0.2, ""horizon_samples"": 5, ""cc"": 0.9153151528935632, ""nrmse"": 0.4026943825133976, ""n_valid"": 1467, ""n_targets"": 1467}, {""horizon_s"": 0.28, ""horizon_samples"": 7, ""cc"": 0.9257694341990352, ""nrmse"": 0.37802314334718173, ""n_valid"": 1465, ""n_targets"": 1465}, {""horizon_s"": 0.4, ""horizon_samples"": 10, ""cc"": 0.8963183279568371, ""nrmse"": 0.44284527248262723, ""n_valid"": 1462, ""n_targets"": 1462}, {""horizon_s"": 0.6, ""horizon_samples"": 15, ""cc"": 0.8749637164768902, ""nrmse"": 0.4828635868532438, ""n_valid"": 1457, ""n_targets"": 1457}, {""horizon_s"": 0.8, ""horizon_samples"": 20, ""cc"": 0.7921894375829894, ""nrmse"": 0.6116185206169141, ""n_valid"": 1452, ""n_targets"": 1452}, {""horizon_s"": 1.0, ""horizon_samples"": 25, ""cc"": 0.733646466100316, ""nrmse"": 0.6821669149132182, ""n_valid"": 1447, ""n_targets"": 1447}, {""horizon_s"": 1.2, ""horizon_samples"": 30, ""cc"": 0.6874703429738133, ""nrmse"": 0.7272472379314409, ""n_valid"": 1442, ""n_targets"": 1442}, {""horizon_s"": 1.6, ""horizon_samples"": 40, ""cc"": 0.5779508319006964, ""nrmse"": 0.8266971617777178, ""n_valid"": 1432, ""n_targets"": 1432}, {""horizon_s"": 2.0, ""horizon_samples"": 50, ""cc"": 0.4652714130595475, ""nrmse"": 0.8961241412152519, ""n_valid"": 1422, ""n_targets"": 1422}, {""horizon_s"": 2.4, ""horizon_samples"": 60, ""cc"": 0.3834467098074521, ""nrmse"": 0.9453503465317196, ""n_valid"": 1412, ""n_targets"": 1412}, {""horizon_s"": 2.8, ""horizon_samples"": 70, ""cc"": 0.28488968770953876, ""nrmse"": 0.9868981625655361, ""n_valid"": 1402, ""n_targets"": 1402}, {""horizon_s"": 3.2, ""horizon_samples"": 80, ""cc"": 0.18377391093859502, ""nrmse"": 1.0304215723962817, ""n_valid"": 1392, ""n_targets"": 1392}, {""horizon_s"": 3.6, ""horizon_samples"": 90, ""cc"": 0.15474883905591566, ""nrmse"": 1.0365288654068787, ""n_valid"": 1382, ""n_targets"": 1382}, {""horizon_s"": 4.0, ""horizon_samples"": 100, ""cc"": 0.010710544283519726, ""nrmse"": 1.079673318217355, ""n_valid"": 1372, ""n_targets"": 1372}]",25,28,0.02000007678678039,True,0.0,504.58848724735515,10,0.4000399999995352,1472,1424,False,low_fit_r2,8,0.16,4,0.8,1.3,5.0,0.02,1.6043750469998486,,True,f6c895f21c40d8f1b4da912c7f2f22c0ab1b41165a7469180313fa113845793e,1653afaa5dc381526419cf080d5dfbd2a0c6acdc829e771394a9d2ed8b49dbb7,T30_18_00033,False,dc2de0c03036394091cb7c2b7c070947f7d1b458301f46d0881b102e3e922705
nan,18,sample_18.csv,T30,T30_18_00035,Drowsy,1,6,6,2379.56057,2439.750462,60,60.18989199999987,1500,24.997500250004045,54762,56262,59244,60744,T30/filtered_sessions/sample_18.csv,True,0,0.0,True,0.1599996681296415,True,0.26540518259232615,True,nan,0.5697920549497605,0.7043736254336395,0.6297931564044729,3.761249641731155,0.25308345731151316,2.01010101010101,0.8564992556900023,0.9788107493938419,0.8000799999990704,1.2801279999985127,True,True,True,True,True,,,,,18,"[{""horizon_s"": 0.04, ""horizon_samples"": 1, ""cc"": 0.9627189012848467, ""nrmse"": 0.2717745026800653, ""n_valid"": 1471, ""n_targets"": 1471}, {""horizon_s"": 0.08, ""horizon_samples"": 2, ""cc"": 0.9307728063151659, ""nrmse"": 0.36660045991747636, ""n_valid"": 1470, ""n_targets"": 1470}, {""horizon_s"": 0.12, ""horizon_samples"": 3, ""cc"": 0.9243434033650157, ""nrmse"": 0.38235029354686223, ""n_valid"": 1469, ""n_targets"": 1469}, {""horizon_s"": 0.16, ""horizon_samples"": 4, ""cc"": 0.9188793770381856, ""nrmse"": 0.39529252526588204, ""n_valid"": 1468, ""n_targets"": 1468}, {""horizon_s"": 0.2, ""horizon_samples"": 5, ""cc"": 0.9134383658815863, ""nrmse"": 0.4077436151828579, ""n_valid"": 1467, ""n_targets"": 1467}, {""horizon_s"": 0.28, ""horizon_samples"": 7, ""cc"": 0.9053550689485438, ""nrmse"": 0.4246230288863501, ""n_valid"": 1465, ""n_targets"": 1465}, {""horizon_s"": 0.4, ""horizon_samples"": 10, ""cc"": 0.8948060849523617, ""nrmse"": 0.4468799373950239, ""n_valid"": 1462, ""n_targets"": 1462}, {""horizon_s"": 0.6, ""horizon_samples"": 15, ""cc"": 0.8406241629560623, ""nrmse"": 0.5428693139737436, ""n_valid"": 1457, ""n_targets"": 1457}, {""horizon_s"": 0.8, ""horizon_samples"": 20, ""cc"": 0.7266888445649186, ""nrmse"": 0.6925358929924842, ""n_valid"": 1452, ""n_targets"": 1452}, {""horizon_s"": 1.0, ""horizon_samples"": 25, ""cc"": 0.6967514714567571, ""nrmse"": 0.7212680139772665, ""n_valid"": 1447, ""n_targets"": 1447}, {""horizon_s"": 1.2, ""horizon_samples"": 30, ""cc"": 0.639130801848579, ""nrmse"": 0.7770493016956629, ""n_valid"": 1442, ""n_targets"": 1442}, {""horizon_s"": 1.6, ""horizon_samples"": 40, ""cc"": 0.4812902027011725, ""nrmse"": 0.8943058936547754, ""n_valid"": 1432, ""n_targets"": 1432}, {""horizon_s"": 2.0, ""horizon_samples"": 50, ""cc"": 0.29743836658719514, ""nrmse"": 0.991453595162225, ""n_valid"": 1422, ""n_targets"": 1422}, {""horizon_s"": 2.4, ""horizon_samples"": 60, ""cc"": 0.1772958901469041, ""nrmse"": 1.0332404785546827, ""n_valid"": 1412, ""n_targets"": 1412}, {""horizon_s"": 2.8, ""horizon_samples"": 70, ""cc"": 0.05236931047277357, ""nrmse"": 1.0715260185049862, ""n_valid"": 1402, ""n_targets"": 1402}, {""horizon_s"": 3.2, ""horizon_samples"": 80, ""cc"": -0.0374211874905322, ""nrmse"": 1.0871581912197683, ""n_valid"": 1392, ""n_targets"": 1392}, {""horizon_s"": 3.6, ""horizon_samples"": 90, ""cc"": -0.06324348825049768, ""nrmse"": 1.097485838624685, ""n_valid"": 1382, ""n_targets"": 1382}, {""horizon_s"": 4.0, ""horizon_samples"": 100, ""cc"": -0.004981393683348137, ""nrmse"": 1.0745683565707127, ""n_valid"": 1372, ""n_targets"": 1372}]",25,28,0.02000007678678039,True,0.0,650.2581980593869,11,0.44004399999948873,1472,1387,True,ok,8,0.16,4,0.8,1.3,5.0,0.02,1.3257731949997833,,True,9940a018ad63e077e6f87b89f859272295c29914aad1053be248a6c4d26ae519,685fe7da6a2bf38725998d09d74633365e06090c98af28e8244424c6875633a5,T30_18_00035,False,dc2de0c03036394091cb7c2b7c070947f7d1b458301f46d0881b102e3e922705
nan,18,sample_18.csv,T30,T30_18_00036,Drowsy,1,6,6,2439.79096,2499.990196,60,60.19923600000038,1500,24.997500250004045,56262,57762,60744,62244,T30/filtered_sessions/sample_18.csv,True,0,0.0,True,0.045763521366706444,True,0.058755461145508704,True,nan,0.7768822763354254,0.5321142120572664,0.6722176896866151,3.702616970658208,0.1421509814272688,2.000675447483958,0.8205644600117287,0.9708753293785224,0.8000799999990704,1.2801279999985127,True,True,True,True,True,,,,,18,"[{""horizon_s"": 0.04, ""horizon_samples"": 1, ""cc"": 0.9841276227005659, ""nrmse"": 0.1778656332991486, ""n_valid"": 1471, ""n_targets"": 1471}, {""horizon_s"": 0.08, ""horizon_samples"": 2, ""cc"": 0.9746678440171995, ""nrmse"": 0.22431131318361355, ""n_valid"": 1470, ""n_targets"": 1470}, {""horizon_s"": 0.12, ""horizon_samples"": 3, ""cc"": 0.9742201995167031, ""nrmse"": 0.22615536735713326, ""n_valid"": 1469, ""n_targets"": 1469}, {""horizon_s"": 0.16, ""horizon_samples"": 4, ""cc"": 0.9661601138850099, ""nrmse"": 0.25867891304942875, ""n_valid"": 1468, ""n_targets"": 1468}, {""horizon_s"": 0.2, ""horizon_samples"": 5, ""cc"": 0.9645440513227499, ""nrmse"": 0.2647454298337274, ""n_valid"": 1467, ""n_targets"": 1467}, {""horizon_s"": 0.28, ""horizon_samples"": 7, ""cc"": 0.9643709715732965, ""nrmse"": 0.2652240165049933, ""n_valid"": 1465, ""n_targets"": 1465}, {""horizon_s"": 0.4, ""horizon_samples"": 10, ""cc"": 0.9557028018871303, ""nrmse"": 0.2951541777680051, ""n_valid"": 1462, ""n_targets"": 1462}, {""horizon_s"": 0.6, ""horizon_samples"": 15, ""cc"": 0.9352513137271198, ""nrmse"": 0.354523749022613, ""n_valid"": 1457, ""n_targets"": 1457}, {""horizon_s"": 0.8, ""horizon_samples"": 20, ""cc"": 0.8791291441554846, ""nrmse"": 0.47807210187168975, ""n_valid"": 1452, ""n_targets"": 1452}, {""horizon_s"": 1.0, ""horizon_samples"": 25, ""cc"": 0.8461927855578893, ""nrmse"": 0.5347158070063089, ""n_valid"": 1447, ""n_targets"": 1447}, {""horizon_s"": 1.2, ""horizon_samples"": 30, ""cc"": 0.8292647579329093, ""nrmse"": 0.5597017968906477, ""n_valid"": 1442, ""n_targets"": 1442}, {""horizon_s"": 1.6, ""horizon_samples"": 40, ""cc"": 0.7355799278021881, ""nrmse"": 0.6813607908076101, ""n_valid"": 1432, ""n_targets"": 1432}, {""horizon_s"": 2.0, ""horizon_samples"": 50, ""cc"": 0.676727784649564, ""nrmse"": 0.7400108680185632, ""n_valid"": 1422, ""n_targets"": 1422}, {""horizon_s"": 2.4, ""horizon_samples"": 60, ""cc"": 0.5960280020843488, ""nrmse"": 0.8128327227047178, ""n_valid"": 1412, ""n_targets"": 1412}, {""horizon_s"": 2.8, ""horizon_samples"": 70, ""cc"": 0.5110609071506618, ""nrmse"": 0.8741130577776783, ""n_valid"": 1402, ""n_targets"": 1402}, {""horizon_s"": 3.2, ""horizon_samples"": 80, ""cc"": 0.47313635547971067, ""nrmse"": 0.8999807109248289, ""n_valid"": 1392, ""n_targets"": 1392}, {""horizon_s"": 3.6, ""horizon_samples"": 90, ""cc"": 0.37245510888026956, ""nrmse"": 0.9577348362621243, ""n_valid"": 1382, ""n_targets"": 1382}, {""horizon_s"": 4.0, ""horizon_samples"": 100, ""cc"": 0.34526128171485715, ""nrmse"": 0.9728745247479624, ""n_valid"": 1372, ""n_targets"": 1372}]",25,28,0.02000007678678039,True,0.0,520.6986729782986,10,0.4000399999995352,1472,1419,True,ok,8,0.16,4,0.8,1.3,5.0,0.02,1.7084867720004695,,True,f68ece3aa350e47c6140e72535dac96d18d2adc63fa2565c237090c0f5fef2eb,cfc7e606e8fb3377e2743998f8c6248e0d975caaca4cfda7da7fa9a7ebed8baa,T30_18_00036,False,dc2de0c03036394091cb7c2b7c070947f7d1b458301f46d0881b102e3e922705
nan,18,sample_18.csv,T30,T30_18_00037,Drowsy,1,6,6,2500.021253,2560.22085,60,60.19959700000027,1500,24.997500250004045,57762,59262,62244,63744,T30/filtered_sessions/sample_18.csv,True,0,0.0,True,0.1206875137174366,True,0.06697686160144525,True,nan,0.719372609437608,0.6067424866922443,0.6368959063204876,3.5127051349920593,0.1699860824494889,2.003960396039604,0.8111739740614433,0.9706303325681563,0.8000799999990704,1.2801279999985127,True,True,True,True,True,,,,,18,"[{""horizon_s"": 0.04, ""horizon_samples"": 1, ""cc"": 0.9753533337565736, ""nrmse"": 0.22155943758962407, ""n_valid"": 1471, ""n_targets"": 1471}, {""horizon_s"": 0.08, ""horizon_samples"": 2, ""cc"": 0.9594493379201516, ""nrmse"": 0.2818103953604777, ""n_valid"": 1470, ""n_targets"": 1470}, {""horizon_s"": 0.12, ""horizon_samples"": 3, ""cc"": 0.9571754929740113, ""nrmse"": 0.289405201637072, ""n_valid"": 1469, ""n_targets"": 1469}, {""horizon_s"": 0.16, ""horizon_samples"": 4, ""cc"": 0.947422527249374, ""nrmse"": 0.3199701487004412, ""n_valid"": 1468, ""n_targets"": 1468}, {""horizon_s"": 0.2, ""horizon_samples"": 5, ""cc"": 0.9431960845280659, ""nrmse"": 0.33233550371574555, ""n_valid"": 1467, ""n_targets"": 1467}, {""horizon_s"": 0.28, ""horizon_samples"": 7, ""cc"": 0.9359298616178625, ""nrmse"": 0.35255163534483774, ""n_valid"": 1465, ""n_targets"": 1465}, {""horizon_s"": 0.4, ""horizon_samples"": 10, ""cc"": 0.9257465107920778, ""nrmse"": 0.37887944399444057, ""n_valid"": 1462, ""n_targets"": 1462}, {""horizon_s"": 0.6, ""horizon_samples"": 15, ""cc"": 0.8886732442907244, ""nrmse"": 0.45997457903253824, ""n_valid"": 1457, ""n_targets"": 1457}, {""horizon_s"": 0.8, ""horizon_samples"": 20, ""cc"": 0.8285738872841355, ""nrmse"": 0.5615509678422708, ""n_valid"": 1452, ""n_targets"": 1452}, {""horizon_s"": 1.0, ""horizon_samples"": 25, ""cc"": 0.786126999136486, ""nrmse"": 0.6216698770488287, ""n_valid"": 1447, ""n_targets"": 1447}, {""horizon_s"": 1.2, ""horizon_samples"": 30, ""cc"": 0.7420758285010309, ""nrmse"": 0.6752684533581743, ""n_valid"": 1442, ""n_targets"": 1442}, {""horizon_s"": 1.6, ""horizon_samples"": 40, ""cc"": 0.6327749830676033, ""nrmse"": 0.7849683665128386, ""n_valid"": 1432, ""n_targets"": 1432}, {""horizon_s"": 2.0, ""horizon_samples"": 50, ""cc"": 0.5339273799545231, ""nrmse"": 0.8624044560720003, ""n_valid"": 1422, ""n_targets"": 1422}, {""horizon_s"": 2.4, ""horizon_samples"": 60, ""cc"": 0.47572390617107485, ""nrmse"": 0.9016520649303962, ""n_valid"": 1412, ""n_targets"": 1412}, {""horizon_s"": 2.8, ""horizon_samples"": 70, ""cc"": 0.4161811569505305, ""nrmse"": 0.9380294039176739, ""n_valid"": 1402, ""n_targets"": 1402}, {""horizon_s"": 3.2, ""horizon_samples"": 80, ""cc"": 0.3644528221684932, ""nrmse"": 0.9636727790535508, ""n_valid"": 1392, ""n_targets"": 1392}, {""horizon_s"": 3.6, ""horizon_samples"": 90, ""cc"": 0.352758968868196, ""nrmse"": 0.9719380337698006, ""n_valid"": 1382, ""n_targets"": 1382}, {""horizon_s"": 4.0, ""horizon_samples"": 100, ""cc"": 0.2831646446460287, ""nrmse"": 1.0037240125796845, ""n_valid"": 1372, ""n_targets"": 1372}]",25,28,0.02000007678678039,True,0.0,553.4693094529804,10,0.4000399999995352,1472,1425,True,ok,8,0.16,4,0.8,1.3,5.0,0.02,1.6255853779985046,,True,fbcda12c34dd31dfebef3a24cd09a875b77fd64a405869d1856112e7d5ead584,c6de48e7529a5d3ce463c01fa624f50c6bbab9f92b19a63bfd307a7350979ed7,T30_18_00037,False,dc2de0c03036394091cb7c2b7c070947f7d1b458301f46d0881b102e3e922705
nan,18,sample_18.csv,T30,T30_18_00039,Drowsy,1,6,6,2620.490526,2680.680875,60,60.19034899999997,1500,24.997500250004045,60762,62262,65244,66744,T30/filtered_sessions/sample_18.csv,True,0,0.0,True,0.16262685446899086,False,0.5462155434197712,True,nan,0.8108726661778185,0.5296468294975313,0.674089360272592,3.5849923430321593,0.16427508758458512,2.0064478311840563,0.760923865115433,0.980107888254615,0.8000799999990704,1.2801279999985127,True,True,True,True,True,,,,,18,"[{""horizon_s"": 0.04, ""horizon_samples"": 1, ""cc"": 0.9711018137631076, ""nrmse"": 0.24029043301884853, ""n_valid"": 1471, ""n_targets"": 1471}, {""horizon_s"": 0.08, ""horizon_samples"": 2, ""cc"": 0.9557797357550595, ""nrmse"": 0.2967722683381696, ""n_valid"": 1470, ""n_targets"": 1470}, {""horizon_s"": 0.12, ""horizon_samples"": 3, ""cc"": 0.9538586880059712, ""nrmse"": 0.301791940570027, ""n_valid"": 1469, ""n_targets"": 1469}, {""horizon_s"": 0.16, ""horizon_samples"": 4, ""cc"": 0.9483354528806459, ""nrmse"": 0.31734870061787585, ""n_valid"": 1468, ""n_targets"": 1468}, {""horizon_s"": 0.2, ""horizon_samples"": 5, ""cc"": 0.9491482898115735, ""nrmse"": 0.31504121831679, ""n_valid"": 1467, ""n_targets"": 1467}, {""horizon_s"": 0.28, ""horizon_samples"": 7, ""cc"": 0.9339681014372194, ""nrmse"": 0.358251253048057, ""n_valid"": 1465, ""n_targets"": 1465}, {""horizon_s"": 0.4, ""horizon_samples"": 10, ""cc"": 0.934279663542012, ""nrmse"": 0.3574953120380106, ""n_valid"": 1462, ""n_targets"": 1462}, {""horizon_s"": 0.6, ""horizon_samples"": 15, ""cc"": 0.9049772086465513, ""nrmse"": 0.42423785171917533, ""n_valid"": 1457, ""n_targets"": 1457}, {""horizon_s"": 0.8, ""horizon_samples"": 20, ""cc"": 0.8534917011714901, ""nrmse"": 0.5198363178205209, ""n_valid"": 1452, ""n_targets"": 1452}, {""horizon_s"": 1.0, ""horizon_samples"": 25, ""cc"": 0.8396036057088881, ""nrmse"": 0.542884551852851, ""n_valid"": 1447, ""n_targets"": 1447}, {""horizon_s"": 1.2, ""horizon_samples"": 30, ""cc"": 0.8407004120551148, ""nrmse"": 0.5405599625249793, ""n_valid"": 1442, ""n_targets"": 1442}, {""horizon_s"": 1.6, ""horizon_samples"": 40, ""cc"": 0.747822779592668, ""nrmse"": 0.6632296128580832, ""n_valid"": 1432, ""n_targets"": 1432}, {""horizon_s"": 2.0, ""horizon_samples"": 50, ""cc"": 0.7139620078031749, ""nrmse"": 0.6987501536295987, ""n_valid"": 1422, ""n_targets"": 1422}, {""horizon_s"": 2.4, ""horizon_samples"": 60, ""cc"": 0.7026326525090117, ""nrmse"": 0.7114396075344036, ""n_valid"": 1412, ""n_targets"": 1412}, {""horizon_s"": 2.8, ""horizon_samples"": 70, ""cc"": 0.6183008724385546, ""nrmse"": 0.7890959427119065, ""n_valid"": 1402, ""n_targets"": 1402}, {""horizon_s"": 3.2, ""horizon_samples"": 80, ""cc"": 0.6360446856120866, ""nrmse"": 0.7727164301553968, ""n_valid"": 1392, ""n_targets"": 1392}, {""horizon_s"": 3.6, ""horizon_samples"": 90, ""cc"": 0.562090702215035, ""nrmse"": 0.8314157168599527, ""n_valid"": 1382, ""n_targets"": 1382}, {""horizon_s"": 4.0, ""horizon_samples"": 100, ""cc"": 0.529609618252568, ""nrmse"": 0.8524856573409164, ""n_valid"": 1372, ""n_targets"": 1372}]",25,28,0.02000007678678039,True,0.0,447.5021306079646,11,0.44004399999948873,1472,1426,True,ok,8,0.16,4,0.8,1.3,5.0,0.02,1.4057319910007209,,True,d956814e2cab97e149728b8e77bcf7a36b4c26b8039bf537a159931efb1324c4,b2801b1d87ff2df702fb44b9c3f0a5a107e47e5f4a2b6f5c1e551a07af37b88f,T30_18_00039,False,dc2de0c03036394091cb7c2b7c070947f7d1b458301f46d0881b102e3e922705
nan,18,sample_18.csv,T30,T30_18_00040,Drowsy,1,6,6,2680.7201,2740.910161,60,60.19006099999979,1500,24.997500250004045,62262,63762,66744,68244,T30/filtered_sessions/sample_18.csv,True,0,0.0,True,0.15227474785185843,True,0.16208346950988597,True,nan,0.608651723687662,0.719023115534112,0.6254259250371934,3.611973392461197,0.3447713202476364,2.0371473132000566,0.7300393668845958,0.9346350720609231,0.8000799999990704,1.2801279999985127,True,False,True,True,True,,,,,18,"[{""horizon_s"": 0.04, ""horizon_samples"": 1, ""cc"": 0.9334230967846756, ""nrmse"": 0.3593200071027794, ""n_valid"": 1471, ""n_targets"": 1471}, {""horizon_s"": 0.08, ""horizon_samples"": 2, ""cc"": 0.881870485327831, ""nrmse"": 0.4721313308428549, ""n_valid"": 1470, ""n_targets"": 1470}, {""horizon_s"": 0.12, ""horizon_samples"": 3, ""cc"": 0.8907274681855859, ""nrmse"": 0.4554756827952671, ""n_valid"": 1469, ""n_targets"": 1469}, {""horizon_s"": 0.16, ""horizon_samples"": 4, ""cc"": 0.8771088449892824, ""nrmse"": 0.48238913374402503, ""n_valid"": 1468, ""n_targets"": 1468}, {""horizon_s"": 0.2, ""horizon_samples"": 5, ""cc"": 0.8674663633167837, ""nrmse"": 0.49821523772741527, ""n_valid"": 1467, ""n_targets"": 1467}, {""horizon_s"": 0.28, ""horizon_samples"": 7, ""cc"": 0.8781768563174481, ""nrmse"": 0.4773155346160807, ""n_valid"": 1465, ""n_targets"": 1465}, {""horizon_s"": 0.4, ""horizon_samples"": 10, ""cc"": 0.8538045538366988, ""nrmse"": 0.519006234945226, ""n_valid"": 1462, ""n_targets"": 1462}, {""horizon_s"": 0.6, ""horizon_samples"": 15, ""cc"": 0.8084796671668822, ""nrmse"": 0.5883933172906372, ""n_valid"": 1457, ""n_targets"": 1457}, {""horizon_s"": 0.8, ""horizon_samples"": 20, ""cc"": 0.7326376503067071, ""nrmse"": 0.6833046165957103, ""n_valid"": 1452, ""n_targets"": 1452}, {""horizon_s"": 1.0, ""horizon_samples"": 25, ""cc"": 0.7107230598608043, ""nrmse"": 0.7029359380454445, ""n_valid"": 1447, ""n_targets"": 1447}, {""horizon_s"": 1.2, ""horizon_samples"": 30, ""cc"": 0.6485356638620126, ""nrmse"": 0.7616073165159719, ""n_valid"": 1442, ""n_targets"": 1442}, {""horizon_s"": 1.6, ""horizon_samples"": 40, ""cc"": 0.51884046090026, ""nrmse"": 0.8638166895721648, ""n_valid"": 1432, ""n_targets"": 1432}, {""horizon_s"": 2.0, ""horizon_samples"": 50, ""cc"": 0.3941624397968656, ""nrmse"": 0.9388226831159516, ""n_valid"": 1422, ""n_targets"": 1422}, {""horizon_s"": 2.4, ""horizon_samples"": 60, ""cc"": 0.31053819549056205, ""nrmse"": 0.9767070156195466, ""n_valid"": 1412, ""n_targets"": 1412}, {""horizon_s"": 2.8, ""horizon_samples"": 70, ""cc"": 0.23219595846814647, ""nrmse"": 1.0179449626384622, ""n_valid"": 1402, ""n_targets"": 1402}, {""horizon_s"": 3.2, ""horizon_samples"": 80, ""cc"": 0.18902655526780324, ""nrmse"": 1.026760273595887, ""n_valid"": 1392, ""n_targets"": 1392}, {""horizon_s"": 3.6, ""horizon_samples"": 90, ""cc"": 0.1381032687179649, ""nrmse"": 1.0517260781647804, ""n_valid"": 1382, ""n_targets"": 1382}, {""horizon_s"": 4.0, ""horizon_samples"": 100, ""cc"": 0.08991043778160211, ""nrmse"": 1.0665440266858122, ""n_valid"": 1372, ""n_targets"": 1372}]",25,28,0.02000007678678039,True,0.0,634.9126994497358,11,0.44004399999948873,1472,1403,True,ok,8,0.16,4,0.8,1.3,5.0,0.02,1.2990474289999838,,True,7e944d71286dcec051c3293ac48164ec012bd56ed53764b6143173320af00055,88da377fd9f3ae74a46d4f02fe86381d15dc719f5a7470afda878fbd1a7b664c,T30_18_00040,False,dc2de0c03036394091cb7c2b7c070947f7d1b458301f46d0881b102e3e922705
nan,18,sample_18.csv,T30,T30_18_00038,Drowsy,1,6,6,2560.260194,2620.450997,60,60.19080299999996,1500,24.997500250004045,59262,60762,63744,65244,T30/filtered_sessions/sample_18.csv,True,0,0.0,True,0.20389525770653844,True,0.21186049142766725,True,nan,0.7727384929243464,0.5581235900444974,0.7419974084561117,4.3211291224147566,0.08388923549455296,2.0,0.8115733902921809,0.976432512061118,0.8000799999990704,1.2801279999985127,True,True,True,True,True,,,,,18,"[{""horizon_s"": 0.04, ""horizon_samples"": 1, ""cc"": 0.9755256715370102, ""nrmse"": 0.2202041635755319, ""n_valid"": 1471, ""n_targets"": 1471}, {""horizon_s"": 0.08, ""horizon_samples"": 2, ""cc"": 0.9582702852723168, ""nrmse"": 0.2872902922449907, ""n_valid"": 1470, ""n_targets"": 1470}, {""horizon_s"": 0.12, ""horizon_samples"": 3, ""cc"": 0.9597997534584068, ""nrmse"": 0.282132292940852, ""n_valid"": 1469, ""n_targets"": 1469}, {""horizon_s"": 0.16, ""horizon_samples"": 4, ""cc"": 0.9499607234812162, ""nrmse"": 0.31210037000077584, ""n_valid"": 1468, ""n_targets"": 1468}, {""horizon_s"": 0.2, ""horizon_samples"": 5, ""cc"": 0.9474972880681716, ""nrmse"": 0.3189165202338314, ""n_valid"": 1467, ""n_targets"": 1467}, {""horizon_s"": 0.28, ""horizon_samples"": 7, ""cc"": 0.9421723661440496, ""nrmse"": 0.3368511682923905, ""n_valid"": 1465, ""n_targets"": 1465}, {""horizon_s"": 0.4, ""horizon_samples"": 10, ""cc"": 0.9393739032079307, ""nrmse"": 0.3426631145087414, ""n_valid"": 1462, ""n_targets"": 1462}, {""horizon_s"": 0.6, ""horizon_samples"": 15, ""cc"": 0.9016813004840818, ""nrmse"": 0.4310571602161585, ""n_valid"": 1457, ""n_targets"": 1457}, {""horizon_s"": 0.8, ""horizon_samples"": 20, ""cc"": 0.8522613539339241, ""nrmse"": 0.5206791704863947, ""n_valid"": 1452, ""n_targets"": 1452}, {""horizon_s"": 1.0, ""horizon_samples"": 25, ""cc"": 0.8213606284380929, ""nrmse"": 0.5684863134379806, ""n_valid"": 1447, ""n_targets"": 1447}, {""horizon_s"": 1.2, ""horizon_samples"": 30, ""cc"": 0.8096456617012239, ""nrmse"": 0.5855691844738712, ""n_valid"": 1442, ""n_targets"": 1442}, {""horizon_s"": 1.6, ""horizon_samples"": 40, ""cc"": 0.7082866569008235, ""nrmse"": 0.7069094124458833, ""n_valid"": 1432, ""n_targets"": 1432}, {""horizon_s"": 2.0, ""horizon_samples"": 50, ""cc"": 0.651030027776376, ""nrmse"": 0.76060782999741, ""n_valid"": 1422, ""n_targets"": 1422}, {""horizon_s"": 2.4, ""horizon_samples"": 60, ""cc"": 0.6035820873265902, ""nrmse"": 0.8016766529229187, ""n_valid"": 1412, ""n_targets"": 1412}, {""horizon_s"": 2.8, ""horizon_samples"": 70, ""cc"": 0.5451393131268178, ""nrmse"": 0.8484384655367837, ""n_valid"": 1402, ""n_targets"": 1402}, {""horizon_s"": 3.2, ""horizon_samples"": 80, ""cc"": 0.49681198387759096, ""nrmse"": 0.8784255637336457, ""n_valid"": 1392, ""n_targets"": 1392}, {""horizon_s"": 3.6, ""horizon_samples"": 90, ""cc"": 0.45488751873017275, ""nrmse"": 0.9053595082344335, ""n_valid"": 1382, ""n_targets"": 1382}, {""horizon_s"": 4.0, ""horizon_samples"": 100, ""cc"": 0.3920063491734382, ""nrmse"": 0.9388574375183605, ""n_valid"": 1372, ""n_targets"": 1372}]",25,28,0.02000007678678039,True,0.0,371.03492906318326,11,0.44004399999948873,1472,1412,True,ok,8,0.16,4,0.8,1.3,5.0,0.02,1.8995363209996867,,True,afb52c09f2462e85757540c4dd267983a4ac99ae431cba474992c89358ff9f1d,7af599bf2cec7c4d31b825d780d486410d050809c8bc225653b3689565e69eef,T30_18_00038,False,dc2de0c03036394091cb7c2b7c070947f7d1b458301f46d0881b102e3e922705
nan,18,sample_18.csv,T30,T30_18_00041,Drowsy,1,6,6,2740.960652,2801.150117,60,60.18946499999993,1500,24.997500250004045,63762,65262,68244,69744,T30/filtered_sessions/sample_18.csv,True,0,0.0,True,0.09560940731742074,True,0.27374501868416073,True,nan,0.7000986621042925,0.6253742437853845,0.6394874502087633,3.777998298837539,0.26899265729231653,2.0104017216642753,0.702594465407355,0.9297520326386279,0.8000799999990704,1.2801279999985127,True,False,True,True,True,,,,,18,"[{""horizon_s"": 0.04, ""horizon_samples"": 1, ""cc"": 0.9663733780188181, ""nrmse"": 0.257381036376478, ""n_valid"": 1471, ""n_targets"": 1471}, {""horizon_s"": 0.08, ""horizon_samples"": 2, ""cc"": 0.9407318723008479, ""nrmse"": 0.33956724079377454, ""n_valid"": 1470, ""n_targets"": 1470}, {""horizon_s"": 0.12, ""horizon_samples"": 3, ""cc"": 0.9359722485124454, ""nrmse"": 0.3524101321231045, ""n_valid"": 1469, ""n_targets"": 1469}, {""horizon_s"": 0.16, ""horizon_samples"": 4, ""cc"": 0.9295518325585835, ""nrmse"": 0.36927294751125583, ""n_valid"": 1468, ""n_targets"": 1468}, {""horizon_s"": 0.2, ""horizon_samples"": 5, ""cc"": 0.9323997283917508, ""nrmse"": 0.3621019679676664, ""n_valid"": 1467, ""n_targets"": 1467}, {""horizon_s"": 0.28, ""horizon_samples"": 7, ""cc"": 0.9211173201083683, ""nrmse"": 0.3896946175476417, ""n_valid"": 1465, ""n_targets"": 1465}, {""horizon_s"": 0.4, ""horizon_samples"": 10, ""cc"": 0.9095382925375917, ""nrmse"": 0.4151299747167287, ""n_valid"": 1462, ""n_targets"": 1462}, {""horizon_s"": 0.6, ""horizon_samples"": 15, ""cc"": 0.8689556250189057, ""nrmse"": 0.4951129391124102, ""n_valid"": 1457, ""n_targets"": 1457}, {""horizon_s"": 0.8, ""horizon_samples"": 20, ""cc"": 0.8223309013122699, ""nrmse"": 0.570356137440641, ""n_valid"": 1452, ""n_targets"": 1452}, {""horizon_s"": 1.0, ""horizon_samples"": 25, ""cc"": 0.794488452735783, ""nrmse"": 0.6090310419922471, ""n_valid"": 1447, ""n_targets"": 1447}, {""horizon_s"": 1.2, ""horizon_samples"": 30, ""cc"": 0.7484611359076929, ""nrmse"": 0.666052946350866, ""n_valid"": 1442, ""n_targets"": 1442}, {""horizon_s"": 1.6, ""horizon_samples"": 40, ""cc"": 0.6651985597964882, ""nrmse"": 0.7533637484272652, ""n_valid"": 1432, ""n_targets"": 1432}, {""horizon_s"": 2.0, ""horizon_samples"": 50, ""cc"": 0.5475968865022098, ""nrmse"": 0.8470246005064502, ""n_valid"": 1422, ""n_targets"": 1422}, {""horizon_s"": 2.4, ""horizon_samples"": 60, ""cc"": 0.5054615694270447, ""nrmse"": 0.8744499104139822, ""n_valid"": 1412, ""n_targets"": 1412}, {""horizon_s"": 2.8, ""horizon_samples"": 70, ""cc"": 0.3908277023877994, ""nrmse"": 0.9402078568112379, ""n_valid"": 1402, ""n_targets"": 1402}, {""horizon_s"": 3.2, ""horizon_samples"": 80, ""cc"": 0.3035039809882546, ""nrmse"": 0.9818112096089399, ""n_valid"": 1392, ""n_targets"": 1392}, {""horizon_s"": 3.6, ""horizon_samples"": 90, ""cc"": 0.2293968801281008, ""nrmse"": 1.0090782866685037, ""n_valid"": 1382, ""n_targets"": 1382}, {""horizon_s"": 4.0, ""horizon_samples"": 100, ""cc"": 0.18986955124431068, ""nrmse"": 1.0246897937677284, ""n_valid"": 1372, ""n_targets"": 1372}]",25,28,0.02000007678678039,True,0.0,599.9609450267903,11,0.44004399999948873,1472,1420,True,ok,8,0.16,4,0.8,1.3,5.0,0.02,1.7450219619986456,,True,7fd9dceea8a2d327a2cc52c851916e684696095986e6ecf66b775cca91e14350,c7ac3ecb1f259451a2498c1f1993a419e9eb6ccf28057d6d95cf57153748888e,T30_18_00041,False,dc2de0c03036394091cb7c2b7c070947f7d1b458301f46d0881b102e3e922705
