subject,session,source_file,rule,window_id,state,label,segment_id,retained_interval_id,window_start_s,window_end_s,duration_s,observed_span_s,n_samples,fs,window_start_index,window_end_index,source_start_index,source_end_index,signal_file,sqi_pass,sqi_artifact_samples,sqi_artifact_fraction,stationarity_pass,variance_stability_metric,stationarity_pass_raw,variance_stability_metric_raw,analysis_included,exclusion_reason,Mean_CC,Mean_NRMSE,DET,Lmean,LAM,TT,LLE,LLE_fit_R2,LLE_fit_start_s,LLE_fit_end_s,LLE_pass_R2_090,LLE_pass_R2_095,simplex_success,rqa_success,lle_success,simplex_error,rqa_error,lle_error,error_message,simplex_horizons_completed,simplex_horizon_metrics,simplex_theiler_samples,rqa_theiler_samples,rqa_achieved_rr,rqa_rr_exact,rqa_zero_distance_fraction,rqa_epsilon,LLE_theiler_samples,LLE_theiler_s,LLE_n_pairs_initial,LLE_n_pairs_fit_min,LLE_core_valid,LLE_qc_reason,m,tau_s,tau_samples,requested_fit_start_s,requested_fit_end_s,max_follow_s,target_rr,elapsed_s,warnings,signal_extraction_success,signal_sha256,computation_key,computed_for_window_id,reused_identical_signal,configuration_hash
nan,23,sample_23.csv,T30,T30_23_00002,Awake,0,2,2,62.2799356,122.4900415,60,60.2101059,1500,24.997500250004045,1551,3051,1551,3051,T30/filtered_sessions/sample_23.csv,True,0,0.0,True,0.2047477453786116,True,0.35590611386343873,True,nan,0.6196432797666286,0.6884575794536238,0.7433411719537362,4.079273110350276,0.3669434179584393,2.0310798246779123,0.9112099182103177,0.9854957271216758,0.8000799999990704,1.2801279999985127,True,True,True,True,True,,,,,18,"[{""horizon_s"": 0.04, ""horizon_samples"": 1, ""cc"": 0.9693484601461477, ""nrmse"": 0.24659683468593646, ""n_valid"": 1471, ""n_targets"": 1471}, {""horizon_s"": 0.08, ""horizon_samples"": 2, ""cc"": 0.9354917134216364, ""nrmse"": 0.3545626002012772, ""n_valid"": 1470, ""n_targets"": 1470}, {""horizon_s"": 0.12, ""horizon_samples"": 3, ""cc"": 0.9288333660364876, ""nrmse"": 0.37130100109321057, ""n_valid"": 1469, ""n_targets"": 1469}, {""horizon_s"": 0.16, ""horizon_samples"": 4, ""cc"": 0.9190149584214377, ""nrmse"": 0.39488660911438705, ""n_valid"": 1468, ""n_targets"": 1468}, {""horizon_s"": 0.2, ""horizon_samples"": 5, ""cc"": 0.9153843927053819, ""nrmse"": 0.4033243671966028, ""n_valid"": 1467, ""n_targets"": 1467}, {""horizon_s"": 0.28, ""horizon_samples"": 7, ""cc"": 0.9021298126205212, ""nrmse"": 0.43287261937943705, ""n_valid"": 1465, ""n_targets"": 1465}, {""horizon_s"": 0.4, ""horizon_samples"": 10, ""cc"": 0.8774394432655717, ""nrmse"": 0.4820422895237913, ""n_valid"": 1462, ""n_targets"": 1462}, {""horizon_s"": 0.6, ""horizon_samples"": 15, ""cc"": 0.8147142452906998, ""nrmse"": 0.5841178060122874, ""n_valid"": 1457, ""n_targets"": 1457}, {""horizon_s"": 0.8, ""horizon_samples"": 20, ""cc"": 0.7666981632245838, ""nrmse"": 0.646718271719957, ""n_valid"": 1452, ""n_targets"": 1452}, {""horizon_s"": 1.0, ""horizon_samples"": 25, ""cc"": 0.6997499351805729, ""nrmse"": 0.7216622787096276, ""n_valid"": 1447, ""n_targets"": 1447}, {""horizon_s"": 1.2, ""horizon_samples"": 30, ""cc"": 0.6521856693843291, ""nrmse"": 0.7686195500850783, ""n_valid"": 1442, ""n_targets"": 1442}, {""horizon_s"": 1.6, ""horizon_samples"": 40, ""cc"": 0.541044412108435, ""nrmse"": 0.8562453903072281, ""n_valid"": 1432, ""n_targets"": 1432}, {""horizon_s"": 2.0, ""horizon_samples"": 50, ""cc"": 0.40600893779170244, ""nrmse"": 0.9449898628860968, ""n_valid"": 1422, ""n_targets"": 1422}, {""horizon_s"": 2.4, ""horizon_samples"": 60, ""cc"": 0.2931720705329463, ""nrmse"": 0.9948886473575232, ""n_valid"": 1412, ""n_targets"": 1412}, {""horizon_s"": 2.8, ""horizon_samples"": 70, ""cc"": 0.20987745090705684, ""nrmse"": 1.0302404262172296, ""n_valid"": 1402, ""n_targets"": 1402}, {""horizon_s"": 3.2, ""horizon_samples"": 80, ""cc"": 0.14209741217416322, ""nrmse"": 1.0454614997403398, ""n_valid"": 1392, ""n_targets"": 1392}, {""horizon_s"": 3.6, ""horizon_samples"": 90, ""cc"": 0.12892009191687773, ""nrmse"": 1.0440955883650878, ""n_valid"": 1382, ""n_targets"": 1382}, {""horizon_s"": 4.0, ""horizon_samples"": 100, ""cc"": 0.051468500670762043, ""nrmse"": 1.069610787570129, ""n_valid"": 1372, ""n_targets"": 1372}]",25,28,0.02000007678678039,True,0.0,323.0733166696738,15,0.6000599999993028,1472,1416,True,ok,8,0.16,4,0.8,1.3,5.0,0.02,1.244525677000638,,True,a4252f5192cada27dff424807b57520af0eb17d08cb686881a08df3f2feb8f5e,6e0b2192966f9e40133f2ac61b350ef34675fd7c28a89bbf9d7d5de7f2856057,T30_23_00002,False,dc2de0c03036394091cb7c2b7c070947f7d1b458301f46d0881b102e3e922705
nan,23,sample_23.csv,T30,T30_23_00004,Awake,0,2,2,182.7896554,243.0004029,60,60.210747500000025,1500,24.997500250004045,4551,6051,4551,6051,T30/filtered_sessions/sample_23.csv,True,0,0.0,True,0.11768510650666716,True,0.21182616251087122,True,nan,0.7190585232316715,0.6228483136698348,0.7546671785765705,4.3046810840405145,0.3532418294380189,2.01574695330686,0.9459843315431761,0.9716180455075281,0.8000799999990704,1.2801279999985127,True,True,True,True,True,,,,,18,"[{""horizon_s"": 0.04, ""horizon_samples"": 1, ""cc"": 0.970915573756911, ""nrmse"": 0.24056864852708396, ""n_valid"": 1471, ""n_targets"": 1471}, {""horizon_s"": 0.08, ""horizon_samples"": 2, ""cc"": 0.9408855505436419, ""nrmse"": 0.34025920491063116, ""n_valid"": 1470, ""n_targets"": 1470}, {""horizon_s"": 0.12, ""horizon_samples"": 3, ""cc"": 0.9355999383912401, ""nrmse"": 0.35440828621487336, ""n_valid"": 1469, ""n_targets"": 1469}, {""horizon_s"": 0.16, ""horizon_samples"": 4, ""cc"": 0.9296240798181725, ""nrmse"": 0.3699183715398762, ""n_valid"": 1468, ""n_targets"": 1468}, {""horizon_s"": 0.2, ""horizon_samples"": 5, ""cc"": 0.9312707736143545, ""nrmse"": 0.36562061540317964, ""n_valid"": 1467, ""n_targets"": 1467}, {""horizon_s"": 0.28, ""horizon_samples"": 7, ""cc"": 0.9201530327979399, ""nrmse"": 0.3933794470855042, ""n_valid"": 1465, ""n_targets"": 1465}, {""horizon_s"": 0.4, ""horizon_samples"": 10, ""cc"": 0.9119293264956416, ""nrmse"": 0.4114125144825656, ""n_valid"": 1462, ""n_targets"": 1462}, {""horizon_s"": 0.6, ""horizon_samples"": 15, ""cc"": 0.8699192610426947, ""nrmse"": 0.4950649881306569, ""n_valid"": 1457, ""n_targets"": 1457}, {""horizon_s"": 0.8, ""horizon_samples"": 20, ""cc"": 0.8285222165664754, ""nrmse"": 0.5634906013468958, ""n_valid"": 1452, ""n_targets"": 1452}, {""horizon_s"": 1.0, ""horizon_samples"": 25, ""cc"": 0.7744207749315317, ""nrmse"": 0.6371271238857608, ""n_valid"": 1447, ""n_targets"": 1447}, {""horizon_s"": 1.2, ""horizon_samples"": 30, ""cc"": 0.7384204138513834, ""nrmse"": 0.6796375858247045, ""n_valid"": 1442, ""n_targets"": 1442}, {""horizon_s"": 1.6, ""horizon_samples"": 40, ""cc"": 0.6255794779941651, ""nrmse"": 0.7913520086530058, ""n_valid"": 1432, ""n_targets"": 1432}, {""horizon_s"": 2.0, ""horizon_samples"": 50, ""cc"": 0.5693552670879951, ""nrmse"": 0.8356397258826341, ""n_valid"": 1422, ""n_targets"": 1422}, {""horizon_s"": 2.4, ""horizon_samples"": 60, ""cc"": 0.4693890947521806, ""nrmse"": 0.9070581288585331, ""n_valid"": 1412, ""n_targets"": 1412}, {""horizon_s"": 2.8, ""horizon_samples"": 70, ""cc"": 0.46289909548004116, ""nrmse"": 0.9097570443623441, ""n_valid"": 1402, ""n_targets"": 1402}, {""horizon_s"": 3.2, ""horizon_samples"": 80, ""cc"": 0.40357929657286956, ""nrmse"": 0.9452933403392311, ""n_valid"": 1392, ""n_targets"": 1392}, {""horizon_s"": 3.6, ""horizon_samples"": 90, ""cc"": 0.344674400293844, ""nrmse"": 0.9772137286216369, ""n_valid"": 1382, ""n_targets"": 1382}, {""horizon_s"": 4.0, ""horizon_samples"": 100, ""cc"": 0.3159158441790055, ""nrmse"": 0.9940682819879098, ""n_valid"": 1372, ""n_targets"": 1372}]",25,28,0.02000007678678039,True,0.0,370.03193215043507,14,0.5600559999993493,1472,1420,True,ok,8,0.16,4,0.8,1.3,5.0,0.02,1.2470978040000773,,True,8d2b15c3708f4800b06505f0826b525c7e054cffbee9d6e2e8342c981805a179,431ecceb0ce55562f926e729496ab9075ade2d8498b247f34860ab6d1afacd03,T30_23_00004,False,dc2de0c03036394091cb7c2b7c070947f7d1b458301f46d0881b102e3e922705
nan,23,sample_23.csv,T30,T30_23_00003,Awake,0,2,2,122.5295706,182.7501504,60,60.220579799999996,1500,24.997500250004045,3051,4551,3051,4551,T30/filtered_sessions/sample_23.csv,True,0,0.0,True,0.08211618060699696,True,0.25865217544286456,True,nan,0.739163185603881,0.6023902925569485,0.7447809185583337,4.397563049022386,0.33099774439698615,2.0099082034095876,0.9258526779702559,0.97297622838052,0.8000799999990704,1.2801279999985127,True,True,True,True,True,,,,,18,"[{""horizon_s"": 0.04, ""horizon_samples"": 1, ""cc"": 0.9735285360822528, ""nrmse"": 0.2292979373205185, ""n_valid"": 1471, ""n_targets"": 1471}, {""horizon_s"": 0.08, ""horizon_samples"": 2, ""cc"": 0.9411334022482026, ""nrmse"": 0.33908679305122447, ""n_valid"": 1470, ""n_targets"": 1470}, {""horizon_s"": 0.12, ""horizon_samples"": 3, ""cc"": 0.9352277808638036, ""nrmse"": 0.35449255400247026, ""n_valid"": 1469, ""n_targets"": 1469}, {""horizon_s"": 0.16, ""horizon_samples"": 4, ""cc"": 0.9339101446120309, ""nrmse"": 0.3574578097603744, ""n_valid"": 1468, ""n_targets"": 1468}, {""horizon_s"": 0.2, ""horizon_samples"": 5, ""cc"": 0.93532591466002, ""nrmse"": 0.3536206106524496, ""n_valid"": 1467, ""n_targets"": 1467}, {""horizon_s"": 0.28, ""horizon_samples"": 7, ""cc"": 0.9167327123640131, ""nrmse"": 0.3996016153560176, ""n_valid"": 1465, ""n_targets"": 1465}, {""horizon_s"": 0.4, ""horizon_samples"": 10, ""cc"": 0.9080930421244214, ""nrmse"": 0.41919616927105374, ""n_valid"": 1462, ""n_targets"": 1462}, {""horizon_s"": 0.6, ""horizon_samples"": 15, ""cc"": 0.8734241894658225, ""nrmse"": 0.48801536175992394, ""n_valid"": 1457, ""n_targets"": 1457}, {""horizon_s"": 0.8, ""horizon_samples"": 20, ""cc"": 0.8368922550498042, ""nrmse"": 0.5485997334119012, ""n_valid"": 1452, ""n_targets"": 1452}, {""horizon_s"": 1.0, ""horizon_samples"": 25, ""cc"": 0.7874663743117798, ""nrmse"": 0.6168450721965754, ""n_valid"": 1447, ""n_targets"": 1447}, {""horizon_s"": 1.2, ""horizon_samples"": 30, ""cc"": 0.7618020283649929, ""nrmse"": 0.6497145745154447, ""n_valid"": 1442, ""n_targets"": 1442}, {""horizon_s"": 1.6, ""horizon_samples"": 40, ""cc"": 0.7201865936420395, ""nrmse"": 0.6973467482275053, ""n_valid"": 1432, ""n_targets"": 1432}, {""horizon_s"": 2.0, ""horizon_samples"": 50, ""cc"": 0.6397370698929089, ""nrmse"": 0.7737696324459294, ""n_valid"": 1422, ""n_targets"": 1422}, {""horizon_s"": 2.4, ""horizon_samples"": 60, ""cc"": 0.586953665399665, ""nrmse"": 0.8193422256776756, ""n_valid"": 1412, ""n_targets"": 1412}, {""horizon_s"": 2.8, ""horizon_samples"": 70, ""cc"": 0.4795271151284203, ""nrmse"": 0.8960356692747501, ""n_valid"": 1402, ""n_targets"": 1402}, {""horizon_s"": 3.2, ""horizon_samples"": 80, ""cc"": 0.4380260287427894, ""nrmse"": 0.9259126552168288, ""n_valid"": 1392, ""n_targets"": 1392}, {""horizon_s"": 3.6, ""horizon_samples"": 90, ""cc"": 0.34888754546449513, ""nrmse"": 0.9746568719732728, ""n_valid"": 1382, ""n_targets"": 1382}, {""horizon_s"": 4.0, ""horizon_samples"": 100, ""cc"": 0.28808294245239513, ""nrmse"": 1.0000332319111558, ""n_valid"": 1372, ""n_targets"": 1372}]",25,28,0.02000007678678039,True,0.0,335.3102044812684,14,0.5600559999993493,1472,1410,True,ok,8,0.16,4,0.8,1.3,5.0,0.02,1.2609187369998835,,True,0df9e26f4c45f6178a898843a8348744d7e57762525618ae84214deb21b55f63,694c6ad30dcde642fba6865dea61f451f7ba0e9f517988949737585e59f0baf0,T30_23_00003,False,dc2de0c03036394091cb7c2b7c070947f7d1b458301f46d0881b102e3e922705
nan,23,sample_23.csv,T30,T30_23_00006,Awake,0,2,2,303.3001387,363.509655,60,60.20951630000002,1500,24.997500250004045,7551,9051,7551,9051,T30/filtered_sessions/sample_23.csv,True,0,0.0,True,0.16562104852429613,True,0.323375665515659,True,nan,0.594488640273883,0.7179570672971629,0.7034121994528962,4.089564732142857,0.5002399577674329,2.117091499949223,0.8784033586579143,0.9892936666765093,0.8000799999990704,1.2801279999985127,True,True,True,True,True,,,,,18,"[{""horizon_s"": 0.04, ""horizon_samples"": 1, ""cc"": 0.9586660064777397, ""nrmse"": 0.2852933793786526, ""n_valid"": 1471, ""n_targets"": 1471}, {""horizon_s"": 0.08, ""horizon_samples"": 2, ""cc"": 0.9124686205711499, ""nrmse"": 0.4101994854728909, ""n_valid"": 1470, ""n_targets"": 1470}, {""horizon_s"": 0.12, ""horizon_samples"": 3, ""cc"": 0.9029243769579499, ""nrmse"": 0.4309190410020715, ""n_valid"": 1469, ""n_targets"": 1469}, {""horizon_s"": 0.16, ""horizon_samples"": 4, ""cc"": 0.8920134008921144, ""nrmse"": 0.4528492324904036, ""n_valid"": 1468, ""n_targets"": 1468}, {""horizon_s"": 0.2, ""horizon_samples"": 5, ""cc"": 0.8913830326748309, ""nrmse"": 0.4541960051807551, ""n_valid"": 1467, ""n_targets"": 1467}, {""horizon_s"": 0.28, ""horizon_samples"": 7, ""cc"": 0.8742651295421996, ""nrmse"": 0.48681999574928275, ""n_valid"": 1465, ""n_targets"": 1465}, {""horizon_s"": 0.4, ""horizon_samples"": 10, ""cc"": 0.8444802127598715, ""nrmse"": 0.5378688228039537, ""n_valid"": 1462, ""n_targets"": 1462}, {""horizon_s"": 0.6, ""horizon_samples"": 15, ""cc"": 0.802059608718048, ""nrmse"": 0.600915767825757, ""n_valid"": 1457, ""n_targets"": 1457}, {""horizon_s"": 0.8, ""horizon_samples"": 20, ""cc"": 0.7619558193581805, ""nrmse"": 0.6517460112301968, ""n_valid"": 1452, ""n_targets"": 1452}, {""horizon_s"": 1.0, ""horizon_samples"": 25, ""cc"": 0.6582294430054353, ""nrmse"": 0.7590346285358535, ""n_valid"": 1447, ""n_targets"": 1447}, {""horizon_s"": 1.2, ""horizon_samples"": 30, ""cc"": 0.6211709013579134, ""nrmse"": 0.7885991813227148, ""n_valid"": 1442, ""n_targets"": 1442}, {""horizon_s"": 1.6, ""horizon_samples"": 40, ""cc"": 0.5226299154161317, ""nrmse"": 0.864454002237219, ""n_valid"": 1432, ""n_targets"": 1432}, {""horizon_s"": 2.0, ""horizon_samples"": 50, ""cc"": 0.3919285952813248, ""nrmse"": 0.9413653571154197, ""n_valid"": 1422, ""n_targets"": 1422}, {""horizon_s"": 2.4, ""horizon_samples"": 60, ""cc"": 0.31323539839456177, ""nrmse"": 0.9800928324458066, ""n_valid"": 1412, ""n_targets"": 1412}, {""horizon_s"": 2.8, ""horizon_samples"": 70, ""cc"": 0.19581832040279154, ""nrmse"": 1.0319784581107803, ""n_valid"": 1402, ""n_targets"": 1402}, {""horizon_s"": 3.2, ""horizon_samples"": 80, ""cc"": 0.1098031276888218, ""nrmse"": 1.0626621625998485, ""n_valid"": 1392, ""n_targets"": 1392}, {""horizon_s"": 3.6, ""horizon_samples"": 90, ""cc"": 0.06275507980897226, ""nrmse"": 1.0813617645124463, ""n_valid"": 1382, ""n_targets"": 1382}, {""horizon_s"": 4.0, ""horizon_samples"": 100, ""cc"": -0.014991464378143549, ""nrmse"": 1.1028710833348783, ""n_valid"": 1372, ""n_targets"": 1372}]",25,28,0.02000007678678039,True,0.0,439.2424949139627,14,0.5600559999993493,1472,1427,True,ok,8,0.16,4,0.8,1.3,5.0,0.02,1.4864937370002735,,True,05b237282e6a51bf50be8706847886b5f9ca385afe05224841169a7ef0b2f420,710a898b487babf00cbbbeda5bee9a8708164f8f57338a7195e007455b507665,T30_23_00006,False,dc2de0c03036394091cb7c2b7c070947f7d1b458301f46d0881b102e3e922705
nan,23,sample_23.csv,T30,T30_23_00005,Awake,0,2,2,243.040416,303.2603648,60,60.2199488,1500,24.997500250004045,6051,7551,6051,7551,T30/filtered_sessions/sample_23.csv,True,0,0.0,True,0.05382123655011207,True,0.056443015829748984,True,nan,0.7490531701324722,0.5763776130183956,0.7560589336276815,4.083462934162779,0.26932859816672267,2.001069709395614,0.904238433353877,0.9826573316196316,0.8000799999990704,1.2801279999985127,True,True,True,True,True,,,,,18,"[{""horizon_s"": 0.04, ""horizon_samples"": 1, ""cc"": 0.9793149083982852, ""nrmse"": 0.2028491264127327, ""n_valid"": 1471, ""n_targets"": 1471}, {""horizon_s"": 0.08, ""horizon_samples"": 2, ""cc"": 0.9578277630395189, ""nrmse"": 0.28841313319054135, ""n_valid"": 1470, ""n_targets"": 1470}, {""horizon_s"": 0.12, ""horizon_samples"": 3, ""cc"": 0.9581681168043588, ""nrmse"": 0.2875384602422542, ""n_valid"": 1469, ""n_targets"": 1469}, {""horizon_s"": 0.16, ""horizon_samples"": 4, ""cc"": 0.951041119186467, ""nrmse"": 0.3099593611733335, ""n_valid"": 1468, ""n_targets"": 1468}, {""horizon_s"": 0.2, ""horizon_samples"": 5, ""cc"": 0.9474948950219908, ""nrmse"": 0.3205931713557018, ""n_valid"": 1467, ""n_targets"": 1467}, {""horizon_s"": 0.28, ""horizon_samples"": 7, ""cc"": 0.9394381527575688, ""nrmse"": 0.34330500312261625, ""n_valid"": 1465, ""n_targets"": 1465}, {""horizon_s"": 0.4, ""horizon_samples"": 10, ""cc"": 0.9309527564822166, ""nrmse"": 0.36569030218288373, ""n_valid"": 1462, ""n_targets"": 1462}, {""horizon_s"": 0.6, ""horizon_samples"": 15, ""cc"": 0.9119415347308217, ""nrmse"": 0.41067050387715576, ""n_valid"": 1457, ""n_targets"": 1457}, {""horizon_s"": 0.8, ""horizon_samples"": 20, ""cc"": 0.8831297712827262, ""nrmse"": 0.4703796002523927, ""n_valid"": 1452, ""n_targets"": 1452}, {""horizon_s"": 1.0, ""horizon_samples"": 25, ""cc"": 0.8087522610713387, ""nrmse"": 0.5905646350981784, ""n_valid"": 1447, ""n_targets"": 1447}, {""horizon_s"": 1.2, ""horizon_samples"": 30, ""cc"": 0.7771721636927613, ""nrmse"": 0.6320242069234699, ""n_valid"": 1442, ""n_targets"": 1442}, {""horizon_s"": 1.6, ""horizon_samples"": 40, ""cc"": 0.7187535355618678, ""nrmse"": 0.7005620709977923, ""n_valid"": 1432, ""n_targets"": 1432}, {""horizon_s"": 2.0, ""horizon_samples"": 50, ""cc"": 0.6165409543159687, ""nrmse"": 0.7957536873246681, ""n_valid"": 1422, ""n_targets"": 1422}, {""horizon_s"": 2.4, ""horizon_samples"": 60, ""cc"": 0.5550124729548127, ""nrmse"": 0.8478448514255965, ""n_valid"": 1412, ""n_targets"": 1412}, {""horizon_s"": 2.8, ""horizon_samples"": 70, ""cc"": 0.48511816171675304, ""nrmse"": 0.8967228041548831, ""n_valid"": 1402, ""n_targets"": 1402}, {""horizon_s"": 3.2, ""horizon_samples"": 80, ""cc"": 0.40959405294319495, ""nrmse"": 0.9408165047005386, ""n_valid"": 1392, ""n_targets"": 1392}, {""horizon_s"": 3.6, ""horizon_samples"": 90, ""cc"": 0.35341907628154856, ""nrmse"": 0.9727902117685293, ""n_valid"": 1382, ""n_targets"": 1382}, {""horizon_s"": 4.0, ""horizon_samples"": 100, ""cc"": 0.2992853661422996, ""nrmse"": 0.9983194001278524, ""n_valid"": 1372, ""n_targets"": 1372}]",25,28,0.02000007678678039,True,0.0,325.0677809739371,14,0.5600559999993493,1472,1403,True,ok,8,0.16,4,0.8,1.3,5.0,0.02,1.8617540489995008,,True,cc42eac02f2b3d40b76ac092e9da49e8c8068abc8cc4cfdff3773ef58bd8df73,d415f328085d131d8b45fa37db626e12e28800ec18bebb6d3f041bac348cf955,T30_23_00005,False,dc2de0c03036394091cb7c2b7c070947f7d1b458301f46d0881b102e3e922705
nan,23,sample_23.csv,T30,T30_23_00007,Awake,0,2,2,363.5495815,423.7704735,60,60.22089199999999,1500,24.997500250004045,9051,10551,9051,10551,T30/filtered_sessions/sample_23.csv,True,0,0.0,True,0.05406549177513741,True,0.2712685757938482,True,nan,0.692773164001511,0.6579254196736781,0.7276479339636224,3.946382092660073,0.4422421653788933,2.0396193005754757,0.9305776322281004,0.9864965695834609,0.8000799999990704,1.2801279999985127,True,True,True,True,True,,,,,18,"[{""horizon_s"": 0.04, ""horizon_samples"": 1, ""cc"": 0.9646130250446204, ""nrmse"": 0.26477690184220504, ""n_valid"": 1471, ""n_targets"": 1471}, {""horizon_s"": 0.08, ""horizon_samples"": 2, ""cc"": 0.9253059019094515, ""nrmse"": 0.3814405447447883, ""n_valid"": 1470, ""n_targets"": 1470}, {""horizon_s"": 0.12, ""horizon_samples"": 3, ""cc"": 0.920557317816139, ""nrmse"": 0.3926458418190104, ""n_valid"": 1469, ""n_targets"": 1469}, {""horizon_s"": 0.16, ""horizon_samples"": 4, ""cc"": 0.9204373766428844, ""nrmse"": 0.3921750294402501, ""n_valid"": 1468, ""n_targets"": 1468}, {""horizon_s"": 0.2, ""horizon_samples"": 5, ""cc"": 0.9164278562210635, ""nrmse"": 0.40119408207271073, ""n_valid"": 1467, ""n_targets"": 1467}, {""horizon_s"": 0.28, ""horizon_samples"": 7, ""cc"": 0.8939408602966596, ""nrmse"": 0.4515615882269688, ""n_valid"": 1465, ""n_targets"": 1465}, {""horizon_s"": 0.4, ""horizon_samples"": 10, ""cc"": 0.8792716747711383, ""nrmse"": 0.4784407509734851, ""n_valid"": 1462, ""n_targets"": 1462}, {""horizon_s"": 0.6, ""horizon_samples"": 15, ""cc"": 0.8046430073411797, ""nrmse"": 0.5989157051023988, ""n_valid"": 1457, ""n_targets"": 1457}, {""horizon_s"": 0.8, ""horizon_samples"": 20, ""cc"": 0.7786409680479589, ""nrmse"": 0.6354664964851855, ""n_valid"": 1452, ""n_targets"": 1452}, {""horizon_s"": 1.0, ""horizon_samples"": 25, ""cc"": 0.7385262634979719, ""nrmse"": 0.6819374778474638, ""n_valid"": 1447, ""n_targets"": 1447}, {""horizon_s"": 1.2, ""horizon_samples"": 30, ""cc"": 0.7069699194389015, ""nrmse"": 0.7142682124592475, ""n_valid"": 1442, ""n_targets"": 1442}, {""horizon_s"": 1.6, ""horizon_samples"": 40, ""cc"": 0.6315451071106506, ""nrmse"": 0.7898713599653182, ""n_valid"": 1432, ""n_targets"": 1432}, {""horizon_s"": 2.0, ""horizon_samples"": 50, ""cc"": 0.5678052777529923, ""nrmse"": 0.8408435185784748, ""n_valid"": 1422, ""n_targets"": 1422}, {""horizon_s"": 2.4, ""horizon_samples"": 60, ""cc"": 0.5119146532575188, ""nrmse"": 0.8794608665099831, ""n_valid"": 1412, ""n_targets"": 1412}, {""horizon_s"": 2.8, ""horizon_samples"": 70, ""cc"": 0.43651613046064924, ""nrmse"": 0.9270469885064458, ""n_valid"": 1402, ""n_targets"": 1402}, {""horizon_s"": 3.2, ""horizon_samples"": 80, ""cc"": 0.3493425444170674, ""nrmse"": 0.9771051002880683, ""n_valid"": 1392, ""n_targets"": 1392}, {""horizon_s"": 3.6, ""horizon_samples"": 90, ""cc"": 0.29346328488399953, ""nrmse"": 1.0031977624887674, ""n_valid"": 1382, ""n_targets"": 1382}, {""horizon_s"": 4.0, ""horizon_samples"": 100, ""cc"": 0.2299957831163499, ""nrmse"": 1.0323093267754342, ""n_valid"": 1372, ""n_targets"": 1372}]",25,28,0.02000007678678039,True,0.0,395.508486284267,15,0.6000599999993028,1472,1426,True,ok,8,0.16,4,0.8,1.3,5.0,0.02,1.2846956550001778,,True,37c2e41b076bee2ebb5e68fbee65fd85b7b5e7b23a400c3ee6bab0e7e998ea19,85c3938e6b50c87c565591bbe1522841602aaa40ee356da062c35dfcbe2655ac,T30_23_00007,False,dc2de0c03036394091cb7c2b7c070947f7d1b458301f46d0881b102e3e922705
nan,23,sample_23.csv,T30,T30_23_00009,Awake,0,2,2,484.060365,544.2800684,60,60.219703400000014,1500,24.997500250004045,12051,13551,12051,13551,T30/filtered_sessions/sample_23.csv,True,0,0.0,True,0.09781458426527535,True,0.07189898716920577,True,nan,0.6669921911702102,0.6615488466367476,0.7484762681768009,4.2438095238095235,0.3240869606949177,2.023067705212702,0.9614966316218967,0.976645138904498,0.8000799999990704,1.2801279999985127,True,True,True,True,True,,,,,18,"[{""horizon_s"": 0.04, ""horizon_samples"": 1, ""cc"": 0.9652989383107253, ""nrmse"": 0.2613727862676536, ""n_valid"": 1471, ""n_targets"": 1471}, {""horizon_s"": 0.08, ""horizon_samples"": 2, ""cc"": 0.932838748802832, ""nrmse"": 0.36036965275504657, ""n_valid"": 1470, ""n_targets"": 1470}, {""horizon_s"": 0.12, ""horizon_samples"": 3, ""cc"": 0.931035647542052, ""nrmse"": 0.36482716259148684, ""n_valid"": 1469, ""n_targets"": 1469}, {""horizon_s"": 0.16, ""horizon_samples"": 4, ""cc"": 0.9216641232831595, ""nrmse"": 0.38807559835956734, ""n_valid"": 1468, ""n_targets"": 1468}, {""horizon_s"": 0.2, ""horizon_samples"": 5, ""cc"": 0.9151708510123046, ""nrmse"": 0.40304176807835024, ""n_valid"": 1467, ""n_targets"": 1467}, {""horizon_s"": 0.28, ""horizon_samples"": 7, ""cc"": 0.9071995836372493, ""nrmse"": 0.4201094756540047, ""n_valid"": 1465, ""n_targets"": 1465}, {""horizon_s"": 0.4, ""horizon_samples"": 10, ""cc"": 0.8909371238019803, ""nrmse"": 0.4537454692512084, ""n_valid"": 1462, ""n_targets"": 1462}, {""horizon_s"": 0.6, ""horizon_samples"": 15, ""cc"": 0.8289318003170075, ""nrmse"": 0.5607644670777199, ""n_valid"": 1457, ""n_targets"": 1457}, {""horizon_s"": 0.8, ""horizon_samples"": 20, ""cc"": 0.794799564790582, ""nrmse"": 0.6087853948582971, ""n_valid"": 1452, ""n_targets"": 1452}, {""horizon_s"": 1.0, ""horizon_samples"": 25, ""cc"": 0.7304078034650873, ""nrmse"": 0.6847764967809048, ""n_valid"": 1447, ""n_targets"": 1447}, {""horizon_s"": 1.2, ""horizon_samples"": 30, ""cc"": 0.6795184702911568, ""nrmse"": 0.7397728881627014, ""n_valid"": 1442, ""n_targets"": 1442}, {""horizon_s"": 1.6, ""horizon_samples"": 40, ""cc"": 0.5950933085086255, ""nrmse"": 0.8129979708141017, ""n_valid"": 1432, ""n_targets"": 1432}, {""horizon_s"": 2.0, ""horizon_samples"": 50, ""cc"": 0.5099860704585366, ""nrmse"": 0.8795821210438066, ""n_valid"": 1422, ""n_targets"": 1422}, {""horizon_s"": 2.4, ""horizon_samples"": 60, ""cc"": 0.4333371898005868, ""nrmse"": 0.9226103398905698, ""n_valid"": 1412, ""n_targets"": 1412}, {""horizon_s"": 2.8, ""horizon_samples"": 70, ""cc"": 0.3757205039505741, ""nrmse"": 0.9539338806832439, ""n_valid"": 1402, ""n_targets"": 1402}, {""horizon_s"": 3.2, ""horizon_samples"": 80, ""cc"": 0.2686222939120968, ""nrmse"": 1.0000582952906674, ""n_valid"": 1392, ""n_targets"": 1392}, {""horizon_s"": 3.6, ""horizon_samples"": 90, ""cc"": 0.19909394180187798, ""nrmse"": 1.0313412127069335, ""n_valid"": 1382, ""n_targets"": 1382}, {""horizon_s"": 4.0, ""horizon_samples"": 100, ""cc"": 0.1262034773773462, ""nrmse"": 1.0617142591951936, ""n_valid"": 1372, ""n_targets"": 1372}]",25,28,0.02000007678678039,True,0.0,444.7137771886297,14,0.5600559999993493,1472,1408,True,ok,8,0.16,4,0.8,1.3,5.0,0.02,1.291110096999546,,True,e20aa9246a9f257e0802350f0014ca619665e9397ea4fe1c59cdf329de3693c1,722f0092d76d10a331da4fdac044203f548cdb08f5eb80740307f58e19d1366c,T30_23_00009,False,dc2de0c03036394091cb7c2b7c070947f7d1b458301f46d0881b102e3e922705
nan,23,sample_23.csv,T30,T30_23_00010,Awake,0,2,2,544.3205245,604.5195525,60,60.199028,1500,24.997500250004045,13551,15051,13551,15051,T30/filtered_sessions/sample_23.csv,True,0,0.0,True,0.05653845713519345,True,0.31262147406972307,True,nan,0.639881024609366,0.6933373260880479,0.7120506790804818,3.9230565838180858,0.541416710658924,2.121180784055655,0.9164602388321911,0.9939334428750308,0.8000799999990704,1.2801279999985127,True,True,True,True,True,,,,,18,"[{""horizon_s"": 0.04, ""horizon_samples"": 1, ""cc"": 0.9621234994278786, ""nrmse"": 0.27365110563058337, ""n_valid"": 1471, ""n_targets"": 1471}, {""horizon_s"": 0.08, ""horizon_samples"": 2, ""cc"": 0.9219214420321594, ""nrmse"": 0.38902892963074936, ""n_valid"": 1470, ""n_targets"": 1470}, {""horizon_s"": 0.12, ""horizon_samples"": 3, ""cc"": 0.907472858717797, ""nrmse"": 0.42157830964755955, ""n_valid"": 1469, ""n_targets"": 1469}, {""horizon_s"": 0.16, ""horizon_samples"": 4, ""cc"": 0.8937988118569637, ""nrmse"": 0.4499530386102989, ""n_valid"": 1468, ""n_targets"": 1468}, {""horizon_s"": 0.2, ""horizon_samples"": 5, ""cc"": 0.901289085304063, ""nrmse"": 0.43426311737762174, ""n_valid"": 1467, ""n_targets"": 1467}, {""horizon_s"": 0.28, ""horizon_samples"": 7, ""cc"": 0.8761677751630376, ""nrmse"": 0.4842591290160382, ""n_valid"": 1465, ""n_targets"": 1465}, {""horizon_s"": 0.4, ""horizon_samples"": 10, ""cc"": 0.8677444539298507, ""nrmse"": 0.4979644437236294, ""n_valid"": 1462, ""n_targets"": 1462}, {""horizon_s"": 0.6, ""horizon_samples"": 15, ""cc"": 0.7992250315223368, ""nrmse"": 0.6038066804942914, ""n_valid"": 1457, ""n_targets"": 1457}, {""horizon_s"": 0.8, ""horizon_samples"": 20, ""cc"": 0.7470899485419673, ""nrmse"": 0.6695642471911383, ""n_valid"": 1452, ""n_targets"": 1452}, {""horizon_s"": 1.0, ""horizon_samples"": 25, ""cc"": 0.6921680644913145, ""nrmse"": 0.7257090053171463, ""n_valid"": 1447, ""n_targets"": 1447}, {""horizon_s"": 1.2, ""horizon_samples"": 30, ""cc"": 0.6444755245722944, ""nrmse"": 0.7700536330642029, ""n_valid"": 1442, ""n_targets"": 1442}, {""horizon_s"": 1.6, ""horizon_samples"": 40, ""cc"": 0.5773735142476456, ""nrmse"": 0.8295363539652973, ""n_valid"": 1432, ""n_targets"": 1432}, {""horizon_s"": 2.0, ""horizon_samples"": 50, ""cc"": 0.48950306077032635, ""nrmse"": 0.8940052320939074, ""n_valid"": 1422, ""n_targets"": 1422}, {""horizon_s"": 2.4, ""horizon_samples"": 60, ""cc"": 0.3941770891710422, ""nrmse"": 0.9528011779378421, ""n_valid"": 1412, ""n_targets"": 1412}, {""horizon_s"": 2.8, ""horizon_samples"": 70, ""cc"": 0.3289550483437307, ""nrmse"": 0.9748828603997208, ""n_valid"": 1402, ""n_targets"": 1402}, {""horizon_s"": 3.2, ""horizon_samples"": 80, ""cc"": 0.2400129394846461, ""nrmse"": 1.013216923602302, ""n_valid"": 1392, ""n_targets"": 1392}, {""horizon_s"": 3.6, ""horizon_samples"": 90, ""cc"": 0.16541369154682664, ""nrmse"": 1.0396539686015331, ""n_valid"": 1382, ""n_targets"": 1382}, {""horizon_s"": 4.0, ""horizon_samples"": 100, ""cc"": 0.10894660384470928, ""nrmse"": 1.0561437132809997, ""n_valid"": 1372, ""n_targets"": 1372}]",25,28,0.02000007678678039,True,0.0,526.3835885637716,14,0.5600559999993493,1472,1411,True,ok,8,0.16,4,0.8,1.3,5.0,0.02,1.2428954540009727,,True,6343ea91f5dd619844cb2e00a1f203b1a15ce0922c0563a3f0328e1cd352fdde,f6d690904088648553a17c15786aa65b2891b3fa4d34803721a6158a8961b572,T30_23_00010,False,dc2de0c03036394091cb7c2b7c070947f7d1b458301f46d0881b102e3e922705
nan,23,sample_23.csv,T30,T30_23_00001,Awake,0,2,2,2.101407051,62.24025154,60,60.138844489,1500,24.997500250004045,51,1551,51,1551,T30/filtered_sessions/sample_23.csv,True,0,0.0,True,0.2634889647285983,True,0.37117003060593456,True,nan,0.6161993063855046,0.7046027419942966,0.7270240437682968,4.177881963596249,0.4796275855449441,2.069151138716356,0.8138547750039776,0.9700638558173048,0.8000799999990704,1.2801279999985127,True,True,True,True,True,,,,,18,"[{""horizon_s"": 0.04, ""horizon_samples"": 1, ""cc"": 0.9556020664812137, ""nrmse"": 0.2952875586260734, ""n_valid"": 1471, ""n_targets"": 1471}, {""horizon_s"": 0.08, ""horizon_samples"": 2, ""cc"": 0.9070260403596326, ""nrmse"": 0.42214941779461784, ""n_valid"": 1470, ""n_targets"": 1470}, {""horizon_s"": 0.12, ""horizon_samples"": 3, ""cc"": 0.9075216312094215, ""nrmse"": 0.42086269915079255, ""n_valid"": 1469, ""n_targets"": 1469}, {""horizon_s"": 0.16, ""horizon_samples"": 4, ""cc"": 0.9120159472680983, ""nrmse"": 0.41047959734565453, ""n_valid"": 1468, ""n_targets"": 1468}, {""horizon_s"": 0.2, ""horizon_samples"": 5, ""cc"": 0.8994665344605874, ""nrmse"": 0.43712397657814656, ""n_valid"": 1467, ""n_targets"": 1467}, {""horizon_s"": 0.28, ""horizon_samples"": 7, ""cc"": 0.8861933257573861, ""nrmse"": 0.4629322784118769, ""n_valid"": 1465, ""n_targets"": 1465}, {""horizon_s"": 0.4, ""horizon_samples"": 10, ""cc"": 0.8530431610340525, ""nrmse"": 0.5225054987715119, ""n_valid"": 1462, ""n_targets"": 1462}, {""horizon_s"": 0.6, ""horizon_samples"": 15, ""cc"": 0.8035509809485437, ""nrmse"": 0.5972231478915843, ""n_valid"": 1457, ""n_targets"": 1457}, {""horizon_s"": 0.8, ""horizon_samples"": 20, ""cc"": 0.7615340985650012, ""nrmse"": 0.65154095638419, ""n_valid"": 1452, ""n_targets"": 1452}, {""horizon_s"": 1.0, ""horizon_samples"": 25, ""cc"": 0.7051745680034863, ""nrmse"": 0.7145789218694502, ""n_valid"": 1447, ""n_targets"": 1447}, {""horizon_s"": 1.2, ""horizon_samples"": 30, ""cc"": 0.6586427406396996, ""nrmse"": 0.7587131121290352, ""n_valid"": 1442, ""n_targets"": 1442}, {""horizon_s"": 1.6, ""horizon_samples"": 40, ""cc"": 0.5388843774615886, ""nrmse"": 0.8589268219106909, ""n_valid"": 1432, ""n_targets"": 1432}, {""horizon_s"": 2.0, ""horizon_samples"": 50, ""cc"": 0.4194408366245157, ""nrmse"": 0.9332728070816936, ""n_valid"": 1422, ""n_targets"": 1422}, {""horizon_s"": 2.4, ""horizon_samples"": 60, ""cc"": 0.32177967846265976, ""nrmse"": 0.9834401400273343, ""n_valid"": 1412, ""n_targets"": 1412}, {""horizon_s"": 2.8, ""horizon_samples"": 70, ""cc"": 0.21779764091617118, ""nrmse"": 1.0283340012109166, ""n_valid"": 1402, ""n_targets"": 1402}, {""horizon_s"": 3.2, ""horizon_samples"": 80, ""cc"": 0.14531252608795095, ""nrmse"": 1.0551046243767175, ""n_valid"": 1392, ""n_targets"": 1392}, {""horizon_s"": 3.6, ""horizon_samples"": 90, ""cc"": 0.10925040049041959, ""nrmse"": 1.0615212387939041, ""n_valid"": 1382, ""n_targets"": 1382}, {""horizon_s"": 4.0, ""horizon_samples"": 100, ""cc"": 0.08935096016865424, ""nrmse"": 1.068852557543149, ""n_valid"": 1372, ""n_targets"": 1372}]",25,28,0.02000007678678039,True,0.0,278.77183197091387,14,0.5600559999993493,1472,1417,True,ok,8,0.16,4,0.8,1.3,5.0,0.02,3.2018993940000655,,True,56e5d4c32168becd2011ad3913c0a46c737d3244d1178dfab96f6e7c05ff0cc4,0db0d7e78c5a8bd9b4a68ce58690ca2866404ae35032aa653c5909803929f8f2,T30_23_00001,False,dc2de0c03036394091cb7c2b7c070947f7d1b458301f46d0881b102e3e922705
nan,23,sample_23.csv,T30,T30_23_00011,Awake,0,2,2,604.5604248,664.7700336,60,60.20960880000007,1500,24.997500250004045,15051,16551,15051,16551,T30/filtered_sessions/sample_23.csv,True,0,0.0,True,0.1853342609966568,True,0.2568987205285447,True,nan,0.6001231806625823,0.6938872823313567,0.7077794308201757,3.991339648173207,0.4673177520756347,2.096114519427403,1.0221030293907627,0.9889803381529666,0.8000799999990704,1.2801279999985127,True,True,True,True,True,,,,,18,"[{""horizon_s"": 0.04, ""horizon_samples"": 1, ""cc"": 0.9670801571026639, ""nrmse"": 0.2551332295221627, ""n_valid"": 1471, ""n_targets"": 1471}, {""horizon_s"": 0.08, ""horizon_samples"": 2, ""cc"": 0.9369507006841289, ""nrmse"": 0.351002756991932, ""n_valid"": 1470, ""n_targets"": 1470}, {""horizon_s"": 0.12, ""horizon_samples"": 3, ""cc"": 0.9345524519325434, ""nrmse"": 0.3573517098940668, ""n_valid"": 1469, ""n_targets"": 1469}, {""horizon_s"": 0.16, ""horizon_samples"": 4, ""cc"": 0.9221225089857138, ""nrmse"": 0.3873554722165574, ""n_valid"": 1468, ""n_targets"": 1468}, {""horizon_s"": 0.2, ""horizon_samples"": 5, ""cc"": 0.9190360913705392, ""nrmse"": 0.39448975292224847, ""n_valid"": 1467, ""n_targets"": 1467}, {""horizon_s"": 0.28, ""horizon_samples"": 7, ""cc"": 0.8985755337987771, ""nrmse"": 0.4396528804763596, ""n_valid"": 1465, ""n_targets"": 1465}, {""horizon_s"": 0.4, ""horizon_samples"": 10, ""cc"": 0.8725532121474661, ""nrmse"": 0.48967598055657463, ""n_valid"": 1462, ""n_targets"": 1462}, {""horizon_s"": 0.6, ""horizon_samples"": 15, ""cc"": 0.8022221763011386, ""nrmse"": 0.6013404657583081, ""n_valid"": 1457, ""n_targets"": 1457}, {""horizon_s"": 0.8, ""horizon_samples"": 20, ""cc"": 0.737056396069597, ""nrmse"": 0.6819033909333879, ""n_valid"": 1452, ""n_targets"": 1452}, {""horizon_s"": 1.0, ""horizon_samples"": 25, ""cc"": 0.689872293929206, ""nrmse"": 0.7285057291633062, ""n_valid"": 1447, ""n_targets"": 1447}, {""horizon_s"": 1.2, ""horizon_samples"": 30, ""cc"": 0.6176449225362517, ""nrmse"": 0.7939437872766936, ""n_valid"": 1442, ""n_targets"": 1442}, {""horizon_s"": 1.6, ""horizon_samples"": 40, ""cc"": 0.545681608397116, ""nrmse"": 0.8477241886253378, ""n_valid"": 1432, ""n_targets"": 1432}, {""horizon_s"": 2.0, ""horizon_samples"": 50, ""cc"": 0.40532428885937877, ""nrmse"": 0.9362084977323881, ""n_valid"": 1422, ""n_targets"": 1422}, {""horizon_s"": 2.4, ""horizon_samples"": 60, ""cc"": 0.3230685883677392, ""nrmse"": 0.9734030508629041, ""n_valid"": 1412, ""n_targets"": 1412}, {""horizon_s"": 2.8, ""horizon_samples"": 70, ""cc"": 0.1997290978296845, ""nrmse"": 1.0210496092160108, ""n_valid"": 1402, ""n_targets"": 1402}, {""horizon_s"": 3.2, ""horizon_samples"": 80, ""cc"": 0.09293263762048197, ""nrmse"": 1.0584188596580701, ""n_valid"": 1392, ""n_targets"": 1392}, {""horizon_s"": 3.6, ""horizon_samples"": 90, ""cc"": 0.018581682848907523, ""nrmse"": 1.075659101766401, ""n_valid"": 1382, ""n_targets"": 1382}, {""horizon_s"": 4.0, ""horizon_samples"": 100, ""cc"": -0.080767096854852, ""nrmse"": 1.0971526183917115, ""n_valid"": 1372, ""n_targets"": 1372}]",25,28,0.02000007678678039,True,0.0,531.1852868663826,14,0.5600559999993493,1472,1400,True,ok,8,0.16,4,0.8,1.3,5.0,0.02,1.5897492980002426,,True,a029a2e4c7831ca199a89e07a87db1011dfb759cffa4d94db265e048f4da3094,4cadf391a830cb8a882e7a75987a94df6393ae15812fe11a8551d0a26ffaa512,T30_23_00011,False,dc2de0c03036394091cb7c2b7c070947f7d1b458301f46d0881b102e3e922705
nan,23,sample_23.csv,T30,T30_23_00008,Awake,0,2,2,423.8104873,484.0203032,60,60.209815900000024,1500,24.997500250004045,10551,12051,10551,12051,T30/filtered_sessions/sample_23.csv,True,0,0.0,True,0.10352236409838807,True,0.1799399142233993,True,nan,0.6537532963419537,0.689757782392774,0.7398857801027019,4.155525606469003,0.4176464942170178,2.029500932835821,0.8135924943018115,0.9762995669876738,0.8000799999990704,1.2801279999985127,True,True,True,True,True,,,,,18,"[{""horizon_s"": 0.04, ""horizon_samples"": 1, ""cc"": 0.9631220098898573, ""nrmse"": 0.27141603226355165, ""n_valid"": 1471, ""n_targets"": 1471}, {""horizon_s"": 0.08, ""horizon_samples"": 2, ""cc"": 0.9154218552145749, ""nrmse"": 0.40638799468207, ""n_valid"": 1470, ""n_targets"": 1470}, {""horizon_s"": 0.12, ""horizon_samples"": 3, ""cc"": 0.9060139916810316, ""nrmse"": 0.4274105178980807, ""n_valid"": 1469, ""n_targets"": 1469}, {""horizon_s"": 0.16, ""horizon_samples"": 4, ""cc"": 0.8983001793061057, ""nrmse"": 0.44396009344384085, ""n_valid"": 1468, ""n_targets"": 1468}, {""horizon_s"": 0.2, ""horizon_samples"": 5, ""cc"": 0.8911970094551487, ""nrmse"": 0.4584942412205418, ""n_valid"": 1467, ""n_targets"": 1467}, {""horizon_s"": 0.28, ""horizon_samples"": 7, ""cc"": 0.8824581743065845, ""nrmse"": 0.4766081882002548, ""n_valid"": 1465, ""n_targets"": 1465}, {""horizon_s"": 0.4, ""horizon_samples"": 10, ""cc"": 0.8654624315328648, ""nrmse"": 0.5069824216579001, ""n_valid"": 1462, ""n_targets"": 1462}, {""horizon_s"": 0.6, ""horizon_samples"": 15, ""cc"": 0.8314100025913369, ""nrmse"": 0.5628908067536657, ""n_valid"": 1457, ""n_targets"": 1457}, {""horizon_s"": 0.8, ""horizon_samples"": 20, ""cc"": 0.797445201359995, ""nrmse"": 0.612850904230707, ""n_valid"": 1452, ""n_targets"": 1452}, {""horizon_s"": 1.0, ""horizon_samples"": 25, ""cc"": 0.7343513706590191, ""nrmse"": 0.6908302497002009, ""n_valid"": 1447, ""n_targets"": 1447}, {""horizon_s"": 1.2, ""horizon_samples"": 30, ""cc"": 0.6981094713942971, ""nrmse"": 0.7315130262111191, ""n_valid"": 1442, ""n_targets"": 1442}, {""horizon_s"": 1.6, ""horizon_samples"": 40, ""cc"": 0.5953005483064724, ""nrmse"": 0.8256691744921693, ""n_valid"": 1432, ""n_targets"": 1432}, {""horizon_s"": 2.0, ""horizon_samples"": 50, ""cc"": 0.5177761088269923, ""nrmse"": 0.8851916560082863, ""n_valid"": 1422, ""n_targets"": 1422}, {""horizon_s"": 2.4, ""horizon_samples"": 60, ""cc"": 0.40041110914384215, ""nrmse"": 0.9578318074028236, ""n_valid"": 1412, ""n_targets"": 1412}, {""horizon_s"": 2.8, ""horizon_samples"": 70, ""cc"": 0.3167114637389022, ""nrmse"": 0.9992115287419024, ""n_valid"": 1402, ""n_targets"": 1402}, {""horizon_s"": 3.2, ""horizon_samples"": 80, ""cc"": 0.2301052036310855, ""nrmse"": 1.0360723970349535, ""n_valid"": 1392, ""n_targets"": 1392}, {""horizon_s"": 3.6, ""horizon_samples"": 90, ""cc"": 0.18970123700629232, ""nrmse"": 1.0478267722725434, ""n_valid"": 1382, ""n_targets"": 1382}, {""horizon_s"": 4.0, ""horizon_samples"": 100, ""cc"": 0.134261966110763, ""nrmse"": 1.0744922708553202, ""n_valid"": 1372, ""n_targets"": 1372}]",25,28,0.02000007678678039,True,0.0,506.2139951819979,14,0.5600559999993493,1472,1413,True,ok,8,0.16,4,0.8,1.3,5.0,0.02,2.367060626998864,,True,e0ae805e7fe58260ab5c45f5dfa70062d3c1da300a2fabdc8831eb7f34bd73de,2c9bf794bf395e341cd88009921d24d7318afd78d5cc1a89eb0e695773b5c64a,T30_23_00008,False,dc2de0c03036394091cb7c2b7c070947f7d1b458301f46d0881b102e3e922705
nan,23,sample_23.csv,T30,T30_23_00013,Awake,0,2,2,725.0495753,785.2497597,60,60.20018440000001,1500,24.997500250004045,18051,19551,18051,19551,T30/filtered_sessions/sample_23.csv,True,0,0.0,True,0.48548361372001303,True,0.4289282987709273,True,nan,0.6471451856393723,0.6790417268122054,0.6964534241973412,4.069545709478407,0.541248740221721,2.226213975523095,0.8968096283789349,0.9895314447391801,0.8000799999990704,1.2801279999985127,True,True,True,True,True,,,,,18,"[{""horizon_s"": 0.04, ""horizon_samples"": 1, ""cc"": 0.9593672434165943, ""nrmse"": 0.28316528295666854, ""n_valid"": 1471, ""n_targets"": 1471}, {""horizon_s"": 0.08, ""horizon_samples"": 2, ""cc"": 0.9184362583908878, ""nrmse"": 0.39732076984771875, ""n_valid"": 1470, ""n_targets"": 1470}, {""horizon_s"": 0.12, ""horizon_samples"": 3, ""cc"": 0.9107715539873786, ""nrmse"": 0.4147487790331536, ""n_valid"": 1469, ""n_targets"": 1469}, {""horizon_s"": 0.16, ""horizon_samples"": 4, ""cc"": 0.9033950365704211, ""nrmse"": 0.43020079391671445, ""n_valid"": 1468, ""n_targets"": 1468}, {""horizon_s"": 0.2, ""horizon_samples"": 5, ""cc"": 0.9089335817291075, ""nrmse"": 0.41816788327472537, ""n_valid"": 1467, ""n_targets"": 1467}, {""horizon_s"": 0.28, ""horizon_samples"": 7, ""cc"": 0.8764309913696926, ""nrmse"": 0.48192730498596553, ""n_valid"": 1465, ""n_targets"": 1465}, {""horizon_s"": 0.4, ""horizon_samples"": 10, ""cc"": 0.868349360243193, ""nrmse"": 0.49694385319584283, ""n_valid"": 1462, ""n_targets"": 1462}, {""horizon_s"": 0.6, ""horizon_samples"": 15, ""cc"": 0.8066302010841184, ""nrmse"": 0.5918772725038891, ""n_valid"": 1457, ""n_targets"": 1457}, {""horizon_s"": 0.8, ""horizon_samples"": 20, ""cc"": 0.7646711701998359, ""nrmse"": 0.6461899373299146, ""n_valid"": 1452, ""n_targets"": 1452}, {""horizon_s"": 1.0, ""horizon_samples"": 25, ""cc"": 0.7162693155911425, ""nrmse"": 0.7006377407742207, ""n_valid"": 1447, ""n_targets"": 1447}, {""horizon_s"": 1.2, ""horizon_samples"": 30, ""cc"": 0.6493342657974362, ""nrmse"": 0.7629021381357118, ""n_valid"": 1442, ""n_targets"": 1442}, {""horizon_s"": 1.6, ""horizon_samples"": 40, ""cc"": 0.590448617572428, ""nrmse"": 0.8107164895949939, ""n_valid"": 1432, ""n_targets"": 1432}, {""horizon_s"": 2.0, ""horizon_samples"": 50, ""cc"": 0.4739477526717347, ""nrmse"": 0.8885312776527385, ""n_valid"": 1422, ""n_targets"": 1422}, {""horizon_s"": 2.4, ""horizon_samples"": 60, ""cc"": 0.4049757684197279, ""nrmse"": 0.9209371881221932, ""n_valid"": 1412, ""n_targets"": 1412}, {""horizon_s"": 2.8, ""horizon_samples"": 70, ""cc"": 0.32305782967925045, ""nrmse"": 0.9634060598354848, ""n_valid"": 1402, ""n_targets"": 1402}, {""horizon_s"": 3.2, ""horizon_samples"": 80, ""cc"": 0.27225813674592336, ""nrmse"": 0.9755022650834766, ""n_valid"": 1392, ""n_targets"": 1392}, {""horizon_s"": 3.6, ""horizon_samples"": 90, ""cc"": 0.15952180548095046, ""nrmse"": 1.019831995180488, ""n_valid"": 1382, ""n_targets"": 1382}, {""horizon_s"": 4.0, ""horizon_samples"": 100, ""cc"": 0.14181445255888017, ""nrmse"": 1.019744051195798, ""n_valid"": 1372, ""n_targets"": 1372}]",25,28,0.02000007678678039,True,0.0,488.73502698188906,14,0.5600559999993493,1472,1406,True,ok,8,0.16,4,0.8,1.3,5.0,0.02,1.364823547000924,,True,d028626c86f784811a573e35d9e74887fa8f814b2a65e66155c6f62af814903c,47e44377e4e90a6e61ef43071559cd9da6372af5fd98ca6bc9d453eb21eb52d0,T30_23_00013,False,dc2de0c03036394091cb7c2b7c070947f7d1b458301f46d0881b102e3e922705
nan,23,sample_23.csv,T30,T30_23_00015,Awake,0,2,2,845.5395987,905.7395651,60,60.199966399999994,1500,24.997500250004045,21051,22551,21051,22551,T30/filtered_sessions/sample_23.csv,True,0,0.0,True,0.33849833540437996,False,0.7068803750811616,True,nan,0.6262319191098578,0.7015756712106367,0.7053798531458463,3.861797162375197,0.4390987186255219,2.162746720245834,0.8881981439308999,0.9649044710412364,0.8000799999990704,1.2801279999985127,True,True,True,True,True,,,,,18,"[{""horizon_s"": 0.04, ""horizon_samples"": 1, ""cc"": 0.9634832568059942, ""nrmse"": 0.26968215052337235, ""n_valid"": 1471, ""n_targets"": 1471}, {""horizon_s"": 0.08, ""horizon_samples"": 2, ""cc"": 0.9300542885000614, ""nrmse"": 0.3705453597392903, ""n_valid"": 1470, ""n_targets"": 1470}, {""horizon_s"": 0.12, ""horizon_samples"": 3, ""cc"": 0.9192153530513003, ""nrmse"": 0.396069036721854, ""n_valid"": 1469, ""n_targets"": 1469}, {""horizon_s"": 0.16, ""horizon_samples"": 4, ""cc"": 0.914134721113159, ""nrmse"": 0.4074046171562477, ""n_valid"": 1468, ""n_targets"": 1468}, {""horizon_s"": 0.2, ""horizon_samples"": 5, ""cc"": 0.9184247055761289, ""nrmse"": 0.3979094880032466, ""n_valid"": 1467, ""n_targets"": 1467}, {""horizon_s"": 0.28, ""horizon_samples"": 7, ""cc"": 0.8824821086380706, ""nrmse"": 0.4733163337828508, ""n_valid"": 1465, ""n_targets"": 1465}, {""horizon_s"": 0.4, ""horizon_samples"": 10, ""cc"": 0.8668092792223688, ""nrmse"": 0.5017743453528561, ""n_valid"": 1462, ""n_targets"": 1462}, {""horizon_s"": 0.6, ""horizon_samples"": 15, ""cc"": 0.801525128400449, ""nrmse"": 0.6047424024682299, ""n_valid"": 1457, ""n_targets"": 1457}, {""horizon_s"": 0.8, ""horizon_samples"": 20, ""cc"": 0.7553834510114881, ""nrmse"": 0.6635123279858358, ""n_valid"": 1452, ""n_targets"": 1452}, {""horizon_s"": 1.0, ""horizon_samples"": 25, ""cc"": 0.6845172244178056, ""nrmse"": 0.737822122956533, ""n_valid"": 1447, ""n_targets"": 1447}, {""horizon_s"": 1.2, ""horizon_samples"": 30, ""cc"": 0.6157655375031907, ""nrmse"": 0.8039850192701303, ""n_valid"": 1442, ""n_targets"": 1442}, {""horizon_s"": 1.6, ""horizon_samples"": 40, ""cc"": 0.5355919427373022, ""nrmse"": 0.8668308163922823, ""n_valid"": 1432, ""n_targets"": 1432}, {""horizon_s"": 2.0, ""horizon_samples"": 50, ""cc"": 0.43437852911349756, ""nrmse"": 0.9354733862457139, ""n_valid"": 1422, ""n_targets"": 1422}, {""horizon_s"": 2.4, ""horizon_samples"": 60, ""cc"": 0.34301158323235, ""nrmse"": 0.9878212936649295, ""n_valid"": 1412, ""n_targets"": 1412}, {""horizon_s"": 2.8, ""horizon_samples"": 70, ""cc"": 0.2700479910475298, ""nrmse"": 1.0218268699809125, ""n_valid"": 1402, ""n_targets"": 1402}, {""horizon_s"": 3.2, ""horizon_samples"": 80, ""cc"": 0.1976652435583633, ""nrmse"": 1.0468938963808159, ""n_valid"": 1392, ""n_targets"": 1392}, {""horizon_s"": 3.6, ""horizon_samples"": 90, ""cc"": 0.1529731324235895, ""nrmse"": 1.0589870127166552, ""n_valid"": 1382, ""n_targets"": 1382}, {""horizon_s"": 4.0, ""horizon_samples"": 100, ""cc"": 0.08671106762479172, ""nrmse"": 1.0837656024497042, ""n_valid"": 1372, ""n_targets"": 1372}]",25,28,0.02000007678678039,True,0.0,523.2067242956236,14,0.5600559999993493,1472,1409,True,ok,8,0.16,4,0.8,1.3,5.0,0.02,1.2839036920013314,,True,3c71dcdf719a35ada21db34a0cd6c32dd56239f3961d8fc4b86e9334657436ad,c0095faeda4a2119c2239235137783ec65d0a06fb0acb469b603a5e6043eeb6a,T30_23_00015,False,dc2de0c03036394091cb7c2b7c070947f7d1b458301f46d0881b102e3e922705
nan,23,sample_23.csv,T30,T30_23_00012,Awake,0,2,2,664.8095737,725.0102367,60,60.20066299999996,1500,24.997500250004045,16551,18051,16551,18051,T30/filtered_sessions/sample_23.csv,True,0,0.0,True,0.41062888375176143,True,0.43543884222890505,True,nan,0.6520539692552413,0.6967635302860572,0.681863991937419,3.9587628865979383,0.531506454863944,2.3369909263557713,0.7793236204336796,0.9878913830191448,0.8000799999990704,1.2801279999985127,True,True,True,True,True,,,,,18,"[{""horizon_s"": 0.04, ""horizon_samples"": 1, ""cc"": 0.952656235354108, ""nrmse"": 0.30464520960309904, ""n_valid"": 1471, ""n_targets"": 1471}, {""horizon_s"": 0.08, ""horizon_samples"": 2, ""cc"": 0.906743140622534, ""nrmse"": 0.4229917098659713, ""n_valid"": 1470, ""n_targets"": 1470}, {""horizon_s"": 0.12, ""horizon_samples"": 3, ""cc"": 0.9024038294348296, ""nrmse"": 0.43258617581083997, ""n_valid"": 1469, ""n_targets"": 1469}, {""horizon_s"": 0.16, ""horizon_samples"": 4, ""cc"": 0.8912194316770318, ""nrmse"": 0.4540532547914155, ""n_valid"": 1468, ""n_targets"": 1468}, {""horizon_s"": 0.2, ""horizon_samples"": 5, ""cc"": 0.8859161292394343, ""nrmse"": 0.46484560916706014, ""n_valid"": 1467, ""n_targets"": 1467}, {""horizon_s"": 0.28, ""horizon_samples"": 7, ""cc"": 0.8599806919095315, ""nrmse"": 0.511022871892243, ""n_valid"": 1465, ""n_targets"": 1465}, {""horizon_s"": 0.4, ""horizon_samples"": 10, ""cc"": 0.8322907064785428, ""nrmse"": 0.5552555707450161, ""n_valid"": 1462, ""n_targets"": 1462}, {""horizon_s"": 0.6, ""horizon_samples"": 15, ""cc"": 0.7568450922087698, ""nrmse"": 0.6540714811016928, ""n_valid"": 1457, ""n_targets"": 1457}, {""horizon_s"": 0.8, ""horizon_samples"": 20, ""cc"": 0.7024268172769121, ""nrmse"": 0.711045782554813, ""n_valid"": 1452, ""n_targets"": 1452}, {""horizon_s"": 1.0, ""horizon_samples"": 25, ""cc"": 0.6673965390984763, ""nrmse"": 0.7455650627348389, ""n_valid"": 1447, ""n_targets"": 1447}, {""horizon_s"": 1.2, ""horizon_samples"": 30, ""cc"": 0.6544493549382578, ""nrmse"": 0.7592760060487005, ""n_valid"": 1442, ""n_targets"": 1442}, {""horizon_s"": 1.6, ""horizon_samples"": 40, ""cc"": 0.5663887604149348, ""nrmse"": 0.8330704334391364, ""n_valid"": 1432, ""n_targets"": 1432}, {""horizon_s"": 2.0, ""horizon_samples"": 50, ""cc"": 0.5035896495800284, ""nrmse"": 0.8740062659358959, ""n_valid"": 1422, ""n_targets"": 1422}, {""horizon_s"": 2.4, ""horizon_samples"": 60, ""cc"": 0.44116443659746263, ""nrmse"": 0.9098260578633, ""n_valid"": 1412, ""n_targets"": 1412}, {""horizon_s"": 2.8, ""horizon_samples"": 70, ""cc"": 0.37693562032212335, ""nrmse"": 0.9443434322984523, ""n_valid"": 1402, ""n_targets"": 1402}, {""horizon_s"": 3.2, ""horizon_samples"": 80, ""cc"": 0.3187525078186894, ""nrmse"": 0.9703787603326566, ""n_valid"": 1392, ""n_targets"": 1392}, {""horizon_s"": 3.6, ""horizon_samples"": 90, ""cc"": 0.2649306087959378, ""nrmse"": 0.993173495215366, ""n_valid"": 1382, ""n_targets"": 1382}, {""horizon_s"": 4.0, ""horizon_samples"": 100, ""cc"": 0.25288189482673823, ""nrmse"": 1.0015863657485313, ""n_valid"": 1372, ""n_targets"": 1372}]",25,28,0.02000007678678039,True,0.0,687.1899390890568,13,0.5200519999993958,1472,1378,True,ok,8,0.16,4,0.8,1.3,5.0,0.02,1.7168283599985443,,True,be2cebb33f592c91d7d0d04985824c9817547993c4e905c57caea189c8355bcc,b2d6376782e57b9b10a71cdc3a3314f7706ad9a7516f916fc5ccec346ffee79b,T30_23_00012,False,dc2de0c03036394091cb7c2b7c070947f7d1b458301f46d0881b102e3e922705
nan,23,sample_23.csv,T30,T30_23_00016,Awake,0,2,2,905.7798932,965.9797328,60,60.19983960000002,1500,24.997500250004045,22551,24051,22551,24051,T30/filtered_sessions/sample_23.csv,True,0,0.0,True,0.3333619584604101,True,0.38925998130962064,True,nan,0.5952414767170963,0.7089923514037115,0.7018284781878389,4.040895274937828,0.5386571963334453,2.226542352707796,0.8157149003839589,0.9533776883275545,0.8000799999990704,1.2801279999985127,True,True,True,True,True,,,,,18,"[{""horizon_s"": 0.04, ""horizon_samples"": 1, ""cc"": 0.9588572770371137, ""nrmse"": 0.2840994565415844, ""n_valid"": 1471, ""n_targets"": 1471}, {""horizon_s"": 0.08, ""horizon_samples"": 2, ""cc"": 0.9153418889168967, ""nrmse"": 0.40295266118329365, ""n_valid"": 1470, ""n_targets"": 1470}, {""horizon_s"": 0.12, ""horizon_samples"": 3, ""cc"": 0.9117792815598698, ""nrmse"": 0.41105313822580014, ""n_valid"": 1469, ""n_targets"": 1469}, {""horizon_s"": 0.16, ""horizon_samples"": 4, ""cc"": 0.9104177184199937, ""nrmse"": 0.4130221314978465, ""n_valid"": 1468, ""n_targets"": 1468}, {""horizon_s"": 0.2, ""horizon_samples"": 5, ""cc"": 0.9074341603253303, ""nrmse"": 0.4186484959704237, ""n_valid"": 1467, ""n_targets"": 1467}, {""horizon_s"": 0.28, ""horizon_samples"": 7, ""cc"": 0.8872564497209982, ""nrmse"": 0.4586641534059636, ""n_valid"": 1465, ""n_targets"": 1465}, {""horizon_s"": 0.4, ""horizon_samples"": 10, ""cc"": 0.862755474687249, ""nrmse"": 0.5031117077141244, ""n_valid"": 1462, ""n_targets"": 1462}, {""horizon_s"": 0.6, ""horizon_samples"": 15, ""cc"": 0.7963781732768801, ""nrmse"": 0.6037956739585043, ""n_valid"": 1457, ""n_targets"": 1457}, {""horizon_s"": 0.8, ""horizon_samples"": 20, ""cc"": 0.7463634762053324, ""nrmse"": 0.6638325730570612, ""n_valid"": 1452, ""n_targets"": 1452}, {""horizon_s"": 1.0, ""horizon_samples"": 25, ""cc"": 0.6622706875913884, ""nrmse"": 0.7486473679957277, ""n_valid"": 1447, ""n_targets"": 1447}, {""horizon_s"": 1.2, ""horizon_samples"": 30, ""cc"": 0.6001913702859201, ""nrmse"": 0.8064090429782141, ""n_valid"": 1442, ""n_targets"": 1442}, {""horizon_s"": 1.6, ""horizon_samples"": 40, ""cc"": 0.49974195079568845, ""nrmse"": 0.8784523123374367, ""n_valid"": 1432, ""n_targets"": 1432}, {""horizon_s"": 2.0, ""horizon_samples"": 50, ""cc"": 0.3969646351971119, ""nrmse"": 0.9429747328131881, ""n_valid"": 1422, ""n_targets"": 1422}, {""horizon_s"": 2.4, ""horizon_samples"": 60, ""cc"": 0.320703624661377, ""nrmse"": 0.9727001357437436, ""n_valid"": 1412, ""n_targets"": 1412}, {""horizon_s"": 2.8, ""horizon_samples"": 70, ""cc"": 0.1890026139342832, ""nrmse"": 1.0298492097894416, ""n_valid"": 1402, ""n_targets"": 1402}, {""horizon_s"": 3.2, ""horizon_samples"": 80, ""cc"": 0.07261086462262711, ""nrmse"": 1.0671179881807036, ""n_valid"": 1392, ""n_targets"": 1392}, {""horizon_s"": 3.6, ""horizon_samples"": 90, ""cc"": 0.03799665124271674, ""nrmse"": 1.0781817863037728, ""n_valid"": 1382, ""n_targets"": 1382}, {""horizon_s"": 4.0, ""horizon_samples"": 100, ""cc"": 0.03828028242695896, ""nrmse"": 1.0783497575699779, ""n_valid"": 1372, ""n_targets"": 1372}]",25,28,0.02000007678678039,True,0.0,541.2869405035391,15,0.6000599999993028,1472,1415,True,ok,8,0.16,4,0.8,1.3,5.0,0.02,1.3844604559999425,,True,9ce40a79aa57915470b54d8619fed1b843c0db5d83ecee2fcdf646478f830ac5,b1ba2c94f66187bbff09448d639647968d7d38facab247454c7f095c88d27350,T30_23_00016,False,dc2de0c03036394091cb7c2b7c070947f7d1b458301f46d0881b102e3e922705
nan,23,sample_23.csv,T30,T30_23_00019,Awake,0,2,2,1086.500045,1146.699661,60,60.199616000000105,1500,24.997500250004045,27051,28551,27051,28551,T30/filtered_sessions/sample_23.csv,True,0,0.0,True,0.2819417815377873,False,1.113857378418491,True,nan,0.6280484041536796,0.7026096886234786,0.7208811249220137,3.935289494367304,0.4474972404856745,2.059297703180212,0.8757744645300675,0.9903438682519392,0.8000799999990704,1.2801279999985127,True,True,True,True,True,,,,,18,"[{""horizon_s"": 0.04, ""horizon_samples"": 1, ""cc"": 0.9518713250123254, ""nrmse"": 0.3055482874960408, ""n_valid"": 1471, ""n_targets"": 1471}, {""horizon_s"": 0.08, ""horizon_samples"": 2, ""cc"": 0.90011790296758, ""nrmse"": 0.4345259124824903, ""n_valid"": 1470, ""n_targets"": 1470}, {""horizon_s"": 0.12, ""horizon_samples"": 3, ""cc"": 0.8885571832059354, ""nrmse"": 0.4574251316389439, ""n_valid"": 1469, ""n_targets"": 1469}, {""horizon_s"": 0.16, ""horizon_samples"": 4, ""cc"": 0.8895006483167875, ""nrmse"": 0.45519799960445395, ""n_valid"": 1468, ""n_targets"": 1468}, {""horizon_s"": 0.2, ""horizon_samples"": 5, ""cc"": 0.8932870867907664, ""nrmse"": 0.44783389209967644, ""n_valid"": 1467, ""n_targets"": 1467}, {""horizon_s"": 0.28, ""horizon_samples"": 7, ""cc"": 0.8583896870278839, ""nrmse"": 0.5135158319936272, ""n_valid"": 1465, ""n_targets"": 1465}, {""horizon_s"": 0.4, ""horizon_samples"": 10, ""cc"": 0.8489077495790531, ""nrmse"": 0.5275596174167643, ""n_valid"": 1462, ""n_targets"": 1462}, {""horizon_s"": 0.6, ""horizon_samples"": 15, ""cc"": 0.7845640434393215, ""nrmse"": 0.6195007351172831, ""n_valid"": 1457, ""n_targets"": 1457}, {""horizon_s"": 0.8, ""horizon_samples"": 20, ""cc"": 0.7474490691219917, ""nrmse"": 0.665253021408226, ""n_valid"": 1452, ""n_targets"": 1452}, {""horizon_s"": 1.0, ""horizon_samples"": 25, ""cc"": 0.6961049832415147, ""nrmse"": 0.7199334135022356, ""n_valid"": 1447, ""n_targets"": 1447}, {""horizon_s"": 1.2, ""horizon_samples"": 30, ""cc"": 0.6527025276364758, ""nrmse"": 0.76280407210114, ""n_valid"": 1442, ""n_targets"": 1442}, {""horizon_s"": 1.6, ""horizon_samples"": 40, ""cc"": 0.5843141174390626, ""nrmse"": 0.8240021353486073, ""n_valid"": 1432, ""n_targets"": 1432}, {""horizon_s"": 2.0, ""horizon_samples"": 50, ""cc"": 0.48207912411523673, ""nrmse"": 0.893314977139531, ""n_valid"": 1422, ""n_targets"": 1422}, {""horizon_s"": 2.4, ""horizon_samples"": 60, ""cc"": 0.3860999197118964, ""nrmse"": 0.9462282446834673, ""n_valid"": 1412, ""n_targets"": 1412}, {""horizon_s"": 2.8, ""horizon_samples"": 70, ""cc"": 0.3110267670464081, ""nrmse"": 0.9806174851363704, ""n_valid"": 1402, ""n_targets"": 1402}, {""horizon_s"": 3.2, ""horizon_samples"": 80, ""cc"": 0.22585069077332187, ""nrmse"": 1.0062332301297041, ""n_valid"": 1392, ""n_targets"": 1392}, {""horizon_s"": 3.6, ""horizon_samples"": 90, ""cc"": 0.13251921672571154, ""nrmse"": 1.0397656666509871, ""n_valid"": 1382, ""n_targets"": 1382}, {""horizon_s"": 4.0, ""horizon_samples"": 100, ""cc"": 0.07152923261495762, ""nrmse"": 1.0477147412730667, ""n_valid"": 1372, ""n_targets"": 1372}]",25,28,0.02000007678678039,True,0.0,401.043455887206,14,0.5600559999993493,1472,1406,True,ok,8,0.16,4,0.8,1.3,5.0,0.02,1.2972554059997492,,True,8171515825b7162d365c0cc22572f749ef36af4e5adfaaaa67bda12d75453f52,ed1ecf256ba8fe94981ae6bd039e808873ce0a267cc10b8390abca870189ad53,T30_23_00019,False,dc2de0c03036394091cb7c2b7c070947f7d1b458301f46d0881b102e3e922705
nan,23,sample_23.csv,T30,T30_23_00020,Awake,0,2,2,1146.73962,1206.940163,60,60.200542999999925,1500,24.997500250004045,28551,30051,28551,30051,T30/filtered_sessions/sample_23.csv,True,0,0.0,True,0.20396027830078636,True,0.22544201125718563,True,nan,0.777936213234508,0.5826687400468429,0.7140183327734319,4.131630102749236,0.24610068627921486,2.0105861595765537,0.7709883812380869,0.9806836277962083,0.8000799999990704,1.2801279999985127,True,True,True,True,True,,,,,18,"[{""horizon_s"": 0.04, ""horizon_samples"": 1, ""cc"": 0.9631743032565823, ""nrmse"": 0.26934592506924115, ""n_valid"": 1471, ""n_targets"": 1471}, {""horizon_s"": 0.08, ""horizon_samples"": 2, ""cc"": 0.9275962223548614, ""nrmse"": 0.37406148187567995, ""n_valid"": 1470, ""n_targets"": 1470}, {""horizon_s"": 0.12, ""horizon_samples"": 3, ""cc"": 0.9241622064374385, ""nrmse"": 0.3824109546222023, ""n_valid"": 1469, ""n_targets"": 1469}, {""horizon_s"": 0.16, ""horizon_samples"": 4, ""cc"": 0.9231472300916471, ""nrmse"": 0.38484425778871695, ""n_valid"": 1468, ""n_targets"": 1468}, {""horizon_s"": 0.2, ""horizon_samples"": 5, ""cc"": 0.9237396120483531, ""nrmse"": 0.3833939592988582, ""n_valid"": 1467, ""n_targets"": 1467}, {""horizon_s"": 0.28, ""horizon_samples"": 7, ""cc"": 0.9140715423190287, ""nrmse"": 0.4063887054228601, ""n_valid"": 1465, ""n_targets"": 1465}, {""horizon_s"": 0.4, ""horizon_samples"": 10, ""cc"": 0.9063731560912255, ""nrmse"": 0.4235305203576723, ""n_valid"": 1462, ""n_targets"": 1462}, {""horizon_s"": 0.6, ""horizon_samples"": 15, ""cc"": 0.8687070251652622, ""nrmse"": 0.49806086427205615, ""n_valid"": 1457, ""n_targets"": 1457}, {""horizon_s"": 0.8, ""horizon_samples"": 20, ""cc"": 0.8394357702900294, ""nrmse"": 0.5454620510631901, ""n_valid"": 1452, ""n_targets"": 1452}, {""horizon_s"": 1.0, ""horizon_samples"": 25, ""cc"": 0.8035285938562425, ""nrmse"": 0.5982495945431114, ""n_valid"": 1447, ""n_targets"": 1447}, {""horizon_s"": 1.2, ""horizon_samples"": 30, ""cc"": 0.7814919939502657, ""nrmse"": 0.6286272448875346, ""n_valid"": 1442, ""n_targets"": 1442}, {""horizon_s"": 1.6, ""horizon_samples"": 40, ""cc"": 0.7447929556784042, ""nrmse"": 0.6707460146690817, ""n_valid"": 1432, ""n_targets"": 1432}, {""horizon_s"": 2.0, ""horizon_samples"": 50, ""cc"": 0.6842272713111074, ""nrmse"": 0.7369880290419979, ""n_valid"": 1422, ""n_targets"": 1422}, {""horizon_s"": 2.4, ""horizon_samples"": 60, ""cc"": 0.6673371270158761, ""nrmse"": 0.7523032935277268, ""n_valid"": 1412, ""n_targets"": 1412}, {""horizon_s"": 2.8, ""horizon_samples"": 70, ""cc"": 0.6084088097148546, ""nrmse"": 0.8063042007733296, ""n_valid"": 1402, ""n_targets"": 1402}, {""horizon_s"": 3.2, ""horizon_samples"": 80, ""cc"": 0.578307043963878, ""nrmse"": 0.8283259149754153, ""n_valid"": 1392, ""n_targets"": 1392}, {""horizon_s"": 3.6, ""horizon_samples"": 90, ""cc"": 0.5056124588999815, ""nrmse"": 0.8811402666812103, ""n_valid"": 1382, ""n_targets"": 1382}, {""horizon_s"": 4.0, ""horizon_samples"": 100, ""cc"": 0.43873851577610434, ""nrmse"": 0.9178540419732855, ""n_valid"": 1372, ""n_targets"": 1372}]",25,28,0.02000007678678039,True,0.0,419.81415911317,13,0.5200519999993958,1472,1406,True,ok,8,0.16,4,0.8,1.3,5.0,0.02,1.2805876020011056,,True,28b21612f7fd3496c2ffd324f9d46e2797ff9e88fee5b606fe168bcb0efbb312,c80a84caabde4ca8c7c5bd621bd4d4f90dad3549d19351a9441c504cf5c117b3,T30_23_00020,False,dc2de0c03036394091cb7c2b7c070947f7d1b458301f46d0881b102e3e922705
nan,23,sample_23.csv,T30,T30_23_00021,Awake,0,2,2,1206.980117,1267.179831,60,60.19971399999986,1500,24.997500250004045,30051,31551,30051,31551,T30/filtered_sessions/sample_23.csv,True,0,0.0,True,0.15673835974473366,True,0.38061386256493024,True,nan,0.5765272365996855,0.7219025874037487,0.7055718193597926,4.02023516543615,0.42525315544464176,2.090844738084002,0.8101040917314208,0.9706497048263629,0.8000799999990704,1.2801279999985127,True,True,True,True,True,,,,,18,"[{""horizon_s"": 0.04, ""horizon_samples"": 1, ""cc"": 0.9567403537149786, ""nrmse"": 0.29119557949942854, ""n_valid"": 1471, ""n_targets"": 1471}, {""horizon_s"": 0.08, ""horizon_samples"": 2, ""cc"": 0.907763097977644, ""nrmse"": 0.419977398618637, ""n_valid"": 1470, ""n_targets"": 1470}, {""horizon_s"": 0.12, ""horizon_samples"": 3, ""cc"": 0.9040669650896457, ""nrmse"": 0.42750381193540193, ""n_valid"": 1469, ""n_targets"": 1469}, {""horizon_s"": 0.16, ""horizon_samples"": 4, ""cc"": 0.8987094826060874, ""nrmse"": 0.43869356914282076, ""n_valid"": 1468, ""n_targets"": 1468}, {""horizon_s"": 0.2, ""horizon_samples"": 5, ""cc"": 0.8939079853891034, ""nrmse"": 0.4482230280816033, ""n_valid"": 1467, ""n_targets"": 1467}, {""horizon_s"": 0.28, ""horizon_samples"": 7, ""cc"": 0.8800725199787931, ""nrmse"": 0.4749455219289863, ""n_valid"": 1465, ""n_targets"": 1465}, {""horizon_s"": 0.4, ""horizon_samples"": 10, ""cc"": 0.8591989923458584, ""nrmse"": 0.5122219273867002, ""n_valid"": 1462, ""n_targets"": 1462}, {""horizon_s"": 0.6, ""horizon_samples"": 15, ""cc"": 0.7948305461407605, ""nrmse"": 0.6082438434927543, ""n_valid"": 1457, ""n_targets"": 1457}, {""horizon_s"": 0.8, ""horizon_samples"": 20, ""cc"": 0.729873644437838, ""nrmse"": 0.6883720699991983, ""n_valid"": 1452, ""n_targets"": 1452}, {""horizon_s"": 1.0, ""horizon_samples"": 25, ""cc"": 0.6567701121434097, ""nrmse"": 0.760778264997194, ""n_valid"": 1447, ""n_targets"": 1447}, {""horizon_s"": 1.2, ""horizon_samples"": 30, ""cc"": 0.5998220339888232, ""nrmse"": 0.811449320810837, ""n_valid"": 1442, ""n_targets"": 1442}, {""horizon_s"": 1.6, ""horizon_samples"": 40, ""cc"": 0.46565930047711457, ""nrmse"": 0.9063582531448173, ""n_valid"": 1432, ""n_targets"": 1432}, {""horizon_s"": 2.0, ""horizon_samples"": 50, ""cc"": 0.33997461529033796, ""nrmse"": 0.9736351768162831, ""n_valid"": 1422, ""n_targets"": 1422}, {""horizon_s"": 2.4, ""horizon_samples"": 60, ""cc"": 0.23342770129407467, ""nrmse"": 1.014622752062392, ""n_valid"": 1412, ""n_targets"": 1412}, {""horizon_s"": 2.8, ""horizon_samples"": 70, ""cc"": 0.17657764096220085, ""nrmse"": 1.0299075267521542, ""n_valid"": 1402, ""n_targets"": 1402}, {""horizon_s"": 3.2, ""horizon_samples"": 80, ""cc"": 0.07862065611064306, ""nrmse"": 1.0528204597250195, ""n_valid"": 1392, ""n_targets"": 1392}, {""horizon_s"": 3.6, ""horizon_samples"": 90, ""cc"": 0.02706694455748585, ""nrmse"": 1.0671820906903307, ""n_valid"": 1382, ""n_targets"": 1382}, {""horizon_s"": 4.0, ""horizon_samples"": 100, ""cc"": -0.025592333710459665, ""nrmse"": 1.068115978182918, ""n_valid"": 1372, ""n_targets"": 1372}]",25,28,0.02000007678678039,True,0.0,562.1691623309946,14,0.5600559999993493,1472,1426,True,ok,8,0.16,4,0.8,1.3,5.0,0.02,1.4120356509993144,,True,36c4d91acfee2f42d2c2992021a146aee806adab65e5f4993bc4bfd40a7974e7,2d052d6e9ceca2029d77490178e2f397ca633ae8ee7ac9fd8efbdccf5cdcd4d4,T30_23_00021,False,dc2de0c03036394091cb7c2b7c070947f7d1b458301f46d0881b102e3e922705
nan,23,sample_23.csv,T30,T30_23_00022,Awake,0,2,2,1267.219568,1327.419681,60,60.2001130000001,1500,24.997500250004045,31551,33051,31551,33051,T30/filtered_sessions/sample_23.csv,True,0,0.0,True,0.18253406861108296,True,0.21268755857414226,True,nan,0.6535932536759744,0.662794523792217,0.7076834477132025,3.889738855183329,0.4369390987186255,2.1002306805074973,0.9289883645436061,0.9692346479608495,0.8000799999990704,1.2801279999985127,True,True,True,True,True,,,,,18,"[{""horizon_s"": 0.04, ""horizon_samples"": 1, ""cc"": 0.9658219594644583, ""nrmse"": 0.25956208636070094, ""n_valid"": 1471, ""n_targets"": 1471}, {""horizon_s"": 0.08, ""horizon_samples"": 2, ""cc"": 0.9345130773882196, ""nrmse"": 0.35679914671976914, ""n_valid"": 1470, ""n_targets"": 1470}, {""horizon_s"": 0.12, ""horizon_samples"": 3, ""cc"": 0.9395102794380091, ""nrmse"": 0.3435731628197215, ""n_valid"": 1469, ""n_targets"": 1469}, {""horizon_s"": 0.16, ""horizon_samples"": 4, ""cc"": 0.9217995737334941, ""nrmse"": 0.3878319037400913, ""n_valid"": 1468, ""n_targets"": 1468}, {""horizon_s"": 0.2, ""horizon_samples"": 5, ""cc"": 0.9146178203235038, ""nrmse"": 0.40440353297677173, ""n_valid"": 1467, ""n_targets"": 1467}, {""horizon_s"": 0.28, ""horizon_samples"": 7, ""cc"": 0.9184626421264546, ""nrmse"": 0.3952890063248322, ""n_valid"": 1465, ""n_targets"": 1465}, {""horizon_s"": 0.4, ""horizon_samples"": 10, ""cc"": 0.8813995290307797, ""nrmse"": 0.47192219105486444, ""n_valid"": 1462, ""n_targets"": 1462}, {""horizon_s"": 0.6, ""horizon_samples"": 15, ""cc"": 0.8360836596692671, ""nrmse"": 0.5471935681506338, ""n_valid"": 1457, ""n_targets"": 1457}, {""horizon_s"": 0.8, ""horizon_samples"": 20, ""cc"": 0.7794286267704041, ""nrmse"": 0.6248542743479744, ""n_valid"": 1452, ""n_targets"": 1452}, {""horizon_s"": 1.0, ""horizon_samples"": 25, ""cc"": 0.7046136343912682, ""nrmse"": 0.7104669259811931, ""n_valid"": 1447, ""n_targets"": 1447}, {""horizon_s"": 1.2, ""horizon_samples"": 30, ""cc"": 0.6605135497942686, ""nrmse"": 0.75315072657438, ""n_valid"": 1442, ""n_targets"": 1442}, {""horizon_s"": 1.6, ""horizon_samples"": 40, ""cc"": 0.561356410201724, ""nrmse"": 0.8309735603820331, ""n_valid"": 1432, ""n_targets"": 1432}, {""horizon_s"": 2.0, ""horizon_samples"": 50, ""cc"": 0.48505207269022205, ""nrmse"": 0.882349076091601, ""n_valid"": 1422, ""n_targets"": 1422}, {""horizon_s"": 2.4, ""horizon_samples"": 60, ""cc"": 0.362133108479958, ""nrmse"": 0.950111560951503, ""n_valid"": 1412, ""n_targets"": 1412}, {""horizon_s"": 2.8, ""horizon_samples"": 70, ""cc"": 0.3131225379836687, ""nrmse"": 0.9738558802585898, ""n_valid"": 1402, ""n_targets"": 1402}, {""horizon_s"": 3.2, ""horizon_samples"": 80, ""cc"": 0.25965253277800426, ""nrmse"": 0.9891104915266916, ""n_valid"": 1392, ""n_targets"": 1392}, {""horizon_s"": 3.6, ""horizon_samples"": 90, ""cc"": 0.17164393115700996, ""nrmse"": 1.022665798194102, ""n_valid"": 1382, ""n_targets"": 1382}, {""horizon_s"": 4.0, ""horizon_samples"": 100, ""cc"": 0.1549536207468229, ""nrmse"": 1.0261885358044538, ""n_valid"": 1372, ""n_targets"": 1372}]",25,28,0.02000007678678039,True,0.0,522.5328071941356,15,0.6000599999993028,1472,1419,True,ok,8,0.16,4,0.8,1.3,5.0,0.02,1.66808137299995,,True,7e865040427b0f86c46cc19371d595c9d394420845321c78295381c906de1185,f6b1d39109e994f803524c6bf08645f3e14bf2f471ef4bbed324161687eb2fdb,T30_23_00022,False,dc2de0c03036394091cb7c2b7c070947f7d1b458301f46d0881b102e3e922705
nan,23,sample_23.csv,T30,T30_23_00024,Awake,0,3,3,1407.01955,1467.219616,60,60.200066000000106,1500,24.997500250004045,35032,36532,35032,36532,T30/filtered_sessions/sample_23.csv,True,0,0.0,True,0.35857955840038686,True,0.42690709672537663,True,nan,0.6701858408212022,0.6798964174709007,0.7137783750059989,4.07702850877193,0.6035417766473101,2.3392857142857144,0.8820811558179674,0.9864236078871046,0.8000799999990704,1.2801279999985127,True,True,True,True,True,,,,,18,"[{""horizon_s"": 0.04, ""horizon_samples"": 1, ""cc"": 0.948542915923397, ""nrmse"": 0.31551006155113925, ""n_valid"": 1471, ""n_targets"": 1471}, {""horizon_s"": 0.08, ""horizon_samples"": 2, ""cc"": 0.9012614561015833, ""nrmse"": 0.4311610271504044, ""n_valid"": 1470, ""n_targets"": 1470}, {""horizon_s"": 0.12, ""horizon_samples"": 3, ""cc"": 0.902207277743972, ""nrmse"": 0.4288214930624827, ""n_valid"": 1469, ""n_targets"": 1469}, {""horizon_s"": 0.16, ""horizon_samples"": 4, ""cc"": 0.8894057547517741, ""nrmse"": 0.45397346610823264, ""n_valid"": 1468, ""n_targets"": 1468}, {""horizon_s"": 0.2, ""horizon_samples"": 5, ""cc"": 0.8832630617591842, ""nrmse"": 0.4655389291778185, ""n_valid"": 1467, ""n_targets"": 1467}, {""horizon_s"": 0.28, ""horizon_samples"": 7, ""cc"": 0.8788035943224661, ""nrmse"": 0.4739421692212677, ""n_valid"": 1465, ""n_targets"": 1465}, {""horizon_s"": 0.4, ""horizon_samples"": 10, ""cc"": 0.8585237222326559, ""nrmse"": 0.5102605775385743, ""n_valid"": 1462, ""n_targets"": 1462}, {""horizon_s"": 0.6, ""horizon_samples"": 15, ""cc"": 0.7993455244214369, ""nrmse"": 0.5968472372526744, ""n_valid"": 1457, ""n_targets"": 1457}, {""horizon_s"": 0.8, ""horizon_samples"": 20, ""cc"": 0.7595951710618285, ""nrmse"": 0.6455717525318923, ""n_valid"": 1452, ""n_targets"": 1452}, {""horizon_s"": 1.0, ""horizon_samples"": 25, ""cc"": 0.698955913042295, ""nrmse"": 0.7119891549133768, ""n_valid"": 1447, ""n_targets"": 1447}, {""horizon_s"": 1.2, ""horizon_samples"": 30, ""cc"": 0.6635611698606995, ""nrmse"": 0.7457645812954377, ""n_valid"": 1442, ""n_targets"": 1442}, {""horizon_s"": 1.6, ""horizon_samples"": 40, ""cc"": 0.5965133929046462, ""nrmse"": 0.8052626498517415, ""n_valid"": 1432, ""n_targets"": 1432}, {""horizon_s"": 2.0, ""horizon_samples"": 50, ""cc"": 0.5278373207689597, ""nrmse"": 0.8574043999873147, ""n_valid"": 1422, ""n_targets"": 1422}, {""horizon_s"": 2.4, ""horizon_samples"": 60, ""cc"": 0.4913789690529873, ""nrmse"": 0.8817109307222798, ""n_valid"": 1412, ""n_targets"": 1412}, {""horizon_s"": 2.8, ""horizon_samples"": 70, ""cc"": 0.3929249304362392, ""nrmse"": 0.9419244636714074, ""n_valid"": 1402, ""n_targets"": 1402}, {""horizon_s"": 3.2, ""horizon_samples"": 80, ""cc"": 0.3733676449661686, ""nrmse"": 0.9503714945587127, ""n_valid"": 1392, ""n_targets"": 1392}, {""horizon_s"": 3.6, ""horizon_samples"": 90, ""cc"": 0.2762999276335883, ""nrmse"": 0.9987649875001138, ""n_valid"": 1382, ""n_targets"": 1382}, {""horizon_s"": 4.0, ""horizon_samples"": 100, ""cc"": 0.22155738779775802, ""nrmse"": 1.0233161383813436, ""n_valid"": 1372, ""n_targets"": 1372}]",25,28,0.02000007678678039,True,0.0,493.9572385031571,14,0.5600559999993493,1472,1421,True,ok,8,0.16,4,0.8,1.3,5.0,0.02,1.569734148999487,,True,6704c2d100d99ef297bca2bca384ef188929ffeeab9c0007b29b780e6dbee652,eb11c595e0c6b7a80bf2f202532331f360db196fa436681dcb19223bc461aaf4,T30_23_00024,False,dc2de0c03036394091cb7c2b7c070947f7d1b458301f46d0881b102e3e922705
nan,23,sample_23.csv,T30,T30_23_00025,Awake,0,3,3,1467.259714,1527.459784,60,60.20006999999987,1500,24.997500250004045,36532,38032,36532,38032,T30/filtered_sessions/sample_23.csv,True,0,0.0,True,0.2814576142235695,True,0.28721106669961866,True,nan,0.6957923394009795,0.6674682898871976,0.7020684359552719,3.9959027588090685,0.3914671017900849,2.083791033337591,0.8308449840134704,0.9769443620368156,0.8000799999990704,1.2801279999985127,True,True,True,True,True,,,,,18,"[{""horizon_s"": 0.04, ""horizon_samples"": 1, ""cc"": 0.9539567389194357, ""nrmse"": 0.3024096850325173, ""n_valid"": 1471, ""n_targets"": 1471}, {""horizon_s"": 0.08, ""horizon_samples"": 2, ""cc"": 0.9126864349210098, ""nrmse"": 0.4108729588372011, ""n_valid"": 1470, ""n_targets"": 1470}, {""horizon_s"": 0.12, ""horizon_samples"": 3, ""cc"": 0.9056873936662411, ""nrmse"": 0.42625329380742083, ""n_valid"": 1469, ""n_targets"": 1469}, {""horizon_s"": 0.16, ""horizon_samples"": 4, ""cc"": 0.8981396692832738, ""nrmse"": 0.44224305789875495, ""n_valid"": 1468, ""n_targets"": 1468}, {""horizon_s"": 0.2, ""horizon_samples"": 5, ""cc"": 0.8990018995810826, ""nrmse"": 0.4405983955845369, ""n_valid"": 1467, ""n_targets"": 1467}, {""horizon_s"": 0.28, ""horizon_samples"": 7, ""cc"": 0.8834721346519072, ""nrmse"": 0.47155016026417296, ""n_valid"": 1465, ""n_targets"": 1465}, {""horizon_s"": 0.4, ""horizon_samples"": 10, ""cc"": 0.8738485105966939, ""nrmse"": 0.4889043069230476, ""n_valid"": 1462, ""n_targets"": 1462}, {""horizon_s"": 0.6, ""horizon_samples"": 15, ""cc"": 0.8248570692086378, ""nrmse"": 0.5698478011888587, ""n_valid"": 1457, ""n_targets"": 1457}, {""horizon_s"": 0.8, ""horizon_samples"": 20, ""cc"": 0.7823382483860298, ""nrmse"": 0.6289709472668202, ""n_valid"": 1452, ""n_targets"": 1452}, {""horizon_s"": 1.0, ""horizon_samples"": 25, ""cc"": 0.7137518250748907, ""nrmse"": 0.7108065781336345, ""n_valid"": 1447, ""n_targets"": 1447}, {""horizon_s"": 1.2, ""horizon_samples"": 30, ""cc"": 0.7055443956585069, ""nrmse"": 0.7189786375537679, ""n_valid"": 1442, ""n_targets"": 1442}, {""horizon_s"": 1.6, ""horizon_samples"": 40, ""cc"": 0.6136238418296448, ""nrmse"": 0.8058477017125053, ""n_valid"": 1432, ""n_targets"": 1432}, {""horizon_s"": 2.0, ""horizon_samples"": 50, ""cc"": 0.550559899178105, ""nrmse"": 0.8540594193954777, ""n_valid"": 1422, ""n_targets"": 1422}, {""horizon_s"": 2.4, ""horizon_samples"": 60, ""cc"": 0.49292441966154654, ""nrmse"": 0.8948377347349219, ""n_valid"": 1412, ""n_targets"": 1412}, {""horizon_s"": 2.8, ""horizon_samples"": 70, ""cc"": 0.43237219028457996, ""nrmse"": 0.9323549157408281, ""n_valid"": 1402, ""n_targets"": 1402}, {""horizon_s"": 3.2, ""horizon_samples"": 80, ""cc"": 0.3812123651676368, ""nrmse"": 0.9598923324579085, ""n_valid"": 1392, ""n_targets"": 1392}, {""horizon_s"": 3.6, ""horizon_samples"": 90, ""cc"": 0.3562357332544867, ""nrmse"": 0.9753995893544931, ""n_valid"": 1382, ""n_targets"": 1382}, {""horizon_s"": 4.0, ""horizon_samples"": 100, ""cc"": 0.3440493398939231, ""nrmse"": 0.9806017020826896, ""n_valid"": 1372, ""n_targets"": 1372}]",25,28,0.02000007678678039,True,0.0,403.6193998133623,14,0.5600559999993493,1472,1417,True,ok,8,0.16,4,0.8,1.3,5.0,0.02,1.3097083100001328,,True,2708621293b6e147e23c8d6e3352bc74bb48ba3a768b31a881595aa5d52ea355,ba88894dc2e15cf017510a41ec4113593285ec691e7b81449f8c68e1aa9b24ea,T30_23_00025,False,dc2de0c03036394091cb7c2b7c070947f7d1b458301f46d0881b102e3e922705
nan,23,sample_23.csv,T30,T30_23_00017,Awake,0,2,2,966.0198407,1026.219749,60,60.19990830000006,1500,24.997500250004045,24051,25551,24051,25551,T30/filtered_sessions/sample_23.csv,True,0,0.0,True,0.300632462828476,True,0.3141916905041594,True,nan,0.7342872733667488,0.6324350755225373,0.7052358784853866,3.8691416535018432,0.38899553678552573,2.0831405808275507,0.7638180807406463,0.9880516725770763,0.8000799999990704,1.2801279999985127,True,True,True,True,True,,,,,18,"[{""horizon_s"": 0.04, ""horizon_samples"": 1, ""cc"": 0.9515253958641035, ""nrmse"": 0.3070662904033291, ""n_valid"": 1471, ""n_targets"": 1471}, {""horizon_s"": 0.08, ""horizon_samples"": 2, ""cc"": 0.9075061545675525, ""nrmse"": 0.41995675985390357, ""n_valid"": 1470, ""n_targets"": 1470}, {""horizon_s"": 0.12, ""horizon_samples"": 3, ""cc"": 0.9033600689324028, ""nrmse"": 0.4286214925701611, ""n_valid"": 1469, ""n_targets"": 1469}, {""horizon_s"": 0.16, ""horizon_samples"": 4, ""cc"": 0.9020635893566871, ""nrmse"": 0.4309731195841154, ""n_valid"": 1468, ""n_targets"": 1468}, {""horizon_s"": 0.2, ""horizon_samples"": 5, ""cc"": 0.904259081358396, ""nrmse"": 0.42620596509131764, ""n_valid"": 1467, ""n_targets"": 1467}, {""horizon_s"": 0.28, ""horizon_samples"": 7, ""cc"": 0.8818541982195973, ""nrmse"": 0.47206985020440734, ""n_valid"": 1465, ""n_targets"": 1465}, {""horizon_s"": 0.4, ""horizon_samples"": 10, ""cc"": 0.8703105914229347, ""nrmse"": 0.4925749461503583, ""n_valid"": 1462, ""n_targets"": 1462}, {""horizon_s"": 0.6, ""horizon_samples"": 15, ""cc"": 0.816596668243372, ""nrmse"": 0.580055175154063, ""n_valid"": 1457, ""n_targets"": 1457}, {""horizon_s"": 0.8, ""horizon_samples"": 20, ""cc"": 0.7884224267619105, ""nrmse"": 0.6187574311692756, ""n_valid"": 1452, ""n_targets"": 1452}, {""horizon_s"": 1.0, ""horizon_samples"": 25, ""cc"": 0.758032590172391, ""nrmse"": 0.6563756361762721, ""n_valid"": 1447, ""n_targets"": 1447}, {""horizon_s"": 1.2, ""horizon_samples"": 30, ""cc"": 0.739027778277362, ""nrmse"": 0.6775951733979267, ""n_valid"": 1442, ""n_targets"": 1442}, {""horizon_s"": 1.6, ""horizon_samples"": 40, ""cc"": 0.680114558245836, ""nrmse"": 0.7364889948328115, ""n_valid"": 1432, ""n_targets"": 1432}, {""horizon_s"": 2.0, ""horizon_samples"": 50, ""cc"": 0.631288548188733, ""nrmse"": 0.7818013065868367, ""n_valid"": 1422, ""n_targets"": 1422}, {""horizon_s"": 2.4, ""horizon_samples"": 60, ""cc"": 0.6068884916043985, ""nrmse"": 0.8015021202922106, ""n_valid"": 1412, ""n_targets"": 1412}, {""horizon_s"": 2.8, ""horizon_samples"": 70, ""cc"": 0.56476102320089, ""nrmse"": 0.8330665186429163, ""n_valid"": 1402, ""n_targets"": 1402}, {""horizon_s"": 3.2, ""horizon_samples"": 80, ""cc"": 0.5234730381492705, ""nrmse"": 0.8560121386025269, ""n_valid"": 1392, ""n_targets"": 1392}, {""horizon_s"": 3.6, ""horizon_samples"": 90, ""cc"": 0.4307550959096891, ""nrmse"": 0.9152438282303514, ""n_valid"": 1382, ""n_targets"": 1382}, {""horizon_s"": 4.0, ""horizon_samples"": 100, ""cc"": 0.35693162212595114, ""nrmse"": 0.9494646124628889, ""n_valid"": 1372, ""n_targets"": 1372}]",25,28,0.02000007678678039,True,0.0,424.55944769899895,14,0.5600559999993493,1472,1422,True,ok,8,0.16,4,0.8,1.3,5.0,0.02,3.193064521001361,,True,1d94ceb3822063fdc5d0d15404edd6f90fb5ac0a2cad5cebacce2327dbff80a3,d170bbd875c7094bcd895a1ebae9864e96b2be089be9dcad4a3b04c98b8f875c,T30_23_00017,False,dc2de0c03036394091cb7c2b7c070947f7d1b458301f46d0881b102e3e922705
nan,23,sample_23.csv,T30,T30_23_00027,Awake,0,3,3,1587.74012,1647.940456,60,60.20033600000011,1500,24.997500250004045,39532,41032,39532,41032,T30/filtered_sessions/sample_23.csv,True,0,0.0,True,0.49552261416716453,False,0.8523705281049435,True,nan,0.6089576873592351,0.7232635628132597,0.6985170609972645,3.976775956284153,0.5602293996256659,2.242747358309318,0.813127867245665,0.9805475798350045,0.8000799999990704,1.2801279999985127,True,True,True,True,True,,,,,18,"[{""horizon_s"": 0.04, ""horizon_samples"": 1, ""cc"": 0.9489845691620047, ""nrmse"": 0.31845534859424074, ""n_valid"": 1471, ""n_targets"": 1471}, {""horizon_s"": 0.08, ""horizon_samples"": 2, ""cc"": 0.9035602749010619, ""nrmse"": 0.43303643816726894, ""n_valid"": 1470, ""n_targets"": 1470}, {""horizon_s"": 0.12, ""horizon_samples"": 3, ""cc"": 0.9105857231813471, ""nrmse"": 0.41916952607230545, ""n_valid"": 1469, ""n_targets"": 1469}, {""horizon_s"": 0.16, ""horizon_samples"": 4, ""cc"": 0.8990188945321212, ""nrmse"": 0.442415179475148, ""n_valid"": 1468, ""n_targets"": 1468}, {""horizon_s"": 0.2, ""horizon_samples"": 5, ""cc"": 0.8938772391650895, ""nrmse"": 0.4518993856343535, ""n_valid"": 1467, ""n_targets"": 1467}, {""horizon_s"": 0.28, ""horizon_samples"": 7, ""cc"": 0.8757715535430697, ""nrmse"": 0.48602971123020344, ""n_valid"": 1465, ""n_targets"": 1465}, {""horizon_s"": 0.4, ""horizon_samples"": 10, ""cc"": 0.8569913806295795, ""nrmse"": 0.5187723615246831, ""n_valid"": 1462, ""n_targets"": 1462}, {""horizon_s"": 0.6, ""horizon_samples"": 15, ""cc"": 0.7875281536026066, ""nrmse"": 0.6222190378714495, ""n_valid"": 1457, ""n_targets"": 1457}, {""horizon_s"": 0.8, ""horizon_samples"": 20, ""cc"": 0.7202456740885712, ""nrmse"": 0.7000467309585469, ""n_valid"": 1452, ""n_targets"": 1452}, {""horizon_s"": 1.0, ""horizon_samples"": 25, ""cc"": 0.6194696433020762, ""nrmse"": 0.7944576703746601, ""n_valid"": 1447, ""n_targets"": 1447}, {""horizon_s"": 1.2, ""horizon_samples"": 30, ""cc"": 0.5969989399188659, ""nrmse"": 0.8138706434781408, ""n_valid"": 1442, ""n_targets"": 1442}, {""horizon_s"": 1.6, ""horizon_samples"": 40, ""cc"": 0.5017639455337493, ""nrmse"": 0.8836881331071645, ""n_valid"": 1432, ""n_targets"": 1432}, {""horizon_s"": 2.0, ""horizon_samples"": 50, ""cc"": 0.3735648967134649, ""nrmse"": 0.9614434386148353, ""n_valid"": 1422, ""n_targets"": 1422}, {""horizon_s"": 2.4, ""horizon_samples"": 60, ""cc"": 0.3149827107040976, ""nrmse"": 0.990554977482929, ""n_valid"": 1412, ""n_targets"": 1412}, {""horizon_s"": 2.8, ""horizon_samples"": 70, ""cc"": 0.2862636127004983, ""nrmse"": 1.0049115564207411, ""n_valid"": 1402, ""n_targets"": 1402}, {""horizon_s"": 3.2, ""horizon_samples"": 80, ""cc"": 0.22077561171853705, ""nrmse"": 1.031125305442567, ""n_valid"": 1392, ""n_targets"": 1392}, {""horizon_s"": 3.6, ""horizon_samples"": 90, ""cc"": 0.13905480565371478, ""nrmse"": 1.0670729587420842, ""n_valid"": 1382, ""n_targets"": 1382}, {""horizon_s"": 4.0, ""horizon_samples"": 100, ""cc"": 0.11180074341577459, ""nrmse"": 1.0795757274473496, ""n_valid"": 1372, ""n_targets"": 1372}]",25,28,0.02000007678678039,True,0.0,463.08812220984606,14,0.5600559999993493,1472,1430,True,ok,8,0.16,4,0.8,1.3,5.0,0.02,1.2848964309996518,,True,69029e8be2e63cc93190f55a280d406fb48abce593187e983ad94fde0ebe8448,6be28dc7e4ef0269df90d70b771384e4606f5ac002e5d52d21b0ae41b3199bd5,T30_23_00027,False,dc2de0c03036394091cb7c2b7c070947f7d1b458301f46d0881b102e3e922705
nan,23,sample_23.csv,T30,T30_23_00023,Awake,0,3,3,1346.813393,1406.97989,60,60.16649700000016,1500,24.997500250004045,33532,35032,33532,35032,T30/filtered_sessions/sample_23.csv,True,0,0.0,True,0.18737706977679533,True,0.14588159671072032,True,nan,0.6525854884739597,0.6869848341179692,0.683495704755963,3.8901939360830373,0.42203772136104045,2.1210805595754945,0.8424447862085015,0.9506709155374575,0.8000799999990704,1.2801279999985127,True,True,True,True,True,,,,,18,"[{""horizon_s"": 0.04, ""horizon_samples"": 1, ""cc"": 0.9504943841776565, ""nrmse"": 0.30820481009581296, ""n_valid"": 1471, ""n_targets"": 1471}, {""horizon_s"": 0.08, ""horizon_samples"": 2, ""cc"": 0.901455518557108, ""nrmse"": 0.42950302176289895, ""n_valid"": 1470, ""n_targets"": 1470}, {""horizon_s"": 0.12, ""horizon_samples"": 3, ""cc"": 0.8961311869610157, ""nrmse"": 0.43958092437745855, ""n_valid"": 1469, ""n_targets"": 1469}, {""horizon_s"": 0.16, ""horizon_samples"": 4, ""cc"": 0.8875216420139821, ""nrmse"": 0.4561926298711202, ""n_valid"": 1468, ""n_targets"": 1468}, {""horizon_s"": 0.2, ""horizon_samples"": 5, ""cc"": 0.8866505608245383, ""nrmse"": 0.45746849097602515, ""n_valid"": 1467, ""n_targets"": 1467}, {""horizon_s"": 0.28, ""horizon_samples"": 7, ""cc"": 0.8753235839213179, ""nrmse"": 0.4793222432249774, ""n_valid"": 1465, ""n_targets"": 1465}, {""horizon_s"": 0.4, ""horizon_samples"": 10, ""cc"": 0.8583530530874123, ""nrmse"": 0.5081813725114891, ""n_valid"": 1462, ""n_targets"": 1462}, {""horizon_s"": 0.6, ""horizon_samples"": 15, ""cc"": 0.8042715404566094, ""nrmse"": 0.5912886378860694, ""n_valid"": 1457, ""n_targets"": 1457}, {""horizon_s"": 0.8, ""horizon_samples"": 20, ""cc"": 0.7672268566115813, ""nrmse"": 0.6375204649126458, ""n_valid"": 1452, ""n_targets"": 1452}, {""horizon_s"": 1.0, ""horizon_samples"": 25, ""cc"": 0.7038931917448424, ""nrmse"": 0.7071640444045035, ""n_valid"": 1447, ""n_targets"": 1447}, {""horizon_s"": 1.2, ""horizon_samples"": 30, ""cc"": 0.6661172204532356, ""nrmse"": 0.7459839344774842, ""n_valid"": 1442, ""n_targets"": 1442}, {""horizon_s"": 1.6, ""horizon_samples"": 40, ""cc"": 0.605112430111986, ""nrmse"": 0.7953288549760162, ""n_valid"": 1432, ""n_targets"": 1432}, {""horizon_s"": 2.0, ""horizon_samples"": 50, ""cc"": 0.5009960053650907, ""nrmse"": 0.8756176397515558, ""n_valid"": 1422, ""n_targets"": 1422}, {""horizon_s"": 2.4, ""horizon_samples"": 60, ""cc"": 0.42024431081012453, ""nrmse"": 0.9224120694705237, ""n_valid"": 1412, ""n_targets"": 1412}, {""horizon_s"": 2.8, ""horizon_samples"": 70, ""cc"": 0.348049655847985, ""nrmse"": 0.9614090697881206, ""n_valid"": 1402, ""n_targets"": 1402}, {""horizon_s"": 3.2, ""horizon_samples"": 80, ""cc"": 0.2774039605213314, ""nrmse"": 0.9950256435368758, ""n_valid"": 1392, ""n_targets"": 1392}, {""horizon_s"": 3.6, ""horizon_samples"": 90, ""cc"": 0.2138196245117966, ""nrmse"": 1.0214699713893503, ""n_valid"": 1382, ""n_targets"": 1382}, {""horizon_s"": 4.0, ""horizon_samples"": 100, ""cc"": 0.18347406655366197, ""nrmse"": 1.0340531907105177, ""n_valid"": 1372, ""n_targets"": 1372}]",25,28,0.02000007678678039,True,0.0,489.7336592794103,14,0.5600559999993493,1472,1416,True,ok,8,0.16,4,0.8,1.3,5.0,0.02,2.137984459999643,,True,2f1d6431a42af44f93788ca28c731c43f51d57b47005bfb498b16a484f83038d,616705058df241947a1fafe533712b8282571c6f5748bef467fe601de3f8f9c5,T30_23_00023,False,dc2de0c03036394091cb7c2b7c070947f7d1b458301f46d0881b102e3e922705
nan,23,sample_23.csv,T30,T30_23_00028,Awake,0,3,3,1647.980536,1708.179652,60,60.199116000000004,1500,24.997500250004045,41032,42532,41032,42532,T30/filtered_sessions/sample_23.csv,True,0,0.0,True,0.28239614113799666,True,0.260178113262618,True,nan,0.6653197166599099,0.6899486141525633,0.7037961318807889,3.8239895697522814,0.3873158324134952,2.060114869176771,0.7660392089035152,0.9826593867316009,0.8000799999990704,1.2801279999985127,True,True,True,True,True,,,,,18,"[{""horizon_s"": 0.04, ""horizon_samples"": 1, ""cc"": 0.9490676444852116, ""nrmse"": 0.3154172836447758, ""n_valid"": 1471, ""n_targets"": 1471}, {""horizon_s"": 0.08, ""horizon_samples"": 2, ""cc"": 0.9028746079412932, ""nrmse"": 0.43014205302799574, ""n_valid"": 1470, ""n_targets"": 1470}, {""horizon_s"": 0.12, ""horizon_samples"": 3, ""cc"": 0.9001441816009097, ""nrmse"": 0.43581201944990755, ""n_valid"": 1469, ""n_targets"": 1469}, {""horizon_s"": 0.16, ""horizon_samples"": 4, ""cc"": 0.8880563930236129, ""nrmse"": 0.4604972664576139, ""n_valid"": 1468, ""n_targets"": 1468}, {""horizon_s"": 0.2, ""horizon_samples"": 5, ""cc"": 0.8818652649285064, ""nrmse"": 0.47271638599841936, ""n_valid"": 1467, ""n_targets"": 1467}, {""horizon_s"": 0.28, ""horizon_samples"": 7, ""cc"": 0.8671867871324315, ""nrmse"": 0.5000066217107481, ""n_valid"": 1465, ""n_targets"": 1465}, {""horizon_s"": 0.4, ""horizon_samples"": 10, ""cc"": 0.8557345179792335, ""nrmse"": 0.5194093951767635, ""n_valid"": 1462, ""n_targets"": 1462}, {""horizon_s"": 0.6, ""horizon_samples"": 15, ""cc"": 0.8013695674142026, ""nrmse"": 0.6016560580937863, ""n_valid"": 1457, ""n_targets"": 1457}, {""horizon_s"": 0.8, ""horizon_samples"": 20, ""cc"": 0.7730295646061027, ""nrmse"": 0.6387675418201787, ""n_valid"": 1452, ""n_targets"": 1452}, {""horizon_s"": 1.0, ""horizon_samples"": 25, ""cc"": 0.6974214799019086, ""nrmse"": 0.7242105061677901, ""n_valid"": 1447, ""n_targets"": 1447}, {""horizon_s"": 1.2, ""horizon_samples"": 30, ""cc"": 0.6694025652548349, ""nrmse"": 0.7514401078671972, ""n_valid"": 1442, ""n_targets"": 1442}, {""horizon_s"": 1.6, ""horizon_samples"": 40, ""cc"": 0.605000164620954, ""nrmse"": 0.8094179324137459, ""n_valid"": 1432, ""n_targets"": 1432}, {""horizon_s"": 2.0, ""horizon_samples"": 50, ""cc"": 0.5116987517043006, ""nrmse"": 0.880927065519511, ""n_valid"": 1422, ""n_targets"": 1422}, {""horizon_s"": 2.4, ""horizon_samples"": 60, ""cc"": 0.4382007985969187, ""nrmse"": 0.9274959049263667, ""n_valid"": 1412, ""n_targets"": 1412}, {""horizon_s"": 2.8, ""horizon_samples"": 70, ""cc"": 0.3807095667959606, ""nrmse"": 0.9556340860090633, ""n_valid"": 1402, ""n_targets"": 1402}, {""horizon_s"": 3.2, ""horizon_samples"": 80, ""cc"": 0.30545711341747167, ""nrmse"": 0.9937252112205526, ""n_valid"": 1392, ""n_targets"": 1392}, {""horizon_s"": 3.6, ""horizon_samples"": 90, ""cc"": 0.30674200157135356, ""nrmse"": 0.9889933515793263, ""n_valid"": 1382, ""n_targets"": 1382}, {""horizon_s"": 4.0, ""horizon_samples"": 100, ""cc"": 0.24179392890316864, ""nrmse"": 1.0128062636623945, ""n_valid"": 1372, ""n_targets"": 1372}]",25,28,0.02000007678678039,True,0.0,417.9944463743955,14,0.5600559999993493,1472,1401,True,ok,8,0.16,4,0.8,1.3,5.0,0.02,1.451033487001041,,True,eb1f7f49a46a7b32f92a5e10c4a864907674d8a8279eb117f5a83df7fe46ffe7,2a9900936fd36ef191bcb17584ab3dc75dbf5983244a202bd133d5daceb75208,T30_23_00028,False,dc2de0c03036394091cb7c2b7c070947f7d1b458301f46d0881b102e3e922705
nan,23,sample_23.csv,T30,T30_23_00030,Awake,0,3,3,1768.460056,1828.659628,60,60.19957200000022,1500,24.997500250004045,44032,45532,44032,45532,T30/filtered_sessions/sample_23.csv,True,0,0.0,True,0.4903976308695771,True,0.41051363140887903,True,nan,0.7366621631800804,0.6366737910579556,0.7064356673225513,4.135993256532734,0.3532418294380189,2.144667832167832,0.7202924134192715,0.974604300010302,0.8000799999990704,1.2801279999985127,True,True,True,True,True,,,,,18,"[{""horizon_s"": 0.04, ""horizon_samples"": 1, ""cc"": 0.9475140516507691, ""nrmse"": 0.32076101386276823, ""n_valid"": 1471, ""n_targets"": 1471}, {""horizon_s"": 0.08, ""horizon_samples"": 2, ""cc"": 0.9040330219955568, ""nrmse"": 0.4280540433930629, ""n_valid"": 1470, ""n_targets"": 1470}, {""horizon_s"": 0.12, ""horizon_samples"": 3, ""cc"": 0.9049474803863721, ""nrmse"": 0.42590680046714696, ""n_valid"": 1469, ""n_targets"": 1469}, {""horizon_s"": 0.16, ""horizon_samples"": 4, ""cc"": 0.8974307799585644, ""nrmse"": 0.4414831489061758, ""n_valid"": 1468, ""n_targets"": 1468}, {""horizon_s"": 0.2, ""horizon_samples"": 5, ""cc"": 0.8895811533175141, ""nrmse"": 0.4574451430407229, ""n_valid"": 1467, ""n_targets"": 1467}, {""horizon_s"": 0.28, ""horizon_samples"": 7, ""cc"": 0.8845795844845408, ""nrmse"": 0.4671131788264694, ""n_valid"": 1465, ""n_targets"": 1465}, {""horizon_s"": 0.4, ""horizon_samples"": 10, ""cc"": 0.8715400488947087, ""nrmse"": 0.4911591404904624, ""n_valid"": 1462, ""n_targets"": 1462}, {""horizon_s"": 0.6, ""horizon_samples"": 15, ""cc"": 0.8345219044717326, ""nrmse"": 0.5526774013475186, ""n_valid"": 1457, ""n_targets"": 1457}, {""horizon_s"": 0.8, ""horizon_samples"": 20, ""cc"": 0.7949170256009409, ""nrmse"": 0.6082002942954506, ""n_valid"": 1452, ""n_targets"": 1452}, {""horizon_s"": 1.0, ""horizon_samples"": 25, ""cc"": 0.7422466219387197, ""nrmse"": 0.6732329280436712, ""n_valid"": 1447, ""n_targets"": 1447}, {""horizon_s"": 1.2, ""horizon_samples"": 30, ""cc"": 0.7114493986735888, ""nrmse"": 0.7064057342202691, ""n_valid"": 1442, ""n_targets"": 1442}, {""horizon_s"": 1.6, ""horizon_samples"": 40, ""cc"": 0.6469396352097506, ""nrmse"": 0.7700251468077186, ""n_valid"": 1432, ""n_targets"": 1432}, {""horizon_s"": 2.0, ""horizon_samples"": 50, ""cc"": 0.6067483018598668, ""nrmse"": 0.8072832595571858, ""n_valid"": 1422, ""n_targets"": 1422}, {""horizon_s"": 2.4, ""horizon_samples"": 60, ""cc"": 0.5643223104820203, ""nrmse"": 0.8377735302313104, ""n_valid"": 1412, ""n_targets"": 1412}, {""horizon_s"": 2.8, ""horizon_samples"": 70, ""cc"": 0.5378411534585271, ""nrmse"": 0.8574391712972342, ""n_valid"": 1402, ""n_targets"": 1402}, {""horizon_s"": 3.2, ""horizon_samples"": 80, ""cc"": 0.5237336815531232, ""nrmse"": 0.8635112529149596, ""n_valid"": 1392, ""n_targets"": 1392}, {""horizon_s"": 3.6, ""horizon_samples"": 90, ""cc"": 0.5078034429960853, ""nrmse"": 0.8698062946486044, ""n_valid"": 1382, ""n_targets"": 1382}, {""horizon_s"": 4.0, ""horizon_samples"": 100, ""cc"": 0.4897693403090645, ""nrmse"": 0.8818507566924684, ""n_valid"": 1372, ""n_targets"": 1372}]",25,28,0.02000007678678039,True,0.0,398.66012029523165,13,0.5200519999993958,1472,1415,True,ok,8,0.16,4,0.8,1.3,5.0,0.02,1.3296716309996555,,True,5a0f95f09c8e7e7942d9221b83966daba05fec4a637cc1c82bca6e9359254b8d,b41d1eb0f7f858e8c627cd4ad31b6264c5f79696e40689e7f0ee411661dee712,T30_23_00030,False,dc2de0c03036394091cb7c2b7c070947f7d1b458301f46d0881b102e3e922705
nan,23,sample_23.csv,T30,T30_23_00032,Awake,0,3,3,1888.92958,1949.119783,60,60.19020300000011,1500,24.997500250004045,47032,48532,47032,48532,T30/filtered_sessions/sample_23.csv,True,0,0.0,True,0.3188485480690633,False,0.5708614341782018,True,nan,0.5584433141423444,0.7420991607454899,0.6842155780582617,3.878400435255713,0.5508470509190383,2.240484091352723,0.8517682931580186,0.9553837466172175,0.8000799999990704,1.2801279999985127,True,True,True,True,True,,,,,18,"[{""horizon_s"": 0.04, ""horizon_samples"": 1, ""cc"": 0.9486218517971496, ""nrmse"": 0.3192835157322439, ""n_valid"": 1471, ""n_targets"": 1471}, {""horizon_s"": 0.08, ""horizon_samples"": 2, ""cc"": 0.9041732027962182, ""nrmse"": 0.4304994101633092, ""n_valid"": 1470, ""n_targets"": 1470}, {""horizon_s"": 0.12, ""horizon_samples"": 3, ""cc"": 0.9093580241911045, ""nrmse"": 0.4199734842047704, ""n_valid"": 1469, ""n_targets"": 1469}, {""horizon_s"": 0.16, ""horizon_samples"": 4, ""cc"": 0.8995340235749097, ""nrmse"": 0.43951776956590066, ""n_valid"": 1468, ""n_targets"": 1468}, {""horizon_s"": 0.2, ""horizon_samples"": 5, ""cc"": 0.8873083660210721, ""nrmse"": 0.4625661152769189, ""n_valid"": 1467, ""n_targets"": 1467}, {""horizon_s"": 0.28, ""horizon_samples"": 7, ""cc"": 0.8726558397199865, ""nrmse"": 0.4896235513762152, ""n_valid"": 1465, ""n_targets"": 1465}, {""horizon_s"": 0.4, ""horizon_samples"": 10, ""cc"": 0.8492034706642667, ""nrmse"": 0.5293624276418752, ""n_valid"": 1462, ""n_targets"": 1462}, {""horizon_s"": 0.6, ""horizon_samples"": 15, ""cc"": 0.7662547321732348, ""nrmse"": 0.6455838038232914, ""n_valid"": 1457, ""n_targets"": 1457}, {""horizon_s"": 0.8, ""horizon_samples"": 20, ""cc"": 0.6908162960303424, ""nrmse"": 0.7287148194196075, ""n_valid"": 1452, ""n_targets"": 1452}, {""horizon_s"": 1.0, ""horizon_samples"": 25, ""cc"": 0.6023261658363429, ""nrmse"": 0.8055964152325146, ""n_valid"": 1447, ""n_targets"": 1447}, {""horizon_s"": 1.2, ""horizon_samples"": 30, ""cc"": 0.5488647021055477, ""nrmse"": 0.8484816665265804, ""n_valid"": 1442, ""n_targets"": 1442}, {""horizon_s"": 1.6, ""horizon_samples"": 40, ""cc"": 0.45732368439707044, ""nrmse"": 0.9100953902854135, ""n_valid"": 1432, ""n_targets"": 1432}, {""horizon_s"": 2.0, ""horizon_samples"": 50, ""cc"": 0.3316630648243617, ""nrmse"": 0.9758903282511058, ""n_valid"": 1422, ""n_targets"": 1422}, {""horizon_s"": 2.4, ""horizon_samples"": 60, ""cc"": 0.2909970159402863, ""nrmse"": 0.9941961395232795, ""n_valid"": 1412, ""n_targets"": 1412}, {""horizon_s"": 2.8, ""horizon_samples"": 70, ""cc"": 0.19490002135650894, ""nrmse"": 1.033197721844726, ""n_valid"": 1402, ""n_targets"": 1402}, {""horizon_s"": 3.2, ""horizon_samples"": 80, ""cc"": 0.06704421741505162, ""nrmse"": 1.078893250917151, ""n_valid"": 1392, ""n_targets"": 1392}, {""horizon_s"": 3.6, ""horizon_samples"": 90, ""cc"": -0.054607132792731196, ""nrmse"": 1.1170336962088272, ""n_valid"": 1382, ""n_targets"": 1382}, {""horizon_s"": 4.0, ""horizon_samples"": 100, ""cc"": -0.11445789148852634, ""nrmse"": 1.129275387425087, ""n_valid"": 1372, ""n_targets"": 1372}]",25,28,0.02000007678678039,True,0.0,397.8019025536784,14,0.5600559999993493,1472,1415,True,ok,8,0.16,4,0.8,1.3,5.0,0.02,1.300038607998431,,True,8313afeaa83fe27738499751a1108868c3d4dda881f8e40bb26a3c88b758a042,da27ac76fb608959e77be3fecdb6ca7afce3379caadb430b13539964ea4654ba,T30_23_00032,False,dc2de0c03036394091cb7c2b7c070947f7d1b458301f46d0881b102e3e922705
nan,23,sample_23.csv,T30,T30_23_00033,Awake,0,3,3,1949.159918,2009.360133,60,60.200214999999844,1500,24.997500250004045,48532,50032,48532,50032,T30/filtered_sessions/sample_23.csv,True,0,0.0,True,0.17134840476819854,True,0.4406641223663325,True,nan,0.591924470727701,0.7314522128985556,0.6953016269136632,3.914617670899757,0.42210970869127035,2.1056978692841755,0.9767328560369143,0.9768223256003182,0.8000799999990704,1.2801279999985127,True,True,True,True,True,,,,,18,"[{""horizon_s"": 0.04, ""horizon_samples"": 1, ""cc"": 0.9484443963390652, ""nrmse"": 0.31767044374633047, ""n_valid"": 1471, ""n_targets"": 1471}, {""horizon_s"": 0.08, ""horizon_samples"": 2, ""cc"": 0.8954020894494298, ""nrmse"": 0.4450813873500388, ""n_valid"": 1470, ""n_targets"": 1470}, {""horizon_s"": 0.12, ""horizon_samples"": 3, ""cc"": 0.8869268141475783, ""nrmse"": 0.46159647054636466, ""n_valid"": 1469, ""n_targets"": 1469}, {""horizon_s"": 0.16, ""horizon_samples"": 4, ""cc"": 0.8748030805375431, ""nrmse"": 0.4842360649747459, ""n_valid"": 1468, ""n_targets"": 1468}, {""horizon_s"": 0.2, ""horizon_samples"": 5, ""cc"": 0.8666737417722761, ""nrmse"": 0.498946020629862, ""n_valid"": 1467, ""n_targets"": 1467}, {""horizon_s"": 0.28, ""horizon_samples"": 7, ""cc"": 0.8682954890002779, ""nrmse"": 0.49625224735007367, ""n_valid"": 1465, ""n_targets"": 1465}, {""horizon_s"": 0.4, ""horizon_samples"": 10, ""cc"": 0.835175666802493, ""nrmse"": 0.5513687208884629, ""n_valid"": 1462, ""n_targets"": 1462}, {""horizon_s"": 0.6, ""horizon_samples"": 15, ""cc"": 0.7834633596191827, ""nrmse"": 0.6256441911519663, ""n_valid"": 1457, ""n_targets"": 1457}, {""horizon_s"": 0.8, ""horizon_samples"": 20, ""cc"": 0.7557947831960043, ""nrmse"": 0.6590436446635328, ""n_valid"": 1452, ""n_targets"": 1452}, {""horizon_s"": 1.0, ""horizon_samples"": 25, ""cc"": 0.6459591035258594, ""nrmse"": 0.7744605214121487, ""n_valid"": 1447, ""n_targets"": 1447}, {""horizon_s"": 1.2, ""horizon_samples"": 30, ""cc"": 0.6036816637299236, ""nrmse"": 0.8122856084845417, ""n_valid"": 1442, ""n_targets"": 1442}, {""horizon_s"": 1.6, ""horizon_samples"": 40, ""cc"": 0.522049000403547, ""nrmse"": 0.8677849184910015, ""n_valid"": 1432, ""n_targets"": 1432}, {""horizon_s"": 2.0, ""horizon_samples"": 50, ""cc"": 0.3881818529144147, ""nrmse"": 0.9525053817686523, ""n_valid"": 1422, ""n_targets"": 1422}, {""horizon_s"": 2.4, ""horizon_samples"": 60, ""cc"": 0.2617076956273274, ""nrmse"": 1.0145405128361074, ""n_valid"": 1412, ""n_targets"": 1412}, {""horizon_s"": 2.8, ""horizon_samples"": 70, ""cc"": 0.23040833077321765, ""nrmse"": 1.0227663627085235, ""n_valid"": 1402, ""n_targets"": 1402}, {""horizon_s"": 3.2, ""horizon_samples"": 80, ""cc"": 0.1362134033622487, ""nrmse"": 1.0534091909648549, ""n_valid"": 1392, ""n_targets"": 1392}, {""horizon_s"": 3.6, ""horizon_samples"": 90, ""cc"": 0.09767159652334444, ""nrmse"": 1.0606213262098718, ""n_valid"": 1382, ""n_targets"": 1382}, {""horizon_s"": 4.0, ""horizon_samples"": 100, ""cc"": 0.053788405374885266, ""nrmse"": 1.0679268179969195, ""n_valid"": 1372, ""n_targets"": 1372}]",25,28,0.02000007678678039,True,0.0,402.08563099241155,14,0.5600559999993493,1472,1389,True,ok,8,0.16,4,0.8,1.3,5.0,0.02,1.2985470009989513,,True,b55df0c096607ae818e668ad8161d4f136a6ae6658f9b0dc2a9d84e5353ddbe1,f0e4bef9df99469f2b603bdc764367dda0c479652dedd6c373e9924e73980887,T30_23_00033,False,dc2de0c03036394091cb7c2b7c070947f7d1b458301f46d0881b102e3e922705
nan,23,sample_23.csv,T30,T30_23_00034,Awake,0,3,3,2009.400575,2069.590148,60,60.18957300000034,1500,24.997500250004045,50032,51532,50032,51532,T30/filtered_sessions/sample_23.csv,True,0,0.0,True,0.2856979411951755,True,0.4640773997864435,True,nan,0.7278676519244853,0.6400796500921868,0.7133464510246197,4.035840347542764,0.41827038441234343,2.143507132316773,0.6896384823939788,0.9825703948577695,0.8000799999990704,1.2801279999985127,True,True,True,True,True,,,,,18,"[{""horizon_s"": 0.04, ""horizon_samples"": 1, ""cc"": 0.9516240618221253, ""nrmse"": 0.30866624835952583, ""n_valid"": 1471, ""n_targets"": 1471}, {""horizon_s"": 0.08, ""horizon_samples"": 2, ""cc"": 0.913337731962853, ""nrmse"": 0.4094549014318359, ""n_valid"": 1470, ""n_targets"": 1470}, {""horizon_s"": 0.12, ""horizon_samples"": 3, ""cc"": 0.9117828580976626, ""nrmse"": 0.41292796414980726, ""n_valid"": 1469, ""n_targets"": 1469}, {""horizon_s"": 0.16, ""horizon_samples"": 4, ""cc"": 0.9096438000914053, ""nrmse"": 0.4176369221651878, ""n_valid"": 1468, ""n_targets"": 1468}, {""horizon_s"": 0.2, ""horizon_samples"": 5, ""cc"": 0.9088416403670001, ""nrmse"": 0.4188287166635434, ""n_valid"": 1467, ""n_targets"": 1467}, {""horizon_s"": 0.28, ""horizon_samples"": 7, ""cc"": 0.8771548877489057, ""nrmse"": 0.48237943071399, ""n_valid"": 1465, ""n_targets"": 1465}, {""horizon_s"": 0.4, ""horizon_samples"": 10, ""cc"": 0.8745762787567831, ""nrmse"": 0.48746616734022585, ""n_valid"": 1462, ""n_targets"": 1462}, {""horizon_s"": 0.6, ""horizon_samples"": 15, ""cc"": 0.8291216356439154, ""nrmse"": 0.5630265203838111, ""n_valid"": 1457, ""n_targets"": 1457}, {""horizon_s"": 0.8, ""horizon_samples"": 20, ""cc"": 0.8087040690531145, ""nrmse"": 0.5925601068849619, ""n_valid"": 1452, ""n_targets"": 1452}, {""horizon_s"": 1.0, ""horizon_samples"": 25, ""cc"": 0.7592668342555503, ""nrmse"": 0.6556304260027689, ""n_valid"": 1447, ""n_targets"": 1447}, {""horizon_s"": 1.2, ""horizon_samples"": 30, ""cc"": 0.7396545596468934, ""nrmse"": 0.6794845618324378, ""n_valid"": 1442, ""n_targets"": 1442}, {""horizon_s"": 1.6, ""horizon_samples"": 40, ""cc"": 0.6765459021094039, ""nrmse"": 0.7470252534083439, ""n_valid"": 1432, ""n_targets"": 1432}, {""horizon_s"": 2.0, ""horizon_samples"": 50, ""cc"": 0.5957870353797031, ""nrmse"": 0.8218454473639043, ""n_valid"": 1422, ""n_targets"": 1422}, {""horizon_s"": 2.4, ""horizon_samples"": 60, ""cc"": 0.5493115946963956, ""nrmse"": 0.8550870377527292, ""n_valid"": 1412, ""n_targets"": 1412}, {""horizon_s"": 2.8, ""horizon_samples"": 70, ""cc"": 0.524832209410734, ""nrmse"": 0.870495111590084, ""n_valid"": 1402, ""n_targets"": 1402}, {""horizon_s"": 3.2, ""horizon_samples"": 80, ""cc"": 0.4789294926852791, ""nrmse"": 0.9022360060250904, ""n_valid"": 1392, ""n_targets"": 1392}, {""horizon_s"": 3.6, ""horizon_samples"": 90, ""cc"": 0.40789839163069475, ""nrmse"": 0.9415353426268899, ""n_valid"": 1382, ""n_targets"": 1382}, {""horizon_s"": 4.0, ""horizon_samples"": 100, ""cc"": 0.384604751282315, ""nrmse"": 0.9551475369642243, ""n_valid"": 1372, ""n_targets"": 1372}]",25,28,0.02000007678678039,True,0.0,400.17350097814665,13,0.5200519999993958,1472,1410,True,ok,8,0.16,4,0.8,1.3,5.0,0.02,1.3220226240009652,,True,47c7d093985a0d1af9887979a144836961a8bf30fa36342df9691f0b6ff73906,53a8767f69c23bb4e1c032cd9fb0a325f4c6b8894d2e705880d184d5bd48320c,T30_23_00034,False,dc2de0c03036394091cb7c2b7c070947f7d1b458301f46d0881b102e3e922705
nan,23,sample_23.csv,T30,T30_23_00036,Awake,0,3,3,2129.870152,2190.060198,60,60.190046000000166,1500,24.997500250004045,53032,54532,53032,54532,T30/filtered_sessions/sample_23.csv,True,0,0.0,True,0.11151806436862328,True,0.336707907023572,True,nan,0.6415862640297241,0.7034872389958241,0.7363344051446945,4.0280913625623525,0.48493065220521187,2.120566631689402,0.7328573032304537,0.9879665007267648,0.8000799999990704,1.2801279999985127,True,True,True,True,True,,,,,18,"[{""horizon_s"": 0.04, ""horizon_samples"": 1, ""cc"": 0.941409174215104, ""nrmse"": 0.33396253405272425, ""n_valid"": 1471, ""n_targets"": 1471}, {""horizon_s"": 0.08, ""horizon_samples"": 2, ""cc"": 0.8919336832640906, ""nrmse"": 0.4477545427560589, ""n_valid"": 1470, ""n_targets"": 1470}, {""horizon_s"": 0.12, ""horizon_samples"": 3, ""cc"": 0.888765779340506, ""nrmse"": 0.45332365266210334, ""n_valid"": 1469, ""n_targets"": 1469}, {""horizon_s"": 0.16, ""horizon_samples"": 4, ""cc"": 0.8824263248977977, ""nrmse"": 0.46452469944658115, ""n_valid"": 1468, ""n_targets"": 1468}, {""horizon_s"": 0.2, ""horizon_samples"": 5, ""cc"": 0.8758236888733761, ""nrmse"": 0.47671621923060914, ""n_valid"": 1467, ""n_targets"": 1467}, {""horizon_s"": 0.28, ""horizon_samples"": 7, ""cc"": 0.8623638374449768, ""nrmse"": 0.50033494167566, ""n_valid"": 1465, ""n_targets"": 1465}, {""horizon_s"": 0.4, ""horizon_samples"": 10, ""cc"": 0.8455669651245664, ""nrmse"": 0.5277188485399512, ""n_valid"": 1462, ""n_targets"": 1462}, {""horizon_s"": 0.6, ""horizon_samples"": 15, ""cc"": 0.7878899199673792, ""nrmse"": 0.6150560391543476, ""n_valid"": 1457, ""n_targets"": 1457}, {""horizon_s"": 0.8, ""horizon_samples"": 20, ""cc"": 0.7534104132153867, ""nrmse"": 0.6559115396561251, ""n_valid"": 1452, ""n_targets"": 1452}, {""horizon_s"": 1.0, ""horizon_samples"": 25, ""cc"": 0.6878821937747213, ""nrmse"": 0.7267528980114115, ""n_valid"": 1447, ""n_targets"": 1447}, {""horizon_s"": 1.2, ""horizon_samples"": 30, ""cc"": 0.6728663891589757, ""nrmse"": 0.7406550242879023, ""n_valid"": 1442, ""n_targets"": 1442}, {""horizon_s"": 1.6, ""horizon_samples"": 40, ""cc"": 0.6022748807008912, ""nrmse"": 0.8043570455966624, ""n_valid"": 1432, ""n_targets"": 1432}, {""horizon_s"": 2.0, ""horizon_samples"": 50, ""cc"": 0.5099823280323724, ""nrmse"": 0.8786369228207334, ""n_valid"": 1422, ""n_targets"": 1422}, {""horizon_s"": 2.4, ""horizon_samples"": 60, ""cc"": 0.41487152501411295, ""nrmse"": 0.93926472754018, ""n_valid"": 1412, ""n_targets"": 1412}, {""horizon_s"": 2.8, ""horizon_samples"": 70, ""cc"": 0.3411786931401118, ""nrmse"": 0.9789764247641387, ""n_valid"": 1402, ""n_targets"": 1402}, {""horizon_s"": 3.2, ""horizon_samples"": 80, ""cc"": 0.26539183109562775, ""nrmse"": 1.0096411489242039, ""n_valid"": 1392, ""n_targets"": 1392}, {""horizon_s"": 3.6, ""horizon_samples"": 90, ""cc"": 0.18940255519878613, ""nrmse"": 1.0454016345112647, ""n_valid"": 1382, ""n_targets"": 1382}, {""horizon_s"": 4.0, ""horizon_samples"": 100, ""cc"": 0.13511257007625305, ""nrmse"": 1.0637814582941756, ""n_valid"": 1372, ""n_targets"": 1372}]",25,28,0.02000007678678039,True,0.0,380.19997285145115,14,0.5600559999993493,1472,1433,True,ok,8,0.16,4,0.8,1.3,5.0,0.02,1.3418804569992062,,True,d7db36500bf30e9339a300c0c59d99e6673dbe653b8ddc2621d97d5978da5e0c,545f8458fa46ef48687a5d4c97d887ecc703b6b3429f3364dc0a101b1901ae81,T30_23_00036,False,dc2de0c03036394091cb7c2b7c070947f7d1b458301f46d0881b102e3e922705
nan,23,sample_23.csv,T30,T30_23_00038,Awake,0,3,3,2250.340171,2310.540154,60,60.199982999999975,1500,24.997500250004045,56032,57532,56032,57532,T30/filtered_sessions/sample_23.csv,True,0,0.0,True,0.2409141725711615,False,0.5082838507857432,True,nan,0.6185146111011472,0.7292527483566335,0.6812401017420934,3.9137027846705266,0.4946969333397322,2.2425758729468073,0.7702125188083605,0.9691959626802347,0.8000799999990704,1.2801279999985127,True,True,True,True,True,,,,,18,"[{""horizon_s"": 0.04, ""horizon_samples"": 1, ""cc"": 0.9457400961651372, ""nrmse"": 0.32793576705488037, ""n_valid"": 1471, ""n_targets"": 1471}, {""horizon_s"": 0.08, ""horizon_samples"": 2, ""cc"": 0.8910890211860207, ""nrmse"": 0.4577564286141781, ""n_valid"": 1470, ""n_targets"": 1470}, {""horizon_s"": 0.12, ""horizon_samples"": 3, ""cc"": 0.8907740353199424, ""nrmse"": 0.45870543966077804, ""n_valid"": 1469, ""n_targets"": 1469}, {""horizon_s"": 0.16, ""horizon_samples"": 4, ""cc"": 0.8874575773696336, ""nrmse"": 0.4649305105473582, ""n_valid"": 1468, ""n_targets"": 1468}, {""horizon_s"": 0.2, ""horizon_samples"": 5, ""cc"": 0.8753447542703422, ""nrmse"": 0.48710498736892643, ""n_valid"": 1467, ""n_targets"": 1467}, {""horizon_s"": 0.28, ""horizon_samples"": 7, ""cc"": 0.8547859818446837, ""nrmse"": 0.5228609236211569, ""n_valid"": 1465, ""n_targets"": 1465}, {""horizon_s"": 0.4, ""horizon_samples"": 10, ""cc"": 0.8446860409079441, ""nrmse"": 0.5401147793901317, ""n_valid"": 1462, ""n_targets"": 1462}, {""horizon_s"": 0.6, ""horizon_samples"": 15, ""cc"": 0.7844170503592982, ""nrmse"": 0.6271012754608861, ""n_valid"": 1457, ""n_targets"": 1457}, {""horizon_s"": 0.8, ""horizon_samples"": 20, ""cc"": 0.7327015684993425, ""nrmse"": 0.6897564615857392, ""n_valid"": 1452, ""n_targets"": 1452}, {""horizon_s"": 1.0, ""horizon_samples"": 25, ""cc"": 0.6650662576260795, ""nrmse"": 0.7578886863087478, ""n_valid"": 1447, ""n_targets"": 1447}, {""horizon_s"": 1.2, ""horizon_samples"": 30, ""cc"": 0.6257733122257914, ""nrmse"": 0.7963360184405255, ""n_valid"": 1442, ""n_targets"": 1442}, {""horizon_s"": 1.6, ""horizon_samples"": 40, ""cc"": 0.5295635036651887, ""nrmse"": 0.8704914871196192, ""n_valid"": 1432, ""n_targets"": 1432}, {""horizon_s"": 2.0, ""horizon_samples"": 50, ""cc"": 0.44667587839509143, ""nrmse"": 0.9266761474526445, ""n_valid"": 1422, ""n_targets"": 1422}, {""horizon_s"": 2.4, ""horizon_samples"": 60, ""cc"": 0.3468447566710047, ""nrmse"": 0.9809839877263248, ""n_valid"": 1412, ""n_targets"": 1412}, {""horizon_s"": 2.8, ""horizon_samples"": 70, ""cc"": 0.27068414114744527, ""nrmse"": 1.0247083379931425, ""n_valid"": 1402, ""n_targets"": 1402}, {""horizon_s"": 3.2, ""horizon_samples"": 80, ""cc"": 0.19915599338693185, ""nrmse"": 1.053498868004218, ""n_valid"": 1392, ""n_targets"": 1392}, {""horizon_s"": 3.6, ""horizon_samples"": 90, ""cc"": 0.1791139041489363, ""nrmse"": 1.0652742316648374, ""n_valid"": 1382, ""n_targets"": 1382}, {""horizon_s"": 4.0, ""horizon_samples"": 100, ""cc"": 0.16338912663183697, ""nrmse"": 1.0744251324053076, ""n_valid"": 1372, ""n_targets"": 1372}]",25,28,0.02000007678678039,True,0.0,487.0861371468333,14,0.5600559999993493,1472,1433,True,ok,8,0.16,4,0.8,1.3,5.0,0.02,1.3412245210001856,,True,b74c50286158444f9a7a3f9927a4df3f3024f02581b10244cba71c2046890765,65bf5bd990724284e6e0f9a31700c3e69ee72cab44637538308f11e2c1b8d9c0,T30_23_00038,False,dc2de0c03036394091cb7c2b7c070947f7d1b458301f46d0881b102e3e922705
nan,23,sample_23.csv,T30,T30_23_00037,Awake,0,3,3,2190.099847,2250.300258,60,60.20041100000026,1500,24.997500250004045,54532,56032,54532,56032,T30/filtered_sessions/sample_23.csv,True,0,0.0,True,0.16674342884546953,False,0.8495797818679319,True,nan,0.562779679315241,0.7416543979181222,0.6842155780582617,4.0228555304740405,0.5343619522963958,2.1723734269827335,0.8697422708765996,0.9918175830645143,0.8000799999990704,1.2801279999985127,True,True,True,True,True,,,,,18,"[{""horizon_s"": 0.04, ""horizon_samples"": 1, ""cc"": 0.9516136818220844, ""nrmse"": 0.3091387035454933, ""n_valid"": 1471, ""n_targets"": 1471}, {""horizon_s"": 0.08, ""horizon_samples"": 2, ""cc"": 0.8981524927284661, ""nrmse"": 0.4432702447943218, ""n_valid"": 1470, ""n_targets"": 1470}, {""horizon_s"": 0.12, ""horizon_samples"": 3, ""cc"": 0.8991340824234552, ""nrmse"": 0.4409895636624951, ""n_valid"": 1469, ""n_targets"": 1469}, {""horizon_s"": 0.16, ""horizon_samples"": 4, ""cc"": 0.9057521130625718, ""nrmse"": 0.42648752905490317, ""n_valid"": 1468, ""n_targets"": 1468}, {""horizon_s"": 0.2, ""horizon_samples"": 5, ""cc"": 0.898873706709651, ""nrmse"": 0.4407361805703802, ""n_valid"": 1467, ""n_targets"": 1467}, {""horizon_s"": 0.28, ""horizon_samples"": 7, ""cc"": 0.8637729520379079, ""nrmse"": 0.5082897494334618, ""n_valid"": 1465, ""n_targets"": 1465}, {""horizon_s"": 0.4, ""horizon_samples"": 10, ""cc"": 0.8324879617504327, ""nrmse"": 0.5601576019305547, ""n_valid"": 1462, ""n_targets"": 1462}, {""horizon_s"": 0.6, ""horizon_samples"": 15, ""cc"": 0.7527822738695921, ""nrmse"": 0.6667516352863369, ""n_valid"": 1457, ""n_targets"": 1457}, {""horizon_s"": 0.8, ""horizon_samples"": 20, ""cc"": 0.705289739625528, ""nrmse"": 0.7169337218096914, ""n_valid"": 1452, ""n_targets"": 1452}, {""horizon_s"": 1.0, ""horizon_samples"": 25, ""cc"": 0.6297620747808306, ""nrmse"": 0.7847788187656358, ""n_valid"": 1447, ""n_targets"": 1447}, {""horizon_s"": 1.2, ""horizon_samples"": 30, ""cc"": 0.588063167185536, ""nrmse"": 0.8182062832856826, ""n_valid"": 1442, ""n_targets"": 1442}, {""horizon_s"": 1.6, ""horizon_samples"": 40, ""cc"": 0.47124490102858024, ""nrmse"": 0.9017633975033962, ""n_valid"": 1432, ""n_targets"": 1432}, {""horizon_s"": 2.0, ""horizon_samples"": 50, ""cc"": 0.3322175554219365, ""nrmse"": 0.9806463593243319, ""n_valid"": 1422, ""n_targets"": 1422}, {""horizon_s"": 2.4, ""horizon_samples"": 60, ""cc"": 0.2559860837798612, ""nrmse"": 1.0104252132532083, ""n_valid"": 1412, ""n_targets"": 1412}, {""horizon_s"": 2.8, ""horizon_samples"": 70, ""cc"": 0.15758483601468917, ""nrmse"": 1.0503701743627938, ""n_valid"": 1402, ""n_targets"": 1402}, {""horizon_s"": 3.2, ""horizon_samples"": 80, ""cc"": 0.05694787172714373, ""nrmse"": 1.080539327491105, ""n_valid"": 1392, ""n_targets"": 1392}, {""horizon_s"": 3.6, ""horizon_samples"": 90, ""cc"": 0.013034736639528791, ""nrmse"": 1.0936551944555517, ""n_valid"": 1382, ""n_targets"": 1382}, {""horizon_s"": 4.0, ""horizon_samples"": 100, ""cc"": -0.08266600293345754, ""nrmse"": 1.1166394639968544, ""n_valid"": 1372, ""n_targets"": 1372}]",25,28,0.02000007678678039,True,0.0,467.7194454676769,14,0.5600559999993493,1472,1428,True,ok,8,0.16,4,0.8,1.3,5.0,0.02,1.3584625759995106,,True,89662ef8b1a0974b978d98d59289515af885f9f9d30cd4ac5a3654febc86b3cb,77043ad85c1853d10db7560f3257f26cb2151f0e2059f2c0d59d6eed7b3a7462,T30_23_00037,False,dc2de0c03036394091cb7c2b7c070947f7d1b458301f46d0881b102e3e922705
nan,23,sample_23.csv,T30,T30_23_00029,Awake,0,3,3,1708.220425,1768.419972,60,60.19954699999994,1500,24.997500250004045,42532,44032,42532,44032,T30/filtered_sessions/sample_23.csv,True,0,0.0,True,0.3320609946945973,False,0.6435554792291357,True,nan,0.6964411721362965,0.6735039341902085,0.7288957143542737,4.105974587726412,0.501799683255747,2.1112569409389197,0.8052512390606721,0.982303443052081,0.8000799999990704,1.2801279999985127,True,True,True,True,True,,,,,18,"[{""horizon_s"": 0.04, ""horizon_samples"": 1, ""cc"": 0.9490922245316785, ""nrmse"": 0.3149853575393773, ""n_valid"": 1471, ""n_targets"": 1471}, {""horizon_s"": 0.08, ""horizon_samples"": 2, ""cc"": 0.9027466687015576, ""nrmse"": 0.43001995411415644, ""n_valid"": 1470, ""n_targets"": 1470}, {""horizon_s"": 0.12, ""horizon_samples"": 3, ""cc"": 0.8941390286731908, ""nrmse"": 0.44764522885743047, ""n_valid"": 1469, ""n_targets"": 1469}, {""horizon_s"": 0.16, ""horizon_samples"": 4, ""cc"": 0.8806564686255921, ""nrmse"": 0.47408928685258306, ""n_valid"": 1468, ""n_targets"": 1468}, {""horizon_s"": 0.2, ""horizon_samples"": 5, ""cc"": 0.8798298811410774, ""nrmse"": 0.4760416515442479, ""n_valid"": 1467, ""n_targets"": 1467}, {""horizon_s"": 0.28, ""horizon_samples"": 7, ""cc"": 0.8690193130589156, ""nrmse"": 0.4958185975166005, ""n_valid"": 1465, ""n_targets"": 1465}, {""horizon_s"": 0.4, ""horizon_samples"": 10, ""cc"": 0.837734468377954, ""nrmse"": 0.5478264748656246, ""n_valid"": 1462, ""n_targets"": 1462}, {""horizon_s"": 0.6, ""horizon_samples"": 15, ""cc"": 0.7663144750768675, ""nrmse"": 0.6446698711162908, ""n_valid"": 1457, ""n_targets"": 1457}, {""horizon_s"": 0.8, ""horizon_samples"": 20, ""cc"": 0.7378070657238597, ""nrmse"": 0.6791772959524639, ""n_valid"": 1452, ""n_targets"": 1452}, {""horizon_s"": 1.0, ""horizon_samples"": 25, ""cc"": 0.6839109549361974, ""nrmse"": 0.7349740182464166, ""n_valid"": 1447, ""n_targets"": 1447}, {""horizon_s"": 1.2, ""horizon_samples"": 30, ""cc"": 0.6453623580887963, ""nrmse"": 0.7734537974312232, ""n_valid"": 1442, ""n_targets"": 1442}, {""horizon_s"": 1.6, ""horizon_samples"": 40, ""cc"": 0.612183232572285, ""nrmse"": 0.7962370450465587, ""n_valid"": 1432, ""n_targets"": 1432}, {""horizon_s"": 2.0, ""horizon_samples"": 50, ""cc"": 0.5441131056161181, ""nrmse"": 0.8517924891999925, ""n_valid"": 1422, ""n_targets"": 1422}, {""horizon_s"": 2.4, ""horizon_samples"": 60, ""cc"": 0.53460552226637, ""nrmse"": 0.8559961939479833, ""n_valid"": 1412, ""n_targets"": 1412}, {""horizon_s"": 2.8, ""horizon_samples"": 70, ""cc"": 0.4845302326165156, ""nrmse"": 0.891065875469317, ""n_valid"": 1402, ""n_targets"": 1402}, {""horizon_s"": 3.2, ""horizon_samples"": 80, ""cc"": 0.4498640651822599, ""nrmse"": 0.896785443754022, ""n_valid"": 1392, ""n_targets"": 1392}, {""horizon_s"": 3.6, ""horizon_samples"": 90, ""cc"": 0.42991768918822765, ""nrmse"": 0.9083998362949509, ""n_valid"": 1382, ""n_targets"": 1382}, {""horizon_s"": 4.0, ""horizon_samples"": 100, ""cc"": 0.43411434407587535, ""nrmse"": 0.9040923976745145, ""n_valid"": 1372, ""n_targets"": 1372}]",25,28,0.02000007678678039,True,0.0,421.7798471530025,14,0.5600559999993493,1472,1400,True,ok,8,0.16,4,0.8,1.3,5.0,0.02,3.0005140739995113,,True,d1cf38ef5adc5481be85b0568fe9af1361c772c0b6509a2cbc9f70bec551029a,748a6f1b1e9adfbf6c9f6a0babe43836198cca9dd628e540b97d9af156e289dd,T30_23_00029,False,dc2de0c03036394091cb7c2b7c070947f7d1b458301f46d0881b102e3e922705
nan,23,sample_23.csv,T30,T30_23_00031,Awake,0,3,3,1828.690394,1888.889566,60,60.19917200000009,1500,24.997500250004045,45532,47032,45532,47032,T30/filtered_sessions/sample_23.csv,True,0,0.0,True,0.23433018487516868,True,0.3196807797533822,True,nan,0.6880563244301054,0.6679047070922581,0.693813888755579,3.8145118733509236,0.4041848634640303,2.0831066040069257,0.7922349432238089,0.9789591069289577,0.8000799999990704,1.2801279999985127,True,True,True,True,True,,,,,18,"[{""horizon_s"": 0.04, ""horizon_samples"": 1, ""cc"": 0.9534219527362933, ""nrmse"": 0.30374488533425786, ""n_valid"": 1471, ""n_targets"": 1471}, {""horizon_s"": 0.08, ""horizon_samples"": 2, ""cc"": 0.9171019126241575, ""nrmse"": 0.4005779773423256, ""n_valid"": 1470, ""n_targets"": 1470}, {""horizon_s"": 0.12, ""horizon_samples"": 3, ""cc"": 0.9120903977578201, ""nrmse"": 0.41151859524741724, ""n_valid"": 1469, ""n_targets"": 1469}, {""horizon_s"": 0.16, ""horizon_samples"": 4, ""cc"": 0.8969159214496519, ""nrmse"": 0.4435910383732956, ""n_valid"": 1468, ""n_targets"": 1468}, {""horizon_s"": 0.2, ""horizon_samples"": 5, ""cc"": 0.8951734391093508, ""nrmse"": 0.44732979012657215, ""n_valid"": 1467, ""n_targets"": 1467}, {""horizon_s"": 0.28, ""horizon_samples"": 7, ""cc"": 0.8854157398088633, ""nrmse"": 0.4665849575764252, ""n_valid"": 1465, ""n_targets"": 1465}, {""horizon_s"": 0.4, ""horizon_samples"": 10, ""cc"": 0.8630266303653548, ""nrmse"": 0.5070433332219111, ""n_valid"": 1462, ""n_targets"": 1462}, {""horizon_s"": 0.6, ""horizon_samples"": 15, ""cc"": 0.8143284884667773, ""nrmse"": 0.584348087680453, ""n_valid"": 1457, ""n_targets"": 1457}, {""horizon_s"": 0.8, ""horizon_samples"": 20, ""cc"": 0.7957450641885643, ""nrmse"": 0.6125933561096124, ""n_valid"": 1452, ""n_targets"": 1452}, {""horizon_s"": 1.0, ""horizon_samples"": 25, ""cc"": 0.7416214605223452, ""nrmse"": 0.6795944627866631, ""n_valid"": 1447, ""n_targets"": 1447}, {""horizon_s"": 1.2, ""horizon_samples"": 30, ""cc"": 0.6931370807235597, ""nrmse"": 0.7312177712306092, ""n_valid"": 1442, ""n_targets"": 1442}, {""horizon_s"": 1.6, ""horizon_samples"": 40, ""cc"": 0.6415454142489143, ""nrmse"": 0.7831941820560343, ""n_valid"": 1432, ""n_targets"": 1432}, {""horizon_s"": 2.0, ""horizon_samples"": 50, ""cc"": 0.5488372392250818, ""nrmse"": 0.8544259359307418, ""n_valid"": 1422, ""n_targets"": 1422}, {""horizon_s"": 2.4, ""horizon_samples"": 60, ""cc"": 0.522211000905335, ""nrmse"": 0.8743648499360201, ""n_valid"": 1412, ""n_targets"": 1412}, {""horizon_s"": 2.8, ""horizon_samples"": 70, ""cc"": 0.43720183902345017, ""nrmse"": 0.9248571182921121, ""n_valid"": 1402, ""n_targets"": 1402}, {""horizon_s"": 3.2, ""horizon_samples"": 80, ""cc"": 0.35342184846293434, ""nrmse"": 0.9704916166367179, ""n_valid"": 1392, ""n_targets"": 1392}, {""horizon_s"": 3.6, ""horizon_samples"": 90, ""cc"": 0.2898957739951037, ""nrmse"": 1.0005731256875188, ""n_valid"": 1382, ""n_targets"": 1382}, {""horizon_s"": 4.0, ""horizon_samples"": 100, ""cc"": 0.2239226361283407, ""nrmse"": 1.0262336440919597, ""n_valid"": 1372, ""n_targets"": 1372}]",25,28,0.02000007678678039,True,0.0,340.68287725809256,14,0.5600559999993493,1472,1428,True,ok,8,0.16,4,0.8,1.3,5.0,0.02,2.9140013420001196,,True,86795d375f2f52ef5a3ea83c671dd452c70dfc604e9c2c5badafce5b787595aa,a63e9fb2237bfe519b11c70156a0d574c445c68e12e23a14fea42319b640dc97,T30_23_00031,False,dc2de0c03036394091cb7c2b7c070947f7d1b458301f46d0881b102e3e922705
nan,23,sample_23.csv,T30,T30_23_00039,Awake,0,3,3,2310.580285,2370.779797,60,60.19951200000014,1500,24.997500250004045,57532,59032,57532,59032,T30/filtered_sessions/sample_23.csv,True,0,0.0,True,0.19299706970975522,True,0.2892364440429033,True,nan,0.762450414960066,0.6153018974884258,0.6869510966069972,3.894965986394558,0.34741085568939867,2.025745067860641,0.7377847589778717,0.9346147500696221,0.8000799999990704,1.2801279999985127,True,False,True,True,True,,,,,18,"[{""horizon_s"": 0.04, ""horizon_samples"": 1, ""cc"": 0.9526897014428326, ""nrmse"": 0.3029854995100159, ""n_valid"": 1471, ""n_targets"": 1471}, {""horizon_s"": 0.08, ""horizon_samples"": 2, ""cc"": 0.9113050197205524, ""nrmse"": 0.41102771224519435, ""n_valid"": 1470, ""n_targets"": 1470}, {""horizon_s"": 0.12, ""horizon_samples"": 3, ""cc"": 0.9034440129397846, ""nrmse"": 0.42817526432150455, ""n_valid"": 1469, ""n_targets"": 1469}, {""horizon_s"": 0.16, ""horizon_samples"": 4, ""cc"": 0.8943657987622445, ""nrmse"": 0.4468211336747024, ""n_valid"": 1468, ""n_targets"": 1468}, {""horizon_s"": 0.2, ""horizon_samples"": 5, ""cc"": 0.8878411878207365, ""nrmse"": 0.45964266553026856, ""n_valid"": 1467, ""n_targets"": 1467}, {""horizon_s"": 0.28, ""horizon_samples"": 7, ""cc"": 0.886856586464442, ""nrmse"": 0.4609330512261233, ""n_valid"": 1465, ""n_targets"": 1465}, {""horizon_s"": 0.4, ""horizon_samples"": 10, ""cc"": 0.8675273542216541, ""nrmse"": 0.4952261948447089, ""n_valid"": 1462, ""n_targets"": 1462}, {""horizon_s"": 0.6, ""horizon_samples"": 15, ""cc"": 0.8442804635439413, ""nrmse"": 0.5346294887788483, ""n_valid"": 1457, ""n_targets"": 1457}, {""horizon_s"": 0.8, ""horizon_samples"": 20, ""cc"": 0.8310595367963396, ""nrmse"": 0.5567585663675751, ""n_valid"": 1452, ""n_targets"": 1452}, {""horizon_s"": 1.0, ""horizon_samples"": 25, ""cc"": 0.762444714360113, ""nrmse"": 0.6501238278156155, ""n_valid"": 1447, ""n_targets"": 1447}, {""horizon_s"": 1.2, ""horizon_samples"": 30, ""cc"": 0.7405826833414031, ""nrmse"": 0.6761008624803744, ""n_valid"": 1442, ""n_targets"": 1442}, {""horizon_s"": 1.6, ""horizon_samples"": 40, ""cc"": 0.7023866586546543, ""nrmse"": 0.7206889869850814, ""n_valid"": 1432, ""n_targets"": 1432}, {""horizon_s"": 2.0, ""horizon_samples"": 50, ""cc"": 0.6598335942369165, ""nrmse"": 0.761531828047699, ""n_valid"": 1422, ""n_targets"": 1422}, {""horizon_s"": 2.4, ""horizon_samples"": 60, ""cc"": 0.6432597402070255, ""nrmse"": 0.7806270156133054, ""n_valid"": 1412, ""n_targets"": 1412}, {""horizon_s"": 2.8, ""horizon_samples"": 70, ""cc"": 0.6119637465190104, ""nrmse"": 0.8046331656992431, ""n_valid"": 1402, ""n_targets"": 1402}, {""horizon_s"": 3.2, ""horizon_samples"": 80, ""cc"": 0.5778350262326866, ""nrmse"": 0.8375123688572926, ""n_valid"": 1392, ""n_targets"": 1392}, {""horizon_s"": 3.6, ""horizon_samples"": 90, ""cc"": 0.5359968280775467, ""nrmse"": 0.8628916446368962, ""n_valid"": 1382, ""n_targets"": 1382}, {""horizon_s"": 4.0, ""horizon_samples"": 100, ""cc"": 0.5104348159393041, ""nrmse"": 0.8851248781572156, ""n_valid"": 1372, ""n_targets"": 1372}]",25,28,0.02000007678678039,True,0.0,342.7333515484362,14,0.5600559999993493,1472,1418,True,ok,8,0.16,4,0.8,1.3,5.0,0.02,1.3189432710005349,,True,c9c9603dc4307e28253bbf1490bd5072ec245e872ecfbef623a0cf8d2b0ec9ed,71834f99ff8a68684cbfe12a5edcf141100c46e037805f4b4d73cb1e9be84852,T30_23_00039,False,dc2de0c03036394091cb7c2b7c070947f7d1b458301f46d0881b102e3e922705
nan,23,sample_23.csv,T30,T30_23_00042,Drowsy,1,4,4,2611.049652,2671.249546,60,60.19989399999986,1500,24.997500250004045,63520,65020,65014,66514,T30/filtered_sessions/sample_23.csv,True,0,0.0,True,0.1526836518707085,True,0.23071318147986236,True,nan,0.5889569585438575,0.6947509056497679,0.7174737246244661,4.133259607409455,0.41222344867303357,2.0436592909826317,0.9723548333672576,0.9904620515151749,0.8000799999990704,1.2801279999985127,True,True,True,True,True,,,,,18,"[{""horizon_s"": 0.04, ""horizon_samples"": 1, ""cc"": 0.9689763888295592, ""nrmse"": 0.2479365786239712, ""n_valid"": 1471, ""n_targets"": 1471}, {""horizon_s"": 0.08, ""horizon_samples"": 2, ""cc"": 0.9316482364210327, ""nrmse"": 0.3646016836888768, ""n_valid"": 1470, ""n_targets"": 1470}, {""horizon_s"": 0.12, ""horizon_samples"": 3, ""cc"": 0.9276668988900376, ""nrmse"": 0.3745960443535234, ""n_valid"": 1469, ""n_targets"": 1469}, {""horizon_s"": 0.16, ""horizon_samples"": 4, ""cc"": 0.9220965297196839, ""nrmse"": 0.38792227422447373, ""n_valid"": 1468, ""n_targets"": 1468}, {""horizon_s"": 0.2, ""horizon_samples"": 5, ""cc"": 0.9197318740917699, ""nrmse"": 0.39320673791803723, ""n_valid"": 1467, ""n_targets"": 1467}, {""horizon_s"": 0.28, ""horizon_samples"": 7, ""cc"": 0.9134661674392893, ""nrmse"": 0.4074982062916971, ""n_valid"": 1465, ""n_targets"": 1465}, {""horizon_s"": 0.4, ""horizon_samples"": 10, ""cc"": 0.8841404644017377, ""nrmse"": 0.46820525963114784, ""n_valid"": 1462, ""n_targets"": 1462}, {""horizon_s"": 0.6, ""horizon_samples"": 15, ""cc"": 0.8256814397317439, ""nrmse"": 0.5660241112081801, ""n_valid"": 1457, ""n_targets"": 1457}, {""horizon_s"": 0.8, ""horizon_samples"": 20, ""cc"": 0.7680722945429547, ""nrmse"": 0.6455981195884242, ""n_valid"": 1452, ""n_targets"": 1452}, {""horizon_s"": 1.0, ""horizon_samples"": 25, ""cc"": 0.6901320891257113, ""nrmse"": 0.7282959392258974, ""n_valid"": 1447, ""n_targets"": 1447}, {""horizon_s"": 1.2, ""horizon_samples"": 30, ""cc"": 0.6375112434503122, ""nrmse"": 0.7774770670492499, ""n_valid"": 1442, ""n_targets"": 1442}, {""horizon_s"": 1.6, ""horizon_samples"": 40, ""cc"": 0.5145252011672231, ""nrmse"": 0.8734889228041214, ""n_valid"": 1432, ""n_targets"": 1432}, {""horizon_s"": 2.0, ""horizon_samples"": 50, ""cc"": 0.3807005234031367, ""nrmse"": 0.9492085268753093, ""n_valid"": 1422, ""n_targets"": 1422}, {""horizon_s"": 2.4, ""horizon_samples"": 60, ""cc"": 0.24416746907617512, ""nrmse"": 1.0127381416832872, ""n_valid"": 1412, ""n_targets"": 1412}, {""horizon_s"": 2.8, ""horizon_samples"": 70, ""cc"": 0.11716784345085715, ""nrmse"": 1.054036047326406, ""n_valid"": 1402, ""n_targets"": 1402}, {""horizon_s"": 3.2, ""horizon_samples"": 80, ""cc"": 0.049440141468037845, ""nrmse"": 1.072076111087456, ""n_valid"": 1392, ""n_targets"": 1392}, {""horizon_s"": 3.6, ""horizon_samples"": 90, ""cc"": -0.041032497911668755, ""nrmse"": 1.0896951436113371, ""n_valid"": 1382, ""n_targets"": 1382}, {""horizon_s"": 4.0, ""horizon_samples"": 100, ""cc"": -0.05286705350815751, ""nrmse"": 1.0929113865044255, ""n_valid"": 1372, ""n_targets"": 1372}]",25,28,0.02000007678678039,True,0.0,461.96157120774564,14,0.5600559999993493,1472,1423,True,ok,8,0.16,4,0.8,1.3,5.0,0.02,1.3139150560000417,,True,c00ee778ae151833a728bb07352088cd17ec032e761b59c96f95e6782fe1184a,4c4b98d7c8df2a70bf54c840c27637280c3693803ed3653aa42504846fd00ba5,T30_23_00042,False,dc2de0c03036394091cb7c2b7c070947f7d1b458301f46d0881b102e3e922705
nan,23,sample_23.csv,T30,T30_23_00043,Drowsy,1,4,4,2671.289566,2731.489549,60,60.199982999999975,1500,24.997500250004045,65020,66520,66514,68014,T30/filtered_sessions/sample_23.csv,True,0,0.0,True,0.3956696701154884,True,0.30258351881466117,True,nan,0.5530569794901457,0.7779370020091372,0.6404952728319816,3.605078336034576,0.5251955655804579,2.2381634113917577,0.8652071375355496,0.9583086437660329,0.8000799999990704,1.2801279999985127,True,True,True,True,True,,,,,18,"[{""horizon_s"": 0.04, ""horizon_samples"": 1, ""cc"": 0.9413046891139031, ""nrmse"": 0.3400435607732421, ""n_valid"": 1471, ""n_targets"": 1471}, {""horizon_s"": 0.08, ""horizon_samples"": 2, ""cc"": 0.8710585226028162, ""nrmse"": 0.49420664721776886, ""n_valid"": 1470, ""n_targets"": 1470}, {""horizon_s"": 0.12, ""horizon_samples"": 3, ""cc"": 0.8676600158057552, ""nrmse"": 0.49995722850482704, ""n_valid"": 1469, ""n_targets"": 1469}, {""horizon_s"": 0.16, ""horizon_samples"": 4, ""cc"": 0.8675511774187575, ""nrmse"": 0.500197225760302, ""n_valid"": 1468, ""n_targets"": 1468}, {""horizon_s"": 0.2, ""horizon_samples"": 5, ""cc"": 0.8563267040397508, ""nrmse"": 0.5197653893618167, ""n_valid"": 1467, ""n_targets"": 1467}, {""horizon_s"": 0.28, ""horizon_samples"": 7, ""cc"": 0.8329787021186009, ""nrmse"": 0.5576786093535799, ""n_valid"": 1465, ""n_targets"": 1465}, {""horizon_s"": 0.4, ""horizon_samples"": 10, ""cc"": 0.775563608898351, ""nrmse"": 0.6370556788016917, ""n_valid"": 1462, ""n_targets"": 1462}, {""horizon_s"": 0.6, ""horizon_samples"": 15, ""cc"": 0.7194926174866676, ""nrmse"": 0.7010057604863082, ""n_valid"": 1457, ""n_targets"": 1457}, {""horizon_s"": 0.8, ""horizon_samples"": 20, ""cc"": 0.6630535984968031, ""nrmse"": 0.7578358214274719, ""n_valid"": 1452, ""n_targets"": 1452}, {""horizon_s"": 1.0, ""horizon_samples"": 25, ""cc"": 0.559256390801428, ""nrmse"": 0.8469154411908785, ""n_valid"": 1447, ""n_targets"": 1447}, {""horizon_s"": 1.2, ""horizon_samples"": 30, ""cc"": 0.48386697782895777, ""nrmse"": 0.8977654189180694, ""n_valid"": 1442, ""n_targets"": 1442}, {""horizon_s"": 1.6, ""horizon_samples"": 40, ""cc"": 0.309259238122849, ""nrmse"": 0.9934412338914456, ""n_valid"": 1432, ""n_targets"": 1432}, {""horizon_s"": 2.0, ""horizon_samples"": 50, ""cc"": 0.21154341222652492, ""nrmse"": 1.0341566677738026, ""n_valid"": 1422, ""n_targets"": 1422}, {""horizon_s"": 2.4, ""horizon_samples"": 60, ""cc"": 0.1738984976810462, ""nrmse"": 1.05107198419858, ""n_valid"": 1412, ""n_targets"": 1412}, {""horizon_s"": 2.8, ""horizon_samples"": 70, ""cc"": 0.20750240923137586, ""nrmse"": 1.0373196087963914, ""n_valid"": 1402, ""n_targets"": 1402}, {""horizon_s"": 3.2, ""horizon_samples"": 80, ""cc"": 0.2115443223057079, ""nrmse"": 1.0400874726090574, ""n_valid"": 1392, ""n_targets"": 1392}, {""horizon_s"": 3.6, ""horizon_samples"": 90, ""cc"": 0.21691878394716652, ""nrmse"": 1.0377720887811837, ""n_valid"": 1382, ""n_targets"": 1382}, {""horizon_s"": 4.0, ""horizon_samples"": 100, ""cc"": 0.18624596269615995, ""nrmse"": 1.056590198318053, ""n_valid"": 1372, ""n_targets"": 1372}]",25,28,0.02000007678678039,True,0.0,540.2441648482561,13,0.5200519999993958,1472,1388,True,ok,8,0.16,4,0.8,1.3,5.0,0.02,1.3165033929999481,,True,667c20466e6d4cffa09252e40af9f5738d11f0ee4fd4c63602e299fadc18da18,1de981830af3f012f189293e35a4c28edc89548a35a5457083ecca67c0018539,T30_23_00043,False,dc2de0c03036394091cb7c2b7c070947f7d1b458301f46d0881b102e3e922705
nan,23,sample_23.csv,T30,T30_23_00045,Awake,0,5,5,2896.820475,2957.019636,60,60.199161000000004,1500,24.997500250004045,69142,70642,72130,73630,T30/filtered_sessions/sample_23.csv,True,0,0.0,True,0.08109324062599031,True,0.3784942232592701,True,nan,0.568971582025477,0.7483421384745058,0.721313048903393,4.021942734814022,0.4551998848202716,2.1369832150501296,0.8846591780681295,0.9731143806587799,0.8000799999990704,1.2801279999985127,True,True,True,True,True,,,,,18,"[{""horizon_s"": 0.04, ""horizon_samples"": 1, ""cc"": 0.9504058757301778, ""nrmse"": 0.31176886596085884, ""n_valid"": 1471, ""n_targets"": 1471}, {""horizon_s"": 0.08, ""horizon_samples"": 2, ""cc"": 0.8920145732456314, ""nrmse"": 0.45300031878078917, ""n_valid"": 1470, ""n_targets"": 1470}, {""horizon_s"": 0.12, ""horizon_samples"": 3, ""cc"": 0.8841973151339583, ""nrmse"": 0.4671953990231523, ""n_valid"": 1469, ""n_targets"": 1469}, {""horizon_s"": 0.16, ""horizon_samples"": 4, ""cc"": 0.8837824638259397, ""nrmse"": 0.46741564633452315, ""n_valid"": 1468, ""n_targets"": 1468}, {""horizon_s"": 0.2, ""horizon_samples"": 5, ""cc"": 0.8839451284759479, ""nrmse"": 0.4673888058188119, ""n_valid"": 1467, ""n_targets"": 1467}, {""horizon_s"": 0.28, ""horizon_samples"": 7, ""cc"": 0.8581165395135391, ""nrmse"": 0.5132183562003007, ""n_valid"": 1465, ""n_targets"": 1465}, {""horizon_s"": 0.4, ""horizon_samples"": 10, ""cc"": 0.8279974947065342, ""nrmse"": 0.5611079149575435, ""n_valid"": 1462, ""n_targets"": 1462}, {""horizon_s"": 0.6, ""horizon_samples"": 15, ""cc"": 0.7449233540830595, ""nrmse"": 0.6712468961385751, ""n_valid"": 1457, ""n_targets"": 1457}, {""horizon_s"": 0.8, ""horizon_samples"": 20, ""cc"": 0.7077805474064086, ""nrmse"": 0.7124249096428816, ""n_valid"": 1452, ""n_targets"": 1452}, {""horizon_s"": 1.0, ""horizon_samples"": 25, ""cc"": 0.6365098085837706, ""nrmse"": 0.7807144840967618, ""n_valid"": 1447, ""n_targets"": 1447}, {""horizon_s"": 1.2, ""horizon_samples"": 30, ""cc"": 0.5798856452793006, ""nrmse"": 0.8273680217134134, ""n_valid"": 1442, ""n_targets"": 1442}, {""horizon_s"": 1.6, ""horizon_samples"": 40, ""cc"": 0.4291510995935398, ""nrmse"": 0.9317983579588782, ""n_valid"": 1432, ""n_targets"": 1432}, {""horizon_s"": 2.0, ""horizon_samples"": 50, ""cc"": 0.31538406810910585, ""nrmse"": 0.992871558371977, ""n_valid"": 1422, ""n_targets"": 1422}, {""horizon_s"": 2.4, ""horizon_samples"": 60, ""cc"": 0.2372773685941875, ""nrmse"": 1.027476427615545, ""n_valid"": 1412, ""n_targets"": 1412}, {""horizon_s"": 2.8, ""horizon_samples"": 70, ""cc"": 0.19380079373868891, ""nrmse"": 1.049386838713974, ""n_valid"": 1402, ""n_targets"": 1402}, {""horizon_s"": 3.2, ""horizon_samples"": 80, ""cc"": 0.15978419472866615, ""nrmse"": 1.0507048547437716, ""n_valid"": 1392, ""n_targets"": 1392}, {""horizon_s"": 3.6, ""horizon_samples"": 90, ""cc"": 0.06600903538830417, ""nrmse"": 1.081081494479851, ""n_valid"": 1382, ""n_targets"": 1382}, {""horizon_s"": 4.0, ""horizon_samples"": 100, ""cc"": -0.00947682967817432, ""nrmse"": 1.1039893419894944, ""n_valid"": 1372, ""n_targets"": 1372}]",25,28,0.02000007678678039,True,0.0,540.5115062805783,14,0.5600559999993493,1472,1409,True,ok,8,0.16,4,0.8,1.3,5.0,0.02,1.299956849999944,,True,3e179e7c540ca8115b5aa54c2e2a2c68568a851500af8cb8235ea9c7ee14993b,09a45e0fb9e1d7f707b30dbda50ce5b8e730d918336ba2169f0adbf4fd8099f9,T30_23_00045,False,dc2de0c03036394091cb7c2b7c070947f7d1b458301f46d0881b102e3e922705
nan,23,sample_23.csv,T30,T30_23_00041,Drowsy,1,4,4,2550.809738,2611.009662,60,60.19992400000001,1500,24.997500250004045,62020,63520,63514,65014,T30/filtered_sessions/sample_23.csv,True,0,0.0,True,0.08539931411748698,True,0.04299543891921695,True,nan,0.765691270569822,0.5588638296707835,0.727455967749676,4.024960169941583,0.2216489897777991,2.0006497725795973,0.9146134633228596,0.985877432166424,0.8000799999990704,1.2801279999985127,True,True,True,True,True,,,,,18,"[{""horizon_s"": 0.04, ""horizon_samples"": 1, ""cc"": 0.9796624011615147, ""nrmse"": 0.20159284930076146, ""n_valid"": 1471, ""n_targets"": 1471}, {""horizon_s"": 0.08, ""horizon_samples"": 2, ""cc"": 0.9622410803022513, ""nrmse"": 0.27355781116412803, ""n_valid"": 1470, ""n_targets"": 1470}, {""horizon_s"": 0.12, ""horizon_samples"": 3, ""cc"": 0.959881529953177, ""nrmse"": 0.2813936023674582, ""n_valid"": 1469, ""n_targets"": 1469}, {""horizon_s"": 0.16, ""horizon_samples"": 4, ""cc"": 0.9524144037933966, ""nrmse"": 0.3058131389162589, ""n_valid"": 1468, ""n_targets"": 1468}, {""horizon_s"": 0.2, ""horizon_samples"": 5, ""cc"": 0.9536908573022714, ""nrmse"": 0.30207400809744384, ""n_valid"": 1467, ""n_targets"": 1467}, {""horizon_s"": 0.28, ""horizon_samples"": 7, ""cc"": 0.9488204908089893, ""nrmse"": 0.3170833781594697, ""n_valid"": 1465, ""n_targets"": 1465}, {""horizon_s"": 0.4, ""horizon_samples"": 10, ""cc"": 0.9383951082385764, ""nrmse"": 0.3474903544121252, ""n_valid"": 1462, ""n_targets"": 1462}, {""horizon_s"": 0.6, ""horizon_samples"": 15, ""cc"": 0.9232941148692174, ""nrmse"": 0.38674098083141983, ""n_valid"": 1457, ""n_targets"": 1457}, {""horizon_s"": 0.8, ""horizon_samples"": 20, ""cc"": 0.9085500249951989, ""nrmse"": 0.42104346501771794, ""n_valid"": 1452, ""n_targets"": 1452}, {""horizon_s"": 1.0, ""horizon_samples"": 25, ""cc"": 0.8325884549075591, ""nrmse"": 0.5593119138017776, ""n_valid"": 1447, ""n_targets"": 1447}, {""horizon_s"": 1.2, ""horizon_samples"": 30, ""cc"": 0.8075255979486714, ""nrmse"": 0.5968118798449832, ""n_valid"": 1442, ""n_targets"": 1442}, {""horizon_s"": 1.6, ""horizon_samples"": 40, ""cc"": 0.7549465533625425, ""nrmse"": 0.666011320426217, ""n_valid"": 1432, ""n_targets"": 1432}, {""horizon_s"": 2.0, ""horizon_samples"": 50, ""cc"": 0.6469417394419876, ""nrmse"": 0.77934824483563, ""n_valid"": 1422, ""n_targets"": 1422}, {""horizon_s"": 2.4, ""horizon_samples"": 60, ""cc"": 0.6043199278818416, ""nrmse"": 0.8163031255393355, ""n_valid"": 1412, ""n_targets"": 1412}, {""horizon_s"": 2.8, ""horizon_samples"": 70, ""cc"": 0.4897952164476585, ""nrmse"": 0.9026101223198559, ""n_valid"": 1402, ""n_targets"": 1402}, {""horizon_s"": 3.2, ""horizon_samples"": 80, ""cc"": 0.45595895592823665, ""nrmse"": 0.9224640349091278, ""n_valid"": 1392, ""n_targets"": 1392}, {""horizon_s"": 3.6, ""horizon_samples"": 90, ""cc"": 0.36322736384653126, ""nrmse"": 0.9750104278535768, ""n_valid"": 1382, ""n_targets"": 1382}, {""horizon_s"": 4.0, ""horizon_samples"": 100, ""cc"": 0.300189049067174, ""nrmse"": 1.0048882762768165, ""n_valid"": 1372, ""n_targets"": 1372}]",25,28,0.02000007678678039,True,0.0,370.73863983713596,14,0.5600559999993493,1472,1390,True,ok,8,0.16,4,0.8,1.3,5.0,0.02,2.182009014999494,,True,62be74e9fdfd5faba0f3685028038b060f78419d7fb54bce17ef211bc0961a77,cabbc2b79ce03b5b46b26e90f2204010e30a1d12fdcef1ba15c237b6c9aaf43d,T30_23_00041,False,dc2de0c03036394091cb7c2b7c070947f7d1b458301f46d0881b102e3e922705
nan,23,sample_23.csv,T30,T30_23_00044,Awake,0,5,5,2836.589624,2896.779632,60,60.190008000000034,1500,24.997500250004045,67642,69142,70630,72130,T30/filtered_sessions/sample_23.csv,True,0,0.0,True,0.05368896685853395,True,0.0673056561967072,True,nan,0.6112681670486118,0.7096839854381579,0.6808561693142007,3.9584263392857144,0.4389547439650621,2.1263512728118097,0.739710575556277,0.993636455090492,0.8000799999990704,1.2801279999985127,True,True,True,True,True,,,,,18,"[{""horizon_s"": 0.04, ""horizon_samples"": 1, ""cc"": 0.9567071389175134, ""nrmse"": 0.293152438730182, ""n_valid"": 1471, ""n_targets"": 1471}, {""horizon_s"": 0.08, ""horizon_samples"": 2, ""cc"": 0.9175329043847703, ""nrmse"": 0.4008416563127612, ""n_valid"": 1470, ""n_targets"": 1470}, {""horizon_s"": 0.12, ""horizon_samples"": 3, ""cc"": 0.9166075652275499, ""nrmse"": 0.40320580027694075, ""n_valid"": 1469, ""n_targets"": 1469}, {""horizon_s"": 0.16, ""horizon_samples"": 4, ""cc"": 0.9073797283697492, ""nrmse"": 0.4233403970129203, ""n_valid"": 1468, ""n_targets"": 1468}, {""horizon_s"": 0.2, ""horizon_samples"": 5, ""cc"": 0.9077185441182862, ""nrmse"": 0.42301737702761055, ""n_valid"": 1467, ""n_targets"": 1467}, {""horizon_s"": 0.28, ""horizon_samples"": 7, ""cc"": 0.8946888055971736, ""nrmse"": 0.4503453426721461, ""n_valid"": 1465, ""n_targets"": 1465}, {""horizon_s"": 0.4, ""horizon_samples"": 10, ""cc"": 0.8757817065786011, ""nrmse"": 0.48715012952339026, ""n_valid"": 1462, ""n_targets"": 1462}, {""horizon_s"": 0.6, ""horizon_samples"": 15, ""cc"": 0.8272631377043131, ""nrmse"": 0.5683477691416295, ""n_valid"": 1457, ""n_targets"": 1457}, {""horizon_s"": 0.8, ""horizon_samples"": 20, ""cc"": 0.7830559453117086, ""nrmse"": 0.6303146328022835, ""n_valid"": 1452, ""n_targets"": 1452}, {""horizon_s"": 1.0, ""horizon_samples"": 25, ""cc"": 0.7040959796319991, ""nrmse"": 0.7227699386296119, ""n_valid"": 1447, ""n_targets"": 1447}, {""horizon_s"": 1.2, ""horizon_samples"": 30, ""cc"": 0.6718028058361936, ""nrmse"": 0.754786485161157, ""n_valid"": 1442, ""n_targets"": 1442}, {""horizon_s"": 1.6, ""horizon_samples"": 40, ""cc"": 0.49977363447220724, ""nrmse"": 0.895338397019766, ""n_valid"": 1432, ""n_targets"": 1432}, {""horizon_s"": 2.0, ""horizon_samples"": 50, ""cc"": 0.39073157648751355, ""nrmse"": 0.9629934970155962, ""n_valid"": 1422, ""n_targets"": 1422}, {""horizon_s"": 2.4, ""horizon_samples"": 60, ""cc"": 0.26672719590264155, ""nrmse"": 1.0272780142276257, ""n_valid"": 1412, ""n_targets"": 1412}, {""horizon_s"": 2.8, ""horizon_samples"": 70, ""cc"": 0.16605179487358768, ""nrmse"": 1.065615159878779, ""n_valid"": 1402, ""n_targets"": 1402}, {""horizon_s"": 3.2, ""horizon_samples"": 80, ""cc"": 0.11447595563833482, ""nrmse"": 1.08308416870376, ""n_valid"": 1392, ""n_targets"": 1392}, {""horizon_s"": 3.6, ""horizon_samples"": 90, ""cc"": 0.08049659107792015, ""nrmse"": 1.0965443070684093, ""n_valid"": 1382, ""n_targets"": 1382}, {""horizon_s"": 4.0, ""horizon_samples"": 100, ""cc"": 0.12193599674494808, ""nrmse"": 1.0861862266822702, ""n_valid"": 1372, ""n_targets"": 1372}]",25,28,0.02000007678678039,True,0.0,568.4067127791205,13,0.5200519999993958,1472,1383,True,ok,8,0.16,4,0.8,1.3,5.0,0.02,2.0013998720005475,,True,738b4ae5057a1c74a6785b3ff08b90432f5acc71b8033251f2d88df2ddec71a6,e3ca740ccf30743ff8b672688e0c4ce139e0522d51b81258a8aa9633440c5049,T30_23_00044,False,dc2de0c03036394091cb7c2b7c070947f7d1b458301f46d0881b102e3e922705
nan,23,sample_23.csv,T30,T30_23_00048,Awake,0,5,5,3077.530043,3137.730518,60,60.20047499999964,1500,24.997500250004045,73642,75142,76630,78130,T30/filtered_sessions/sample_23.csv,True,0,0.0,True,0.08082446350816135,True,0.24607166359822835,True,nan,0.6415334464599756,0.6806354696366855,0.7228007870614772,4.167404537908135,0.3881556845995105,2.0354850887127216,0.8797139370487349,0.9889235150270492,0.8000799999990704,1.2801279999985127,True,True,True,True,True,,,,,18,"[{""horizon_s"": 0.04, ""horizon_samples"": 1, ""cc"": 0.9622217427137516, ""nrmse"": 0.2726043295740483, ""n_valid"": 1471, ""n_targets"": 1471}, {""horizon_s"": 0.08, ""horizon_samples"": 2, ""cc"": 0.9228737850397605, ""nrmse"": 0.385941888146998, ""n_valid"": 1470, ""n_targets"": 1470}, {""horizon_s"": 0.12, ""horizon_samples"": 3, ""cc"": 0.9214340442419785, ""nrmse"": 0.38915573584189506, ""n_valid"": 1469, ""n_targets"": 1469}, {""horizon_s"": 0.16, ""horizon_samples"": 4, ""cc"": 0.9164474967314579, ""nrmse"": 0.4008087679334564, ""n_valid"": 1468, ""n_targets"": 1468}, {""horizon_s"": 0.2, ""horizon_samples"": 5, ""cc"": 0.9110011272928947, ""nrmse"": 0.4131672470001301, ""n_valid"": 1467, ""n_targets"": 1467}, {""horizon_s"": 0.28, ""horizon_samples"": 7, ""cc"": 0.8949967429875755, ""nrmse"": 0.4470975650486859, ""n_valid"": 1465, ""n_targets"": 1465}, {""horizon_s"": 0.4, ""horizon_samples"": 10, ""cc"": 0.8841606538540346, ""nrmse"": 0.4670865194781684, ""n_valid"": 1462, ""n_targets"": 1462}, {""horizon_s"": 0.6, ""horizon_samples"": 15, ""cc"": 0.8391683104098301, ""nrmse"": 0.5434239130279108, ""n_valid"": 1457, ""n_targets"": 1457}, {""horizon_s"": 0.8, ""horizon_samples"": 20, ""cc"": 0.7860361801746837, ""nrmse"": 0.6213597088330005, ""n_valid"": 1452, ""n_targets"": 1452}, {""horizon_s"": 1.0, ""horizon_samples"": 25, ""cc"": 0.7129551346129406, ""nrmse"": 0.706824762152909, ""n_valid"": 1447, ""n_targets"": 1447}, {""horizon_s"": 1.2, ""horizon_samples"": 30, ""cc"": 0.6696200665195432, ""nrmse"": 0.7482164755914741, ""n_valid"": 1442, ""n_targets"": 1442}, {""horizon_s"": 1.6, ""horizon_samples"": 40, ""cc"": 0.570764552846962, ""nrmse"": 0.8345814901008042, ""n_valid"": 1432, ""n_targets"": 1432}, {""horizon_s"": 2.0, ""horizon_samples"": 50, ""cc"": 0.43830637938673706, ""nrmse"": 0.9229883664682637, ""n_valid"": 1422, ""n_targets"": 1422}, {""horizon_s"": 2.4, ""horizon_samples"": 60, ""cc"": 0.3491493541952369, ""nrmse"": 0.9723501288588626, ""n_valid"": 1412, ""n_targets"": 1412}, {""horizon_s"": 2.8, ""horizon_samples"": 70, ""cc"": 0.2847040283305006, ""nrmse"": 0.9979241760515, ""n_valid"": 1402, ""n_targets"": 1402}, {""horizon_s"": 3.2, ""horizon_samples"": 80, ""cc"": 0.22521585181083784, ""nrmse"": 1.0209950897127078, ""n_valid"": 1392, ""n_targets"": 1392}, {""horizon_s"": 3.6, ""horizon_samples"": 90, ""cc"": 0.16098858077990263, ""nrmse"": 1.0442442583952165, ""n_valid"": 1382, ""n_targets"": 1382}, {""horizon_s"": 4.0, ""horizon_samples"": 100, ""cc"": 0.09755800435093065, ""nrmse"": 1.0626680312443075, ""n_valid"": 1372, ""n_targets"": 1372}]",25,28,0.02000007678678039,True,0.0,440.81256149584243,14,0.5600559999993493,1472,1410,True,ok,8,0.16,4,0.8,1.3,5.0,0.02,1.28211966300114,,True,aaaaf3d45b46de8cb32fa3f4f79cc61a1a4c56dec9f03f4fd94272202e405ee3,4d56b2f54a2eaf579dd1133dae1e6975586252cf3ca0a4fc54d579daede861ab,T30_23_00048,False,dc2de0c03036394091cb7c2b7c070947f7d1b458301f46d0881b102e3e922705
nan,23,sample_23.csv,T30,T30_23_00049,Awake,0,5,5,3137.770142,3197.960566,60,60.19042400000035,1500,24.997500250004045,75142,76642,78130,79630,T30/filtered_sessions/sample_23.csv,True,0,0.0,True,0.16485045069800608,True,0.18545906607947915,True,nan,0.4925059096283218,0.7761642638013692,0.6676584921053894,4.066647179187372,0.47938762777751115,2.2109340416113326,0.9020591831406197,0.990211490796919,0.8000799999990704,1.2801279999985127,True,True,True,True,True,,,,,18,"[{""horizon_s"": 0.04, ""horizon_samples"": 1, ""cc"": 0.9416190818646137, ""nrmse"": 0.3360411290411813, ""n_valid"": 1471, ""n_targets"": 1471}, {""horizon_s"": 0.08, ""horizon_samples"": 2, ""cc"": 0.8688189073567323, ""nrmse"": 0.4947808565513982, ""n_valid"": 1470, ""n_targets"": 1470}, {""horizon_s"": 0.12, ""horizon_samples"": 3, ""cc"": 0.862579619973798, ""nrmse"": 0.5053819657386691, ""n_valid"": 1469, ""n_targets"": 1469}, {""horizon_s"": 0.16, ""horizon_samples"": 4, ""cc"": 0.8595649519815586, ""nrmse"": 0.5099817674108554, ""n_valid"": 1468, ""n_targets"": 1468}, {""horizon_s"": 0.2, ""horizon_samples"": 5, ""cc"": 0.857037120182924, ""nrmse"": 0.5140836915985268, ""n_valid"": 1467, ""n_targets"": 1467}, {""horizon_s"": 0.28, ""horizon_samples"": 7, ""cc"": 0.8280297086714947, ""nrmse"": 0.5610498651690563, ""n_valid"": 1465, ""n_targets"": 1465}, {""horizon_s"": 0.4, ""horizon_samples"": 10, ""cc"": 0.8166712299210133, ""nrmse"": 0.5775761280506566, ""n_valid"": 1462, ""n_targets"": 1462}, {""horizon_s"": 0.6, ""horizon_samples"": 15, ""cc"": 0.7665214204439157, ""nrmse"": 0.6432355113984644, ""n_valid"": 1457, ""n_targets"": 1457}, {""horizon_s"": 0.8, ""horizon_samples"": 20, ""cc"": 0.697847829312184, ""nrmse"": 0.7163819262980572, ""n_valid"": 1452, ""n_targets"": 1452}, {""horizon_s"": 1.0, ""horizon_samples"": 25, ""cc"": 0.5814099673468114, ""nrmse"": 0.8166335043567483, ""n_valid"": 1447, ""n_targets"": 1447}, {""horizon_s"": 1.2, ""horizon_samples"": 30, ""cc"": 0.555553522313929, ""nrmse"": 0.8361355453166389, ""n_valid"": 1442, ""n_targets"": 1442}, {""horizon_s"": 1.6, ""horizon_samples"": 40, ""cc"": 0.3857935696080336, ""nrmse"": 0.9415547849230022, ""n_valid"": 1432, ""n_targets"": 1432}, {""horizon_s"": 2.0, ""horizon_samples"": 50, ""cc"": 0.19954930236429272, ""nrmse"": 1.0200844716529665, ""n_valid"": 1422, ""n_targets"": 1422}, {""horizon_s"": 2.4, ""horizon_samples"": 60, ""cc"": 0.0843018314194583, ""nrmse"": 1.0602299876888484, ""n_valid"": 1412, ""n_targets"": 1412}, {""horizon_s"": 2.8, ""horizon_samples"": 70, ""cc"": -0.05090066513811079, ""nrmse"": 1.0927010593945319, ""n_valid"": 1402, ""n_targets"": 1402}, {""horizon_s"": 3.2, ""horizon_samples"": 80, ""cc"": -0.08910926414654738, ""nrmse"": 1.1038281833137125, ""n_valid"": 1392, ""n_targets"": 1392}, {""horizon_s"": 3.6, ""horizon_samples"": 90, ""cc"": -0.11082743222672795, ""nrmse"": 1.1102075765534583, ""n_valid"": 1382, ""n_targets"": 1382}, {""horizon_s"": 4.0, ""horizon_samples"": 100, ""cc"": -0.18935432793957946, ""nrmse"": 1.131068793967872, ""n_valid"": 1372, ""n_targets"": 1372}]",25,28,0.02000007678678039,True,0.0,631.2505462930671,14,0.5600559999993493,1472,1386,True,ok,8,0.16,4,0.8,1.3,5.0,0.02,1.2907467650002218,,True,38c4c27e477802033c4c245c5520380bba41b89e1d8cd2bd1217d16422fcfe92,2e66ce7bfb59e780d0f1a44e376f15c8380cbda36c7993d175679f11d666d0d4,T30_23_00049,False,dc2de0c03036394091cb7c2b7c070947f7d1b458301f46d0881b102e3e922705
nan,23,sample_23.csv,T30,T30_23_00047,Awake,0,5,5,3017.290161,3077.49002,60,60.19985900000029,1500,24.997500250004045,72142,73642,75130,76630,T30/filtered_sessions/sample_23.csv,True,0,0.0,True,0.1226300133075342,True,0.2474026420376946,True,nan,0.5792134580498302,0.7045887503505529,0.6948697029322839,3.945231607629428,0.3342131784805874,2.044027003228647,0.8030852312079398,0.9892460501224231,0.8000799999990704,1.2801279999985127,True,True,True,True,True,,,,,18,"[{""horizon_s"": 0.04, ""horizon_samples"": 1, ""cc"": 0.9617292165369006, ""nrmse"": 0.2742987344330777, ""n_valid"": 1471, ""n_targets"": 1471}, {""horizon_s"": 0.08, ""horizon_samples"": 2, ""cc"": 0.9263747055969545, ""nrmse"": 0.3773264246552277, ""n_valid"": 1470, ""n_targets"": 1470}, {""horizon_s"": 0.12, ""horizon_samples"": 3, ""cc"": 0.9248647452693287, ""nrmse"": 0.38078737359121156, ""n_valid"": 1469, ""n_targets"": 1469}, {""horizon_s"": 0.16, ""horizon_samples"": 4, ""cc"": 0.909149825191502, ""nrmse"": 0.41713067929817693, ""n_valid"": 1468, ""n_targets"": 1468}, {""horizon_s"": 0.2, ""horizon_samples"": 5, ""cc"": 0.9057339957931712, ""nrmse"": 0.4248793189179019, ""n_valid"": 1467, ""n_targets"": 1467}, {""horizon_s"": 0.28, ""horizon_samples"": 7, ""cc"": 0.9022792965705185, ""nrmse"": 0.4321690009770506, ""n_valid"": 1465, ""n_targets"": 1465}, {""horizon_s"": 0.4, ""horizon_samples"": 10, ""cc"": 0.882210378278696, ""nrmse"": 0.47159575484304883, ""n_valid"": 1462, ""n_targets"": 1462}, {""horizon_s"": 0.6, ""horizon_samples"": 15, ""cc"": 0.8196922212134872, ""nrmse"": 0.5743920917715499, ""n_valid"": 1457, ""n_targets"": 1457}, {""horizon_s"": 0.8, ""horizon_samples"": 20, ""cc"": 0.7820760879364868, ""nrmse"": 0.6257475130520055, ""n_valid"": 1452, ""n_targets"": 1452}, {""horizon_s"": 1.0, ""horizon_samples"": 25, ""cc"": 0.6930302519209854, ""nrmse"": 0.7259215266756536, ""n_valid"": 1447, ""n_targets"": 1447}, {""horizon_s"": 1.2, ""horizon_samples"": 30, ""cc"": 0.628503315205089, ""nrmse"": 0.7864416426596689, ""n_valid"": 1442, ""n_targets"": 1442}, {""horizon_s"": 1.6, ""horizon_samples"": 40, ""cc"": 0.46788361170796183, ""nrmse"": 0.9021774936072603, ""n_valid"": 1432, ""n_targets"": 1432}, {""horizon_s"": 2.0, ""horizon_samples"": 50, ""cc"": 0.3446394637840169, ""nrmse"": 0.9669252229056375, ""n_valid"": 1422, ""n_targets"": 1422}, {""horizon_s"": 2.4, ""horizon_samples"": 60, ""cc"": 0.19408268821661204, ""nrmse"": 1.0316841208896979, ""n_valid"": 1412, ""n_targets"": 1412}, {""horizon_s"": 2.8, ""horizon_samples"": 70, ""cc"": 0.10808629574779276, ""nrmse"": 1.053517461719591, ""n_valid"": 1402, ""n_targets"": 1402}, {""horizon_s"": 3.2, ""horizon_samples"": 80, ""cc"": -0.010705115056368975, ""nrmse"": 1.0845191722217566, ""n_valid"": 1392, ""n_targets"": 1392}, {""horizon_s"": 3.6, ""horizon_samples"": 90, ""cc"": -0.007287319639393644, ""nrmse"": 1.0785206339714384, ""n_valid"": 1382, ""n_targets"": 1382}, {""horizon_s"": 4.0, ""horizon_samples"": 100, ""cc"": -0.006501419376798706, ""nrmse"": 1.0745633401199972, ""n_valid"": 1372, ""n_targets"": 1372}]",25,28,0.02000007678678039,True,0.0,450.07147380245647,13,0.5200519999993958,1472,1431,True,ok,8,0.16,4,0.8,1.3,5.0,0.02,1.6303155009991315,,True,2d4da57b5fbbd1fe0e65c6601b1569f8ac8ee2e110b3a60ed9fd6f1c6157c0a2,bc360ff4025f9cbd69ab96ffbb3e7055d6f7fe04f26329871035a49f699a2a15,T30_23_00047,False,dc2de0c03036394091cb7c2b7c070947f7d1b458301f46d0881b102e3e922705
nan,23,sample_23.csv,T30,T30_23_00046,Awake,0,5,5,2957.059775,3017.250136,60,60.19036099999994,1500,24.997500250004045,70642,72142,73630,75130,T30/filtered_sessions/sample_23.csv,True,0,0.0,True,0.13802107140716394,True,0.4241780271696537,True,nan,0.6292808169452703,0.6799864628478356,0.6533570091663867,3.7247606019151847,0.2592743677112828,2.0573115003808073,0.8046516774284507,0.9792570158160768,0.8000799999990704,1.2801279999985127,True,True,True,True,True,,,,,18,"[{""horizon_s"": 0.04, ""horizon_samples"": 1, ""cc"": 0.9550671988586191, ""nrmse"": 0.2937112472519913, ""n_valid"": 1471, ""n_targets"": 1471}, {""horizon_s"": 0.08, ""horizon_samples"": 2, ""cc"": 0.9156820009416834, ""nrmse"": 0.3980636537553778, ""n_valid"": 1470, ""n_targets"": 1470}, {""horizon_s"": 0.12, ""horizon_samples"": 3, ""cc"": 0.9148841539249172, ""nrmse"": 0.39975310680217757, ""n_valid"": 1469, ""n_targets"": 1469}, {""horizon_s"": 0.16, ""horizon_samples"": 4, ""cc"": 0.9126071441081814, ""nrmse"": 0.4049387105288204, ""n_valid"": 1468, ""n_targets"": 1468}, {""horizon_s"": 0.2, ""horizon_samples"": 5, ""cc"": 0.9110904673138424, ""nrmse"": 0.40871934396730514, ""n_valid"": 1467, ""n_targets"": 1467}, {""horizon_s"": 0.28, ""horizon_samples"": 7, ""cc"": 0.893795804723543, ""nrmse"": 0.44455339628307894, ""n_valid"": 1465, ""n_targets"": 1465}, {""horizon_s"": 0.4, ""horizon_samples"": 10, ""cc"": 0.8682704400125011, ""nrmse"": 0.4921867928761473, ""n_valid"": 1462, ""n_targets"": 1462}, {""horizon_s"": 0.6, ""horizon_samples"": 15, ""cc"": 0.8407436977899231, ""nrmse"": 0.5341595681195057, ""n_valid"": 1457, ""n_targets"": 1457}, {""horizon_s"": 0.8, ""horizon_samples"": 20, ""cc"": 0.7762804119303497, ""nrmse"": 0.6222960848317762, ""n_valid"": 1452, ""n_targets"": 1452}, {""horizon_s"": 1.0, ""horizon_samples"": 25, ""cc"": 0.7336170828772101, ""nrmse"": 0.6725787148255505, ""n_valid"": 1447, ""n_targets"": 1447}, {""horizon_s"": 1.2, ""horizon_samples"": 30, ""cc"": 0.685107768898045, ""nrmse"": 0.7224910944835053, ""n_valid"": 1442, ""n_targets"": 1442}, {""horizon_s"": 1.6, ""horizon_samples"": 40, ""cc"": 0.5360201672176348, ""nrmse"": 0.8473104705795801, ""n_valid"": 1432, ""n_targets"": 1432}, {""horizon_s"": 2.0, ""horizon_samples"": 50, ""cc"": 0.4417547614230715, ""nrmse"": 0.9068490448784053, ""n_valid"": 1422, ""n_targets"": 1422}, {""horizon_s"": 2.4, ""horizon_samples"": 60, ""cc"": 0.3376575963916076, ""nrmse"": 0.9611093372642404, ""n_valid"": 1412, ""n_targets"": 1412}, {""horizon_s"": 2.8, ""horizon_samples"": 70, ""cc"": 0.23409291581374633, ""nrmse"": 1.0018747224191558, ""n_valid"": 1402, ""n_targets"": 1402}, {""horizon_s"": 3.2, ""horizon_samples"": 80, ""cc"": 0.16058018030754734, ""nrmse"": 1.035831635240451, ""n_valid"": 1392, ""n_targets"": 1392}, {""horizon_s"": 3.6, ""horizon_samples"": 90, ""cc"": 0.11960953910220444, ""nrmse"": 1.042648035805787, ""n_valid"": 1382, ""n_targets"": 1382}, {""horizon_s"": 4.0, ""horizon_samples"": 100, ""cc"": 0.09019337338023736, ""nrmse"": 1.0506813713481833, ""n_valid"": 1372, ""n_targets"": 1372}]",25,28,0.02000007678678039,True,0.0,429.2598348966823,12,0.48004799999944225,1472,1419,True,ok,8,0.16,4,0.8,1.3,5.0,0.02,2.4818220889992517,,True,9f256e35cf6f64bb0efab0a0dc356641f2970da672b9d62399dbe8946ad94d68,8289758cb2dd17d2cf212621bf9c49af1e651b94dbe31fb36a707f28a1ba66f2,T30_23_00046,False,dc2de0c03036394091cb7c2b7c070947f7d1b458301f46d0881b102e3e922705
nan,23,sample_23.csv,T30,T30_23_00050,Awake,0,5,5,3197.999598,3258.199816,60,60.20021799999995,1500,24.997500250004045,76642,78142,79630,81130,T30/filtered_sessions/sample_23.csv,True,0,0.0,True,0.04148340483463807,True,0.33672320410832535,True,nan,0.5924688743263299,0.7155079182826799,0.7225608292940442,4.333909038572251,0.4183663675193166,2.0640464070084055,0.9915445911725934,0.9926235975696208,0.8000799999990704,1.2801279999985127,True,True,True,True,True,,,,,18,"[{""horizon_s"": 0.04, ""horizon_samples"": 1, ""cc"": 0.96464797303168, ""nrmse"": 0.26410101003459907, ""n_valid"": 1471, ""n_targets"": 1471}, {""horizon_s"": 0.08, ""horizon_samples"": 2, ""cc"": 0.9204813351993146, ""nrmse"": 0.39127201937283423, ""n_valid"": 1470, ""n_targets"": 1470}, {""horizon_s"": 0.12, ""horizon_samples"": 3, ""cc"": 0.9079845105971079, ""nrmse"": 0.4191096512493249, ""n_valid"": 1469, ""n_targets"": 1469}, {""horizon_s"": 0.16, ""horizon_samples"": 4, ""cc"": 0.8965539846786329, ""nrmse"": 0.4426884756063836, ""n_valid"": 1468, ""n_targets"": 1468}, {""horizon_s"": 0.2, ""horizon_samples"": 5, ""cc"": 0.8924538472472268, ""nrmse"": 0.4505526936259053, ""n_valid"": 1467, ""n_targets"": 1467}, {""horizon_s"": 0.28, ""horizon_samples"": 7, ""cc"": 0.8845873563351115, ""nrmse"": 0.46618070178259224, ""n_valid"": 1465, ""n_targets"": 1465}, {""horizon_s"": 0.4, ""horizon_samples"": 10, ""cc"": 0.8613335606541811, ""nrmse"": 0.5088084684710387, ""n_valid"": 1462, ""n_targets"": 1462}, {""horizon_s"": 0.6, ""horizon_samples"": 15, ""cc"": 0.8046838074012829, ""nrmse"": 0.5957172477368353, ""n_valid"": 1457, ""n_targets"": 1457}, {""horizon_s"": 0.8, ""horizon_samples"": 20, ""cc"": 0.7412548876451397, ""nrmse"": 0.672668470033445, ""n_valid"": 1452, ""n_targets"": 1452}, {""horizon_s"": 1.0, ""horizon_samples"": 25, ""cc"": 0.6580954606229383, ""nrmse"": 0.7579230254943479, ""n_valid"": 1447, ""n_targets"": 1447}, {""horizon_s"": 1.2, ""horizon_samples"": 30, ""cc"": 0.6142142689466848, ""nrmse"": 0.7975093155416078, ""n_valid"": 1442, ""n_targets"": 1442}, {""horizon_s"": 1.6, ""horizon_samples"": 40, ""cc"": 0.5115758969033046, ""nrmse"": 0.8744282280033817, ""n_valid"": 1432, ""n_targets"": 1432}, {""horizon_s"": 2.0, ""horizon_samples"": 50, ""cc"": 0.3872569215705822, ""nrmse"": 0.9507335240924705, ""n_valid"": 1422, ""n_targets"": 1422}, {""horizon_s"": 2.4, ""horizon_samples"": 60, ""cc"": 0.24802465113200073, ""nrmse"": 1.0157321241459505, ""n_valid"": 1412, ""n_targets"": 1412}, {""horizon_s"": 2.8, ""horizon_samples"": 70, ""cc"": 0.15112486074938045, ""nrmse"": 1.0540159205910649, ""n_valid"": 1402, ""n_targets"": 1402}, {""horizon_s"": 3.2, ""horizon_samples"": 80, ""cc"": 0.12568600855221504, ""nrmse"": 1.055821180278241, ""n_valid"": 1392, ""n_targets"": 1392}, {""horizon_s"": 3.6, ""horizon_samples"": 90, ""cc"": 0.05570946604519607, ""nrmse"": 1.0818232676669304, ""n_valid"": 1382, ""n_targets"": 1382}, {""horizon_s"": 4.0, ""horizon_samples"": 100, ""cc"": 0.038770940561959316, ""nrmse"": 1.080057205361286, ""n_valid"": 1372, ""n_targets"": 1372}]",25,28,0.02000007678678039,True,0.0,487.61977369499107,15,0.6000599999993028,1472,1400,True,ok,8,0.16,4,0.8,1.3,5.0,0.02,1.6179725490001147,,True,604505bec82dc0b2689d96bd4aab5fff3c9be469ed9071c301d15ca5cf818c1b,458b2131c8ba4563453dfd6ed88c402c6d90dddba14de1f4a6bc9c4e771c2d31,T30_23_00050,False,dc2de0c03036394091cb7c2b7c070947f7d1b458301f46d0881b102e3e922705
nan,23,sample_23.csv,T30,T30_23_00053,Awake,0,5,5,3378.710515,3438.900207,60,60.18969199999992,1500,24.997500250004045,81142,82642,84130,85630,T30/filtered_sessions/sample_23.csv,True,0,0.0,True,0.46298024292666895,True,0.48313525084899117,True,nan,0.6354805709875899,0.6847799149565201,0.689398665834813,4.015935141179759,0.4767480923357489,2.137263339070568,0.9238173641420884,0.9938836561572918,0.8000799999990704,1.2801279999985127,True,True,True,True,True,,,,,18,"[{""horizon_s"": 0.04, ""horizon_samples"": 1, ""cc"": 0.9669894057966091, ""nrmse"": 0.25549051024367286, ""n_valid"": 1471, ""n_targets"": 1471}, {""horizon_s"": 0.08, ""horizon_samples"": 2, ""cc"": 0.925074618245204, ""nrmse"": 0.3807283848233501, ""n_valid"": 1470, ""n_targets"": 1470}, {""horizon_s"": 0.12, ""horizon_samples"": 3, ""cc"": 0.9204306667047445, ""nrmse"": 0.39187407968832755, ""n_valid"": 1469, ""n_targets"": 1469}, {""horizon_s"": 0.16, ""horizon_samples"": 4, ""cc"": 0.9115155647369785, ""nrmse"": 0.4118017627002322, ""n_valid"": 1468, ""n_targets"": 1468}, {""horizon_s"": 0.2, ""horizon_samples"": 5, ""cc"": 0.9086966392214118, ""nrmse"": 0.4180665393066765, ""n_valid"": 1467, ""n_targets"": 1467}, {""horizon_s"": 0.28, ""horizon_samples"": 7, ""cc"": 0.9018315138212053, ""nrmse"": 0.43288160264835773, ""n_valid"": 1465, ""n_targets"": 1465}, {""horizon_s"": 0.4, ""horizon_samples"": 10, ""cc"": 0.879885171569692, ""nrmse"": 0.47592084637158555, ""n_valid"": 1462, ""n_targets"": 1462}, {""horizon_s"": 0.6, ""horizon_samples"": 15, ""cc"": 0.8431809548133254, ""nrmse"": 0.5382153399336667, ""n_valid"": 1457, ""n_targets"": 1457}, {""horizon_s"": 0.8, ""horizon_samples"": 20, ""cc"": 0.8013096062403976, ""nrmse"": 0.6000628066479954, ""n_valid"": 1452, ""n_targets"": 1452}, {""horizon_s"": 1.0, ""horizon_samples"": 25, ""cc"": 0.6967390722505293, ""nrmse"": 0.7222784623567093, ""n_valid"": 1447, ""n_targets"": 1447}, {""horizon_s"": 1.2, ""horizon_samples"": 30, ""cc"": 0.6397820801657965, ""nrmse"": 0.7775760513843732, ""n_valid"": 1442, ""n_targets"": 1442}, {""horizon_s"": 1.6, ""horizon_samples"": 40, ""cc"": 0.545564907873923, ""nrmse"": 0.855284071805693, ""n_valid"": 1432, ""n_targets"": 1432}, {""horizon_s"": 2.0, ""horizon_samples"": 50, ""cc"": 0.4476060237550091, ""nrmse"": 0.9165660084312061, ""n_valid"": 1422, ""n_targets"": 1422}, {""horizon_s"": 2.4, ""horizon_samples"": 60, ""cc"": 0.3899545815624775, ""nrmse"": 0.9516032490748021, ""n_valid"": 1412, ""n_targets"": 1412}, {""horizon_s"": 2.8, ""horizon_samples"": 70, ""cc"": 0.26685094574973095, ""nrmse"": 1.0126728795355202, ""n_valid"": 1402, ""n_targets"": 1402}, {""horizon_s"": 3.2, ""horizon_samples"": 80, ""cc"": 0.21671630254092705, ""nrmse"": 1.031768601437873, ""n_valid"": 1392, ""n_targets"": 1392}, {""horizon_s"": 3.6, ""horizon_samples"": 90, ""cc"": 0.10214742082221542, ""nrmse"": 1.0735339352989994, ""n_valid"": 1382, ""n_targets"": 1382}, {""horizon_s"": 4.0, ""horizon_samples"": 100, ""cc"": 0.07437480190644186, ""nrmse"": 1.0797133375283223, ""n_valid"": 1372, ""n_targets"": 1372}]",25,28,0.02000007678678039,True,0.0,424.26280022303075,14,0.5600559999993493,1472,1433,True,ok,8,0.16,4,0.8,1.3,5.0,0.02,1.3459889010009647,,True,3ed8b6933fc87c28f765f3888f316e1abe28c0ed00d1bb3d98e9ac3f246c5246,a105194dd8db7838583955dbabe2e26c0e6623e083b0755c84267d518a3852f8,T30_23_00053,False,dc2de0c03036394091cb7c2b7c070947f7d1b458301f46d0881b102e3e922705
nan,23,sample_23.csv,T30,T30_23_00054,Awake,0,5,5,3438.940155,3499.129973,60,60.18981800000029,1500,24.997500250004045,82642,84142,85630,87130,T30/filtered_sessions/sample_23.csv,True,0,0.0,True,0.054073692887472435,False,0.552759934095656,True,nan,0.5476912380526558,0.7451649955161037,0.7264961366799443,4.16795154185022,0.5311465182127946,2.1046876485689836,0.8187860901471462,0.9973412696696399,0.8000799999990704,1.2801279999985127,True,True,True,True,True,,,,,18,"[{""horizon_s"": 0.04, ""horizon_samples"": 1, ""cc"": 0.9498310524053498, ""nrmse"": 0.31316573536045694, ""n_valid"": 1471, ""n_targets"": 1471}, {""horizon_s"": 0.08, ""horizon_samples"": 2, ""cc"": 0.8992349205389718, ""nrmse"": 0.4382119125593295, ""n_valid"": 1470, ""n_targets"": 1470}, {""horizon_s"": 0.12, ""horizon_samples"": 3, ""cc"": 0.8992884664741373, ""nrmse"": 0.4373203711383973, ""n_valid"": 1469, ""n_targets"": 1469}, {""horizon_s"": 0.16, ""horizon_samples"": 4, ""cc"": 0.8852470470706963, ""nrmse"": 0.4647961072588047, ""n_valid"": 1468, ""n_targets"": 1468}, {""horizon_s"": 0.2, ""horizon_samples"": 5, ""cc"": 0.8800900589901052, ""nrmse"": 0.47557367539311396, ""n_valid"": 1467, ""n_targets"": 1467}, {""horizon_s"": 0.28, ""horizon_samples"": 7, ""cc"": 0.8619635214025864, ""nrmse"": 0.5076374779339776, ""n_valid"": 1465, ""n_targets"": 1465}, {""horizon_s"": 0.4, ""horizon_samples"": 10, ""cc"": 0.8409638006653669, ""nrmse"": 0.5424267179151172, ""n_valid"": 1462, ""n_targets"": 1462}, {""horizon_s"": 0.6, ""horizon_samples"": 15, ""cc"": 0.7595121728877477, ""nrmse"": 0.6520057888796847, ""n_valid"": 1457, ""n_targets"": 1457}, {""horizon_s"": 0.8, ""horizon_samples"": 20, ""cc"": 0.7027018838279526, ""nrmse"": 0.7170504180478213, ""n_valid"": 1452, ""n_targets"": 1452}, {""horizon_s"": 1.0, ""horizon_samples"": 25, ""cc"": 0.6451194237954573, ""nrmse"": 0.7699961292953474, ""n_valid"": 1447, ""n_targets"": 1447}, {""horizon_s"": 1.2, ""horizon_samples"": 30, ""cc"": 0.5902619440410005, ""nrmse"": 0.8174067089854812, ""n_valid"": 1442, ""n_targets"": 1442}, {""horizon_s"": 1.6, ""horizon_samples"": 40, ""cc"": 0.4610807500519826, ""nrmse"": 0.9062835367797117, ""n_valid"": 1432, ""n_targets"": 1432}, {""horizon_s"": 2.0, ""horizon_samples"": 50, ""cc"": 0.33599424825512514, ""nrmse"": 0.9695211677660766, ""n_valid"": 1422, ""n_targets"": 1422}, {""horizon_s"": 2.4, ""horizon_samples"": 60, ""cc"": 0.18217583877261778, ""nrmse"": 1.034154922774895, ""n_valid"": 1412, ""n_targets"": 1412}, {""horizon_s"": 2.8, ""horizon_samples"": 70, ""cc"": 0.03540577758022691, ""nrmse"": 1.0794686737495007, ""n_valid"": 1402, ""n_targets"": 1402}, {""horizon_s"": 3.2, ""horizon_samples"": 80, ""cc"": -0.0040371882720468075, ""nrmse"": 1.0945853252486393, ""n_valid"": 1392, ""n_targets"": 1392}, {""horizon_s"": 3.6, ""horizon_samples"": 90, ""cc"": -0.05250293844528694, ""nrmse"": 1.100181322152319, ""n_valid"": 1382, ""n_targets"": 1382}, {""horizon_s"": 4.0, ""horizon_samples"": 100, ""cc"": -0.013888495094184983, ""nrmse"": 1.093183928051193, ""n_valid"": 1372, ""n_targets"": 1372}]",25,28,0.02000007678678039,True,0.0,556.7466739774709,13,0.5200519999993958,1472,1435,True,ok,8,0.16,4,0.8,1.3,5.0,0.02,1.2973901509994903,,True,d98526c0434edfce1636c33f92e2fe47dd3c18b56a6acb8e22bcc3a054047268,5be66be02556c2dc111a4ccf6d96510b412671406e56342a340a7d34d1b38e3e,T30_23_00054,False,dc2de0c03036394091cb7c2b7c070947f7d1b458301f46d0881b102e3e922705
nan,23,sample_23.csv,T30,T30_23_00055,Awake,0,5,5,3499.169625,3559.359864,60,60.19023900000002,1500,24.997500250004045,84142,85642,87130,88630,T30/filtered_sessions/sample_23.csv,True,0,0.0,True,0.08928062573716536,True,0.2143610891514718,True,nan,0.6438219392300898,0.6818251482481013,0.740221720977108,4.216511755057408,0.413159283966022,2.05833831440526,0.8435076427569494,0.9435069090027346,0.8000799999990704,1.2801279999985127,True,False,True,True,True,,,,,18,"[{""horizon_s"": 0.04, ""horizon_samples"": 1, ""cc"": 0.9624307956894059, ""nrmse"": 0.27305348521038936, ""n_valid"": 1471, ""n_targets"": 1471}, {""horizon_s"": 0.08, ""horizon_samples"": 2, ""cc"": 0.9250979516922387, ""nrmse"": 0.38177568715271143, ""n_valid"": 1470, ""n_targets"": 1470}, {""horizon_s"": 0.12, ""horizon_samples"": 3, ""cc"": 0.919595223312509, ""nrmse"": 0.39455974613270717, ""n_valid"": 1469, ""n_targets"": 1469}, {""horizon_s"": 0.16, ""horizon_samples"": 4, ""cc"": 0.9069458856821137, ""nrmse"": 0.4233305011704174, ""n_valid"": 1468, ""n_targets"": 1468}, {""horizon_s"": 0.2, ""horizon_samples"": 5, ""cc"": 0.9051122271225069, ""nrmse"": 0.42674510068042604, ""n_valid"": 1467, ""n_targets"": 1467}, {""horizon_s"": 0.28, ""horizon_samples"": 7, ""cc"": 0.904302795803006, ""nrmse"": 0.4286330498095811, ""n_valid"": 1465, ""n_targets"": 1465}, {""horizon_s"": 0.4, ""horizon_samples"": 10, ""cc"": 0.8725820404094895, ""nrmse"": 0.4901286151157918, ""n_valid"": 1462, ""n_targets"": 1462}, {""horizon_s"": 0.6, ""horizon_samples"": 15, ""cc"": 0.822818599275155, ""nrmse"": 0.5704780507378875, ""n_valid"": 1457, ""n_targets"": 1457}, {""horizon_s"": 0.8, ""horizon_samples"": 20, ""cc"": 0.7879235580070267, ""nrmse"": 0.6196846554871094, ""n_valid"": 1452, ""n_targets"": 1452}, {""horizon_s"": 1.0, ""horizon_samples"": 25, ""cc"": 0.7281165538572589, ""nrmse"": 0.6930642354673017, ""n_valid"": 1447, ""n_targets"": 1447}, {""horizon_s"": 1.2, ""horizon_samples"": 30, ""cc"": 0.6796307982481307, ""nrmse"": 0.7443588150824675, ""n_valid"": 1442, ""n_targets"": 1442}, {""horizon_s"": 1.6, ""horizon_samples"": 40, ""cc"": 0.5822557212382176, ""nrmse"": 0.824323269658501, ""n_valid"": 1432, ""n_targets"": 1432}, {""horizon_s"": 2.0, ""horizon_samples"": 50, ""cc"": 0.4734767564268209, ""nrmse"": 0.9062223620187382, ""n_valid"": 1422, ""n_targets"": 1422}, {""horizon_s"": 2.4, ""horizon_samples"": 60, ""cc"": 0.4094361777434409, ""nrmse"": 0.9367808503892495, ""n_valid"": 1412, ""n_targets"": 1412}, {""horizon_s"": 2.8, ""horizon_samples"": 70, ""cc"": 0.30102542647406444, ""nrmse"": 0.9947864939521011, ""n_valid"": 1402, ""n_targets"": 1402}, {""horizon_s"": 3.2, ""horizon_samples"": 80, ""cc"": 0.2187865544177891, ""nrmse"": 1.0256494155237408, ""n_valid"": 1392, ""n_targets"": 1392}, {""horizon_s"": 3.6, ""horizon_samples"": 90, ""cc"": 0.13435421032191772, ""nrmse"": 1.0571212389833649, ""n_valid"": 1382, ""n_targets"": 1382}, {""horizon_s"": 4.0, ""horizon_samples"": 100, ""cc"": 0.054903630420526116, ""nrmse"": 1.082157095893336, ""n_valid"": 1372, ""n_targets"": 1372}]",25,28,0.02000007678678039,True,0.0,439.3301952006765,15,0.6000599999993028,1472,1412,True,ok,8,0.16,4,0.8,1.3,5.0,0.02,1.292752979999932,,True,00c2d72297631526455d4ed373e366fead5bfdb2467a114563085e6757d08efb,e3131a691d8cf6924b0fa5d727efd9cb0109e78ab422756146a86dff2a294fa6,T30_23_00055,False,dc2de0c03036394091cb7c2b7c070947f7d1b458301f46d0881b102e3e922705
nan,23,sample_23.csv,T30,T30_23_00057,Awake,0,5,5,3619.630024,3679.819556,60,60.18953199999987,1500,24.997500250004045,87142,88642,90130,91630,T30/filtered_sessions/sample_23.csv,True,0,0.0,True,0.3126997332313693,True,0.3406035259907175,True,nan,0.702329092320413,0.6099864941656034,0.7141623074338916,4.190650520980006,0.3641599078562173,2.052474979713281,0.8579951272039779,0.9780278025935583,0.8000799999990704,1.2801279999985127,True,True,True,True,True,,,,,18,"[{""horizon_s"": 0.04, ""horizon_samples"": 1, ""cc"": 0.9740072250657091, ""nrmse"": 0.22698982880297, ""n_valid"": 1471, ""n_targets"": 1471}, {""horizon_s"": 0.08, ""horizon_samples"": 2, ""cc"": 0.9452314264822768, ""nrmse"": 0.32654769521085225, ""n_valid"": 1470, ""n_targets"": 1470}, {""horizon_s"": 0.12, ""horizon_samples"": 3, ""cc"": 0.9507347084246829, ""nrmse"": 0.310117125610713, ""n_valid"": 1469, ""n_targets"": 1469}, {""horizon_s"": 0.16, ""horizon_samples"": 4, ""cc"": 0.9429549246161884, ""nrmse"": 0.33247541451123214, ""n_valid"": 1468, ""n_targets"": 1468}, {""horizon_s"": 0.2, ""horizon_samples"": 5, ""cc"": 0.9332868129125255, ""nrmse"": 0.3579843163875241, ""n_valid"": 1467, ""n_targets"": 1467}, {""horizon_s"": 0.28, ""horizon_samples"": 7, ""cc"": 0.9325548446022843, ""nrmse"": 0.35951166564509296, ""n_valid"": 1465, ""n_targets"": 1465}, {""horizon_s"": 0.4, ""horizon_samples"": 10, ""cc"": 0.9126129499629178, ""nrmse"": 0.40716056281547985, ""n_valid"": 1462, ""n_targets"": 1462}, {""horizon_s"": 0.6, ""horizon_samples"": 15, ""cc"": 0.8889615464678949, ""nrmse"": 0.45661201861620193, ""n_valid"": 1457, ""n_targets"": 1457}, {""horizon_s"": 0.8, ""horizon_samples"": 20, ""cc"": 0.8472307987165287, ""nrmse"": 0.5293501463441507, ""n_valid"": 1452, ""n_targets"": 1452}, {""horizon_s"": 1.0, ""horizon_samples"": 25, ""cc"": 0.7827710049181283, ""nrmse"": 0.6186811118162546, ""n_valid"": 1447, ""n_targets"": 1447}, {""horizon_s"": 1.2, ""horizon_samples"": 30, ""cc"": 0.7439875759959611, ""nrmse"": 0.665726720560964, ""n_valid"": 1442, ""n_targets"": 1442}, {""horizon_s"": 1.6, ""horizon_samples"": 40, ""cc"": 0.6636534296949763, ""nrmse"": 0.7490296223336149, ""n_valid"": 1432, ""n_targets"": 1432}, {""horizon_s"": 2.0, ""horizon_samples"": 50, ""cc"": 0.5879917023826723, ""nrmse"": 0.809336103527839, ""n_valid"": 1422, ""n_targets"": 1422}, {""horizon_s"": 2.4, ""horizon_samples"": 60, ""cc"": 0.4925797495459042, ""nrmse"": 0.8792788357485369, ""n_valid"": 1412, ""n_targets"": 1412}, {""horizon_s"": 2.8, ""horizon_samples"": 70, ""cc"": 0.41336292784167106, ""nrmse"": 0.9183876302101239, ""n_valid"": 1402, ""n_targets"": 1402}, {""horizon_s"": 3.2, ""horizon_samples"": 80, ""cc"": 0.2753297180189751, ""nrmse"": 0.9888944918331063, ""n_valid"": 1392, ""n_targets"": 1392}, {""horizon_s"": 3.6, ""horizon_samples"": 90, ""cc"": 0.21718820491807753, ""nrmse"": 1.006994001443678, ""n_valid"": 1382, ""n_targets"": 1382}, {""horizon_s"": 4.0, ""horizon_samples"": 100, ""cc"": 0.1374841112000602, ""nrmse"": 1.036679603562526, ""n_valid"": 1372, ""n_targets"": 1372}]",25,28,0.02000007678678039,True,0.0,356.45054688946396,14,0.5600559999993493,1472,1408,True,ok,8,0.16,4,0.8,1.3,5.0,0.02,1.3018044279997412,,True,cd161f30f7cf60fb0687993991d3fffeec78c0c87dc12fd06465ae1b1e54be8b,3cc7024257d8e30dc3d71a457bf884cd161e4ebf9031af918f39e715fcff0b00,T30_23_00057,False,dc2de0c03036394091cb7c2b7c070947f7d1b458301f46d0881b102e3e922705
nan,23,sample_23.csv,T30,T30_23_00056,Awake,0,5,5,3559.399708,3619.589909,60,60.19020099999989,1500,24.997500250004045,85642,87142,88630,90130,T30/filtered_sessions/sample_23.csv,True,0,0.0,True,0.18045285900825792,True,0.10567405267518001,True,nan,0.6097636166835448,0.7041142087892631,0.6726016221145078,3.76747311827957,0.43859480731391276,2.0927410121364782,0.7951388974896413,0.9549629665656676,0.8000799999990704,1.2801279999985127,True,True,True,True,True,,,,,18,"[{""horizon_s"": 0.04, ""horizon_samples"": 1, ""cc"": 0.9523463705641833, ""nrmse"": 0.30480049170334494, ""n_valid"": 1471, ""n_targets"": 1471}, {""horizon_s"": 0.08, ""horizon_samples"": 2, ""cc"": 0.9061735283113951, ""nrmse"": 0.4233486268678221, ""n_valid"": 1470, ""n_targets"": 1470}, {""horizon_s"": 0.12, ""horizon_samples"": 3, ""cc"": 0.9058262278710134, ""nrmse"": 0.4244963922029955, ""n_valid"": 1469, ""n_targets"": 1469}, {""horizon_s"": 0.16, ""horizon_samples"": 4, ""cc"": 0.8878252366944496, ""nrmse"": 0.46028463706844946, ""n_valid"": 1468, ""n_targets"": 1468}, {""horizon_s"": 0.2, ""horizon_samples"": 5, ""cc"": 0.8795371695294881, ""nrmse"": 0.476227401203774, ""n_valid"": 1467, ""n_targets"": 1467}, {""horizon_s"": 0.28, ""horizon_samples"": 7, ""cc"": 0.884295413811802, ""nrmse"": 0.4666648723543567, ""n_valid"": 1465, ""n_targets"": 1465}, {""horizon_s"": 0.4, ""horizon_samples"": 10, ""cc"": 0.864034868118088, ""nrmse"": 0.5018152617666707, ""n_valid"": 1462, ""n_targets"": 1462}, {""horizon_s"": 0.6, ""horizon_samples"": 15, ""cc"": 0.8210055694436638, ""nrmse"": 0.5690521358192592, ""n_valid"": 1457, ""n_targets"": 1457}, {""horizon_s"": 0.8, ""horizon_samples"": 20, ""cc"": 0.781700037254936, ""nrmse"": 0.6219056727252615, ""n_valid"": 1452, ""n_targets"": 1452}, {""horizon_s"": 1.0, ""horizon_samples"": 25, ""cc"": 0.691008501808722, ""nrmse"": 0.7268413129310131, ""n_valid"": 1447, ""n_targets"": 1447}, {""horizon_s"": 1.2, ""horizon_samples"": 30, ""cc"": 0.6677623538830318, ""nrmse"": 0.7480700364313437, ""n_valid"": 1442, ""n_targets"": 1442}, {""horizon_s"": 1.6, ""horizon_samples"": 40, ""cc"": 0.5599740183487903, ""nrmse"": 0.8379167373081119, ""n_valid"": 1432, ""n_targets"": 1432}, {""horizon_s"": 2.0, ""horizon_samples"": 50, ""cc"": 0.4182972719632308, ""nrmse"": 0.9263331806300936, ""n_valid"": 1422, ""n_targets"": 1422}, {""horizon_s"": 2.4, ""horizon_samples"": 60, ""cc"": 0.31377662646836774, ""nrmse"": 0.9806158179638783, ""n_valid"": 1412, ""n_targets"": 1412}, {""horizon_s"": 2.8, ""horizon_samples"": 70, ""cc"": 0.19841358679852805, ""nrmse"": 1.0249035216930733, ""n_valid"": 1402, ""n_targets"": 1402}, {""horizon_s"": 3.2, ""horizon_samples"": 80, ""cc"": 0.1392262459516867, ""nrmse"": 1.0478948886895427, ""n_valid"": 1392, ""n_targets"": 1392}, {""horizon_s"": 3.6, ""horizon_samples"": 90, ""cc"": 0.0940154457758666, ""nrmse"": 1.055780170017637, ""n_valid"": 1382, ""n_targets"": 1382}, {""horizon_s"": 4.0, ""horizon_samples"": 100, ""cc"": 0.010526627706564672, ""nrmse"": 1.077104600830106, ""n_valid"": 1372, ""n_targets"": 1372}]",25,28,0.02000007678678039,True,0.0,456.2393716700075,13,0.5200519999993958,1472,1415,True,ok,8,0.16,4,0.8,1.3,5.0,0.02,1.8507851640006265,,True,b88180cf7b1842229e20f32b10860d3dfa2a266fdfbe5e862a06c6bf0af34301,6b97fa674e02c7b5972083b0a827ee1b9829c34846673f298e60be4a5029d551,T30_23_00056,False,dc2de0c03036394091cb7c2b7c070947f7d1b458301f46d0881b102e3e922705
nan,23,sample_23.csv,T30,T30_23_00059,Awake,0,5,5,3740.090394,3800.2805,60,60.190106000000014,1500,24.997500250004045,90142,91642,93130,94630,T30/filtered_sessions/sample_23.csv,True,0,0.0,True,0.18516320665001282,True,0.13443420074814064,True,nan,0.5851599472704125,0.7126504805900933,0.7377261601958055,4.145631067961165,0.516941018380765,2.1112308898471186,0.7929712249852227,0.9905855271454106,0.8000799999990704,1.2801279999985127,True,True,True,True,True,,,,,18,"[{""horizon_s"": 0.04, ""horizon_samples"": 1, ""cc"": 0.9536281369403941, ""nrmse"": 0.30173898011641576, ""n_valid"": 1471, ""n_targets"": 1471}, {""horizon_s"": 0.08, ""horizon_samples"": 2, ""cc"": 0.9118775744157401, ""nrmse"": 0.4119670221375417, ""n_valid"": 1470, ""n_targets"": 1470}, {""horizon_s"": 0.12, ""horizon_samples"": 3, ""cc"": 0.9142459889572659, ""nrmse"": 0.40659888350056583, ""n_valid"": 1469, ""n_targets"": 1469}, {""horizon_s"": 0.16, ""horizon_samples"": 4, ""cc"": 0.9017958626230421, ""nrmse"": 0.43352466651296545, ""n_valid"": 1468, ""n_targets"": 1468}, {""horizon_s"": 0.2, ""horizon_samples"": 5, ""cc"": 0.8968855143744019, ""nrmse"": 0.443634367178116, ""n_valid"": 1467, ""n_targets"": 1467}, {""horizon_s"": 0.28, ""horizon_samples"": 7, ""cc"": 0.8858624007122773, ""nrmse"": 0.4655433357939199, ""n_valid"": 1465, ""n_targets"": 1465}, {""horizon_s"": 0.4, ""horizon_samples"": 10, ""cc"": 0.8638660321857573, ""nrmse"": 0.5044007522474698, ""n_valid"": 1462, ""n_targets"": 1462}, {""horizon_s"": 0.6, ""horizon_samples"": 15, ""cc"": 0.8026308447600143, ""nrmse"": 0.5974224872518193, ""n_valid"": 1457, ""n_targets"": 1457}, {""horizon_s"": 0.8, ""horizon_samples"": 20, ""cc"": 0.763407401881337, ""nrmse"": 0.6479617103579902, ""n_valid"": 1452, ""n_targets"": 1452}, {""horizon_s"": 1.0, ""horizon_samples"": 25, ""cc"": 0.6950466042324721, ""nrmse"": 0.7251695843835293, ""n_valid"": 1447, ""n_targets"": 1447}, {""horizon_s"": 1.2, ""horizon_samples"": 30, ""cc"": 0.6358687695993039, ""nrmse"": 0.7809479991539421, ""n_valid"": 1442, ""n_targets"": 1442}, {""horizon_s"": 1.6, ""horizon_samples"": 40, ""cc"": 0.5176734067090496, ""nrmse"": 0.8664860144789874, ""n_valid"": 1432, ""n_targets"": 1432}, {""horizon_s"": 2.0, ""horizon_samples"": 50, ""cc"": 0.3987032053814498, ""nrmse"": 0.941326949408546, ""n_valid"": 1422, ""n_targets"": 1422}, {""horizon_s"": 2.4, ""horizon_samples"": 60, ""cc"": 0.27561656774439947, ""nrmse"": 0.9916774641876762, ""n_valid"": 1412, ""n_targets"": 1412}, {""horizon_s"": 2.8, ""horizon_samples"": 70, ""cc"": 0.14767643609294168, ""nrmse"": 1.0459812569841096, ""n_valid"": 1402, ""n_targets"": 1402}, {""horizon_s"": 3.2, ""horizon_samples"": 80, ""cc"": -0.023049157533876072, ""nrmse"": 1.0936834603692476, ""n_valid"": 1392, ""n_targets"": 1392}, {""horizon_s"": 3.6, ""horizon_samples"": 90, ""cc"": -0.03619592056949206, ""nrmse"": 1.095560240419348, ""n_valid"": 1382, ""n_targets"": 1382}, {""horizon_s"": 4.0, ""horizon_samples"": 100, ""cc"": 0.027339382360948628, ""nrmse"": 1.074083476139489, ""n_valid"": 1372, ""n_targets"": 1372}]",25,28,0.02000007678678039,True,0.0,377.7156155929908,15,0.6000599999993028,1472,1405,True,ok,8,0.16,4,0.8,1.3,5.0,0.02,1.2764390760003153,,True,67012b539cedb0955a75a7827b743696459101bc9e2ae96c1d58c863dc773cfc,d87b4675e409e29ea43daa5a5ea0f6c6177a49f512941a1fcf690704b59ba16d,T30_23_00059,False,dc2de0c03036394091cb7c2b7c070947f7d1b458301f46d0881b102e3e922705
nan,23,sample_23.csv,T30,T30_23_00051,Awake,0,5,5,3258.239703,3318.430099,60,60.190395999999964,1500,24.997500250004045,78142,79642,81130,82630,T30/filtered_sessions/sample_23.csv,True,0,0.0,True,0.24821509373404488,False,0.5568507913542116,True,nan,0.5653218410043266,0.7513291513686142,0.710514949368911,4.163385826771654,0.48356289293084415,2.1293322062552833,0.8794617956685987,0.9965144138332978,0.8000799999990704,1.2801279999985127,True,True,True,True,True,,,,,18,"[{""horizon_s"": 0.04, ""horizon_samples"": 1, ""cc"": 0.9487061410577041, ""nrmse"": 0.31748385672527574, ""n_valid"": 1471, ""n_targets"": 1471}, {""horizon_s"": 0.08, ""horizon_samples"": 2, ""cc"": 0.8901988248682503, ""nrmse"": 0.4577843771729377, ""n_valid"": 1470, ""n_targets"": 1470}, {""horizon_s"": 0.12, ""horizon_samples"": 3, ""cc"": 0.8745309289251336, ""nrmse"": 0.48736935684092136, ""n_valid"": 1469, ""n_targets"": 1469}, {""horizon_s"": 0.16, ""horizon_samples"": 4, ""cc"": 0.8591428555083317, ""nrmse"": 0.5146696587796529, ""n_valid"": 1468, ""n_targets"": 1468}, {""horizon_s"": 0.2, ""horizon_samples"": 5, ""cc"": 0.8611116052016697, ""nrmse"": 0.5111065389991795, ""n_valid"": 1467, ""n_targets"": 1467}, {""horizon_s"": 0.28, ""horizon_samples"": 7, ""cc"": 0.8535309958617743, ""nrmse"": 0.5233924967767389, ""n_valid"": 1465, ""n_targets"": 1465}, {""horizon_s"": 0.4, ""horizon_samples"": 10, ""cc"": 0.832328654676963, ""nrmse"": 0.5568047949926905, ""n_valid"": 1462, ""n_targets"": 1462}, {""horizon_s"": 0.6, ""horizon_samples"": 15, ""cc"": 0.7818436681862146, ""nrmse"": 0.6266417023995348, ""n_valid"": 1457, ""n_targets"": 1457}, {""horizon_s"": 0.8, ""horizon_samples"": 20, ""cc"": 0.7293183933825604, ""nrmse"": 0.6902305578744296, ""n_valid"": 1452, ""n_targets"": 1452}, {""horizon_s"": 1.0, ""horizon_samples"": 25, ""cc"": 0.6101836923885893, ""nrmse"": 0.808785291345606, ""n_valid"": 1447, ""n_targets"": 1447}, {""horizon_s"": 1.2, ""horizon_samples"": 30, ""cc"": 0.5707718566003129, ""nrmse"": 0.8395470705081688, ""n_valid"": 1442, ""n_targets"": 1442}, {""horizon_s"": 1.6, ""horizon_samples"": 40, ""cc"": 0.4784997443434006, ""nrmse"": 0.9003587320429296, ""n_valid"": 1432, ""n_targets"": 1432}, {""horizon_s"": 2.0, ""horizon_samples"": 50, ""cc"": 0.352411297204645, ""nrmse"": 0.9755515452298447, ""n_valid"": 1422, ""n_targets"": 1422}, {""horizon_s"": 2.4, ""horizon_samples"": 60, ""cc"": 0.2733693945299256, ""nrmse"": 1.0032950667409752, ""n_valid"": 1412, ""n_targets"": 1412}, {""horizon_s"": 2.8, ""horizon_samples"": 70, ""cc"": 0.15385684775861264, ""nrmse"": 1.055139102924578, ""n_valid"": 1402, ""n_targets"": 1402}, {""horizon_s"": 3.2, ""horizon_samples"": 80, ""cc"": 0.054659881666797354, ""nrmse"": 1.0780381746940826, ""n_valid"": 1392, ""n_targets"": 1392}, {""horizon_s"": 3.6, ""horizon_samples"": 90, ""cc"": -0.018431973502341912, ""nrmse"": 1.103396308652728, ""n_valid"": 1382, ""n_targets"": 1382}, {""horizon_s"": 4.0, ""horizon_samples"": 100, ""cc"": 0.06976032941933559, ""nrmse"": 1.0743300919347814, ""n_valid"": 1372, ""n_targets"": 1372}]",25,28,0.02000007678678039,True,0.0,516.5107680507851,15,0.6000599999993028,1472,1422,True,ok,8,0.16,4,0.8,1.3,5.0,0.02,3.3976899059998686,,True,d8973bd4166fbc01f72d2972056bdf175f6343437279489df04865bc6f145ef5,f2cc3f950a23fbb336741b7585d88da28f0ea5ae562626d0ae6cb14fc72f9329,T30_23_00051,False,dc2de0c03036394091cb7c2b7c070947f7d1b458301f46d0881b102e3e922705
nan,23,sample_23.csv,T30,T30_23_00058,Awake,0,5,5,3679.860168,3740.04965,60,60.18948199999977,1500,24.997500250004045,88642,90142,91630,93130,T30/filtered_sessions/sample_23.csv,True,0,0.0,True,0.3148839428686924,True,0.48063404945236377,True,nan,0.6051965960242883,0.7262547651530071,0.6878149445697557,4.041737168640722,0.45407208331333687,2.1437634530418035,0.9070387568236572,0.991977533606979,0.8000799999990704,1.2801279999985127,True,True,True,True,True,,,,,18,"[{""horizon_s"": 0.04, ""horizon_samples"": 1, ""cc"": 0.9522444399637652, ""nrmse"": 0.30732084215595923, ""n_valid"": 1471, ""n_targets"": 1471}, {""horizon_s"": 0.08, ""horizon_samples"": 2, ""cc"": 0.9029313126155565, ""nrmse"": 0.4316819768118222, ""n_valid"": 1470, ""n_targets"": 1470}, {""horizon_s"": 0.12, ""horizon_samples"": 3, ""cc"": 0.9002439473854125, ""nrmse"": 0.4372961754309866, ""n_valid"": 1469, ""n_targets"": 1469}, {""horizon_s"": 0.16, ""horizon_samples"": 4, ""cc"": 0.8967729353242667, ""nrmse"": 0.4445297756380575, ""n_valid"": 1468, ""n_targets"": 1468}, {""horizon_s"": 0.2, ""horizon_samples"": 5, ""cc"": 0.8926174574048956, ""nrmse"": 0.45310972531326454, ""n_valid"": 1467, ""n_targets"": 1467}, {""horizon_s"": 0.28, ""horizon_samples"": 7, ""cc"": 0.868671234165249, ""nrmse"": 0.4987666949553646, ""n_valid"": 1465, ""n_targets"": 1465}, {""horizon_s"": 0.4, ""horizon_samples"": 10, ""cc"": 0.8409492286786325, ""nrmse"": 0.5444895787303836, ""n_valid"": 1462, ""n_targets"": 1462}, {""horizon_s"": 0.6, ""horizon_samples"": 15, ""cc"": 0.7828322843128891, ""nrmse"": 0.6271194654773793, ""n_valid"": 1457, ""n_targets"": 1457}, {""horizon_s"": 0.8, ""horizon_samples"": 20, ""cc"": 0.7365066050662389, ""nrmse"": 0.6820021912285682, ""n_valid"": 1452, ""n_targets"": 1452}, {""horizon_s"": 1.0, ""horizon_samples"": 25, ""cc"": 0.6542894952865763, ""nrmse"": 0.7658179027764893, ""n_valid"": 1447, ""n_targets"": 1447}, {""horizon_s"": 1.2, ""horizon_samples"": 30, ""cc"": 0.6062591102882737, ""nrmse"": 0.8080261719822376, ""n_valid"": 1442, ""n_targets"": 1442}, {""horizon_s"": 1.6, ""horizon_samples"": 40, ""cc"": 0.48651527591712945, ""nrmse"": 0.896935257591124, ""n_valid"": 1432, ""n_targets"": 1432}, {""horizon_s"": 2.0, ""horizon_samples"": 50, ""cc"": 0.3868866517955726, ""nrmse"": 0.9562120251964259, ""n_valid"": 1422, ""n_targets"": 1422}, {""horizon_s"": 2.4, ""horizon_samples"": 60, ""cc"": 0.2577743598734185, ""nrmse"": 1.0191082117198769, ""n_valid"": 1412, ""n_targets"": 1412}, {""horizon_s"": 2.8, ""horizon_samples"": 70, ""cc"": 0.22950183202530156, ""nrmse"": 1.036187057529642, ""n_valid"": 1402, ""n_targets"": 1402}, {""horizon_s"": 3.2, ""horizon_samples"": 80, ""cc"": 0.186650417862711, ""nrmse"": 1.0522974032750378, ""n_valid"": 1392, ""n_targets"": 1392}, {""horizon_s"": 3.6, ""horizon_samples"": 90, ""cc"": 0.15610921688375304, ""nrmse"": 1.054754052513519, ""n_valid"": 1382, ""n_targets"": 1382}, {""horizon_s"": 4.0, ""horizon_samples"": 100, ""cc"": 0.15578292358754733, ""nrmse"": 1.0569312644279896, ""n_valid"": 1372, ""n_targets"": 1372}]",25,28,0.02000007678678039,True,0.0,351.6232520097121,14,0.5600559999993493,1472,1405,True,ok,8,0.16,4,0.8,1.3,5.0,0.02,1.6527150700003403,,True,8eedff1cd4e0ab21273789589716effe555477f7ee3e32b02b766bb9bae3f374,210d9890e201c3970b78a2b2099d6d7ceab46791342dc49f0251ac70ef59f5d5,T30_23_00058,False,dc2de0c03036394091cb7c2b7c070947f7d1b458301f46d0881b102e3e922705
nan,23,sample_23.csv,T30,T30_23_00060,Drowsy,1,6,6,3898.129848,3958.319897,60,60.19004899999982,1500,24.997500250004045,92583,94083,97066,98566,T30/filtered_sessions/sample_23.csv,True,0,0.0,True,0.4964430875655396,True,0.38182239098328036,True,nan,0.7418116093629528,0.613918355373581,0.6827758314536642,3.8555555555555556,0.4829629985122618,2.208360763660303,0.7508252300284065,0.983584287645734,0.8000799999990704,1.2801279999985127,True,True,True,True,True,,,,,18,"[{""horizon_s"": 0.04, ""horizon_samples"": 1, ""cc"": 0.9645890097188219, ""nrmse"": 0.26656410968503297, ""n_valid"": 1471, ""n_targets"": 1471}, {""horizon_s"": 0.08, ""horizon_samples"": 2, ""cc"": 0.9316618866327067, ""nrmse"": 0.3665814209732175, ""n_valid"": 1470, ""n_targets"": 1470}, {""horizon_s"": 0.12, ""horizon_samples"": 3, ""cc"": 0.933039281035514, ""nrmse"": 0.36230837989782155, ""n_valid"": 1469, ""n_targets"": 1469}, {""horizon_s"": 0.16, ""horizon_samples"": 4, ""cc"": 0.9216565708537454, ""nrmse"": 0.3899489006058579, ""n_valid"": 1468, ""n_targets"": 1468}, {""horizon_s"": 0.2, ""horizon_samples"": 5, ""cc"": 0.9189916572200331, ""nrmse"": 0.39660946999361235, ""n_valid"": 1467, ""n_targets"": 1467}, {""horizon_s"": 0.28, ""horizon_samples"": 7, ""cc"": 0.9070358247837896, ""nrmse"": 0.42227498615972053, ""n_valid"": 1465, ""n_targets"": 1465}, {""horizon_s"": 0.4, ""horizon_samples"": 10, ""cc"": 0.8894782609089772, ""nrmse"": 0.4578365586419407, ""n_valid"": 1462, ""n_targets"": 1462}, {""horizon_s"": 0.6, ""horizon_samples"": 15, ""cc"": 0.871594215109834, ""nrmse"": 0.4909172774525202, ""n_valid"": 1457, ""n_targets"": 1457}, {""horizon_s"": 0.8, ""horizon_samples"": 20, ""cc"": 0.8223033562659915, ""nrmse"": 0.5704515785424101, ""n_valid"": 1452, ""n_targets"": 1452}, {""horizon_s"": 1.0, ""horizon_samples"": 25, ""cc"": 0.7513962487657325, ""nrmse"": 0.6629355174059061, ""n_valid"": 1447, ""n_targets"": 1447}, {""horizon_s"": 1.2, ""horizon_samples"": 30, ""cc"": 0.7267269337161976, ""nrmse"": 0.6892248760550959, ""n_valid"": 1442, ""n_targets"": 1442}, {""horizon_s"": 1.6, ""horizon_samples"": 40, ""cc"": 0.648064302195314, ""nrmse"": 0.7657506082518625, ""n_valid"": 1432, ""n_targets"": 1432}, {""horizon_s"": 2.0, ""horizon_samples"": 50, ""cc"": 0.6126837799840281, ""nrmse"": 0.7964373679955543, ""n_valid"": 1422, ""n_targets"": 1422}, {""horizon_s"": 2.4, ""horizon_samples"": 60, ""cc"": 0.5430649219383276, ""nrmse"": 0.8473655628440473, ""n_valid"": 1412, ""n_targets"": 1412}, {""horizon_s"": 2.8, ""horizon_samples"": 70, ""cc"": 0.5116612327569633, ""nrmse"": 0.8688889556921727, ""n_valid"": 1402, ""n_targets"": 1402}, {""horizon_s"": 3.2, ""horizon_samples"": 80, ""cc"": 0.47975579795106466, ""nrmse"": 0.8901556156260495, ""n_valid"": 1392, ""n_targets"": 1392}, {""horizon_s"": 3.6, ""horizon_samples"": 90, ""cc"": 0.44927922268411885, ""nrmse"": 0.9095648885526526, ""n_valid"": 1382, ""n_targets"": 1382}, {""horizon_s"": 4.0, ""horizon_samples"": 100, ""cc"": 0.4696264660119893, ""nrmse"": 0.8967143223489825, ""n_valid"": 1372, ""n_targets"": 1372}]",25,28,0.02000007678678039,True,0.0,361.04007289626674,13,0.5200519999993958,1472,1422,True,ok,8,0.16,4,0.8,1.3,5.0,0.02,1.720811612000034,,True,a3cd57d90ee3e96ac186498bfc8621a518d8d7d8829958eb0686209fd6b91454,f95636e04a9bfe076b17a71c4c62b11d23c0d34042742cba9eed5c3cdd88d307,T30_23_00060,False,dc2de0c03036394091cb7c2b7c070947f7d1b458301f46d0881b102e3e922705
nan,23,sample_23.csv,T30,T30_23_00061,Drowsy,1,6,6,3958.360393,4018.549638,60,60.18924500000003,1500,24.997500250004045,94083,95583,98566,100066,T30/filtered_sessions/sample_23.csv,True,0,0.0,True,0.11497755801782711,False,0.7142469123528664,True,nan,0.5926993216749595,0.7262144690701865,0.7038441234342756,4.116194218355319,0.5181887987714162,2.175599435825106,0.8671007413029367,0.9569713202300032,0.8000799999990704,1.2801279999985127,True,True,True,True,True,,,,,18,"[{""horizon_s"": 0.04, ""horizon_samples"": 1, ""cc"": 0.9462710323309572, ""nrmse"": 0.3210672188901551, ""n_valid"": 1471, ""n_targets"": 1471}, {""horizon_s"": 0.08, ""horizon_samples"": 2, ""cc"": 0.8974793365766077, ""nrmse"": 0.4376326954906112, ""n_valid"": 1470, ""n_targets"": 1470}, {""horizon_s"": 0.12, ""horizon_samples"": 3, ""cc"": 0.8985741481024918, ""nrmse"": 0.43522732261481806, ""n_valid"": 1469, ""n_targets"": 1469}, {""horizon_s"": 0.16, ""horizon_samples"": 4, ""cc"": 0.891308552675082, ""nrmse"": 0.4488812606629844, ""n_valid"": 1468, ""n_targets"": 1468}, {""horizon_s"": 0.2, ""horizon_samples"": 5, ""cc"": 0.8821971578215182, ""nrmse"": 0.46604849059892767, ""n_valid"": 1467, ""n_targets"": 1467}, {""horizon_s"": 0.28, ""horizon_samples"": 7, ""cc"": 0.8658475074522877, ""nrmse"": 0.4956066316868102, ""n_valid"": 1465, ""n_targets"": 1465}, {""horizon_s"": 0.4, ""horizon_samples"": 10, ""cc"": 0.818098000174883, ""nrmse"": 0.5704360258338167, ""n_valid"": 1462, ""n_targets"": 1462}, {""horizon_s"": 0.6, ""horizon_samples"": 15, ""cc"": 0.7599798856747738, ""nrmse"": 0.646966785536911, ""n_valid"": 1457, ""n_targets"": 1457}, {""horizon_s"": 0.8, ""horizon_samples"": 20, ""cc"": 0.7130078421481744, ""nrmse"": 0.6982803833006407, ""n_valid"": 1452, ""n_targets"": 1452}, {""horizon_s"": 1.0, ""horizon_samples"": 25, ""cc"": 0.647308507336519, ""nrmse"": 0.765094293303767, ""n_valid"": 1447, ""n_targets"": 1447}, {""horizon_s"": 1.2, ""horizon_samples"": 30, ""cc"": 0.611818595022156, ""nrmse"": 0.7946198631222918, ""n_valid"": 1442, ""n_targets"": 1442}, {""horizon_s"": 1.6, ""horizon_samples"": 40, ""cc"": 0.484517592748309, ""nrmse"": 0.8793216751702676, ""n_valid"": 1432, ""n_targets"": 1432}, {""horizon_s"": 2.0, ""horizon_samples"": 50, ""cc"": 0.385758864647513, ""nrmse"": 0.936752937462101, ""n_valid"": 1422, ""n_targets"": 1422}, {""horizon_s"": 2.4, ""horizon_samples"": 60, ""cc"": 0.2667206550784807, ""nrmse"": 0.9952538846770292, ""n_valid"": 1412, ""n_targets"": 1412}, {""horizon_s"": 2.8, ""horizon_samples"": 70, ""cc"": 0.20228377605991837, ""nrmse"": 1.023903627751959, ""n_valid"": 1402, ""n_targets"": 1402}, {""horizon_s"": 3.2, ""horizon_samples"": 80, ""cc"": 0.13909365089837356, ""nrmse"": 1.0520986877372112, ""n_valid"": 1392, ""n_targets"": 1392}, {""horizon_s"": 3.6, ""horizon_samples"": 90, ""cc"": 0.12917900775565405, ""nrmse"": 1.0512039842965135, ""n_valid"": 1382, ""n_targets"": 1382}, {""horizon_s"": 4.0, ""horizon_samples"": 100, ""cc"": 0.12914367764557133, ""nrmse"": 1.0534646751265437, ""n_valid"": 1372, ""n_targets"": 1372}]",25,28,0.02000007678678039,True,0.0,413.0754174521728,13,0.5200519999993958,1472,1402,True,ok,8,0.16,4,0.8,1.3,5.0,0.02,1.360687557998972,,True,fe135487a7b08f936fe178840592f02e779c0b36b9b6c948750029189bc732f9,186f6d18a391c12cd14af6e3e69f3291d58d88ea617f930890d00e104533d1d3,T30_23_00061,False,dc2de0c03036394091cb7c2b7c070947f7d1b458301f46d0881b102e3e922705
nan,23,sample_23.csv,T30,T30_23_00062,Drowsy,1,6,6,4018.589674,4078.780489,60,60.190815000000384,1500,24.997500250004045,95583,97083,100066,101566,T30/filtered_sessions/sample_23.csv,True,0,0.0,True,0.3358730704535429,True,0.4082932948941769,True,nan,0.5911772072719141,0.7150436881407898,0.6969333397322072,3.872533333333333,0.47074914814992563,2.1279965289076905,0.9217850014983038,0.9818144003194174,0.8000799999990704,1.2801279999985127,True,True,True,True,True,,,,,18,"[{""horizon_s"": 0.04, ""horizon_samples"": 1, ""cc"": 0.9622567792354044, ""nrmse"": 0.27391884954585655, ""n_valid"": 1471, ""n_targets"": 1471}, {""horizon_s"": 0.08, ""horizon_samples"": 2, ""cc"": 0.9212333516254182, ""nrmse"": 0.39211776101683254, ""n_valid"": 1470, ""n_targets"": 1470}, {""horizon_s"": 0.12, ""horizon_samples"": 3, ""cc"": 0.9172895830573853, ""nrmse"": 0.4017363744334735, ""n_valid"": 1469, ""n_targets"": 1469}, {""horizon_s"": 0.16, ""horizon_samples"": 4, ""cc"": 0.9126048791211092, ""nrmse"": 0.4113060560974337, ""n_valid"": 1468, ""n_targets"": 1468}, {""horizon_s"": 0.2, ""horizon_samples"": 5, ""cc"": 0.9054336785263356, ""nrmse"": 0.42639589118864857, ""n_valid"": 1467, ""n_targets"": 1467}, {""horizon_s"": 0.28, ""horizon_samples"": 7, ""cc"": 0.8825090778318189, ""nrmse"": 0.47195347181885566, ""n_valid"": 1465, ""n_targets"": 1465}, {""horizon_s"": 0.4, ""horizon_samples"": 10, ""cc"": 0.8590378492546578, ""nrmse"": 0.513965260220174, ""n_valid"": 1462, ""n_targets"": 1462}, {""horizon_s"": 0.6, ""horizon_samples"": 15, ""cc"": 0.8136149127799329, ""nrmse"": 0.5845813597391338, ""n_valid"": 1457, ""n_targets"": 1457}, {""horizon_s"": 0.8, ""horizon_samples"": 20, ""cc"": 0.7674500119811284, ""nrmse"": 0.6459054161883471, ""n_valid"": 1452, ""n_targets"": 1452}, {""horizon_s"": 1.0, ""horizon_samples"": 25, ""cc"": 0.6901702846073137, ""nrmse"": 0.7297472458297622, ""n_valid"": 1447, ""n_targets"": 1447}, {""horizon_s"": 1.2, ""horizon_samples"": 30, ""cc"": 0.6487722216137137, ""nrmse"": 0.768634759049895, ""n_valid"": 1442, ""n_targets"": 1442}, {""horizon_s"": 1.6, ""horizon_samples"": 40, ""cc"": 0.4871626461177052, ""nrmse"": 0.8964091367226076, ""n_valid"": 1432, ""n_targets"": 1432}, {""horizon_s"": 2.0, ""horizon_samples"": 50, ""cc"": 0.3283987347928795, ""nrmse"": 0.9858577330717824, ""n_valid"": 1422, ""n_targets"": 1422}, {""horizon_s"": 2.4, ""horizon_samples"": 60, ""cc"": 0.21567961846263636, ""nrmse"": 1.037378393062766, ""n_valid"": 1412, ""n_targets"": 1412}, {""horizon_s"": 2.8, ""horizon_samples"": 70, ""cc"": 0.12574720844228754, ""nrmse"": 1.0653584702747556, ""n_valid"": 1402, ""n_targets"": 1402}, {""horizon_s"": 3.2, ""horizon_samples"": 80, ""cc"": 0.0754715034773946, ""nrmse"": 1.0870255978129897, ""n_valid"": 1392, ""n_targets"": 1392}, {""horizon_s"": 3.6, ""horizon_samples"": 90, ""cc"": 0.0575619316899741, ""nrmse"": 1.090058011335925, ""n_valid"": 1382, ""n_targets"": 1382}, {""horizon_s"": 4.0, ""horizon_samples"": 100, ""cc"": 0.07079545827736036, ""nrmse"": 1.0884365991249785, ""n_valid"": 1372, ""n_targets"": 1372}]",25,28,0.02000007678678039,True,0.0,458.9128948123557,14,0.5600559999993493,1472,1396,True,ok,8,0.16,4,0.8,1.3,5.0,0.02,1.389622523000071,,True,d421d95130dd3be49a6da277fc30969a19edaee9b0488ec190d2350f36f56f88,c63d4cc513b01add266ebbfcc14781742860676e266f692cd06d01e9eed68bf0,T30_23_00062,False,dc2de0c03036394091cb7c2b7c070947f7d1b458301f46d0881b102e3e922705
nan,23,sample_23.csv,T30,T30_23_00065,Drowsy,1,6,6,4199.28018,4259.459783,60,60.1796030000005,1500,24.997500250004045,100083,101583,104566,106066,T30/filtered_sessions/sample_23.csv,True,0,0.0,True,0.3700292162118127,True,0.2124983234143573,True,nan,0.5949864865394333,0.7357597314193549,0.648797811585161,3.690690690690691,0.5104861544368191,2.265601703940362,0.8285333992534404,0.9807880407403311,0.8000799999990704,1.2801279999985127,True,True,True,True,True,,,,,18,"[{""horizon_s"": 0.04, ""horizon_samples"": 1, ""cc"": 0.9483930587885328, ""nrmse"": 0.3171885692181558, ""n_valid"": 1471, ""n_targets"": 1471}, {""horizon_s"": 0.08, ""horizon_samples"": 2, ""cc"": 0.8936390933550032, ""nrmse"": 0.44910205167101647, ""n_valid"": 1470, ""n_targets"": 1470}, {""horizon_s"": 0.12, ""horizon_samples"": 3, ""cc"": 0.8818165885219673, ""nrmse"": 0.47191217970654065, ""n_valid"": 1469, ""n_targets"": 1469}, {""horizon_s"": 0.16, ""horizon_samples"": 4, ""cc"": 0.879504071458801, ""nrmse"": 0.4757230997450898, ""n_valid"": 1468, ""n_targets"": 1468}, {""horizon_s"": 0.2, ""horizon_samples"": 5, ""cc"": 0.8808906966782656, ""nrmse"": 0.47276398854429996, ""n_valid"": 1467, ""n_targets"": 1467}, {""horizon_s"": 0.28, ""horizon_samples"": 7, ""cc"": 0.8520766469123534, ""nrmse"": 0.5218067079517026, ""n_valid"": 1465, ""n_targets"": 1465}, {""horizon_s"": 0.4, ""horizon_samples"": 10, ""cc"": 0.8293168481416099, ""nrmse"": 0.5571700782420597, ""n_valid"": 1462, ""n_targets"": 1462}, {""horizon_s"": 0.6, ""horizon_samples"": 15, ""cc"": 0.7585203364304438, ""nrmse"": 0.6511776565265927, ""n_valid"": 1457, ""n_targets"": 1457}, {""horizon_s"": 0.8, ""horizon_samples"": 20, ""cc"": 0.6838146028977399, ""nrmse"": 0.7311930717621145, ""n_valid"": 1452, ""n_targets"": 1452}, {""horizon_s"": 1.0, ""horizon_samples"": 25, ""cc"": 0.5941862175060546, ""nrmse"": 0.8077319221017594, ""n_valid"": 1447, ""n_targets"": 1447}, {""horizon_s"": 1.2, ""horizon_samples"": 30, ""cc"": 0.5400430866471435, ""nrmse"": 0.8505056579545917, ""n_valid"": 1442, ""n_targets"": 1442}, {""horizon_s"": 1.6, ""horizon_samples"": 40, ""cc"": 0.41836214873188327, ""nrmse"": 0.9260906964161397, ""n_valid"": 1432, ""n_targets"": 1432}, {""horizon_s"": 2.0, ""horizon_samples"": 50, ""cc"": 0.3269727619218352, ""nrmse"": 0.9711484682056527, ""n_valid"": 1422, ""n_targets"": 1422}, {""horizon_s"": 2.4, ""horizon_samples"": 60, ""cc"": 0.24996884952930495, ""nrmse"": 1.0066190462982885, ""n_valid"": 1412, ""n_targets"": 1412}, {""horizon_s"": 2.8, ""horizon_samples"": 70, ""cc"": 0.2158251747135417, ""nrmse"": 1.0228431918880851, ""n_valid"": 1402, ""n_targets"": 1402}, {""horizon_s"": 3.2, ""horizon_samples"": 80, ""cc"": 0.21792275760619334, ""nrmse"": 1.0198054924884181, ""n_valid"": 1392, ""n_targets"": 1392}, {""horizon_s"": 3.6, ""horizon_samples"": 90, ""cc"": 0.27625624261298215, ""nrmse"": 0.9902646915704956, ""n_valid"": 1382, ""n_targets"": 1382}, {""horizon_s"": 4.0, ""horizon_samples"": 100, ""cc"": 0.2622475752561437, ""nrmse"": 1.0006285952573852, ""n_valid"": 1372, ""n_targets"": 1372}]",25,28,0.02000007678678039,True,0.0,487.75679901128274,13,0.5200519999993958,1472,1402,True,ok,8,0.16,4,0.8,1.3,5.0,0.02,1.354694304000077,,True,087efcb58391b16527785fdb5bdf22fda6892c96b127dc7fe568cf9006684718,9b226b8536ffbefbadc13cd3299d3d0d6a244e7516f2b3fecd09bc046ad67f9d,T30_23_00065,False,dc2de0c03036394091cb7c2b7c070947f7d1b458301f46d0881b102e3e922705
nan,23,sample_23.csv,T30,T30_23_00064,Drowsy,1,6,6,4139.050293,4199.240085,60,60.189792000000125,1500,24.997500250004045,98583,100083,103066,104566,T30/filtered_sessions/sample_23.csv,True,0,0.0,True,0.3636006758798869,True,0.4875884124972388,True,nan,0.5644380515161648,0.7577282134606844,0.7130105101502136,3.7650785605676633,0.420525987426213,2.086557923562329,0.827529557887638,0.9907666278102285,0.8000799999990704,1.2801279999985127,True,True,True,True,True,,,,,18,"[{""horizon_s"": 0.04, ""horizon_samples"": 1, ""cc"": 0.9534268630356629, ""nrmse"": 0.304459148177858, ""n_valid"": 1471, ""n_targets"": 1471}, {""horizon_s"": 0.08, ""horizon_samples"": 2, ""cc"": 0.8991866230984787, ""nrmse"": 0.4402654370245483, ""n_valid"": 1470, ""n_targets"": 1470}, {""horizon_s"": 0.12, ""horizon_samples"": 3, ""cc"": 0.8880934783192851, ""nrmse"": 0.4618757968570776, ""n_valid"": 1469, ""n_targets"": 1469}, {""horizon_s"": 0.16, ""horizon_samples"": 4, ""cc"": 0.8857343809554107, ""nrmse"": 0.46617609510123814, ""n_valid"": 1468, ""n_targets"": 1468}, {""horizon_s"": 0.2, ""horizon_samples"": 5, ""cc"": 0.8782117947340202, ""nrmse"": 0.48096623830573765, ""n_valid"": 1467, ""n_targets"": 1467}, {""horizon_s"": 0.28, ""horizon_samples"": 7, ""cc"": 0.8486078677236191, ""nrmse"": 0.5323217154628761, ""n_valid"": 1465, ""n_targets"": 1465}, {""horizon_s"": 0.4, ""horizon_samples"": 10, ""cc"": 0.8240430442287341, ""nrmse"": 0.5707204928388614, ""n_valid"": 1462, ""n_targets"": 1462}, {""horizon_s"": 0.6, ""horizon_samples"": 15, ""cc"": 0.7240972646385733, ""nrmse"": 0.6964125851563724, ""n_valid"": 1457, ""n_targets"": 1457}, {""horizon_s"": 0.8, ""horizon_samples"": 20, ""cc"": 0.6618166740326485, ""nrmse"": 0.7590017121275325, ""n_valid"": 1452, ""n_targets"": 1452}, {""horizon_s"": 1.0, ""horizon_samples"": 25, ""cc"": 0.6076291468004663, ""nrmse"": 0.806382869405957, ""n_valid"": 1447, ""n_targets"": 1447}, {""horizon_s"": 1.2, ""horizon_samples"": 30, ""cc"": 0.5572594905404858, ""nrmse"": 0.8447434715411283, ""n_valid"": 1442, ""n_targets"": 1442}, {""horizon_s"": 1.6, ""horizon_samples"": 40, ""cc"": 0.3853951701190186, ""nrmse"": 0.9597294104248916, ""n_valid"": 1432, ""n_targets"": 1432}, {""horizon_s"": 2.0, ""horizon_samples"": 50, ""cc"": 0.30239361664830167, ""nrmse"": 1.0016816908760748, ""n_valid"": 1422, ""n_targets"": 1422}, {""horizon_s"": 2.4, ""horizon_samples"": 60, ""cc"": 0.1985073491707322, ""nrmse"": 1.045242737906577, ""n_valid"": 1412, ""n_targets"": 1412}, {""horizon_s"": 2.8, ""horizon_samples"": 70, ""cc"": 0.17351716104187362, ""nrmse"": 1.0505150135514691, ""n_valid"": 1402, ""n_targets"": 1402}, {""horizon_s"": 3.2, ""horizon_samples"": 80, ""cc"": 0.16878709478714227, ""nrmse"": 1.0539012064961857, ""n_valid"": 1392, ""n_targets"": 1392}, {""horizon_s"": 3.6, ""horizon_samples"": 90, ""cc"": 0.14003810450071189, ""nrmse"": 1.0668031048827833, ""n_valid"": 1382, ""n_targets"": 1382}, {""horizon_s"": 4.0, ""horizon_samples"": 100, ""cc"": 0.0631398029157993, ""nrmse"": 1.097909116155153, ""n_valid"": 1372, ""n_targets"": 1372}]",25,28,0.02000007678678039,True,0.0,471.67464281319707,13,0.5200519999993958,1472,1419,True,ok,8,0.16,4,0.8,1.3,5.0,0.02,1.6425567509995744,,True,73633f6155a3fca7521b58334c1affa120b5e1e8fcc109d45144ab2dfe24ba5a,17de012f160498c349b65b629df2ef21cbf2dfce1ba2ce4cd81cc6cc7dce96fc,T30_23_00064,False,dc2de0c03036394091cb7c2b7c070947f7d1b458301f46d0881b102e3e922705
nan,23,sample_23.csv,T30,T30_23_00066,Drowsy,1,6,6,4259.499583,4319.680378,60,60.18079500000022,1500,24.997500250004045,101583,103083,106066,107566,T30/filtered_sessions/sample_23.csv,True,0,0.0,True,0.2991871184748771,True,0.3418301578126417,True,nan,0.7267815035848683,0.5997591196809896,0.7610500551902865,4.21195219123506,0.220905120698757,2.018859649122807,0.8095572970674682,0.9460129291381277,0.8000799999990704,1.2801279999985127,True,False,True,True,True,,,,,18,"[{""horizon_s"": 0.04, ""horizon_samples"": 1, ""cc"": 0.9753897891684994, ""nrmse"": 0.22305733493482408, ""n_valid"": 1471, ""n_targets"": 1471}, {""horizon_s"": 0.08, ""horizon_samples"": 2, ""cc"": 0.9492444290306336, ""nrmse"": 0.31701583258573973, ""n_valid"": 1470, ""n_targets"": 1470}, {""horizon_s"": 0.12, ""horizon_samples"": 3, ""cc"": 0.9447484978856924, ""nrmse"": 0.3294750633389814, ""n_valid"": 1469, ""n_targets"": 1469}, {""horizon_s"": 0.16, ""horizon_samples"": 4, ""cc"": 0.9402051294019795, ""nrmse"": 0.34206491310579723, ""n_valid"": 1468, ""n_targets"": 1468}, {""horizon_s"": 0.2, ""horizon_samples"": 5, ""cc"": 0.9404960175583218, ""nrmse"": 0.34127683066888975, ""n_valid"": 1467, ""n_targets"": 1467}, {""horizon_s"": 0.28, ""horizon_samples"": 7, ""cc"": 0.9301778879164186, ""nrmse"": 0.3684473124179281, ""n_valid"": 1465, ""n_targets"": 1465}, {""horizon_s"": 0.4, ""horizon_samples"": 10, ""cc"": 0.9221451410936127, ""nrmse"": 0.3879994125350517, ""n_valid"": 1462, ""n_targets"": 1462}, {""horizon_s"": 0.6, ""horizon_samples"": 15, ""cc"": 0.8928221915054948, ""nrmse"": 0.4522980393525654, ""n_valid"": 1457, ""n_targets"": 1457}, {""horizon_s"": 0.8, ""horizon_samples"": 20, ""cc"": 0.8718710894985944, ""nrmse"": 0.4925818118535557, ""n_valid"": 1452, ""n_targets"": 1452}, {""horizon_s"": 1.0, ""horizon_samples"": 25, ""cc"": 0.8062459502853387, ""nrmse"": 0.595510493853382, ""n_valid"": 1447, ""n_targets"": 1447}, {""horizon_s"": 1.2, ""horizon_samples"": 30, ""cc"": 0.7728071626876336, ""nrmse"": 0.6384286442391055, ""n_valid"": 1442, ""n_targets"": 1442}, {""horizon_s"": 1.6, ""horizon_samples"": 40, ""cc"": 0.6734246184771632, ""nrmse"": 0.7474992471734028, ""n_valid"": 1432, ""n_targets"": 1432}, {""horizon_s"": 2.0, ""horizon_samples"": 50, ""cc"": 0.599863994666257, ""nrmse"": 0.810582867072283, ""n_valid"": 1422, ""n_targets"": 1422}, {""horizon_s"": 2.4, ""horizon_samples"": 60, ""cc"": 0.5140422306802023, ""nrmse"": 0.87293458709685, ""n_valid"": 1412, ""n_targets"": 1412}, {""horizon_s"": 2.8, ""horizon_samples"": 70, ""cc"": 0.43476775621859637, ""nrmse"": 0.9211456607278821, ""n_valid"": 1402, ""n_targets"": 1402}, {""horizon_s"": 3.2, ""horizon_samples"": 80, ""cc"": 0.3833177867832811, ""nrmse"": 0.9467871541478394, ""n_valid"": 1392, ""n_targets"": 1392}, {""horizon_s"": 3.6, ""horizon_samples"": 90, ""cc"": 0.29848044166738796, ""nrmse"": 0.9920673960976333, ""n_valid"": 1382, ""n_targets"": 1382}, {""horizon_s"": 4.0, ""horizon_samples"": 100, ""cc"": 0.23201695000251915, ""nrmse"": 1.0164915530561014, ""n_valid"": 1372, ""n_targets"": 1372}]",25,28,0.02000007678678039,True,0.0,412.24019250596825,13,0.5200519999993958,1472,1395,True,ok,8,0.16,4,0.8,1.3,5.0,0.02,1.6716728689989395,,True,19c859642e3a6da5c962cfc59b0636f4fc78f76673ee0a3f7ade69392e1abef7,e5ed123a91e305ad9258517a7841b2a324c6ec2f7f7c19a9d9ea295e966f896e,T30_23_00066,False,dc2de0c03036394091cb7c2b7c070947f7d1b458301f46d0881b102e3e922705
nan,23,sample_23.csv,T30,T30_23_00067,Drowsy,1,6,6,4319.730481,4379.910243,60,60.179762000000665,1500,24.997500250004045,103083,104583,107566,109066,T30/filtered_sessions/sample_23.csv,True,0,0.0,True,0.13902685105815502,True,0.09390134789502684,True,nan,0.559496822222519,0.7396269399723829,0.7256802802706723,3.9265125941313945,0.3448433075778663,2.0462765200056956,0.8766319204039565,0.9834984303364838,0.8000799999990704,1.2801279999985127,True,True,True,True,True,,,,,18,"[{""horizon_s"": 0.04, ""horizon_samples"": 1, ""cc"": 0.9514582853918364, ""nrmse"": 0.30735226113296754, ""n_valid"": 1471, ""n_targets"": 1471}, {""horizon_s"": 0.08, ""horizon_samples"": 2, ""cc"": 0.9023198222498697, ""nrmse"": 0.43058297338996776, ""n_valid"": 1470, ""n_targets"": 1470}, {""horizon_s"": 0.12, ""horizon_samples"": 3, ""cc"": 0.8941002161750515, ""nrmse"": 0.44714274000790316, ""n_valid"": 1469, ""n_targets"": 1469}, {""horizon_s"": 0.16, ""horizon_samples"": 4, ""cc"": 0.8790494939258481, ""nrmse"": 0.47627509871138857, ""n_valid"": 1468, ""n_targets"": 1468}, {""horizon_s"": 0.2, ""horizon_samples"": 5, ""cc"": 0.8779936127237453, ""nrmse"": 0.4785776470323012, ""n_valid"": 1467, ""n_targets"": 1467}, {""horizon_s"": 0.28, ""horizon_samples"": 7, ""cc"": 0.8601896425417379, ""nrmse"": 0.510216192679021, ""n_valid"": 1465, ""n_targets"": 1465}, {""horizon_s"": 0.4, ""horizon_samples"": 10, ""cc"": 0.8296747068099661, ""nrmse"": 0.5589145969351772, ""n_valid"": 1462, ""n_targets"": 1462}, {""horizon_s"": 0.6, ""horizon_samples"": 15, ""cc"": 0.7519165707618116, ""nrmse"": 0.6606065883031038, ""n_valid"": 1457, ""n_targets"": 1457}, {""horizon_s"": 0.8, ""horizon_samples"": 20, ""cc"": 0.7036214744250938, ""nrmse"": 0.7116319530480152, ""n_valid"": 1452, ""n_targets"": 1452}, {""horizon_s"": 1.0, ""horizon_samples"": 25, ""cc"": 0.6337862862206424, ""nrmse"": 0.7780732502487561, ""n_valid"": 1447, ""n_targets"": 1447}, {""horizon_s"": 1.2, ""horizon_samples"": 30, ""cc"": 0.5821993256130007, ""nrmse"": 0.819145748234799, ""n_valid"": 1442, ""n_targets"": 1442}, {""horizon_s"": 1.6, ""horizon_samples"": 40, ""cc"": 0.42049177862886405, ""nrmse"": 0.9238918727313703, ""n_valid"": 1432, ""n_targets"": 1432}, {""horizon_s"": 2.0, ""horizon_samples"": 50, ""cc"": 0.30577135781678993, ""nrmse"": 0.976745987799399, ""n_valid"": 1422, ""n_targets"": 1422}, {""horizon_s"": 2.4, ""horizon_samples"": 60, ""cc"": 0.20663387277469472, ""nrmse"": 1.0118185737953855, ""n_valid"": 1412, ""n_targets"": 1412}, {""horizon_s"": 2.8, ""horizon_samples"": 70, ""cc"": 0.13633844359136127, ""nrmse"": 1.0373830176919328, ""n_valid"": 1402, ""n_targets"": 1402}, {""horizon_s"": 3.2, ""horizon_samples"": 80, ""cc"": 0.06582441947904057, ""nrmse"": 1.0565877008483702, ""n_valid"": 1392, ""n_targets"": 1392}, {""horizon_s"": 3.6, ""horizon_samples"": 90, ""cc"": 0.022313749483505552, ""nrmse"": 1.067289337967869, ""n_valid"": 1382, ""n_targets"": 1382}, {""horizon_s"": 4.0, ""horizon_samples"": 100, ""cc"": 0.047259741392480126, ""nrmse"": 1.0610493789451636, ""n_valid"": 1372, ""n_targets"": 1372}]",25,28,0.02000007678678039,True,0.0,507.3415308354347,13,0.5200519999993958,1472,1434,True,ok,8,0.16,4,0.8,1.3,5.0,0.02,1.4374974439997459,,True,0a6e82946b5f0de9607cb43d65377c87696e60ed91fce3c28456175a5fbd5004,a001f618db21a5ec266aaec5e548ee1bf116f6ea9194f9928212a3b52a44ef5d,T30_23_00067,False,dc2de0c03036394091cb7c2b7c070947f7d1b458301f46d0881b102e3e922705
