config_hash,experiment,setting,session,window_id,state,fs,n_samples,m,tau_s,tau_samples,fit_start_s,fit_end_s,theiler_multiplier,theiler_base_s,theiler_s,theiler_samples,lle,fit_r2,n_pairs_initial,n_pairs_fit_min,valid,qc_reason
bc330dd9c3e1f1b01da77bddae27b46d527be4483da6954817e855004b3ce641,theiler,T2: 1.00× (nominal),1,1,Awake,50.00000000004548,3000,8,0.16,8,0.8,1.3,1.0,0.569361553218632,0.5693615532186322,28,0.9161957815827018,0.9895285504568464,2944,2816,True,ok
bc330dd9c3e1f1b01da77bddae27b46d527be4483da6954817e855004b3ce641,theiler,T2: 1.00× (nominal),1,2,Awake,50.00000000004548,3000,8,0.16,8,0.8,1.3,1.0,0.5577630852884349,0.5577630852884349,28,0.972962567729786,0.9895062447790298,2944,2829,True,ok
bc330dd9c3e1f1b01da77bddae27b46d527be4483da6954817e855004b3ce641,theiler,T2: 1.00× (nominal),1,3,Awake,50.00000000004548,3000,8,0.16,8,0.8,1.3,1.0,0.5310070189856311,0.5310070189856311,27,0.9863349644536636,0.9956413678496704,2944,2849,True,ok
bc330dd9c3e1f1b01da77bddae27b46d527be4483da6954817e855004b3ce641,theiler,T2: 1.00× (nominal),1,4,Awake,50.00000000004548,3000,8,0.16,8,0.8,1.3,1.0,0.5472291811784833,0.5472291811784834,27,0.9933194989930182,0.9874634041620772,2944,2775,True,ok
bc330dd9c3e1f1b01da77bddae27b46d527be4483da6954817e855004b3ce641,theiler,T2: 1.00× (nominal),1,5,Awake,50.00000000004548,3000,8,0.16,8,0.8,1.3,1.0,0.5378627805538234,0.5378627805538235,27,1.0049478104847973,0.9958584131968886,2944,2835,True,ok
bc330dd9c3e1f1b01da77bddae27b46d527be4483da6954817e855004b3ce641,theiler,T2: 1.00× (nominal),1,6,Awake,50.00000000004548,3000,8,0.16,8,0.8,1.3,1.0,0.5964809621750989,0.5964809621750989,30,0.9660179513763876,0.9843345739160104,2944,2815,True,ok
bc330dd9c3e1f1b01da77bddae27b46d527be4483da6954817e855004b3ce641,theiler,T2: 1.00× (nominal),1,7,Awake,50.00000000004548,3000,8,0.16,8,0.8,1.3,1.0,0.5739539044153945,0.5739539044153945,29,0.8749085618338619,0.9906838165338738,2944,2813,True,ok
bc330dd9c3e1f1b01da77bddae27b46d527be4483da6954817e855004b3ce641,theiler,T2: 1.00× (nominal),1,8,Awake,50.00000000004548,3000,8,0.16,8,0.8,1.3,1.0,0.5142838479908601,0.5142838479908602,26,0.6970695452554783,0.94264891068108,2944,2844,True,ok
bc330dd9c3e1f1b01da77bddae27b46d527be4483da6954817e855004b3ce641,theiler,T2: 1.00× (nominal),1,9,Awake,50.00000000004548,3000,8,0.16,8,0.8,1.3,1.0,0.5472444105126111,0.5472444105126111,27,0.9509423927957208,0.9846405959631775,2944,2798,True,ok
bc330dd9c3e1f1b01da77bddae27b46d527be4483da6954817e855004b3ce641,theiler,T2: 1.00× (nominal),1,10,Awake,50.00000000004548,3000,8,0.16,8,0.8,1.3,1.0,0.560423956464134,0.5604239564641341,28,1.0287754956413215,0.9912416272443832,2944,2806,True,ok
bc330dd9c3e1f1b01da77bddae27b46d527be4483da6954817e855004b3ce641,theiler,T2: 1.00× (nominal),1,11,Awake,50.00000000004548,3000,8,0.16,8,0.8,1.3,1.0,0.5453861896867453,0.5453861896867453,27,0.9856823656851303,0.9902652056932796,2944,2855,True,ok
bc330dd9c3e1f1b01da77bddae27b46d527be4483da6954817e855004b3ce641,theiler,T2: 1.00× (nominal),1,12,Awake,50.00000000004548,3000,8,0.16,8,0.8,1.3,1.0,0.5086710033323601,0.5086710033323601,25,0.810945322803681,0.9850439001818896,2944,2800,True,ok
bc330dd9c3e1f1b01da77bddae27b46d527be4483da6954817e855004b3ce641,theiler,T2: 1.00× (nominal),1,13,Awake,50.00000000004548,3000,8,0.16,8,0.8,1.3,1.0,0.5450986663830599,0.5450986663830599,27,0.9204619095778253,0.989275863535445,2944,2838,True,ok
bc330dd9c3e1f1b01da77bddae27b46d527be4483da6954817e855004b3ce641,theiler,T2: 1.00× (nominal),1,14,Awake,50.00000000004548,3000,8,0.16,8,0.8,1.3,1.0,0.5490672065774523,0.5490672065774523,27,1.017385641675817,0.9746840752211828,2944,2833,True,ok
bc330dd9c3e1f1b01da77bddae27b46d527be4483da6954817e855004b3ce641,theiler,T2: 1.00× (nominal),1,15,Awake,50.00000000004548,3000,8,0.16,8,0.8,1.3,1.0,0.5526021140742113,0.5526021140742113,28,0.9698755202743968,0.9750882357691272,2944,2811,True,ok
bc330dd9c3e1f1b01da77bddae27b46d527be4483da6954817e855004b3ce641,theiler,T2: 1.00× (nominal),1,16,Awake,50.00000000004548,3000,8,0.16,8,0.8,1.3,1.0,0.566332829779369,0.5663328297793692,28,0.9011516367339952,0.9768777569227372,2944,2815,True,ok
bc330dd9c3e1f1b01da77bddae27b46d527be4483da6954817e855004b3ce641,theiler,T2: 1.00× (nominal),1,17,Awake,50.00000000004548,3000,8,0.16,8,0.8,1.3,1.0,0.6036980196124853,0.6036980196124851,30,0.8793491655008708,0.9732174961150422,2944,2810,True,ok
bc330dd9c3e1f1b01da77bddae27b46d527be4483da6954817e855004b3ce641,theiler,T2: 1.00× (nominal),1,18,Drowsy,50.00000000004548,3000,8,0.16,8,0.8,1.3,1.0,0.5474339689325064,0.5474339689325064,27,0.9922830454604018,0.974957914585026,2944,2873,True,ok
bc330dd9c3e1f1b01da77bddae27b46d527be4483da6954817e855004b3ce641,theiler,T2: 1.00× (nominal),1,21,Drowsy,50.00000000004548,3000,8,0.16,8,0.8,1.3,1.0,0.5592449708332209,0.559244970833221,28,0.9421648418538598,0.9857012603796635,2944,2822,True,ok
bc330dd9c3e1f1b01da77bddae27b46d527be4483da6954817e855004b3ce641,theiler,T2: 1.00× (nominal),1,22,Awake,50.00000000004548,3000,8,0.16,8,0.8,1.3,1.0,0.5534842967071117,0.5534842967071119,28,0.8550782432674915,0.9848540833426416,2944,2803,True,ok
bc330dd9c3e1f1b01da77bddae27b46d527be4483da6954817e855004b3ce641,theiler,T2: 1.00× (nominal),1,23,Awake,50.00000000004548,3000,8,0.16,8,0.8,1.3,1.0,0.559021854977186,0.5590218549771859,28,0.9145965983973486,0.9889245515166154,2944,2819,True,ok
bc330dd9c3e1f1b01da77bddae27b46d527be4483da6954817e855004b3ce641,theiler,T2: 1.00× (nominal),1,24,Drowsy,50.00000000004548,3000,8,0.16,8,0.8,1.3,1.0,0.5791053585444256,0.5791053585444256,29,0.8013539247279471,0.989166332723905,2944,2796,True,ok
bc330dd9c3e1f1b01da77bddae27b46d527be4483da6954817e855004b3ce641,theiler,T2: 1.00× (nominal),1,25,Drowsy,50.00000000004548,3000,8,0.16,8,0.8,1.3,1.0,0.5901664250045131,0.5901664250045131,30,0.8162442077084744,0.997595388996107,2944,2865,True,ok
bc330dd9c3e1f1b01da77bddae27b46d527be4483da6954817e855004b3ce641,theiler,T2: 1.00× (nominal),1,26,Drowsy,50.00000000004548,3000,8,0.16,8,0.8,1.3,1.0,0.5769267558318371,0.5769267558318371,29,0.8833207560797833,0.9915316058036848,2944,2853,True,ok
bc330dd9c3e1f1b01da77bddae27b46d527be4483da6954817e855004b3ce641,theiler,T2: 1.00× (nominal),1,27,Awake,50.00000000004548,3000,8,0.16,8,0.8,1.3,1.0,0.5891967978300546,0.5891967978300545,29,0.9012354588357542,0.9932012883243814,2944,2862,True,ok
bc330dd9c3e1f1b01da77bddae27b46d527be4483da6954817e855004b3ce641,theiler,T2: 1.00× (nominal),1,28,Awake,50.00000000004548,3000,8,0.16,8,0.8,1.3,1.0,0.6268567935121061,0.6268567935121061,31,1.011417493410193,0.9910191454336316,2944,2802,True,ok
bc330dd9c3e1f1b01da77bddae27b46d527be4483da6954817e855004b3ce641,theiler,T2: 1.00× (nominal),1,29,Awake,50.00000000004548,3000,8,0.16,8,0.8,1.3,1.0,0.6085199783932133,0.6085199783932134,30,1.028058603608312,0.9935051123236256,2944,2806,True,ok
bc330dd9c3e1f1b01da77bddae27b46d527be4483da6954817e855004b3ce641,theiler,T2: 1.00× (nominal),1,30,Awake,50.00000000004548,3000,8,0.16,8,0.8,1.3,1.0,0.6041966699094115,0.6041966699094116,30,0.921818994889974,0.9912654459803356,2944,2790,True,ok
bc330dd9c3e1f1b01da77bddae27b46d527be4483da6954817e855004b3ce641,theiler,T2: 1.00× (nominal),1,31,Drowsy,50.00000000004548,3000,8,0.16,8,0.8,1.3,1.0,0.6106145121255815,0.6106145121255815,31,0.7021028507556002,0.982038090934276,2944,2792,True,ok
bc330dd9c3e1f1b01da77bddae27b46d527be4483da6954817e855004b3ce641,theiler,T2: 1.00× (nominal),1,33,Awake,50.00000000004548,3000,8,0.16,8,0.8,1.3,1.0,0.5951472323147307,0.5951472323147307,30,0.8930032308553342,0.993867850447576,2944,2852,True,ok
bc330dd9c3e1f1b01da77bddae27b46d527be4483da6954817e855004b3ce641,theiler,T2: 1.00× (nominal),1,34,Drowsy,50.00000000004548,3000,8,0.16,8,0.8,1.3,1.0,0.5969485368100336,0.5969485368100336,30,0.8508454421393316,0.9911475161521024,2944,2851,True,ok
bc330dd9c3e1f1b01da77bddae27b46d527be4483da6954817e855004b3ce641,theiler,T2: 1.00× (nominal),4,1,Awake,24.991877639597277,1500,8,0.16,4,0.8,1.3,1.0,0.486649785472999,0.486649785472999,12,0.640124674935554,0.9452879495988078,1472,1388,True,ok
bc330dd9c3e1f1b01da77bddae27b46d527be4483da6954817e855004b3ce641,theiler,T2: 1.00× (nominal),4,2,Awake,24.991877639597277,1500,8,0.16,4,0.8,1.3,1.0,0.5097943577009518,0.5097943577009518,13,0.7899486334791744,0.9822983254662216,1472,1417,True,ok
bc330dd9c3e1f1b01da77bddae27b46d527be4483da6954817e855004b3ce641,theiler,T2: 1.00× (nominal),4,3,Awake,24.991877639597277,1500,8,0.16,4,0.8,1.3,1.0,0.5448969011310193,0.5448969011310193,14,0.8774702478488547,0.9892291837872036,1472,1381,True,ok
bc330dd9c3e1f1b01da77bddae27b46d527be4483da6954817e855004b3ce641,theiler,T2: 1.00× (nominal),4,4,Awake,24.991877639597277,1500,8,0.16,4,0.8,1.3,1.0,0.5596502199266864,0.5596502199266866,14,0.8679927250631551,0.9823196698133508,1472,1413,True,ok
bc330dd9c3e1f1b01da77bddae27b46d527be4483da6954817e855004b3ce641,theiler,T2: 1.00× (nominal),4,5,Awake,24.991877639597277,1500,8,0.16,4,0.8,1.3,1.0,0.5730538629169175,0.5730538629169175,14,0.7655131964468765,0.979998365402047,1472,1412,True,ok
bc330dd9c3e1f1b01da77bddae27b46d527be4483da6954817e855004b3ce641,theiler,T2: 1.00× (nominal),4,6,Awake,24.991877639597277,1500,8,0.16,4,0.8,1.3,1.0,0.5245342318024375,0.5245342318024374,13,0.868912584531585,0.9816752152384371,1472,1424,True,ok
bc330dd9c3e1f1b01da77bddae27b46d527be4483da6954817e855004b3ce641,theiler,T2: 1.00× (nominal),4,7,Awake,24.991877639597277,1500,8,0.16,4,0.8,1.3,1.0,0.592312316794564,0.5923123167945639,15,0.8082048466294136,0.9645758512174648,1472,1413,True,ok
bc330dd9c3e1f1b01da77bddae27b46d527be4483da6954817e855004b3ce641,theiler,T2: 1.00× (nominal),4,8,Awake,24.991877639597277,1500,8,0.16,4,0.8,1.3,1.0,0.5415584855473823,0.5415584855473823,14,0.8456319558790418,0.9708049431826664,1472,1408,True,ok
bc330dd9c3e1f1b01da77bddae27b46d527be4483da6954817e855004b3ce641,theiler,T2: 1.00× (nominal),4,9,Awake,24.991877639597277,1500,8,0.16,4,0.8,1.3,1.0,0.5595329439809358,0.559532943980936,14,0.8677791570518432,0.9725312603848912,1472,1404,True,ok
bc330dd9c3e1f1b01da77bddae27b46d527be4483da6954817e855004b3ce641,theiler,T2: 1.00× (nominal),4,10,Awake,24.991877639597277,1500,8,0.16,4,0.8,1.3,1.0,0.49771172240242806,0.497711722402428,12,0.7987880680629765,0.9770228841173288,1472,1393,True,ok
bc330dd9c3e1f1b01da77bddae27b46d527be4483da6954817e855004b3ce641,theiler,T2: 1.00× (nominal),4,11,Drowsy,24.991877639597277,1500,8,0.16,4,0.8,1.3,1.0,0.5232115252084582,0.523211525208458,13,0.6895502093040389,0.9688881498350886,1472,1402,True,ok
bc330dd9c3e1f1b01da77bddae27b46d527be4483da6954817e855004b3ce641,theiler,T2: 1.00× (nominal),4,12,Drowsy,24.991877639597277,1500,8,0.16,4,0.8,1.3,1.0,0.5466173430117337,0.5466173430117338,14,0.7257817445120944,0.9778498107856312,1472,1422,True,ok
bc330dd9c3e1f1b01da77bddae27b46d527be4483da6954817e855004b3ce641,theiler,T2: 1.00× (nominal),4,13,Drowsy,24.991877639597277,1500,8,0.16,4,0.8,1.3,1.0,0.5487617897685365,0.5487617897685365,14,0.7583551340334036,0.9801402102857234,1472,1400,True,ok
bc330dd9c3e1f1b01da77bddae27b46d527be4483da6954817e855004b3ce641,theiler,T2: 1.00× (nominal),4,14,Awake,24.991877639597277,1500,8,0.16,4,0.8,1.3,1.0,0.4886886102073729,0.4886886102073729,12,0.7620085001020849,0.9718296732647704,1472,1408,True,ok
bc330dd9c3e1f1b01da77bddae27b46d527be4483da6954817e855004b3ce641,theiler,T2: 1.00× (nominal),4,15,Awake,24.991877639597277,1500,8,0.16,4,0.8,1.3,1.0,0.49495729772850944,0.4949572977285094,12,0.7226874244869205,0.9552675430728714,1472,1426,True,ok
bc330dd9c3e1f1b01da77bddae27b46d527be4483da6954817e855004b3ce641,theiler,T2: 1.00× (nominal),4,16,Awake,24.991877639597277,1500,8,0.16,4,0.8,1.3,1.0,0.4986531029401136,0.4986531029401136,12,0.7912909243070774,0.9851512694025324,1472,1433,True,ok
bc330dd9c3e1f1b01da77bddae27b46d527be4483da6954817e855004b3ce641,theiler,T2: 1.00× (nominal),4,17,Awake,24.991877639597277,1500,8,0.16,4,0.8,1.3,1.0,0.507532925972993,0.507532925972993,13,0.7490007020153149,0.9625135365172643,1472,1424,True,ok
bc330dd9c3e1f1b01da77bddae27b46d527be4483da6954817e855004b3ce641,theiler,T2: 1.00× (nominal),4,18,Awake,24.991877639597277,1500,8,0.16,4,0.8,1.3,1.0,0.49901447063098486,0.4990144706309848,12,0.8079072707678471,0.9659635542673178,1472,1400,True,ok
bc330dd9c3e1f1b01da77bddae27b46d527be4483da6954817e855004b3ce641,theiler,T2: 1.00× (nominal),4,19,Awake,24.991877639597277,1500,8,0.16,4,0.8,1.3,1.0,0.5006233887012274,0.5006233887012272,13,0.8696714140263174,0.9918817780490388,1472,1396,True,ok
bc330dd9c3e1f1b01da77bddae27b46d527be4483da6954817e855004b3ce641,theiler,T2: 1.00× (nominal),4,20,Awake,24.991877639597277,1500,8,0.16,4,0.8,1.3,1.0,0.518178031068808,0.5181780310688081,13,0.8701487376495088,0.9939493806308056,1472,1427,True,ok
bc330dd9c3e1f1b01da77bddae27b46d527be4483da6954817e855004b3ce641,theiler,T2: 1.00× (nominal),4,21,Awake,24.991877639597277,1500,8,0.16,4,0.8,1.3,1.0,0.4692488172302807,0.4692488172302808,12,0.7633845704399094,0.9907746645265672,1472,1392,True,ok
bc330dd9c3e1f1b01da77bddae27b46d527be4483da6954817e855004b3ce641,theiler,T2: 1.00× (nominal),4,22,Awake,24.991877639597277,1500,8,0.16,4,0.8,1.3,1.0,0.5283159066402929,0.5283159066402929,13,0.7824802990670998,0.985376260712804,1472,1407,True,ok
bc330dd9c3e1f1b01da77bddae27b46d527be4483da6954817e855004b3ce641,theiler,T2: 1.00× (nominal),4,23,Awake,24.991877639597277,1500,8,0.16,4,0.8,1.3,1.0,0.48484515886425533,0.4848451588642554,12,0.7139715450466734,0.9749342795071846,1472,1417,True,ok
bc330dd9c3e1f1b01da77bddae27b46d527be4483da6954817e855004b3ce641,theiler,T2: 1.00× (nominal),4,24,Awake,24.991877639597277,1500,8,0.16,4,0.8,1.3,1.0,0.48460492492673984,0.4846049249267398,12,0.8326741137969206,0.9596727136124612,1472,1403,True,ok
bc330dd9c3e1f1b01da77bddae27b46d527be4483da6954817e855004b3ce641,theiler,T2: 1.00× (nominal),4,25,Awake,24.991877639597277,1500,8,0.16,4,0.8,1.3,1.0,0.4686574708286083,0.4686574708286083,12,0.8224498955850977,0.9497421568861222,1472,1415,True,ok
bc330dd9c3e1f1b01da77bddae27b46d527be4483da6954817e855004b3ce641,theiler,T2: 1.00× (nominal),4,26,Awake,24.991877639597277,1500,8,0.16,4,0.8,1.3,1.0,0.5184290573908418,0.5184290573908419,13,0.8477073570325854,0.9612577989930748,1472,1422,True,ok
bc330dd9c3e1f1b01da77bddae27b46d527be4483da6954817e855004b3ce641,theiler,T2: 1.00× (nominal),4,27,Awake,24.991877639597277,1500,8,0.16,4,0.8,1.3,1.0,0.5164833803758792,0.5164833803758789,13,0.8643698428492461,0.9764534952032158,1472,1417,True,ok
bc330dd9c3e1f1b01da77bddae27b46d527be4483da6954817e855004b3ce641,theiler,T2: 1.00× (nominal),4,28,Awake,24.991877639597277,1500,8,0.16,4,0.8,1.3,1.0,0.5021008397746517,0.5021008397746517,13,0.7058906281690734,0.9598033740966572,1472,1406,True,ok
bc330dd9c3e1f1b01da77bddae27b46d527be4483da6954817e855004b3ce641,theiler,T2: 1.00× (nominal),4,29,Awake,24.991877639597277,1500,8,0.16,4,0.8,1.3,1.0,0.5036603125806921,0.5036603125806921,13,0.8146802098355347,0.9853862708152472,1472,1418,True,ok
bc330dd9c3e1f1b01da77bddae27b46d527be4483da6954817e855004b3ce641,theiler,T2: 1.00× (nominal),4,30,Awake,24.991877639597277,1500,8,0.16,4,0.8,1.3,1.0,0.5154811505530754,0.5154811505530754,13,0.9177205889179748,0.9867590459560692,1472,1426,True,ok
bc330dd9c3e1f1b01da77bddae27b46d527be4483da6954817e855004b3ce641,theiler,T2: 1.00× (nominal),4,31,Awake,24.991877639597277,1500,8,0.16,4,0.8,1.3,1.0,0.5356265341330797,0.5356265341330797,13,0.8519954661531333,0.9851459704686976,1472,1412,True,ok
bc330dd9c3e1f1b01da77bddae27b46d527be4483da6954817e855004b3ce641,theiler,T2: 1.00× (nominal),4,32,Awake,24.991877639597277,1500,8,0.16,4,0.8,1.3,1.0,0.4757450425199569,0.4757450425199569,12,0.7808807446067751,0.9523039006658244,1472,1427,True,ok
bc330dd9c3e1f1b01da77bddae27b46d527be4483da6954817e855004b3ce641,theiler,T2: 1.00× (nominal),4,33,Drowsy,24.991877639597277,1500,8,0.16,4,0.8,1.3,1.0,0.5188461518853436,0.5188461518853436,13,0.73752065527316,0.9819718554598276,1472,1400,True,ok
bc330dd9c3e1f1b01da77bddae27b46d527be4483da6954817e855004b3ce641,theiler,T2: 1.00× (nominal),4,34,Drowsy,24.991877639597277,1500,8,0.16,4,0.8,1.3,1.0,0.4917423019396621,0.491742301939662,12,0.7535467389481182,0.9703134123910028,1472,1415,True,ok
bc330dd9c3e1f1b01da77bddae27b46d527be4483da6954817e855004b3ce641,theiler,T2: 1.00× (nominal),4,35,Drowsy,24.991877639597277,1500,8,0.16,4,0.8,1.3,1.0,0.49313405245748715,0.4931340524574871,12,0.7435326898100797,0.960667381299927,1472,1419,True,ok
bc330dd9c3e1f1b01da77bddae27b46d527be4483da6954817e855004b3ce641,theiler,T2: 1.00× (nominal),4,36,Drowsy,24.991877639597277,1500,8,0.16,4,0.8,1.3,1.0,0.509046670735312,0.509046670735312,13,0.8618768919086157,0.9806308939597052,1472,1434,True,ok
bc330dd9c3e1f1b01da77bddae27b46d527be4483da6954817e855004b3ce641,theiler,T2: 1.00× (nominal),4,37,Drowsy,24.991877639597277,1500,8,0.16,4,0.8,1.3,1.0,0.49288838622209563,0.4928883862220957,12,0.7588513260015309,0.9804749805892063,1472,1414,True,ok
bc330dd9c3e1f1b01da77bddae27b46d527be4483da6954817e855004b3ce641,theiler,T2: 1.00× (nominal),4,38,Drowsy,24.991877639597277,1500,8,0.16,4,0.8,1.3,1.0,0.4879054589892962,0.4879054589892962,12,0.7621550296798051,0.9455278375363374,1472,1428,True,ok
bc330dd9c3e1f1b01da77bddae27b46d527be4483da6954817e855004b3ce641,theiler,T2: 1.00× (nominal),4,39,Drowsy,24.991877639597277,1500,8,0.16,4,0.8,1.3,1.0,0.4901124860336338,0.4901124860336338,12,0.7806199838297103,0.9793583443248896,1472,1420,True,ok
bc330dd9c3e1f1b01da77bddae27b46d527be4483da6954817e855004b3ce641,theiler,T2: 1.00× (nominal),4,40,Drowsy,24.991877639597277,1500,8,0.16,4,0.8,1.3,1.0,0.50800008751083,0.5080000875108299,13,0.7510098988471643,0.985959997287192,1472,1411,True,ok
bc330dd9c3e1f1b01da77bddae27b46d527be4483da6954817e855004b3ce641,theiler,T2: 1.00× (nominal),4,41,Drowsy,24.991877639597277,1500,8,0.16,4,0.8,1.3,1.0,0.5212302993317245,0.5212302993317246,13,0.7654461666979245,0.9573745635618822,1472,1406,True,ok
bc330dd9c3e1f1b01da77bddae27b46d527be4483da6954817e855004b3ce641,theiler,T2: 1.00× (nominal),4,42,Drowsy,24.991877639597277,1500,8,0.16,4,0.8,1.3,1.0,0.5381219299782364,0.5381219299782364,13,0.7022239123757171,0.9412632933482596,1472,1409,True,ok
bc330dd9c3e1f1b01da77bddae27b46d527be4483da6954817e855004b3ce641,theiler,T2: 1.00× (nominal),4,43,Drowsy,24.991877639597277,1500,8,0.16,4,0.8,1.3,1.0,0.48251962069814264,0.4825196206981425,12,0.7593469695050169,0.9715238007424456,1472,1401,True,ok
bc330dd9c3e1f1b01da77bddae27b46d527be4483da6954817e855004b3ce641,theiler,T2: 1.00× (nominal),4,44,Drowsy,24.991877639597277,1500,8,0.16,4,0.8,1.3,1.0,0.47133655535599017,0.4713365553559903,12,0.8350988727764167,0.98147363514161,1472,1413,True,ok
bc330dd9c3e1f1b01da77bddae27b46d527be4483da6954817e855004b3ce641,theiler,T2: 1.00× (nominal),4,45,Drowsy,24.991877639597277,1500,8,0.16,4,0.8,1.3,1.0,0.5217091506709459,0.521709150670946,13,0.8351175750698633,0.989097398831966,1472,1416,True,ok
bc330dd9c3e1f1b01da77bddae27b46d527be4483da6954817e855004b3ce641,theiler,T2: 1.00× (nominal),4,46,Drowsy,24.991877639597277,1500,8,0.16,4,0.8,1.3,1.0,0.5268223538808753,0.5268223538808753,13,0.8712319360183066,0.9733062881021652,1472,1425,True,ok
bc330dd9c3e1f1b01da77bddae27b46d527be4483da6954817e855004b3ce641,theiler,T2: 1.00× (nominal),5,2,Awake,25.002500250041432,1500,8,0.16,4,0.8,1.3,1.0,0.5476865073526967,0.5476865073526967,14,0.7003659490137759,0.978423853440304,1472,1419,True,ok
bc330dd9c3e1f1b01da77bddae27b46d527be4483da6954817e855004b3ce641,theiler,T2: 1.00× (nominal),5,3,Awake,25.002500250041432,1500,8,0.16,4,0.8,1.3,1.0,0.5327884803421785,0.5327884803421785,13,0.6927116192020786,0.903251501570499,1472,1417,True,ok
bc330dd9c3e1f1b01da77bddae27b46d527be4483da6954817e855004b3ce641,theiler,T2: 1.00× (nominal),5,4,Awake,25.002500250041432,1500,8,0.16,4,0.8,1.3,1.0,0.5013117222208616,0.5013117222208617,13,0.7809935044928492,0.9866050483911788,1472,1418,True,ok
bc330dd9c3e1f1b01da77bddae27b46d527be4483da6954817e855004b3ce641,theiler,T2: 1.00× (nominal),5,5,Awake,25.002500250041432,1500,8,0.16,4,0.8,1.3,1.0,0.47936072178418426,0.4793607217841842,12,0.809792073082385,0.989038603962157,1472,1404,True,ok
bc330dd9c3e1f1b01da77bddae27b46d527be4483da6954817e855004b3ce641,theiler,T2: 1.00× (nominal),5,6,Awake,25.002500250041432,1500,8,0.16,4,0.8,1.3,1.0,0.4956859791982041,0.4956859791982041,12,0.7302719706760146,0.9753452686516214,1472,1415,True,ok
bc330dd9c3e1f1b01da77bddae27b46d527be4483da6954817e855004b3ce641,theiler,T2: 1.00× (nominal),5,7,Awake,25.002500250041432,1500,8,0.16,4,0.8,1.3,1.0,0.5527321847654943,0.5527321847654943,14,0.7343543510761443,0.9697716126349613,1472,1433,True,ok
bc330dd9c3e1f1b01da77bddae27b46d527be4483da6954817e855004b3ce641,theiler,T2: 1.00× (nominal),5,8,Awake,25.002500250041432,1500,8,0.16,4,0.8,1.3,1.0,0.5353833896721303,0.5353833896721303,13,0.786855931255348,0.9863210495404174,1472,1410,True,ok
bc330dd9c3e1f1b01da77bddae27b46d527be4483da6954817e855004b3ce641,theiler,T2: 1.00× (nominal),5,9,Awake,25.002500250041432,1500,8,0.16,4,0.8,1.3,1.0,0.5297401511016432,0.5297401511016432,13,0.8130711282416521,0.957301440381894,1472,1414,True,ok
bc330dd9c3e1f1b01da77bddae27b46d527be4483da6954817e855004b3ce641,theiler,T2: 1.00× (nominal),5,10,Awake,25.002500250041432,1500,8,0.16,4,0.8,1.3,1.0,0.5198509404895525,0.5198509404895524,13,0.8262337648720133,0.9529519271369644,1472,1381,True,ok
bc330dd9c3e1f1b01da77bddae27b46d527be4483da6954817e855004b3ce641,theiler,T2: 1.00× (nominal),5,11,Awake,25.002500250041432,1500,8,0.16,4,0.8,1.3,1.0,0.45849314878443,0.45849314878443,11,0.6882142096766141,0.9818434555892338,1472,1405,True,ok
bc330dd9c3e1f1b01da77bddae27b46d527be4483da6954817e855004b3ce641,theiler,T2: 1.00× (nominal),5,12,Awake,25.002500250041432,1500,8,0.16,4,0.8,1.3,1.0,0.46463501657405115,0.4646350165740511,12,0.7402914129813681,0.9849126560843788,1472,1428,True,ok
bc330dd9c3e1f1b01da77bddae27b46d527be4483da6954817e855004b3ce641,theiler,T2: 1.00× (nominal),5,13,Awake,25.002500250041432,1500,8,0.16,4,0.8,1.3,1.0,0.5032422267878954,0.5032422267878955,13,0.7573855329708173,0.9915691594696976,1472,1403,True,ok
bc330dd9c3e1f1b01da77bddae27b46d527be4483da6954817e855004b3ce641,theiler,T2: 1.00× (nominal),5,14,Awake,25.002500250041432,1500,8,0.16,4,0.8,1.3,1.0,0.5302008679521525,0.5302008679521525,13,0.6820216171141595,0.9906410487296258,1472,1395,True,ok
bc330dd9c3e1f1b01da77bddae27b46d527be4483da6954817e855004b3ce641,theiler,T2: 1.00× (nominal),5,16,Awake,25.002500250041432,1500,8,0.16,4,0.8,1.3,1.0,0.49108289894566737,0.4910828989456673,12,0.9010124363918084,0.991554757438866,1472,1391,True,ok
bc330dd9c3e1f1b01da77bddae27b46d527be4483da6954817e855004b3ce641,theiler,T2: 1.00× (nominal),5,17,Awake,25.002500250041432,1500,8,0.16,4,0.8,1.3,1.0,0.4840990931124957,0.4840990931124957,12,0.8368787335232014,0.9867804550446156,1472,1410,True,ok
bc330dd9c3e1f1b01da77bddae27b46d527be4483da6954817e855004b3ce641,theiler,T2: 1.00× (nominal),5,18,Awake,25.002500250041432,1500,8,0.16,4,0.8,1.3,1.0,0.45916282053732216,0.4591628205373222,11,0.730638520615028,0.9939374839362632,1472,1409,True,ok
bc330dd9c3e1f1b01da77bddae27b46d527be4483da6954817e855004b3ce641,theiler,T2: 1.00× (nominal),5,19,Awake,25.002500250041432,1500,8,0.16,4,0.8,1.3,1.0,0.5228259862637906,0.5228259862637907,13,0.7680204034431836,0.9790947008463634,1472,1397,True,ok
bc330dd9c3e1f1b01da77bddae27b46d527be4483da6954817e855004b3ce641,theiler,T2: 1.00× (nominal),5,20,Awake,25.002500250041432,1500,8,0.16,4,0.8,1.3,1.0,0.495242552069398,0.495242552069398,12,0.8167451467128732,0.971546035775012,1472,1421,True,ok
bc330dd9c3e1f1b01da77bddae27b46d527be4483da6954817e855004b3ce641,theiler,T2: 1.00× (nominal),5,21,Awake,25.002500250041432,1500,8,0.16,4,0.8,1.3,1.0,0.47194374226841124,0.4719437422684112,12,0.7933717507556469,0.9854148790389952,1472,1397,True,ok
bc330dd9c3e1f1b01da77bddae27b46d527be4483da6954817e855004b3ce641,theiler,T2: 1.00× (nominal),5,22,Awake,25.002500250041432,1500,8,0.16,4,0.8,1.3,1.0,0.48064437814704825,0.4806443781470481,12,0.8418055280926718,0.987302981484818,1472,1409,True,ok
bc330dd9c3e1f1b01da77bddae27b46d527be4483da6954817e855004b3ce641,theiler,T2: 1.00× (nominal),5,23,Awake,25.002500250041432,1500,8,0.16,4,0.8,1.3,1.0,0.515777180363932,0.5157771803639322,13,0.7515650300742498,0.944046082162582,1472,1382,True,ok
bc330dd9c3e1f1b01da77bddae27b46d527be4483da6954817e855004b3ce641,theiler,T2: 1.00× (nominal),5,24,Awake,25.002500250041432,1500,8,0.16,4,0.8,1.3,1.0,0.49183831676899137,0.4918383167689912,12,0.7944121260359143,0.9833292572482444,1472,1433,True,ok
bc330dd9c3e1f1b01da77bddae27b46d527be4483da6954817e855004b3ce641,theiler,T2: 1.00× (nominal),5,25,Awake,25.002500250041432,1500,8,0.16,4,0.8,1.3,1.0,0.5533914756194653,0.5533914756194653,14,0.918956568551592,0.9964575425305844,1472,1420,True,ok
bc330dd9c3e1f1b01da77bddae27b46d527be4483da6954817e855004b3ce641,theiler,T2: 1.00× (nominal),5,26,Drowsy,25.002500250041432,1500,8,0.16,4,0.8,1.3,1.0,0.44123720668337807,0.441237206683378,11,0.7576837424205665,0.9927920803603412,1472,1428,True,ok
bc330dd9c3e1f1b01da77bddae27b46d527be4483da6954817e855004b3ce641,theiler,T2: 1.00× (nominal),5,27,Drowsy,25.002500250041432,1500,8,0.16,4,0.8,1.3,1.0,0.4460773278755486,0.4460773278755485,11,0.8064381744929007,0.9732528858030778,1472,1413,True,ok
bc330dd9c3e1f1b01da77bddae27b46d527be4483da6954817e855004b3ce641,theiler,T2: 1.00× (nominal),5,28,Drowsy,25.002500250041432,1500,8,0.16,4,0.8,1.3,1.0,0.4640364221831536,0.4640364221831537,12,0.6523974409354448,0.9424645767803344,1472,1391,True,ok
bc330dd9c3e1f1b01da77bddae27b46d527be4483da6954817e855004b3ce641,theiler,T2: 1.00× (nominal),5,29,Drowsy,25.002500250041432,1500,8,0.16,4,0.8,1.3,1.0,0.4465921071702163,0.4465921071702163,11,0.7371647087561622,0.9722025018810369,1472,1386,True,ok
bc330dd9c3e1f1b01da77bddae27b46d527be4483da6954817e855004b3ce641,theiler,T2: 1.00× (nominal),5,30,Drowsy,25.002500250041432,1500,8,0.16,4,0.8,1.3,1.0,0.42761339662047937,0.4276133966204794,11,0.6387387778303402,0.9006727223531255,1472,1437,True,ok
bc330dd9c3e1f1b01da77bddae27b46d527be4483da6954817e855004b3ce641,theiler,T2: 1.00× (nominal),5,31,Drowsy,25.002500250041432,1500,8,0.16,4,0.8,1.3,1.0,0.46577976857419556,0.4657797685741955,12,0.7553679713612503,0.9865324155382792,1472,1406,True,ok
bc330dd9c3e1f1b01da77bddae27b46d527be4483da6954817e855004b3ce641,theiler,T2: 1.00× (nominal),5,32,Awake,25.002500250041432,1500,8,0.16,4,0.8,1.3,1.0,0.45560836124275905,0.4556083612427591,11,0.7296009936305135,0.9341158793294044,1472,1404,True,ok
bc330dd9c3e1f1b01da77bddae27b46d527be4483da6954817e855004b3ce641,theiler,T2: 1.00× (nominal),5,33,Awake,25.002500250041432,1500,8,0.16,4,0.8,1.3,1.0,0.4680495225223681,0.4680495225223679,12,0.7692887486998038,0.9780778954235148,1472,1407,True,ok
bc330dd9c3e1f1b01da77bddae27b46d527be4483da6954817e855004b3ce641,theiler,T2: 1.00× (nominal),5,34,Awake,25.002500250041432,1500,8,0.16,4,0.8,1.3,1.0,0.4797627237160508,0.4797627237160508,12,0.8164451440795163,0.982677857259116,1472,1408,True,ok
bc330dd9c3e1f1b01da77bddae27b46d527be4483da6954817e855004b3ce641,theiler,T2: 1.00× (nominal),5,35,Awake,25.002500250041432,1500,8,0.16,4,0.8,1.3,1.0,0.46905009234122763,0.4690500923412277,12,0.7673447045595045,0.9926124362381497,1472,1418,True,ok
bc330dd9c3e1f1b01da77bddae27b46d527be4483da6954817e855004b3ce641,theiler,T2: 1.00× (nominal),5,36,Awake,25.002500250041432,1500,8,0.16,4,0.8,1.3,1.0,0.4645826522093368,0.4645826522093368,12,0.7174392401504119,0.9795562291833452,1472,1414,True,ok
bc330dd9c3e1f1b01da77bddae27b46d527be4483da6954817e855004b3ce641,theiler,T2: 1.00× (nominal),5,37,Awake,25.002500250041432,1500,8,0.16,4,0.8,1.3,1.0,0.4659554246900769,0.4659554246900769,12,0.7628833744483251,0.9873719775939274,1472,1409,True,ok
bc330dd9c3e1f1b01da77bddae27b46d527be4483da6954817e855004b3ce641,theiler,T2: 1.00× (nominal),5,38,Awake,25.002500250041432,1500,8,0.16,4,0.8,1.3,1.0,0.4606374998546853,0.4606374998546853,12,0.6621808610386968,0.96130821206414,1472,1418,True,ok
bc330dd9c3e1f1b01da77bddae27b46d527be4483da6954817e855004b3ce641,theiler,T2: 1.00× (nominal),5,39,Awake,25.002500250041432,1500,8,0.16,4,0.8,1.3,1.0,0.4933369920693269,0.493336992069327,12,0.7125843719203189,0.987807808908853,1472,1424,True,ok
bc330dd9c3e1f1b01da77bddae27b46d527be4483da6954817e855004b3ce641,theiler,T2: 1.00× (nominal),5,40,Awake,25.002500250041432,1500,8,0.16,4,0.8,1.3,1.0,0.5182221979078272,0.5182221979078272,13,0.7290688719809241,0.981282128479562,1472,1415,True,ok
bc330dd9c3e1f1b01da77bddae27b46d527be4483da6954817e855004b3ce641,theiler,T2: 1.00× (nominal),5,41,Drowsy,25.002500250041432,1500,8,0.16,4,0.8,1.3,1.0,0.48607120977303786,0.4860712097730379,12,0.628908500601781,0.9472416258980096,1472,1381,True,ok
bc330dd9c3e1f1b01da77bddae27b46d527be4483da6954817e855004b3ce641,theiler,T2: 1.00× (nominal),5,42,Drowsy,25.002500250041432,1500,8,0.16,4,0.8,1.3,1.0,0.5145975998626496,0.5145975998626495,13,0.6960540453847249,0.9507779895912686,1472,1428,True,ok
bc330dd9c3e1f1b01da77bddae27b46d527be4483da6954817e855004b3ce641,theiler,T2: 1.00× (nominal),5,43,Drowsy,25.002500250041432,1500,8,0.16,4,0.8,1.3,1.0,0.4994722302792087,0.4994722302792088,12,0.7019740465291269,0.9696828843172264,1472,1405,True,ok
bc330dd9c3e1f1b01da77bddae27b46d527be4483da6954817e855004b3ce641,theiler,T2: 1.00× (nominal),5,44,Drowsy,25.002500250041432,1500,8,0.16,4,0.8,1.3,1.0,0.47409472025017263,0.4740947202501727,12,0.6422697359512229,0.9919654030164972,1472,1396,True,ok
bc330dd9c3e1f1b01da77bddae27b46d527be4483da6954817e855004b3ce641,theiler,T2: 1.00× (nominal),5,45,Drowsy,25.002500250041432,1500,8,0.16,4,0.8,1.3,1.0,0.48047342242843794,0.4804734224284379,12,0.6914799086539559,0.985876795105346,1472,1426,True,ok
bc330dd9c3e1f1b01da77bddae27b46d527be4483da6954817e855004b3ce641,theiler,T2: 1.00× (nominal),5,47,Drowsy,25.002500250041432,1500,8,0.16,4,0.8,1.3,1.0,0.45975139244841623,0.4597513924484162,11,0.7262718884770492,0.97680225732169,1472,1428,True,ok
bc330dd9c3e1f1b01da77bddae27b46d527be4483da6954817e855004b3ce641,theiler,T2: 1.00× (nominal),5,48,Drowsy,25.002500250041432,1500,8,0.16,4,0.8,1.3,1.0,0.5103807445747076,0.5103807445747076,13,0.6478442087123544,0.9470048858401316,1472,1433,True,ok
bc330dd9c3e1f1b01da77bddae27b46d527be4483da6954817e855004b3ce641,theiler,T2: 1.00× (nominal),5,49,Awake,25.002500250041432,1500,8,0.16,4,0.8,1.3,1.0,0.5624242944266082,0.5624242944266082,14,0.7045870990932313,0.962293931889729,1472,1418,True,ok
bc330dd9c3e1f1b01da77bddae27b46d527be4483da6954817e855004b3ce641,theiler,T2: 1.00× (nominal),5,52,Drowsy,25.002500250041432,1500,8,0.16,4,0.8,1.3,1.0,0.5277695338886096,0.5277695338886096,13,0.6472320770779418,0.9866211531463956,1472,1431,True,ok
bc330dd9c3e1f1b01da77bddae27b46d527be4483da6954817e855004b3ce641,theiler,T2: 1.00× (nominal),5,53,Drowsy,25.002500250041432,1500,8,0.16,4,0.8,1.3,1.0,0.5456447919996346,0.5456447919996346,14,0.7256590161667682,0.979969725782574,1472,1424,True,ok
bc330dd9c3e1f1b01da77bddae27b46d527be4483da6954817e855004b3ce641,theiler,T2: 1.00× (nominal),5,54,Drowsy,25.002500250041432,1500,8,0.16,4,0.8,1.3,1.0,0.5032967830053833,0.503296783005383,13,0.692204392685259,0.9748155750236184,1472,1421,True,ok
bc330dd9c3e1f1b01da77bddae27b46d527be4483da6954817e855004b3ce641,theiler,T2: 1.00× (nominal),6,1,Awake,24.9931268901808,1500,8,0.16,4,0.8,1.3,1.0,0.5691115530739322,0.5691115530739321,14,0.7925372784650055,0.965375163711138,1472,1426,True,ok
bc330dd9c3e1f1b01da77bddae27b46d527be4483da6954817e855004b3ce641,theiler,T2: 1.00× (nominal),6,2,Awake,24.9931268901808,1500,8,0.16,4,0.8,1.3,1.0,0.5905247288180326,0.5905247288180328,15,0.9140221626253352,0.9854420977455212,1472,1408,True,ok
bc330dd9c3e1f1b01da77bddae27b46d527be4483da6954817e855004b3ce641,theiler,T2: 1.00× (nominal),6,3,Awake,24.9931268901808,1500,8,0.16,4,0.8,1.3,1.0,0.5726727399152657,0.5726727399152657,14,0.839054390767676,0.9879344884373552,1472,1414,True,ok
bc330dd9c3e1f1b01da77bddae27b46d527be4483da6954817e855004b3ce641,theiler,T2: 1.00× (nominal),6,4,Awake,24.9931268901808,1500,8,0.16,4,0.8,1.3,1.0,0.5921263848830919,0.5921263848830919,15,0.921335969940204,0.9802529794636332,1472,1417,True,ok
bc330dd9c3e1f1b01da77bddae27b46d527be4483da6954817e855004b3ce641,theiler,T2: 1.00× (nominal),6,5,Awake,24.9931268901808,1500,8,0.16,4,0.8,1.3,1.0,0.6124986615183372,0.6124986615183372,15,0.9213497242901066,0.9752538730928204,1472,1433,True,ok
bc330dd9c3e1f1b01da77bddae27b46d527be4483da6954817e855004b3ce641,theiler,T2: 1.00× (nominal),6,6,Awake,24.9931268901808,1500,8,0.16,4,0.8,1.3,1.0,0.6099136547649393,0.6099136547649391,15,0.9260902980955,0.973004870750356,1472,1431,True,ok
bc330dd9c3e1f1b01da77bddae27b46d527be4483da6954817e855004b3ce641,theiler,T2: 1.00× (nominal),6,7,Awake,24.9931268901808,1500,8,0.16,4,0.8,1.3,1.0,0.5909505657717875,0.5909505657717875,15,0.8238352427989469,0.9624596126554822,1472,1407,True,ok
bc330dd9c3e1f1b01da77bddae27b46d527be4483da6954817e855004b3ce641,theiler,T2: 1.00× (nominal),6,8,Awake,24.9931268901808,1500,8,0.16,4,0.8,1.3,1.0,0.6090902712864337,0.6090902712864337,15,0.9512028159408952,0.9767434572412984,1472,1390,True,ok
bc330dd9c3e1f1b01da77bddae27b46d527be4483da6954817e855004b3ce641,theiler,T2: 1.00× (nominal),6,9,Awake,24.9931268901808,1500,8,0.16,4,0.8,1.3,1.0,0.5975613409159656,0.5975613409159659,15,0.9586605221447628,0.9940700037057956,1472,1421,True,ok
bc330dd9c3e1f1b01da77bddae27b46d527be4483da6954817e855004b3ce641,theiler,T2: 1.00× (nominal),6,10,Awake,24.9931268901808,1500,8,0.16,4,0.8,1.3,1.0,0.5736044781346881,0.573604478134688,14,0.8275443981094723,0.9833970146771228,1472,1432,True,ok
bc330dd9c3e1f1b01da77bddae27b46d527be4483da6954817e855004b3ce641,theiler,T2: 1.00× (nominal),6,11,Awake,24.9931268901808,1500,8,0.16,4,0.8,1.3,1.0,0.5199617602431849,0.5199617602431849,13,0.7774916755667316,0.9823880832085654,1472,1383,True,ok
bc330dd9c3e1f1b01da77bddae27b46d527be4483da6954817e855004b3ce641,theiler,T2: 1.00× (nominal),6,12,Awake,24.9931268901808,1500,8,0.16,4,0.8,1.3,1.0,0.5346452387647059,0.5346452387647059,13,0.7411693849665976,0.9552291978345362,1472,1402,True,ok
bc330dd9c3e1f1b01da77bddae27b46d527be4483da6954817e855004b3ce641,theiler,T2: 1.00× (nominal),6,13,Awake,24.9931268901808,1500,8,0.16,4,0.8,1.3,1.0,0.5529174240779966,0.5529174240779967,14,0.8124366719412071,0.9598650636622348,1472,1416,True,ok
bc330dd9c3e1f1b01da77bddae27b46d527be4483da6954817e855004b3ce641,theiler,T2: 1.00× (nominal),6,14,Drowsy,24.9931268901808,1500,8,0.16,4,0.8,1.3,1.0,0.50744397572154,0.50744397572154,13,0.8363825773735505,0.960558885901446,1472,1403,True,ok
bc330dd9c3e1f1b01da77bddae27b46d527be4483da6954817e855004b3ce641,theiler,T2: 1.00× (nominal),6,15,Drowsy,24.9931268901808,1500,8,0.16,4,0.8,1.3,1.0,0.5348368393574053,0.5348368393574052,13,0.8158074208270587,0.988596237267718,1472,1417,True,ok
bc330dd9c3e1f1b01da77bddae27b46d527be4483da6954817e855004b3ce641,theiler,T2: 1.00× (nominal),6,16,Drowsy,24.9931268901808,1500,8,0.16,4,0.8,1.3,1.0,0.5415278300881387,0.5415278300881387,14,0.8572491537145055,0.9891935271404476,1472,1422,True,ok
bc330dd9c3e1f1b01da77bddae27b46d527be4483da6954817e855004b3ce641,theiler,T2: 1.00× (nominal),6,17,Drowsy,24.9931268901808,1500,8,0.16,4,0.8,1.3,1.0,0.5234458865833569,0.5234458865833569,13,0.7152078079013763,0.9561870994344752,1472,1399,True,ok
bc330dd9c3e1f1b01da77bddae27b46d527be4483da6954817e855004b3ce641,theiler,T2: 1.00× (nominal),6,18,Drowsy,24.9931268901808,1500,8,0.16,4,0.8,1.3,1.0,0.555979948593499,0.555979948593499,14,0.7858574852166519,0.9791307721973522,1472,1399,True,ok
bc330dd9c3e1f1b01da77bddae27b46d527be4483da6954817e855004b3ce641,theiler,T2: 1.00× (nominal),6,19,Drowsy,24.9931268901808,1500,8,0.16,4,0.8,1.3,1.0,0.5222262838295715,0.5222262838295715,13,0.8229396713496838,0.9646713842557691,1472,1416,True,ok
bc330dd9c3e1f1b01da77bddae27b46d527be4483da6954817e855004b3ce641,theiler,T2: 1.00× (nominal),6,21,Drowsy,24.9931268901808,1500,8,0.16,4,0.8,1.3,1.0,0.518088218738568,0.518088218738568,13,0.6773920568966539,0.962437101133366,1472,1391,True,ok
bc330dd9c3e1f1b01da77bddae27b46d527be4483da6954817e855004b3ce641,theiler,T2: 1.00× (nominal),6,22,Drowsy,24.9931268901808,1500,8,0.16,4,0.8,1.3,1.0,0.5286599166249282,0.5286599166249282,13,0.8126259357157168,0.9745448100266868,1472,1411,True,ok
bc330dd9c3e1f1b01da77bddae27b46d527be4483da6954817e855004b3ce641,theiler,T2: 1.00× (nominal),6,23,Awake,24.9931268901808,1500,8,0.16,4,0.8,1.3,1.0,0.5059733834604488,0.505973383460449,13,0.8035146185471701,0.9633771765783596,1472,1393,True,ok
bc330dd9c3e1f1b01da77bddae27b46d527be4483da6954817e855004b3ce641,theiler,T2: 1.00× (nominal),6,24,Awake,24.9931268901808,1500,8,0.16,4,0.8,1.3,1.0,0.5492004657861116,0.5492004657861116,14,0.8642907573907226,0.9575847901531054,1472,1433,True,ok
bc330dd9c3e1f1b01da77bddae27b46d527be4483da6954817e855004b3ce641,theiler,T2: 1.00× (nominal),6,25,Awake,24.9931268901808,1500,8,0.16,4,0.8,1.3,1.0,0.5634293442047121,0.5634293442047121,14,0.8857242652250037,0.942114492275646,1472,1433,True,ok
bc330dd9c3e1f1b01da77bddae27b46d527be4483da6954817e855004b3ce641,theiler,T2: 1.00× (nominal),6,26,Awake,24.9931268901808,1500,8,0.16,4,0.8,1.3,1.0,0.560782226106608,0.560782226106608,14,0.8590624298995291,0.9623425093840092,1472,1415,True,ok
bc330dd9c3e1f1b01da77bddae27b46d527be4483da6954817e855004b3ce641,theiler,T2: 1.00× (nominal),6,27,Awake,24.9931268901808,1500,8,0.16,4,0.8,1.3,1.0,0.5916139743557838,0.5916139743557838,15,1.079374517488945,0.988258117142916,1472,1372,True,ok
bc330dd9c3e1f1b01da77bddae27b46d527be4483da6954817e855004b3ce641,theiler,T2: 1.00× (nominal),6,28,Awake,24.9931268901808,1500,8,0.16,4,0.8,1.3,1.0,0.5337797135074328,0.5337797135074327,13,0.7872263599378104,0.9913611309413976,1472,1433,True,ok
bc330dd9c3e1f1b01da77bddae27b46d527be4483da6954817e855004b3ce641,theiler,T2: 1.00× (nominal),6,29,Awake,24.9931268901808,1500,8,0.16,4,0.8,1.3,1.0,0.540055400252186,0.540055400252186,13,0.7305751485775502,0.957535991339808,1472,1401,True,ok
bc330dd9c3e1f1b01da77bddae27b46d527be4483da6954817e855004b3ce641,theiler,T2: 1.00× (nominal),6,30,Awake,24.9931268901808,1500,8,0.16,4,0.8,1.3,1.0,0.5607747197342468,0.560774719734247,14,0.8423189503116277,0.9816845050311956,1472,1396,True,ok
bc330dd9c3e1f1b01da77bddae27b46d527be4483da6954817e855004b3ce641,theiler,T2: 1.00× (nominal),6,31,Awake,24.9931268901808,1500,8,0.16,4,0.8,1.3,1.0,0.5423637526278468,0.5423637526278469,14,0.7693750145014149,0.9597876262662128,1472,1411,True,ok
bc330dd9c3e1f1b01da77bddae27b46d527be4483da6954817e855004b3ce641,theiler,T2: 1.00× (nominal),6,32,Awake,24.9931268901808,1500,8,0.16,4,0.8,1.3,1.0,0.5719910944749926,0.5719910944749925,14,0.8868967637524332,0.9664518077326116,1472,1398,True,ok
bc330dd9c3e1f1b01da77bddae27b46d527be4483da6954817e855004b3ce641,theiler,T2: 1.00× (nominal),6,34,Awake,24.9931268901808,1500,8,0.16,4,0.8,1.3,1.0,0.5675631746355203,0.5675631746355203,14,0.6571109348635209,0.892463193623104,1472,1439,False,low_fit_r2
bc330dd9c3e1f1b01da77bddae27b46d527be4483da6954817e855004b3ce641,theiler,T2: 1.00× (nominal),6,35,Awake,24.9931268901808,1500,8,0.16,4,0.8,1.3,1.0,0.5628193938445885,0.5628193938445885,14,0.810409443509841,0.9572399991195008,1472,1382,True,ok
bc330dd9c3e1f1b01da77bddae27b46d527be4483da6954817e855004b3ce641,theiler,T2: 1.00× (nominal),6,36,Awake,24.9931268901808,1500,8,0.16,4,0.8,1.3,1.0,0.5523286351479901,0.5523286351479902,14,0.7478347715193454,0.929984809699714,1472,1415,True,ok
bc330dd9c3e1f1b01da77bddae27b46d527be4483da6954817e855004b3ce641,theiler,T2: 1.00× (nominal),6,37,Awake,24.9931268901808,1500,8,0.16,4,0.8,1.3,1.0,0.5566909759194836,0.5566909759194837,14,0.7523618599255784,0.9914507799648168,1472,1403,True,ok
bc330dd9c3e1f1b01da77bddae27b46d527be4483da6954817e855004b3ce641,theiler,T2: 1.00× (nominal),6,38,Awake,24.9931268901808,1500,8,0.16,4,0.8,1.3,1.0,0.5643534598269788,0.5643534598269786,14,0.8647349085662682,0.9712194182810034,1472,1416,True,ok
bc330dd9c3e1f1b01da77bddae27b46d527be4483da6954817e855004b3ce641,theiler,T2: 1.00× (nominal),6,39,Awake,24.9931268901808,1500,8,0.16,4,0.8,1.3,1.0,0.5761005550562823,0.5761005550562822,14,0.7518335961349323,0.9851298377993896,1472,1431,True,ok
bc330dd9c3e1f1b01da77bddae27b46d527be4483da6954817e855004b3ce641,theiler,T2: 1.00× (nominal),6,40,Awake,24.9931268901808,1500,8,0.16,4,0.8,1.3,1.0,0.5751276695966643,0.5751276695966644,14,0.739462320151367,0.9729543753865638,1472,1413,True,ok
bc330dd9c3e1f1b01da77bddae27b46d527be4483da6954817e855004b3ce641,theiler,T2: 1.00× (nominal),6,41,Awake,24.9931268901808,1500,8,0.16,4,0.8,1.3,1.0,0.5303334457392684,0.5303334457392684,13,0.7542154737002867,0.9507094294399018,1472,1429,True,ok
bc330dd9c3e1f1b01da77bddae27b46d527be4483da6954817e855004b3ce641,theiler,T2: 1.00× (nominal),6,42,Drowsy,24.9931268901808,1500,8,0.16,4,0.8,1.3,1.0,0.523713573982245,0.523713573982245,13,0.8046403291096984,0.9783182714383082,1472,1426,True,ok
bc330dd9c3e1f1b01da77bddae27b46d527be4483da6954817e855004b3ce641,theiler,T2: 1.00× (nominal),6,43,Drowsy,24.9931268901808,1500,8,0.16,4,0.8,1.3,1.0,0.5190651591516408,0.519065159151641,13,0.7699719050028901,0.9817277740370612,1472,1396,True,ok
bc330dd9c3e1f1b01da77bddae27b46d527be4483da6954817e855004b3ce641,theiler,T2: 1.00× (nominal),6,44,Drowsy,24.9931268901808,1500,8,0.16,4,0.8,1.3,1.0,0.5616805224838137,0.561680522483814,14,0.7165012826671392,0.9732883109513438,1472,1419,True,ok
bc330dd9c3e1f1b01da77bddae27b46d527be4483da6954817e855004b3ce641,theiler,T2: 1.00× (nominal),6,45,Drowsy,24.9931268901808,1500,8,0.16,4,0.8,1.3,1.0,0.5310614827728039,0.5310614827728037,13,0.8549526440320837,0.9711580790610992,1472,1408,True,ok
bc330dd9c3e1f1b01da77bddae27b46d527be4483da6954817e855004b3ce641,theiler,T2: 1.00× (nominal),6,46,Drowsy,24.9931268901808,1500,8,0.16,4,0.8,1.3,1.0,0.5332747931378979,0.533274793137898,13,0.7180020303300867,0.9737133711592054,1472,1401,True,ok
bc330dd9c3e1f1b01da77bddae27b46d527be4483da6954817e855004b3ce641,theiler,T2: 1.00× (nominal),6,47,Drowsy,24.9931268901808,1500,8,0.16,4,0.8,1.3,1.0,0.5547386662429888,0.5547386662429888,14,0.7987342020949753,0.9813902369022424,1472,1395,True,ok
bc330dd9c3e1f1b01da77bddae27b46d527be4483da6954817e855004b3ce641,theiler,T2: 1.00× (nominal),6,48,Drowsy,24.9931268901808,1500,8,0.16,4,0.8,1.3,1.0,0.5470492804275021,0.547049280427502,14,0.8027852217913587,0.9562824679407091,1472,1413,True,ok
bc330dd9c3e1f1b01da77bddae27b46d527be4483da6954817e855004b3ce641,theiler,T2: 1.00× (nominal),6,49,Drowsy,24.9931268901808,1500,8,0.16,4,0.8,1.3,1.0,0.5817178330876671,0.5817178330876671,15,0.9100543862096904,0.9748712551463584,1472,1401,True,ok
bc330dd9c3e1f1b01da77bddae27b46d527be4483da6954817e855004b3ce641,theiler,T2: 1.00× (nominal),6,50,Drowsy,24.9931268901808,1500,8,0.16,4,0.8,1.3,1.0,0.5948248103497353,0.5948248103497351,15,0.9308551903533108,0.9889225689712696,1472,1438,True,ok
bc330dd9c3e1f1b01da77bddae27b46d527be4483da6954817e855004b3ce641,theiler,T2: 1.00× (nominal),7,1,Awake,24.99375156214797,1500,8,0.16,4,0.8,1.3,1.0,0.48753820108703083,0.4875382010870309,12,0.9100290281049372,0.9793850528012414,1472,1388,True,ok
bc330dd9c3e1f1b01da77bddae27b46d527be4483da6954817e855004b3ce641,theiler,T2: 1.00× (nominal),7,2,Awake,24.99375156214797,1500,8,0.16,4,0.8,1.3,1.0,0.5007206824601735,0.5007206824601735,13,0.8600442663867236,0.9845942770633374,1472,1412,True,ok
bc330dd9c3e1f1b01da77bddae27b46d527be4483da6954817e855004b3ce641,theiler,T2: 1.00× (nominal),7,3,Awake,24.99375156214797,1500,8,0.16,4,0.8,1.3,1.0,0.4974659770041601,0.4974659770041601,12,0.8446696935968327,0.9365775246435664,1472,1392,True,ok
bc330dd9c3e1f1b01da77bddae27b46d527be4483da6954817e855004b3ce641,theiler,T2: 1.00× (nominal),7,4,Awake,24.99375156214797,1500,8,0.16,4,0.8,1.3,1.0,0.47412740556059385,0.4741274055605939,12,0.8039849487102291,0.9782855430662956,1472,1392,True,ok
bc330dd9c3e1f1b01da77bddae27b46d527be4483da6954817e855004b3ce641,theiler,T2: 1.00× (nominal),7,5,Awake,24.99375156214797,1500,8,0.16,4,0.8,1.3,1.0,0.4869514974576668,0.4869514974576668,12,0.883504378338929,0.9652296560996269,1472,1391,True,ok
bc330dd9c3e1f1b01da77bddae27b46d527be4483da6954817e855004b3ce641,theiler,T2: 1.00× (nominal),7,6,Awake,24.99375156214797,1500,8,0.16,4,0.8,1.3,1.0,0.4745131101810442,0.4745131101810442,12,0.9003682859889428,0.959713866898494,1472,1408,True,ok
bc330dd9c3e1f1b01da77bddae27b46d527be4483da6954817e855004b3ce641,theiler,T2: 1.00× (nominal),7,7,Awake,24.99375156214797,1500,8,0.16,4,0.8,1.3,1.0,0.5072267690317345,0.5072267690317346,13,0.8781718751772729,0.9668648441690828,1472,1421,True,ok
bc330dd9c3e1f1b01da77bddae27b46d527be4483da6954817e855004b3ce641,theiler,T2: 1.00× (nominal),7,8,Awake,24.99375156214797,1500,8,0.16,4,0.8,1.3,1.0,0.4828478929735471,0.4828478929735472,12,0.8491640906728896,0.9599180425387962,1472,1408,True,ok
bc330dd9c3e1f1b01da77bddae27b46d527be4483da6954817e855004b3ce641,theiler,T2: 1.00× (nominal),7,9,Awake,24.99375156214797,1500,8,0.16,4,0.8,1.3,1.0,0.4642915951112953,0.4642915951112952,12,0.8304591949812117,0.972591319739411,1472,1424,True,ok
bc330dd9c3e1f1b01da77bddae27b46d527be4483da6954817e855004b3ce641,theiler,T2: 1.00× (nominal),7,10,Awake,24.99375156214797,1500,8,0.16,4,0.8,1.3,1.0,0.4855923978070036,0.4855923978070035,12,0.8327907655831521,0.9310253636182978,1472,1411,True,ok
bc330dd9c3e1f1b01da77bddae27b46d527be4483da6954817e855004b3ce641,theiler,T2: 1.00× (nominal),7,11,Awake,24.99375156214797,1500,8,0.16,4,0.8,1.3,1.0,0.48017401482702154,0.4801740148270215,12,0.9111033880947528,0.9770290832758766,1472,1409,True,ok
bc330dd9c3e1f1b01da77bddae27b46d527be4483da6954817e855004b3ce641,theiler,T2: 1.00× (nominal),7,12,Awake,24.99375156214797,1500,8,0.16,4,0.8,1.3,1.0,0.4918180461736774,0.4918180461736775,12,0.984586021397578,0.9720606883334124,1472,1405,True,ok
bc330dd9c3e1f1b01da77bddae27b46d527be4483da6954817e855004b3ce641,theiler,T2: 1.00× (nominal),7,13,Awake,24.99375156214797,1500,8,0.16,4,0.8,1.3,1.0,0.4837176786324012,0.4837176786324011,12,0.8235282802490984,0.9564050080978546,1472,1379,True,ok
bc330dd9c3e1f1b01da77bddae27b46d527be4483da6954817e855004b3ce641,theiler,T2: 1.00× (nominal),7,14,Awake,24.99375156214797,1500,8,0.16,4,0.8,1.3,1.0,0.4821430457387263,0.4821430457387262,12,0.883580259284189,0.9593515732526376,1472,1418,True,ok
bc330dd9c3e1f1b01da77bddae27b46d527be4483da6954817e855004b3ce641,theiler,T2: 1.00× (nominal),7,15,Awake,24.99375156214797,1500,8,0.16,4,0.8,1.3,1.0,0.45894211340422836,0.4589421134042283,11,0.8624967177749828,0.9368128417358524,1472,1408,True,ok
bc330dd9c3e1f1b01da77bddae27b46d527be4483da6954817e855004b3ce641,theiler,T2: 1.00× (nominal),7,16,Awake,24.99375156214797,1500,8,0.16,4,0.8,1.3,1.0,0.4609919440734026,0.4609919440734026,12,0.738620780502928,0.950527469388464,1472,1438,True,ok
bc330dd9c3e1f1b01da77bddae27b46d527be4483da6954817e855004b3ce641,theiler,T2: 1.00× (nominal),7,17,Awake,24.99375156214797,1500,8,0.16,4,0.8,1.3,1.0,0.4621451161913908,0.4621451161913907,12,0.7031307535959694,0.9559654467387676,1472,1418,True,ok
bc330dd9c3e1f1b01da77bddae27b46d527be4483da6954817e855004b3ce641,theiler,T2: 1.00× (nominal),7,18,Drowsy,24.99375156214797,1500,8,0.16,4,0.8,1.3,1.0,0.4355240112756793,0.4355240112756793,11,0.761380224087069,0.9146352514404474,1472,1440,True,ok
bc330dd9c3e1f1b01da77bddae27b46d527be4483da6954817e855004b3ce641,theiler,T2: 1.00× (nominal),7,19,Drowsy,24.99375156214797,1500,8,0.16,4,0.8,1.3,1.0,0.4550376507242147,0.4550376507242147,11,0.7068151803874696,0.907777014265952,1472,1427,True,ok
bc330dd9c3e1f1b01da77bddae27b46d527be4483da6954817e855004b3ce641,theiler,T2: 1.00× (nominal),7,21,Awake,24.99375156214797,1500,8,0.16,4,0.8,1.3,1.0,0.48228065307112544,0.4822806530711254,12,0.7527969010162793,0.9847567690071504,1472,1417,True,ok
bc330dd9c3e1f1b01da77bddae27b46d527be4483da6954817e855004b3ce641,theiler,T2: 1.00× (nominal),7,22,Awake,24.99375156214797,1500,8,0.16,4,0.8,1.3,1.0,0.5248217909303695,0.5248217909303694,13,0.9818344150348056,0.9910553455283824,1472,1402,True,ok
bc330dd9c3e1f1b01da77bddae27b46d527be4483da6954817e855004b3ce641,theiler,T2: 1.00× (nominal),7,23,Awake,24.99375156214797,1500,8,0.16,4,0.8,1.3,1.0,0.47750751185164536,0.4775075118516453,12,0.8782682247265712,0.986268103767072,1472,1407,True,ok
bc330dd9c3e1f1b01da77bddae27b46d527be4483da6954817e855004b3ce641,theiler,T2: 1.00× (nominal),7,24,Awake,24.99375156214797,1500,8,0.16,4,0.8,1.3,1.0,0.46704257566928664,0.4670425756692866,12,0.8271839638802408,0.9759353091351644,1472,1422,True,ok
bc330dd9c3e1f1b01da77bddae27b46d527be4483da6954817e855004b3ce641,theiler,T2: 1.00× (nominal),7,25,Awake,24.99375156214797,1500,8,0.16,4,0.8,1.3,1.0,0.49842499207921714,0.4984249920792169,12,0.8721324785294594,0.9886179237116716,1472,1409,True,ok
bc330dd9c3e1f1b01da77bddae27b46d527be4483da6954817e855004b3ce641,theiler,T2: 1.00× (nominal),7,26,Awake,24.99375156214797,1500,8,0.16,4,0.8,1.3,1.0,0.5014121264970449,0.5014121264970448,13,0.8735362162523594,0.9553676817194672,1472,1433,True,ok
bc330dd9c3e1f1b01da77bddae27b46d527be4483da6954817e855004b3ce641,theiler,T2: 1.00× (nominal),7,27,Awake,24.99375156214797,1500,8,0.16,4,0.8,1.3,1.0,0.49952703236137797,0.4995270323613779,12,0.8686092283160519,0.9819741931602326,1472,1416,True,ok
bc330dd9c3e1f1b01da77bddae27b46d527be4483da6954817e855004b3ce641,theiler,T2: 1.00× (nominal),7,28,Awake,24.99375156214797,1500,8,0.16,4,0.8,1.3,1.0,0.4824397079822135,0.4824397079822135,12,0.8416245857417423,0.9837454461758448,1472,1387,True,ok
bc330dd9c3e1f1b01da77bddae27b46d527be4483da6954817e855004b3ce641,theiler,T2: 1.00× (nominal),7,30,Awake,24.99375156214797,1500,8,0.16,4,0.8,1.3,1.0,0.4735425364952708,0.4735425364952706,12,0.7852537406747732,0.975816901385798,1472,1412,True,ok
bc330dd9c3e1f1b01da77bddae27b46d527be4483da6954817e855004b3ce641,theiler,T2: 1.00× (nominal),7,32,Awake,24.99375156214797,1500,8,0.16,4,0.8,1.3,1.0,0.5094996277731056,0.5094996277731056,13,0.8640212952157581,0.9461220203873862,1472,1411,True,ok
bc330dd9c3e1f1b01da77bddae27b46d527be4483da6954817e855004b3ce641,theiler,T2: 1.00× (nominal),7,33,Awake,24.99375156214797,1500,8,0.16,4,0.8,1.3,1.0,0.5058467343956731,0.5058467343956731,13,0.9945216122272494,0.9466451728867092,1472,1422,True,ok
bc330dd9c3e1f1b01da77bddae27b46d527be4483da6954817e855004b3ce641,theiler,T2: 1.00× (nominal),7,34,Awake,24.99375156214797,1500,8,0.16,4,0.8,1.3,1.0,0.4969376890399911,0.4969376890399911,12,0.7562441689173872,0.9649709854654052,1472,1407,True,ok
bc330dd9c3e1f1b01da77bddae27b46d527be4483da6954817e855004b3ce641,theiler,T2: 1.00× (nominal),7,35,Awake,24.99375156214797,1500,8,0.16,4,0.8,1.3,1.0,0.49607869304902696,0.4960786930490269,12,0.8547093697850396,0.9709763695780436,1472,1393,True,ok
bc330dd9c3e1f1b01da77bddae27b46d527be4483da6954817e855004b3ce641,theiler,T2: 1.00× (nominal),7,36,Awake,24.99375156214797,1500,8,0.16,4,0.8,1.3,1.0,0.5062722591791465,0.5062722591791464,13,0.8295578193797403,0.975008426186136,1472,1409,True,ok
bc330dd9c3e1f1b01da77bddae27b46d527be4483da6954817e855004b3ce641,theiler,T2: 1.00× (nominal),7,37,Awake,24.99375156214797,1500,8,0.16,4,0.8,1.3,1.0,0.5156558818444067,0.5156558818444067,13,0.7739981155838054,0.9659510979263524,1472,1399,True,ok
bc330dd9c3e1f1b01da77bddae27b46d527be4483da6954817e855004b3ce641,theiler,T2: 1.00× (nominal),7,38,Awake,24.99375156214797,1500,8,0.16,4,0.8,1.3,1.0,0.5195743844203853,0.5195743844203853,13,0.8456666551599942,0.9794490083323034,1472,1414,True,ok
bc330dd9c3e1f1b01da77bddae27b46d527be4483da6954817e855004b3ce641,theiler,T2: 1.00× (nominal),7,39,Awake,24.99375156214797,1500,8,0.16,4,0.8,1.3,1.0,0.5128720204853717,0.5128720204853718,13,0.9361618713397794,0.9660468399015186,1472,1398,True,ok
bc330dd9c3e1f1b01da77bddae27b46d527be4483da6954817e855004b3ce641,theiler,T2: 1.00× (nominal),7,41,Drowsy,24.99375156214797,1500,8,0.16,4,0.8,1.3,1.0,0.5093695747380204,0.5093695747380204,13,0.7501796446761061,0.9647676022855058,1472,1402,True,ok
bc330dd9c3e1f1b01da77bddae27b46d527be4483da6954817e855004b3ce641,theiler,T2: 1.00× (nominal),7,42,Drowsy,24.99375156214797,1500,8,0.16,4,0.8,1.3,1.0,0.5055903708892887,0.5055903708892887,13,0.8679720802638794,0.9733464452281432,1472,1427,True,ok
bc330dd9c3e1f1b01da77bddae27b46d527be4483da6954817e855004b3ce641,theiler,T2: 1.00× (nominal),7,43,Drowsy,24.99375156214797,1500,8,0.16,4,0.8,1.3,1.0,0.4601251490980633,0.4601251490980632,12,0.9015059463375464,0.9303972566031804,1472,1416,True,ok
bc330dd9c3e1f1b01da77bddae27b46d527be4483da6954817e855004b3ce641,theiler,T2: 1.00× (nominal),7,44,Drowsy,24.99375156214797,1500,8,0.16,4,0.8,1.3,1.0,0.4759036147455674,0.4759036147455674,12,0.9239594203553352,0.9851487865144934,1472,1379,True,ok
bc330dd9c3e1f1b01da77bddae27b46d527be4483da6954817e855004b3ce641,theiler,T2: 1.00× (nominal),7,45,Drowsy,24.99375156214797,1500,8,0.16,4,0.8,1.3,1.0,0.46403693183530365,0.4640369318353036,12,0.8025042902640064,0.9405231831024043,1472,1396,True,ok
bc330dd9c3e1f1b01da77bddae27b46d527be4483da6954817e855004b3ce641,theiler,T2: 1.00× (nominal),7,46,Drowsy,24.99375156214797,1500,8,0.16,4,0.8,1.3,1.0,0.4900123850285806,0.4900123850285806,12,0.806196008584901,0.9785572586370402,1472,1414,True,ok
bc330dd9c3e1f1b01da77bddae27b46d527be4483da6954817e855004b3ce641,theiler,T2: 1.00× (nominal),7,47,Drowsy,24.99375156214797,1500,8,0.16,4,0.8,1.3,1.0,0.5174189573167779,0.5174189573167779,13,0.8907082895607242,0.9839530049724622,1472,1395,True,ok
bc330dd9c3e1f1b01da77bddae27b46d527be4483da6954817e855004b3ce641,theiler,T2: 1.00× (nominal),7,48,Drowsy,24.99375156214797,1500,8,0.16,4,0.8,1.3,1.0,0.44166391706605396,0.4416639170660539,11,0.69626354488652,0.8798796879092156,1472,1423,False,low_fit_r2
bc330dd9c3e1f1b01da77bddae27b46d527be4483da6954817e855004b3ce641,theiler,T2: 1.00× (nominal),7,49,Drowsy,24.99375156214797,1500,8,0.16,4,0.8,1.3,1.0,0.49861045758280514,0.4986104575828051,12,0.780310199813429,0.9631087222324722,1472,1429,True,ok
bc330dd9c3e1f1b01da77bddae27b46d527be4483da6954817e855004b3ce641,theiler,T2: 1.00× (nominal),8,1,Awake,24.993751562005933,1500,8,0.16,4,0.8,1.3,1.0,0.5012133854059048,0.5012133854059048,13,0.799305058799463,0.9871390796705004,1472,1423,True,ok
bc330dd9c3e1f1b01da77bddae27b46d527be4483da6954817e855004b3ce641,theiler,T2: 1.00× (nominal),8,2,Awake,24.993751562005933,1500,8,0.16,4,0.8,1.3,1.0,0.5778700863028104,0.5778700863028104,14,0.8581839949240189,0.995519507503592,1472,1424,True,ok
bc330dd9c3e1f1b01da77bddae27b46d527be4483da6954817e855004b3ce641,theiler,T2: 1.00× (nominal),8,3,Awake,24.993751562005933,1500,8,0.16,4,0.8,1.3,1.0,0.5827212199664954,0.5827212199664955,15,0.8406300705312778,0.9643918528515906,1472,1415,True,ok
bc330dd9c3e1f1b01da77bddae27b46d527be4483da6954817e855004b3ce641,theiler,T2: 1.00× (nominal),8,4,Awake,24.993751562005933,1500,8,0.16,4,0.8,1.3,1.0,0.5613702924115814,0.5613702924115814,14,0.8665469937581245,0.9516619216933222,1472,1409,True,ok
bc330dd9c3e1f1b01da77bddae27b46d527be4483da6954817e855004b3ce641,theiler,T2: 1.00× (nominal),8,5,Awake,24.993751562005933,1500,8,0.16,4,0.8,1.3,1.0,0.5680673744835532,0.5680673744835532,14,0.9215712479135691,0.9812685150312702,1472,1413,True,ok
bc330dd9c3e1f1b01da77bddae27b46d527be4483da6954817e855004b3ce641,theiler,T2: 1.00× (nominal),8,6,Awake,24.993751562005933,1500,8,0.16,4,0.8,1.3,1.0,0.5796832324033764,0.5796832324033764,14,0.8362407504905603,0.9859401413521196,1472,1398,True,ok
bc330dd9c3e1f1b01da77bddae27b46d527be4483da6954817e855004b3ce641,theiler,T2: 1.00× (nominal),8,7,Awake,24.993751562005933,1500,8,0.16,4,0.8,1.3,1.0,0.5863214557881579,0.586321455788158,15,1.0019311037742682,0.9799905062322044,1472,1414,True,ok
bc330dd9c3e1f1b01da77bddae27b46d527be4483da6954817e855004b3ce641,theiler,T2: 1.00× (nominal),8,8,Awake,24.993751562005933,1500,8,0.16,4,0.8,1.3,1.0,0.5676423309849393,0.5676423309849394,14,0.8931571288069593,0.9869765167866013,1472,1376,True,ok
bc330dd9c3e1f1b01da77bddae27b46d527be4483da6954817e855004b3ce641,theiler,T2: 1.00× (nominal),8,9,Awake,24.993751562005933,1500,8,0.16,4,0.8,1.3,1.0,0.5928794584730083,0.5928794584730084,15,0.944962730542679,0.9966634496909272,1472,1435,True,ok
bc330dd9c3e1f1b01da77bddae27b46d527be4483da6954817e855004b3ce641,theiler,T2: 1.00× (nominal),8,10,Awake,24.993751562005933,1500,8,0.16,4,0.8,1.3,1.0,0.6220727234644721,0.622072723464472,16,0.8411715061477615,0.9719963873764582,1472,1416,True,ok
bc330dd9c3e1f1b01da77bddae27b46d527be4483da6954817e855004b3ce641,theiler,T2: 1.00× (nominal),8,11,Awake,24.993751562005933,1500,8,0.16,4,0.8,1.3,1.0,0.5879546000985593,0.5879546000985592,15,0.9896909201084786,0.9828717661054012,1472,1391,True,ok
bc330dd9c3e1f1b01da77bddae27b46d527be4483da6954817e855004b3ce641,theiler,T2: 1.00× (nominal),8,12,Awake,24.993751562005933,1500,8,0.16,4,0.8,1.3,1.0,0.5842256902270695,0.5842256902270698,15,0.8951684641889792,0.9791967681381244,1472,1427,True,ok
bc330dd9c3e1f1b01da77bddae27b46d527be4483da6954817e855004b3ce641,theiler,T2: 1.00× (nominal),8,13,Awake,24.993751562005933,1500,8,0.16,4,0.8,1.3,1.0,0.5665662715582132,0.5665662715582132,14,0.8911848093530709,0.9816223916014776,1472,1405,True,ok
bc330dd9c3e1f1b01da77bddae27b46d527be4483da6954817e855004b3ce641,theiler,T2: 1.00× (nominal),8,14,Awake,24.993751562005933,1500,8,0.16,4,0.8,1.3,1.0,0.5633319592203243,0.5633319592203242,14,0.8426758381304081,0.9781623482883084,1472,1401,True,ok
bc330dd9c3e1f1b01da77bddae27b46d527be4483da6954817e855004b3ce641,theiler,T2: 1.00× (nominal),8,15,Awake,24.993751562005933,1500,8,0.16,4,0.8,1.3,1.0,0.6036019530316226,0.6036019530316226,15,0.9449819885049068,0.9852895609642538,1472,1419,True,ok
bc330dd9c3e1f1b01da77bddae27b46d527be4483da6954817e855004b3ce641,theiler,T2: 1.00× (nominal),8,16,Awake,24.993751562005933,1500,8,0.16,4,0.8,1.3,1.0,0.5636871700605715,0.5636871700605715,14,0.8842661736711691,0.9704626605789416,1472,1399,True,ok
bc330dd9c3e1f1b01da77bddae27b46d527be4483da6954817e855004b3ce641,theiler,T2: 1.00× (nominal),8,17,Awake,24.993751562005933,1500,8,0.16,4,0.8,1.3,1.0,0.5527939753942874,0.5527939753942874,14,0.7708249666959052,0.9747305366800184,1472,1426,True,ok
bc330dd9c3e1f1b01da77bddae27b46d527be4483da6954817e855004b3ce641,theiler,T2: 1.00× (nominal),8,18,Awake,24.993751562005933,1500,8,0.16,4,0.8,1.3,1.0,0.5292167934146409,0.5292167934146409,13,0.7379356168223551,0.9695188227501852,1472,1436,True,ok
bc330dd9c3e1f1b01da77bddae27b46d527be4483da6954817e855004b3ce641,theiler,T2: 1.00× (nominal),8,19,Awake,24.993751562005933,1500,8,0.16,4,0.8,1.3,1.0,0.5428843069056737,0.5428843069056736,14,0.6939102395778926,0.9763143178645988,1472,1423,True,ok
bc330dd9c3e1f1b01da77bddae27b46d527be4483da6954817e855004b3ce641,theiler,T2: 1.00× (nominal),8,20,Awake,24.993751562005933,1500,8,0.16,4,0.8,1.3,1.0,0.5520959267445672,0.5520959267445672,14,0.7681947999522193,0.972231861763583,1472,1417,True,ok
bc330dd9c3e1f1b01da77bddae27b46d527be4483da6954817e855004b3ce641,theiler,T2: 1.00× (nominal),8,21,Awake,24.993751562005933,1500,8,0.16,4,0.8,1.3,1.0,0.5434401072912945,0.5434401072912945,14,0.770493310716209,0.9480088917823148,1472,1408,True,ok
bc330dd9c3e1f1b01da77bddae27b46d527be4483da6954817e855004b3ce641,theiler,T2: 1.00× (nominal),8,22,Awake,24.993751562005933,1500,8,0.16,4,0.8,1.3,1.0,0.5471424663210742,0.5471424663210742,14,0.7200005544676944,0.9682378543087146,1472,1380,True,ok
bc330dd9c3e1f1b01da77bddae27b46d527be4483da6954817e855004b3ce641,theiler,T2: 1.00× (nominal),8,24,Awake,24.993751562005933,1500,8,0.16,4,0.8,1.3,1.0,0.5919183570373441,0.5919183570373442,15,0.9862816525219672,0.9858160359651577,1472,1440,True,ok
bc330dd9c3e1f1b01da77bddae27b46d527be4483da6954817e855004b3ce641,theiler,T2: 1.00× (nominal),8,25,Awake,24.993751562005933,1500,8,0.16,4,0.8,1.3,1.0,0.5616895685549959,0.5616895685549957,14,0.7891469126086741,0.9461866463375552,1472,1425,True,ok
bc330dd9c3e1f1b01da77bddae27b46d527be4483da6954817e855004b3ce641,theiler,T2: 1.00× (nominal),8,26,Awake,24.993751562005933,1500,8,0.16,4,0.8,1.3,1.0,0.5805731748777649,0.5805731748777649,15,0.8614818327211143,0.9615445535682744,1472,1417,True,ok
bc330dd9c3e1f1b01da77bddae27b46d527be4483da6954817e855004b3ce641,theiler,T2: 1.00× (nominal),8,27,Awake,24.993751562005933,1500,8,0.16,4,0.8,1.3,1.0,0.5769623775559958,0.5769623775559958,14,0.7631567491076892,0.9554973338925276,1472,1392,True,ok
bc330dd9c3e1f1b01da77bddae27b46d527be4483da6954817e855004b3ce641,theiler,T2: 1.00× (nominal),8,28,Awake,24.993751562005933,1500,8,0.16,4,0.8,1.3,1.0,0.602996051954501,0.602996051954501,15,1.000813300075426,0.994529465136844,1472,1402,True,ok
bc330dd9c3e1f1b01da77bddae27b46d527be4483da6954817e855004b3ce641,theiler,T2: 1.00× (nominal),8,29,Awake,24.993751562005933,1500,8,0.16,4,0.8,1.3,1.0,0.5667821349943585,0.5667821349943585,14,0.8628451902434504,0.9898379432581496,1472,1403,True,ok
bc330dd9c3e1f1b01da77bddae27b46d527be4483da6954817e855004b3ce641,theiler,T2: 1.00× (nominal),8,30,Awake,24.993751562005933,1500,8,0.16,4,0.8,1.3,1.0,0.5549698414082639,0.5549698414082639,14,0.943022939946156,0.9708460694671276,1472,1390,True,ok
bc330dd9c3e1f1b01da77bddae27b46d527be4483da6954817e855004b3ce641,theiler,T2: 1.00× (nominal),8,31,Drowsy,24.993751562005933,1500,8,0.16,4,0.8,1.3,1.0,0.505519286604087,0.5055192866040871,13,0.8151951989551608,0.990448629712502,1472,1418,True,ok
bc330dd9c3e1f1b01da77bddae27b46d527be4483da6954817e855004b3ce641,theiler,T2: 1.00× (nominal),8,32,Drowsy,24.993751562005933,1500,8,0.16,4,0.8,1.3,1.0,0.5250838878066635,0.5250838878066636,13,0.8100591607527566,0.9696597154248658,1472,1411,True,ok
bc330dd9c3e1f1b01da77bddae27b46d527be4483da6954817e855004b3ce641,theiler,T2: 1.00× (nominal),8,33,Drowsy,24.993751562005933,1500,8,0.16,4,0.8,1.3,1.0,0.5231594963741539,0.523159496374154,13,0.7903857597602233,0.980894672492906,1472,1370,True,ok
bc330dd9c3e1f1b01da77bddae27b46d527be4483da6954817e855004b3ce641,theiler,T2: 1.00× (nominal),8,34,Drowsy,24.993751562005933,1500,8,0.16,4,0.8,1.3,1.0,0.5384340479956561,0.5384340479956561,13,0.8179162321968668,0.9854260945199876,1472,1402,True,ok
bc330dd9c3e1f1b01da77bddae27b46d527be4483da6954817e855004b3ce641,theiler,T2: 1.00× (nominal),8,36,Awake,24.993751562005933,1500,8,0.16,4,0.8,1.3,1.0,0.5209466285825934,0.5209466285825934,13,0.7627078725817951,0.9672437372543956,1472,1405,True,ok
bc330dd9c3e1f1b01da77bddae27b46d527be4483da6954817e855004b3ce641,theiler,T2: 1.00× (nominal),8,37,Awake,24.993751562005933,1500,8,0.16,4,0.8,1.3,1.0,0.5376769775361637,0.5376769775361637,13,0.7657324262329904,0.96126298524176,1472,1399,True,ok
bc330dd9c3e1f1b01da77bddae27b46d527be4483da6954817e855004b3ce641,theiler,T2: 1.00× (nominal),8,38,Awake,24.993751562005933,1500,8,0.16,4,0.8,1.3,1.0,0.5725483961226674,0.5725483961226674,14,0.8482215777541836,0.9838236631099202,1472,1417,True,ok
bc330dd9c3e1f1b01da77bddae27b46d527be4483da6954817e855004b3ce641,theiler,T2: 1.00× (nominal),8,39,Awake,24.993751562005933,1500,8,0.16,4,0.8,1.3,1.0,0.5680446297287757,0.5680446297287757,14,0.7975726445409375,0.986423138296882,1472,1395,True,ok
bc330dd9c3e1f1b01da77bddae27b46d527be4483da6954817e855004b3ce641,theiler,T2: 1.00× (nominal),8,40,Awake,24.993751562005933,1500,8,0.16,4,0.8,1.3,1.0,0.5924039071243117,0.5924039071243117,15,0.9791937528374284,0.9920541198701788,1472,1408,True,ok
bc330dd9c3e1f1b01da77bddae27b46d527be4483da6954817e855004b3ce641,theiler,T2: 1.00× (nominal),8,41,Awake,24.993751562005933,1500,8,0.16,4,0.8,1.3,1.0,0.5622631085203237,0.5622631085203237,14,0.8367420781877993,0.9776097724109074,1472,1432,True,ok
bc330dd9c3e1f1b01da77bddae27b46d527be4483da6954817e855004b3ce641,theiler,T2: 1.00× (nominal),8,42,Awake,24.993751562005933,1500,8,0.16,4,0.8,1.3,1.0,0.5685388597859065,0.5685388597859063,14,0.8654792181699624,0.9696953587709132,1472,1423,True,ok
bc330dd9c3e1f1b01da77bddae27b46d527be4483da6954817e855004b3ce641,theiler,T2: 1.00× (nominal),8,43,Drowsy,24.993751562005933,1500,8,0.16,4,0.8,1.3,1.0,0.5238595526625309,0.5238595526625309,13,0.7423020552715807,0.9762897110096064,1472,1427,True,ok
bc330dd9c3e1f1b01da77bddae27b46d527be4483da6954817e855004b3ce641,theiler,T2: 1.00× (nominal),8,44,Drowsy,24.993751562005933,1500,8,0.16,4,0.8,1.3,1.0,0.5616167826763016,0.5616167826763017,14,0.903122872024504,0.9683760548357996,1472,1436,True,ok
bc330dd9c3e1f1b01da77bddae27b46d527be4483da6954817e855004b3ce641,theiler,T2: 1.00× (nominal),8,45,Drowsy,24.993751562005933,1500,8,0.16,4,0.8,1.3,1.0,0.5297325128859509,0.529732512885951,13,0.7822735719108725,0.987061630489736,1472,1432,True,ok
bc330dd9c3e1f1b01da77bddae27b46d527be4483da6954817e855004b3ce641,theiler,T2: 1.00× (nominal),8,46,Drowsy,24.993751562005933,1500,8,0.16,4,0.8,1.3,1.0,0.5454490621855506,0.5454490621855506,14,0.8334796180271361,0.9804286217697556,1472,1400,True,ok
bc330dd9c3e1f1b01da77bddae27b46d527be4483da6954817e855004b3ce641,theiler,T2: 1.00× (nominal),8,47,Drowsy,24.993751562005933,1500,8,0.16,4,0.8,1.3,1.0,0.5670791356879961,0.567079135687996,14,0.7854958526607798,0.9418775248992548,1472,1414,True,ok
bc330dd9c3e1f1b01da77bddae27b46d527be4483da6954817e855004b3ce641,theiler,T2: 1.00× (nominal),8,48,Drowsy,24.993751562005933,1500,8,0.16,4,0.8,1.3,1.0,0.5547857239234626,0.5547857239234626,14,0.8697498908108289,0.9774783018397586,1472,1392,True,ok
bc330dd9c3e1f1b01da77bddae27b46d527be4483da6954817e855004b3ce641,theiler,T2: 1.00× (nominal),9,1,Awake,25.00062501557549,1500,8,0.16,4,0.8,1.3,1.0,0.4228100924173832,0.4228100924173832,11,0.6316704633888456,0.9294241650986232,1472,1405,True,ok
bc330dd9c3e1f1b01da77bddae27b46d527be4483da6954817e855004b3ce641,theiler,T2: 1.00× (nominal),9,2,Awake,25.00062501557549,1500,8,0.16,4,0.8,1.3,1.0,0.42009035046972637,0.4200903504697262,11,0.6707531853307169,0.933842751885052,1472,1406,True,ok
bc330dd9c3e1f1b01da77bddae27b46d527be4483da6954817e855004b3ce641,theiler,T2: 1.00× (nominal),9,3,Awake,25.00062501557549,1500,8,0.16,4,0.8,1.3,1.0,0.419322906146794,0.419322906146794,10,0.679834958483587,0.9557255170580816,1472,1424,True,ok
bc330dd9c3e1f1b01da77bddae27b46d527be4483da6954817e855004b3ce641,theiler,T2: 1.00× (nominal),9,5,Awake,25.00062501557549,1500,8,0.16,4,0.8,1.3,1.0,0.4274108834825263,0.4274108834825262,11,0.7577041302375193,0.9504649894983244,1472,1424,True,ok
bc330dd9c3e1f1b01da77bddae27b46d527be4483da6954817e855004b3ce641,theiler,T2: 1.00× (nominal),9,6,Awake,25.00062501557549,1500,8,0.16,4,0.8,1.3,1.0,0.45126911291971816,0.4512691129197183,11,0.7390550101670138,0.8657578019064203,1472,1423,False,low_fit_r2
bc330dd9c3e1f1b01da77bddae27b46d527be4483da6954817e855004b3ce641,theiler,T2: 1.00× (nominal),9,7,Awake,25.00062501557549,1500,8,0.16,4,0.8,1.3,1.0,0.4478776183699273,0.4478776183699272,11,0.7500412418756021,0.9628600798728189,1472,1406,True,ok
bc330dd9c3e1f1b01da77bddae27b46d527be4483da6954817e855004b3ce641,theiler,T2: 1.00× (nominal),9,8,Awake,25.00062501557549,1500,8,0.16,4,0.8,1.3,1.0,0.41859365280438465,0.4185936528043846,10,0.6674150521029014,0.9860871343880528,1472,1406,True,ok
bc330dd9c3e1f1b01da77bddae27b46d527be4483da6954817e855004b3ce641,theiler,T2: 1.00× (nominal),9,9,Awake,25.00062501557549,1500,8,0.16,4,0.8,1.3,1.0,0.43702729251225875,0.4370272925122587,11,0.6651199951045068,0.9317561165249476,1472,1428,True,ok
bc330dd9c3e1f1b01da77bddae27b46d527be4483da6954817e855004b3ce641,theiler,T2: 1.00× (nominal),9,10,Awake,25.00062501557549,1500,8,0.16,4,0.8,1.3,1.0,0.4464711072148283,0.4464711072148283,11,0.6860724444113395,0.8744420627834706,1472,1398,False,low_fit_r2
bc330dd9c3e1f1b01da77bddae27b46d527be4483da6954817e855004b3ce641,theiler,T2: 1.00× (nominal),9,11,Awake,25.00062501557549,1500,8,0.16,4,0.8,1.3,1.0,0.4418988966655274,0.4418988966655273,11,0.7794517467538733,0.9671789663181376,1472,1425,True,ok
bc330dd9c3e1f1b01da77bddae27b46d527be4483da6954817e855004b3ce641,theiler,T2: 1.00× (nominal),9,12,Awake,25.00062501557549,1500,8,0.16,4,0.8,1.3,1.0,0.4594462625506478,0.4594462625506478,11,0.916637186230757,0.9852512678306607,1472,1417,True,ok
bc330dd9c3e1f1b01da77bddae27b46d527be4483da6954817e855004b3ce641,theiler,T2: 1.00× (nominal),9,13,Awake,25.00062501557549,1500,8,0.16,4,0.8,1.3,1.0,0.44000162854807046,0.4400016285480704,11,0.8301512597329749,0.9720274922190536,1472,1428,True,ok
bc330dd9c3e1f1b01da77bddae27b46d527be4483da6954817e855004b3ce641,theiler,T2: 1.00× (nominal),9,14,Awake,25.00062501557549,1500,8,0.16,4,0.8,1.3,1.0,0.45110832571714626,0.4511083257171462,11,0.8700334076464542,0.9634126583939944,1472,1432,True,ok
bc330dd9c3e1f1b01da77bddae27b46d527be4483da6954817e855004b3ce641,theiler,T2: 1.00× (nominal),9,15,Awake,25.00062501557549,1500,8,0.16,4,0.8,1.3,1.0,0.4387739760879682,0.4387739760879682,11,0.7249658408370898,0.95967747655199,1472,1386,True,ok
bc330dd9c3e1f1b01da77bddae27b46d527be4483da6954817e855004b3ce641,theiler,T2: 1.00× (nominal),9,16,Awake,25.00062501557549,1500,8,0.16,4,0.8,1.3,1.0,0.44501813093350323,0.4450181309335032,11,0.8348428157003029,0.9513834833487156,1472,1390,True,ok
bc330dd9c3e1f1b01da77bddae27b46d527be4483da6954817e855004b3ce641,theiler,T2: 1.00× (nominal),9,17,Awake,25.00062501557549,1500,8,0.16,4,0.8,1.3,1.0,0.4402075290427767,0.4402075290427768,11,0.8066520009973781,0.9910385744166312,1472,1411,True,ok
bc330dd9c3e1f1b01da77bddae27b46d527be4483da6954817e855004b3ce641,theiler,T2: 1.00× (nominal),9,18,Awake,25.00062501557549,1500,8,0.16,4,0.8,1.3,1.0,0.4516825571557154,0.4516825571557154,11,0.8014058033801452,0.9674533448781676,1472,1409,True,ok
bc330dd9c3e1f1b01da77bddae27b46d527be4483da6954817e855004b3ce641,theiler,T2: 1.00× (nominal),9,19,Awake,25.00062501557549,1500,8,0.16,4,0.8,1.3,1.0,0.4596187459507463,0.4596187459507462,11,0.7999563062113066,0.942952910946826,1472,1401,True,ok
bc330dd9c3e1f1b01da77bddae27b46d527be4483da6954817e855004b3ce641,theiler,T2: 1.00× (nominal),9,20,Awake,25.00062501557549,1500,8,0.16,4,0.8,1.3,1.0,0.44822596584454427,0.4482259658445442,11,0.8352033521313935,0.9746346801316476,1472,1407,True,ok
bc330dd9c3e1f1b01da77bddae27b46d527be4483da6954817e855004b3ce641,theiler,T2: 1.00× (nominal),9,21,Awake,25.00062501557549,1500,8,0.16,4,0.8,1.3,1.0,0.46694493579952445,0.4669449357995244,12,0.8706029886079832,0.9936754347888848,1472,1374,True,ok
bc330dd9c3e1f1b01da77bddae27b46d527be4483da6954817e855004b3ce641,theiler,T2: 1.00× (nominal),9,22,Awake,25.00062501557549,1500,8,0.16,4,0.8,1.3,1.0,0.4501830741644371,0.4501830741644371,11,0.7303508030522784,0.9455372823558036,1472,1401,True,ok
bc330dd9c3e1f1b01da77bddae27b46d527be4483da6954817e855004b3ce641,theiler,T2: 1.00× (nominal),9,23,Awake,25.00062501557549,1500,8,0.16,4,0.8,1.3,1.0,0.4567876475525618,0.4567876475525618,11,0.7634180378134778,0.8959779905757241,1472,1427,False,low_fit_r2
bc330dd9c3e1f1b01da77bddae27b46d527be4483da6954817e855004b3ce641,theiler,T2: 1.00× (nominal),9,24,Awake,25.00062501557549,1500,8,0.16,4,0.8,1.3,1.0,0.43642939367333766,0.4364293936733378,11,0.7310480543892982,0.9300741165490992,1472,1392,True,ok
bc330dd9c3e1f1b01da77bddae27b46d527be4483da6954817e855004b3ce641,theiler,T2: 1.00× (nominal),9,25,Awake,25.00062501557549,1500,8,0.16,4,0.8,1.3,1.0,0.4477606917962229,0.4477606917962228,11,0.8297318232859463,0.9734121258585272,1472,1423,True,ok
bc330dd9c3e1f1b01da77bddae27b46d527be4483da6954817e855004b3ce641,theiler,T2: 1.00× (nominal),9,26,Awake,25.00062501557549,1500,8,0.16,4,0.8,1.3,1.0,0.43827910531078884,0.4382791053107888,11,0.7228897937340909,0.9808719937010236,1472,1413,True,ok
bc330dd9c3e1f1b01da77bddae27b46d527be4483da6954817e855004b3ce641,theiler,T2: 1.00× (nominal),9,27,Awake,25.00062501557549,1500,8,0.16,4,0.8,1.3,1.0,0.46172221664741153,0.4617222166474115,12,0.8014893656586555,0.9735445799734442,1472,1373,True,ok
bc330dd9c3e1f1b01da77bddae27b46d527be4483da6954817e855004b3ce641,theiler,T2: 1.00× (nominal),9,29,Drowsy,25.00062501557549,1500,8,0.16,4,0.8,1.3,1.0,0.4277350279655059,0.4277350279655059,11,0.7130532669385723,0.9717811584867796,1472,1402,True,ok
bc330dd9c3e1f1b01da77bddae27b46d527be4483da6954817e855004b3ce641,theiler,T2: 1.00× (nominal),9,30,Drowsy,25.00062501557549,1500,8,0.16,4,0.8,1.3,1.0,0.4370370910487148,0.4370370910487149,11,0.7223928775897588,0.9901638259692238,1472,1396,True,ok
bc330dd9c3e1f1b01da77bddae27b46d527be4483da6954817e855004b3ce641,theiler,T2: 1.00× (nominal),9,31,Drowsy,25.00062501557549,1500,8,0.16,4,0.8,1.3,1.0,0.43569882873691046,0.4356988287369105,11,0.7797110871926923,0.9590923198050324,1472,1386,True,ok
bc330dd9c3e1f1b01da77bddae27b46d527be4483da6954817e855004b3ce641,theiler,T2: 1.00× (nominal),9,32,Drowsy,25.00062501557549,1500,8,0.16,4,0.8,1.3,1.0,0.44484623425310543,0.4448462342531055,11,0.741309130096685,0.9712016295891384,1472,1386,True,ok
bc330dd9c3e1f1b01da77bddae27b46d527be4483da6954817e855004b3ce641,theiler,T2: 1.00× (nominal),9,33,Drowsy,25.00062501557549,1500,8,0.16,4,0.8,1.3,1.0,0.44673270819503863,0.4467327081950387,11,0.7618431815094404,0.946018425306956,1472,1410,True,ok
bc330dd9c3e1f1b01da77bddae27b46d527be4483da6954817e855004b3ce641,theiler,T2: 1.00× (nominal),9,34,Drowsy,25.00062501557549,1500,8,0.16,4,0.8,1.3,1.0,0.4383351291597719,0.4383351291597719,11,0.586982213559322,0.983797928080103,1472,1402,True,ok
bc330dd9c3e1f1b01da77bddae27b46d527be4483da6954817e855004b3ce641,theiler,T2: 1.00× (nominal),9,35,Drowsy,25.00062501557549,1500,8,0.16,4,0.8,1.3,1.0,0.4429322664641421,0.4429322664641422,11,0.6963939676346026,0.9625888994495548,1472,1415,True,ok
bc330dd9c3e1f1b01da77bddae27b46d527be4483da6954817e855004b3ce641,theiler,T2: 1.00× (nominal),9,36,Drowsy,25.00062501557549,1500,8,0.16,4,0.8,1.3,1.0,0.44113619286935746,0.4411361928693574,11,0.6944332115611783,0.9458129280773616,1472,1410,True,ok
bc330dd9c3e1f1b01da77bddae27b46d527be4483da6954817e855004b3ce641,theiler,T2: 1.00× (nominal),9,37,Drowsy,25.00062501557549,1500,8,0.16,4,0.8,1.3,1.0,0.4556979523248844,0.4556979523248843,11,0.7163541707582576,0.968983184403982,1472,1401,True,ok
bc330dd9c3e1f1b01da77bddae27b46d527be4483da6954817e855004b3ce641,theiler,T2: 1.00× (nominal),9,38,Drowsy,25.00062501557549,1500,8,0.16,4,0.8,1.3,1.0,0.4535266910992462,0.4535266910992463,11,0.7954410182797622,0.9656273688398478,1472,1425,True,ok
bc330dd9c3e1f1b01da77bddae27b46d527be4483da6954817e855004b3ce641,theiler,T2: 1.00× (nominal),9,40,Drowsy,25.00062501557549,1500,8,0.16,4,0.8,1.3,1.0,0.4342603934567603,0.4342603934567602,11,0.6972237098341593,0.8392790668664132,1472,1413,False,low_fit_r2
bc330dd9c3e1f1b01da77bddae27b46d527be4483da6954817e855004b3ce641,theiler,T2: 1.00× (nominal),9,42,Awake,25.00062501557549,1500,8,0.16,4,0.8,1.3,1.0,0.4333409122093377,0.4333409122093377,11,0.6061336975365939,0.9602434449186126,1472,1426,True,ok
bc330dd9c3e1f1b01da77bddae27b46d527be4483da6954817e855004b3ce641,theiler,T2: 1.00× (nominal),9,43,Awake,25.00062501557549,1500,8,0.16,4,0.8,1.3,1.0,0.4399609999161047,0.4399609999161046,11,0.6806286325250682,0.851525989588376,1472,1402,False,low_fit_r2
bc330dd9c3e1f1b01da77bddae27b46d527be4483da6954817e855004b3ce641,theiler,T2: 1.00× (nominal),9,44,Awake,25.00062501557549,1500,8,0.16,4,0.8,1.3,1.0,0.4262582756983216,0.4262582756983216,11,0.6792523573705398,0.9462541319128808,1472,1387,True,ok
bc330dd9c3e1f1b01da77bddae27b46d527be4483da6954817e855004b3ce641,theiler,T2: 1.00× (nominal),9,45,Awake,25.00062501557549,1500,8,0.16,4,0.8,1.3,1.0,0.44863657134677726,0.4486365713467773,11,0.6804030090623868,0.9153468885655452,1472,1422,True,ok
bc330dd9c3e1f1b01da77bddae27b46d527be4483da6954817e855004b3ce641,theiler,T2: 1.00× (nominal),9,46,Awake,25.00062501557549,1500,8,0.16,4,0.8,1.3,1.0,0.46064168586727444,0.4606416858672744,12,0.6641769232034622,0.9452334208245377,1472,1399,True,ok
bc330dd9c3e1f1b01da77bddae27b46d527be4483da6954817e855004b3ce641,theiler,T2: 1.00× (nominal),9,48,Awake,25.00062501557549,1500,8,0.16,4,0.8,1.3,1.0,0.44994434656086674,0.4499443465608667,11,0.7671862047889527,0.969343057983492,1472,1437,True,ok
bc330dd9c3e1f1b01da77bddae27b46d527be4483da6954817e855004b3ce641,theiler,T2: 1.00× (nominal),9,49,Awake,25.00062501557549,1500,8,0.16,4,0.8,1.3,1.0,0.4597892404445715,0.4597892404445713,11,0.6176825530080567,0.8441869965915553,1472,1389,False,low_fit_r2
bc330dd9c3e1f1b01da77bddae27b46d527be4483da6954817e855004b3ce641,theiler,T2: 1.00× (nominal),9,50,Awake,25.00062501557549,1500,8,0.16,4,0.8,1.3,1.0,0.4587377927337233,0.4587377927337233,11,0.7090985912555289,0.8795330939501793,1472,1430,False,low_fit_r2
bc330dd9c3e1f1b01da77bddae27b46d527be4483da6954817e855004b3ce641,theiler,T2: 1.00× (nominal),9,51,Awake,25.00062501557549,1500,8,0.16,4,0.8,1.3,1.0,0.46636037397026214,0.4663603739702619,12,0.775381577798645,0.9318625270817014,1472,1409,True,ok
bc330dd9c3e1f1b01da77bddae27b46d527be4483da6954817e855004b3ce641,theiler,T2: 1.00× (nominal),9,52,Awake,25.00062501557549,1500,8,0.16,4,0.8,1.3,1.0,0.4697141396881637,0.4697141396881637,12,0.6709313134384324,0.937519318614408,1472,1404,True,ok
bc330dd9c3e1f1b01da77bddae27b46d527be4483da6954817e855004b3ce641,theiler,T2: 1.00× (nominal),9,53,Awake,25.00062501557549,1500,8,0.16,4,0.8,1.3,1.0,0.4702143917162114,0.4702143917162114,12,0.8215507003086239,0.991041280634392,1472,1411,True,ok
bc330dd9c3e1f1b01da77bddae27b46d527be4483da6954817e855004b3ce641,theiler,T2: 1.00× (nominal),9,54,Awake,25.00062501557549,1500,8,0.16,4,0.8,1.3,1.0,0.4666956233057159,0.4666956233057158,12,0.7693797627522354,0.9791174273450064,1472,1424,True,ok
bc330dd9c3e1f1b01da77bddae27b46d527be4483da6954817e855004b3ce641,theiler,T2: 1.00× (nominal),9,55,Awake,25.00062501557549,1500,8,0.16,4,0.8,1.3,1.0,0.4425263935136897,0.4425263935136897,11,0.5659715261490419,0.8842834542268171,1472,1397,False,low_fit_r2
bc330dd9c3e1f1b01da77bddae27b46d527be4483da6954817e855004b3ce641,theiler,T2: 1.00× (nominal),9,56,Awake,25.00062501557549,1500,8,0.16,4,0.8,1.3,1.0,0.4826569878187622,0.4826569878187622,12,0.717566576560216,0.9337021790371004,1472,1415,True,ok
bc330dd9c3e1f1b01da77bddae27b46d527be4483da6954817e855004b3ce641,theiler,T2: 1.00× (nominal),9,57,Awake,25.00062501557549,1500,8,0.16,4,0.8,1.3,1.0,0.4620000018899667,0.4620000018899667,12,0.7694630330207027,0.9609888667505024,1472,1433,True,ok
bc330dd9c3e1f1b01da77bddae27b46d527be4483da6954817e855004b3ce641,theiler,T2: 1.00× (nominal),9,58,Awake,25.00062501557549,1500,8,0.16,4,0.8,1.3,1.0,0.4569246901808649,0.4569246901808649,11,0.708701007722938,0.9754507592714712,1472,1421,True,ok
bc330dd9c3e1f1b01da77bddae27b46d527be4483da6954817e855004b3ce641,theiler,T2: 1.00× (nominal),9,59,Awake,25.00062501557549,1500,8,0.16,4,0.8,1.3,1.0,0.47108039866263995,0.4710803986626399,12,0.6187295022510221,0.9110892328077984,1472,1408,True,ok
bc330dd9c3e1f1b01da77bddae27b46d527be4483da6954817e855004b3ce641,theiler,T2: 1.00× (nominal),9,61,Awake,25.00062501557549,1500,8,0.16,4,0.8,1.3,1.0,0.46779898611169307,0.467798986111693,12,0.7018885364995431,0.9895072083927752,1472,1404,True,ok
bc330dd9c3e1f1b01da77bddae27b46d527be4483da6954817e855004b3ce641,theiler,T2: 1.00× (nominal),9,62,Awake,25.00062501557549,1500,8,0.16,4,0.8,1.3,1.0,0.46882258051644043,0.4688225805164404,12,0.6468995327522241,0.9568032092529348,1472,1417,True,ok
bc330dd9c3e1f1b01da77bddae27b46d527be4483da6954817e855004b3ce641,theiler,T2: 1.00× (nominal),9,63,Awake,25.00062501557549,1500,8,0.16,4,0.8,1.3,1.0,0.44777686146121615,0.4477768614612161,11,0.8663555864787171,0.9737561565935152,1472,1421,True,ok
bc330dd9c3e1f1b01da77bddae27b46d527be4483da6954817e855004b3ce641,theiler,T2: 1.00× (nominal),9,64,Awake,25.00062501557549,1500,8,0.16,4,0.8,1.3,1.0,0.4669338133285021,0.4669338133285021,12,0.8701347964347035,0.9690533104338042,1472,1414,True,ok
bc330dd9c3e1f1b01da77bddae27b46d527be4483da6954817e855004b3ce641,theiler,T2: 1.00× (nominal),9,65,Drowsy,25.00062501557549,1500,8,0.16,4,0.8,1.3,1.0,0.4304381751845878,0.4304381751845878,11,0.7925776357048704,0.9883823615890748,1472,1405,True,ok
bc330dd9c3e1f1b01da77bddae27b46d527be4483da6954817e855004b3ce641,theiler,T2: 1.00× (nominal),9,66,Drowsy,25.00062501557549,1500,8,0.16,4,0.8,1.3,1.0,0.4467037164047952,0.4467037164047953,11,0.8526714881985483,0.9945381771297792,1472,1431,True,ok
bc330dd9c3e1f1b01da77bddae27b46d527be4483da6954817e855004b3ce641,theiler,T2: 1.00× (nominal),9,67,Drowsy,25.00062501557549,1500,8,0.16,4,0.8,1.3,1.0,0.4328378876044547,0.4328378876044547,11,0.8029763647110392,0.9908489126059912,1472,1407,True,ok
bc330dd9c3e1f1b01da77bddae27b46d527be4483da6954817e855004b3ce641,theiler,T2: 1.00× (nominal),9,68,Drowsy,25.00062501557549,1500,8,0.16,4,0.8,1.3,1.0,0.40466354650854286,0.4046635465085428,10,0.7224855037686079,0.980991475236325,1472,1431,True,ok
bc330dd9c3e1f1b01da77bddae27b46d527be4483da6954817e855004b3ce641,theiler,T2: 1.00× (nominal),9,69,Drowsy,25.00062501557549,1500,8,0.16,4,0.8,1.3,1.0,0.45684641403632026,0.4568464140363202,11,0.9247819008045152,0.9911124741520392,1472,1420,True,ok
bc330dd9c3e1f1b01da77bddae27b46d527be4483da6954817e855004b3ce641,theiler,T2: 1.00× (nominal),9,70,Drowsy,25.00062501557549,1500,8,0.16,4,0.8,1.3,1.0,0.40434161061503066,0.4043416106150307,10,0.8168394440914892,0.9651971357380906,1472,1389,True,ok
bc330dd9c3e1f1b01da77bddae27b46d527be4483da6954817e855004b3ce641,theiler,T2: 1.00× (nominal),9,71,Drowsy,25.00062501557549,1500,8,0.16,4,0.8,1.3,1.0,0.42354417910006037,0.4235441791000603,11,0.8231425971155255,0.9882639452418492,1472,1432,True,ok
bc330dd9c3e1f1b01da77bddae27b46d527be4483da6954817e855004b3ce641,theiler,T2: 1.00× (nominal),10,1,Awake,24.998235827015687,1500,8,0.16,4,0.8,1.3,1.0,0.5719634133237192,0.5719634133237192,14,0.890667318503439,0.9886496556210048,1472,1418,True,ok
bc330dd9c3e1f1b01da77bddae27b46d527be4483da6954817e855004b3ce641,theiler,T2: 1.00× (nominal),10,2,Awake,24.998235827015687,1500,8,0.16,4,0.8,1.3,1.0,0.6135185662368007,0.6135185662368008,15,1.0319899936719443,0.9949092226036498,1472,1407,True,ok
bc330dd9c3e1f1b01da77bddae27b46d527be4483da6954817e855004b3ce641,theiler,T2: 1.00× (nominal),10,3,Awake,24.998235827015687,1500,8,0.16,4,0.8,1.3,1.0,0.6174210125643442,0.6174210125643445,15,0.8774212618623805,0.9768774230372328,1472,1413,True,ok
bc330dd9c3e1f1b01da77bddae27b46d527be4483da6954817e855004b3ce641,theiler,T2: 1.00× (nominal),10,4,Awake,24.998235827015687,1500,8,0.16,4,0.8,1.3,1.0,0.586739656109387,0.586739656109387,15,0.8838879648801031,0.9873029049845228,1472,1438,True,ok
bc330dd9c3e1f1b01da77bddae27b46d527be4483da6954817e855004b3ce641,theiler,T2: 1.00× (nominal),10,5,Awake,24.998235827015687,1500,8,0.16,4,0.8,1.3,1.0,0.6059377067970041,0.6059377067970041,15,0.85124277768692,0.9845711139938552,1472,1413,True,ok
bc330dd9c3e1f1b01da77bddae27b46d527be4483da6954817e855004b3ce641,theiler,T2: 1.00× (nominal),10,6,Awake,24.998235827015687,1500,8,0.16,4,0.8,1.3,1.0,0.6392676609013761,0.6392676609013761,16,0.8640070717676743,0.965618913958526,1472,1419,True,ok
bc330dd9c3e1f1b01da77bddae27b46d527be4483da6954817e855004b3ce641,theiler,T2: 1.00× (nominal),10,7,Awake,24.998235827015687,1500,8,0.16,4,0.8,1.3,1.0,0.6183241401771334,0.6183241401771334,15,0.908008053734924,0.9938335150961992,1472,1392,True,ok
bc330dd9c3e1f1b01da77bddae27b46d527be4483da6954817e855004b3ce641,theiler,T2: 1.00× (nominal),10,8,Awake,24.998235827015687,1500,8,0.16,4,0.8,1.3,1.0,0.6122122933208075,0.6122122933208075,15,1.0098561130248478,0.9912138566526688,1472,1424,True,ok
bc330dd9c3e1f1b01da77bddae27b46d527be4483da6954817e855004b3ce641,theiler,T2: 1.00× (nominal),10,9,Awake,24.998235827015687,1500,8,0.16,4,0.8,1.3,1.0,0.6246197050721399,0.6246197050721399,16,0.9532183600849986,0.9911378270693554,1472,1414,True,ok
bc330dd9c3e1f1b01da77bddae27b46d527be4483da6954817e855004b3ce641,theiler,T2: 1.00× (nominal),10,10,Drowsy,24.998235827015687,1500,8,0.16,4,0.8,1.3,1.0,0.5561664186469959,0.5561664186469959,14,0.9443126834104388,0.9661941504972136,1472,1407,True,ok
bc330dd9c3e1f1b01da77bddae27b46d527be4483da6954817e855004b3ce641,theiler,T2: 1.00× (nominal),10,11,Drowsy,24.998235827015687,1500,8,0.16,4,0.8,1.3,1.0,0.5450431935298474,0.5450431935298474,14,0.8076401241795026,0.9726152019240476,1472,1421,True,ok
bc330dd9c3e1f1b01da77bddae27b46d527be4483da6954817e855004b3ce641,theiler,T2: 1.00× (nominal),10,12,Drowsy,24.998235827015687,1500,8,0.16,4,0.8,1.3,1.0,0.5512605630861493,0.5512605630861495,14,0.8443600637787929,0.9699015077177486,1472,1389,True,ok
bc330dd9c3e1f1b01da77bddae27b46d527be4483da6954817e855004b3ce641,theiler,T2: 1.00× (nominal),10,13,Drowsy,24.998235827015687,1500,8,0.16,4,0.8,1.3,1.0,0.5739088486723509,0.5739088486723508,14,0.7944453568947709,0.9551036693256316,1472,1439,True,ok
bc330dd9c3e1f1b01da77bddae27b46d527be4483da6954817e855004b3ce641,theiler,T2: 1.00× (nominal),10,14,Awake,24.998235827015687,1500,8,0.16,4,0.8,1.3,1.0,0.5750991136944282,0.5750991136944283,14,0.7183196215999077,0.9819553391705536,1472,1366,True,ok
bc330dd9c3e1f1b01da77bddae27b46d527be4483da6954817e855004b3ce641,theiler,T2: 1.00× (nominal),10,15,Awake,24.998235827015687,1500,8,0.16,4,0.8,1.3,1.0,0.5900981630274267,0.5900981630274267,15,0.9321259765661766,0.987887460732389,1472,1400,True,ok
bc330dd9c3e1f1b01da77bddae27b46d527be4483da6954817e855004b3ce641,theiler,T2: 1.00× (nominal),10,16,Awake,24.998235827015687,1500,8,0.16,4,0.8,1.3,1.0,0.5997683804687411,0.599768380468741,15,0.9110959203367288,0.9966129457495476,1472,1394,True,ok
bc330dd9c3e1f1b01da77bddae27b46d527be4483da6954817e855004b3ce641,theiler,T2: 1.00× (nominal),10,17,Awake,24.998235827015687,1500,8,0.16,4,0.8,1.3,1.0,0.6116305489835847,0.6116305489835848,15,0.8475925128573115,0.984593612758254,1472,1415,True,ok
bc330dd9c3e1f1b01da77bddae27b46d527be4483da6954817e855004b3ce641,theiler,T2: 1.00× (nominal),10,18,Awake,24.998235827015687,1500,8,0.16,4,0.8,1.3,1.0,0.5984830494156059,0.5984830494156059,15,0.7936053026622195,0.9870194447739878,1472,1425,True,ok
bc330dd9c3e1f1b01da77bddae27b46d527be4483da6954817e855004b3ce641,theiler,T2: 1.00× (nominal),10,19,Awake,24.998235827015687,1500,8,0.16,4,0.8,1.3,1.0,0.5947729031585374,0.5947729031585374,15,0.8879509003564264,0.9729670495157412,1472,1421,True,ok
bc330dd9c3e1f1b01da77bddae27b46d527be4483da6954817e855004b3ce641,theiler,T2: 1.00× (nominal),10,20,Awake,24.998235827015687,1500,8,0.16,4,0.8,1.3,1.0,0.6134837242714565,0.6134837242714565,15,0.8487832528891158,0.9359134097951094,1472,1413,True,ok
bc330dd9c3e1f1b01da77bddae27b46d527be4483da6954817e855004b3ce641,theiler,T2: 1.00× (nominal),10,21,Awake,24.998235827015687,1500,8,0.16,4,0.8,1.3,1.0,0.5890804685593543,0.5890804685593544,15,0.9917614574642925,0.990808080852473,1472,1399,True,ok
bc330dd9c3e1f1b01da77bddae27b46d527be4483da6954817e855004b3ce641,theiler,T2: 1.00× (nominal),10,22,Awake,24.998235827015687,1500,8,0.16,4,0.8,1.3,1.0,0.6116414228487358,0.6116414228487358,15,0.9650899995333232,0.9666474417040624,1472,1414,True,ok
bc330dd9c3e1f1b01da77bddae27b46d527be4483da6954817e855004b3ce641,theiler,T2: 1.00× (nominal),10,23,Awake,24.998235827015687,1500,8,0.16,4,0.8,1.3,1.0,0.5584616483773024,0.5584616483773024,14,0.8126163642201738,0.973361542742457,1472,1417,True,ok
bc330dd9c3e1f1b01da77bddae27b46d527be4483da6954817e855004b3ce641,theiler,T2: 1.00× (nominal),10,24,Awake,24.998235827015687,1500,8,0.16,4,0.8,1.3,1.0,0.591681907331997,0.5916819073319971,15,0.7922598434877578,0.9854626956160084,1472,1429,True,ok
bc330dd9c3e1f1b01da77bddae27b46d527be4483da6954817e855004b3ce641,theiler,T2: 1.00× (nominal),10,25,Awake,24.998235827015687,1500,8,0.16,4,0.8,1.3,1.0,0.5557979130621366,0.5557979130621367,14,0.652474535336794,0.9393034812518684,1472,1405,True,ok
bc330dd9c3e1f1b01da77bddae27b46d527be4483da6954817e855004b3ce641,theiler,T2: 1.00× (nominal),10,26,Awake,24.998235827015687,1500,8,0.16,4,0.8,1.3,1.0,0.5525774934848271,0.5525774934848271,14,0.819228340853622,0.9890426515966144,1472,1407,True,ok
bc330dd9c3e1f1b01da77bddae27b46d527be4483da6954817e855004b3ce641,theiler,T2: 1.00× (nominal),10,27,Awake,24.998235827015687,1500,8,0.16,4,0.8,1.3,1.0,0.5885293502646785,0.5885293502646785,15,0.9649570109483532,0.9866847089262286,1472,1404,True,ok
bc330dd9c3e1f1b01da77bddae27b46d527be4483da6954817e855004b3ce641,theiler,T2: 1.00× (nominal),10,28,Awake,24.998235827015687,1500,8,0.16,4,0.8,1.3,1.0,0.6120647048369857,0.6120647048369856,15,0.984439951792695,0.9813501503744912,1472,1437,True,ok
bc330dd9c3e1f1b01da77bddae27b46d527be4483da6954817e855004b3ce641,theiler,T2: 1.00× (nominal),10,29,Awake,24.998235827015687,1500,8,0.16,4,0.8,1.3,1.0,0.5711133836350392,0.5711133836350392,14,0.9303622024834328,0.9919487888884044,1472,1416,True,ok
bc330dd9c3e1f1b01da77bddae27b46d527be4483da6954817e855004b3ce641,theiler,T2: 1.00× (nominal),10,30,Awake,24.998235827015687,1500,8,0.16,4,0.8,1.3,1.0,0.5681754132017712,0.5681754132017713,14,0.9410334573099725,0.9768549901188616,1472,1401,True,ok
bc330dd9c3e1f1b01da77bddae27b46d527be4483da6954817e855004b3ce641,theiler,T2: 1.00× (nominal),10,31,Awake,24.998235827015687,1500,8,0.16,4,0.8,1.3,1.0,0.6324023571373734,0.6324023571373734,16,1.0688211222976691,0.9821902937990816,1472,1417,True,ok
bc330dd9c3e1f1b01da77bddae27b46d527be4483da6954817e855004b3ce641,theiler,T2: 1.00× (nominal),10,32,Drowsy,24.998235827015687,1500,8,0.16,4,0.8,1.3,1.0,0.5560179055902016,0.5560179055902017,14,0.8539636379014948,0.9723413785145592,1472,1420,True,ok
bc330dd9c3e1f1b01da77bddae27b46d527be4483da6954817e855004b3ce641,theiler,T2: 1.00× (nominal),10,33,Drowsy,24.998235827015687,1500,8,0.16,4,0.8,1.3,1.0,0.5277011966744029,0.5277011966744029,13,0.829442190014108,0.9726552674393246,1472,1436,True,ok
bc330dd9c3e1f1b01da77bddae27b46d527be4483da6954817e855004b3ce641,theiler,T2: 1.00× (nominal),10,34,Drowsy,24.998235827015687,1500,8,0.16,4,0.8,1.3,1.0,0.48357199938950396,0.4835719993895039,12,0.7759973146706183,0.9520931155268856,1472,1404,True,ok
bc330dd9c3e1f1b01da77bddae27b46d527be4483da6954817e855004b3ce641,theiler,T2: 1.00× (nominal),10,35,Drowsy,24.998235827015687,1500,8,0.16,4,0.8,1.3,1.0,0.4959142469754571,0.4959142469754573,12,0.7713488502918568,0.9865968837154112,1472,1407,True,ok
bc330dd9c3e1f1b01da77bddae27b46d527be4483da6954817e855004b3ce641,theiler,T2: 1.00× (nominal),10,36,Drowsy,24.998235827015687,1500,8,0.16,4,0.8,1.3,1.0,0.4976377504006711,0.4976377504006711,12,0.8765678956701421,0.9948558530011714,1472,1421,True,ok
bc330dd9c3e1f1b01da77bddae27b46d527be4483da6954817e855004b3ce641,theiler,T2: 1.00× (nominal),11,1,Awake,24.993766908601188,1500,8,0.16,4,0.8,1.3,1.0,0.5487099547004084,0.5487099547004085,14,0.913862759820656,0.9776110682338884,1472,1429,True,ok
bc330dd9c3e1f1b01da77bddae27b46d527be4483da6954817e855004b3ce641,theiler,T2: 1.00× (nominal),11,2,Awake,24.993766908601188,1500,8,0.16,4,0.8,1.3,1.0,0.55411087770503,0.55411087770503,14,0.8308482391176552,0.9880341379645368,1472,1432,True,ok
bc330dd9c3e1f1b01da77bddae27b46d527be4483da6954817e855004b3ce641,theiler,T2: 1.00× (nominal),11,3,Awake,24.993766908601188,1500,8,0.16,4,0.8,1.3,1.0,0.5638904345509292,0.5638904345509292,14,0.8376929986991793,0.9818137327591518,1472,1421,True,ok
bc330dd9c3e1f1b01da77bddae27b46d527be4483da6954817e855004b3ce641,theiler,T2: 1.00× (nominal),11,4,Awake,24.993766908601188,1500,8,0.16,4,0.8,1.3,1.0,0.5696490565499657,0.5696490565499656,14,0.8238087893496455,0.967150599188348,1472,1400,True,ok
bc330dd9c3e1f1b01da77bddae27b46d527be4483da6954817e855004b3ce641,theiler,T2: 1.00× (nominal),11,5,Awake,24.993766908601188,1500,8,0.16,4,0.8,1.3,1.0,0.5666607767333454,0.5666607767333456,14,0.806998454960376,0.9687940435152724,1472,1404,True,ok
bc330dd9c3e1f1b01da77bddae27b46d527be4483da6954817e855004b3ce641,theiler,T2: 1.00× (nominal),11,6,Awake,24.993766908601188,1500,8,0.16,4,0.8,1.3,1.0,0.5873097659185054,0.5873097659185054,15,0.9173312476629027,0.975561561021114,1472,1412,True,ok
bc330dd9c3e1f1b01da77bddae27b46d527be4483da6954817e855004b3ce641,theiler,T2: 1.00× (nominal),11,7,Awake,24.993766908601188,1500,8,0.16,4,0.8,1.3,1.0,0.6443755830786532,0.6443755830786532,16,0.9473465673115992,0.9738981510143307,1472,1426,True,ok
bc330dd9c3e1f1b01da77bddae27b46d527be4483da6954817e855004b3ce641,theiler,T2: 1.00× (nominal),11,8,Awake,24.993766908601188,1500,8,0.16,4,0.8,1.3,1.0,0.5946658025785677,0.5946658025785675,15,0.8569543936304493,0.9904878526745764,1472,1380,True,ok
bc330dd9c3e1f1b01da77bddae27b46d527be4483da6954817e855004b3ce641,theiler,T2: 1.00× (nominal),11,9,Awake,24.993766908601188,1500,8,0.16,4,0.8,1.3,1.0,0.5444217414007878,0.5444217414007879,14,0.7209021596173011,0.8951647746637116,1472,1391,False,low_fit_r2
bc330dd9c3e1f1b01da77bddae27b46d527be4483da6954817e855004b3ce641,theiler,T2: 1.00× (nominal),11,10,Drowsy,24.993766908601188,1500,8,0.16,4,0.8,1.3,1.0,0.5074998740412391,0.5074998740412391,13,0.8539630008099457,0.9588096171805746,1472,1412,True,ok
bc330dd9c3e1f1b01da77bddae27b46d527be4483da6954817e855004b3ce641,theiler,T2: 1.00× (nominal),11,11,Drowsy,24.993766908601188,1500,8,0.16,4,0.8,1.3,1.0,0.5406218103723026,0.5406218103723027,14,0.7098012012224862,0.9366305100713376,1472,1404,True,ok
bc330dd9c3e1f1b01da77bddae27b46d527be4483da6954817e855004b3ce641,theiler,T2: 1.00× (nominal),11,12,Drowsy,24.993766908601188,1500,8,0.16,4,0.8,1.3,1.0,0.5257212044159066,0.5257212044159065,13,0.8478843013270655,0.9879745263424512,1472,1408,True,ok
bc330dd9c3e1f1b01da77bddae27b46d527be4483da6954817e855004b3ce641,theiler,T2: 1.00× (nominal),11,13,Drowsy,24.993766908601188,1500,8,0.16,4,0.8,1.3,1.0,0.5128739705008825,0.5128739705008825,13,0.7701839206685271,0.9884725425584642,1472,1404,True,ok
bc330dd9c3e1f1b01da77bddae27b46d527be4483da6954817e855004b3ce641,theiler,T2: 1.00× (nominal),11,14,Drowsy,24.993766908601188,1500,8,0.16,4,0.8,1.3,1.0,0.5286223744515677,0.5286223744515677,13,0.8416741279812054,0.953875802103718,1472,1407,True,ok
bc330dd9c3e1f1b01da77bddae27b46d527be4483da6954817e855004b3ce641,theiler,T2: 1.00× (nominal),11,15,Drowsy,24.993766908601188,1500,8,0.16,4,0.8,1.3,1.0,0.5586808590290708,0.5586808590290709,14,0.9705150437758112,0.9838394504448624,1472,1399,True,ok
bc330dd9c3e1f1b01da77bddae27b46d527be4483da6954817e855004b3ce641,theiler,T2: 1.00× (nominal),11,16,Drowsy,24.993766908601188,1500,8,0.16,4,0.8,1.3,1.0,0.5465912310748827,0.5465912310748828,14,0.9055021797062728,0.975706136521041,1472,1426,True,ok
bc330dd9c3e1f1b01da77bddae27b46d527be4483da6954817e855004b3ce641,theiler,T2: 1.00× (nominal),11,17,Drowsy,24.993766908601188,1500,8,0.16,4,0.8,1.3,1.0,0.5615351646860873,0.5615351646860873,14,0.8927662927689983,0.9613792810877038,1472,1410,True,ok
bc330dd9c3e1f1b01da77bddae27b46d527be4483da6954817e855004b3ce641,theiler,T2: 1.00× (nominal),11,18,Drowsy,24.993766908601188,1500,8,0.16,4,0.8,1.3,1.0,0.5415224015910067,0.5415224015910066,14,0.8736222448310802,0.983075153912723,1472,1413,True,ok
bc330dd9c3e1f1b01da77bddae27b46d527be4483da6954817e855004b3ce641,theiler,T2: 1.00× (nominal),11,19,Awake,24.993766908601188,1500,8,0.16,4,0.8,1.3,1.0,0.5117291633517939,0.5117291633517939,13,0.7562399853055911,0.9599050808398362,1472,1373,True,ok
bc330dd9c3e1f1b01da77bddae27b46d527be4483da6954817e855004b3ce641,theiler,T2: 1.00× (nominal),11,20,Awake,24.993766908601188,1500,8,0.16,4,0.8,1.3,1.0,0.5520862233802928,0.5520862233802926,14,0.9739720484346716,0.950048337994322,1472,1417,True,ok
bc330dd9c3e1f1b01da77bddae27b46d527be4483da6954817e855004b3ce641,theiler,T2: 1.00× (nominal),11,21,Awake,24.993766908601188,1500,8,0.16,4,0.8,1.3,1.0,0.5601876785855391,0.5601876785855391,14,0.8217604421326619,0.987157954802097,1472,1425,True,ok
bc330dd9c3e1f1b01da77bddae27b46d527be4483da6954817e855004b3ce641,theiler,T2: 1.00× (nominal),11,22,Awake,24.993766908601188,1500,8,0.16,4,0.8,1.3,1.0,0.5428890545337423,0.5428890545337421,14,0.8331260511722037,0.9671356959800532,1472,1418,True,ok
bc330dd9c3e1f1b01da77bddae27b46d527be4483da6954817e855004b3ce641,theiler,T2: 1.00× (nominal),11,23,Awake,24.993766908601188,1500,8,0.16,4,0.8,1.3,1.0,0.5685270537850305,0.5685270537850305,14,0.8437742721121827,0.9787545985285148,1472,1431,True,ok
bc330dd9c3e1f1b01da77bddae27b46d527be4483da6954817e855004b3ce641,theiler,T2: 1.00× (nominal),11,24,Awake,24.993766908601188,1500,8,0.16,4,0.8,1.3,1.0,0.5902091007499501,0.5902091007499499,15,0.9206566132395178,0.9693501966047352,1472,1403,True,ok
bc330dd9c3e1f1b01da77bddae27b46d527be4483da6954817e855004b3ce641,theiler,T2: 1.00× (nominal),11,25,Awake,24.993766908601188,1500,8,0.16,4,0.8,1.3,1.0,0.5871874371552199,0.5871874371552199,15,0.9628070312440792,0.992771709257078,1472,1384,True,ok
bc330dd9c3e1f1b01da77bddae27b46d527be4483da6954817e855004b3ce641,theiler,T2: 1.00× (nominal),11,26,Awake,24.993766908601188,1500,8,0.16,4,0.8,1.3,1.0,0.6039573221106281,0.6039573221106284,15,0.8852721897807373,0.979540317688983,1472,1414,True,ok
bc330dd9c3e1f1b01da77bddae27b46d527be4483da6954817e855004b3ce641,theiler,T2: 1.00× (nominal),11,27,Awake,24.993766908601188,1500,8,0.16,4,0.8,1.3,1.0,0.5979357175607952,0.5979357175607952,15,0.9227803924366336,0.9855361228188756,1472,1404,True,ok
bc330dd9c3e1f1b01da77bddae27b46d527be4483da6954817e855004b3ce641,theiler,T2: 1.00× (nominal),11,28,Awake,24.993766908601188,1500,8,0.16,4,0.8,1.3,1.0,0.5360964676609524,0.5360964676609524,13,0.7261999784821206,0.9356262392724182,1472,1410,True,ok
bc330dd9c3e1f1b01da77bddae27b46d527be4483da6954817e855004b3ce641,theiler,T2: 1.00× (nominal),11,29,Awake,24.993766908601188,1500,8,0.16,4,0.8,1.3,1.0,0.5511196997055653,0.5511196997055653,14,0.7495352211107389,0.9529795140619162,1472,1368,True,ok
bc330dd9c3e1f1b01da77bddae27b46d527be4483da6954817e855004b3ce641,theiler,T2: 1.00× (nominal),11,30,Drowsy,24.993766908601188,1500,8,0.16,4,0.8,1.3,1.0,0.5479917515568089,0.5479917515568089,14,0.8449354432606573,0.9889375019349202,1472,1417,True,ok
bc330dd9c3e1f1b01da77bddae27b46d527be4483da6954817e855004b3ce641,theiler,T2: 1.00× (nominal),11,31,Drowsy,24.993766908601188,1500,8,0.16,4,0.8,1.3,1.0,0.522424112891296,0.522424112891296,13,0.8224566071943603,0.9913640510173224,1472,1432,True,ok
bc330dd9c3e1f1b01da77bddae27b46d527be4483da6954817e855004b3ce641,theiler,T2: 1.00× (nominal),11,32,Drowsy,24.993766908601188,1500,8,0.16,4,0.8,1.3,1.0,0.5721821587748716,0.5721821587748716,14,0.8152887450105263,0.9804428211709464,1472,1402,True,ok
bc330dd9c3e1f1b01da77bddae27b46d527be4483da6954817e855004b3ce641,theiler,T2: 1.00× (nominal),11,33,Drowsy,24.993766908601188,1500,8,0.16,4,0.8,1.3,1.0,0.5195047361197613,0.5195047361197613,13,0.748221512173218,0.9916531299739832,1472,1380,True,ok
bc330dd9c3e1f1b01da77bddae27b46d527be4483da6954817e855004b3ce641,theiler,T2: 1.00× (nominal),11,34,Drowsy,24.993766908601188,1500,8,0.16,4,0.8,1.3,1.0,0.5227236424937398,0.5227236424937398,13,0.7450752330602392,0.9476342478652996,1472,1422,True,ok
bc330dd9c3e1f1b01da77bddae27b46d527be4483da6954817e855004b3ce641,theiler,T2: 1.00× (nominal),11,35,Drowsy,24.993766908601188,1500,8,0.16,4,0.8,1.3,1.0,0.5086087653592368,0.5086087653592366,13,0.745925144845466,0.9831073217012244,1472,1423,True,ok
bc330dd9c3e1f1b01da77bddae27b46d527be4483da6954817e855004b3ce641,theiler,T2: 1.00× (nominal),11,36,Drowsy,24.993766908601188,1500,8,0.16,4,0.8,1.3,1.0,0.533957323283464,0.533957323283464,13,0.7029694070878254,0.9093892946951564,1472,1406,True,ok
bc330dd9c3e1f1b01da77bddae27b46d527be4483da6954817e855004b3ce641,theiler,T2: 1.00× (nominal),11,37,Drowsy,24.993766908601188,1500,8,0.16,4,0.8,1.3,1.0,0.5405649510300726,0.5405649510300727,14,0.6943296983107329,0.9733767245717148,1472,1427,True,ok
bc330dd9c3e1f1b01da77bddae27b46d527be4483da6954817e855004b3ce641,theiler,T2: 1.00× (nominal),11,38,Drowsy,24.993766908601188,1500,8,0.16,4,0.8,1.3,1.0,0.583810168445242,0.583810168445242,15,0.8068204776331099,0.932525828790202,1472,1404,True,ok
bc330dd9c3e1f1b01da77bddae27b46d527be4483da6954817e855004b3ce641,theiler,T2: 1.00× (nominal),12,1,Awake,24.9893795136852,1499,8,0.16,4,0.8,1.3,1.0,0.41862386901307913,0.4186238690130792,10,0.7713180602990513,0.9390943554696384,1471,1396,True,ok
bc330dd9c3e1f1b01da77bddae27b46d527be4483da6954817e855004b3ce641,theiler,T2: 1.00× (nominal),12,3,Awake,24.9893795136852,1499,8,0.16,4,0.8,1.3,1.0,0.43688852615660956,0.4368885261566096,11,0.8059012549486496,0.9469938531701824,1471,1392,True,ok
bc330dd9c3e1f1b01da77bddae27b46d527be4483da6954817e855004b3ce641,theiler,T2: 1.00× (nominal),12,4,Awake,24.9893795136852,1499,8,0.16,4,0.8,1.3,1.0,0.4511206360649866,0.4511206360649866,11,0.7889371031030061,0.9796475081549652,1471,1404,True,ok
bc330dd9c3e1f1b01da77bddae27b46d527be4483da6954817e855004b3ce641,theiler,T2: 1.00× (nominal),12,5,Awake,24.9893795136852,1499,8,0.16,4,0.8,1.3,1.0,0.44181180156824834,0.4418118015682483,11,0.7681621829171269,0.9684645777231125,1471,1408,True,ok
bc330dd9c3e1f1b01da77bddae27b46d527be4483da6954817e855004b3ce641,theiler,T2: 1.00× (nominal),12,6,Awake,24.9893795136852,1499,8,0.16,4,0.8,1.3,1.0,0.42490902012314063,0.4249090201231406,11,0.6996179250682321,0.9015262177987702,1471,1411,True,ok
bc330dd9c3e1f1b01da77bddae27b46d527be4483da6954817e855004b3ce641,theiler,T2: 1.00× (nominal),12,7,Awake,24.9893795136852,1499,8,0.16,4,0.8,1.3,1.0,0.4439394737369181,0.443939473736918,11,0.8215440196877415,0.9374458151151304,1471,1427,True,ok
bc330dd9c3e1f1b01da77bddae27b46d527be4483da6954817e855004b3ce641,theiler,T2: 1.00× (nominal),12,8,Awake,24.9893795136852,1499,8,0.16,4,0.8,1.3,1.0,0.45480163878278945,0.4548016387827894,11,0.8188750837752214,0.9445453453635696,1471,1420,True,ok
bc330dd9c3e1f1b01da77bddae27b46d527be4483da6954817e855004b3ce641,theiler,T2: 1.00× (nominal),12,9,Awake,24.9893795136852,1499,8,0.16,4,0.8,1.3,1.0,0.4584873590455596,0.4584873590455597,11,0.687305969792036,0.9188408132161224,1471,1430,True,ok
bc330dd9c3e1f1b01da77bddae27b46d527be4483da6954817e855004b3ce641,theiler,T2: 1.00× (nominal),12,10,Drowsy,24.9893795136852,1499,8,0.16,4,0.8,1.3,1.0,0.4209470680849202,0.4209470680849202,11,0.7858554234596606,0.9692756369962132,1471,1425,True,ok
bc330dd9c3e1f1b01da77bddae27b46d527be4483da6954817e855004b3ce641,theiler,T2: 1.00× (nominal),12,11,Drowsy,24.9893795136852,1499,8,0.16,4,0.8,1.3,1.0,0.44724503897595863,0.4472450389759586,11,0.7669345602831322,0.8840481902294556,1471,1430,False,low_fit_r2
bc330dd9c3e1f1b01da77bddae27b46d527be4483da6954817e855004b3ce641,theiler,T2: 1.00× (nominal),12,12,Drowsy,24.9893795136852,1499,8,0.16,4,0.8,1.3,1.0,0.43391414462879596,0.4339141446287958,11,0.7481246779118279,0.950809115606054,1471,1410,True,ok
bc330dd9c3e1f1b01da77bddae27b46d527be4483da6954817e855004b3ce641,theiler,T2: 1.00× (nominal),12,13,Awake,24.9893795136852,1499,8,0.16,4,0.8,1.3,1.0,0.4164924184732446,0.4164924184732447,10,0.682424364847197,0.9552167122503908,1471,1416,True,ok
bc330dd9c3e1f1b01da77bddae27b46d527be4483da6954817e855004b3ce641,theiler,T2: 1.00× (nominal),12,14,Awake,24.9893795136852,1499,8,0.16,4,0.8,1.3,1.0,0.4161134254373534,0.4161134254373535,10,0.7090371995018571,0.9555817215484405,1471,1422,True,ok
bc330dd9c3e1f1b01da77bddae27b46d527be4483da6954817e855004b3ce641,theiler,T2: 1.00× (nominal),12,15,Awake,24.9893795136852,1499,8,0.16,4,0.8,1.3,1.0,0.4439314487274261,0.4439314487274261,11,0.706869629661811,0.9363942304194822,1471,1399,True,ok
bc330dd9c3e1f1b01da77bddae27b46d527be4483da6954817e855004b3ce641,theiler,T2: 1.00× (nominal),12,16,Awake,24.9893795136852,1499,8,0.16,4,0.8,1.3,1.0,0.4503446134367458,0.4503446134367458,11,0.6342557890590151,0.9741379324907776,1471,1406,True,ok
bc330dd9c3e1f1b01da77bddae27b46d527be4483da6954817e855004b3ce641,theiler,T2: 1.00× (nominal),12,17,Awake,24.9893795136852,1499,8,0.16,4,0.8,1.3,1.0,0.45695619953261046,0.4569561995326104,11,0.785585385029575,0.9276828934810968,1471,1411,True,ok
bc330dd9c3e1f1b01da77bddae27b46d527be4483da6954817e855004b3ce641,theiler,T2: 1.00× (nominal),12,18,Drowsy,24.9893795136852,1499,8,0.16,4,0.8,1.3,1.0,0.45151085664007795,0.4515108566400778,11,0.5987912095781042,0.8745263024608886,1471,1382,False,low_fit_r2
bc330dd9c3e1f1b01da77bddae27b46d527be4483da6954817e855004b3ce641,theiler,T2: 1.00× (nominal),12,19,Drowsy,24.9893795136852,1499,8,0.16,4,0.8,1.3,1.0,0.44481257059515944,0.4448125705951594,11,0.8177612885615174,0.9802481914439524,1471,1399,True,ok
bc330dd9c3e1f1b01da77bddae27b46d527be4483da6954817e855004b3ce641,theiler,T2: 1.00× (nominal),12,20,Drowsy,24.9893795136852,1499,8,0.16,4,0.8,1.3,1.0,0.46467293909641655,0.4646729390964166,12,0.7945344322580686,0.9252756474733262,1471,1413,True,ok
bc330dd9c3e1f1b01da77bddae27b46d527be4483da6954817e855004b3ce641,theiler,T2: 1.00× (nominal),12,21,Drowsy,24.9893795136852,1499,8,0.16,4,0.8,1.3,1.0,0.48093697143746855,0.4809369714374684,12,0.8517090410997169,0.9683023144616788,1471,1400,True,ok
bc330dd9c3e1f1b01da77bddae27b46d527be4483da6954817e855004b3ce641,theiler,T2: 1.00× (nominal),12,22,Drowsy,24.9893795136852,1499,8,0.16,4,0.8,1.3,1.0,0.4533596431621491,0.4533596431621493,11,0.7802594519923394,0.9882693843853578,1471,1422,True,ok
bc330dd9c3e1f1b01da77bddae27b46d527be4483da6954817e855004b3ce641,theiler,T2: 1.00× (nominal),12,23,Drowsy,24.9893795136852,1499,8,0.16,4,0.8,1.3,1.0,0.4560629604324623,0.4560629604324622,11,0.7355446320733253,0.946898315898429,1471,1413,True,ok
bc330dd9c3e1f1b01da77bddae27b46d527be4483da6954817e855004b3ce641,theiler,T2: 1.00× (nominal),12,24,Drowsy,24.9893795136852,1499,8,0.16,4,0.8,1.3,1.0,0.46214370306319735,0.4621437030631973,12,0.8628155768655709,0.9760241065873472,1471,1433,True,ok
bc330dd9c3e1f1b01da77bddae27b46d527be4483da6954817e855004b3ce641,theiler,T2: 1.00× (nominal),12,25,Drowsy,24.9893795136852,1499,8,0.16,4,0.8,1.3,1.0,0.44458850532849065,0.4445885053284906,11,0.8114723913173945,0.9893201912699776,1471,1427,True,ok
bc330dd9c3e1f1b01da77bddae27b46d527be4483da6954817e855004b3ce641,theiler,T2: 1.00× (nominal),12,26,Drowsy,24.9893795136852,1499,8,0.16,4,0.8,1.3,1.0,0.4149462950816021,0.4149462950816019,10,0.7947016711869541,0.955234938667356,1471,1424,True,ok
bc330dd9c3e1f1b01da77bddae27b46d527be4483da6954817e855004b3ce641,theiler,T2: 1.00× (nominal),12,27,Drowsy,24.9893795136852,1499,8,0.16,4,0.8,1.3,1.0,0.4300157989862965,0.4300157989862965,11,0.6805761309434236,0.907288269277236,1471,1417,True,ok
bc330dd9c3e1f1b01da77bddae27b46d527be4483da6954817e855004b3ce641,theiler,T2: 1.00× (nominal),12,28,Awake,24.9893795136852,1499,8,0.16,4,0.8,1.3,1.0,0.43077722363690873,0.4307772236369087,11,0.7016598741133768,0.93159586426868,1471,1427,True,ok
bc330dd9c3e1f1b01da77bddae27b46d527be4483da6954817e855004b3ce641,theiler,T2: 1.00× (nominal),12,29,Awake,24.9893795136852,1499,8,0.16,4,0.8,1.3,1.0,0.45716332122094877,0.4571633212209487,11,0.8622423871319793,0.9849417239362818,1471,1410,True,ok
bc330dd9c3e1f1b01da77bddae27b46d527be4483da6954817e855004b3ce641,theiler,T2: 1.00× (nominal),12,30,Awake,24.9893795136852,1499,8,0.16,4,0.8,1.3,1.0,0.4114172985951308,0.4114172985951309,10,0.7208779934655547,0.9165736763055508,1471,1415,True,ok
bc330dd9c3e1f1b01da77bddae27b46d527be4483da6954817e855004b3ce641,theiler,T2: 1.00× (nominal),12,31,Awake,24.9893795136852,1499,8,0.16,4,0.8,1.3,1.0,0.42648137737320563,0.4264813773732056,11,0.703060576552287,0.93510448421519,1471,1397,True,ok
bc330dd9c3e1f1b01da77bddae27b46d527be4483da6954817e855004b3ce641,theiler,T2: 1.00× (nominal),12,32,Awake,24.9893795136852,1499,8,0.16,4,0.8,1.3,1.0,0.4592138580992341,0.459213858099234,11,0.8053139807687669,0.986100707188355,1471,1406,True,ok
bc330dd9c3e1f1b01da77bddae27b46d527be4483da6954817e855004b3ce641,theiler,T2: 1.00× (nominal),12,33,Awake,24.9893795136852,1499,8,0.16,4,0.8,1.3,1.0,0.44409761336607445,0.4440976133660745,11,0.8730617231545283,0.9654067933575566,1471,1421,True,ok
bc330dd9c3e1f1b01da77bddae27b46d527be4483da6954817e855004b3ce641,theiler,T2: 1.00× (nominal),12,34,Awake,24.9893795136852,1499,8,0.16,4,0.8,1.3,1.0,0.4616786391691755,0.4616786391691754,12,0.8922306466948356,0.9684608789449124,1471,1400,True,ok
bc330dd9c3e1f1b01da77bddae27b46d527be4483da6954817e855004b3ce641,theiler,T2: 1.00× (nominal),12,35,Drowsy,24.9893795136852,1499,8,0.16,4,0.8,1.3,1.0,0.47611717510806056,0.4761171751080605,12,0.7366182584453257,0.954740699726128,1471,1411,True,ok
bc330dd9c3e1f1b01da77bddae27b46d527be4483da6954817e855004b3ce641,theiler,T2: 1.00× (nominal),12,36,Drowsy,24.9893795136852,1499,8,0.16,4,0.8,1.3,1.0,0.4251356029530083,0.4251356029530083,11,0.7060654267233221,0.9629291367142832,1471,1408,True,ok
bc330dd9c3e1f1b01da77bddae27b46d527be4483da6954817e855004b3ce641,theiler,T2: 1.00× (nominal),12,37,Drowsy,24.9893795136852,1499,8,0.16,4,0.8,1.3,1.0,0.4406473917555267,0.4406473917555268,11,0.7368869323879094,0.955326714008863,1471,1411,True,ok
bc330dd9c3e1f1b01da77bddae27b46d527be4483da6954817e855004b3ce641,theiler,T2: 1.00× (nominal),12,38,Drowsy,24.9893795136852,1499,8,0.16,4,0.8,1.3,1.0,0.4482753991985442,0.4482753991985441,11,0.7728564744125314,0.9469702824423352,1471,1434,True,ok
bc330dd9c3e1f1b01da77bddae27b46d527be4483da6954817e855004b3ce641,theiler,T2: 1.00× (nominal),12,39,Drowsy,24.9893795136852,1499,8,0.16,4,0.8,1.3,1.0,0.45817441503438594,0.4581744150343859,11,0.8896822280696828,0.9755894435428444,1471,1404,True,ok
bc330dd9c3e1f1b01da77bddae27b46d527be4483da6954817e855004b3ce641,theiler,T2: 1.00× (nominal),12,40,Drowsy,24.9893795136852,1499,8,0.16,4,0.8,1.3,1.0,0.4256662977229456,0.4256662977229457,11,0.7576884796660287,0.9246076544617564,1471,1398,True,ok
bc330dd9c3e1f1b01da77bddae27b46d527be4483da6954817e855004b3ce641,theiler,T2: 1.00× (nominal),12,41,Drowsy,24.9893795136852,1499,8,0.16,4,0.8,1.3,1.0,0.4478233349197711,0.4478233349197711,11,0.8309078204515901,0.9340971780013212,1471,1431,True,ok
bc330dd9c3e1f1b01da77bddae27b46d527be4483da6954817e855004b3ce641,theiler,T2: 1.00× (nominal),12,42,Drowsy,24.9893795136852,1499,8,0.16,4,0.8,1.3,1.0,0.45156149933823714,0.4515614993382371,11,0.7942475050466551,0.9468902134634856,1471,1411,True,ok
bc330dd9c3e1f1b01da77bddae27b46d527be4483da6954817e855004b3ce641,theiler,T2: 1.00× (nominal),12,43,Drowsy,24.9893795136852,1499,8,0.16,4,0.8,1.3,1.0,0.46134268501294623,0.4613426850129463,12,0.7557858750906913,0.9554489858406936,1471,1432,True,ok
bc330dd9c3e1f1b01da77bddae27b46d527be4483da6954817e855004b3ce641,theiler,T2: 1.00× (nominal),12,44,Drowsy,24.9893795136852,1499,8,0.16,4,0.8,1.3,1.0,0.4259843297711189,0.425984329771119,11,0.7006705486145773,0.9383642926298308,1471,1428,True,ok
bc330dd9c3e1f1b01da77bddae27b46d527be4483da6954817e855004b3ce641,theiler,T2: 1.00× (nominal),12,45,Drowsy,24.9893795136852,1499,8,0.16,4,0.8,1.3,1.0,0.45910729565106645,0.4591072956510664,11,0.8358902840413692,0.975815333576661,1471,1411,True,ok
bc330dd9c3e1f1b01da77bddae27b46d527be4483da6954817e855004b3ce641,theiler,T2: 1.00× (nominal),12,46,Drowsy,24.9893795136852,1499,8,0.16,4,0.8,1.3,1.0,0.45395974461444355,0.4539597446144435,11,0.8270697087048305,0.9514555041983432,1471,1424,True,ok
bc330dd9c3e1f1b01da77bddae27b46d527be4483da6954817e855004b3ce641,theiler,T2: 1.00× (nominal),12,47,Drowsy,24.9893795136852,1499,8,0.16,4,0.8,1.3,1.0,0.45911731113694093,0.4591173111369409,11,0.8852471770941952,0.9862270460530712,1471,1398,True,ok
bc330dd9c3e1f1b01da77bddae27b46d527be4483da6954817e855004b3ce641,theiler,T2: 1.00× (nominal),12,48,Drowsy,24.9893795136852,1499,8,0.16,4,0.8,1.3,1.0,0.4527586359618283,0.4527586359618283,11,0.7753773232843278,0.9290265983814746,1471,1412,True,ok
bc330dd9c3e1f1b01da77bddae27b46d527be4483da6954817e855004b3ce641,theiler,T2: 1.00× (nominal),12,49,Drowsy,24.9893795136852,1499,8,0.16,4,0.8,1.3,1.0,0.435520103739184,0.435520103739184,11,0.8588747870176797,0.9694273460686232,1471,1420,True,ok
bc330dd9c3e1f1b01da77bddae27b46d527be4483da6954817e855004b3ce641,theiler,T2: 1.00× (nominal),12,50,Drowsy,24.9893795136852,1499,8,0.16,4,0.8,1.3,1.0,0.44578593524274707,0.445785935242747,11,0.7536498417148243,0.90708555425153,1471,1409,True,ok
bc330dd9c3e1f1b01da77bddae27b46d527be4483da6954817e855004b3ce641,theiler,T2: 1.00× (nominal),12,51,Drowsy,24.9893795136852,1499,8,0.16,4,0.8,1.3,1.0,0.4234480090828607,0.4234480090828607,11,0.7236559457184459,0.9413199539516212,1471,1422,True,ok
bc330dd9c3e1f1b01da77bddae27b46d527be4483da6954817e855004b3ce641,theiler,T2: 1.00× (nominal),12,52,Drowsy,24.9893795136852,1499,8,0.16,4,0.8,1.3,1.0,0.44958325558521184,0.4495832555852118,11,0.6862554570331608,0.9765642446437064,1471,1411,True,ok
bc330dd9c3e1f1b01da77bddae27b46d527be4483da6954817e855004b3ce641,theiler,T2: 1.00× (nominal),12,53,Drowsy,24.9893795136852,1499,8,0.16,4,0.8,1.3,1.0,0.40763574161450766,0.4076357416145077,10,0.695251254040596,0.94749747881396,1471,1432,True,ok
bc330dd9c3e1f1b01da77bddae27b46d527be4483da6954817e855004b3ce641,theiler,T2: 1.00× (nominal),12,54,Drowsy,24.9893795136852,1499,8,0.16,4,0.8,1.3,1.0,0.42329170900599,0.42329170900599,11,0.6671974924665295,0.936582277464066,1471,1407,True,ok
bc330dd9c3e1f1b01da77bddae27b46d527be4483da6954817e855004b3ce641,theiler,T2: 1.00× (nominal),12,55,Drowsy,24.9893795136852,1499,8,0.16,4,0.8,1.3,1.0,0.4515470271202365,0.4515470271202365,11,0.7178409232544756,0.9269367774697196,1471,1419,True,ok
bc330dd9c3e1f1b01da77bddae27b46d527be4483da6954817e855004b3ce641,theiler,T2: 1.00× (nominal),12,56,Drowsy,24.9893795136852,1499,8,0.16,4,0.8,1.3,1.0,0.4658034915300379,0.4658034915300379,12,0.7447252677122208,0.962842279961995,1471,1411,True,ok
bc330dd9c3e1f1b01da77bddae27b46d527be4483da6954817e855004b3ce641,theiler,T2: 1.00× (nominal),13,1,Awake,25.000378130691093,1500,8,0.16,4,0.8,1.3,1.0,0.59819369766977,0.59819369766977,15,0.7425877282084448,0.9784028726330154,1472,1397,True,ok
bc330dd9c3e1f1b01da77bddae27b46d527be4483da6954817e855004b3ce641,theiler,T2: 1.00× (nominal),13,2,Awake,25.000378130691093,1500,8,0.16,4,0.8,1.3,1.0,0.6150536040876103,0.6150536040876103,15,0.7767848344698872,0.9811286054668124,1472,1379,True,ok
bc330dd9c3e1f1b01da77bddae27b46d527be4483da6954817e855004b3ce641,theiler,T2: 1.00× (nominal),13,3,Awake,25.000378130691093,1500,8,0.16,4,0.8,1.3,1.0,0.6436249973123648,0.6436249973123648,16,0.7898160304840502,0.9668598551454471,1472,1425,True,ok
bc330dd9c3e1f1b01da77bddae27b46d527be4483da6954817e855004b3ce641,theiler,T2: 1.00× (nominal),13,4,Awake,25.000378130691093,1500,8,0.16,4,0.8,1.3,1.0,0.5946242654651988,0.5946242654651986,15,0.8433119894123979,0.9383073316991822,1472,1413,True,ok
bc330dd9c3e1f1b01da77bddae27b46d527be4483da6954817e855004b3ce641,theiler,T2: 1.00× (nominal),13,5,Awake,25.000378130691093,1500,8,0.16,4,0.8,1.3,1.0,0.5690456636887313,0.5690456636887314,14,0.7910090075776367,0.97064142996728,1472,1432,True,ok
bc330dd9c3e1f1b01da77bddae27b46d527be4483da6954817e855004b3ce641,theiler,T2: 1.00× (nominal),13,6,Awake,25.000378130691093,1500,8,0.16,4,0.8,1.3,1.0,0.5928339260787977,0.5928339260787977,15,0.713195161463106,0.9917076421328582,1472,1414,True,ok
bc330dd9c3e1f1b01da77bddae27b46d527be4483da6954817e855004b3ce641,theiler,T2: 1.00× (nominal),13,7,Drowsy,25.000378130691093,1500,8,0.16,4,0.8,1.3,1.0,0.5230632846146296,0.5230632846146296,13,0.847238245792004,0.9681701460268656,1472,1408,True,ok
bc330dd9c3e1f1b01da77bddae27b46d527be4483da6954817e855004b3ce641,theiler,T2: 1.00× (nominal),13,8,Drowsy,25.000378130691093,1500,8,0.16,4,0.8,1.3,1.0,0.5400214843632081,0.5400214843632081,14,0.8985986312762504,0.9968287419242932,1472,1390,True,ok
bc330dd9c3e1f1b01da77bddae27b46d527be4483da6954817e855004b3ce641,theiler,T2: 1.00× (nominal),13,9,Drowsy,25.000378130691093,1500,8,0.16,4,0.8,1.3,1.0,0.5277387428361067,0.5277387428361067,13,0.7190939648612091,0.9683776667267668,1472,1407,True,ok
bc330dd9c3e1f1b01da77bddae27b46d527be4483da6954817e855004b3ce641,theiler,T2: 1.00× (nominal),13,10,Drowsy,25.000378130691093,1500,8,0.16,4,0.8,1.3,1.0,0.5319571026046918,0.5319571026046916,13,0.7903371207029642,0.98896910679186,1472,1429,True,ok
bc330dd9c3e1f1b01da77bddae27b46d527be4483da6954817e855004b3ce641,theiler,T2: 1.00× (nominal),13,11,Drowsy,25.000378130691093,1500,8,0.16,4,0.8,1.3,1.0,0.5406068958600774,0.5406068958600774,14,0.8013719011798515,0.9896118169496176,1472,1412,True,ok
bc330dd9c3e1f1b01da77bddae27b46d527be4483da6954817e855004b3ce641,theiler,T2: 1.00× (nominal),13,12,Drowsy,25.000378130691093,1500,8,0.16,4,0.8,1.3,1.0,0.540289031761575,0.540289031761575,14,0.8497068785233873,0.9893922391137164,1472,1391,True,ok
bc330dd9c3e1f1b01da77bddae27b46d527be4483da6954817e855004b3ce641,theiler,T2: 1.00× (nominal),13,13,Drowsy,25.000378130691093,1500,8,0.16,4,0.8,1.3,1.0,0.5424342776303024,0.5424342776303024,14,0.7518249467879302,0.9865563861054024,1472,1424,True,ok
bc330dd9c3e1f1b01da77bddae27b46d527be4483da6954817e855004b3ce641,theiler,T2: 1.00× (nominal),13,14,Drowsy,25.000378130691093,1500,8,0.16,4,0.8,1.3,1.0,0.5085208752141623,0.5085208752141624,13,0.7364807766926342,0.9861230286798576,1472,1409,True,ok
bc330dd9c3e1f1b01da77bddae27b46d527be4483da6954817e855004b3ce641,theiler,T2: 1.00× (nominal),13,15,Drowsy,25.000378130691093,1500,8,0.16,4,0.8,1.3,1.0,0.5371502637432315,0.5371502637432315,13,0.7656521473144953,0.9851038045038958,1472,1417,True,ok
bc330dd9c3e1f1b01da77bddae27b46d527be4483da6954817e855004b3ce641,theiler,T2: 1.00× (nominal),13,16,Drowsy,25.000378130691093,1500,8,0.16,4,0.8,1.3,1.0,0.5469935752579377,0.5469935752579377,14,0.7940652369362599,0.9802453038652408,1472,1421,True,ok
bc330dd9c3e1f1b01da77bddae27b46d527be4483da6954817e855004b3ce641,theiler,T2: 1.00× (nominal),13,17,Drowsy,25.000378130691093,1500,8,0.16,4,0.8,1.3,1.0,0.5574678350754876,0.5574678350754876,14,0.8656294333869131,0.9949696156355012,1472,1417,True,ok
bc330dd9c3e1f1b01da77bddae27b46d527be4483da6954817e855004b3ce641,theiler,T2: 1.00× (nominal),13,18,Drowsy,25.000378130691093,1500,8,0.16,4,0.8,1.3,1.0,0.5836294471676303,0.5836294471676303,15,0.9446015651041296,0.9911831570763386,1472,1409,True,ok
bc330dd9c3e1f1b01da77bddae27b46d527be4483da6954817e855004b3ce641,theiler,T2: 1.00× (nominal),13,19,Drowsy,25.000378130691093,1500,8,0.16,4,0.8,1.3,1.0,0.5350897459801763,0.5350897459801763,13,0.7281229526056674,0.9922678723252186,1472,1407,True,ok
bc330dd9c3e1f1b01da77bddae27b46d527be4483da6954817e855004b3ce641,theiler,T2: 1.00× (nominal),13,20,Drowsy,25.000378130691093,1500,8,0.16,4,0.8,1.3,1.0,0.4904269401694493,0.4904269401694493,12,0.7845329613630232,0.923993971042149,1472,1436,True,ok
bc330dd9c3e1f1b01da77bddae27b46d527be4483da6954817e855004b3ce641,theiler,T2: 1.00× (nominal),13,21,Awake,25.000378130691093,1500,8,0.16,4,0.8,1.3,1.0,0.48541454779860455,0.4854145477986044,12,0.8225397415957921,0.991419584758464,1472,1387,True,ok
bc330dd9c3e1f1b01da77bddae27b46d527be4483da6954817e855004b3ce641,theiler,T2: 1.00× (nominal),13,22,Awake,25.000378130691093,1500,8,0.16,4,0.8,1.3,1.0,0.5825236337561902,0.5825236337561902,15,0.8666180616792257,0.9924620296234856,1472,1438,True,ok
bc330dd9c3e1f1b01da77bddae27b46d527be4483da6954817e855004b3ce641,theiler,T2: 1.00× (nominal),13,23,Awake,25.000378130691093,1500,8,0.16,4,0.8,1.3,1.0,0.6193333814604608,0.619333381460461,15,0.7714133268897608,0.983501597879084,1472,1425,True,ok
bc330dd9c3e1f1b01da77bddae27b46d527be4483da6954817e855004b3ce641,theiler,T2: 1.00× (nominal),13,24,Awake,25.000378130691093,1500,8,0.16,4,0.8,1.3,1.0,0.5556512439333807,0.5556512439333807,14,0.783438033774116,0.9708659925996044,1472,1422,True,ok
bc330dd9c3e1f1b01da77bddae27b46d527be4483da6954817e855004b3ce641,theiler,T2: 1.00× (nominal),13,25,Awake,25.000378130691093,1500,8,0.16,4,0.8,1.3,1.0,0.5749450036926245,0.5749450036926245,14,0.8862046408464194,0.9926263481410378,1472,1398,True,ok
bc330dd9c3e1f1b01da77bddae27b46d527be4483da6954817e855004b3ce641,theiler,T2: 1.00× (nominal),13,26,Awake,25.000378130691093,1500,8,0.16,4,0.8,1.3,1.0,0.5914760948435324,0.5914760948435325,15,0.7741567378810754,0.9865349671758866,1472,1417,True,ok
bc330dd9c3e1f1b01da77bddae27b46d527be4483da6954817e855004b3ce641,theiler,T2: 1.00× (nominal),13,27,Awake,25.000378130691093,1500,8,0.16,4,0.8,1.3,1.0,0.5790475539557071,0.579047553955707,14,0.940872528069808,0.9876459611586796,1472,1408,True,ok
bc330dd9c3e1f1b01da77bddae27b46d527be4483da6954817e855004b3ce641,theiler,T2: 1.00× (nominal),13,28,Awake,25.000378130691093,1500,8,0.16,4,0.8,1.3,1.0,0.5294043361059331,0.5294043361059333,13,0.7990942537592983,0.9700045729580762,1472,1407,True,ok
bc330dd9c3e1f1b01da77bddae27b46d527be4483da6954817e855004b3ce641,theiler,T2: 1.00× (nominal),13,29,Awake,25.000378130691093,1500,8,0.16,4,0.8,1.3,1.0,0.5499669779280494,0.5499669779280494,14,0.6868050124681558,0.9592569068866422,1472,1411,True,ok
bc330dd9c3e1f1b01da77bddae27b46d527be4483da6954817e855004b3ce641,theiler,T2: 1.00× (nominal),13,30,Awake,25.000378130691093,1500,8,0.16,4,0.8,1.3,1.0,0.5747006765188175,0.5747006765188175,14,0.800388304123319,0.9864393317474895,1472,1440,True,ok
bc330dd9c3e1f1b01da77bddae27b46d527be4483da6954817e855004b3ce641,theiler,T2: 1.00× (nominal),13,31,Awake,25.000378130691093,1500,8,0.16,4,0.8,1.3,1.0,0.5484367538992563,0.5484367538992563,14,0.7427703224610696,0.9834264414100292,1472,1429,True,ok
bc330dd9c3e1f1b01da77bddae27b46d527be4483da6954817e855004b3ce641,theiler,T2: 1.00× (nominal),13,32,Awake,25.000378130691093,1500,8,0.16,4,0.8,1.3,1.0,0.5454280212736271,0.545428021273627,14,0.7789566862402272,0.962029410542678,1472,1418,True,ok
bc330dd9c3e1f1b01da77bddae27b46d527be4483da6954817e855004b3ce641,theiler,T2: 1.00× (nominal),13,33,Awake,25.000378130691093,1500,8,0.16,4,0.8,1.3,1.0,0.5407684753117266,0.5407684753117266,14,0.7405641541520178,0.9724790152605358,1472,1412,True,ok
bc330dd9c3e1f1b01da77bddae27b46d527be4483da6954817e855004b3ce641,theiler,T2: 1.00× (nominal),13,34,Awake,25.000378130691093,1500,8,0.16,4,0.8,1.3,1.0,0.5571241327205717,0.5571241327205718,14,0.7932430835705985,0.961899797779386,1472,1390,True,ok
bc330dd9c3e1f1b01da77bddae27b46d527be4483da6954817e855004b3ce641,theiler,T2: 1.00× (nominal),13,35,Awake,25.000378130691093,1500,8,0.16,4,0.8,1.3,1.0,0.5960647195255685,0.5960647195255685,15,0.9501967726333788,0.9847307824618928,1472,1396,True,ok
bc330dd9c3e1f1b01da77bddae27b46d527be4483da6954817e855004b3ce641,theiler,T2: 1.00× (nominal),13,36,Awake,25.000378130691093,1500,8,0.16,4,0.8,1.3,1.0,0.5601274647507425,0.5601274647507425,14,0.721734965355792,0.9774327251692186,1472,1403,True,ok
bc330dd9c3e1f1b01da77bddae27b46d527be4483da6954817e855004b3ce641,theiler,T2: 1.00× (nominal),13,37,Awake,25.000378130691093,1500,8,0.16,4,0.8,1.3,1.0,0.5870115287545947,0.5870115287545946,15,0.9320186718381738,0.9969547105997294,1472,1425,True,ok
bc330dd9c3e1f1b01da77bddae27b46d527be4483da6954817e855004b3ce641,theiler,T2: 1.00× (nominal),13,38,Awake,25.000378130691093,1500,8,0.16,4,0.8,1.3,1.0,0.5879004048063811,0.5879004048063811,15,0.7414727434308511,0.9565392915393878,1472,1414,True,ok
bc330dd9c3e1f1b01da77bddae27b46d527be4483da6954817e855004b3ce641,theiler,T2: 1.00× (nominal),13,39,Awake,25.000378130691093,1500,8,0.16,4,0.8,1.3,1.0,0.575929335927398,0.5759293359273981,14,0.6957370679439622,0.9453341238558552,1472,1417,True,ok
bc330dd9c3e1f1b01da77bddae27b46d527be4483da6954817e855004b3ce641,theiler,T2: 1.00× (nominal),13,40,Drowsy,25.000378130691093,1500,8,0.16,4,0.8,1.3,1.0,0.5985337660202819,0.5985337660202816,15,0.9678527627479292,0.968813965465872,1472,1418,True,ok
bc330dd9c3e1f1b01da77bddae27b46d527be4483da6954817e855004b3ce641,theiler,T2: 1.00× (nominal),13,41,Drowsy,25.000378130691093,1500,8,0.16,4,0.8,1.3,1.0,0.5948576497347006,0.5948576497347007,15,0.8832389898468068,0.9850210580558412,1472,1399,True,ok
bc330dd9c3e1f1b01da77bddae27b46d527be4483da6954817e855004b3ce641,theiler,T2: 1.00× (nominal),13,42,Drowsy,25.000378130691093,1500,8,0.16,4,0.8,1.3,1.0,0.5441911657030435,0.5441911657030434,14,0.8731825166576032,0.9818157358564304,1472,1401,True,ok
bc330dd9c3e1f1b01da77bddae27b46d527be4483da6954817e855004b3ce641,theiler,T2: 1.00× (nominal),13,43,Drowsy,25.000378130691093,1500,8,0.16,4,0.8,1.3,1.0,0.5561211186626503,0.5561211186626505,14,0.8750793206387263,0.9894484593909876,1472,1418,True,ok
bc330dd9c3e1f1b01da77bddae27b46d527be4483da6954817e855004b3ce641,theiler,T2: 1.00× (nominal),13,44,Drowsy,25.000378130691093,1500,8,0.16,4,0.8,1.3,1.0,0.5071338713625785,0.5071338713625785,13,0.7576068098295708,0.9609740544252804,1472,1427,True,ok
bc330dd9c3e1f1b01da77bddae27b46d527be4483da6954817e855004b3ce641,theiler,T2: 1.00× (nominal),13,45,Drowsy,25.000378130691093,1500,8,0.16,4,0.8,1.3,1.0,0.5817747494969319,0.5817747494969318,15,0.8820759982778618,0.99419664049331,1472,1426,True,ok
bc330dd9c3e1f1b01da77bddae27b46d527be4483da6954817e855004b3ce641,theiler,T2: 1.00× (nominal),13,46,Drowsy,25.000378130691093,1500,8,0.16,4,0.8,1.3,1.0,0.5179024239597575,0.5179024239597575,13,0.7668761259032951,0.9541466561047308,1472,1413,True,ok
bc330dd9c3e1f1b01da77bddae27b46d527be4483da6954817e855004b3ce641,theiler,T2: 1.00× (nominal),13,47,Drowsy,25.000378130691093,1500,8,0.16,4,0.8,1.3,1.0,0.48560828803791783,0.4856082880379178,12,0.8029733650544364,0.9954906559275652,1472,1389,True,ok
bc330dd9c3e1f1b01da77bddae27b46d527be4483da6954817e855004b3ce641,theiler,T2: 1.00× (nominal),13,48,Drowsy,25.000378130691093,1500,8,0.16,4,0.8,1.3,1.0,0.5290327086210267,0.5290327086210268,13,0.8137374786667326,0.9915447209914566,1472,1402,True,ok
bc330dd9c3e1f1b01da77bddae27b46d527be4483da6954817e855004b3ce641,theiler,T2: 1.00× (nominal),14,1,Awake,24.993626625203223,1500,8,0.16,4,0.8,1.3,1.0,0.5190583970300346,0.5190583970300346,13,0.8183016253206283,0.9868279181506489,1472,1427,True,ok
bc330dd9c3e1f1b01da77bddae27b46d527be4483da6954817e855004b3ce641,theiler,T2: 1.00× (nominal),14,2,Awake,24.993626625203223,1500,8,0.16,4,0.8,1.3,1.0,0.5030553480767869,0.503055348076787,13,0.76141456241328,0.986535644928906,1472,1404,True,ok
bc330dd9c3e1f1b01da77bddae27b46d527be4483da6954817e855004b3ce641,theiler,T2: 1.00× (nominal),14,3,Awake,24.993626625203223,1500,8,0.16,4,0.8,1.3,1.0,0.5033144890149802,0.5033144890149802,13,0.8763629919175381,0.9867666723690918,1472,1411,True,ok
bc330dd9c3e1f1b01da77bddae27b46d527be4483da6954817e855004b3ce641,theiler,T2: 1.00× (nominal),14,4,Awake,24.993626625203223,1500,8,0.16,4,0.8,1.3,1.0,0.5110113838063052,0.5110113838063053,13,0.8099462860279728,0.9735337626754794,1472,1398,True,ok
bc330dd9c3e1f1b01da77bddae27b46d527be4483da6954817e855004b3ce641,theiler,T2: 1.00× (nominal),14,5,Awake,24.993626625203223,1500,8,0.16,4,0.8,1.3,1.0,0.5318536804390764,0.5318536804390763,13,0.8203064017579859,0.9958065532779448,1472,1394,True,ok
bc330dd9c3e1f1b01da77bddae27b46d527be4483da6954817e855004b3ce641,theiler,T2: 1.00× (nominal),14,6,Awake,24.993626625203223,1500,8,0.16,4,0.8,1.3,1.0,0.5043848229950587,0.5043848229950587,13,0.7937095524949519,0.9848033457136348,1472,1431,True,ok
bc330dd9c3e1f1b01da77bddae27b46d527be4483da6954817e855004b3ce641,theiler,T2: 1.00× (nominal),14,7,Awake,24.993626625203223,1500,8,0.16,4,0.8,1.3,1.0,0.48506147346351686,0.4850614734635169,12,0.7173485168559419,0.9595759897181646,1472,1420,True,ok
bc330dd9c3e1f1b01da77bddae27b46d527be4483da6954817e855004b3ce641,theiler,T2: 1.00× (nominal),14,8,Awake,24.993626625203223,1500,8,0.16,4,0.8,1.3,1.0,0.4747636213807826,0.4747636213807826,12,0.8132032546821347,0.9515444591879436,1472,1405,True,ok
bc330dd9c3e1f1b01da77bddae27b46d527be4483da6954817e855004b3ce641,theiler,T2: 1.00× (nominal),14,9,Awake,24.993626625203223,1500,8,0.16,4,0.8,1.3,1.0,0.5274987821307348,0.5274987821307348,13,0.8679293650008844,0.9822315476573504,1472,1425,True,ok
bc330dd9c3e1f1b01da77bddae27b46d527be4483da6954817e855004b3ce641,theiler,T2: 1.00× (nominal),14,10,Drowsy,24.993626625203223,1500,8,0.16,4,0.8,1.3,1.0,0.4436732540351292,0.4436732540351292,11,0.7005976412636388,0.8928293999582984,1472,1422,False,low_fit_r2
bc330dd9c3e1f1b01da77bddae27b46d527be4483da6954817e855004b3ce641,theiler,T2: 1.00× (nominal),14,11,Drowsy,24.993626625203223,1500,8,0.16,4,0.8,1.3,1.0,0.4707960838359045,0.4707960838359044,12,0.8176009381977446,0.9450989293387084,1472,1419,True,ok
bc330dd9c3e1f1b01da77bddae27b46d527be4483da6954817e855004b3ce641,theiler,T2: 1.00× (nominal),14,12,Drowsy,24.993626625203223,1500,8,0.16,4,0.8,1.3,1.0,0.42873762008775745,0.4287376200877574,11,0.7337021860291999,0.9647674737202598,1472,1412,True,ok
bc330dd9c3e1f1b01da77bddae27b46d527be4483da6954817e855004b3ce641,theiler,T2: 1.00× (nominal),14,13,Awake,24.993626625203223,1500,8,0.16,4,0.8,1.3,1.0,0.42573804908831914,0.4257380490883191,11,0.7052794440307995,0.8636793124995582,1472,1388,False,low_fit_r2
bc330dd9c3e1f1b01da77bddae27b46d527be4483da6954817e855004b3ce641,theiler,T2: 1.00× (nominal),14,14,Awake,24.993626625203223,1500,8,0.16,4,0.8,1.3,1.0,0.43058727627133964,0.4305872762713396,11,0.6850277566387835,0.8703536943757985,1472,1427,False,low_fit_r2
bc330dd9c3e1f1b01da77bddae27b46d527be4483da6954817e855004b3ce641,theiler,T2: 1.00× (nominal),14,15,Awake,24.993626625203223,1500,8,0.16,4,0.8,1.3,1.0,0.4559994449409884,0.4559994449409884,11,0.8499959277216522,0.9629623594079474,1472,1399,True,ok
bc330dd9c3e1f1b01da77bddae27b46d527be4483da6954817e855004b3ce641,theiler,T2: 1.00× (nominal),14,16,Awake,24.993626625203223,1500,8,0.16,4,0.8,1.3,1.0,0.46067255087049375,0.4606725508704937,12,0.8212666101233617,0.9453109701452728,1472,1417,True,ok
bc330dd9c3e1f1b01da77bddae27b46d527be4483da6954817e855004b3ce641,theiler,T2: 1.00× (nominal),14,17,Awake,24.993626625203223,1500,8,0.16,4,0.8,1.3,1.0,0.4429846010438137,0.4429846010438137,11,0.7668868069622119,0.9727281526012976,1472,1424,True,ok
bc330dd9c3e1f1b01da77bddae27b46d527be4483da6954817e855004b3ce641,theiler,T2: 1.00× (nominal),14,18,Awake,24.993626625203223,1500,8,0.16,4,0.8,1.3,1.0,0.47633996294030767,0.4763399629403076,12,0.8908528798993586,0.9800271906774012,1472,1435,True,ok
bc330dd9c3e1f1b01da77bddae27b46d527be4483da6954817e855004b3ce641,theiler,T2: 1.00× (nominal),14,19,Awake,24.993626625203223,1500,8,0.16,4,0.8,1.3,1.0,0.44613281805938726,0.4461328180593872,11,0.7618800923976807,0.9593372789059804,1472,1400,True,ok
bc330dd9c3e1f1b01da77bddae27b46d527be4483da6954817e855004b3ce641,theiler,T2: 1.00× (nominal),14,20,Awake,24.993626625203223,1500,8,0.16,4,0.8,1.3,1.0,0.4209170730273449,0.4209170730273449,11,0.6682413282111013,0.8200339813839614,1472,1408,False,low_fit_r2
bc330dd9c3e1f1b01da77bddae27b46d527be4483da6954817e855004b3ce641,theiler,T2: 1.00× (nominal),14,21,Awake,24.993626625203223,1500,8,0.16,4,0.8,1.3,1.0,0.47767026187656547,0.4776702618765653,12,0.8541185585221177,0.9610528805444712,1472,1392,True,ok
bc330dd9c3e1f1b01da77bddae27b46d527be4483da6954817e855004b3ce641,theiler,T2: 1.00× (nominal),14,22,Awake,24.993626625203223,1500,8,0.16,4,0.8,1.3,1.0,0.4636979176496766,0.4636979176496766,12,0.8143645596784176,0.9698454378134196,1472,1395,True,ok
bc330dd9c3e1f1b01da77bddae27b46d527be4483da6954817e855004b3ce641,theiler,T2: 1.00× (nominal),14,23,Drowsy,24.993626625203223,1500,8,0.16,4,0.8,1.3,1.0,0.408537121164204,0.408537121164204,10,0.6595755172448253,0.9581258078780804,1472,1419,True,ok
bc330dd9c3e1f1b01da77bddae27b46d527be4483da6954817e855004b3ce641,theiler,T2: 1.00× (nominal),14,24,Drowsy,24.993626625203223,1500,8,0.16,4,0.8,1.3,1.0,0.4027679059183564,0.4027679059183564,10,0.7556441380561106,0.9812638050547104,1472,1409,True,ok
bc330dd9c3e1f1b01da77bddae27b46d527be4483da6954817e855004b3ce641,theiler,T2: 1.00× (nominal),14,25,Drowsy,24.993626625203223,1500,8,0.16,4,0.8,1.3,1.0,0.4191771306944833,0.4191771306944834,10,0.6836484650162352,0.8858677756021174,1472,1423,False,low_fit_r2
bc330dd9c3e1f1b01da77bddae27b46d527be4483da6954817e855004b3ce641,theiler,T2: 1.00× (nominal),14,26,Drowsy,24.993626625203223,1500,8,0.16,4,0.8,1.3,1.0,0.4318504416910995,0.4318504416910995,11,0.8461961895268127,0.9428116850710944,1472,1423,True,ok
bc330dd9c3e1f1b01da77bddae27b46d527be4483da6954817e855004b3ce641,theiler,T2: 1.00× (nominal),14,27,Drowsy,24.993626625203223,1500,8,0.16,4,0.8,1.3,1.0,0.40853805304286767,0.4085380530428676,10,0.6728966695053529,0.9485778635985084,1472,1431,True,ok
bc330dd9c3e1f1b01da77bddae27b46d527be4483da6954817e855004b3ce641,theiler,T2: 1.00× (nominal),14,28,Drowsy,24.993626625203223,1500,8,0.16,4,0.8,1.3,1.0,0.37701648816186983,0.3770164881618698,9,0.6845812946119213,0.9757515483016884,1472,1421,True,ok
bc330dd9c3e1f1b01da77bddae27b46d527be4483da6954817e855004b3ce641,theiler,T2: 1.00× (nominal),14,29,Awake,24.993626625203223,1500,8,0.16,4,0.8,1.3,1.0,0.3667797622888719,0.3667797622888719,9,0.649412504315567,0.9836249567949472,1472,1408,True,ok
bc330dd9c3e1f1b01da77bddae27b46d527be4483da6954817e855004b3ce641,theiler,T2: 1.00× (nominal),14,30,Awake,24.993626625203223,1500,8,0.16,4,0.8,1.3,1.0,0.4267622974674709,0.4267622974674709,11,0.7715170100366288,0.8957307787705752,1472,1422,False,low_fit_r2
bc330dd9c3e1f1b01da77bddae27b46d527be4483da6954817e855004b3ce641,theiler,T2: 1.00× (nominal),14,31,Awake,24.993626625203223,1500,8,0.16,4,0.8,1.3,1.0,0.4505135733469086,0.4505135733469086,11,0.7079799174922062,0.8506347874636947,1472,1434,False,low_fit_r2
bc330dd9c3e1f1b01da77bddae27b46d527be4483da6954817e855004b3ce641,theiler,T2: 1.00× (nominal),14,32,Awake,24.993626625203223,1500,8,0.16,4,0.8,1.3,1.0,0.444648014431053,0.444648014431053,11,0.8325848499808449,0.939947777855154,1472,1403,True,ok
bc330dd9c3e1f1b01da77bddae27b46d527be4483da6954817e855004b3ce641,theiler,T2: 1.00× (nominal),14,33,Awake,24.993626625203223,1500,8,0.16,4,0.8,1.3,1.0,0.47680396074213144,0.4768039607421314,12,0.7554876997734861,0.9809251250916938,1472,1419,True,ok
bc330dd9c3e1f1b01da77bddae27b46d527be4483da6954817e855004b3ce641,theiler,T2: 1.00× (nominal),14,34,Awake,24.993626625203223,1500,8,0.16,4,0.8,1.3,1.0,0.4650712054463874,0.4650712054463873,12,0.6942731411210443,0.9667485895011072,1472,1398,True,ok
bc330dd9c3e1f1b01da77bddae27b46d527be4483da6954817e855004b3ce641,theiler,T2: 1.00× (nominal),14,36,Awake,24.993626625203223,1500,8,0.16,4,0.8,1.3,1.0,0.453750381686049,0.4537503816860491,11,0.7574088623606013,0.9586014996484528,1472,1397,True,ok
bc330dd9c3e1f1b01da77bddae27b46d527be4483da6954817e855004b3ce641,theiler,T2: 1.00× (nominal),14,37,Awake,24.993626625203223,1500,8,0.16,4,0.8,1.3,1.0,0.44584293811189013,0.4458429381118901,11,0.8173557078696609,0.9608744800771252,1472,1408,True,ok
bc330dd9c3e1f1b01da77bddae27b46d527be4483da6954817e855004b3ce641,theiler,T2: 1.00× (nominal),14,38,Awake,24.993626625203223,1500,8,0.16,4,0.8,1.3,1.0,0.49226151495600035,0.4922615149560004,12,0.7585436924955693,0.9666983894989648,1472,1421,True,ok
bc330dd9c3e1f1b01da77bddae27b46d527be4483da6954817e855004b3ce641,theiler,T2: 1.00× (nominal),14,39,Awake,24.993626625203223,1500,8,0.16,4,0.8,1.3,1.0,0.4771559562558132,0.4771559562558132,12,0.7858345799542501,0.9621073990166582,1472,1404,True,ok
bc330dd9c3e1f1b01da77bddae27b46d527be4483da6954817e855004b3ce641,theiler,T2: 1.00× (nominal),14,40,Awake,24.993626625203223,1500,8,0.16,4,0.8,1.3,1.0,0.5034800456160187,0.5034800456160187,13,0.675826643333424,0.9862085034074568,1472,1410,True,ok
bc330dd9c3e1f1b01da77bddae27b46d527be4483da6954817e855004b3ce641,theiler,T2: 1.00× (nominal),14,42,Awake,24.993626625203223,1500,8,0.16,4,0.8,1.3,1.0,0.4868319323757206,0.4868319323757206,12,0.7620319586097978,0.963747893583986,1472,1395,True,ok
bc330dd9c3e1f1b01da77bddae27b46d527be4483da6954817e855004b3ce641,theiler,T2: 1.00× (nominal),14,43,Drowsy,24.993626625203223,1500,8,0.16,4,0.8,1.3,1.0,0.42127711711961047,0.4212771171196104,11,0.7063488289480265,0.9576329860445628,1472,1427,True,ok
bc330dd9c3e1f1b01da77bddae27b46d527be4483da6954817e855004b3ce641,theiler,T2: 1.00× (nominal),14,44,Drowsy,24.993626625203223,1500,8,0.16,4,0.8,1.3,1.0,0.41492774956201856,0.4149277495620185,10,0.7251250657189693,0.8690163335741988,1472,1386,False,low_fit_r2
bc330dd9c3e1f1b01da77bddae27b46d527be4483da6954817e855004b3ce641,theiler,T2: 1.00× (nominal),14,45,Drowsy,24.993626625203223,1500,8,0.16,4,0.8,1.3,1.0,0.4625520679064465,0.4625520679064465,12,0.7138236698475798,0.9658946668796332,1472,1430,True,ok
bc330dd9c3e1f1b01da77bddae27b46d527be4483da6954817e855004b3ce641,theiler,T2: 1.00× (nominal),14,47,Drowsy,24.993626625203223,1500,8,0.16,4,0.8,1.3,1.0,0.4437669107701327,0.4437669107701328,11,0.6994616937572757,0.9180991995625416,1472,1420,True,ok
bc330dd9c3e1f1b01da77bddae27b46d527be4483da6954817e855004b3ce641,theiler,T2: 1.00× (nominal),14,48,Drowsy,24.993626625203223,1500,8,0.16,4,0.8,1.3,1.0,0.435189700263591,0.435189700263591,11,0.7675379772069073,0.9340793701812102,1472,1415,True,ok
bc330dd9c3e1f1b01da77bddae27b46d527be4483da6954817e855004b3ce641,theiler,T2: 1.00× (nominal),14,49,Drowsy,24.993626625203223,1500,8,0.16,4,0.8,1.3,1.0,0.40226216279168076,0.4022621627916807,10,0.7063707198876318,0.919305713982242,1472,1410,True,ok
bc330dd9c3e1f1b01da77bddae27b46d527be4483da6954817e855004b3ce641,theiler,T2: 1.00× (nominal),14,50,Drowsy,24.993626625203223,1500,8,0.16,4,0.8,1.3,1.0,0.4648030411865369,0.4648030411865369,12,0.7689345773287126,0.966512905336318,1472,1422,True,ok
bc330dd9c3e1f1b01da77bddae27b46d527be4483da6954817e855004b3ce641,theiler,T2: 1.00× (nominal),14,52,Drowsy,24.993626625203223,1500,8,0.16,4,0.8,1.3,1.0,0.4626423969843728,0.4626423969843728,12,0.6581732707832509,0.9674046238348758,1472,1414,True,ok
bc330dd9c3e1f1b01da77bddae27b46d527be4483da6954817e855004b3ce641,theiler,T2: 1.00× (nominal),15,1,Awake,24.99562576559584,1500,8,0.16,4,0.8,1.3,1.0,0.49808423477125596,0.4980842347712558,12,0.9098882954757468,0.9959621108034574,1472,1399,True,ok
bc330dd9c3e1f1b01da77bddae27b46d527be4483da6954817e855004b3ce641,theiler,T2: 1.00× (nominal),15,2,Awake,24.99562576559584,1500,8,0.16,4,0.8,1.3,1.0,0.490516691687896,0.490516691687896,12,0.8118141226996184,0.9882774448228137,1472,1431,True,ok
bc330dd9c3e1f1b01da77bddae27b46d527be4483da6954817e855004b3ce641,theiler,T2: 1.00× (nominal),15,3,Awake,24.99562576559584,1500,8,0.16,4,0.8,1.3,1.0,0.4980820600293869,0.4980820600293869,12,0.7787750596229733,0.9536165378884962,1472,1417,True,ok
bc330dd9c3e1f1b01da77bddae27b46d527be4483da6954817e855004b3ce641,theiler,T2: 1.00× (nominal),15,4,Awake,24.99562576559584,1500,8,0.16,4,0.8,1.3,1.0,0.5021019419840127,0.5021019419840127,13,0.8291701399709112,0.9703686261108064,1472,1389,True,ok
bc330dd9c3e1f1b01da77bddae27b46d527be4483da6954817e855004b3ce641,theiler,T2: 1.00× (nominal),15,5,Awake,24.99562576559584,1500,8,0.16,4,0.8,1.3,1.0,0.47599885444253714,0.4759988544425371,12,0.7896660772612556,0.9274886870054196,1472,1422,True,ok
bc330dd9c3e1f1b01da77bddae27b46d527be4483da6954817e855004b3ce641,theiler,T2: 1.00× (nominal),15,6,Awake,24.99562576559584,1500,8,0.16,4,0.8,1.3,1.0,0.457700714728732,0.457700714728732,11,0.5893878416350882,0.9518683543871772,1472,1402,True,ok
bc330dd9c3e1f1b01da77bddae27b46d527be4483da6954817e855004b3ce641,theiler,T2: 1.00× (nominal),15,7,Awake,24.99562576559584,1500,8,0.16,4,0.8,1.3,1.0,0.519005917068234,0.5190059170682341,13,0.9206015097856391,0.9972000277137464,1472,1407,True,ok
bc330dd9c3e1f1b01da77bddae27b46d527be4483da6954817e855004b3ce641,theiler,T2: 1.00× (nominal),15,8,Awake,24.99562576559584,1500,8,0.16,4,0.8,1.3,1.0,0.4975892344307113,0.4975892344307113,12,0.8298185783987673,0.9856167468630233,1472,1401,True,ok
bc330dd9c3e1f1b01da77bddae27b46d527be4483da6954817e855004b3ce641,theiler,T2: 1.00× (nominal),15,9,Awake,24.99562576559584,1500,8,0.16,4,0.8,1.3,1.0,0.4635174143707803,0.4635174143707803,12,0.7912182241311784,0.9761059667815044,1472,1422,True,ok
bc330dd9c3e1f1b01da77bddae27b46d527be4483da6954817e855004b3ce641,theiler,T2: 1.00× (nominal),15,10,Awake,24.99562576559584,1500,8,0.16,4,0.8,1.3,1.0,0.4633970223249695,0.4633970223249695,12,0.7460472286644031,0.9460612728035216,1472,1429,True,ok
bc330dd9c3e1f1b01da77bddae27b46d527be4483da6954817e855004b3ce641,theiler,T2: 1.00× (nominal),15,11,Awake,24.99562576559584,1500,8,0.16,4,0.8,1.3,1.0,0.5186866772926103,0.5186866772926104,13,0.9087077676044608,0.9944009678039828,1472,1402,True,ok
bc330dd9c3e1f1b01da77bddae27b46d527be4483da6954817e855004b3ce641,theiler,T2: 1.00× (nominal),15,12,Awake,24.99562576559584,1500,8,0.16,4,0.8,1.3,1.0,0.4966497622012712,0.4966497622012712,12,0.7436615042365947,0.972971560576083,1472,1415,True,ok
bc330dd9c3e1f1b01da77bddae27b46d527be4483da6954817e855004b3ce641,theiler,T2: 1.00× (nominal),15,13,Awake,24.99562576559584,1500,8,0.16,4,0.8,1.3,1.0,0.4746851791356479,0.4746851791356479,12,0.7686158801317814,0.9676635547025878,1472,1404,True,ok
bc330dd9c3e1f1b01da77bddae27b46d527be4483da6954817e855004b3ce641,theiler,T2: 1.00× (nominal),15,14,Awake,24.99562576559584,1500,8,0.16,4,0.8,1.3,1.0,0.5243036873748025,0.5243036873748024,13,0.7437347516658704,0.9847792098924376,1472,1416,True,ok
bc330dd9c3e1f1b01da77bddae27b46d527be4483da6954817e855004b3ce641,theiler,T2: 1.00× (nominal),15,15,Awake,24.99562576559584,1500,8,0.16,4,0.8,1.3,1.0,0.5299532710943873,0.5299532710943872,13,0.8810535537519325,0.9607229987359102,1472,1414,True,ok
bc330dd9c3e1f1b01da77bddae27b46d527be4483da6954817e855004b3ce641,theiler,T2: 1.00× (nominal),15,16,Awake,24.99562576559584,1500,8,0.16,4,0.8,1.3,1.0,0.5009474475668583,0.5009474475668583,13,0.7739782646850252,0.9875071072593832,1472,1389,True,ok
bc330dd9c3e1f1b01da77bddae27b46d527be4483da6954817e855004b3ce641,theiler,T2: 1.00× (nominal),15,17,Awake,24.99562576559584,1500,8,0.16,4,0.8,1.3,1.0,0.5410264542903679,0.5410264542903679,14,0.8156273619911308,0.9806456995321138,1472,1427,True,ok
bc330dd9c3e1f1b01da77bddae27b46d527be4483da6954817e855004b3ce641,theiler,T2: 1.00× (nominal),15,18,Awake,24.99562576559584,1500,8,0.16,4,0.8,1.3,1.0,0.5238516883323558,0.5238516883323558,13,0.8141832743390847,0.994634734040738,1472,1430,True,ok
bc330dd9c3e1f1b01da77bddae27b46d527be4483da6954817e855004b3ce641,theiler,T2: 1.00× (nominal),15,19,Awake,24.99562576559584,1500,8,0.16,4,0.8,1.3,1.0,0.5161456783972006,0.5161456783972006,13,0.7841966773302154,0.9754278329340986,1472,1435,True,ok
bc330dd9c3e1f1b01da77bddae27b46d527be4483da6954817e855004b3ce641,theiler,T2: 1.00× (nominal),15,20,Awake,24.99562576559584,1500,8,0.16,4,0.8,1.3,1.0,0.4970809938140519,0.497080993814052,12,0.8635729579163046,0.9468520869823578,1472,1426,True,ok
bc330dd9c3e1f1b01da77bddae27b46d527be4483da6954817e855004b3ce641,theiler,T2: 1.00× (nominal),15,21,Awake,24.99562576559584,1500,8,0.16,4,0.8,1.3,1.0,0.5070357458188246,0.5070357458188245,13,0.8143668160027566,0.97036779024551,1472,1410,True,ok
bc330dd9c3e1f1b01da77bddae27b46d527be4483da6954817e855004b3ce641,theiler,T2: 1.00× (nominal),15,22,Awake,24.99562576559584,1500,8,0.16,4,0.8,1.3,1.0,0.5257340630360088,0.5257340630360088,13,0.8127242148165877,0.9366951221222464,1472,1378,True,ok
bc330dd9c3e1f1b01da77bddae27b46d527be4483da6954817e855004b3ce641,theiler,T2: 1.00× (nominal),15,24,Awake,24.99562576559584,1500,8,0.16,4,0.8,1.3,1.0,0.490150859490214,0.4901508594902138,12,0.7887153584136195,0.982235606425368,1472,1378,True,ok
bc330dd9c3e1f1b01da77bddae27b46d527be4483da6954817e855004b3ce641,theiler,T2: 1.00× (nominal),15,25,Awake,24.99562576559584,1500,8,0.16,4,0.8,1.3,1.0,0.4835866929918049,0.4835866929918049,12,0.773306969742822,0.9527151138620688,1472,1423,True,ok
bc330dd9c3e1f1b01da77bddae27b46d527be4483da6954817e855004b3ce641,theiler,T2: 1.00× (nominal),15,27,Drowsy,24.99562576559584,1500,8,0.16,4,0.8,1.3,1.0,0.4549935987978073,0.4549935987978074,11,0.7761617649589713,0.916209615020839,1472,1429,True,ok
bc330dd9c3e1f1b01da77bddae27b46d527be4483da6954817e855004b3ce641,theiler,T2: 1.00× (nominal),15,29,Awake,24.99562576559584,1500,8,0.16,4,0.8,1.3,1.0,0.4613712549267272,0.4613712549267272,12,0.7406905025881791,0.9139419318788634,1472,1412,True,ok
bc330dd9c3e1f1b01da77bddae27b46d527be4483da6954817e855004b3ce641,theiler,T2: 1.00× (nominal),15,30,Drowsy,24.99562576559584,1500,8,0.16,4,0.8,1.3,1.0,0.4599512450661323,0.4599512450661324,11,0.7884618155480201,0.9675006827592988,1472,1399,True,ok
bc330dd9c3e1f1b01da77bddae27b46d527be4483da6954817e855004b3ce641,theiler,T2: 1.00× (nominal),15,31,Drowsy,24.99562576559584,1500,8,0.16,4,0.8,1.3,1.0,0.4748097283052797,0.4748097283052797,12,0.7314685111215216,0.9248210571258084,1472,1430,True,ok
bc330dd9c3e1f1b01da77bddae27b46d527be4483da6954817e855004b3ce641,theiler,T2: 1.00× (nominal),15,32,Awake,24.99562576559584,1500,8,0.16,4,0.8,1.3,1.0,0.47188536493331434,0.4718853649333142,12,0.7036814520938894,0.948218199582098,1472,1405,True,ok
bc330dd9c3e1f1b01da77bddae27b46d527be4483da6954817e855004b3ce641,theiler,T2: 1.00× (nominal),15,33,Awake,24.99562576559584,1500,8,0.16,4,0.8,1.3,1.0,0.47983910059511037,0.4798391005951103,12,0.7792406614861962,0.9555862518291848,1472,1421,True,ok
bc330dd9c3e1f1b01da77bddae27b46d527be4483da6954817e855004b3ce641,theiler,T2: 1.00× (nominal),15,36,Awake,24.99562576559584,1500,8,0.16,4,0.8,1.3,1.0,0.5315228532478558,0.5315228532478558,13,0.9847525329422712,0.9781956088039628,1472,1408,True,ok
bc330dd9c3e1f1b01da77bddae27b46d527be4483da6954817e855004b3ce641,theiler,T2: 1.00× (nominal),15,37,Drowsy,24.99562576559584,1500,8,0.16,4,0.8,1.3,1.0,0.5075868626866272,0.5075868626866272,13,0.8001758999462046,0.9922961170362826,1472,1419,True,ok
bc330dd9c3e1f1b01da77bddae27b46d527be4483da6954817e855004b3ce641,theiler,T2: 1.00× (nominal),15,38,Drowsy,24.99562576559584,1500,8,0.16,4,0.8,1.3,1.0,0.46113024259361296,0.4611302425936129,12,0.7844587763557523,0.965611747346002,1472,1431,True,ok
bc330dd9c3e1f1b01da77bddae27b46d527be4483da6954817e855004b3ce641,theiler,T2: 1.00× (nominal),15,39,Drowsy,24.99562576559584,1500,8,0.16,4,0.8,1.3,1.0,0.5045879403343779,0.5045879403343779,13,0.7938734655116402,0.9745222001878292,1472,1402,True,ok
bc330dd9c3e1f1b01da77bddae27b46d527be4483da6954817e855004b3ce641,theiler,T2: 1.00× (nominal),17,1,Awake,24.99287703003033,1500,8,0.16,4,0.8,1.3,1.0,0.5230366743442052,0.523036674344205,13,0.7904476934295616,0.960908121660365,1472,1422,True,ok
bc330dd9c3e1f1b01da77bddae27b46d527be4483da6954817e855004b3ce641,theiler,T2: 1.00× (nominal),17,2,Awake,24.99287703003033,1500,8,0.16,4,0.8,1.3,1.0,0.5548009244507279,0.554800924450728,14,0.7763790328659856,0.9748221913569076,1472,1425,True,ok
bc330dd9c3e1f1b01da77bddae27b46d527be4483da6954817e855004b3ce641,theiler,T2: 1.00× (nominal),17,3,Awake,24.99287703003033,1500,8,0.16,4,0.8,1.3,1.0,0.5550062735556122,0.5550062735556122,14,0.8053450963287523,0.99142707821326,1472,1440,True,ok
bc330dd9c3e1f1b01da77bddae27b46d527be4483da6954817e855004b3ce641,theiler,T2: 1.00× (nominal),17,4,Awake,24.99287703003033,1500,8,0.16,4,0.8,1.3,1.0,0.55898161685949,0.55898161685949,14,0.9719446047462212,0.9934585962284228,1472,1401,True,ok
bc330dd9c3e1f1b01da77bddae27b46d527be4483da6954817e855004b3ce641,theiler,T2: 1.00× (nominal),17,5,Awake,24.99287703003033,1500,8,0.16,4,0.8,1.3,1.0,0.5453599289680122,0.5453599289680122,14,0.9922494489820276,0.9930861367202058,1472,1431,True,ok
bc330dd9c3e1f1b01da77bddae27b46d527be4483da6954817e855004b3ce641,theiler,T2: 1.00× (nominal),17,6,Awake,24.99287703003033,1500,8,0.16,4,0.8,1.3,1.0,0.5567827136056631,0.556782713605663,14,0.8573723124764611,0.9942610784588224,1472,1410,True,ok
bc330dd9c3e1f1b01da77bddae27b46d527be4483da6954817e855004b3ce641,theiler,T2: 1.00× (nominal),17,7,Awake,24.99287703003033,1500,8,0.16,4,0.8,1.3,1.0,0.5733978834520325,0.5733978834520325,14,0.8587541368569999,0.974530367459732,1472,1418,True,ok
bc330dd9c3e1f1b01da77bddae27b46d527be4483da6954817e855004b3ce641,theiler,T2: 1.00× (nominal),17,8,Awake,24.99287703003033,1500,8,0.16,4,0.8,1.3,1.0,0.515301341169806,0.515301341169806,13,0.7885654758762037,0.9738326014174464,1472,1423,True,ok
bc330dd9c3e1f1b01da77bddae27b46d527be4483da6954817e855004b3ce641,theiler,T2: 1.00× (nominal),17,9,Awake,24.99287703003033,1500,8,0.16,4,0.8,1.3,1.0,0.5541676070678612,0.5541676070678613,14,0.947767024163064,0.9865092036564964,1472,1414,True,ok
bc330dd9c3e1f1b01da77bddae27b46d527be4483da6954817e855004b3ce641,theiler,T2: 1.00× (nominal),17,10,Awake,24.99287703003033,1500,8,0.16,4,0.8,1.3,1.0,0.5426124813753633,0.5426124813753634,14,0.8901540753834245,0.9622095188029371,1472,1407,True,ok
bc330dd9c3e1f1b01da77bddae27b46d527be4483da6954817e855004b3ce641,theiler,T2: 1.00× (nominal),17,11,Awake,24.99287703003033,1500,8,0.16,4,0.8,1.3,1.0,0.565989437193203,0.565989437193203,14,0.8722593176385639,0.961268909452668,1472,1427,True,ok
bc330dd9c3e1f1b01da77bddae27b46d527be4483da6954817e855004b3ce641,theiler,T2: 1.00× (nominal),17,12,Awake,24.99287703003033,1500,8,0.16,4,0.8,1.3,1.0,0.5228147579461593,0.5228147579461593,13,0.8264424863233258,0.9868825111510444,1472,1431,True,ok
bc330dd9c3e1f1b01da77bddae27b46d527be4483da6954817e855004b3ce641,theiler,T2: 1.00× (nominal),17,13,Awake,24.99287703003033,1500,8,0.16,4,0.8,1.3,1.0,0.5447476009300117,0.5447476009300117,14,0.8583545667676252,0.9707820420855742,1472,1409,True,ok
bc330dd9c3e1f1b01da77bddae27b46d527be4483da6954817e855004b3ce641,theiler,T2: 1.00× (nominal),17,14,Awake,24.99287703003033,1500,8,0.16,4,0.8,1.3,1.0,0.5695264788334807,0.5695264788334807,14,0.7930865898287005,0.9419024046058664,1472,1404,True,ok
bc330dd9c3e1f1b01da77bddae27b46d527be4483da6954817e855004b3ce641,theiler,T2: 1.00× (nominal),17,15,Awake,24.99287703003033,1500,8,0.16,4,0.8,1.3,1.0,0.5126166669549634,0.5126166669549634,13,0.768939020511161,0.9638019623933194,1472,1427,True,ok
bc330dd9c3e1f1b01da77bddae27b46d527be4483da6954817e855004b3ce641,theiler,T2: 1.00× (nominal),17,16,Drowsy,24.99287703003033,1500,8,0.16,4,0.8,1.3,1.0,0.5438252585299064,0.5438252585299063,14,0.9363899631925736,0.9956611228490444,1472,1405,True,ok
bc330dd9c3e1f1b01da77bddae27b46d527be4483da6954817e855004b3ce641,theiler,T2: 1.00× (nominal),17,17,Drowsy,24.99287703003033,1500,8,0.16,4,0.8,1.3,1.0,0.560586560658174,0.560586560658174,14,0.8863207959477549,0.9873090241224772,1472,1420,True,ok
bc330dd9c3e1f1b01da77bddae27b46d527be4483da6954817e855004b3ce641,theiler,T2: 1.00× (nominal),17,18,Drowsy,24.99287703003033,1500,8,0.16,4,0.8,1.3,1.0,0.5730486980776619,0.5730486980776619,14,0.828593233143298,0.9798004540107174,1472,1374,True,ok
bc330dd9c3e1f1b01da77bddae27b46d527be4483da6954817e855004b3ce641,theiler,T2: 1.00× (nominal),17,19,Awake,24.99287703003033,1500,8,0.16,4,0.8,1.3,1.0,0.5174180587658624,0.5174180587658626,13,0.6905229557426406,0.9305815297661716,1472,1398,True,ok
bc330dd9c3e1f1b01da77bddae27b46d527be4483da6954817e855004b3ce641,theiler,T2: 1.00× (nominal),17,20,Awake,24.99287703003033,1500,8,0.16,4,0.8,1.3,1.0,0.5878257943490114,0.5878257943490114,15,0.9367691483921952,0.9887801171829874,1472,1423,True,ok
bc330dd9c3e1f1b01da77bddae27b46d527be4483da6954817e855004b3ce641,theiler,T2: 1.00× (nominal),17,21,Awake,24.99287703003033,1500,8,0.16,4,0.8,1.3,1.0,0.5629790425788429,0.5629790425788429,14,0.8928936055240326,0.992436528865452,1472,1411,True,ok
bc330dd9c3e1f1b01da77bddae27b46d527be4483da6954817e855004b3ce641,theiler,T2: 1.00× (nominal),17,22,Awake,24.99287703003033,1500,8,0.16,4,0.8,1.3,1.0,0.5768510290683833,0.5768510290683834,14,0.9319146439561274,0.9828187134749252,1472,1411,True,ok
bc330dd9c3e1f1b01da77bddae27b46d527be4483da6954817e855004b3ce641,theiler,T2: 1.00× (nominal),17,23,Awake,24.99287703003033,1500,8,0.16,4,0.8,1.3,1.0,0.5912150881018184,0.5912150881018184,15,1.0408394190683905,0.9900416661654136,1472,1427,True,ok
bc330dd9c3e1f1b01da77bddae27b46d527be4483da6954817e855004b3ce641,theiler,T2: 1.00× (nominal),17,24,Awake,24.99287703003033,1500,8,0.16,4,0.8,1.3,1.0,0.5659179424054327,0.5659179424054326,14,0.8416205887934401,0.9561649014346,1472,1423,True,ok
bc330dd9c3e1f1b01da77bddae27b46d527be4483da6954817e855004b3ce641,theiler,T2: 1.00× (nominal),17,25,Awake,24.99287703003033,1500,8,0.16,4,0.8,1.3,1.0,0.5272404528059862,0.5272404528059862,13,0.717106187766849,0.984925664438046,1472,1407,True,ok
bc330dd9c3e1f1b01da77bddae27b46d527be4483da6954817e855004b3ce641,theiler,T2: 1.00× (nominal),17,26,Awake,24.99287703003033,1500,8,0.16,4,0.8,1.3,1.0,0.5178132797879262,0.5178132797879262,13,0.7205132833098493,0.9593217743148348,1472,1432,True,ok
bc330dd9c3e1f1b01da77bddae27b46d527be4483da6954817e855004b3ce641,theiler,T2: 1.00× (nominal),17,27,Awake,24.99287703003033,1500,8,0.16,4,0.8,1.3,1.0,0.562246762792431,0.562246762792431,14,0.8106148096202366,0.9800108292958118,1472,1398,True,ok
bc330dd9c3e1f1b01da77bddae27b46d527be4483da6954817e855004b3ce641,theiler,T2: 1.00× (nominal),17,29,Awake,24.99287703003033,1500,8,0.16,4,0.8,1.3,1.0,0.569313162626231,0.569313162626231,14,0.8313957273077991,0.99138363995729,1472,1411,True,ok
bc330dd9c3e1f1b01da77bddae27b46d527be4483da6954817e855004b3ce641,theiler,T2: 1.00× (nominal),17,30,Awake,24.99287703003033,1500,8,0.16,4,0.8,1.3,1.0,0.6001857620749118,0.6001857620749118,15,0.9843176927825324,0.997425267983296,1472,1388,True,ok
bc330dd9c3e1f1b01da77bddae27b46d527be4483da6954817e855004b3ce641,theiler,T2: 1.00× (nominal),17,31,Awake,24.99287703003033,1500,8,0.16,4,0.8,1.3,1.0,0.5924375346577944,0.5924375346577945,15,0.8131017355085356,0.9881394697048682,1472,1439,True,ok
bc330dd9c3e1f1b01da77bddae27b46d527be4483da6954817e855004b3ce641,theiler,T2: 1.00× (nominal),17,32,Awake,24.99287703003033,1500,8,0.16,4,0.8,1.3,1.0,0.6052892714115573,0.6052892714115573,15,0.9089670356367752,0.9766690856857416,1472,1402,True,ok
bc330dd9c3e1f1b01da77bddae27b46d527be4483da6954817e855004b3ce641,theiler,T2: 1.00× (nominal),17,33,Drowsy,24.99287703003033,1500,8,0.16,4,0.8,1.3,1.0,0.561025325850175,0.5610253258501751,14,0.7241759933057124,0.922038410260362,1472,1405,True,ok
bc330dd9c3e1f1b01da77bddae27b46d527be4483da6954817e855004b3ce641,theiler,T2: 1.00× (nominal),17,34,Drowsy,24.99287703003033,1500,8,0.16,4,0.8,1.3,1.0,0.5878796439741136,0.5878796439741136,15,0.688121265125071,0.9872056872943212,1472,1408,True,ok
bc330dd9c3e1f1b01da77bddae27b46d527be4483da6954817e855004b3ce641,theiler,T2: 1.00× (nominal),17,35,Drowsy,24.99287703003033,1500,8,0.16,4,0.8,1.3,1.0,0.5771764763838457,0.5771764763838458,14,0.735056762110695,0.9556033725839076,1472,1405,True,ok
bc330dd9c3e1f1b01da77bddae27b46d527be4483da6954817e855004b3ce641,theiler,T2: 1.00× (nominal),17,36,Drowsy,24.99287703003033,1500,8,0.16,4,0.8,1.3,1.0,0.5735528303988273,0.5735528303988273,14,0.8480148797763861,0.9886007258322372,1472,1397,True,ok
bc330dd9c3e1f1b01da77bddae27b46d527be4483da6954817e855004b3ce641,theiler,T2: 1.00× (nominal),17,37,Drowsy,24.99287703003033,1500,8,0.16,4,0.8,1.3,1.0,0.5836430192382156,0.5836430192382157,15,0.8986869225127031,0.972373925824592,1472,1410,True,ok
bc330dd9c3e1f1b01da77bddae27b46d527be4483da6954817e855004b3ce641,theiler,T2: 1.00× (nominal),17,38,Drowsy,24.99287703003033,1500,8,0.16,4,0.8,1.3,1.0,0.5403376293463181,0.540337629346318,14,0.8633531647589517,0.960870806973392,1472,1421,True,ok
bc330dd9c3e1f1b01da77bddae27b46d527be4483da6954817e855004b3ce641,theiler,T2: 1.00× (nominal),17,39,Drowsy,24.99287703003033,1500,8,0.16,4,0.8,1.3,1.0,0.5602798701549693,0.5602798701549693,14,0.6796475058860156,0.9569039226419042,1472,1421,True,ok
bc330dd9c3e1f1b01da77bddae27b46d527be4483da6954817e855004b3ce641,theiler,T2: 1.00× (nominal),17,40,Drowsy,24.99287703003033,1500,8,0.16,4,0.8,1.3,1.0,0.5233697311133617,0.5233697311133618,13,0.7907704087127789,0.9697604693860936,1472,1395,True,ok
bc330dd9c3e1f1b01da77bddae27b46d527be4483da6954817e855004b3ce641,theiler,T2: 1.00× (nominal),17,41,Drowsy,24.99287703003033,1500,8,0.16,4,0.8,1.3,1.0,0.5422372596825472,0.5422372596825473,14,0.8099698558373862,0.9624249809601426,1472,1397,True,ok
bc330dd9c3e1f1b01da77bddae27b46d527be4483da6954817e855004b3ce641,theiler,T2: 1.00× (nominal),17,42,Drowsy,24.99287703003033,1500,8,0.16,4,0.8,1.3,1.0,0.5164420679536281,0.5164420679536282,13,0.9059846477729028,0.993694666195846,1472,1413,True,ok
bc330dd9c3e1f1b01da77bddae27b46d527be4483da6954817e855004b3ce641,theiler,T2: 1.00× (nominal),17,43,Drowsy,24.99287703003033,1500,8,0.16,4,0.8,1.3,1.0,0.5241665925608763,0.5241665925608763,13,0.7470656030957965,0.9678065197909088,1472,1421,True,ok
bc330dd9c3e1f1b01da77bddae27b46d527be4483da6954817e855004b3ce641,theiler,T2: 1.00× (nominal),18,1,Awake,24.997500250004045,1500,8,0.16,4,0.8,1.3,1.0,0.40163922914701866,0.4016392291470186,10,0.7349359824276808,0.972827721927072,1472,1425,True,ok
bc330dd9c3e1f1b01da77bddae27b46d527be4483da6954817e855004b3ce641,theiler,T2: 1.00× (nominal),18,2,Awake,24.997500250004045,1500,8,0.16,4,0.8,1.3,1.0,0.411006377662941,0.411006377662941,10,0.8303969788863579,0.9755208178554824,1472,1393,True,ok
bc330dd9c3e1f1b01da77bddae27b46d527be4483da6954817e855004b3ce641,theiler,T2: 1.00× (nominal),18,3,Awake,24.997500250004045,1500,8,0.16,4,0.8,1.3,1.0,0.41653020246043954,0.4165302024604396,10,0.8535536651096041,0.9913842483162152,1472,1407,True,ok
bc330dd9c3e1f1b01da77bddae27b46d527be4483da6954817e855004b3ce641,theiler,T2: 1.00× (nominal),18,4,Awake,24.997500250004045,1500,8,0.16,4,0.8,1.3,1.0,0.4174674831595604,0.4174674831595604,10,0.770406521540516,0.9661679286413764,1472,1416,True,ok
bc330dd9c3e1f1b01da77bddae27b46d527be4483da6954817e855004b3ce641,theiler,T2: 1.00× (nominal),18,5,Awake,24.997500250004045,1500,8,0.16,4,0.8,1.3,1.0,0.4065440777406775,0.4065440777406776,10,0.8279239902034924,0.978295463769623,1472,1400,True,ok
bc330dd9c3e1f1b01da77bddae27b46d527be4483da6954817e855004b3ce641,theiler,T2: 1.00× (nominal),18,6,Awake,24.997500250004045,1500,8,0.16,4,0.8,1.3,1.0,0.4254639649117107,0.4254639649117107,11,0.7322483160726154,0.95875600470275,1472,1426,True,ok
bc330dd9c3e1f1b01da77bddae27b46d527be4483da6954817e855004b3ce641,theiler,T2: 1.00× (nominal),18,7,Awake,24.997500250004045,1500,8,0.16,4,0.8,1.3,1.0,0.41115029068027065,0.4111502906802706,10,0.7155810118549613,0.988272124484515,1472,1429,True,ok
bc330dd9c3e1f1b01da77bddae27b46d527be4483da6954817e855004b3ce641,theiler,T2: 1.00× (nominal),18,8,Awake,24.997500250004045,1500,8,0.16,4,0.8,1.3,1.0,0.4109706152488755,0.4109706152488755,10,0.6458791972029019,0.9061258266674418,1472,1384,True,ok
bc330dd9c3e1f1b01da77bddae27b46d527be4483da6954817e855004b3ce641,theiler,T2: 1.00× (nominal),18,9,Awake,24.997500250004045,1500,8,0.16,4,0.8,1.3,1.0,0.4318318316416899,0.4318318316416899,11,0.7032523576336525,0.920065383322411,1472,1428,True,ok
bc330dd9c3e1f1b01da77bddae27b46d527be4483da6954817e855004b3ce641,theiler,T2: 1.00× (nominal),18,10,Awake,24.997500250004045,1500,8,0.16,4,0.8,1.3,1.0,0.4192627825741215,0.4192627825741215,10,0.7900970303145834,0.956562744315254,1472,1401,True,ok
bc330dd9c3e1f1b01da77bddae27b46d527be4483da6954817e855004b3ce641,theiler,T2: 1.00× (nominal),18,11,Awake,24.997500250004045,1500,8,0.16,4,0.8,1.3,1.0,0.4298394429734663,0.4298394429734663,11,0.7741662037581803,0.9424987348604948,1472,1386,True,ok
bc330dd9c3e1f1b01da77bddae27b46d527be4483da6954817e855004b3ce641,theiler,T2: 1.00× (nominal),18,12,Awake,24.997500250004045,1500,8,0.16,4,0.8,1.3,1.0,0.410841146166352,0.4108411461663519,10,0.676848152242325,0.9694846347693676,1472,1388,True,ok
bc330dd9c3e1f1b01da77bddae27b46d527be4483da6954817e855004b3ce641,theiler,T2: 1.00× (nominal),18,13,Awake,24.997500250004045,1500,8,0.16,4,0.8,1.3,1.0,0.4108041765394257,0.4108041765394256,10,0.6191310618553605,0.9633923477115904,1472,1421,True,ok
bc330dd9c3e1f1b01da77bddae27b46d527be4483da6954817e855004b3ce641,theiler,T2: 1.00× (nominal),18,14,Awake,24.997500250004045,1500,8,0.16,4,0.8,1.3,1.0,0.41171463928080165,0.4117146392808017,10,0.6265414073522144,0.8828256162031723,1472,1423,False,low_fit_r2
bc330dd9c3e1f1b01da77bddae27b46d527be4483da6954817e855004b3ce641,theiler,T2: 1.00× (nominal),18,16,Drowsy,24.997500250004045,1500,8,0.16,4,0.8,1.3,1.0,0.4002417370552328,0.4002417370552327,10,1.0142148482284106,0.989685092045448,1472,1419,True,ok
bc330dd9c3e1f1b01da77bddae27b46d527be4483da6954817e855004b3ce641,theiler,T2: 1.00× (nominal),18,18,Drowsy,24.997500250004045,1500,8,0.16,4,0.8,1.3,1.0,0.4250271973002129,0.4250271973002127,11,0.840945381983567,0.9690930717437356,1472,1410,True,ok
bc330dd9c3e1f1b01da77bddae27b46d527be4483da6954817e855004b3ce641,theiler,T2: 1.00× (nominal),18,19,Drowsy,24.997500250004045,1500,8,0.16,4,0.8,1.3,1.0,0.41529491568504967,0.4152949156850496,10,0.9343032993388932,0.9817892845842824,1472,1411,True,ok
bc330dd9c3e1f1b01da77bddae27b46d527be4483da6954817e855004b3ce641,theiler,T2: 1.00× (nominal),18,20,Drowsy,24.997500250004045,1500,8,0.16,4,0.8,1.3,1.0,0.4034700363780772,0.4034700363780772,10,0.7386410675597453,0.9413629800086158,1472,1411,True,ok
bc330dd9c3e1f1b01da77bddae27b46d527be4483da6954817e855004b3ce641,theiler,T2: 1.00× (nominal),18,21,Drowsy,24.997500250004045,1500,8,0.16,4,0.8,1.3,1.0,0.40050215156151026,0.4005021515615102,10,0.7689975643536235,0.9628169017343564,1472,1432,True,ok
bc330dd9c3e1f1b01da77bddae27b46d527be4483da6954817e855004b3ce641,theiler,T2: 1.00× (nominal),18,22,Drowsy,24.997500250004045,1500,8,0.16,4,0.8,1.3,1.0,0.40285751254976143,0.4028575125497614,10,0.6402068259658454,0.9659811893343336,1472,1429,True,ok
bc330dd9c3e1f1b01da77bddae27b46d527be4483da6954817e855004b3ce641,theiler,T2: 1.00× (nominal),18,23,Drowsy,24.997500250004045,1500,8,0.16,4,0.8,1.3,1.0,0.40749803507768945,0.4074980350776894,10,0.6727942538584475,0.9124690470704082,1472,1381,True,ok
bc330dd9c3e1f1b01da77bddae27b46d527be4483da6954817e855004b3ce641,theiler,T2: 1.00× (nominal),18,24,Drowsy,24.997500250004045,1500,8,0.16,4,0.8,1.3,1.0,0.4091974845570039,0.4091974845570039,10,0.8050309307155703,0.978778881237661,1472,1416,True,ok
bc330dd9c3e1f1b01da77bddae27b46d527be4483da6954817e855004b3ce641,theiler,T2: 1.00× (nominal),18,25,Drowsy,24.997500250004045,1500,8,0.16,4,0.8,1.3,1.0,0.398765925082319,0.398765925082319,10,0.5783903121119035,0.9310387634727196,1472,1399,True,ok
bc330dd9c3e1f1b01da77bddae27b46d527be4483da6954817e855004b3ce641,theiler,T2: 1.00× (nominal),18,26,Drowsy,24.997500250004045,1500,8,0.16,4,0.8,1.3,1.0,0.40423119390511264,0.4042311939051126,10,0.6396456358344346,0.9356542238412028,1472,1372,True,ok
bc330dd9c3e1f1b01da77bddae27b46d527be4483da6954817e855004b3ce641,theiler,T2: 1.00× (nominal),18,27,Awake,24.997500250004045,1500,8,0.16,4,0.8,1.3,1.0,0.4182202030398245,0.4182202030398245,10,0.6597193747656955,0.9730098670538349,1472,1397,True,ok
bc330dd9c3e1f1b01da77bddae27b46d527be4483da6954817e855004b3ce641,theiler,T2: 1.00× (nominal),18,28,Awake,24.997500250004045,1500,8,0.16,4,0.8,1.3,1.0,0.4253431224784096,0.4253431224784096,11,0.5804046306491497,0.9488029075271668,1472,1391,True,ok
bc330dd9c3e1f1b01da77bddae27b46d527be4483da6954817e855004b3ce641,theiler,T2: 1.00× (nominal),18,29,Awake,24.997500250004045,1500,8,0.16,4,0.8,1.3,1.0,0.43454437090417736,0.4345443709041773,11,0.6426328727347647,0.9035140625434812,1472,1409,True,ok
bc330dd9c3e1f1b01da77bddae27b46d527be4483da6954817e855004b3ce641,theiler,T2: 1.00× (nominal),18,30,Awake,24.997500250004045,1500,8,0.16,4,0.8,1.3,1.0,0.4255901931298189,0.4255901931298189,11,0.6703984966061455,0.9385182910225623,1472,1434,True,ok
bc330dd9c3e1f1b01da77bddae27b46d527be4483da6954817e855004b3ce641,theiler,T2: 1.00× (nominal),18,31,Awake,24.997500250004045,1500,8,0.16,4,0.8,1.3,1.0,0.3935342044404347,0.3935342044404347,10,0.6076358091001272,0.961346796492768,1472,1402,True,ok
bc330dd9c3e1f1b01da77bddae27b46d527be4483da6954817e855004b3ce641,theiler,T2: 1.00× (nominal),18,32,Drowsy,24.997500250004045,1500,8,0.16,4,0.8,1.3,1.0,0.41206599100630603,0.412065991006306,10,0.6637661301096061,0.9600914125152296,1472,1421,True,ok
bc330dd9c3e1f1b01da77bddae27b46d527be4483da6954817e855004b3ce641,theiler,T2: 1.00× (nominal),18,33,Drowsy,24.997500250004045,1500,8,0.16,4,0.8,1.3,1.0,0.43530319079089286,0.4353031907908928,11,0.8087591916660706,0.9598530078086868,1472,1430,True,ok
bc330dd9c3e1f1b01da77bddae27b46d527be4483da6954817e855004b3ce641,theiler,T2: 1.00× (nominal),18,34,Drowsy,24.997500250004045,1500,8,0.16,4,0.8,1.3,1.0,0.4236024870900581,0.4236024870900581,11,0.6220689456672541,0.7962734891832431,1472,1433,False,low_fit_r2
bc330dd9c3e1f1b01da77bddae27b46d527be4483da6954817e855004b3ce641,theiler,T2: 1.00× (nominal),18,35,Drowsy,24.997500250004045,1500,8,0.16,4,0.8,1.3,1.0,0.42750274656467213,0.4275027465646721,11,0.7316022249966754,0.9107846516835424,1472,1402,True,ok
bc330dd9c3e1f1b01da77bddae27b46d527be4483da6954817e855004b3ce641,theiler,T2: 1.00× (nominal),18,36,Drowsy,24.997500250004045,1500,8,0.16,4,0.8,1.3,1.0,0.4000895824641018,0.4000895824641018,10,0.7420464344334756,0.9341308927475256,1472,1422,True,ok
bc330dd9c3e1f1b01da77bddae27b46d527be4483da6954817e855004b3ce641,theiler,T2: 1.00× (nominal),18,37,Drowsy,24.997500250004045,1500,8,0.16,4,0.8,1.3,1.0,0.43552933586591963,0.4355293358659197,11,0.7615055811658847,0.9661962262251036,1472,1419,True,ok
bc330dd9c3e1f1b01da77bddae27b46d527be4483da6954817e855004b3ce641,theiler,T2: 1.00× (nominal),18,38,Drowsy,24.997500250004045,1500,8,0.16,4,0.8,1.3,1.0,0.4219759795238781,0.4219759795238781,11,0.7503044817133508,0.9767915912854092,1472,1393,True,ok
bc330dd9c3e1f1b01da77bddae27b46d527be4483da6954817e855004b3ce641,theiler,T2: 1.00× (nominal),18,39,Drowsy,24.997500250004045,1500,8,0.16,4,0.8,1.3,1.0,0.4121783081051613,0.4121783081051612,10,0.9619252258284176,0.9858111803724108,1472,1415,True,ok
bc330dd9c3e1f1b01da77bddae27b46d527be4483da6954817e855004b3ce641,theiler,T2: 1.00× (nominal),18,41,Drowsy,24.997500250004045,1500,8,0.16,4,0.8,1.3,1.0,0.4297591487639789,0.4297591487639789,11,0.8374473081040874,0.9908195486689512,1472,1438,True,ok
bc330dd9c3e1f1b01da77bddae27b46d527be4483da6954817e855004b3ce641,theiler,T2: 1.00× (nominal),18,42,Drowsy,24.997500250004045,1500,8,0.16,4,0.8,1.3,1.0,0.43779464083987807,0.437794640839878,11,0.719116843943448,0.9615930613721488,1472,1425,True,ok
bc330dd9c3e1f1b01da77bddae27b46d527be4483da6954817e855004b3ce641,theiler,T2: 1.00× (nominal),18,43,Drowsy,24.997500250004045,1500,8,0.16,4,0.8,1.3,1.0,0.43605857285422683,0.4360585728542268,11,0.7660639487511699,0.9782446092896204,1472,1425,True,ok
bc330dd9c3e1f1b01da77bddae27b46d527be4483da6954817e855004b3ce641,theiler,T2: 1.00× (nominal),19,1,Awake,24.996219321763952,1500,8,0.16,4,0.8,1.3,1.0,0.406857041259778,0.406857041259778,10,0.6808208559159854,0.9892761863614103,1472,1401,True,ok
bc330dd9c3e1f1b01da77bddae27b46d527be4483da6954817e855004b3ce641,theiler,T2: 1.00× (nominal),19,2,Awake,24.996219321763952,1500,8,0.16,4,0.8,1.3,1.0,0.4259521325797029,0.4259521325797029,11,0.6451312769261961,0.9540643568864294,1472,1431,True,ok
bc330dd9c3e1f1b01da77bddae27b46d527be4483da6954817e855004b3ce641,theiler,T2: 1.00× (nominal),19,3,Awake,24.996219321763952,1500,8,0.16,4,0.8,1.3,1.0,0.4260582132419751,0.426058213241975,11,0.7139256386233155,0.965090925278576,1472,1391,True,ok
bc330dd9c3e1f1b01da77bddae27b46d527be4483da6954817e855004b3ce641,theiler,T2: 1.00× (nominal),19,4,Awake,24.996219321763952,1500,8,0.16,4,0.8,1.3,1.0,0.428455129580452,0.428455129580452,11,0.7648448493195543,0.8949036994983249,1472,1402,False,low_fit_r2
bc330dd9c3e1f1b01da77bddae27b46d527be4483da6954817e855004b3ce641,theiler,T2: 1.00× (nominal),19,5,Awake,24.996219321763952,1500,8,0.16,4,0.8,1.3,1.0,0.4269185461881471,0.4269185461881471,11,0.7945419217912368,0.9499115288042896,1472,1412,True,ok
bc330dd9c3e1f1b01da77bddae27b46d527be4483da6954817e855004b3ce641,theiler,T2: 1.00× (nominal),19,6,Awake,24.996219321763952,1500,8,0.16,4,0.8,1.3,1.0,0.42774201237386933,0.4277420123738693,11,0.8186383930766036,0.9572619551900228,1472,1415,True,ok
bc330dd9c3e1f1b01da77bddae27b46d527be4483da6954817e855004b3ce641,theiler,T2: 1.00× (nominal),19,7,Awake,24.996219321763952,1500,8,0.16,4,0.8,1.3,1.0,0.432860041063586,0.4328600410635859,11,0.8063281257541555,0.9828572003382748,1472,1397,True,ok
bc330dd9c3e1f1b01da77bddae27b46d527be4483da6954817e855004b3ce641,theiler,T2: 1.00× (nominal),19,8,Awake,24.996219321763952,1500,8,0.16,4,0.8,1.3,1.0,0.44745792669076034,0.4474579266907603,11,0.8262035684922516,0.983624120078343,1472,1396,True,ok
bc330dd9c3e1f1b01da77bddae27b46d527be4483da6954817e855004b3ce641,theiler,T2: 1.00× (nominal),19,9,Awake,24.996219321763952,1500,8,0.16,4,0.8,1.3,1.0,0.43445724454705853,0.4344572445470586,11,0.7598943540217235,0.9693004375762092,1472,1403,True,ok
bc330dd9c3e1f1b01da77bddae27b46d527be4483da6954817e855004b3ce641,theiler,T2: 1.00× (nominal),19,10,Awake,24.996219321763952,1500,8,0.16,4,0.8,1.3,1.0,0.4436527000124621,0.4436527000124622,11,0.8461753882159756,0.975161824158925,1472,1411,True,ok
bc330dd9c3e1f1b01da77bddae27b46d527be4483da6954817e855004b3ce641,theiler,T2: 1.00× (nominal),19,11,Awake,24.996219321763952,1500,8,0.16,4,0.8,1.3,1.0,0.43610668681315395,0.436106686813154,11,0.9343993716285126,0.9947621984282344,1472,1412,True,ok
bc330dd9c3e1f1b01da77bddae27b46d527be4483da6954817e855004b3ce641,theiler,T2: 1.00× (nominal),19,12,Awake,24.996219321763952,1500,8,0.16,4,0.8,1.3,1.0,0.4148862166404697,0.4148862166404697,10,0.752150224225315,0.9634647668959978,1472,1376,True,ok
bc330dd9c3e1f1b01da77bddae27b46d527be4483da6954817e855004b3ce641,theiler,T2: 1.00× (nominal),19,13,Drowsy,24.996219321763952,1500,8,0.16,4,0.8,1.3,1.0,0.4412653179939756,0.4412653179939756,11,0.7779300051544025,0.9823144997423828,1472,1426,True,ok
bc330dd9c3e1f1b01da77bddae27b46d527be4483da6954817e855004b3ce641,theiler,T2: 1.00× (nominal),19,14,Drowsy,24.996219321763952,1500,8,0.16,4,0.8,1.3,1.0,0.45050089113508224,0.4505008911350822,11,0.8409343130446848,0.9676169671540472,1472,1421,True,ok
bc330dd9c3e1f1b01da77bddae27b46d527be4483da6954817e855004b3ce641,theiler,T2: 1.00× (nominal),19,15,Drowsy,24.996219321763952,1500,8,0.16,4,0.8,1.3,1.0,0.4251547077082643,0.4251547077082643,11,0.8009518171505843,0.9087760173873446,1472,1376,True,ok
bc330dd9c3e1f1b01da77bddae27b46d527be4483da6954817e855004b3ce641,theiler,T2: 1.00× (nominal),19,16,Drowsy,24.996219321763952,1500,8,0.16,4,0.8,1.3,1.0,0.4325669209164663,0.4325669209164663,11,0.7801769229342348,0.9729264001183634,1472,1407,True,ok
bc330dd9c3e1f1b01da77bddae27b46d527be4483da6954817e855004b3ce641,theiler,T2: 1.00× (nominal),19,17,Awake,24.996219321763952,1500,8,0.16,4,0.8,1.3,1.0,0.4251579554099099,0.4251579554099099,11,0.8187278243130341,0.9827295924162712,1472,1416,True,ok
bc330dd9c3e1f1b01da77bddae27b46d527be4483da6954817e855004b3ce641,theiler,T2: 1.00× (nominal),19,18,Awake,24.996219321763952,1500,8,0.16,4,0.8,1.3,1.0,0.43583421262570177,0.4358342126257017,11,0.8357262067346533,0.9840181070257475,1472,1414,True,ok
bc330dd9c3e1f1b01da77bddae27b46d527be4483da6954817e855004b3ce641,theiler,T2: 1.00× (nominal),19,19,Awake,24.996219321763952,1500,8,0.16,4,0.8,1.3,1.0,0.44132513225399156,0.4413251322539916,11,0.902467237424296,0.9832184096297109,1472,1407,True,ok
bc330dd9c3e1f1b01da77bddae27b46d527be4483da6954817e855004b3ce641,theiler,T2: 1.00× (nominal),19,20,Awake,24.996219321763952,1500,8,0.16,4,0.8,1.3,1.0,0.4255447586383338,0.4255447586383337,11,0.8136185800827452,0.981189106620829,1472,1383,True,ok
bc330dd9c3e1f1b01da77bddae27b46d527be4483da6954817e855004b3ce641,theiler,T2: 1.00× (nominal),19,21,Awake,24.996219321763952,1500,8,0.16,4,0.8,1.3,1.0,0.4451212326123927,0.4451212326123927,11,0.8561908529860905,0.9838958102363284,1472,1402,True,ok
bc330dd9c3e1f1b01da77bddae27b46d527be4483da6954817e855004b3ce641,theiler,T2: 1.00× (nominal),19,22,Awake,24.996219321763952,1500,8,0.16,4,0.8,1.3,1.0,0.4421291157231615,0.4421291157231616,11,0.9131794009965802,0.9685364459649766,1472,1406,True,ok
bc330dd9c3e1f1b01da77bddae27b46d527be4483da6954817e855004b3ce641,theiler,T2: 1.00× (nominal),19,23,Awake,24.996219321763952,1500,8,0.16,4,0.8,1.3,1.0,0.4384373383165987,0.4384373383165987,11,0.7645941042091117,0.9553471471448594,1472,1401,True,ok
bc330dd9c3e1f1b01da77bddae27b46d527be4483da6954817e855004b3ce641,theiler,T2: 1.00× (nominal),19,24,Awake,24.996219321763952,1500,8,0.16,4,0.8,1.3,1.0,0.43950360786289805,0.4395036078628982,11,0.8416018200532754,0.97309406488428,1472,1416,True,ok
bc330dd9c3e1f1b01da77bddae27b46d527be4483da6954817e855004b3ce641,theiler,T2: 1.00× (nominal),19,25,Awake,24.996219321763952,1500,8,0.16,4,0.8,1.3,1.0,0.45031873971582415,0.4503187397158243,11,0.7425428241116638,0.967006969154652,1472,1393,True,ok
bc330dd9c3e1f1b01da77bddae27b46d527be4483da6954817e855004b3ce641,theiler,T2: 1.00× (nominal),19,26,Awake,24.996219321763952,1500,8,0.16,4,0.8,1.3,1.0,0.4406425097342837,0.4406425097342836,11,0.9924468421092544,0.9812566906959598,1472,1415,True,ok
bc330dd9c3e1f1b01da77bddae27b46d527be4483da6954817e855004b3ce641,theiler,T2: 1.00× (nominal),19,27,Awake,24.996219321763952,1500,8,0.16,4,0.8,1.3,1.0,0.4389052205642468,0.4389052205642469,11,0.8136456568510734,0.9562356498459028,1472,1437,True,ok
bc330dd9c3e1f1b01da77bddae27b46d527be4483da6954817e855004b3ce641,theiler,T2: 1.00× (nominal),19,28,Awake,24.996219321763952,1500,8,0.16,4,0.8,1.3,1.0,0.4448343021474889,0.4448343021474889,11,0.8217163516200502,0.9079038554885652,1472,1423,True,ok
bc330dd9c3e1f1b01da77bddae27b46d527be4483da6954817e855004b3ce641,theiler,T2: 1.00× (nominal),19,29,Awake,24.996219321763952,1500,8,0.16,4,0.8,1.3,1.0,0.4424352727811218,0.4424352727811217,11,0.889657211661343,0.985223823857758,1472,1395,True,ok
bc330dd9c3e1f1b01da77bddae27b46d527be4483da6954817e855004b3ce641,theiler,T2: 1.00× (nominal),19,30,Awake,24.996219321763952,1500,8,0.16,4,0.8,1.3,1.0,0.4532561992796808,0.4532561992796808,11,0.9259233521086094,0.9854364693751994,1472,1435,True,ok
bc330dd9c3e1f1b01da77bddae27b46d527be4483da6954817e855004b3ce641,theiler,T2: 1.00× (nominal),19,31,Awake,24.996219321763952,1500,8,0.16,4,0.8,1.3,1.0,0.44699918149324314,0.4469991814932433,11,0.9418565263498854,0.9816763429527652,1472,1420,True,ok
bc330dd9c3e1f1b01da77bddae27b46d527be4483da6954817e855004b3ce641,theiler,T2: 1.00× (nominal),19,32,Awake,24.996219321763952,1500,8,0.16,4,0.8,1.3,1.0,0.4355948444253311,0.4355948444253311,11,0.7822732855841139,0.9501669463981268,1472,1405,True,ok
bc330dd9c3e1f1b01da77bddae27b46d527be4483da6954817e855004b3ce641,theiler,T2: 1.00× (nominal),19,33,Awake,24.996219321763952,1500,8,0.16,4,0.8,1.3,1.0,0.4511399205957248,0.4511399205957248,11,0.7816379149679019,0.9601169010039,1472,1408,True,ok
bc330dd9c3e1f1b01da77bddae27b46d527be4483da6954817e855004b3ce641,theiler,T2: 1.00× (nominal),19,34,Awake,24.996219321763952,1500,8,0.16,4,0.8,1.3,1.0,0.42168430626806164,0.4216843062680616,11,0.7824983578178359,0.953711403148738,1472,1420,True,ok
bc330dd9c3e1f1b01da77bddae27b46d527be4483da6954817e855004b3ce641,theiler,T2: 1.00× (nominal),19,35,Awake,24.996219321763952,1500,8,0.16,4,0.8,1.3,1.0,0.4377058049451322,0.4377058049451323,11,0.7910806040694495,0.9795527073704944,1472,1440,True,ok
bc330dd9c3e1f1b01da77bddae27b46d527be4483da6954817e855004b3ce641,theiler,T2: 1.00× (nominal),19,36,Awake,24.996219321763952,1500,8,0.16,4,0.8,1.3,1.0,0.4255930727090543,0.4255930727090543,11,0.6910854975912042,0.9320634479660098,1472,1408,True,ok
bc330dd9c3e1f1b01da77bddae27b46d527be4483da6954817e855004b3ce641,theiler,T2: 1.00× (nominal),19,37,Awake,24.996219321763952,1500,8,0.16,4,0.8,1.3,1.0,0.4279010252947307,0.4279010252947306,11,0.7532834045025314,0.951733792190843,1472,1417,True,ok
bc330dd9c3e1f1b01da77bddae27b46d527be4483da6954817e855004b3ce641,theiler,T2: 1.00× (nominal),19,38,Awake,24.996219321763952,1500,8,0.16,4,0.8,1.3,1.0,0.422152772433812,0.422152772433812,11,0.7420009966240828,0.9760685162820796,1472,1384,True,ok
bc330dd9c3e1f1b01da77bddae27b46d527be4483da6954817e855004b3ce641,theiler,T2: 1.00× (nominal),19,39,Drowsy,24.996219321763952,1500,8,0.16,4,0.8,1.3,1.0,0.4219354958149464,0.4219354958149464,11,0.7421249536309377,0.9819061457318202,1472,1412,True,ok
bc330dd9c3e1f1b01da77bddae27b46d527be4483da6954817e855004b3ce641,theiler,T2: 1.00× (nominal),19,40,Drowsy,24.996219321763952,1500,8,0.16,4,0.8,1.3,1.0,0.456184062983,0.456184062983,11,0.7475731232651717,0.9631017937617684,1472,1414,True,ok
bc330dd9c3e1f1b01da77bddae27b46d527be4483da6954817e855004b3ce641,theiler,T2: 1.00× (nominal),19,41,Drowsy,24.996219321763952,1500,8,0.16,4,0.8,1.3,1.0,0.47603415209353117,0.476034152093531,12,0.8731989676554835,0.9636623798927332,1472,1421,True,ok
bc330dd9c3e1f1b01da77bddae27b46d527be4483da6954817e855004b3ce641,theiler,T2: 1.00× (nominal),19,43,Drowsy,24.996219321763952,1500,8,0.16,4,0.8,1.3,1.0,0.4436021847727436,0.4436021847727436,11,0.7366826774235524,0.965917328153251,1472,1403,True,ok
bc330dd9c3e1f1b01da77bddae27b46d527be4483da6954817e855004b3ce641,theiler,T2: 1.00× (nominal),19,44,Drowsy,24.996219321763952,1500,8,0.16,4,0.8,1.3,1.0,0.4095963993612208,0.4095963993612209,10,0.7700792356639775,0.96172933598608,1472,1416,True,ok
bc330dd9c3e1f1b01da77bddae27b46d527be4483da6954817e855004b3ce641,theiler,T2: 1.00× (nominal),19,45,Drowsy,24.996219321763952,1500,8,0.16,4,0.8,1.3,1.0,0.44365390896244933,0.4436539089624494,11,0.8284635674035696,0.958672405991752,1472,1402,True,ok
bc330dd9c3e1f1b01da77bddae27b46d527be4483da6954817e855004b3ce641,theiler,T2: 1.00× (nominal),21,1,Awake,25.000000000022737,1500,8,0.16,4,0.8,1.3,1.0,0.3880695802051326,0.3880695802051326,10,0.7545624963854364,0.98099534352593,1472,1389,True,ok
bc330dd9c3e1f1b01da77bddae27b46d527be4483da6954817e855004b3ce641,theiler,T2: 1.00× (nominal),21,2,Awake,25.000000000022737,1500,8,0.16,4,0.8,1.3,1.0,0.40293885919753697,0.4029388591975371,10,0.6922442424505796,0.9304789012511632,1472,1437,True,ok
bc330dd9c3e1f1b01da77bddae27b46d527be4483da6954817e855004b3ce641,theiler,T2: 1.00× (nominal),21,3,Awake,25.000000000022737,1500,8,0.16,4,0.8,1.3,1.0,0.39316884228439536,0.3931688422843953,10,0.7225641661361676,0.9647595905703652,1472,1435,True,ok
bc330dd9c3e1f1b01da77bddae27b46d527be4483da6954817e855004b3ce641,theiler,T2: 1.00× (nominal),21,4,Drowsy,25.000000000022737,1500,8,0.16,4,0.8,1.3,1.0,0.3994660961909638,0.3994660961909639,10,0.6513281557443974,0.9396158829975328,1472,1413,True,ok
bc330dd9c3e1f1b01da77bddae27b46d527be4483da6954817e855004b3ce641,theiler,T2: 1.00× (nominal),21,5,Awake,25.000000000022737,1500,8,0.16,4,0.8,1.3,1.0,0.43600822970776487,0.4360082297077648,11,0.5614065018594512,0.92516671025941,1472,1424,True,ok
bc330dd9c3e1f1b01da77bddae27b46d527be4483da6954817e855004b3ce641,theiler,T2: 1.00× (nominal),21,6,Awake,25.000000000022737,1500,8,0.16,4,0.8,1.3,1.0,0.42981818393010157,0.4298181839301014,11,0.7720841908283287,0.9808282728314842,1472,1402,True,ok
bc330dd9c3e1f1b01da77bddae27b46d527be4483da6954817e855004b3ce641,theiler,T2: 1.00× (nominal),21,7,Awake,25.000000000022737,1500,8,0.16,4,0.8,1.3,1.0,0.4180286126338698,0.4180286126338697,10,0.7470927242418964,0.9790443019204168,1472,1414,True,ok
bc330dd9c3e1f1b01da77bddae27b46d527be4483da6954817e855004b3ce641,theiler,T2: 1.00× (nominal),21,8,Awake,25.000000000022737,1500,8,0.16,4,0.8,1.3,1.0,0.43269021778049355,0.4326902177804936,11,0.6968049287705624,0.9613142187064376,1472,1383,True,ok
bc330dd9c3e1f1b01da77bddae27b46d527be4483da6954817e855004b3ce641,theiler,T2: 1.00× (nominal),21,9,Awake,25.000000000022737,1500,8,0.16,4,0.8,1.3,1.0,0.45267336890105175,0.4526733689010517,11,0.724151741440224,0.9592835179627246,1472,1412,True,ok
bc330dd9c3e1f1b01da77bddae27b46d527be4483da6954817e855004b3ce641,theiler,T2: 1.00× (nominal),21,10,Awake,25.000000000022737,1500,8,0.16,4,0.8,1.3,1.0,0.4244212918877346,0.4244212918877346,11,0.711867367750521,0.9385006699556028,1472,1424,True,ok
bc330dd9c3e1f1b01da77bddae27b46d527be4483da6954817e855004b3ce641,theiler,T2: 1.00× (nominal),21,11,Awake,25.000000000022737,1500,8,0.16,4,0.8,1.3,1.0,0.4308796385627427,0.4308796385627427,11,0.7180642439391075,0.8281561738272101,1472,1405,False,low_fit_r2
bc330dd9c3e1f1b01da77bddae27b46d527be4483da6954817e855004b3ce641,theiler,T2: 1.00× (nominal),21,12,Awake,25.000000000022737,1500,8,0.16,4,0.8,1.3,1.0,0.45656932983469556,0.4565693298346955,11,0.6635789454298937,0.936944201366643,1472,1429,True,ok
bc330dd9c3e1f1b01da77bddae27b46d527be4483da6954817e855004b3ce641,theiler,T2: 1.00× (nominal),21,13,Awake,25.000000000022737,1500,8,0.16,4,0.8,1.3,1.0,0.41749971121793733,0.4174997112179373,10,0.8324976791205492,0.996153680918742,1472,1384,True,ok
bc330dd9c3e1f1b01da77bddae27b46d527be4483da6954817e855004b3ce641,theiler,T2: 1.00× (nominal),21,14,Awake,25.000000000022737,1500,8,0.16,4,0.8,1.3,1.0,0.43711261497429205,0.4371126149742919,11,0.7185488888702994,0.9326019208211438,1472,1434,True,ok
bc330dd9c3e1f1b01da77bddae27b46d527be4483da6954817e855004b3ce641,theiler,T2: 1.00× (nominal),21,15,Awake,25.000000000022737,1500,8,0.16,4,0.8,1.3,1.0,0.4124958178149494,0.4124958178149494,10,0.7662500779128012,0.9139463375838026,1472,1404,True,ok
bc330dd9c3e1f1b01da77bddae27b46d527be4483da6954817e855004b3ce641,theiler,T2: 1.00× (nominal),21,16,Awake,25.000000000022737,1500,8,0.16,4,0.8,1.3,1.0,0.3998461967093737,0.3998461967093738,10,0.7222694283144518,0.9552213363757782,1472,1415,True,ok
bc330dd9c3e1f1b01da77bddae27b46d527be4483da6954817e855004b3ce641,theiler,T2: 1.00× (nominal),21,17,Awake,25.000000000022737,1500,8,0.16,4,0.8,1.3,1.0,0.41433396263061345,0.4143339626306135,10,0.7533202217181155,0.9543000299508928,1472,1439,True,ok
bc330dd9c3e1f1b01da77bddae27b46d527be4483da6954817e855004b3ce641,theiler,T2: 1.00× (nominal),21,18,Awake,25.000000000022737,1500,8,0.16,4,0.8,1.3,1.0,0.4398315786791398,0.4398315786791397,11,0.7798315871724835,0.959686763634318,1472,1413,True,ok
bc330dd9c3e1f1b01da77bddae27b46d527be4483da6954817e855004b3ce641,theiler,T2: 1.00× (nominal),21,19,Awake,25.000000000022737,1500,8,0.16,4,0.8,1.3,1.0,0.42758090727230064,0.4275809072723006,11,0.6495014488297775,0.968365097441666,1472,1385,True,ok
bc330dd9c3e1f1b01da77bddae27b46d527be4483da6954817e855004b3ce641,theiler,T2: 1.00× (nominal),21,20,Awake,25.000000000022737,1500,8,0.16,4,0.8,1.3,1.0,0.435132518449855,0.4351325184498551,11,0.797664527883816,0.9966786812258208,1472,1420,True,ok
bc330dd9c3e1f1b01da77bddae27b46d527be4483da6954817e855004b3ce641,theiler,T2: 1.00× (nominal),21,21,Drowsy,25.000000000022737,1500,8,0.16,4,0.8,1.3,1.0,0.45474531931548867,0.4547453193154886,11,0.6632980289341339,0.92957324908533,1472,1420,True,ok
bc330dd9c3e1f1b01da77bddae27b46d527be4483da6954817e855004b3ce641,theiler,T2: 1.00× (nominal),21,22,Drowsy,25.000000000022737,1500,8,0.16,4,0.8,1.3,1.0,0.4088513323201012,0.4088513323201012,10,0.6011792368305076,0.8958625820490698,1472,1431,False,low_fit_r2
bc330dd9c3e1f1b01da77bddae27b46d527be4483da6954817e855004b3ce641,theiler,T2: 1.00× (nominal),21,23,Drowsy,25.000000000022737,1500,8,0.16,4,0.8,1.3,1.0,0.4203977912628786,0.4203977912628787,11,0.8124794300112389,0.9906009759920472,1472,1390,True,ok
bc330dd9c3e1f1b01da77bddae27b46d527be4483da6954817e855004b3ce641,theiler,T2: 1.00× (nominal),21,24,Drowsy,25.000000000022737,1500,8,0.16,4,0.8,1.3,1.0,0.4249295449873558,0.4249295449873558,11,0.7306967667746632,0.9643248181560078,1472,1412,True,ok
bc330dd9c3e1f1b01da77bddae27b46d527be4483da6954817e855004b3ce641,theiler,T2: 1.00× (nominal),21,25,Drowsy,25.000000000022737,1500,8,0.16,4,0.8,1.3,1.0,0.40508389428885133,0.4050838942888513,10,0.5948547907883506,0.8816164915303895,1472,1422,False,low_fit_r2
bc330dd9c3e1f1b01da77bddae27b46d527be4483da6954817e855004b3ce641,theiler,T2: 1.00× (nominal),21,26,Drowsy,25.000000000022737,1500,8,0.16,4,0.8,1.3,1.0,0.42446041912306065,0.4244604191230606,11,0.7306851592147717,0.9903967611642214,1472,1414,True,ok
bc330dd9c3e1f1b01da77bddae27b46d527be4483da6954817e855004b3ce641,theiler,T2: 1.00× (nominal),21,29,Drowsy,25.000000000022737,1500,8,0.16,4,0.8,1.3,1.0,0.41567997960624703,0.4156799796062471,10,0.603609813520008,0.9153807679412056,1472,1396,True,ok
bc330dd9c3e1f1b01da77bddae27b46d527be4483da6954817e855004b3ce641,theiler,T2: 1.00× (nominal),21,30,Drowsy,25.000000000022737,1500,8,0.16,4,0.8,1.3,1.0,0.4228109083023638,0.4228109083023638,11,0.6597886814028676,0.9736209547996888,1472,1425,True,ok
bc330dd9c3e1f1b01da77bddae27b46d527be4483da6954817e855004b3ce641,theiler,T2: 1.00× (nominal),21,31,Drowsy,25.000000000022737,1500,8,0.16,4,0.8,1.3,1.0,0.4340061027205401,0.4340061027205401,11,0.6689893837927872,0.9436247994297036,1472,1417,True,ok
bc330dd9c3e1f1b01da77bddae27b46d527be4483da6954817e855004b3ce641,theiler,T2: 1.00× (nominal),21,32,Drowsy,25.000000000022737,1500,8,0.16,4,0.8,1.3,1.0,0.4279752438943137,0.4279752438943136,11,0.6632236382500337,0.9688633915829292,1472,1390,True,ok
bc330dd9c3e1f1b01da77bddae27b46d527be4483da6954817e855004b3ce641,theiler,T2: 1.00× (nominal),21,33,Drowsy,25.000000000022737,1500,8,0.16,4,0.8,1.3,1.0,0.44209523327608774,0.4420952332760877,11,0.7318760966474319,0.9727158471163178,1472,1408,True,ok
bc330dd9c3e1f1b01da77bddae27b46d527be4483da6954817e855004b3ce641,theiler,T2: 1.00× (nominal),21,34,Drowsy,25.000000000022737,1500,8,0.16,4,0.8,1.3,1.0,0.44287794903640587,0.4428779490364058,11,0.7171741188481252,0.9433821448017724,1472,1376,True,ok
bc330dd9c3e1f1b01da77bddae27b46d527be4483da6954817e855004b3ce641,theiler,T2: 1.00× (nominal),21,35,Awake,25.000000000022737,1500,8,0.16,4,0.8,1.3,1.0,0.4351955108816929,0.4351955108816928,11,0.7963292927002407,0.9596462268710452,1472,1414,True,ok
bc330dd9c3e1f1b01da77bddae27b46d527be4483da6954817e855004b3ce641,theiler,T2: 1.00× (nominal),21,36,Awake,25.000000000022737,1500,8,0.16,4,0.8,1.3,1.0,0.43985534482839383,0.4398553448283939,11,0.7691709158912973,0.9553289485114071,1472,1384,True,ok
bc330dd9c3e1f1b01da77bddae27b46d527be4483da6954817e855004b3ce641,theiler,T2: 1.00× (nominal),21,37,Awake,25.000000000022737,1500,8,0.16,4,0.8,1.3,1.0,0.4316111793113859,0.4316111793113859,11,0.703117845997574,0.953576463404336,1472,1403,True,ok
bc330dd9c3e1f1b01da77bddae27b46d527be4483da6954817e855004b3ce641,theiler,T2: 1.00× (nominal),21,38,Awake,25.000000000022737,1500,8,0.16,4,0.8,1.3,1.0,0.4119256458220322,0.4119256458220322,10,0.5673401355136358,0.9398036593318376,1472,1426,True,ok
bc330dd9c3e1f1b01da77bddae27b46d527be4483da6954817e855004b3ce641,theiler,T2: 1.00× (nominal),21,39,Awake,25.000000000022737,1500,8,0.16,4,0.8,1.3,1.0,0.4240056440170444,0.4240056440170442,11,0.6943416960578556,0.9653096748239334,1472,1423,True,ok
bc330dd9c3e1f1b01da77bddae27b46d527be4483da6954817e855004b3ce641,theiler,T2: 1.00× (nominal),21,40,Awake,25.000000000022737,1500,8,0.16,4,0.8,1.3,1.0,0.45443930221540746,0.4544393022154075,11,0.8061706197055072,0.9584658766142544,1472,1400,True,ok
bc330dd9c3e1f1b01da77bddae27b46d527be4483da6954817e855004b3ce641,theiler,T2: 1.00× (nominal),21,41,Drowsy,25.000000000022737,1500,8,0.16,4,0.8,1.3,1.0,0.42625131496143254,0.4262513149614325,11,0.7348924550000694,0.9608767858113274,1472,1420,True,ok
bc330dd9c3e1f1b01da77bddae27b46d527be4483da6954817e855004b3ce641,theiler,T2: 1.00× (nominal),21,42,Drowsy,25.000000000022737,1500,8,0.16,4,0.8,1.3,1.0,0.42273860194973845,0.4227386019497384,11,0.5959504830849779,0.9150988077830302,1472,1430,True,ok
bc330dd9c3e1f1b01da77bddae27b46d527be4483da6954817e855004b3ce641,theiler,T2: 1.00× (nominal),22,1,Awake,25.000625015646552,1500,8,0.16,4,0.8,1.3,1.0,0.479546953434849,0.4795469534348491,12,0.7401546132520285,0.9828561064009622,1472,1418,True,ok
bc330dd9c3e1f1b01da77bddae27b46d527be4483da6954817e855004b3ce641,theiler,T2: 1.00× (nominal),22,2,Awake,25.000625015646552,1500,8,0.16,4,0.8,1.3,1.0,0.49811601687272444,0.4981160168727244,12,0.8223601066733901,0.9940701458936156,1472,1395,True,ok
bc330dd9c3e1f1b01da77bddae27b46d527be4483da6954817e855004b3ce641,theiler,T2: 1.00× (nominal),22,3,Awake,25.000625015646552,1500,8,0.16,4,0.8,1.3,1.0,0.4999479752483464,0.4999479752483464,12,0.7583936081539122,0.9894757221507028,1472,1420,True,ok
bc330dd9c3e1f1b01da77bddae27b46d527be4483da6954817e855004b3ce641,theiler,T2: 1.00× (nominal),22,4,Awake,25.000625015646552,1500,8,0.16,4,0.8,1.3,1.0,0.47928658430526355,0.4792865843052634,12,0.7476497993684318,0.9893102390205494,1472,1421,True,ok
bc330dd9c3e1f1b01da77bddae27b46d527be4483da6954817e855004b3ce641,theiler,T2: 1.00× (nominal),22,5,Awake,25.000625015646552,1500,8,0.16,4,0.8,1.3,1.0,0.4855232968709693,0.4855232968709693,12,0.7481104781040602,0.984761559197963,1472,1409,True,ok
bc330dd9c3e1f1b01da77bddae27b46d527be4483da6954817e855004b3ce641,theiler,T2: 1.00× (nominal),22,6,Awake,25.000625015646552,1500,8,0.16,4,0.8,1.3,1.0,0.46822084972106953,0.4682208497210695,12,0.57166842720764,0.9334027224788582,1472,1396,True,ok
bc330dd9c3e1f1b01da77bddae27b46d527be4483da6954817e855004b3ce641,theiler,T2: 1.00× (nominal),22,7,Awake,25.000625015646552,1500,8,0.16,4,0.8,1.3,1.0,0.4877507232003564,0.4877507232003564,12,0.8060379255091198,0.9935145367828504,1472,1402,True,ok
bc330dd9c3e1f1b01da77bddae27b46d527be4483da6954817e855004b3ce641,theiler,T2: 1.00× (nominal),22,8,Awake,25.000625015646552,1500,8,0.16,4,0.8,1.3,1.0,0.4712548987665471,0.4712548987665471,12,0.8694943534170457,0.9866531479570106,1472,1433,True,ok
bc330dd9c3e1f1b01da77bddae27b46d527be4483da6954817e855004b3ce641,theiler,T2: 1.00× (nominal),22,9,Awake,25.000625015646552,1500,8,0.16,4,0.8,1.3,1.0,0.4926470615689374,0.4926470615689374,12,0.8999674665142494,0.9976203403902666,1472,1421,True,ok
bc330dd9c3e1f1b01da77bddae27b46d527be4483da6954817e855004b3ce641,theiler,T2: 1.00× (nominal),22,10,Awake,25.000625015646552,1500,8,0.16,4,0.8,1.3,1.0,0.47784754435097315,0.4778475443509731,12,0.7750643782399348,0.9959469586862838,1472,1431,True,ok
bc330dd9c3e1f1b01da77bddae27b46d527be4483da6954817e855004b3ce641,theiler,T2: 1.00× (nominal),22,11,Awake,25.000625015646552,1500,8,0.16,4,0.8,1.3,1.0,0.48133108326296337,0.4813310832629633,12,0.7461885250538081,0.9872902336918908,1472,1416,True,ok
bc330dd9c3e1f1b01da77bddae27b46d527be4483da6954817e855004b3ce641,theiler,T2: 1.00× (nominal),22,12,Awake,25.000625015646552,1500,8,0.16,4,0.8,1.3,1.0,0.49445378920570093,0.4944537892057009,12,0.6944335274302721,0.9816504994399394,1472,1439,True,ok
bc330dd9c3e1f1b01da77bddae27b46d527be4483da6954817e855004b3ce641,theiler,T2: 1.00× (nominal),22,14,Awake,25.000625015646552,1500,8,0.16,4,0.8,1.3,1.0,0.48894647229246413,0.4889464722924641,12,0.7411576509664825,0.9510260291146388,1472,1395,True,ok
bc330dd9c3e1f1b01da77bddae27b46d527be4483da6954817e855004b3ce641,theiler,T2: 1.00× (nominal),22,15,Awake,25.000625015646552,1500,8,0.16,4,0.8,1.3,1.0,0.5235122960648413,0.5235122960648413,13,0.8336346372296688,0.9962104108270574,1472,1415,True,ok
bc330dd9c3e1f1b01da77bddae27b46d527be4483da6954817e855004b3ce641,theiler,T2: 1.00× (nominal),22,16,Awake,25.000625015646552,1500,8,0.16,4,0.8,1.3,1.0,0.4772224622757514,0.4772224622757514,12,0.7147471454251014,0.9708328092135756,1472,1395,True,ok
bc330dd9c3e1f1b01da77bddae27b46d527be4483da6954817e855004b3ce641,theiler,T2: 1.00× (nominal),22,17,Awake,25.000625015646552,1500,8,0.16,4,0.8,1.3,1.0,0.5017432765577647,0.5017432765577647,13,0.8917904142266218,0.9870790256221852,1472,1432,True,ok
bc330dd9c3e1f1b01da77bddae27b46d527be4483da6954817e855004b3ce641,theiler,T2: 1.00× (nominal),22,18,Awake,25.000625015646552,1500,8,0.16,4,0.8,1.3,1.0,0.5017400918119562,0.5017400918119562,13,0.7624182164129616,0.9841084485630428,1472,1432,True,ok
bc330dd9c3e1f1b01da77bddae27b46d527be4483da6954817e855004b3ce641,theiler,T2: 1.00× (nominal),22,19,Awake,25.000625015646552,1500,8,0.16,4,0.8,1.3,1.0,0.4889741065728395,0.4889741065728394,12,0.8159764829909695,0.9858972895472312,1472,1413,True,ok
bc330dd9c3e1f1b01da77bddae27b46d527be4483da6954817e855004b3ce641,theiler,T2: 1.00× (nominal),22,20,Awake,25.000625015646552,1500,8,0.16,4,0.8,1.3,1.0,0.48177648777123233,0.4817764877712323,12,0.7504517549863553,0.9886179696570756,1472,1384,True,ok
bc330dd9c3e1f1b01da77bddae27b46d527be4483da6954817e855004b3ce641,theiler,T2: 1.00× (nominal),22,21,Awake,25.000625015646552,1500,8,0.16,4,0.8,1.3,1.0,0.5066248375438357,0.5066248375438357,13,0.8240065586107538,0.9860152429228246,1472,1404,True,ok
bc330dd9c3e1f1b01da77bddae27b46d527be4483da6954817e855004b3ce641,theiler,T2: 1.00× (nominal),22,22,Awake,25.000625015646552,1500,8,0.16,4,0.8,1.3,1.0,0.4608681491029255,0.4608681491029255,12,0.6861816554229971,0.9424904912023704,1472,1389,True,ok
bc330dd9c3e1f1b01da77bddae27b46d527be4483da6954817e855004b3ce641,theiler,T2: 1.00× (nominal),22,23,Drowsy,25.000625015646552,1500,8,0.16,4,0.8,1.3,1.0,0.4627705769832204,0.4627705769832202,12,0.6787061490464539,0.9773321988305936,1472,1418,True,ok
bc330dd9c3e1f1b01da77bddae27b46d527be4483da6954817e855004b3ce641,theiler,T2: 1.00× (nominal),22,24,Drowsy,25.000625015646552,1500,8,0.16,4,0.8,1.3,1.0,0.4656347539755073,0.4656347539755073,12,0.6044092725282518,0.8985813932596566,1472,1422,False,low_fit_r2
bc330dd9c3e1f1b01da77bddae27b46d527be4483da6954817e855004b3ce641,theiler,T2: 1.00× (nominal),22,25,Drowsy,25.000625015646552,1500,8,0.16,4,0.8,1.3,1.0,0.5023797508037493,0.5023797508037493,13,0.7582522585072575,0.9928964444960924,1472,1410,True,ok
bc330dd9c3e1f1b01da77bddae27b46d527be4483da6954817e855004b3ce641,theiler,T2: 1.00× (nominal),22,26,Drowsy,25.000625015646552,1500,8,0.16,4,0.8,1.3,1.0,0.4868977015949824,0.4868977015949824,12,0.7440134301786223,0.9844229747449592,1472,1423,True,ok
bc330dd9c3e1f1b01da77bddae27b46d527be4483da6954817e855004b3ce641,theiler,T2: 1.00× (nominal),22,27,Drowsy,25.000625015646552,1500,8,0.16,4,0.8,1.3,1.0,0.4734971396106888,0.4734971396106888,12,0.712232413070062,0.977105858195015,1472,1410,True,ok
bc330dd9c3e1f1b01da77bddae27b46d527be4483da6954817e855004b3ce641,theiler,T2: 1.00× (nominal),22,28,Drowsy,25.000625015646552,1500,8,0.16,4,0.8,1.3,1.0,0.4863242353396534,0.4863242353396535,12,0.6743120949305228,0.9885155162238712,1472,1419,True,ok
bc330dd9c3e1f1b01da77bddae27b46d527be4483da6954817e855004b3ce641,theiler,T2: 1.00× (nominal),22,29,Awake,25.000625015646552,1500,8,0.16,4,0.8,1.3,1.0,0.49963853806970104,0.499638538069701,12,0.7076729054755908,0.9699416777232333,1472,1423,True,ok
bc330dd9c3e1f1b01da77bddae27b46d527be4483da6954817e855004b3ce641,theiler,T2: 1.00× (nominal),22,30,Awake,25.000625015646552,1500,8,0.16,4,0.8,1.3,1.0,0.5108945476473837,0.5108945476473837,13,0.7554351178582512,0.9758091688438504,1472,1416,True,ok
bc330dd9c3e1f1b01da77bddae27b46d527be4483da6954817e855004b3ce641,theiler,T2: 1.00× (nominal),22,31,Awake,25.000625015646552,1500,8,0.16,4,0.8,1.3,1.0,0.5233617020336492,0.5233617020336492,13,0.7422192473297924,0.989310900619619,1472,1397,True,ok
bc330dd9c3e1f1b01da77bddae27b46d527be4483da6954817e855004b3ce641,theiler,T2: 1.00× (nominal),22,32,Awake,25.000625015646552,1500,8,0.16,4,0.8,1.3,1.0,0.5077590939835482,0.5077590939835481,13,0.6124872445237866,0.972868017059131,1472,1393,True,ok
bc330dd9c3e1f1b01da77bddae27b46d527be4483da6954817e855004b3ce641,theiler,T2: 1.00× (nominal),22,33,Awake,25.000625015646552,1500,8,0.16,4,0.8,1.3,1.0,0.49965381719391383,0.499653817193914,12,0.6717423518787854,0.9924744225719424,1472,1416,True,ok
bc330dd9c3e1f1b01da77bddae27b46d527be4483da6954817e855004b3ce641,theiler,T2: 1.00× (nominal),22,34,Drowsy,25.000625015646552,1500,8,0.16,4,0.8,1.3,1.0,0.4987198559559951,0.4987198559559952,12,0.7122812350508502,0.9621596418597348,1472,1398,True,ok
bc330dd9c3e1f1b01da77bddae27b46d527be4483da6954817e855004b3ce641,theiler,T2: 1.00× (nominal),22,35,Drowsy,25.000625015646552,1500,8,0.16,4,0.8,1.3,1.0,0.5221461523270249,0.5221461523270248,13,0.7211525453885951,0.9806578142678324,1472,1422,True,ok
bc330dd9c3e1f1b01da77bddae27b46d527be4483da6954817e855004b3ce641,theiler,T2: 1.00× (nominal),22,36,Drowsy,25.000625015646552,1500,8,0.16,4,0.8,1.3,1.0,0.4902062302886371,0.4902062302886372,12,0.6198453737680978,0.9522244255310583,1472,1429,True,ok
bc330dd9c3e1f1b01da77bddae27b46d527be4483da6954817e855004b3ce641,theiler,T2: 1.00× (nominal),22,37,Drowsy,25.000625015646552,1500,8,0.16,4,0.8,1.3,1.0,0.5399349916599716,0.5399349916599716,13,0.8719802613646975,0.9751870116103112,1472,1434,True,ok
bc330dd9c3e1f1b01da77bddae27b46d527be4483da6954817e855004b3ce641,theiler,T2: 1.00× (nominal),22,38,Drowsy,25.000625015646552,1500,8,0.16,4,0.8,1.3,1.0,0.5548918760790104,0.5548918760790104,14,0.7657310507602626,0.992661312884494,1472,1427,True,ok
bc330dd9c3e1f1b01da77bddae27b46d527be4483da6954817e855004b3ce641,theiler,T2: 1.00× (nominal),22,40,Awake,25.000625015646552,1500,8,0.16,4,0.8,1.3,1.0,0.5271203292043116,0.5271203292043116,13,0.7450098500961634,0.9941446120487356,1472,1405,True,ok
bc330dd9c3e1f1b01da77bddae27b46d527be4483da6954817e855004b3ce641,theiler,T2: 1.00× (nominal),22,41,Awake,25.000625015646552,1500,8,0.16,4,0.8,1.3,1.0,0.539114301255822,0.539114301255822,13,0.8588404573886923,0.993675950115254,1472,1421,True,ok
bc330dd9c3e1f1b01da77bddae27b46d527be4483da6954817e855004b3ce641,theiler,T2: 1.00× (nominal),22,43,Awake,25.000625015646552,1500,8,0.16,4,0.8,1.3,1.0,0.5509379587114855,0.5509379587114855,14,0.7711030130231067,0.9899964986026496,1472,1418,True,ok
bc330dd9c3e1f1b01da77bddae27b46d527be4483da6954817e855004b3ce641,theiler,T2: 1.00× (nominal),22,44,Drowsy,25.000625015646552,1500,8,0.16,4,0.8,1.3,1.0,0.5255394999859752,0.525539499985975,13,0.7215111259542013,0.9553680308922748,1472,1437,True,ok
bc330dd9c3e1f1b01da77bddae27b46d527be4483da6954817e855004b3ce641,theiler,T2: 1.00× (nominal),22,45,Drowsy,25.000625015646552,1500,8,0.16,4,0.8,1.3,1.0,0.5422367241468553,0.5422367241468553,14,0.748721337676712,0.951722946625598,1472,1422,True,ok
bc330dd9c3e1f1b01da77bddae27b46d527be4483da6954817e855004b3ce641,theiler,T2: 1.00× (nominal),23,1,Awake,24.997500250004045,1500,8,0.16,4,0.8,1.3,1.0,0.5795871375692101,0.57958713756921,14,0.9079642700372084,0.9891956978607828,1472,1418,True,ok
bc330dd9c3e1f1b01da77bddae27b46d527be4483da6954817e855004b3ce641,theiler,T2: 1.00× (nominal),23,2,Awake,24.997500250004045,1500,8,0.16,4,0.8,1.3,1.0,0.577880541191738,0.577880541191738,14,0.9392097875105944,0.9779336344992764,1472,1425,True,ok
bc330dd9c3e1f1b01da77bddae27b46d527be4483da6954817e855004b3ce641,theiler,T2: 1.00× (nominal),23,3,Awake,24.997500250004045,1500,8,0.16,4,0.8,1.3,1.0,0.5743575131737516,0.5743575131737516,14,0.9683799532293894,0.9730064641863758,1472,1418,True,ok
bc330dd9c3e1f1b01da77bddae27b46d527be4483da6954817e855004b3ce641,theiler,T2: 1.00× (nominal),23,4,Awake,24.997500250004045,1500,8,0.16,4,0.8,1.3,1.0,0.5602338826098283,0.5602338826098285,14,0.888262385959851,0.9818959037013448,1472,1412,True,ok
bc330dd9c3e1f1b01da77bddae27b46d527be4483da6954817e855004b3ce641,theiler,T2: 1.00× (nominal),23,5,Awake,24.997500250004045,1500,8,0.16,4,0.8,1.3,1.0,0.5622596465904679,0.5622596465904679,14,0.8890732468856699,0.9873720882032094,1472,1410,True,ok
bc330dd9c3e1f1b01da77bddae27b46d527be4483da6954817e855004b3ce641,theiler,T2: 1.00× (nominal),23,6,Awake,24.997500250004045,1500,8,0.16,4,0.8,1.3,1.0,0.5857196637621856,0.5857196637621855,15,0.941050791184894,0.9892089104427676,1472,1438,True,ok
bc330dd9c3e1f1b01da77bddae27b46d527be4483da6954817e855004b3ce641,theiler,T2: 1.00× (nominal),23,7,Awake,24.997500250004045,1500,8,0.16,4,0.8,1.3,1.0,0.5796835976228205,0.5796835976228205,14,0.8076970842840383,0.9815097442313276,1472,1410,True,ok
bc330dd9c3e1f1b01da77bddae27b46d527be4483da6954817e855004b3ce641,theiler,T2: 1.00× (nominal),23,8,Awake,24.997500250004045,1500,8,0.16,4,0.8,1.3,1.0,0.5529106703166223,0.5529106703166222,14,0.9836619527434092,0.9776150238938488,1472,1410,True,ok
bc330dd9c3e1f1b01da77bddae27b46d527be4483da6954817e855004b3ce641,theiler,T2: 1.00× (nominal),23,9,Awake,24.997500250004045,1500,8,0.16,4,0.8,1.3,1.0,0.5801527899312364,0.5801527899312364,15,0.9200565254804942,0.9952405908060284,1472,1432,True,ok
bc330dd9c3e1f1b01da77bddae27b46d527be4483da6954817e855004b3ce641,theiler,T2: 1.00× (nominal),23,10,Awake,24.997500250004045,1500,8,0.16,4,0.8,1.3,1.0,0.5684869101155376,0.5684869101155378,14,0.9826395035419154,0.9887179464489414,1472,1398,True,ok
bc330dd9c3e1f1b01da77bddae27b46d527be4483da6954817e855004b3ce641,theiler,T2: 1.00× (nominal),23,11,Awake,24.997500250004045,1500,8,0.16,4,0.8,1.3,1.0,0.524500877330789,0.524500877330789,13,0.8265944597916439,0.987780145612448,1472,1428,True,ok
bc330dd9c3e1f1b01da77bddae27b46d527be4483da6954817e855004b3ce641,theiler,T2: 1.00× (nominal),23,12,Awake,24.997500250004045,1500,8,0.16,4,0.8,1.3,1.0,0.568451652221037,0.568451652221037,14,0.8961856570839817,0.9843707314220316,1472,1400,True,ok
bc330dd9c3e1f1b01da77bddae27b46d527be4483da6954817e855004b3ce641,theiler,T2: 1.00× (nominal),23,14,Awake,24.997500250004045,1500,8,0.16,4,0.8,1.3,1.0,0.5569868830733973,0.5569868830733973,14,0.8728898738619658,0.9655759982398212,1472,1420,True,ok
bc330dd9c3e1f1b01da77bddae27b46d527be4483da6954817e855004b3ce641,theiler,T2: 1.00× (nominal),23,15,Awake,24.997500250004045,1500,8,0.16,4,0.8,1.3,1.0,0.5854436116867187,0.5854436116867187,15,0.8307843436144989,0.9611754077064588,1472,1411,True,ok
bc330dd9c3e1f1b01da77bddae27b46d527be4483da6954817e855004b3ce641,theiler,T2: 1.00× (nominal),23,16,Awake,24.997500250004045,1500,8,0.16,4,0.8,1.3,1.0,0.5492767657308678,0.5492767657308677,14,0.780211574703376,0.9883171245926392,1472,1418,True,ok
bc330dd9c3e1f1b01da77bddae27b46d527be4483da6954817e855004b3ce641,theiler,T2: 1.00× (nominal),23,18,Awake,24.997500250004045,1500,8,0.16,4,0.8,1.3,1.0,0.5613238828923552,0.5613238828923552,14,0.8712686939249586,0.9898610934747744,1472,1403,True,ok
bc330dd9c3e1f1b01da77bddae27b46d527be4483da6954817e855004b3ce641,theiler,T2: 1.00× (nominal),23,19,Awake,24.997500250004045,1500,8,0.16,4,0.8,1.3,1.0,0.531408269585443,0.5314082695854432,13,0.8031867452743291,0.987504876076733,1472,1412,True,ok
bc330dd9c3e1f1b01da77bddae27b46d527be4483da6954817e855004b3ce641,theiler,T2: 1.00× (nominal),23,20,Awake,24.997500250004045,1500,8,0.16,4,0.8,1.3,1.0,0.567491202649714,0.567491202649714,14,0.8378105795575013,0.9834459143912504,1472,1409,True,ok
bc330dd9c3e1f1b01da77bddae27b46d527be4483da6954817e855004b3ce641,theiler,T2: 1.00× (nominal),23,21,Awake,24.997500250004045,1500,8,0.16,4,0.8,1.3,1.0,0.6086510260890022,0.6086510260890026,15,0.9621312243459292,0.9688814791072085,1472,1413,True,ok
bc330dd9c3e1f1b01da77bddae27b46d527be4483da6954817e855004b3ce641,theiler,T2: 1.00× (nominal),23,22,Awake,24.997500250004045,1500,8,0.16,4,0.8,1.3,1.0,0.5726259272988057,0.5726259272988057,14,0.8322056528688465,0.9581080878461192,1472,1406,True,ok
bc330dd9c3e1f1b01da77bddae27b46d527be4483da6954817e855004b3ce641,theiler,T2: 1.00× (nominal),23,26,Awake,24.997500250004045,1500,8,0.16,4,0.8,1.3,1.0,0.5310165668835667,0.5310165668835666,13,0.8026276725176398,0.9708756080251536,1472,1409,True,ok
bc330dd9c3e1f1b01da77bddae27b46d527be4483da6954817e855004b3ce641,theiler,T2: 1.00× (nominal),23,27,Awake,24.997500250004045,1500,8,0.16,4,0.8,1.3,1.0,0.5844184737733593,0.5844184737733593,15,0.9189022286484136,0.987900573120078,1472,1419,True,ok
bc330dd9c3e1f1b01da77bddae27b46d527be4483da6954817e855004b3ce641,theiler,T2: 1.00× (nominal),23,28,Awake,24.997500250004045,1500,8,0.16,4,0.8,1.3,1.0,0.5355851855989768,0.5355851855989768,13,0.742046559214077,0.9275557830808026,1472,1433,True,ok
bc330dd9c3e1f1b01da77bddae27b46d527be4483da6954817e855004b3ce641,theiler,T2: 1.00× (nominal),23,29,Awake,24.997500250004045,1500,8,0.16,4,0.8,1.3,1.0,0.5489560265935347,0.5489560265935347,14,0.8326772299159139,0.9799067444910988,1472,1407,True,ok
bc330dd9c3e1f1b01da77bddae27b46d527be4483da6954817e855004b3ce641,theiler,T2: 1.00× (nominal),23,30,Awake,24.997500250004045,1500,8,0.16,4,0.8,1.3,1.0,0.56602175584347,0.56602175584347,14,0.8298693820611187,0.985806484293183,1472,1387,True,ok
bc330dd9c3e1f1b01da77bddae27b46d527be4483da6954817e855004b3ce641,theiler,T2: 1.00× (nominal),23,31,Awake,24.997500250004045,1500,8,0.16,4,0.8,1.3,1.0,0.5637290445996699,0.5637290445996698,14,0.8578630714667408,0.9803628599468576,1472,1411,True,ok
bc330dd9c3e1f1b01da77bddae27b46d527be4483da6954817e855004b3ce641,theiler,T2: 1.00× (nominal),23,32,Awake,24.997500250004045,1500,8,0.16,4,0.8,1.3,1.0,0.5390262888955819,0.5390262888955819,13,0.805693798292005,0.973571368922981,1472,1418,True,ok
bc330dd9c3e1f1b01da77bddae27b46d527be4483da6954817e855004b3ce641,theiler,T2: 1.00× (nominal),23,33,Awake,24.997500250004045,1500,8,0.16,4,0.8,1.3,1.0,0.5232943756340174,0.5232943756340175,13,0.7255625208760792,0.9730043792747302,1472,1399,True,ok
bc330dd9c3e1f1b01da77bddae27b46d527be4483da6954817e855004b3ce641,theiler,T2: 1.00× (nominal),23,35,Awake,24.997500250004045,1500,8,0.16,4,0.8,1.3,1.0,0.5578600068238663,0.5578600068238664,14,0.8234108305037487,0.9902190438247104,1472,1417,True,ok
bc330dd9c3e1f1b01da77bddae27b46d527be4483da6954817e855004b3ce641,theiler,T2: 1.00× (nominal),23,36,Awake,24.997500250004045,1500,8,0.16,4,0.8,1.3,1.0,0.5483067997460922,0.5483067997460924,14,0.8257999617192123,0.9634039997519795,1472,1422,True,ok
bc330dd9c3e1f1b01da77bddae27b46d527be4483da6954817e855004b3ce641,theiler,T2: 1.00× (nominal),23,37,Awake,24.997500250004045,1500,8,0.16,4,0.8,1.3,1.0,0.5564131949224097,0.5564131949224097,14,0.7386615572080676,0.9790725189830244,1472,1406,True,ok
bc330dd9c3e1f1b01da77bddae27b46d527be4483da6954817e855004b3ce641,theiler,T2: 1.00× (nominal),23,38,Awake,24.997500250004045,1500,8,0.16,4,0.8,1.3,1.0,0.5728414989878365,0.5728414989878367,14,0.9117171192999768,0.9619886328967068,1472,1430,True,ok
bc330dd9c3e1f1b01da77bddae27b46d527be4483da6954817e855004b3ce641,theiler,T2: 1.00× (nominal),23,39,Drowsy,24.997500250004045,1500,8,0.16,4,0.8,1.3,1.0,0.47798126062372354,0.4779812606237236,12,0.7687612150045389,0.9462411217775714,1472,1384,True,ok
bc330dd9c3e1f1b01da77bddae27b46d527be4483da6954817e855004b3ce641,theiler,T2: 1.00× (nominal),23,40,Drowsy,24.997500250004045,1500,8,0.16,4,0.8,1.3,1.0,0.5453761005529668,0.5453761005529668,14,0.8025402126496781,0.970261363505599,1472,1408,True,ok
bc330dd9c3e1f1b01da77bddae27b46d527be4483da6954817e855004b3ce641,theiler,T2: 1.00× (nominal),23,41,Drowsy,24.997500250004045,1500,8,0.16,4,0.8,1.3,1.0,0.5723819380355866,0.5723819380355866,14,1.0393012987645012,0.9961224617138416,1472,1429,True,ok
bc330dd9c3e1f1b01da77bddae27b46d527be4483da6954817e855004b3ce641,theiler,T2: 1.00× (nominal),23,42,Drowsy,24.997500250004045,1500,8,0.16,4,0.8,1.3,1.0,0.5201250618469375,0.5201250618469375,13,0.8399673380659687,0.9609736762896208,1472,1415,True,ok
bc330dd9c3e1f1b01da77bddae27b46d527be4483da6954817e855004b3ce641,theiler,T2: 1.00× (nominal),23,43,Drowsy,24.997500250004045,1500,8,0.16,4,0.8,1.3,1.0,0.5443956231161007,0.5443956231161008,14,0.845754214970027,0.9587438278456104,1472,1422,True,ok
bc330dd9c3e1f1b01da77bddae27b46d527be4483da6954817e855004b3ce641,theiler,T2: 1.00× (nominal),23,44,Awake,24.997500250004045,1500,8,0.16,4,0.8,1.3,1.0,0.5231468180729663,0.5231468180729664,13,0.7792367184856378,0.9807946327548004,1472,1422,True,ok
bc330dd9c3e1f1b01da77bddae27b46d527be4483da6954817e855004b3ce641,theiler,T2: 1.00× (nominal),23,45,Awake,24.997500250004045,1500,8,0.16,4,0.8,1.3,1.0,0.5277965194524733,0.5277965194524732,13,0.8094653131634879,0.9675356684809276,1472,1438,True,ok
bc330dd9c3e1f1b01da77bddae27b46d527be4483da6954817e855004b3ce641,theiler,T2: 1.00× (nominal),23,46,Awake,24.997500250004045,1500,8,0.16,4,0.8,1.3,1.0,0.5602620303450936,0.5602620303450936,14,0.8562690574170972,0.9955232623863532,1472,1407,True,ok
bc330dd9c3e1f1b01da77bddae27b46d527be4483da6954817e855004b3ce641,theiler,T2: 1.00× (nominal),23,47,Awake,24.997500250004045,1500,8,0.16,4,0.8,1.3,1.0,0.49993584742411973,0.4999358474241198,12,0.8679674901103558,0.9851758206225304,1472,1415,True,ok
bc330dd9c3e1f1b01da77bddae27b46d527be4483da6954817e855004b3ce641,theiler,T2: 1.00× (nominal),23,48,Awake,24.997500250004045,1500,8,0.16,4,0.8,1.3,1.0,0.5462657470775807,0.5462657470775805,14,0.7528769445673238,0.9862760625197896,1472,1420,True,ok
bc330dd9c3e1f1b01da77bddae27b46d527be4483da6954817e855004b3ce641,theiler,T2: 1.00× (nominal),23,49,Awake,24.997500250004045,1500,8,0.16,4,0.8,1.3,1.0,0.5807110264491556,0.5807110264491555,15,0.860501542779006,0.953035729963466,1472,1426,True,ok
bc330dd9c3e1f1b01da77bddae27b46d527be4483da6954817e855004b3ce641,theiler,T2: 1.00× (nominal),23,50,Awake,24.997500250004045,1500,8,0.16,4,0.8,1.3,1.0,0.5619087117291848,0.5619087117291848,14,0.9278916532527816,0.975924833310244,1472,1435,True,ok
bc330dd9c3e1f1b01da77bddae27b46d527be4483da6954817e855004b3ce641,theiler,T2: 1.00× (nominal),23,51,Awake,24.997500250004045,1500,8,0.16,4,0.8,1.3,1.0,0.6111603459328173,0.6111603459328173,15,1.0163311459228594,0.9969317118801893,1472,1438,True,ok
bc330dd9c3e1f1b01da77bddae27b46d527be4483da6954817e855004b3ce641,theiler,T2: 1.00× (nominal),23,52,Awake,24.997500250004045,1500,8,0.16,4,0.8,1.3,1.0,0.5842175400216562,0.5842175400216559,15,0.816670268459495,0.9880380221376396,1472,1389,True,ok
bc330dd9c3e1f1b01da77bddae27b46d527be4483da6954817e855004b3ce641,theiler,T2: 1.00× (nominal),23,53,Awake,24.997500250004045,1500,8,0.16,4,0.8,1.3,1.0,0.5578897691181549,0.5578897691181549,14,0.7819530456150112,0.9808375874858304,1472,1394,True,ok
bc330dd9c3e1f1b01da77bddae27b46d527be4483da6954817e855004b3ce641,theiler,T2: 1.00× (nominal),23,54,Awake,24.997500250004045,1500,8,0.16,4,0.8,1.3,1.0,0.5363850473823302,0.5363850473823303,13,0.8748446567189749,0.9890366349022492,1472,1398,True,ok
bc330dd9c3e1f1b01da77bddae27b46d527be4483da6954817e855004b3ce641,theiler,T2: 1.00× (nominal),23,55,Awake,24.997500250004045,1500,8,0.16,4,0.8,1.3,1.0,0.5899341522968649,0.5899341522968649,15,0.9013662319902356,0.9854541795873208,1472,1413,True,ok
bc330dd9c3e1f1b01da77bddae27b46d527be4483da6954817e855004b3ce641,theiler,T2: 1.00× (nominal),23,56,Awake,24.997500250004045,1500,8,0.16,4,0.8,1.3,1.0,0.5571915985452136,0.5571915985452136,14,0.7570742576651964,0.9552413836616556,1472,1408,True,ok
bc330dd9c3e1f1b01da77bddae27b46d527be4483da6954817e855004b3ce641,theiler,T2: 1.00× (nominal),23,57,Awake,24.997500250004045,1500,8,0.16,4,0.8,1.3,1.0,0.5496630553154651,0.5496630553154651,14,0.8438493388833312,0.9445267627011872,1472,1409,True,ok
bc330dd9c3e1f1b01da77bddae27b46d527be4483da6954817e855004b3ce641,theiler,T2: 1.00× (nominal),23,58,Awake,24.997500250004045,1500,8,0.16,4,0.8,1.3,1.0,0.5711130938082954,0.5711130938082954,14,0.8756868698539029,0.9955994570214782,1472,1430,True,ok
bc330dd9c3e1f1b01da77bddae27b46d527be4483da6954817e855004b3ce641,theiler,T2: 1.00× (nominal),23,59,Awake,24.997500250004045,1500,8,0.16,4,0.8,1.3,1.0,0.5844711789801667,0.5844711789801668,15,0.8769064916506767,0.988081933575946,1472,1417,True,ok
bc330dd9c3e1f1b01da77bddae27b46d527be4483da6954817e855004b3ce641,theiler,T2: 1.00× (nominal),23,60,Awake,24.997500250004045,1500,8,0.16,4,0.8,1.3,1.0,0.5155428282748479,0.5155428282748479,13,0.7509169518444708,0.9724312279102878,1472,1418,True,ok
bc330dd9c3e1f1b01da77bddae27b46d527be4483da6954817e855004b3ce641,theiler,T2: 1.00× (nominal),23,61,Drowsy,24.997500250004045,1500,8,0.16,4,0.8,1.3,1.0,0.5347655275052174,0.5347655275052173,13,0.7531130035568188,0.9749861159043328,1472,1422,True,ok
bc330dd9c3e1f1b01da77bddae27b46d527be4483da6954817e855004b3ce641,theiler,T2: 1.00× (nominal),23,62,Drowsy,24.997500250004045,1500,8,0.16,4,0.8,1.3,1.0,0.5170826095591993,0.5170826095591995,13,0.7958215661229354,0.98769303616324,1472,1427,True,ok
bc330dd9c3e1f1b01da77bddae27b46d527be4483da6954817e855004b3ce641,theiler,T2: 1.00× (nominal),23,63,Drowsy,24.997500250004045,1500,8,0.16,4,0.8,1.3,1.0,0.5481651593860744,0.5481651593860745,14,0.9060275825820954,0.9867663272291384,1472,1430,True,ok
bc330dd9c3e1f1b01da77bddae27b46d527be4483da6954817e855004b3ce641,theiler,T2: 1.00× (nominal),23,64,Drowsy,24.997500250004045,1500,8,0.16,4,0.8,1.3,1.0,0.5660024091414171,0.5660024091414171,14,0.8836138530948223,0.9815772280770644,1472,1391,True,ok
bc330dd9c3e1f1b01da77bddae27b46d527be4483da6954817e855004b3ce641,theiler,T2: 1.00× (nominal),23,65,Drowsy,24.997500250004045,1500,8,0.16,4,0.8,1.3,1.0,0.484078364613485,0.4840783646134851,12,0.7447884742476825,0.9551566907755696,1472,1419,True,ok
bc330dd9c3e1f1b01da77bddae27b46d527be4483da6954817e855004b3ce641,theiler,T2: 1.00× (nominal),23,66,Drowsy,24.997500250004045,1500,8,0.16,4,0.8,1.3,1.0,0.5351269048364422,0.5351269048364422,13,0.8131421689093767,0.9648376723651724,1472,1419,True,ok
bc330dd9c3e1f1b01da77bddae27b46d527be4483da6954817e855004b3ce641,theiler,T2: 1.00× (nominal),23,67,Drowsy,24.997500250004045,1500,8,0.16,4,0.8,1.3,1.0,0.5142368446884972,0.5142368446884972,13,0.814895336130383,0.9522837714161848,1472,1431,True,ok
bc330dd9c3e1f1b01da77bddae27b46d527be4483da6954817e855004b3ce641,theiler,T2: 1.00× (nominal),23,68,Drowsy,24.997500250004045,1500,8,0.16,4,0.8,1.3,1.0,0.5273936704648056,0.5273936704648055,13,0.8368984008986419,0.9827246057253076,1472,1425,True,ok
bc330dd9c3e1f1b01da77bddae27b46d527be4483da6954817e855004b3ce641,theiler,T2: 1.00× (nominal),25,1,Awake,24.99593816004646,1500,8,0.16,4,0.8,1.3,1.0,0.4289494604766938,0.4289494604766938,11,0.7695114638593156,0.9622397306343774,1472,1393,True,ok
bc330dd9c3e1f1b01da77bddae27b46d527be4483da6954817e855004b3ce641,theiler,T2: 1.00× (nominal),25,2,Awake,24.99593816004646,1500,8,0.16,4,0.8,1.3,1.0,0.41534384970240573,0.4153438497024056,10,0.7441822006475189,0.9831164648686894,1472,1406,True,ok
bc330dd9c3e1f1b01da77bddae27b46d527be4483da6954817e855004b3ce641,theiler,T2: 1.00× (nominal),25,3,Awake,24.99593816004646,1500,8,0.16,4,0.8,1.3,1.0,0.4535830257471812,0.4535830257471813,11,0.7227755438593234,0.9020054651453394,1472,1428,True,ok
bc330dd9c3e1f1b01da77bddae27b46d527be4483da6954817e855004b3ce641,theiler,T2: 1.00× (nominal),25,4,Awake,24.99593816004646,1500,8,0.16,4,0.8,1.3,1.0,0.4565436386632698,0.4565436386632698,11,0.8550465137453555,0.9931201842112114,1472,1396,True,ok
bc330dd9c3e1f1b01da77bddae27b46d527be4483da6954817e855004b3ce641,theiler,T2: 1.00× (nominal),25,5,Awake,24.99593816004646,1500,8,0.16,4,0.8,1.3,1.0,0.45319086474728815,0.4531908647472881,11,0.8552083273525946,0.9136724174298878,1472,1428,True,ok
bc330dd9c3e1f1b01da77bddae27b46d527be4483da6954817e855004b3ce641,theiler,T2: 1.00× (nominal),25,6,Awake,24.99593816004646,1500,8,0.16,4,0.8,1.3,1.0,0.46447681141141617,0.4644768114114161,12,0.972609914726697,0.9809657311578688,1472,1415,True,ok
bc330dd9c3e1f1b01da77bddae27b46d527be4483da6954817e855004b3ce641,theiler,T2: 1.00× (nominal),25,7,Awake,24.99593816004646,1500,8,0.16,4,0.8,1.3,1.0,0.4644001392164327,0.4644001392164327,12,0.9636685236581743,0.9294300545370052,1472,1409,True,ok
bc330dd9c3e1f1b01da77bddae27b46d527be4483da6954817e855004b3ce641,theiler,T2: 1.00× (nominal),25,8,Awake,24.99593816004646,1500,8,0.16,4,0.8,1.3,1.0,0.4669413568022269,0.4669413568022269,12,0.8649111191537391,0.9833161281961696,1472,1401,True,ok
bc330dd9c3e1f1b01da77bddae27b46d527be4483da6954817e855004b3ce641,theiler,T2: 1.00× (nominal),25,9,Awake,24.99593816004646,1500,8,0.16,4,0.8,1.3,1.0,0.46402675509797886,0.4640267550979788,12,0.9072961409793572,0.988770199704607,1472,1411,True,ok
bc330dd9c3e1f1b01da77bddae27b46d527be4483da6954817e855004b3ce641,theiler,T2: 1.00× (nominal),25,10,Awake,24.99593816004646,1500,8,0.16,4,0.8,1.3,1.0,0.49157759183749583,0.4915775918374956,12,0.9826675351825538,0.960754466714373,1472,1413,True,ok
bc330dd9c3e1f1b01da77bddae27b46d527be4483da6954817e855004b3ce641,theiler,T2: 1.00× (nominal),25,11,Awake,24.99593816004646,1500,8,0.16,4,0.8,1.3,1.0,0.45757958083316536,0.4575795808331654,11,0.8256806313306383,0.9701460969058628,1472,1410,True,ok
bc330dd9c3e1f1b01da77bddae27b46d527be4483da6954817e855004b3ce641,theiler,T2: 1.00× (nominal),25,12,Awake,24.99593816004646,1500,8,0.16,4,0.8,1.3,1.0,0.49419789022535104,0.494197890225351,12,0.9489904664225208,0.9890605093586492,1472,1416,True,ok
bc330dd9c3e1f1b01da77bddae27b46d527be4483da6954817e855004b3ce641,theiler,T2: 1.00× (nominal),25,13,Awake,24.99593816004646,1500,8,0.16,4,0.8,1.3,1.0,0.4881712970720961,0.488171297072096,12,0.909048493834118,0.972491678052447,1472,1407,True,ok
bc330dd9c3e1f1b01da77bddae27b46d527be4483da6954817e855004b3ce641,theiler,T2: 1.00× (nominal),25,14,Awake,24.99593816004646,1500,8,0.16,4,0.8,1.3,1.0,0.49630806771509745,0.4963080677150974,12,0.9222925661157684,0.9932586156665372,1472,1393,True,ok
bc330dd9c3e1f1b01da77bddae27b46d527be4483da6954817e855004b3ce641,theiler,T2: 1.00× (nominal),25,15,Awake,24.99593816004646,1500,8,0.16,4,0.8,1.3,1.0,0.4964210973603431,0.4964210973603431,12,1.0166660200090774,0.9851199718984842,1472,1430,True,ok
bc330dd9c3e1f1b01da77bddae27b46d527be4483da6954817e855004b3ce641,theiler,T2: 1.00× (nominal),25,16,Awake,24.99593816004646,1500,8,0.16,4,0.8,1.3,1.0,0.50491549713024,0.50491549713024,13,1.081864920914274,0.989214691012112,1472,1419,True,ok
bc330dd9c3e1f1b01da77bddae27b46d527be4483da6954817e855004b3ce641,theiler,T2: 1.00× (nominal),25,17,Awake,24.99593816004646,1500,8,0.16,4,0.8,1.3,1.0,0.5070763247130479,0.507076324713048,13,0.8891307714386038,0.98849306933153,1472,1418,True,ok
bc330dd9c3e1f1b01da77bddae27b46d527be4483da6954817e855004b3ce641,theiler,T2: 1.00× (nominal),25,18,Awake,24.99593816004646,1500,8,0.16,4,0.8,1.3,1.0,0.49004919494186394,0.4900491949418639,12,0.8710033544869253,0.9901147705403276,1472,1416,True,ok
bc330dd9c3e1f1b01da77bddae27b46d527be4483da6954817e855004b3ce641,theiler,T2: 1.00× (nominal),25,19,Awake,24.99593816004646,1500,8,0.16,4,0.8,1.3,1.0,0.45569194397548896,0.455691943975489,11,0.831407026811809,0.96178208973673,1472,1436,True,ok
bc330dd9c3e1f1b01da77bddae27b46d527be4483da6954817e855004b3ce641,theiler,T2: 1.00× (nominal),25,20,Awake,24.99593816004646,1500,8,0.16,4,0.8,1.3,1.0,0.4509496842313058,0.4509496842313058,11,0.8968116393170088,0.9460009338577045,1472,1405,True,ok
bc330dd9c3e1f1b01da77bddae27b46d527be4483da6954817e855004b3ce641,theiler,T2: 1.00× (nominal),25,21,Awake,24.99593816004646,1500,8,0.16,4,0.8,1.3,1.0,0.47155655414119996,0.4715565541411999,12,0.9016256281460636,0.9617753104560212,1472,1407,True,ok
bc330dd9c3e1f1b01da77bddae27b46d527be4483da6954817e855004b3ce641,theiler,T2: 1.00× (nominal),25,22,Awake,24.99593816004646,1500,8,0.16,4,0.8,1.3,1.0,0.4604980304330797,0.4604980304330798,12,0.8197479506735401,0.989229698556388,1472,1416,True,ok
bc330dd9c3e1f1b01da77bddae27b46d527be4483da6954817e855004b3ce641,theiler,T2: 1.00× (nominal),25,23,Awake,24.99593816004646,1500,8,0.16,4,0.8,1.3,1.0,0.461357819222052,0.461357819222052,12,0.8753285532282131,0.9580818874132808,1472,1426,True,ok
bc330dd9c3e1f1b01da77bddae27b46d527be4483da6954817e855004b3ce641,theiler,T2: 1.00× (nominal),25,24,Drowsy,24.99593816004646,1500,8,0.16,4,0.8,1.3,1.0,0.41639095222244005,0.41639095222244,10,0.8073562825836231,0.9836449602876152,1472,1424,True,ok
bc330dd9c3e1f1b01da77bddae27b46d527be4483da6954817e855004b3ce641,theiler,T2: 1.00× (nominal),25,25,Drowsy,24.99593816004646,1500,8,0.16,4,0.8,1.3,1.0,0.43326829194584016,0.4332682919458401,11,0.917365144374488,0.9798336474758824,1472,1419,True,ok
bc330dd9c3e1f1b01da77bddae27b46d527be4483da6954817e855004b3ce641,theiler,T2: 1.00× (nominal),25,26,Drowsy,24.99593816004646,1500,8,0.16,4,0.8,1.3,1.0,0.4186764701201212,0.4186764701201212,10,0.917940549067695,0.969033901280224,1472,1416,True,ok
bc330dd9c3e1f1b01da77bddae27b46d527be4483da6954817e855004b3ce641,theiler,T2: 1.00× (nominal),25,27,Drowsy,24.99593816004646,1500,8,0.16,4,0.8,1.3,1.0,0.44695356219985877,0.4469535621998588,11,0.9021516051273704,0.966766255090052,1472,1427,True,ok
bc330dd9c3e1f1b01da77bddae27b46d527be4483da6954817e855004b3ce641,theiler,T2: 1.00× (nominal),25,28,Drowsy,24.99593816004646,1500,8,0.16,4,0.8,1.3,1.0,0.40630555675087976,0.4063055567508797,10,0.8136433717639803,0.976334792465288,1472,1401,True,ok
bc330dd9c3e1f1b01da77bddae27b46d527be4483da6954817e855004b3ce641,theiler,T2: 1.00× (nominal),25,29,Drowsy,24.99593816004646,1500,8,0.16,4,0.8,1.3,1.0,0.4228615749243136,0.4228615749243136,11,0.8043138246669549,0.9745696240225504,1472,1434,True,ok
bc330dd9c3e1f1b01da77bddae27b46d527be4483da6954817e855004b3ce641,theiler,T2: 1.00× (nominal),25,30,Drowsy,24.99593816004646,1500,8,0.16,4,0.8,1.3,1.0,0.396525217577649,0.3965252175776489,10,0.7108307583229527,0.9424625302622012,1472,1400,True,ok
bc330dd9c3e1f1b01da77bddae27b46d527be4483da6954817e855004b3ce641,theiler,T2: 1.00× (nominal),25,31,Drowsy,24.99593816004646,1500,8,0.16,4,0.8,1.3,1.0,0.4197564866179245,0.4197564866179245,10,0.7329367246337917,0.8906949935425608,1472,1399,False,low_fit_r2
bc330dd9c3e1f1b01da77bddae27b46d527be4483da6954817e855004b3ce641,theiler,T2: 1.00× (nominal),25,32,Drowsy,24.99593816004646,1500,8,0.16,4,0.8,1.3,1.0,0.44513767295213674,0.4451376729521366,11,0.8060619313236705,0.944888545867111,1472,1425,True,ok
bc330dd9c3e1f1b01da77bddae27b46d527be4483da6954817e855004b3ce641,theiler,T2: 1.00× (nominal),25,33,Drowsy,24.99593816004646,1500,8,0.16,4,0.8,1.3,1.0,0.4323115716894678,0.4323115716894678,11,0.8911532861010536,0.9769161716350984,1472,1401,True,ok
bc330dd9c3e1f1b01da77bddae27b46d527be4483da6954817e855004b3ce641,theiler,T2: 1.00× (nominal),25,34,Awake,24.99593816004646,1500,8,0.16,4,0.8,1.3,1.0,0.42815706651531066,0.4281570665153106,11,0.829409212476707,0.945183126315688,1472,1414,True,ok
bc330dd9c3e1f1b01da77bddae27b46d527be4483da6954817e855004b3ce641,theiler,T2: 1.00× (nominal),25,35,Awake,24.99593816004646,1500,8,0.16,4,0.8,1.3,1.0,0.46528415430965975,0.4652841543096597,12,0.9261499445636956,0.9662436284388066,1472,1428,True,ok
bc330dd9c3e1f1b01da77bddae27b46d527be4483da6954817e855004b3ce641,theiler,T2: 1.00× (nominal),25,36,Awake,24.99593816004646,1500,8,0.16,4,0.8,1.3,1.0,0.44998087170798445,0.4499808717079844,11,0.8608285602568254,0.9915063181229732,1472,1410,True,ok
bc330dd9c3e1f1b01da77bddae27b46d527be4483da6954817e855004b3ce641,theiler,T2: 1.00× (nominal),25,37,Awake,24.99593816004646,1500,8,0.16,4,0.8,1.3,1.0,0.44741216129413175,0.4474121612941318,11,0.8480134339918313,0.9668770439508596,1472,1402,True,ok
bc330dd9c3e1f1b01da77bddae27b46d527be4483da6954817e855004b3ce641,theiler,T2: 1.00× (nominal),25,38,Drowsy,24.99593816004646,1500,8,0.16,4,0.8,1.3,1.0,0.44514282694363055,0.4451428269436305,11,0.7853966859439733,0.9681486223035356,1472,1405,True,ok
bc330dd9c3e1f1b01da77bddae27b46d527be4483da6954817e855004b3ce641,theiler,T2: 1.00× (nominal),25,39,Drowsy,24.99593816004646,1500,8,0.16,4,0.8,1.3,1.0,0.43144639590048417,0.4314463959004841,11,0.689118079878095,0.9099631662649148,1472,1422,True,ok
bc330dd9c3e1f1b01da77bddae27b46d527be4483da6954817e855004b3ce641,theiler,T2: 1.00× (nominal),25,40,Drowsy,24.99593816004646,1500,8,0.16,4,0.8,1.3,1.0,0.4342290785765362,0.4342290785765362,11,0.7462200336299497,0.986378799351063,1472,1423,True,ok
bc330dd9c3e1f1b01da77bddae27b46d527be4483da6954817e855004b3ce641,theiler,T2: 1.00× (nominal),25,41,Drowsy,24.99593816004646,1500,8,0.16,4,0.8,1.3,1.0,0.44493550015797884,0.4449355001579789,11,0.8468295573586161,0.9208602620589316,1472,1429,True,ok
bc330dd9c3e1f1b01da77bddae27b46d527be4483da6954817e855004b3ce641,theiler,T2: 1.00× (nominal),25,42,Drowsy,24.99593816004646,1500,8,0.16,4,0.8,1.3,1.0,0.45368711953478463,0.4536871195347846,11,0.8732872182515505,0.9867482508625732,1472,1434,True,ok
bc330dd9c3e1f1b01da77bddae27b46d527be4483da6954817e855004b3ce641,theiler,T1: 0.75×,1,1,Awake,50.000000000045475,3000,8,0.16,8,0.8,1.3,0.75,0.569361553218632,0.419999999999618,21,0.9161957815827018,0.9895285504568463,2944,2816,True,ok
bc330dd9c3e1f1b01da77bddae27b46d527be4483da6954817e855004b3ce641,theiler,T3: 1.25×,1,1,Awake,50.000000000045475,3000,8,0.16,8,0.8,1.3,1.25,0.569361553218632,0.7199999999993452,36,0.9167093483536551,0.9903717593910394,2944,2816,True,ok
bc330dd9c3e1f1b01da77bddae27b46d527be4483da6954817e855004b3ce641,theiler,T1: 0.75×,1,2,Awake,50.000000000045475,3000,8,0.16,8,0.8,1.3,0.75,0.5577630852884349,0.419999999999618,21,0.972962567729786,0.9895062447790298,2944,2829,True,ok
bc330dd9c3e1f1b01da77bddae27b46d527be4483da6954817e855004b3ce641,theiler,T3: 1.25×,1,2,Awake,50.000000000045475,3000,8,0.16,8,0.8,1.3,1.25,0.5577630852884349,0.6999999999993634,35,0.9801606930369915,0.9906866924562903,2944,2829,True,ok
bc330dd9c3e1f1b01da77bddae27b46d527be4483da6954817e855004b3ce641,theiler,T1: 0.75×,1,3,Awake,50.000000000045475,3000,8,0.16,8,0.8,1.3,0.75,0.5310070189856311,0.3999999999996362,20,0.9863349644536635,0.9956413678496704,2944,2849,True,ok
bc330dd9c3e1f1b01da77bddae27b46d527be4483da6954817e855004b3ce641,theiler,T3: 1.25×,1,3,Awake,50.000000000045475,3000,8,0.16,8,0.8,1.3,1.25,0.5310070189856311,0.6599999999993997,33,0.984785430037336,0.991411217027878,2944,2849,True,ok
bc330dd9c3e1f1b01da77bddae27b46d527be4483da6954817e855004b3ce641,theiler,T1: 0.75×,1,4,Awake,50.000000000045475,3000,8,0.16,8,0.8,1.3,0.75,0.5472291811784833,0.419999999999618,21,0.9933194989930182,0.9874634041620771,2944,2775,True,ok
bc330dd9c3e1f1b01da77bddae27b46d527be4483da6954817e855004b3ce641,theiler,T3: 1.25×,1,4,Awake,50.000000000045475,3000,8,0.16,8,0.8,1.3,1.25,0.5472291811784833,0.6799999999993815,34,0.9868433405664104,0.9874947748316578,2944,2775,True,ok
bc330dd9c3e1f1b01da77bddae27b46d527be4483da6954817e855004b3ce641,theiler,T1: 0.75×,1,5,Awake,50.000000000045475,3000,8,0.16,8,0.8,1.3,0.75,0.5378627805538234,0.3999999999996362,20,1.0049478104847973,0.9958584131968886,2944,2835,True,ok
bc330dd9c3e1f1b01da77bddae27b46d527be4483da6954817e855004b3ce641,theiler,T3: 1.25×,1,5,Awake,50.000000000045475,3000,8,0.16,8,0.8,1.3,1.25,0.5378627805538234,0.6799999999993815,34,1.0022238871648572,0.9946582684147169,2944,2835,True,ok
bc330dd9c3e1f1b01da77bddae27b46d527be4483da6954817e855004b3ce641,theiler,T1: 0.75×,1,6,Awake,50.000000000045475,3000,8,0.16,8,0.8,1.3,0.75,0.5964809621750989,0.4399999999995998,22,0.9660179513763875,0.9843345739160103,2944,2815,True,ok
bc330dd9c3e1f1b01da77bddae27b46d527be4483da6954817e855004b3ce641,theiler,T3: 1.25×,1,6,Awake,50.000000000045475,3000,8,0.16,8,0.8,1.3,1.25,0.5964809621750989,0.739999999999327,37,0.9934206653411927,0.977429446253754,2944,2832,True,ok
bc330dd9c3e1f1b01da77bddae27b46d527be4483da6954817e855004b3ce641,theiler,T1: 0.75×,1,7,Awake,50.000000000045475,3000,8,0.16,8,0.8,1.3,0.75,0.5739539044153945,0.4399999999995998,22,0.8749085618338619,0.9906838165338738,2944,2813,True,ok
bc330dd9c3e1f1b01da77bddae27b46d527be4483da6954817e855004b3ce641,theiler,T3: 1.25×,1,7,Awake,50.000000000045475,3000,8,0.16,8,0.8,1.3,1.25,0.5739539044153945,0.7199999999993452,36,0.8830784896411841,0.9913198227940153,2944,2812,True,ok
bc330dd9c3e1f1b01da77bddae27b46d527be4483da6954817e855004b3ce641,theiler,T1: 0.75×,1,8,Awake,50.000000000045475,3000,8,0.16,8,0.8,1.3,0.75,0.5142838479908601,0.3799999999996544,19,0.6970695452554783,0.9426489106810801,2944,2844,True,ok
bc330dd9c3e1f1b01da77bddae27b46d527be4483da6954817e855004b3ce641,theiler,T3: 1.25×,1,8,Awake,50.000000000045475,3000,8,0.16,8,0.8,1.3,1.25,0.5142838479908601,0.6399999999994179,32,0.7046760055378484,0.9155744343856148,2944,2844,True,ok
bc330dd9c3e1f1b01da77bddae27b46d527be4483da6954817e855004b3ce641,theiler,T1: 0.75×,1,9,Awake,50.000000000045475,3000,8,0.16,8,0.8,1.3,0.75,0.5472444105126111,0.419999999999618,21,0.9509423927957207,0.9846405959631775,2944,2798,True,ok
bc330dd9c3e1f1b01da77bddae27b46d527be4483da6954817e855004b3ce641,theiler,T3: 1.25×,1,9,Awake,50.000000000045475,3000,8,0.16,8,0.8,1.3,1.25,0.5472444105126111,0.6799999999993815,34,0.9664082550234555,0.9871583860752343,2944,2797,True,ok
bc330dd9c3e1f1b01da77bddae27b46d527be4483da6954817e855004b3ce641,theiler,T1: 0.75×,1,10,Awake,50.000000000045475,3000,8,0.16,8,0.8,1.3,0.75,0.560423956464134,0.419999999999618,21,1.0287754956413215,0.9912416272443831,2944,2806,True,ok
bc330dd9c3e1f1b01da77bddae27b46d527be4483da6954817e855004b3ce641,theiler,T3: 1.25×,1,10,Awake,50.000000000045475,3000,8,0.16,8,0.8,1.3,1.25,0.560423956464134,0.6999999999993634,35,1.0277696675899752,0.9892659719429707,2944,2804,True,ok
bc330dd9c3e1f1b01da77bddae27b46d527be4483da6954817e855004b3ce641,theiler,T1: 0.75×,1,11,Awake,50.000000000045475,3000,8,0.16,8,0.8,1.3,0.75,0.5453861896867453,0.3999999999996362,20,0.9856823656851305,0.9902652056932795,2944,2855,True,ok
bc330dd9c3e1f1b01da77bddae27b46d527be4483da6954817e855004b3ce641,theiler,T3: 1.25×,1,11,Awake,50.000000000045475,3000,8,0.16,8,0.8,1.3,1.25,0.5453861896867453,0.6799999999993815,34,0.9855743467697179,0.9904396836820109,2944,2850,True,ok
bc330dd9c3e1f1b01da77bddae27b46d527be4483da6954817e855004b3ce641,theiler,T1: 0.75×,1,12,Awake,50.000000000045475,3000,8,0.16,8,0.8,1.3,0.75,0.5086710033323601,0.3799999999996544,19,0.810945322803681,0.9850439001818897,2944,2800,True,ok
bc330dd9c3e1f1b01da77bddae27b46d527be4483da6954817e855004b3ce641,theiler,T3: 1.25×,1,12,Awake,50.000000000045475,3000,8,0.16,8,0.8,1.3,1.25,0.5086710033323601,0.6399999999994179,32,0.8014860978706707,0.9838242347019779,2944,2800,True,ok
bc330dd9c3e1f1b01da77bddae27b46d527be4483da6954817e855004b3ce641,theiler,T1: 0.75×,1,13,Awake,50.000000000045475,3000,8,0.16,8,0.8,1.3,0.75,0.5450986663830599,0.3999999999996362,20,0.9204619095778255,0.989275863535445,2944,2838,True,ok
bc330dd9c3e1f1b01da77bddae27b46d527be4483da6954817e855004b3ce641,theiler,T3: 1.25×,1,13,Awake,50.000000000045475,3000,8,0.16,8,0.8,1.3,1.25,0.5450986663830599,0.6799999999993815,34,0.9337390948852164,0.9887385639432335,2944,2838,True,ok
bc330dd9c3e1f1b01da77bddae27b46d527be4483da6954817e855004b3ce641,theiler,T1: 0.75×,1,14,Awake,50.000000000045475,3000,8,0.16,8,0.8,1.3,0.75,0.5490672065774523,0.419999999999618,21,1.0173856416758167,0.9746840752211829,2944,2833,True,ok
bc330dd9c3e1f1b01da77bddae27b46d527be4483da6954817e855004b3ce641,theiler,T3: 1.25×,1,14,Awake,50.000000000045475,3000,8,0.16,8,0.8,1.3,1.25,0.5490672065774523,0.6799999999993815,34,1.005962546066134,0.9584940057707987,2944,2833,True,ok
bc330dd9c3e1f1b01da77bddae27b46d527be4483da6954817e855004b3ce641,theiler,T1: 0.75×,1,15,Awake,50.000000000045475,3000,8,0.16,8,0.8,1.3,0.75,0.5526021140742113,0.419999999999618,21,0.9698755202743968,0.9750882357691272,2944,2811,True,ok
bc330dd9c3e1f1b01da77bddae27b46d527be4483da6954817e855004b3ce641,theiler,T3: 1.25×,1,15,Awake,50.000000000045475,3000,8,0.16,8,0.8,1.3,1.25,0.5526021140742113,0.6999999999993634,35,0.9816492619731176,0.9761090699987176,2944,2811,True,ok
bc330dd9c3e1f1b01da77bddae27b46d527be4483da6954817e855004b3ce641,theiler,T1: 0.75×,1,16,Awake,50.000000000045475,3000,8,0.16,8,0.8,1.3,0.75,0.566332829779369,0.419999999999618,21,0.9011516367339951,0.9768777569227372,2944,2815,True,ok
bc330dd9c3e1f1b01da77bddae27b46d527be4483da6954817e855004b3ce641,theiler,T3: 1.25×,1,16,Awake,50.000000000045475,3000,8,0.16,8,0.8,1.3,1.25,0.566332829779369,0.6999999999993634,35,0.9001182278030683,0.9703997810691259,2944,2797,True,ok
bc330dd9c3e1f1b01da77bddae27b46d527be4483da6954817e855004b3ce641,theiler,T1: 0.75×,1,17,Awake,50.000000000045475,3000,8,0.16,8,0.8,1.3,0.75,0.6036980196124853,0.45999999999958163,23,0.8793491655008708,0.9732174961150422,2944,2810,True,ok
bc330dd9c3e1f1b01da77bddae27b46d527be4483da6954817e855004b3ce641,theiler,T3: 1.25×,1,17,Awake,50.000000000045475,3000,8,0.16,8,0.8,1.3,1.25,0.6036980196124853,0.7599999999993088,38,0.8901207423916444,0.9769353848814529,2944,2788,True,ok
bc330dd9c3e1f1b01da77bddae27b46d527be4483da6954817e855004b3ce641,theiler,T1: 0.75×,1,18,Drowsy,50.000000000045475,3000,8,0.16,8,0.8,1.3,0.75,0.5474339689325064,0.419999999999618,21,0.9922830454604018,0.9749579145850259,2944,2873,True,ok
bc330dd9c3e1f1b01da77bddae27b46d527be4483da6954817e855004b3ce641,theiler,T3: 1.25×,1,18,Drowsy,50.000000000045475,3000,8,0.16,8,0.8,1.3,1.25,0.5474339689325064,0.6799999999993815,34,1.0345049062200977,0.9798495901543045,2944,2873,True,ok
bc330dd9c3e1f1b01da77bddae27b46d527be4483da6954817e855004b3ce641,theiler,T1: 0.75×,1,21,Drowsy,50.000000000045475,3000,8,0.16,8,0.8,1.3,0.75,0.5592449708332209,0.419999999999618,21,0.9421648418538598,0.9857012603796635,2944,2822,True,ok
bc330dd9c3e1f1b01da77bddae27b46d527be4483da6954817e855004b3ce641,theiler,T3: 1.25×,1,21,Drowsy,50.000000000045475,3000,8,0.16,8,0.8,1.3,1.25,0.5592449708332209,0.6999999999993634,35,0.9333307989206465,0.9786025098545207,2944,2822,True,ok
bc330dd9c3e1f1b01da77bddae27b46d527be4483da6954817e855004b3ce641,theiler,T1: 0.75×,1,22,Awake,50.000000000045475,3000,8,0.16,8,0.8,1.3,0.75,0.5534842967071117,0.419999999999618,21,0.8550782432674915,0.9848540833426416,2944,2803,True,ok
bc330dd9c3e1f1b01da77bddae27b46d527be4483da6954817e855004b3ce641,theiler,T3: 1.25×,1,22,Awake,50.000000000045475,3000,8,0.16,8,0.8,1.3,1.25,0.5534842967071117,0.6999999999993634,35,0.8879393118253944,0.9861545808756108,2944,2802,True,ok
bc330dd9c3e1f1b01da77bddae27b46d527be4483da6954817e855004b3ce641,theiler,T1: 0.75×,1,23,Awake,50.000000000045475,3000,8,0.16,8,0.8,1.3,0.75,0.559021854977186,0.419999999999618,21,0.9145965983973486,0.9889245515166154,2944,2819,True,ok
bc330dd9c3e1f1b01da77bddae27b46d527be4483da6954817e855004b3ce641,theiler,T3: 1.25×,1,23,Awake,50.000000000045475,3000,8,0.16,8,0.8,1.3,1.25,0.559021854977186,0.6999999999993634,35,0.9256503440747104,0.9903961925814909,2944,2819,True,ok
bc330dd9c3e1f1b01da77bddae27b46d527be4483da6954817e855004b3ce641,theiler,T1: 0.75×,1,24,Drowsy,50.000000000045475,3000,8,0.16,8,0.8,1.3,0.75,0.5791053585444256,0.4399999999995998,22,0.8013539247279471,0.989166332723905,2944,2796,True,ok
bc330dd9c3e1f1b01da77bddae27b46d527be4483da6954817e855004b3ce641,theiler,T3: 1.25×,1,24,Drowsy,50.000000000045475,3000,8,0.16,8,0.8,1.3,1.25,0.5791053585444256,0.7199999999993452,36,0.8072249116179634,0.9774990294124174,2944,2779,True,ok
bc330dd9c3e1f1b01da77bddae27b46d527be4483da6954817e855004b3ce641,theiler,T1: 0.75×,1,25,Drowsy,50.000000000045475,3000,8,0.16,8,0.8,1.3,0.75,0.5901664250045131,0.4399999999995998,22,0.8162442077084744,0.997595388996107,2944,2865,True,ok
bc330dd9c3e1f1b01da77bddae27b46d527be4483da6954817e855004b3ce641,theiler,T3: 1.25×,1,25,Drowsy,50.000000000045475,3000,8,0.16,8,0.8,1.3,1.25,0.5901664250045131,0.739999999999327,37,0.8505348107148729,0.996697814149922,2944,2865,True,ok
bc330dd9c3e1f1b01da77bddae27b46d527be4483da6954817e855004b3ce641,theiler,T1: 0.75×,1,26,Drowsy,50.000000000045475,3000,8,0.16,8,0.8,1.3,0.75,0.5769267558318371,0.4399999999995998,22,0.8833207560797833,0.9915316058036847,2944,2853,True,ok
bc330dd9c3e1f1b01da77bddae27b46d527be4483da6954817e855004b3ce641,theiler,T3: 1.25×,1,26,Drowsy,50.000000000045475,3000,8,0.16,8,0.8,1.3,1.25,0.5769267558318371,0.7199999999993452,36,0.9165786505209115,0.9939585830650917,2944,2844,True,ok
bc330dd9c3e1f1b01da77bddae27b46d527be4483da6954817e855004b3ce641,theiler,T1: 0.75×,1,27,Awake,50.000000000045475,3000,8,0.16,8,0.8,1.3,0.75,0.5891967978300546,0.4399999999995998,22,0.9012354588357542,0.9932012883243814,2944,2862,True,ok
bc330dd9c3e1f1b01da77bddae27b46d527be4483da6954817e855004b3ce641,theiler,T3: 1.25×,1,27,Awake,50.000000000045475,3000,8,0.16,8,0.8,1.3,1.25,0.5891967978300546,0.739999999999327,37,0.9221213552046793,0.9921868555340321,2944,2861,True,ok
bc330dd9c3e1f1b01da77bddae27b46d527be4483da6954817e855004b3ce641,theiler,T1: 0.75×,1,28,Awake,50.000000000045475,3000,8,0.16,8,0.8,1.3,0.75,0.6268567935121061,0.47999999999956344,24,1.011417493410193,0.9910191454336315,2944,2802,True,ok
bc330dd9c3e1f1b01da77bddae27b46d527be4483da6954817e855004b3ce641,theiler,T3: 1.25×,1,28,Awake,50.000000000045475,3000,8,0.16,8,0.8,1.3,1.25,0.6268567935121061,0.7799999999992906,39,1.0117654034327743,0.9901575707381173,2944,2796,True,ok
bc330dd9c3e1f1b01da77bddae27b46d527be4483da6954817e855004b3ce641,theiler,T1: 0.75×,1,29,Awake,50.000000000045475,3000,8,0.16,8,0.8,1.3,0.75,0.6085199783932133,0.45999999999958163,23,1.028058603608312,0.9935051123236256,2944,2806,True,ok
bc330dd9c3e1f1b01da77bddae27b46d527be4483da6954817e855004b3ce641,theiler,T3: 1.25×,1,29,Awake,50.000000000045475,3000,8,0.16,8,0.8,1.3,1.25,0.6085199783932133,0.7599999999993088,38,1.0131405597239842,0.9929008286930078,2944,2805,True,ok
bc330dd9c3e1f1b01da77bddae27b46d527be4483da6954817e855004b3ce641,theiler,T1: 0.75×,1,30,Awake,50.000000000045475,3000,8,0.16,8,0.8,1.3,0.75,0.6041966699094115,0.45999999999958163,23,0.9218189948899741,0.9912654459803356,2944,2790,True,ok
bc330dd9c3e1f1b01da77bddae27b46d527be4483da6954817e855004b3ce641,theiler,T3: 1.25×,1,30,Awake,50.000000000045475,3000,8,0.16,8,0.8,1.3,1.25,0.6041966699094115,0.7599999999993088,38,0.940316385988697,0.988047548557065,2944,2765,True,ok
bc330dd9c3e1f1b01da77bddae27b46d527be4483da6954817e855004b3ce641,theiler,T1: 0.75×,1,31,Drowsy,50.000000000045475,3000,8,0.16,8,0.8,1.3,0.75,0.6106145121255815,0.45999999999958163,23,0.7021028507556002,0.9820380909342759,2944,2792,True,ok
bc330dd9c3e1f1b01da77bddae27b46d527be4483da6954817e855004b3ce641,theiler,T3: 1.25×,1,31,Drowsy,50.000000000045475,3000,8,0.16,8,0.8,1.3,1.25,0.6106145121255815,0.7599999999993088,38,0.7187309593316018,0.9864902486040003,2944,2762,True,ok
bc330dd9c3e1f1b01da77bddae27b46d527be4483da6954817e855004b3ce641,theiler,T1: 0.75×,1,33,Awake,50.000000000045475,3000,8,0.16,8,0.8,1.3,0.75,0.5951472323147307,0.4399999999995998,22,0.8930032308553342,0.993867850447576,2944,2852,True,ok
bc330dd9c3e1f1b01da77bddae27b46d527be4483da6954817e855004b3ce641,theiler,T3: 1.25×,1,33,Awake,50.000000000045475,3000,8,0.16,8,0.8,1.3,1.25,0.5951472323147307,0.739999999999327,37,0.8963659195263064,0.9925848498461414,2944,2852,True,ok
bc330dd9c3e1f1b01da77bddae27b46d527be4483da6954817e855004b3ce641,theiler,T1: 0.75×,1,34,Drowsy,50.000000000045475,3000,8,0.16,8,0.8,1.3,0.75,0.5969485368100336,0.4399999999995998,22,0.8508454421393316,0.9911475161521025,2944,2851,True,ok
bc330dd9c3e1f1b01da77bddae27b46d527be4483da6954817e855004b3ce641,theiler,T3: 1.25×,1,34,Drowsy,50.000000000045475,3000,8,0.16,8,0.8,1.3,1.25,0.5969485368100336,0.739999999999327,37,0.8500112445357711,0.9942250009941793,2944,2853,True,ok
bc330dd9c3e1f1b01da77bddae27b46d527be4483da6954817e855004b3ce641,theiler,T1: 0.75×,4,1,Awake,24.991877639597273,1500,8,0.16,4,0.8,1.3,0.75,0.486649785472999,0.36011700000244673,9,0.640124674935554,0.9452879495988078,1472,1388,True,ok
bc330dd9c3e1f1b01da77bddae27b46d527be4483da6954817e855004b3ce641,theiler,T3: 1.25×,4,1,Awake,24.991877639597273,1500,8,0.16,4,0.8,1.3,1.25,0.486649785472999,0.6001950000040779,15,0.640124674935554,0.9452879495988078,1472,1388,True,ok
bc330dd9c3e1f1b01da77bddae27b46d527be4483da6954817e855004b3ce641,theiler,T1: 0.75×,4,2,Awake,24.991877639597273,1500,8,0.16,4,0.8,1.3,0.75,0.5097943577009518,0.4001300000027186,10,0.7899486334791744,0.9822983254662216,1472,1417,True,ok
bc330dd9c3e1f1b01da77bddae27b46d527be4483da6954817e855004b3ce641,theiler,T3: 1.25×,4,2,Awake,24.991877639597273,1500,8,0.16,4,0.8,1.3,1.25,0.5097943577009518,0.6402080000043497,16,0.8133964472094236,0.9784904449842061,1472,1417,True,ok
bc330dd9c3e1f1b01da77bddae27b46d527be4483da6954817e855004b3ce641,theiler,T1: 0.75×,4,3,Awake,24.991877639597273,1500,8,0.16,4,0.8,1.3,0.75,0.5448969011310193,0.4001300000027186,10,0.8774702478488547,0.9892291837872037,1472,1381,True,ok
bc330dd9c3e1f1b01da77bddae27b46d527be4483da6954817e855004b3ce641,theiler,T3: 1.25×,4,3,Awake,24.991877639597273,1500,8,0.16,4,0.8,1.3,1.25,0.5448969011310193,0.6802210000046216,17,0.8767809533400925,0.9888674725006878,1472,1381,True,ok
bc330dd9c3e1f1b01da77bddae27b46d527be4483da6954817e855004b3ce641,theiler,T1: 0.75×,4,4,Awake,24.991877639597273,1500,8,0.16,4,0.8,1.3,0.75,0.5596502199266864,0.4001300000027186,10,0.8679927250631551,0.9823196698133508,1472,1413,True,ok
bc330dd9c3e1f1b01da77bddae27b46d527be4483da6954817e855004b3ce641,theiler,T3: 1.25×,4,4,Awake,24.991877639597273,1500,8,0.16,4,0.8,1.3,1.25,0.5596502199266864,0.6802210000046216,17,0.8676400442967918,0.981431315742843,1472,1413,True,ok
bc330dd9c3e1f1b01da77bddae27b46d527be4483da6954817e855004b3ce641,theiler,T1: 0.75×,4,5,Awake,24.991877639597273,1500,8,0.16,4,0.8,1.3,0.75,0.5730538629169175,0.44014300000299045,11,0.7655131964468765,0.979998365402047,1472,1412,True,ok
bc330dd9c3e1f1b01da77bddae27b46d527be4483da6954817e855004b3ce641,theiler,T3: 1.25×,4,5,Awake,24.991877639597273,1500,8,0.16,4,0.8,1.3,1.25,0.5730538629169175,0.7202340000048935,18,0.7666166226785704,0.9791686593681593,1472,1411,True,ok
bc330dd9c3e1f1b01da77bddae27b46d527be4483da6954817e855004b3ce641,theiler,T1: 0.75×,4,6,Awake,24.991877639597273,1500,8,0.16,4,0.8,1.3,0.75,0.5245342318024375,0.4001300000027186,10,0.868912584531585,0.9816752152384371,1472,1424,True,ok
bc330dd9c3e1f1b01da77bddae27b46d527be4483da6954817e855004b3ce641,theiler,T3: 1.25×,4,6,Awake,24.991877639597273,1500,8,0.16,4,0.8,1.3,1.25,0.5245342318024375,0.6402080000043497,16,0.8688846770288488,0.9818127101404391,1472,1424,True,ok
bc330dd9c3e1f1b01da77bddae27b46d527be4483da6954817e855004b3ce641,theiler,T1: 0.75×,4,7,Awake,24.991877639597273,1500,8,0.16,4,0.8,1.3,0.75,0.592312316794564,0.44014300000299045,11,0.8082048466294136,0.9645758512174647,1472,1413,True,ok
bc330dd9c3e1f1b01da77bddae27b46d527be4483da6954817e855004b3ce641,theiler,T3: 1.25×,4,7,Awake,24.991877639597273,1500,8,0.16,4,0.8,1.3,1.25,0.592312316794564,0.7602470000051653,19,0.8033438161811064,0.9619013078912232,1472,1413,True,ok
bc330dd9c3e1f1b01da77bddae27b46d527be4483da6954817e855004b3ce641,theiler,T1: 0.75×,4,8,Awake,24.991877639597273,1500,8,0.16,4,0.8,1.3,0.75,0.5415584855473823,0.4001300000027186,10,0.8456319558790418,0.9708049431826664,1472,1408,True,ok
bc330dd9c3e1f1b01da77bddae27b46d527be4483da6954817e855004b3ce641,theiler,T3: 1.25×,4,8,Awake,24.991877639597273,1500,8,0.16,4,0.8,1.3,1.25,0.5415584855473823,0.6802210000046216,17,0.8595947909965856,0.9729507412922312,1472,1408,True,ok
bc330dd9c3e1f1b01da77bddae27b46d527be4483da6954817e855004b3ce641,theiler,T1: 0.75×,4,9,Awake,24.991877639597273,1500,8,0.16,4,0.8,1.3,0.75,0.5595329439809358,0.4001300000027186,10,0.8677791570518432,0.9725312603848912,1472,1404,True,ok
bc330dd9c3e1f1b01da77bddae27b46d527be4483da6954817e855004b3ce641,theiler,T3: 1.25×,4,9,Awake,24.991877639597273,1500,8,0.16,4,0.8,1.3,1.25,0.5595329439809358,0.6802210000046216,17,0.8607256943220817,0.9695427128397093,1472,1404,True,ok
bc330dd9c3e1f1b01da77bddae27b46d527be4483da6954817e855004b3ce641,theiler,T1: 0.75×,4,10,Awake,24.991877639597273,1500,8,0.16,4,0.8,1.3,0.75,0.49771172240242806,0.36011700000244673,9,0.7987880680629765,0.9770228841173288,1472,1393,True,ok
bc330dd9c3e1f1b01da77bddae27b46d527be4483da6954817e855004b3ce641,theiler,T3: 1.25×,4,10,Awake,24.991877639597273,1500,8,0.16,4,0.8,1.3,1.25,0.49771172240242806,0.6402080000043497,16,0.7965224124716458,0.9784276463251066,1472,1393,True,ok
bc330dd9c3e1f1b01da77bddae27b46d527be4483da6954817e855004b3ce641,theiler,T1: 0.75×,4,11,Drowsy,24.991877639597273,1500,8,0.16,4,0.8,1.3,0.75,0.5232115252084582,0.4001300000027186,10,0.6895502093040389,0.9688881498350886,1472,1402,True,ok
bc330dd9c3e1f1b01da77bddae27b46d527be4483da6954817e855004b3ce641,theiler,T3: 1.25×,4,11,Drowsy,24.991877639597273,1500,8,0.16,4,0.8,1.3,1.25,0.5232115252084582,0.6402080000043497,16,0.691140579000142,0.9644343030719016,1472,1402,True,ok
bc330dd9c3e1f1b01da77bddae27b46d527be4483da6954817e855004b3ce641,theiler,T1: 0.75×,4,12,Drowsy,24.991877639597273,1500,8,0.16,4,0.8,1.3,0.75,0.5466173430117337,0.4001300000027186,10,0.7254051540532382,0.9775304939783999,1472,1422,True,ok
bc330dd9c3e1f1b01da77bddae27b46d527be4483da6954817e855004b3ce641,theiler,T3: 1.25×,4,12,Drowsy,24.991877639597273,1500,8,0.16,4,0.8,1.3,1.25,0.5466173430117337,0.6802210000046216,17,0.75631808630563,0.9700992789395372,1472,1422,True,ok
bc330dd9c3e1f1b01da77bddae27b46d527be4483da6954817e855004b3ce641,theiler,T1: 0.75×,4,13,Drowsy,24.991877639597273,1500,8,0.16,4,0.8,1.3,0.75,0.5487617897685365,0.4001300000027186,10,0.7583551340334036,0.9801402102857234,1472,1400,True,ok
bc330dd9c3e1f1b01da77bddae27b46d527be4483da6954817e855004b3ce641,theiler,T3: 1.25×,4,13,Drowsy,24.991877639597273,1500,8,0.16,4,0.8,1.3,1.25,0.5487617897685365,0.6802210000046216,17,0.761068777095787,0.9797390845788992,1472,1400,True,ok
bc330dd9c3e1f1b01da77bddae27b46d527be4483da6954817e855004b3ce641,theiler,T1: 0.75×,4,14,Awake,24.991877639597273,1500,8,0.16,4,0.8,1.3,0.75,0.4886886102073729,0.36011700000244673,9,0.7620085001020849,0.9718296732647705,1472,1408,True,ok
bc330dd9c3e1f1b01da77bddae27b46d527be4483da6954817e855004b3ce641,theiler,T3: 1.25×,4,14,Awake,24.991877639597273,1500,8,0.16,4,0.8,1.3,1.25,0.4886886102073729,0.6001950000040779,15,0.7492114874485681,0.9713615962269584,1472,1408,True,ok
bc330dd9c3e1f1b01da77bddae27b46d527be4483da6954817e855004b3ce641,theiler,T1: 0.75×,4,15,Awake,24.991877639597273,1500,8,0.16,4,0.8,1.3,0.75,0.49495729772850944,0.36011700000244673,9,0.7226874244869205,0.9552675430728714,1472,1426,True,ok
bc330dd9c3e1f1b01da77bddae27b46d527be4483da6954817e855004b3ce641,theiler,T3: 1.25×,4,15,Awake,24.991877639597273,1500,8,0.16,4,0.8,1.3,1.25,0.49495729772850944,0.6001950000040779,15,0.7226874244869205,0.9552675430728714,1472,1426,True,ok
bc330dd9c3e1f1b01da77bddae27b46d527be4483da6954817e855004b3ce641,theiler,T1: 0.75×,4,16,Awake,24.991877639597273,1500,8,0.16,4,0.8,1.3,0.75,0.4986531029401136,0.36011700000244673,9,0.7912909243070774,0.9851512694025324,1472,1433,True,ok
bc330dd9c3e1f1b01da77bddae27b46d527be4483da6954817e855004b3ce641,theiler,T3: 1.25×,4,16,Awake,24.991877639597273,1500,8,0.16,4,0.8,1.3,1.25,0.4986531029401136,0.6402080000043497,16,0.8037246124799575,0.9876272377712587,1472,1433,True,ok
bc330dd9c3e1f1b01da77bddae27b46d527be4483da6954817e855004b3ce641,theiler,T1: 0.75×,4,17,Awake,24.991877639597273,1500,8,0.16,4,0.8,1.3,0.75,0.507532925972993,0.4001300000027186,10,0.7490007020153149,0.9625135365172645,1472,1424,True,ok
bc330dd9c3e1f1b01da77bddae27b46d527be4483da6954817e855004b3ce641,theiler,T3: 1.25×,4,17,Awake,24.991877639597273,1500,8,0.16,4,0.8,1.3,1.25,0.507532925972993,0.6402080000043497,16,0.7490007020153149,0.9625135365172645,1472,1424,True,ok
bc330dd9c3e1f1b01da77bddae27b46d527be4483da6954817e855004b3ce641,theiler,T1: 0.75×,4,18,Awake,24.991877639597273,1500,8,0.16,4,0.8,1.3,0.75,0.49901447063098486,0.36011700000244673,9,0.8079072707678471,0.9659635542673178,1472,1400,True,ok
bc330dd9c3e1f1b01da77bddae27b46d527be4483da6954817e855004b3ce641,theiler,T3: 1.25×,4,18,Awake,24.991877639597273,1500,8,0.16,4,0.8,1.3,1.25,0.49901447063098486,0.6402080000043497,16,0.8079072707678471,0.9659635542673178,1472,1400,True,ok
bc330dd9c3e1f1b01da77bddae27b46d527be4483da6954817e855004b3ce641,theiler,T1: 0.75×,4,19,Awake,24.991877639597273,1500,8,0.16,4,0.8,1.3,0.75,0.5006233887012274,0.36011700000244673,9,0.8696714140263174,0.9918817780490389,1472,1396,True,ok
bc330dd9c3e1f1b01da77bddae27b46d527be4483da6954817e855004b3ce641,theiler,T3: 1.25×,4,19,Awake,24.991877639597273,1500,8,0.16,4,0.8,1.3,1.25,0.5006233887012274,0.6402080000043497,16,0.8856092893183775,0.9926938884884062,1472,1396,True,ok
bc330dd9c3e1f1b01da77bddae27b46d527be4483da6954817e855004b3ce641,theiler,T1: 0.75×,4,20,Awake,24.991877639597273,1500,8,0.16,4,0.8,1.3,0.75,0.518178031068808,0.4001300000027186,10,0.8701487376495088,0.9939493806308055,1472,1427,True,ok
bc330dd9c3e1f1b01da77bddae27b46d527be4483da6954817e855004b3ce641,theiler,T3: 1.25×,4,20,Awake,24.991877639597273,1500,8,0.16,4,0.8,1.3,1.25,0.518178031068808,0.6402080000043497,16,0.8702374408169334,0.9943278004812951,1472,1420,True,ok
bc330dd9c3e1f1b01da77bddae27b46d527be4483da6954817e855004b3ce641,theiler,T1: 0.75×,4,21,Awake,24.991877639597273,1500,8,0.16,4,0.8,1.3,0.75,0.4692488172302807,0.36011700000244673,9,0.7633845704399094,0.9907746645265674,1472,1392,True,ok
bc330dd9c3e1f1b01da77bddae27b46d527be4483da6954817e855004b3ce641,theiler,T3: 1.25×,4,21,Awake,24.991877639597273,1500,8,0.16,4,0.8,1.3,1.25,0.4692488172302807,0.6001950000040779,15,0.7633845704399094,0.9907746645265674,1472,1392,True,ok
bc330dd9c3e1f1b01da77bddae27b46d527be4483da6954817e855004b3ce641,theiler,T1: 0.75×,4,22,Awake,24.991877639597273,1500,8,0.16,4,0.8,1.3,0.75,0.5283159066402929,0.4001300000027186,10,0.7824802990670998,0.985376260712804,1472,1407,True,ok
bc330dd9c3e1f1b01da77bddae27b46d527be4483da6954817e855004b3ce641,theiler,T3: 1.25×,4,22,Awake,24.991877639597273,1500,8,0.16,4,0.8,1.3,1.25,0.5283159066402929,0.6802210000046216,17,0.7781131348932486,0.984359966777365,1472,1407,True,ok
bc330dd9c3e1f1b01da77bddae27b46d527be4483da6954817e855004b3ce641,theiler,T1: 0.75×,4,23,Awake,24.991877639597273,1500,8,0.16,4,0.8,1.3,0.75,0.48484515886425533,0.36011700000244673,9,0.7139715450466734,0.9749342795071846,1472,1417,True,ok
bc330dd9c3e1f1b01da77bddae27b46d527be4483da6954817e855004b3ce641,theiler,T3: 1.25×,4,23,Awake,24.991877639597273,1500,8,0.16,4,0.8,1.3,1.25,0.48484515886425533,0.6001950000040779,15,0.7139715450466734,0.9749342795071846,1472,1417,True,ok
bc330dd9c3e1f1b01da77bddae27b46d527be4483da6954817e855004b3ce641,theiler,T1: 0.75×,4,24,Awake,24.991877639597273,1500,8,0.16,4,0.8,1.3,0.75,0.48460492492673984,0.36011700000244673,9,0.8326741137969206,0.9596727136124612,1472,1403,True,ok
bc330dd9c3e1f1b01da77bddae27b46d527be4483da6954817e855004b3ce641,theiler,T3: 1.25×,4,24,Awake,24.991877639597273,1500,8,0.16,4,0.8,1.3,1.25,0.48460492492673984,0.6001950000040779,15,0.8326741137969206,0.9596727136124612,1472,1403,True,ok
bc330dd9c3e1f1b01da77bddae27b46d527be4483da6954817e855004b3ce641,theiler,T1: 0.75×,4,25,Awake,24.991877639597273,1500,8,0.16,4,0.8,1.3,0.75,0.4686574708286083,0.36011700000244673,9,0.8224498955850977,0.9497421568861222,1472,1415,True,ok
bc330dd9c3e1f1b01da77bddae27b46d527be4483da6954817e855004b3ce641,theiler,T3: 1.25×,4,25,Awake,24.991877639597273,1500,8,0.16,4,0.8,1.3,1.25,0.4686574708286083,0.6001950000040779,15,0.8185489189709508,0.9454039723137546,1472,1415,True,ok
bc330dd9c3e1f1b01da77bddae27b46d527be4483da6954817e855004b3ce641,theiler,T1: 0.75×,4,26,Awake,24.991877639597273,1500,8,0.16,4,0.8,1.3,0.75,0.5184290573908418,0.4001300000027186,10,0.8477073570325854,0.9612577989930748,1472,1422,True,ok
bc330dd9c3e1f1b01da77bddae27b46d527be4483da6954817e855004b3ce641,theiler,T3: 1.25×,4,26,Awake,24.991877639597273,1500,8,0.16,4,0.8,1.3,1.25,0.5184290573908418,0.6402080000043497,16,0.857387012879143,0.9585121644874323,1472,1422,True,ok
bc330dd9c3e1f1b01da77bddae27b46d527be4483da6954817e855004b3ce641,theiler,T1: 0.75×,4,27,Awake,24.991877639597273,1500,8,0.16,4,0.8,1.3,0.75,0.5164833803758792,0.4001300000027186,10,0.8643698428492461,0.9764534952032158,1472,1417,True,ok
bc330dd9c3e1f1b01da77bddae27b46d527be4483da6954817e855004b3ce641,theiler,T3: 1.25×,4,27,Awake,24.991877639597273,1500,8,0.16,4,0.8,1.3,1.25,0.5164833803758792,0.6402080000043497,16,0.8596542676107574,0.9686569304091089,1472,1417,True,ok
bc330dd9c3e1f1b01da77bddae27b46d527be4483da6954817e855004b3ce641,theiler,T1: 0.75×,4,28,Awake,24.991877639597273,1500,8,0.16,4,0.8,1.3,0.75,0.5021008397746517,0.36011700000244673,9,0.7058906281690734,0.9598033740966571,1472,1406,True,ok
bc330dd9c3e1f1b01da77bddae27b46d527be4483da6954817e855004b3ce641,theiler,T3: 1.25×,4,28,Awake,24.991877639597273,1500,8,0.16,4,0.8,1.3,1.25,0.5021008397746517,0.6402080000043497,16,0.7058906281690734,0.9598033740966571,1472,1406,True,ok
bc330dd9c3e1f1b01da77bddae27b46d527be4483da6954817e855004b3ce641,theiler,T1: 0.75×,4,29,Awake,24.991877639597273,1500,8,0.16,4,0.8,1.3,0.75,0.5036603125806921,0.36011700000244673,9,0.8146802098355347,0.9853862708152473,1472,1418,True,ok
bc330dd9c3e1f1b01da77bddae27b46d527be4483da6954817e855004b3ce641,theiler,T3: 1.25×,4,29,Awake,24.991877639597273,1500,8,0.16,4,0.8,1.3,1.25,0.5036603125806921,0.6402080000043497,16,0.8146802098355347,0.9853862708152473,1472,1418,True,ok
bc330dd9c3e1f1b01da77bddae27b46d527be4483da6954817e855004b3ce641,theiler,T1: 0.75×,4,30,Awake,24.991877639597273,1500,8,0.16,4,0.8,1.3,0.75,0.5154811505530754,0.4001300000027186,10,0.9177205889179747,0.9867590459560692,1472,1426,True,ok
bc330dd9c3e1f1b01da77bddae27b46d527be4483da6954817e855004b3ce641,theiler,T3: 1.25×,4,30,Awake,24.991877639597273,1500,8,0.16,4,0.8,1.3,1.25,0.5154811505530754,0.6402080000043497,16,0.9177205889179747,0.9867590459560692,1472,1426,True,ok
bc330dd9c3e1f1b01da77bddae27b46d527be4483da6954817e855004b3ce641,theiler,T1: 0.75×,4,31,Awake,24.991877639597273,1500,8,0.16,4,0.8,1.3,0.75,0.5356265341330797,0.4001300000027186,10,0.8519954661531333,0.9851459704686977,1472,1412,True,ok
bc330dd9c3e1f1b01da77bddae27b46d527be4483da6954817e855004b3ce641,theiler,T3: 1.25×,4,31,Awake,24.991877639597273,1500,8,0.16,4,0.8,1.3,1.25,0.5356265341330797,0.6802210000046216,17,0.8566004159209333,0.9836342532380357,1472,1412,True,ok
bc330dd9c3e1f1b01da77bddae27b46d527be4483da6954817e855004b3ce641,theiler,T1: 0.75×,4,32,Awake,24.991877639597273,1500,8,0.16,4,0.8,1.3,0.75,0.4757450425199569,0.36011700000244673,9,0.7808807446067751,0.9523039006658244,1472,1427,True,ok
bc330dd9c3e1f1b01da77bddae27b46d527be4483da6954817e855004b3ce641,theiler,T3: 1.25×,4,32,Awake,24.991877639597273,1500,8,0.16,4,0.8,1.3,1.25,0.4757450425199569,0.6001950000040779,15,0.7881286727243956,0.9513511946385373,1472,1424,True,ok
bc330dd9c3e1f1b01da77bddae27b46d527be4483da6954817e855004b3ce641,theiler,T1: 0.75×,4,33,Drowsy,24.991877639597273,1500,8,0.16,4,0.8,1.3,0.75,0.5188461518853436,0.4001300000027186,10,0.73752065527316,0.9819718554598277,1472,1400,True,ok
bc330dd9c3e1f1b01da77bddae27b46d527be4483da6954817e855004b3ce641,theiler,T3: 1.25×,4,33,Drowsy,24.991877639597273,1500,8,0.16,4,0.8,1.3,1.25,0.5188461518853436,0.6402080000043497,16,0.7390423953859759,0.9854637917032099,1472,1400,True,ok
bc330dd9c3e1f1b01da77bddae27b46d527be4483da6954817e855004b3ce641,theiler,T1: 0.75×,4,34,Drowsy,24.991877639597273,1500,8,0.16,4,0.8,1.3,0.75,0.4917423019396621,0.36011700000244673,9,0.7535467389481182,0.9703134123910028,1472,1415,True,ok
bc330dd9c3e1f1b01da77bddae27b46d527be4483da6954817e855004b3ce641,theiler,T3: 1.25×,4,34,Drowsy,24.991877639597273,1500,8,0.16,4,0.8,1.3,1.25,0.4917423019396621,0.6001950000040779,15,0.7551805452052456,0.9693142749385993,1472,1415,True,ok
bc330dd9c3e1f1b01da77bddae27b46d527be4483da6954817e855004b3ce641,theiler,T1: 0.75×,4,35,Drowsy,24.991877639597273,1500,8,0.16,4,0.8,1.3,0.75,0.49313405245748715,0.36011700000244673,9,0.7435326898100797,0.960667381299927,1472,1419,True,ok
bc330dd9c3e1f1b01da77bddae27b46d527be4483da6954817e855004b3ce641,theiler,T3: 1.25×,4,35,Drowsy,24.991877639597273,1500,8,0.16,4,0.8,1.3,1.25,0.49313405245748715,0.6001950000040779,15,0.7413952725145116,0.9589141091510648,1472,1419,True,ok
bc330dd9c3e1f1b01da77bddae27b46d527be4483da6954817e855004b3ce641,theiler,T1: 0.75×,4,36,Drowsy,24.991877639597273,1500,8,0.16,4,0.8,1.3,0.75,0.509046670735312,0.4001300000027186,10,0.8618768919086157,0.9806308939597052,1472,1434,True,ok
bc330dd9c3e1f1b01da77bddae27b46d527be4483da6954817e855004b3ce641,theiler,T3: 1.25×,4,36,Drowsy,24.991877639597273,1500,8,0.16,4,0.8,1.3,1.25,0.509046670735312,0.6402080000043497,16,0.8672222147287486,0.9792362445846231,1472,1434,True,ok
bc330dd9c3e1f1b01da77bddae27b46d527be4483da6954817e855004b3ce641,theiler,T1: 0.75×,4,37,Drowsy,24.991877639597273,1500,8,0.16,4,0.8,1.3,0.75,0.49288838622209563,0.36011700000244673,9,0.7588513260015309,0.9804749805892063,1472,1414,True,ok
bc330dd9c3e1f1b01da77bddae27b46d527be4483da6954817e855004b3ce641,theiler,T3: 1.25×,4,37,Drowsy,24.991877639597273,1500,8,0.16,4,0.8,1.3,1.25,0.49288838622209563,0.6001950000040779,15,0.7533364697124622,0.976150602377318,1472,1408,True,ok
bc330dd9c3e1f1b01da77bddae27b46d527be4483da6954817e855004b3ce641,theiler,T1: 0.75×,4,38,Drowsy,24.991877639597273,1500,8,0.16,4,0.8,1.3,0.75,0.4879054589892962,0.36011700000244673,9,0.7621550296798051,0.9455278375363374,1472,1428,True,ok
bc330dd9c3e1f1b01da77bddae27b46d527be4483da6954817e855004b3ce641,theiler,T3: 1.25×,4,38,Drowsy,24.991877639597273,1500,8,0.16,4,0.8,1.3,1.25,0.4879054589892962,0.6001950000040779,15,0.7636111037782984,0.9460099191528369,1472,1428,True,ok
bc330dd9c3e1f1b01da77bddae27b46d527be4483da6954817e855004b3ce641,theiler,T1: 0.75×,4,39,Drowsy,24.991877639597273,1500,8,0.16,4,0.8,1.3,0.75,0.4901124860336338,0.36011700000244673,9,0.7806199838297103,0.9793583443248897,1472,1420,True,ok
bc330dd9c3e1f1b01da77bddae27b46d527be4483da6954817e855004b3ce641,theiler,T3: 1.25×,4,39,Drowsy,24.991877639597273,1500,8,0.16,4,0.8,1.3,1.25,0.4901124860336338,0.6001950000040779,15,0.7758374412886296,0.980355956814179,1472,1420,True,ok
bc330dd9c3e1f1b01da77bddae27b46d527be4483da6954817e855004b3ce641,theiler,T1: 0.75×,4,40,Drowsy,24.991877639597273,1500,8,0.16,4,0.8,1.3,0.75,0.50800008751083,0.4001300000027186,10,0.7510098988471643,0.985959997287192,1472,1411,True,ok
bc330dd9c3e1f1b01da77bddae27b46d527be4483da6954817e855004b3ce641,theiler,T3: 1.25×,4,40,Drowsy,24.991877639597273,1500,8,0.16,4,0.8,1.3,1.25,0.50800008751083,0.6402080000043497,16,0.7544757531727724,0.9827425568384668,1472,1411,True,ok
bc330dd9c3e1f1b01da77bddae27b46d527be4483da6954817e855004b3ce641,theiler,T1: 0.75×,4,41,Drowsy,24.991877639597273,1500,8,0.16,4,0.8,1.3,0.75,0.5212302993317245,0.4001300000027186,10,0.7654461666979245,0.9573745635618822,1472,1406,True,ok
bc330dd9c3e1f1b01da77bddae27b46d527be4483da6954817e855004b3ce641,theiler,T3: 1.25×,4,41,Drowsy,24.991877639597273,1500,8,0.16,4,0.8,1.3,1.25,0.5212302993317245,0.6402080000043497,16,0.772260424453306,0.9497124194856768,1472,1406,True,ok
bc330dd9c3e1f1b01da77bddae27b46d527be4483da6954817e855004b3ce641,theiler,T1: 0.75×,4,42,Drowsy,24.991877639597273,1500,8,0.16,4,0.8,1.3,0.75,0.5381219299782364,0.4001300000027186,10,0.7022239123757171,0.9412632933482596,1472,1409,True,ok
bc330dd9c3e1f1b01da77bddae27b46d527be4483da6954817e855004b3ce641,theiler,T3: 1.25×,4,42,Drowsy,24.991877639597273,1500,8,0.16,4,0.8,1.3,1.25,0.5381219299782364,0.6802210000046216,17,0.6982093853637431,0.9427634127052344,1472,1409,True,ok
bc330dd9c3e1f1b01da77bddae27b46d527be4483da6954817e855004b3ce641,theiler,T1: 0.75×,4,43,Drowsy,24.991877639597273,1500,8,0.16,4,0.8,1.3,0.75,0.48251962069814264,0.36011700000244673,9,0.7593469695050169,0.9715238007424457,1472,1401,True,ok
bc330dd9c3e1f1b01da77bddae27b46d527be4483da6954817e855004b3ce641,theiler,T3: 1.25×,4,43,Drowsy,24.991877639597273,1500,8,0.16,4,0.8,1.3,1.25,0.48251962069814264,0.6001950000040779,15,0.7593469695050169,0.9715238007424457,1472,1401,True,ok
bc330dd9c3e1f1b01da77bddae27b46d527be4483da6954817e855004b3ce641,theiler,T1: 0.75×,4,44,Drowsy,24.991877639597273,1500,8,0.16,4,0.8,1.3,0.75,0.47133655535599017,0.36011700000244673,9,0.8350988727764167,0.9814736351416101,1472,1413,True,ok
bc330dd9c3e1f1b01da77bddae27b46d527be4483da6954817e855004b3ce641,theiler,T3: 1.25×,4,44,Drowsy,24.991877639597273,1500,8,0.16,4,0.8,1.3,1.25,0.47133655535599017,0.6001950000040779,15,0.8350988727764167,0.9814736351416101,1472,1413,True,ok
bc330dd9c3e1f1b01da77bddae27b46d527be4483da6954817e855004b3ce641,theiler,T1: 0.75×,4,45,Drowsy,24.991877639597273,1500,8,0.16,4,0.8,1.3,0.75,0.5217091506709459,0.4001300000027186,10,0.8351175750698633,0.9890973988319659,1472,1416,True,ok
bc330dd9c3e1f1b01da77bddae27b46d527be4483da6954817e855004b3ce641,theiler,T3: 1.25×,4,45,Drowsy,24.991877639597273,1500,8,0.16,4,0.8,1.3,1.25,0.5217091506709459,0.6402080000043497,16,0.8293771309287027,0.9888024625897266,1472,1416,True,ok
bc330dd9c3e1f1b01da77bddae27b46d527be4483da6954817e855004b3ce641,theiler,T1: 0.75×,4,46,Drowsy,24.991877639597273,1500,8,0.16,4,0.8,1.3,0.75,0.5268223538808753,0.4001300000027186,10,0.8712319360183066,0.9733062881021651,1472,1425,True,ok
bc330dd9c3e1f1b01da77bddae27b46d527be4483da6954817e855004b3ce641,theiler,T3: 1.25×,4,46,Drowsy,24.991877639597273,1500,8,0.16,4,0.8,1.3,1.25,0.5268223538808753,0.6402080000043497,16,0.8714010046716321,0.9750104671330769,1472,1425,True,ok
bc330dd9c3e1f1b01da77bddae27b46d527be4483da6954817e855004b3ce641,theiler,T1: 0.75×,5,2,Awake,25.002500250041432,1500,8,0.16,4,0.8,1.3,0.75,0.5476865073526967,0.3999599999997372,10,0.7003659490137759,0.978423853440304,1472,1419,True,ok
bc330dd9c3e1f1b01da77bddae27b46d527be4483da6954817e855004b3ce641,theiler,T3: 1.25×,5,2,Awake,25.002500250041432,1500,8,0.16,4,0.8,1.3,1.25,0.5476865073526967,0.6799319999995532,17,0.6919209465692252,0.9715450594176124,1472,1419,True,ok
bc330dd9c3e1f1b01da77bddae27b46d527be4483da6954817e855004b3ce641,theiler,T1: 0.75×,5,3,Awake,25.002500250041432,1500,8,0.16,4,0.8,1.3,0.75,0.5327884803421785,0.3999599999997372,10,0.6927116192020786,0.903251501570499,1472,1417,True,ok
bc330dd9c3e1f1b01da77bddae27b46d527be4483da6954817e855004b3ce641,theiler,T3: 1.25×,5,3,Awake,25.002500250041432,1500,8,0.16,4,0.8,1.3,1.25,0.5327884803421785,0.6799319999995532,17,0.7013616185420632,0.9162704558582523,1472,1417,True,ok
bc330dd9c3e1f1b01da77bddae27b46d527be4483da6954817e855004b3ce641,theiler,T1: 0.75×,5,4,Awake,25.002500250041432,1500,8,0.16,4,0.8,1.3,0.75,0.5013117222208616,0.3599639999997635,9,0.7809935044928492,0.9866050483911788,1472,1418,True,ok
bc330dd9c3e1f1b01da77bddae27b46d527be4483da6954817e855004b3ce641,theiler,T3: 1.25×,5,4,Awake,25.002500250041432,1500,8,0.16,4,0.8,1.3,1.25,0.5013117222208616,0.6399359999995795,16,0.7823067886037135,0.9874510314694885,1472,1418,True,ok
bc330dd9c3e1f1b01da77bddae27b46d527be4483da6954817e855004b3ce641,theiler,T1: 0.75×,5,5,Awake,25.002500250041432,1500,8,0.16,4,0.8,1.3,0.75,0.47936072178418426,0.3599639999997635,9,0.809792073082385,0.989038603962157,1472,1404,True,ok
bc330dd9c3e1f1b01da77bddae27b46d527be4483da6954817e855004b3ce641,theiler,T3: 1.25×,5,5,Awake,25.002500250041432,1500,8,0.16,4,0.8,1.3,1.25,0.47936072178418426,0.5999399999996058,15,0.809792073082385,0.989038603962157,1472,1404,True,ok
bc330dd9c3e1f1b01da77bddae27b46d527be4483da6954817e855004b3ce641,theiler,T1: 0.75×,5,6,Awake,25.002500250041432,1500,8,0.16,4,0.8,1.3,0.75,0.4956859791982041,0.3599639999997635,9,0.7302719706760146,0.9753452686516214,1472,1415,True,ok
bc330dd9c3e1f1b01da77bddae27b46d527be4483da6954817e855004b3ce641,theiler,T3: 1.25×,5,6,Awake,25.002500250041432,1500,8,0.16,4,0.8,1.3,1.25,0.4956859791982041,0.5999399999996058,15,0.7302719706760146,0.9753452686516214,1472,1415,True,ok
bc330dd9c3e1f1b01da77bddae27b46d527be4483da6954817e855004b3ce641,theiler,T1: 0.75×,5,7,Awake,25.002500250041432,1500,8,0.16,4,0.8,1.3,0.75,0.5527321847654943,0.3999599999997372,10,0.7343543510761443,0.9697716126349613,1472,1433,True,ok
bc330dd9c3e1f1b01da77bddae27b46d527be4483da6954817e855004b3ce641,theiler,T3: 1.25×,5,7,Awake,25.002500250041432,1500,8,0.16,4,0.8,1.3,1.25,0.5527321847654943,0.6799319999995532,17,0.7384486265154862,0.9681867980441801,1472,1431,True,ok
bc330dd9c3e1f1b01da77bddae27b46d527be4483da6954817e855004b3ce641,theiler,T1: 0.75×,5,8,Awake,25.002500250041432,1500,8,0.16,4,0.8,1.3,0.75,0.5353833896721303,0.3999599999997372,10,0.786855931255348,0.9863210495404174,1472,1410,True,ok
bc330dd9c3e1f1b01da77bddae27b46d527be4483da6954817e855004b3ce641,theiler,T3: 1.25×,5,8,Awake,25.002500250041432,1500,8,0.16,4,0.8,1.3,1.25,0.5353833896721303,0.6799319999995532,17,0.7919456251424621,0.9871523913945549,1472,1410,True,ok
bc330dd9c3e1f1b01da77bddae27b46d527be4483da6954817e855004b3ce641,theiler,T1: 0.75×,5,9,Awake,25.002500250041432,1500,8,0.16,4,0.8,1.3,0.75,0.5297401511016432,0.3999599999997372,10,0.8130711282416521,0.9573014403818941,1472,1414,True,ok
bc330dd9c3e1f1b01da77bddae27b46d527be4483da6954817e855004b3ce641,theiler,T3: 1.25×,5,9,Awake,25.002500250041432,1500,8,0.16,4,0.8,1.3,1.25,0.5297401511016432,0.6799319999995532,17,0.8137824963165554,0.9570761753967871,1472,1414,True,ok
bc330dd9c3e1f1b01da77bddae27b46d527be4483da6954817e855004b3ce641,theiler,T1: 0.75×,5,10,Awake,25.002500250041432,1500,8,0.16,4,0.8,1.3,0.75,0.5198509404895525,0.3999599999997372,10,0.8262337648720133,0.9529519271369643,1472,1381,True,ok
bc330dd9c3e1f1b01da77bddae27b46d527be4483da6954817e855004b3ce641,theiler,T3: 1.25×,5,10,Awake,25.002500250041432,1500,8,0.16,4,0.8,1.3,1.25,0.5198509404895525,0.6399359999995795,16,0.8262337648720133,0.9529519271369643,1472,1381,True,ok
bc330dd9c3e1f1b01da77bddae27b46d527be4483da6954817e855004b3ce641,theiler,T1: 0.75×,5,11,Awake,25.002500250041432,1500,8,0.16,4,0.8,1.3,0.75,0.45849314878443,0.3599639999997635,9,0.6882142096766141,0.9818434555892338,1472,1405,True,ok
bc330dd9c3e1f1b01da77bddae27b46d527be4483da6954817e855004b3ce641,theiler,T3: 1.25×,5,11,Awake,25.002500250041432,1500,8,0.16,4,0.8,1.3,1.25,0.45849314878443,0.5599439999996321,14,0.7057333588697984,0.9853082316634192,1472,1404,True,ok
bc330dd9c3e1f1b01da77bddae27b46d527be4483da6954817e855004b3ce641,theiler,T1: 0.75×,5,12,Awake,25.002500250041432,1500,8,0.16,4,0.8,1.3,0.75,0.46463501657405115,0.3599639999997635,9,0.7402914129813681,0.9849126560843787,1472,1428,True,ok
bc330dd9c3e1f1b01da77bddae27b46d527be4483da6954817e855004b3ce641,theiler,T3: 1.25×,5,12,Awake,25.002500250041432,1500,8,0.16,4,0.8,1.3,1.25,0.46463501657405115,0.5999399999996058,15,0.740600580006853,0.9845498934733896,1472,1428,True,ok
bc330dd9c3e1f1b01da77bddae27b46d527be4483da6954817e855004b3ce641,theiler,T1: 0.75×,5,13,Awake,25.002500250041432,1500,8,0.16,4,0.8,1.3,0.75,0.5032422267878954,0.3599639999997635,9,0.7573855329708173,0.9915691594696975,1472,1403,True,ok
bc330dd9c3e1f1b01da77bddae27b46d527be4483da6954817e855004b3ce641,theiler,T3: 1.25×,5,13,Awake,25.002500250041432,1500,8,0.16,4,0.8,1.3,1.25,0.5032422267878954,0.6399359999995795,16,0.7567724084098967,0.989764067051759,1472,1403,True,ok
bc330dd9c3e1f1b01da77bddae27b46d527be4483da6954817e855004b3ce641,theiler,T1: 0.75×,5,14,Awake,25.002500250041432,1500,8,0.16,4,0.8,1.3,0.75,0.5302008679521525,0.3999599999997372,10,0.6820216171141595,0.9906410487296258,1472,1395,True,ok
bc330dd9c3e1f1b01da77bddae27b46d527be4483da6954817e855004b3ce641,theiler,T3: 1.25×,5,14,Awake,25.002500250041432,1500,8,0.16,4,0.8,1.3,1.25,0.5302008679521525,0.6799319999995532,17,0.6728756918603266,0.9899352976538266,1472,1395,True,ok
bc330dd9c3e1f1b01da77bddae27b46d527be4483da6954817e855004b3ce641,theiler,T1: 0.75×,5,16,Awake,25.002500250041432,1500,8,0.16,4,0.8,1.3,0.75,0.49108289894566737,0.3599639999997635,9,0.9010124363918085,0.9915547574388659,1472,1391,True,ok
bc330dd9c3e1f1b01da77bddae27b46d527be4483da6954817e855004b3ce641,theiler,T3: 1.25×,5,16,Awake,25.002500250041432,1500,8,0.16,4,0.8,1.3,1.25,0.49108289894566737,0.5999399999996058,15,0.9010124363918085,0.9915547574388659,1472,1391,True,ok
bc330dd9c3e1f1b01da77bddae27b46d527be4483da6954817e855004b3ce641,theiler,T1: 0.75×,5,17,Awake,25.002500250041432,1500,8,0.16,4,0.8,1.3,0.75,0.4840990931124957,0.3599639999997635,9,0.8368787335232014,0.9867804550446155,1472,1410,True,ok
bc330dd9c3e1f1b01da77bddae27b46d527be4483da6954817e855004b3ce641,theiler,T3: 1.25×,5,17,Awake,25.002500250041432,1500,8,0.16,4,0.8,1.3,1.25,0.4840990931124957,0.5999399999996058,15,0.8368787335232014,0.9867804550446155,1472,1410,True,ok
bc330dd9c3e1f1b01da77bddae27b46d527be4483da6954817e855004b3ce641,theiler,T1: 0.75×,5,18,Awake,25.002500250041432,1500,8,0.16,4,0.8,1.3,0.75,0.45916282053732216,0.3599639999997635,9,0.730638520615028,0.9939374839362632,1472,1409,True,ok
bc330dd9c3e1f1b01da77bddae27b46d527be4483da6954817e855004b3ce641,theiler,T3: 1.25×,5,18,Awake,25.002500250041432,1500,8,0.16,4,0.8,1.3,1.25,0.45916282053732216,0.5599439999996321,14,0.7301466779078515,0.9938827019287031,1472,1409,True,ok
bc330dd9c3e1f1b01da77bddae27b46d527be4483da6954817e855004b3ce641,theiler,T1: 0.75×,5,19,Awake,25.002500250041432,1500,8,0.16,4,0.8,1.3,0.75,0.5228259862637906,0.3999599999997372,10,0.7680204034431836,0.9790947008463634,1472,1397,True,ok
bc330dd9c3e1f1b01da77bddae27b46d527be4483da6954817e855004b3ce641,theiler,T3: 1.25×,5,19,Awake,25.002500250041432,1500,8,0.16,4,0.8,1.3,1.25,0.5228259862637906,0.6399359999995795,16,0.7693117556265602,0.9741058016867439,1472,1397,True,ok
bc330dd9c3e1f1b01da77bddae27b46d527be4483da6954817e855004b3ce641,theiler,T1: 0.75×,5,20,Awake,25.002500250041432,1500,8,0.16,4,0.8,1.3,0.75,0.495242552069398,0.3599639999997635,9,0.8167451467128732,0.9715460357750121,1472,1421,True,ok
bc330dd9c3e1f1b01da77bddae27b46d527be4483da6954817e855004b3ce641,theiler,T3: 1.25×,5,20,Awake,25.002500250041432,1500,8,0.16,4,0.8,1.3,1.25,0.495242552069398,0.5999399999996058,15,0.8167451467128732,0.9715460357750121,1472,1421,True,ok
bc330dd9c3e1f1b01da77bddae27b46d527be4483da6954817e855004b3ce641,theiler,T1: 0.75×,5,21,Awake,25.002500250041432,1500,8,0.16,4,0.8,1.3,0.75,0.47194374226841124,0.3599639999997635,9,0.7933717507556469,0.9854148790389953,1472,1397,True,ok
bc330dd9c3e1f1b01da77bddae27b46d527be4483da6954817e855004b3ce641,theiler,T3: 1.25×,5,21,Awake,25.002500250041432,1500,8,0.16,4,0.8,1.3,1.25,0.47194374226841124,0.5999399999996058,15,0.7933717507556469,0.9854148790389953,1472,1397,True,ok
bc330dd9c3e1f1b01da77bddae27b46d527be4483da6954817e855004b3ce641,theiler,T1: 0.75×,5,22,Awake,25.002500250041432,1500,8,0.16,4,0.8,1.3,0.75,0.48064437814704825,0.3599639999997635,9,0.8418055280926718,0.987302981484818,1472,1409,True,ok
bc330dd9c3e1f1b01da77bddae27b46d527be4483da6954817e855004b3ce641,theiler,T3: 1.25×,5,22,Awake,25.002500250041432,1500,8,0.16,4,0.8,1.3,1.25,0.48064437814704825,0.5999399999996058,15,0.8418055280926718,0.987302981484818,1472,1409,True,ok
bc330dd9c3e1f1b01da77bddae27b46d527be4483da6954817e855004b3ce641,theiler,T1: 0.75×,5,23,Awake,25.002500250041432,1500,8,0.16,4,0.8,1.3,0.75,0.515777180363932,0.3999599999997372,10,0.7515650300742498,0.9440460821625821,1472,1382,True,ok
bc330dd9c3e1f1b01da77bddae27b46d527be4483da6954817e855004b3ce641,theiler,T3: 1.25×,5,23,Awake,25.002500250041432,1500,8,0.16,4,0.8,1.3,1.25,0.515777180363932,0.6399359999995795,16,0.7515650300742498,0.9440460821625821,1472,1382,True,ok
bc330dd9c3e1f1b01da77bddae27b46d527be4483da6954817e855004b3ce641,theiler,T1: 0.75×,5,24,Awake,25.002500250041432,1500,8,0.16,4,0.8,1.3,0.75,0.49183831676899137,0.3599639999997635,9,0.7944121260359143,0.9833292572482445,1472,1433,True,ok
bc330dd9c3e1f1b01da77bddae27b46d527be4483da6954817e855004b3ce641,theiler,T3: 1.25×,5,24,Awake,25.002500250041432,1500,8,0.16,4,0.8,1.3,1.25,0.49183831676899137,0.5999399999996058,15,0.8098378937627697,0.9838803637449334,1472,1433,True,ok
bc330dd9c3e1f1b01da77bddae27b46d527be4483da6954817e855004b3ce641,theiler,T1: 0.75×,5,25,Awake,25.002500250041432,1500,8,0.16,4,0.8,1.3,0.75,0.5533914756194653,0.3999599999997372,10,0.9189565685515921,0.9964575425305844,1472,1420,True,ok
bc330dd9c3e1f1b01da77bddae27b46d527be4483da6954817e855004b3ce641,theiler,T3: 1.25×,5,25,Awake,25.002500250041432,1500,8,0.16,4,0.8,1.3,1.25,0.5533914756194653,0.6799319999995532,17,0.9236240073010828,0.9969923169388166,1472,1417,True,ok
bc330dd9c3e1f1b01da77bddae27b46d527be4483da6954817e855004b3ce641,theiler,T1: 0.75×,5,26,Drowsy,25.002500250041432,1500,8,0.16,4,0.8,1.3,0.75,0.44123720668337807,0.31996799999978975,8,0.7576837424205665,0.9927920803603413,1472,1428,True,ok
bc330dd9c3e1f1b01da77bddae27b46d527be4483da6954817e855004b3ce641,theiler,T3: 1.25×,5,26,Drowsy,25.002500250041432,1500,8,0.16,4,0.8,1.3,1.25,0.44123720668337807,0.5599439999996321,14,0.7576837424205665,0.9927920803603413,1472,1428,True,ok
bc330dd9c3e1f1b01da77bddae27b46d527be4483da6954817e855004b3ce641,theiler,T1: 0.75×,5,27,Drowsy,25.002500250041432,1500,8,0.16,4,0.8,1.3,0.75,0.4460773278755486,0.31996799999978975,8,0.8064381744929007,0.9732528858030778,1472,1413,True,ok
bc330dd9c3e1f1b01da77bddae27b46d527be4483da6954817e855004b3ce641,theiler,T3: 1.25×,5,27,Drowsy,25.002500250041432,1500,8,0.16,4,0.8,1.3,1.25,0.4460773278755486,0.5599439999996321,14,0.8071142793495838,0.9740114902490232,1472,1413,True,ok
bc330dd9c3e1f1b01da77bddae27b46d527be4483da6954817e855004b3ce641,theiler,T1: 0.75×,5,28,Drowsy,25.002500250041432,1500,8,0.16,4,0.8,1.3,0.75,0.4640364221831536,0.3599639999997635,9,0.6523974409354448,0.9424645767803344,1472,1391,True,ok
bc330dd9c3e1f1b01da77bddae27b46d527be4483da6954817e855004b3ce641,theiler,T3: 1.25×,5,28,Drowsy,25.002500250041432,1500,8,0.16,4,0.8,1.3,1.25,0.4640364221831536,0.5999399999996058,15,0.6654219160066133,0.9491072043992321,1472,1391,True,ok
bc330dd9c3e1f1b01da77bddae27b46d527be4483da6954817e855004b3ce641,theiler,T1: 0.75×,5,29,Drowsy,25.002500250041432,1500,8,0.16,4,0.8,1.3,0.75,0.4465921071702163,0.31996799999978975,8,0.7371647087561622,0.9722025018810367,1472,1386,True,ok
bc330dd9c3e1f1b01da77bddae27b46d527be4483da6954817e855004b3ce641,theiler,T3: 1.25×,5,29,Drowsy,25.002500250041432,1500,8,0.16,4,0.8,1.3,1.25,0.4465921071702163,0.5599439999996321,14,0.7371647087561622,0.9722025018810367,1472,1386,True,ok
bc330dd9c3e1f1b01da77bddae27b46d527be4483da6954817e855004b3ce641,theiler,T1: 0.75×,5,30,Drowsy,25.002500250041432,1500,8,0.16,4,0.8,1.3,0.75,0.42761339662047937,0.31996799999978975,8,0.6387387778303402,0.9006727223531255,1472,1437,True,ok
bc330dd9c3e1f1b01da77bddae27b46d527be4483da6954817e855004b3ce641,theiler,T3: 1.25×,5,30,Drowsy,25.002500250041432,1500,8,0.16,4,0.8,1.3,1.25,0.42761339662047937,0.5199479999996584,13,0.6387387778303402,0.9006727223531255,1472,1437,True,ok
bc330dd9c3e1f1b01da77bddae27b46d527be4483da6954817e855004b3ce641,theiler,T1: 0.75×,5,31,Drowsy,25.002500250041432,1500,8,0.16,4,0.8,1.3,0.75,0.46577976857419556,0.3599639999997635,9,0.7553679713612503,0.9865324155382791,1472,1406,True,ok
bc330dd9c3e1f1b01da77bddae27b46d527be4483da6954817e855004b3ce641,theiler,T3: 1.25×,5,31,Drowsy,25.002500250041432,1500,8,0.16,4,0.8,1.3,1.25,0.46577976857419556,0.5999399999996058,15,0.7554719790620658,0.986645031904462,1472,1406,True,ok
bc330dd9c3e1f1b01da77bddae27b46d527be4483da6954817e855004b3ce641,theiler,T1: 0.75×,5,32,Awake,25.002500250041432,1500,8,0.16,4,0.8,1.3,0.75,0.45560836124275905,0.3599639999997635,9,0.7296009936305135,0.9341158793294044,1472,1404,True,ok
bc330dd9c3e1f1b01da77bddae27b46d527be4483da6954817e855004b3ce641,theiler,T3: 1.25×,5,32,Awake,25.002500250041432,1500,8,0.16,4,0.8,1.3,1.25,0.45560836124275905,0.5599439999996321,14,0.7296009936305135,0.9341158793294044,1472,1404,True,ok
bc330dd9c3e1f1b01da77bddae27b46d527be4483da6954817e855004b3ce641,theiler,T1: 0.75×,5,33,Awake,25.002500250041432,1500,8,0.16,4,0.8,1.3,0.75,0.4680495225223681,0.3599639999997635,9,0.7692887486998038,0.9780778954235149,1472,1407,True,ok
bc330dd9c3e1f1b01da77bddae27b46d527be4483da6954817e855004b3ce641,theiler,T3: 1.25×,5,33,Awake,25.002500250041432,1500,8,0.16,4,0.8,1.3,1.25,0.4680495225223681,0.5999399999996058,15,0.7692887486998038,0.9780778954235149,1472,1407,True,ok
bc330dd9c3e1f1b01da77bddae27b46d527be4483da6954817e855004b3ce641,theiler,T1: 0.75×,5,34,Awake,25.002500250041432,1500,8,0.16,4,0.8,1.3,0.75,0.4797627237160508,0.3599639999997635,9,0.8164451440795163,0.9826778572591159,1472,1408,True,ok
bc330dd9c3e1f1b01da77bddae27b46d527be4483da6954817e855004b3ce641,theiler,T3: 1.25×,5,34,Awake,25.002500250041432,1500,8,0.16,4,0.8,1.3,1.25,0.4797627237160508,0.5999399999996058,15,0.8164451440795163,0.9826778572591159,1472,1408,True,ok
bc330dd9c3e1f1b01da77bddae27b46d527be4483da6954817e855004b3ce641,theiler,T1: 0.75×,5,35,Awake,25.002500250041432,1500,8,0.16,4,0.8,1.3,0.75,0.46905009234122763,0.3599639999997635,9,0.7673447045595045,0.9926124362381495,1472,1418,True,ok
bc330dd9c3e1f1b01da77bddae27b46d527be4483da6954817e855004b3ce641,theiler,T3: 1.25×,5,35,Awake,25.002500250041432,1500,8,0.16,4,0.8,1.3,1.25,0.46905009234122763,0.5999399999996058,15,0.7673447045595045,0.9926124362381495,1472,1418,True,ok
bc330dd9c3e1f1b01da77bddae27b46d527be4483da6954817e855004b3ce641,theiler,T1: 0.75×,5,36,Awake,25.002500250041432,1500,8,0.16,4,0.8,1.3,0.75,0.4645826522093368,0.3599639999997635,9,0.7174392401504119,0.9795562291833451,1472,1414,True,ok
bc330dd9c3e1f1b01da77bddae27b46d527be4483da6954817e855004b3ce641,theiler,T3: 1.25×,5,36,Awake,25.002500250041432,1500,8,0.16,4,0.8,1.3,1.25,0.4645826522093368,0.5999399999996058,15,0.7174392401504119,0.9795562291833451,1472,1414,True,ok
bc330dd9c3e1f1b01da77bddae27b46d527be4483da6954817e855004b3ce641,theiler,T1: 0.75×,5,37,Awake,25.002500250041432,1500,8,0.16,4,0.8,1.3,0.75,0.4659554246900769,0.3599639999997635,9,0.7628833744483251,0.9873719775939274,1472,1409,True,ok
bc330dd9c3e1f1b01da77bddae27b46d527be4483da6954817e855004b3ce641,theiler,T3: 1.25×,5,37,Awake,25.002500250041432,1500,8,0.16,4,0.8,1.3,1.25,0.4659554246900769,0.5999399999996058,15,0.7628833744483251,0.9873719775939274,1472,1409,True,ok
bc330dd9c3e1f1b01da77bddae27b46d527be4483da6954817e855004b3ce641,theiler,T1: 0.75×,5,38,Awake,25.002500250041432,1500,8,0.16,4,0.8,1.3,0.75,0.4606374998546853,0.3599639999997635,9,0.6621808610386968,0.9613082120641401,1472,1418,True,ok
bc330dd9c3e1f1b01da77bddae27b46d527be4483da6954817e855004b3ce641,theiler,T3: 1.25×,5,38,Awake,25.002500250041432,1500,8,0.16,4,0.8,1.3,1.25,0.4606374998546853,0.5599439999996321,14,0.6621808610386968,0.9613082120641401,1472,1418,True,ok
bc330dd9c3e1f1b01da77bddae27b46d527be4483da6954817e855004b3ce641,theiler,T1: 0.75×,5,39,Awake,25.002500250041432,1500,8,0.16,4,0.8,1.3,0.75,0.4933369920693269,0.3599639999997635,9,0.7125843719203189,0.987807808908853,1472,1424,True,ok
bc330dd9c3e1f1b01da77bddae27b46d527be4483da6954817e855004b3ce641,theiler,T3: 1.25×,5,39,Awake,25.002500250041432,1500,8,0.16,4,0.8,1.3,1.25,0.4933369920693269,0.5999399999996058,15,0.7106151728946378,0.9882282195315384,1472,1424,True,ok
bc330dd9c3e1f1b01da77bddae27b46d527be4483da6954817e855004b3ce641,theiler,T1: 0.75×,5,40,Awake,25.002500250041432,1500,8,0.16,4,0.8,1.3,0.75,0.5182221979078272,0.3999599999997372,10,0.7290688719809241,0.981282128479562,1472,1415,True,ok
bc330dd9c3e1f1b01da77bddae27b46d527be4483da6954817e855004b3ce641,theiler,T3: 1.25×,5,40,Awake,25.002500250041432,1500,8,0.16,4,0.8,1.3,1.25,0.5182221979078272,0.6399359999995795,16,0.7261181846519753,0.9725372860871084,1472,1415,True,ok
bc330dd9c3e1f1b01da77bddae27b46d527be4483da6954817e855004b3ce641,theiler,T1: 0.75×,5,41,Drowsy,25.002500250041432,1500,8,0.16,4,0.8,1.3,0.75,0.48607120977303786,0.3599639999997635,9,0.628908500601781,0.9472416258980096,1472,1381,True,ok
bc330dd9c3e1f1b01da77bddae27b46d527be4483da6954817e855004b3ce641,theiler,T3: 1.25×,5,41,Drowsy,25.002500250041432,1500,8,0.16,4,0.8,1.3,1.25,0.48607120977303786,0.5999399999996058,15,0.6407244994247234,0.9523238997191616,1472,1381,True,ok
bc330dd9c3e1f1b01da77bddae27b46d527be4483da6954817e855004b3ce641,theiler,T1: 0.75×,5,42,Drowsy,25.002500250041432,1500,8,0.16,4,0.8,1.3,0.75,0.5145975998626496,0.3999599999997372,10,0.6960540453847249,0.9507779895912686,1472,1428,True,ok
bc330dd9c3e1f1b01da77bddae27b46d527be4483da6954817e855004b3ce641,theiler,T3: 1.25×,5,42,Drowsy,25.002500250041432,1500,8,0.16,4,0.8,1.3,1.25,0.5145975998626496,0.6399359999995795,16,0.705408235084026,0.9563787451379648,1472,1427,True,ok
bc330dd9c3e1f1b01da77bddae27b46d527be4483da6954817e855004b3ce641,theiler,T1: 0.75×,5,43,Drowsy,25.002500250041432,1500,8,0.16,4,0.8,1.3,0.75,0.4994722302792087,0.3599639999997635,9,0.7019740465291269,0.9696828843172264,1472,1405,True,ok
bc330dd9c3e1f1b01da77bddae27b46d527be4483da6954817e855004b3ce641,theiler,T3: 1.25×,5,43,Drowsy,25.002500250041432,1500,8,0.16,4,0.8,1.3,1.25,0.4994722302792087,0.6399359999995795,16,0.7016458092721091,0.9648599921134429,1472,1404,True,ok
bc330dd9c3e1f1b01da77bddae27b46d527be4483da6954817e855004b3ce641,theiler,T1: 0.75×,5,44,Drowsy,25.002500250041432,1500,8,0.16,4,0.8,1.3,0.75,0.47409472025017263,0.3599639999997635,9,0.6422697359512229,0.9919654030164973,1472,1396,True,ok
bc330dd9c3e1f1b01da77bddae27b46d527be4483da6954817e855004b3ce641,theiler,T3: 1.25×,5,44,Drowsy,25.002500250041432,1500,8,0.16,4,0.8,1.3,1.25,0.47409472025017263,0.5999399999996058,15,0.642606712656496,0.9902637993628438,1472,1396,True,ok
bc330dd9c3e1f1b01da77bddae27b46d527be4483da6954817e855004b3ce641,theiler,T1: 0.75×,5,45,Drowsy,25.002500250041432,1500,8,0.16,4,0.8,1.3,0.75,0.48047342242843794,0.3599639999997635,9,0.6914799086539559,0.985876795105346,1472,1426,True,ok
bc330dd9c3e1f1b01da77bddae27b46d527be4483da6954817e855004b3ce641,theiler,T3: 1.25×,5,45,Drowsy,25.002500250041432,1500,8,0.16,4,0.8,1.3,1.25,0.48047342242843794,0.5999399999996058,15,0.6982975736234607,0.9854811516021676,1472,1426,True,ok
bc330dd9c3e1f1b01da77bddae27b46d527be4483da6954817e855004b3ce641,theiler,T1: 0.75×,5,47,Drowsy,25.002500250041432,1500,8,0.16,4,0.8,1.3,0.75,0.45975139244841623,0.3599639999997635,9,0.7262718884770492,0.97680225732169,1472,1428,True,ok
bc330dd9c3e1f1b01da77bddae27b46d527be4483da6954817e855004b3ce641,theiler,T3: 1.25×,5,47,Drowsy,25.002500250041432,1500,8,0.16,4,0.8,1.3,1.25,0.45975139244841623,0.5599439999996321,14,0.7272819226518997,0.9770081639926979,1472,1428,True,ok
bc330dd9c3e1f1b01da77bddae27b46d527be4483da6954817e855004b3ce641,theiler,T1: 0.75×,5,48,Drowsy,25.002500250041432,1500,8,0.16,4,0.8,1.3,0.75,0.5103807445747076,0.3999599999997372,10,0.6448699451394824,0.9390805244523673,1472,1433,True,ok
bc330dd9c3e1f1b01da77bddae27b46d527be4483da6954817e855004b3ce641,theiler,T3: 1.25×,5,48,Drowsy,25.002500250041432,1500,8,0.16,4,0.8,1.3,1.25,0.5103807445747076,0.6399359999995795,16,0.6460946564548354,0.9421586691049462,1472,1433,True,ok
bc330dd9c3e1f1b01da77bddae27b46d527be4483da6954817e855004b3ce641,theiler,T1: 0.75×,5,49,Awake,25.002500250041432,1500,8,0.16,4,0.8,1.3,0.75,0.5624242944266082,0.4399559999997109,11,0.7045870990932313,0.962293931889729,1472,1418,True,ok
bc330dd9c3e1f1b01da77bddae27b46d527be4483da6954817e855004b3ce641,theiler,T3: 1.25×,5,49,Awake,25.002500250041432,1500,8,0.16,4,0.8,1.3,1.25,0.5624242944266082,0.719927999999527,18,0.7264257361938924,0.9695609680255232,1472,1418,True,ok
bc330dd9c3e1f1b01da77bddae27b46d527be4483da6954817e855004b3ce641,theiler,T1: 0.75×,5,52,Drowsy,25.002500250041432,1500,8,0.16,4,0.8,1.3,0.75,0.5277695338886096,0.3999599999997372,10,0.6472320770779418,0.9866211531463956,1472,1431,True,ok
bc330dd9c3e1f1b01da77bddae27b46d527be4483da6954817e855004b3ce641,theiler,T3: 1.25×,5,52,Drowsy,25.002500250041432,1500,8,0.16,4,0.8,1.3,1.25,0.5277695338886096,0.6399359999995795,16,0.6291849817330584,0.9764386983180414,1472,1430,True,ok
bc330dd9c3e1f1b01da77bddae27b46d527be4483da6954817e855004b3ce641,theiler,T1: 0.75×,5,53,Drowsy,25.002500250041432,1500,8,0.16,4,0.8,1.3,0.75,0.5456447919996346,0.3999599999997372,10,0.7256590161667682,0.9799697257825741,1472,1424,True,ok
bc330dd9c3e1f1b01da77bddae27b46d527be4483da6954817e855004b3ce641,theiler,T3: 1.25×,5,53,Drowsy,25.002500250041432,1500,8,0.16,4,0.8,1.3,1.25,0.5456447919996346,0.6799319999995532,17,0.7396861723020284,0.9835976927345894,1472,1424,True,ok
bc330dd9c3e1f1b01da77bddae27b46d527be4483da6954817e855004b3ce641,theiler,T1: 0.75×,5,54,Drowsy,25.002500250041432,1500,8,0.16,4,0.8,1.3,0.75,0.5032967830053833,0.3599639999997635,9,0.692204392685259,0.9748155750236183,1472,1421,True,ok
bc330dd9c3e1f1b01da77bddae27b46d527be4483da6954817e855004b3ce641,theiler,T3: 1.25×,5,54,Drowsy,25.002500250041432,1500,8,0.16,4,0.8,1.3,1.25,0.5032967830053833,0.6399359999995795,16,0.6937730618812142,0.9753420773629572,1472,1421,True,ok
bc330dd9c3e1f1b01da77bddae27b46d527be4483da6954817e855004b3ce641,theiler,T1: 0.75×,6,1,Awake,24.9931268901808,1500,8,0.16,4,0.8,1.3,0.75,0.5691115530739322,0.44012099999866905,11,0.7925372784650055,0.9653751637111379,1472,1426,True,ok
bc330dd9c3e1f1b01da77bddae27b46d527be4483da6954817e855004b3ce641,theiler,T3: 1.25×,6,1,Awake,24.9931268901808,1500,8,0.16,4,0.8,1.3,1.25,0.5691115530739322,0.7201979999978221,18,0.7920786047376748,0.9658575991697417,1472,1426,True,ok
bc330dd9c3e1f1b01da77bddae27b46d527be4483da6954817e855004b3ce641,theiler,T1: 0.75×,6,2,Awake,24.9931268901808,1500,8,0.16,4,0.8,1.3,0.75,0.5905247288180326,0.44012099999866905,11,0.9140221626253352,0.9854420977455213,1472,1408,True,ok
bc330dd9c3e1f1b01da77bddae27b46d527be4483da6954817e855004b3ce641,theiler,T3: 1.25×,6,2,Awake,24.9931268901808,1500,8,0.16,4,0.8,1.3,1.25,0.5905247288180326,0.7201979999978221,18,0.9141263666917837,0.9849941807519348,1472,1408,True,ok
bc330dd9c3e1f1b01da77bddae27b46d527be4483da6954817e855004b3ce641,theiler,T1: 0.75×,6,3,Awake,24.9931268901808,1500,8,0.16,4,0.8,1.3,0.75,0.5726727399152657,0.44012099999866905,11,0.839054390767676,0.9879344884373553,1472,1414,True,ok
bc330dd9c3e1f1b01da77bddae27b46d527be4483da6954817e855004b3ce641,theiler,T3: 1.25×,6,3,Awake,24.9931268901808,1500,8,0.16,4,0.8,1.3,1.25,0.5726727399152657,0.7201979999978221,18,0.8386306632981287,0.986848422794714,1472,1414,True,ok
bc330dd9c3e1f1b01da77bddae27b46d527be4483da6954817e855004b3ce641,theiler,T1: 0.75×,6,4,Awake,24.9931268901808,1500,8,0.16,4,0.8,1.3,0.75,0.5921263848830919,0.44012099999866905,11,0.9213359699402041,0.9802529794636331,1472,1417,True,ok
bc330dd9c3e1f1b01da77bddae27b46d527be4483da6954817e855004b3ce641,theiler,T3: 1.25×,6,4,Awake,24.9931268901808,1500,8,0.16,4,0.8,1.3,1.25,0.5921263848830919,0.7201979999978221,18,0.9213359699402041,0.9802529794636331,1472,1417,True,ok
bc330dd9c3e1f1b01da77bddae27b46d527be4483da6954817e855004b3ce641,theiler,T1: 0.75×,6,5,Awake,24.9931268901808,1500,8,0.16,4,0.8,1.3,0.75,0.6124986615183372,0.44012099999866905,11,0.9213497242901066,0.9752538730928203,1472,1433,True,ok
bc330dd9c3e1f1b01da77bddae27b46d527be4483da6954817e855004b3ce641,theiler,T3: 1.25×,6,5,Awake,24.9931268901808,1500,8,0.16,4,0.8,1.3,1.25,0.6124986615183372,0.7602089999977011,19,0.9216139061185122,0.975174630711115,1472,1433,True,ok
bc330dd9c3e1f1b01da77bddae27b46d527be4483da6954817e855004b3ce641,theiler,T1: 0.75×,6,6,Awake,24.9931268901808,1500,8,0.16,4,0.8,1.3,0.75,0.6099136547649393,0.44012099999866905,11,0.9260902980955001,0.973004870750356,1472,1431,True,ok
bc330dd9c3e1f1b01da77bddae27b46d527be4483da6954817e855004b3ce641,theiler,T3: 1.25×,6,6,Awake,24.9931268901808,1500,8,0.16,4,0.8,1.3,1.25,0.6099136547649393,0.7602089999977011,19,0.9272517846631724,0.9799471637216576,1472,1430,True,ok
bc330dd9c3e1f1b01da77bddae27b46d527be4483da6954817e855004b3ce641,theiler,T1: 0.75×,6,7,Awake,24.9931268901808,1500,8,0.16,4,0.8,1.3,0.75,0.5909505657717875,0.44012099999866905,11,0.8238352427989469,0.9624596126554822,1472,1407,True,ok
bc330dd9c3e1f1b01da77bddae27b46d527be4483da6954817e855004b3ce641,theiler,T3: 1.25×,6,7,Awake,24.9931268901808,1500,8,0.16,4,0.8,1.3,1.25,0.5909505657717875,0.7201979999978221,18,0.8180733159300361,0.9640863117596512,1472,1407,True,ok
bc330dd9c3e1f1b01da77bddae27b46d527be4483da6954817e855004b3ce641,theiler,T1: 0.75×,6,8,Awake,24.9931268901808,1500,8,0.16,4,0.8,1.3,0.75,0.6090902712864337,0.44012099999866905,11,0.9512028159408952,0.9767434572412984,1472,1390,True,ok
bc330dd9c3e1f1b01da77bddae27b46d527be4483da6954817e855004b3ce641,theiler,T3: 1.25×,6,8,Awake,24.9931268901808,1500,8,0.16,4,0.8,1.3,1.25,0.6090902712864337,0.7602089999977011,19,0.9576792416870333,0.9748688114277823,1472,1390,True,ok
bc330dd9c3e1f1b01da77bddae27b46d527be4483da6954817e855004b3ce641,theiler,T1: 0.75×,6,9,Awake,24.9931268901808,1500,8,0.16,4,0.8,1.3,0.75,0.5975613409159656,0.44012099999866905,11,0.9586605221447628,0.9940700037057957,1472,1421,True,ok
bc330dd9c3e1f1b01da77bddae27b46d527be4483da6954817e855004b3ce641,theiler,T3: 1.25×,6,9,Awake,24.9931268901808,1500,8,0.16,4,0.8,1.3,1.25,0.5975613409159656,0.7602089999977011,19,0.9666674568441553,0.9929902173223403,1472,1421,True,ok
bc330dd9c3e1f1b01da77bddae27b46d527be4483da6954817e855004b3ce641,theiler,T1: 0.75×,6,10,Awake,24.9931268901808,1500,8,0.16,4,0.8,1.3,0.75,0.5736044781346881,0.44012099999866905,11,0.8275443981094723,0.9833970146771229,1472,1432,True,ok
bc330dd9c3e1f1b01da77bddae27b46d527be4483da6954817e855004b3ce641,theiler,T3: 1.25×,6,10,Awake,24.9931268901808,1500,8,0.16,4,0.8,1.3,1.25,0.5736044781346881,0.7201979999978221,18,0.8318949903707642,0.9863717313413958,1472,1432,True,ok
bc330dd9c3e1f1b01da77bddae27b46d527be4483da6954817e855004b3ce641,theiler,T1: 0.75×,6,11,Awake,24.9931268901808,1500,8,0.16,4,0.8,1.3,0.75,0.5199617602431849,0.40010999999879004,10,0.7774916755667316,0.9823880832085654,1472,1383,True,ok
bc330dd9c3e1f1b01da77bddae27b46d527be4483da6954817e855004b3ce641,theiler,T3: 1.25×,6,11,Awake,24.9931268901808,1500,8,0.16,4,0.8,1.3,1.25,0.5199617602431849,0.6401759999980641,16,0.7832254395049428,0.9827421656868803,1472,1383,True,ok
bc330dd9c3e1f1b01da77bddae27b46d527be4483da6954817e855004b3ce641,theiler,T1: 0.75×,6,12,Awake,24.9931268901808,1500,8,0.16,4,0.8,1.3,0.75,0.5346452387647059,0.40010999999879004,10,0.7411693849665976,0.9552291978345362,1472,1402,True,ok
bc330dd9c3e1f1b01da77bddae27b46d527be4483da6954817e855004b3ce641,theiler,T3: 1.25×,6,12,Awake,24.9931268901808,1500,8,0.16,4,0.8,1.3,1.25,0.5346452387647059,0.6801869999979431,17,0.7794590390440228,0.9521354426977894,1472,1402,True,ok
bc330dd9c3e1f1b01da77bddae27b46d527be4483da6954817e855004b3ce641,theiler,T1: 0.75×,6,13,Awake,24.9931268901808,1500,8,0.16,4,0.8,1.3,0.75,0.5529174240779966,0.40010999999879004,10,0.8124366719412071,0.9598650636622348,1472,1416,True,ok
bc330dd9c3e1f1b01da77bddae27b46d527be4483da6954817e855004b3ce641,theiler,T3: 1.25×,6,13,Awake,24.9931268901808,1500,8,0.16,4,0.8,1.3,1.25,0.5529174240779966,0.6801869999979431,17,0.8124366719412071,0.9598650636622348,1472,1416,True,ok
bc330dd9c3e1f1b01da77bddae27b46d527be4483da6954817e855004b3ce641,theiler,T1: 0.75×,6,14,Drowsy,24.9931268901808,1500,8,0.16,4,0.8,1.3,0.75,0.50744397572154,0.40010999999879004,10,0.8363825773735505,0.9605588859014459,1472,1403,True,ok
bc330dd9c3e1f1b01da77bddae27b46d527be4483da6954817e855004b3ce641,theiler,T3: 1.25×,6,14,Drowsy,24.9931268901808,1500,8,0.16,4,0.8,1.3,1.25,0.50744397572154,0.6401759999980641,16,0.8159777167175372,0.954899863994304,1472,1403,True,ok
bc330dd9c3e1f1b01da77bddae27b46d527be4483da6954817e855004b3ce641,theiler,T1: 0.75×,6,15,Drowsy,24.9931268901808,1500,8,0.16,4,0.8,1.3,0.75,0.5348368393574053,0.40010999999879004,10,0.8158074208270587,0.9885962372677181,1472,1417,True,ok
bc330dd9c3e1f1b01da77bddae27b46d527be4483da6954817e855004b3ce641,theiler,T3: 1.25×,6,15,Drowsy,24.9931268901808,1500,8,0.16,4,0.8,1.3,1.25,0.5348368393574053,0.6801869999979431,17,0.8163644267435678,0.9868662996921428,1472,1417,True,ok
bc330dd9c3e1f1b01da77bddae27b46d527be4483da6954817e855004b3ce641,theiler,T1: 0.75×,6,16,Drowsy,24.9931268901808,1500,8,0.16,4,0.8,1.3,0.75,0.5415278300881387,0.40010999999879004,10,0.8572491537145055,0.9891935271404477,1472,1422,True,ok
bc330dd9c3e1f1b01da77bddae27b46d527be4483da6954817e855004b3ce641,theiler,T3: 1.25×,6,16,Drowsy,24.9931268901808,1500,8,0.16,4,0.8,1.3,1.25,0.5415278300881387,0.6801869999979431,17,0.8463045126007026,0.9865719030073299,1472,1422,True,ok
bc330dd9c3e1f1b01da77bddae27b46d527be4483da6954817e855004b3ce641,theiler,T1: 0.75×,6,17,Drowsy,24.9931268901808,1500,8,0.16,4,0.8,1.3,0.75,0.5234458865833569,0.40010999999879004,10,0.7152078079013763,0.9561870994344751,1472,1399,True,ok
bc330dd9c3e1f1b01da77bddae27b46d527be4483da6954817e855004b3ce641,theiler,T3: 1.25×,6,17,Drowsy,24.9931268901808,1500,8,0.16,4,0.8,1.3,1.25,0.5234458865833569,0.6401759999980641,16,0.7153019038499108,0.9553824344728237,1472,1399,True,ok
bc330dd9c3e1f1b01da77bddae27b46d527be4483da6954817e855004b3ce641,theiler,T1: 0.75×,6,18,Drowsy,24.9931268901808,1500,8,0.16,4,0.8,1.3,0.75,0.555979948593499,0.40010999999879004,10,0.7858574852166519,0.9791307721973522,1472,1399,True,ok
bc330dd9c3e1f1b01da77bddae27b46d527be4483da6954817e855004b3ce641,theiler,T3: 1.25×,6,18,Drowsy,24.9931268901808,1500,8,0.16,4,0.8,1.3,1.25,0.555979948593499,0.6801869999979431,17,0.8044718871640981,0.9809218639657582,1472,1399,True,ok
bc330dd9c3e1f1b01da77bddae27b46d527be4483da6954817e855004b3ce641,theiler,T1: 0.75×,6,19,Drowsy,24.9931268901808,1500,8,0.16,4,0.8,1.3,0.75,0.5222262838295715,0.40010999999879004,10,0.8229396713496838,0.9646713842557693,1472,1416,True,ok
bc330dd9c3e1f1b01da77bddae27b46d527be4483da6954817e855004b3ce641,theiler,T3: 1.25×,6,19,Drowsy,24.9931268901808,1500,8,0.16,4,0.8,1.3,1.25,0.5222262838295715,0.6401759999980641,16,0.8229396713496838,0.9646713842557693,1472,1416,True,ok
bc330dd9c3e1f1b01da77bddae27b46d527be4483da6954817e855004b3ce641,theiler,T1: 0.75×,6,21,Drowsy,24.9931268901808,1500,8,0.16,4,0.8,1.3,0.75,0.518088218738568,0.40010999999879004,10,0.6773920568966539,0.9624371011333659,1472,1391,True,ok
bc330dd9c3e1f1b01da77bddae27b46d527be4483da6954817e855004b3ce641,theiler,T3: 1.25×,6,21,Drowsy,24.9931268901808,1500,8,0.16,4,0.8,1.3,1.25,0.518088218738568,0.6401759999980641,16,0.6650916097674426,0.9659481868592619,1472,1390,True,ok
bc330dd9c3e1f1b01da77bddae27b46d527be4483da6954817e855004b3ce641,theiler,T1: 0.75×,6,22,Drowsy,24.9931268901808,1500,8,0.16,4,0.8,1.3,0.75,0.5286599166249282,0.40010999999879004,10,0.8126259357157168,0.9745448100266867,1472,1411,True,ok
bc330dd9c3e1f1b01da77bddae27b46d527be4483da6954817e855004b3ce641,theiler,T3: 1.25×,6,22,Drowsy,24.9931268901808,1500,8,0.16,4,0.8,1.3,1.25,0.5286599166249282,0.6801869999979431,17,0.8084138385875065,0.9755967965499603,1472,1411,True,ok
bc330dd9c3e1f1b01da77bddae27b46d527be4483da6954817e855004b3ce641,theiler,T1: 0.75×,6,23,Awake,24.9931268901808,1500,8,0.16,4,0.8,1.3,0.75,0.5059733834604488,0.36009899999891104,9,0.8035146185471704,0.9633771765783596,1472,1393,True,ok
bc330dd9c3e1f1b01da77bddae27b46d527be4483da6954817e855004b3ce641,theiler,T3: 1.25×,6,23,Awake,24.9931268901808,1500,8,0.16,4,0.8,1.3,1.25,0.5059733834604488,0.6401759999980641,16,0.8036679077320035,0.9609316435219553,1472,1393,True,ok
bc330dd9c3e1f1b01da77bddae27b46d527be4483da6954817e855004b3ce641,theiler,T1: 0.75×,6,24,Awake,24.9931268901808,1500,8,0.16,4,0.8,1.3,0.75,0.5492004657861116,0.40010999999879004,10,0.8642907573907226,0.9575847901531054,1472,1433,True,ok
bc330dd9c3e1f1b01da77bddae27b46d527be4483da6954817e855004b3ce641,theiler,T3: 1.25×,6,24,Awake,24.9931268901808,1500,8,0.16,4,0.8,1.3,1.25,0.5492004657861116,0.6801869999979431,17,0.8684387102762876,0.9573132675720954,1472,1433,True,ok
bc330dd9c3e1f1b01da77bddae27b46d527be4483da6954817e855004b3ce641,theiler,T1: 0.75×,6,25,Awake,24.9931268901808,1500,8,0.16,4,0.8,1.3,0.75,0.5634293442047121,0.44012099999866905,11,0.8857242652250037,0.9421144922756461,1472,1433,True,ok
bc330dd9c3e1f1b01da77bddae27b46d527be4483da6954817e855004b3ce641,theiler,T3: 1.25×,6,25,Awake,24.9931268901808,1500,8,0.16,4,0.8,1.3,1.25,0.5634293442047121,0.7201979999978221,18,0.8758758874000807,0.9407761634782494,1472,1433,True,ok
bc330dd9c3e1f1b01da77bddae27b46d527be4483da6954817e855004b3ce641,theiler,T1: 0.75×,6,26,Awake,24.9931268901808,1500,8,0.16,4,0.8,1.3,0.75,0.560782226106608,0.44012099999866905,11,0.8590624298995291,0.9623425093840093,1472,1415,True,ok
bc330dd9c3e1f1b01da77bddae27b46d527be4483da6954817e855004b3ce641,theiler,T3: 1.25×,6,26,Awake,24.9931268901808,1500,8,0.16,4,0.8,1.3,1.25,0.560782226106608,0.7201979999978221,18,0.8590624298995291,0.9623425093840093,1472,1415,True,ok
bc330dd9c3e1f1b01da77bddae27b46d527be4483da6954817e855004b3ce641,theiler,T1: 0.75×,6,27,Awake,24.9931268901808,1500,8,0.16,4,0.8,1.3,0.75,0.5916139743557838,0.44012099999866905,11,1.079374517488945,0.9882581171429161,1472,1372,True,ok
bc330dd9c3e1f1b01da77bddae27b46d527be4483da6954817e855004b3ce641,theiler,T3: 1.25×,6,27,Awake,24.9931268901808,1500,8,0.16,4,0.8,1.3,1.25,0.5916139743557838,0.7201979999978221,18,1.0798822234900414,0.9882171588169978,1472,1372,True,ok
bc330dd9c3e1f1b01da77bddae27b46d527be4483da6954817e855004b3ce641,theiler,T1: 0.75×,6,28,Awake,24.9931268901808,1500,8,0.16,4,0.8,1.3,0.75,0.5337797135074328,0.40010999999879004,10,0.7872263599378104,0.9913611309413976,1472,1433,True,ok
bc330dd9c3e1f1b01da77bddae27b46d527be4483da6954817e855004b3ce641,theiler,T3: 1.25×,6,28,Awake,24.9931268901808,1500,8,0.16,4,0.8,1.3,1.25,0.5337797135074328,0.6801869999979431,17,0.7861042801228633,0.9918948723815667,1472,1433,True,ok
bc330dd9c3e1f1b01da77bddae27b46d527be4483da6954817e855004b3ce641,theiler,T1: 0.75×,6,29,Awake,24.9931268901808,1500,8,0.16,4,0.8,1.3,0.75,0.540055400252186,0.40010999999879004,10,0.7305751485775502,0.9575359913398079,1472,1401,True,ok
bc330dd9c3e1f1b01da77bddae27b46d527be4483da6954817e855004b3ce641,theiler,T3: 1.25×,6,29,Awake,24.9931268901808,1500,8,0.16,4,0.8,1.3,1.25,0.540055400252186,0.6801869999979431,17,0.7287286606257309,0.9613535590244464,1472,1401,True,ok
bc330dd9c3e1f1b01da77bddae27b46d527be4483da6954817e855004b3ce641,theiler,T1: 0.75×,6,30,Awake,24.9931268901808,1500,8,0.16,4,0.8,1.3,0.75,0.5607747197342468,0.44012099999866905,11,0.8423189503116277,0.9816845050311956,1472,1396,True,ok
bc330dd9c3e1f1b01da77bddae27b46d527be4483da6954817e855004b3ce641,theiler,T3: 1.25×,6,30,Awake,24.9931268901808,1500,8,0.16,4,0.8,1.3,1.25,0.5607747197342468,0.7201979999978221,18,0.8423189503116277,0.9816845050311956,1472,1396,True,ok
bc330dd9c3e1f1b01da77bddae27b46d527be4483da6954817e855004b3ce641,theiler,T1: 0.75×,6,31,Awake,24.9931268901808,1500,8,0.16,4,0.8,1.3,0.75,0.5423637526278468,0.40010999999879004,10,0.7693750145014149,0.9597876262662127,1472,1411,True,ok
bc330dd9c3e1f1b01da77bddae27b46d527be4483da6954817e855004b3ce641,theiler,T3: 1.25×,6,31,Awake,24.9931268901808,1500,8,0.16,4,0.8,1.3,1.25,0.5423637526278468,0.6801869999979431,17,0.7721948617431242,0.9586004102504015,1472,1411,True,ok
bc330dd9c3e1f1b01da77bddae27b46d527be4483da6954817e855004b3ce641,theiler,T1: 0.75×,6,32,Awake,24.9931268901808,1500,8,0.16,4,0.8,1.3,0.75,0.5719910944749926,0.44012099999866905,11,0.8868967637524332,0.9664518077326116,1472,1398,True,ok
bc330dd9c3e1f1b01da77bddae27b46d527be4483da6954817e855004b3ce641,theiler,T3: 1.25×,6,32,Awake,24.9931268901808,1500,8,0.16,4,0.8,1.3,1.25,0.5719910944749926,0.7201979999978221,18,0.8856054840028104,0.9665515816487443,1472,1398,True,ok
bc330dd9c3e1f1b01da77bddae27b46d527be4483da6954817e855004b3ce641,theiler,T1: 0.75×,6,34,Awake,24.9931268901808,1500,8,0.16,4,0.8,1.3,0.75,0.5675631746355203,0.44012099999866905,11,0.6571109348635209,0.892463193623104,1472,1439,False,low_fit_r2
bc330dd9c3e1f1b01da77bddae27b46d527be4483da6954817e855004b3ce641,theiler,T3: 1.25×,6,34,Awake,24.9931268901808,1500,8,0.16,4,0.8,1.3,1.25,0.5675631746355203,0.7201979999978221,18,0.6571109348635209,0.892463193623104,1472,1439,False,low_fit_r2
bc330dd9c3e1f1b01da77bddae27b46d527be4483da6954817e855004b3ce641,theiler,T1: 0.75×,6,35,Awake,24.9931268901808,1500,8,0.16,4,0.8,1.3,0.75,0.5628193938445885,0.44012099999866905,11,0.810409443509841,0.9572399991195009,1472,1382,True,ok
bc330dd9c3e1f1b01da77bddae27b46d527be4483da6954817e855004b3ce641,theiler,T3: 1.25×,6,35,Awake,24.9931268901808,1500,8,0.16,4,0.8,1.3,1.25,0.5628193938445885,0.7201979999978221,18,0.820443537800442,0.9600140891285078,1472,1382,True,ok
bc330dd9c3e1f1b01da77bddae27b46d527be4483da6954817e855004b3ce641,theiler,T1: 0.75×,6,36,Awake,24.9931268901808,1500,8,0.16,4,0.8,1.3,0.75,0.5523286351479901,0.40010999999879004,10,0.7478347715193454,0.9299848096997139,1472,1415,True,ok
bc330dd9c3e1f1b01da77bddae27b46d527be4483da6954817e855004b3ce641,theiler,T3: 1.25×,6,36,Awake,24.9931268901808,1500,8,0.16,4,0.8,1.3,1.25,0.5523286351479901,0.6801869999979431,17,0.7428101559216679,0.9274775205411573,1472,1415,True,ok
bc330dd9c3e1f1b01da77bddae27b46d527be4483da6954817e855004b3ce641,theiler,T1: 0.75×,6,37,Awake,24.9931268901808,1500,8,0.16,4,0.8,1.3,0.75,0.5566909759194836,0.40010999999879004,10,0.7523618599255784,0.9914507799648169,1472,1403,True,ok
bc330dd9c3e1f1b01da77bddae27b46d527be4483da6954817e855004b3ce641,theiler,T3: 1.25×,6,37,Awake,24.9931268901808,1500,8,0.16,4,0.8,1.3,1.25,0.5566909759194836,0.6801869999979431,17,0.7523618599255784,0.9914507799648169,1472,1403,True,ok
bc330dd9c3e1f1b01da77bddae27b46d527be4483da6954817e855004b3ce641,theiler,T1: 0.75×,6,38,Awake,24.9931268901808,1500,8,0.16,4,0.8,1.3,0.75,0.5643534598269788,0.44012099999866905,11,0.8647349085662682,0.9712194182810034,1472,1416,True,ok
bc330dd9c3e1f1b01da77bddae27b46d527be4483da6954817e855004b3ce641,theiler,T3: 1.25×,6,38,Awake,24.9931268901808,1500,8,0.16,4,0.8,1.3,1.25,0.5643534598269788,0.7201979999978221,18,0.8729743950540725,0.9716427336644594,1472,1413,True,ok
bc330dd9c3e1f1b01da77bddae27b46d527be4483da6954817e855004b3ce641,theiler,T1: 0.75×,6,39,Awake,24.9931268901808,1500,8,0.16,4,0.8,1.3,0.75,0.5761005550562823,0.44012099999866905,11,0.7518335961349323,0.9851298377993896,1472,1431,True,ok
bc330dd9c3e1f1b01da77bddae27b46d527be4483da6954817e855004b3ce641,theiler,T3: 1.25×,6,39,Awake,24.9931268901808,1500,8,0.16,4,0.8,1.3,1.25,0.5761005550562823,0.7201979999978221,18,0.7524561112771034,0.984557502568403,1472,1431,True,ok
bc330dd9c3e1f1b01da77bddae27b46d527be4483da6954817e855004b3ce641,theiler,T1: 0.75×,6,40,Awake,24.9931268901808,1500,8,0.16,4,0.8,1.3,0.75,0.5751276695966643,0.44012099999866905,11,0.739462320151367,0.9729543753865638,1472,1413,True,ok
bc330dd9c3e1f1b01da77bddae27b46d527be4483da6954817e855004b3ce641,theiler,T3: 1.25×,6,40,Awake,24.9931268901808,1500,8,0.16,4,0.8,1.3,1.25,0.5751276695966643,0.7201979999978221,18,0.739462320151367,0.9729543753865638,1472,1413,True,ok
bc330dd9c3e1f1b01da77bddae27b46d527be4483da6954817e855004b3ce641,theiler,T1: 0.75×,6,41,Awake,24.9931268901808,1500,8,0.16,4,0.8,1.3,0.75,0.5303334457392684,0.40010999999879004,10,0.7542154737002867,0.9507094294399018,1472,1429,True,ok
bc330dd9c3e1f1b01da77bddae27b46d527be4483da6954817e855004b3ce641,theiler,T3: 1.25×,6,41,Awake,24.9931268901808,1500,8,0.16,4,0.8,1.3,1.25,0.5303334457392684,0.6801869999979431,17,0.7599891803387652,0.9546380263327238,1472,1429,True,ok
bc330dd9c3e1f1b01da77bddae27b46d527be4483da6954817e855004b3ce641,theiler,T1: 0.75×,6,42,Drowsy,24.9931268901808,1500,8,0.16,4,0.8,1.3,0.75,0.523713573982245,0.40010999999879004,10,0.8046403291096984,0.9783182714383082,1472,1426,True,ok
bc330dd9c3e1f1b01da77bddae27b46d527be4483da6954817e855004b3ce641,theiler,T3: 1.25×,6,42,Drowsy,24.9931268901808,1500,8,0.16,4,0.8,1.3,1.25,0.523713573982245,0.6401759999980641,16,0.7954610998228862,0.9768447867441552,1472,1426,True,ok
bc330dd9c3e1f1b01da77bddae27b46d527be4483da6954817e855004b3ce641,theiler,T1: 0.75×,6,43,Drowsy,24.9931268901808,1500,8,0.16,4,0.8,1.3,0.75,0.5190651591516408,0.40010999999879004,10,0.7699719050028901,0.9817277740370612,1472,1396,True,ok
bc330dd9c3e1f1b01da77bddae27b46d527be4483da6954817e855004b3ce641,theiler,T3: 1.25×,6,43,Drowsy,24.9931268901808,1500,8,0.16,4,0.8,1.3,1.25,0.5190651591516408,0.6401759999980641,16,0.7577197707129779,0.9793183362393055,1472,1396,True,ok
bc330dd9c3e1f1b01da77bddae27b46d527be4483da6954817e855004b3ce641,theiler,T1: 0.75×,6,44,Drowsy,24.9931268901808,1500,8,0.16,4,0.8,1.3,0.75,0.5616805224838137,0.44012099999866905,11,0.7165012826671392,0.9732883109513438,1472,1419,True,ok
bc330dd9c3e1f1b01da77bddae27b46d527be4483da6954817e855004b3ce641,theiler,T3: 1.25×,6,44,Drowsy,24.9931268901808,1500,8,0.16,4,0.8,1.3,1.25,0.5616805224838137,0.7201979999978221,18,0.7041732875323282,0.972108615065539,1472,1419,True,ok
bc330dd9c3e1f1b01da77bddae27b46d527be4483da6954817e855004b3ce641,theiler,T1: 0.75×,6,45,Drowsy,24.9931268901808,1500,8,0.16,4,0.8,1.3,0.75,0.5310614827728039,0.40010999999879004,10,0.8549526440320837,0.9711580790610992,1472,1408,True,ok
bc330dd9c3e1f1b01da77bddae27b46d527be4483da6954817e855004b3ce641,theiler,T3: 1.25×,6,45,Drowsy,24.9931268901808,1500,8,0.16,4,0.8,1.3,1.25,0.5310614827728039,0.6801869999979431,17,0.8577275428268112,0.9681958372996584,1472,1408,True,ok
bc330dd9c3e1f1b01da77bddae27b46d527be4483da6954817e855004b3ce641,theiler,T1: 0.75×,6,46,Drowsy,24.9931268901808,1500,8,0.16,4,0.8,1.3,0.75,0.5332747931378979,0.40010999999879004,10,0.7180020303300867,0.9737133711592054,1472,1401,True,ok
bc330dd9c3e1f1b01da77bddae27b46d527be4483da6954817e855004b3ce641,theiler,T3: 1.25×,6,46,Drowsy,24.9931268901808,1500,8,0.16,4,0.8,1.3,1.25,0.5332747931378979,0.6801869999979431,17,0.7247621222059837,0.9711894652959917,1472,1401,True,ok
bc330dd9c3e1f1b01da77bddae27b46d527be4483da6954817e855004b3ce641,theiler,T1: 0.75×,6,47,Drowsy,24.9931268901808,1500,8,0.16,4,0.8,1.3,0.75,0.5547386662429888,0.40010999999879004,10,0.7987342020949753,0.9813902369022423,1472,1395,True,ok
bc330dd9c3e1f1b01da77bddae27b46d527be4483da6954817e855004b3ce641,theiler,T3: 1.25×,6,47,Drowsy,24.9931268901808,1500,8,0.16,4,0.8,1.3,1.25,0.5547386662429888,0.6801869999979431,17,0.7987342020949753,0.9813902369022423,1472,1395,True,ok
bc330dd9c3e1f1b01da77bddae27b46d527be4483da6954817e855004b3ce641,theiler,T1: 0.75×,6,48,Drowsy,24.9931268901808,1500,8,0.16,4,0.8,1.3,0.75,0.5470492804275021,0.40010999999879004,10,0.8027852217913587,0.9562824679407093,1472,1413,True,ok
bc330dd9c3e1f1b01da77bddae27b46d527be4483da6954817e855004b3ce641,theiler,T3: 1.25×,6,48,Drowsy,24.9931268901808,1500,8,0.16,4,0.8,1.3,1.25,0.5470492804275021,0.6801869999979431,17,0.8198471951566465,0.95066475131605,1472,1413,True,ok
bc330dd9c3e1f1b01da77bddae27b46d527be4483da6954817e855004b3ce641,theiler,T1: 0.75×,6,49,Drowsy,24.9931268901808,1500,8,0.16,4,0.8,1.3,0.75,0.5817178330876671,0.44012099999866905,11,0.9100543862096905,0.9748712551463583,1472,1401,True,ok
bc330dd9c3e1f1b01da77bddae27b46d527be4483da6954817e855004b3ce641,theiler,T3: 1.25×,6,49,Drowsy,24.9931268901808,1500,8,0.16,4,0.8,1.3,1.25,0.5817178330876671,0.7201979999978221,18,0.9136712493704837,0.9716670286536062,1472,1401,True,ok
bc330dd9c3e1f1b01da77bddae27b46d527be4483da6954817e855004b3ce641,theiler,T1: 0.75×,6,50,Drowsy,24.9931268901808,1500,8,0.16,4,0.8,1.3,0.75,0.5948248103497353,0.44012099999866905,11,0.9308551903533108,0.9889225689712696,1472,1438,True,ok
bc330dd9c3e1f1b01da77bddae27b46d527be4483da6954817e855004b3ce641,theiler,T3: 1.25×,6,50,Drowsy,24.9931268901808,1500,8,0.16,4,0.8,1.3,1.25,0.5948248103497353,0.7602089999977011,19,0.9357520142095346,0.9878085659689134,1472,1438,True,ok
bc330dd9c3e1f1b01da77bddae27b46d527be4483da6954817e855004b3ce641,theiler,T1: 0.75×,7,1,Awake,24.99375156214797,1500,8,0.16,4,0.8,1.3,0.75,0.48753820108703083,0.36008999999944535,9,0.9100290281049372,0.9793850528012414,1472,1388,True,ok
bc330dd9c3e1f1b01da77bddae27b46d527be4483da6954817e855004b3ce641,theiler,T3: 1.25×,7,1,Awake,24.99375156214797,1500,8,0.16,4,0.8,1.3,1.25,0.48753820108703083,0.6001499999990756,15,0.9100576533026048,0.9796584005122686,1472,1388,True,ok
bc330dd9c3e1f1b01da77bddae27b46d527be4483da6954817e855004b3ce641,theiler,T1: 0.75×,7,2,Awake,24.99375156214797,1500,8,0.16,4,0.8,1.3,0.75,0.5007206824601735,0.36008999999944535,9,0.8600442663867236,0.9845942770633374,1472,1412,True,ok
bc330dd9c3e1f1b01da77bddae27b46d527be4483da6954817e855004b3ce641,theiler,T3: 1.25×,7,2,Awake,24.99375156214797,1500,8,0.16,4,0.8,1.3,1.25,0.5007206824601735,0.640159999999014,16,0.8596948181654277,0.9842935854958343,1472,1412,True,ok
bc330dd9c3e1f1b01da77bddae27b46d527be4483da6954817e855004b3ce641,theiler,T1: 0.75×,7,3,Awake,24.99375156214797,1500,8,0.16,4,0.8,1.3,0.75,0.4974659770041601,0.36008999999944535,9,0.8446696935968327,0.9365775246435663,1472,1392,True,ok
bc330dd9c3e1f1b01da77bddae27b46d527be4483da6954817e855004b3ce641,theiler,T3: 1.25×,7,3,Awake,24.99375156214797,1500,8,0.16,4,0.8,1.3,1.25,0.4974659770041601,0.640159999999014,16,0.8446696935968327,0.9365775246435663,1472,1392,True,ok
bc330dd9c3e1f1b01da77bddae27b46d527be4483da6954817e855004b3ce641,theiler,T1: 0.75×,7,4,Awake,24.99375156214797,1500,8,0.16,4,0.8,1.3,0.75,0.47412740556059385,0.36008999999944535,9,0.8039849487102291,0.9782855430662957,1472,1392,True,ok
bc330dd9c3e1f1b01da77bddae27b46d527be4483da6954817e855004b3ce641,theiler,T3: 1.25×,7,4,Awake,24.99375156214797,1500,8,0.16,4,0.8,1.3,1.25,0.47412740556059385,0.6001499999990756,15,0.8039849487102291,0.9782855430662957,1472,1392,True,ok
bc330dd9c3e1f1b01da77bddae27b46d527be4483da6954817e855004b3ce641,theiler,T1: 0.75×,7,5,Awake,24.99375156214797,1500,8,0.16,4,0.8,1.3,0.75,0.4869514974576668,0.36008999999944535,9,0.883504378338929,0.9652296560996269,1472,1391,True,ok
bc330dd9c3e1f1b01da77bddae27b46d527be4483da6954817e855004b3ce641,theiler,T3: 1.25×,7,5,Awake,24.99375156214797,1500,8,0.16,4,0.8,1.3,1.25,0.4869514974576668,0.6001499999990756,15,0.883504378338929,0.9652296560996269,1472,1391,True,ok
bc330dd9c3e1f1b01da77bddae27b46d527be4483da6954817e855004b3ce641,theiler,T1: 0.75×,7,6,Awake,24.99375156214797,1500,8,0.16,4,0.8,1.3,0.75,0.4745131101810442,0.36008999999944535,9,0.9003682859889428,0.959713866898494,1472,1408,True,ok
bc330dd9c3e1f1b01da77bddae27b46d527be4483da6954817e855004b3ce641,theiler,T3: 1.25×,7,6,Awake,24.99375156214797,1500,8,0.16,4,0.8,1.3,1.25,0.4745131101810442,0.6001499999990756,15,0.9003682859889428,0.959713866898494,1472,1408,True,ok
bc330dd9c3e1f1b01da77bddae27b46d527be4483da6954817e855004b3ce641,theiler,T1: 0.75×,7,7,Awake,24.99375156214797,1500,8,0.16,4,0.8,1.3,0.75,0.5072267690317345,0.4000999999993837,10,0.8781718751772729,0.9668648441690828,1472,1421,True,ok
bc330dd9c3e1f1b01da77bddae27b46d527be4483da6954817e855004b3ce641,theiler,T3: 1.25×,7,7,Awake,24.99375156214797,1500,8,0.16,4,0.8,1.3,1.25,0.5072267690317345,0.640159999999014,16,0.8781718751772729,0.9668648441690828,1472,1421,True,ok
bc330dd9c3e1f1b01da77bddae27b46d527be4483da6954817e855004b3ce641,theiler,T1: 0.75×,7,8,Awake,24.99375156214797,1500,8,0.16,4,0.8,1.3,0.75,0.4828478929735471,0.36008999999944535,9,0.8491640906728896,0.9599180425387962,1472,1408,True,ok
bc330dd9c3e1f1b01da77bddae27b46d527be4483da6954817e855004b3ce641,theiler,T3: 1.25×,7,8,Awake,24.99375156214797,1500,8,0.16,4,0.8,1.3,1.25,0.4828478929735471,0.6001499999990756,15,0.8491640906728896,0.9599180425387962,1472,1408,True,ok
bc330dd9c3e1f1b01da77bddae27b46d527be4483da6954817e855004b3ce641,theiler,T1: 0.75×,7,9,Awake,24.99375156214797,1500,8,0.16,4,0.8,1.3,0.75,0.4642915951112953,0.36008999999944535,9,0.8304591949812117,0.972591319739411,1472,1424,True,ok
bc330dd9c3e1f1b01da77bddae27b46d527be4483da6954817e855004b3ce641,theiler,T3: 1.25×,7,9,Awake,24.99375156214797,1500,8,0.16,4,0.8,1.3,1.25,0.4642915951112953,0.6001499999990756,15,0.8304591949812117,0.972591319739411,1472,1424,True,ok
bc330dd9c3e1f1b01da77bddae27b46d527be4483da6954817e855004b3ce641,theiler,T1: 0.75×,7,10,Awake,24.99375156214797,1500,8,0.16,4,0.8,1.3,0.75,0.4855923978070036,0.36008999999944535,9,0.8327907655831521,0.9310253636182978,1472,1411,True,ok
bc330dd9c3e1f1b01da77bddae27b46d527be4483da6954817e855004b3ce641,theiler,T3: 1.25×,7,10,Awake,24.99375156214797,1500,8,0.16,4,0.8,1.3,1.25,0.4855923978070036,0.6001499999990756,15,0.8327907655831521,0.9310253636182978,1472,1411,True,ok
bc330dd9c3e1f1b01da77bddae27b46d527be4483da6954817e855004b3ce641,theiler,T1: 0.75×,7,11,Awake,24.99375156214797,1500,8,0.16,4,0.8,1.3,0.75,0.48017401482702154,0.36008999999944535,9,0.9111033880947528,0.9770290832758766,1472,1409,True,ok
bc330dd9c3e1f1b01da77bddae27b46d527be4483da6954817e855004b3ce641,theiler,T3: 1.25×,7,11,Awake,24.99375156214797,1500,8,0.16,4,0.8,1.3,1.25,0.48017401482702154,0.6001499999990756,15,0.9111033880947528,0.9770290832758766,1472,1409,True,ok
bc330dd9c3e1f1b01da77bddae27b46d527be4483da6954817e855004b3ce641,theiler,T1: 0.75×,7,12,Awake,24.99375156214797,1500,8,0.16,4,0.8,1.3,0.75,0.4918180461736774,0.36008999999944535,9,0.984586021397578,0.9720606883334124,1472,1405,True,ok
bc330dd9c3e1f1b01da77bddae27b46d527be4483da6954817e855004b3ce641,theiler,T3: 1.25×,7,12,Awake,24.99375156214797,1500,8,0.16,4,0.8,1.3,1.25,0.4918180461736774,0.6001499999990756,15,0.984586021397578,0.9720606883334124,1472,1405,True,ok
bc330dd9c3e1f1b01da77bddae27b46d527be4483da6954817e855004b3ce641,theiler,T1: 0.75×,7,13,Awake,24.99375156214797,1500,8,0.16,4,0.8,1.3,0.75,0.4837176786324012,0.36008999999944535,9,0.8235282802490984,0.9564050080978546,1472,1379,True,ok
bc330dd9c3e1f1b01da77bddae27b46d527be4483da6954817e855004b3ce641,theiler,T3: 1.25×,7,13,Awake,24.99375156214797,1500,8,0.16,4,0.8,1.3,1.25,0.4837176786324012,0.6001499999990756,15,0.8235282802490984,0.9564050080978546,1472,1379,True,ok
bc330dd9c3e1f1b01da77bddae27b46d527be4483da6954817e855004b3ce641,theiler,T1: 0.75×,7,14,Awake,24.99375156214797,1500,8,0.16,4,0.8,1.3,0.75,0.4821430457387263,0.36008999999944535,9,0.883580259284189,0.9593515732526375,1472,1418,True,ok
bc330dd9c3e1f1b01da77bddae27b46d527be4483da6954817e855004b3ce641,theiler,T3: 1.25×,7,14,Awake,24.99375156214797,1500,8,0.16,4,0.8,1.3,1.25,0.4821430457387263,0.6001499999990756,15,0.883580259284189,0.9593515732526375,1472,1418,True,ok
bc330dd9c3e1f1b01da77bddae27b46d527be4483da6954817e855004b3ce641,theiler,T1: 0.75×,7,15,Awake,24.99375156214797,1500,8,0.16,4,0.8,1.3,0.75,0.45894211340422836,0.36008999999944535,9,0.8624967177749828,0.9368128417358524,1472,1408,True,ok
bc330dd9c3e1f1b01da77bddae27b46d527be4483da6954817e855004b3ce641,theiler,T3: 1.25×,7,15,Awake,24.99375156214797,1500,8,0.16,4,0.8,1.3,1.25,0.45894211340422836,0.5601399999991372,14,0.8624967177749828,0.9368128417358524,1472,1408,True,ok
bc330dd9c3e1f1b01da77bddae27b46d527be4483da6954817e855004b3ce641,theiler,T1: 0.75×,7,16,Awake,24.99375156214797,1500,8,0.16,4,0.8,1.3,0.75,0.4609919440734026,0.36008999999944535,9,0.738620780502928,0.950527469388464,1472,1438,True,ok
bc330dd9c3e1f1b01da77bddae27b46d527be4483da6954817e855004b3ce641,theiler,T3: 1.25×,7,16,Awake,24.99375156214797,1500,8,0.16,4,0.8,1.3,1.25,0.4609919440734026,0.5601399999991372,14,0.738620780502928,0.950527469388464,1472,1438,True,ok
bc330dd9c3e1f1b01da77bddae27b46d527be4483da6954817e855004b3ce641,theiler,T1: 0.75×,7,17,Awake,24.99375156214797,1500,8,0.16,4,0.8,1.3,0.75,0.4621451161913908,0.36008999999944535,9,0.7031307535959694,0.9559654467387675,1472,1418,True,ok
bc330dd9c3e1f1b01da77bddae27b46d527be4483da6954817e855004b3ce641,theiler,T3: 1.25×,7,17,Awake,24.99375156214797,1500,8,0.16,4,0.8,1.3,1.25,0.4621451161913908,0.5601399999991372,14,0.7031307535959694,0.9559654467387675,1472,1418,True,ok
bc330dd9c3e1f1b01da77bddae27b46d527be4483da6954817e855004b3ce641,theiler,T1: 0.75×,7,18,Drowsy,24.99375156214797,1500,8,0.16,4,0.8,1.3,0.75,0.4355240112756793,0.320079999999507,8,0.761380224087069,0.9146352514404474,1472,1440,True,ok
bc330dd9c3e1f1b01da77bddae27b46d527be4483da6954817e855004b3ce641,theiler,T3: 1.25×,7,18,Drowsy,24.99375156214797,1500,8,0.16,4,0.8,1.3,1.25,0.4355240112756793,0.5601399999991372,14,0.761380224087069,0.9146352514404474,1472,1440,True,ok
bc330dd9c3e1f1b01da77bddae27b46d527be4483da6954817e855004b3ce641,theiler,T1: 0.75×,7,19,Drowsy,24.99375156214797,1500,8,0.16,4,0.8,1.3,0.75,0.4550376507242147,0.36008999999944535,9,0.7068151803874696,0.907777014265952,1472,1427,True,ok
bc330dd9c3e1f1b01da77bddae27b46d527be4483da6954817e855004b3ce641,theiler,T3: 1.25×,7,19,Drowsy,24.99375156214797,1500,8,0.16,4,0.8,1.3,1.25,0.4550376507242147,0.5601399999991372,14,0.7068151803874696,0.907777014265952,1472,1427,True,ok
bc330dd9c3e1f1b01da77bddae27b46d527be4483da6954817e855004b3ce641,theiler,T1: 0.75×,7,21,Awake,24.99375156214797,1500,8,0.16,4,0.8,1.3,0.75,0.48228065307112544,0.36008999999944535,9,0.7527969010162793,0.9847567690071503,1472,1417,True,ok
bc330dd9c3e1f1b01da77bddae27b46d527be4483da6954817e855004b3ce641,theiler,T3: 1.25×,7,21,Awake,24.99375156214797,1500,8,0.16,4,0.8,1.3,1.25,0.48228065307112544,0.6001499999990756,15,0.7527969010162793,0.9847567690071503,1472,1417,True,ok
bc330dd9c3e1f1b01da77bddae27b46d527be4483da6954817e855004b3ce641,theiler,T1: 0.75×,7,22,Awake,24.99375156214797,1500,8,0.16,4,0.8,1.3,0.75,0.5248217909303695,0.4000999999993837,10,0.9818344150348057,0.9910553455283823,1472,1402,True,ok
bc330dd9c3e1f1b01da77bddae27b46d527be4483da6954817e855004b3ce641,theiler,T3: 1.25×,7,22,Awake,24.99375156214797,1500,8,0.16,4,0.8,1.3,1.25,0.5248217909303695,0.640159999999014,16,0.9794131484386164,0.9913540960458255,1472,1402,True,ok
bc330dd9c3e1f1b01da77bddae27b46d527be4483da6954817e855004b3ce641,theiler,T1: 0.75×,7,23,Awake,24.99375156214797,1500,8,0.16,4,0.8,1.3,0.75,0.47750751185164536,0.36008999999944535,9,0.8782682247265712,0.986268103767072,1472,1407,True,ok
bc330dd9c3e1f1b01da77bddae27b46d527be4483da6954817e855004b3ce641,theiler,T3: 1.25×,7,23,Awake,24.99375156214797,1500,8,0.16,4,0.8,1.3,1.25,0.47750751185164536,0.6001499999990756,15,0.8782682247265712,0.986268103767072,1472,1407,True,ok
bc330dd9c3e1f1b01da77bddae27b46d527be4483da6954817e855004b3ce641,theiler,T1: 0.75×,7,24,Awake,24.99375156214797,1500,8,0.16,4,0.8,1.3,0.75,0.46704257566928664,0.36008999999944535,9,0.8271839638802408,0.9759353091351644,1472,1422,True,ok
bc330dd9c3e1f1b01da77bddae27b46d527be4483da6954817e855004b3ce641,theiler,T3: 1.25×,7,24,Awake,24.99375156214797,1500,8,0.16,4,0.8,1.3,1.25,0.46704257566928664,0.6001499999990756,15,0.8271839638802408,0.9759353091351644,1472,1422,True,ok
bc330dd9c3e1f1b01da77bddae27b46d527be4483da6954817e855004b3ce641,theiler,T1: 0.75×,7,25,Awake,24.99375156214797,1500,8,0.16,4,0.8,1.3,0.75,0.49842499207921714,0.36008999999944535,9,0.8721324785294594,0.9886179237116717,1472,1409,True,ok
bc330dd9c3e1f1b01da77bddae27b46d527be4483da6954817e855004b3ce641,theiler,T3: 1.25×,7,25,Awake,24.99375156214797,1500,8,0.16,4,0.8,1.3,1.25,0.49842499207921714,0.640159999999014,16,0.8685061044236804,0.9883706906017343,1472,1409,True,ok
bc330dd9c3e1f1b01da77bddae27b46d527be4483da6954817e855004b3ce641,theiler,T1: 0.75×,7,26,Awake,24.99375156214797,1500,8,0.16,4,0.8,1.3,0.75,0.5014121264970449,0.36008999999944535,9,0.8735362162523594,0.9553676817194673,1472,1433,True,ok
bc330dd9c3e1f1b01da77bddae27b46d527be4483da6954817e855004b3ce641,theiler,T3: 1.25×,7,26,Awake,24.99375156214797,1500,8,0.16,4,0.8,1.3,1.25,0.5014121264970449,0.640159999999014,16,0.867275268322353,0.9525651748008189,1472,1433,True,ok
bc330dd9c3e1f1b01da77bddae27b46d527be4483da6954817e855004b3ce641,theiler,T1: 0.75×,7,27,Awake,24.99375156214797,1500,8,0.16,4,0.8,1.3,0.75,0.49952703236137797,0.36008999999944535,9,0.8686092283160519,0.9819741931602326,1472,1416,True,ok
bc330dd9c3e1f1b01da77bddae27b46d527be4483da6954817e855004b3ce641,theiler,T3: 1.25×,7,27,Awake,24.99375156214797,1500,8,0.16,4,0.8,1.3,1.25,0.49952703236137797,0.640159999999014,16,0.8686068993975199,0.982265254970191,1472,1416,True,ok
bc330dd9c3e1f1b01da77bddae27b46d527be4483da6954817e855004b3ce641,theiler,T1: 0.75×,7,28,Awake,24.99375156214797,1500,8,0.16,4,0.8,1.3,0.75,0.4824397079822135,0.36008999999944535,9,0.8416245857417423,0.9837454461758447,1472,1387,True,ok
bc330dd9c3e1f1b01da77bddae27b46d527be4483da6954817e855004b3ce641,theiler,T3: 1.25×,7,28,Awake,24.99375156214797,1500,8,0.16,4,0.8,1.3,1.25,0.4824397079822135,0.6001499999990756,15,0.8416245857417423,0.9837454461758447,1472,1387,True,ok
bc330dd9c3e1f1b01da77bddae27b46d527be4483da6954817e855004b3ce641,theiler,T1: 0.75×,7,30,Awake,24.99375156214797,1500,8,0.16,4,0.8,1.3,0.75,0.4735425364952708,0.36008999999944535,9,0.7852537406747732,0.9758169013857979,1472,1412,True,ok
bc330dd9c3e1f1b01da77bddae27b46d527be4483da6954817e855004b3ce641,theiler,T3: 1.25×,7,30,Awake,24.99375156214797,1500,8,0.16,4,0.8,1.3,1.25,0.4735425364952708,0.6001499999990756,15,0.7852537406747732,0.9758169013857979,1472,1412,True,ok
bc330dd9c3e1f1b01da77bddae27b46d527be4483da6954817e855004b3ce641,theiler,T1: 0.75×,7,32,Awake,24.99375156214797,1500,8,0.16,4,0.8,1.3,0.75,0.5094996277731056,0.4000999999993837,10,0.8640212952157581,0.9461220203873862,1472,1411,True,ok
bc330dd9c3e1f1b01da77bddae27b46d527be4483da6954817e855004b3ce641,theiler,T3: 1.25×,7,32,Awake,24.99375156214797,1500,8,0.16,4,0.8,1.3,1.25,0.5094996277731056,0.640159999999014,16,0.8640212952157581,0.9461220203873862,1472,1411,True,ok
bc330dd9c3e1f1b01da77bddae27b46d527be4483da6954817e855004b3ce641,theiler,T1: 0.75×,7,33,Awake,24.99375156214797,1500,8,0.16,4,0.8,1.3,0.75,0.5058467343956731,0.36008999999944535,9,0.9945216122272494,0.9466451728867091,1472,1422,True,ok
bc330dd9c3e1f1b01da77bddae27b46d527be4483da6954817e855004b3ce641,theiler,T3: 1.25×,7,33,Awake,24.99375156214797,1500,8,0.16,4,0.8,1.3,1.25,0.5058467343956731,0.640159999999014,16,1.001745411937427,0.9472944688669711,1472,1422,True,ok
bc330dd9c3e1f1b01da77bddae27b46d527be4483da6954817e855004b3ce641,theiler,T1: 0.75×,7,34,Awake,24.99375156214797,1500,8,0.16,4,0.8,1.3,0.75,0.4969376890399911,0.36008999999944535,9,0.7562441689173872,0.9649709854654052,1472,1407,True,ok
bc330dd9c3e1f1b01da77bddae27b46d527be4483da6954817e855004b3ce641,theiler,T3: 1.25×,7,34,Awake,24.99375156214797,1500,8,0.16,4,0.8,1.3,1.25,0.4969376890399911,0.640159999999014,16,0.7549610757487227,0.964766494237889,1472,1407,True,ok
bc330dd9c3e1f1b01da77bddae27b46d527be4483da6954817e855004b3ce641,theiler,T1: 0.75×,7,35,Awake,24.99375156214797,1500,8,0.16,4,0.8,1.3,0.75,0.49607869304902696,0.36008999999944535,9,0.8547093697850396,0.9709763695780435,1472,1393,True,ok
bc330dd9c3e1f1b01da77bddae27b46d527be4483da6954817e855004b3ce641,theiler,T3: 1.25×,7,35,Awake,24.99375156214797,1500,8,0.16,4,0.8,1.3,1.25,0.49607869304902696,0.6001499999990756,15,0.8547093697850396,0.9709763695780435,1472,1393,True,ok
bc330dd9c3e1f1b01da77bddae27b46d527be4483da6954817e855004b3ce641,theiler,T1: 0.75×,7,36,Awake,24.99375156214797,1500,8,0.16,4,0.8,1.3,0.75,0.5062722591791465,0.36008999999944535,9,0.8295578193797403,0.975008426186136,1472,1409,True,ok
bc330dd9c3e1f1b01da77bddae27b46d527be4483da6954817e855004b3ce641,theiler,T3: 1.25×,7,36,Awake,24.99375156214797,1500,8,0.16,4,0.8,1.3,1.25,0.5062722591791465,0.640159999999014,16,0.8295578193797403,0.975008426186136,1472,1409,True,ok
bc330dd9c3e1f1b01da77bddae27b46d527be4483da6954817e855004b3ce641,theiler,T1: 0.75×,7,37,Awake,24.99375156214797,1500,8,0.16,4,0.8,1.3,0.75,0.5156558818444067,0.4000999999993837,10,0.7739981155838054,0.9659510979263523,1472,1399,True,ok
bc330dd9c3e1f1b01da77bddae27b46d527be4483da6954817e855004b3ce641,theiler,T3: 1.25×,7,37,Awake,24.99375156214797,1500,8,0.16,4,0.8,1.3,1.25,0.5156558818444067,0.640159999999014,16,0.7739316022084796,0.9660456304163859,1472,1399,True,ok
bc330dd9c3e1f1b01da77bddae27b46d527be4483da6954817e855004b3ce641,theiler,T1: 0.75×,7,38,Awake,24.99375156214797,1500,8,0.16,4,0.8,1.3,0.75,0.5195743844203853,0.4000999999993837,10,0.8456666551599942,0.9794490083323034,1472,1414,True,ok
bc330dd9c3e1f1b01da77bddae27b46d527be4483da6954817e855004b3ce641,theiler,T3: 1.25×,7,38,Awake,24.99375156214797,1500,8,0.16,4,0.8,1.3,1.25,0.5195743844203853,0.640159999999014,16,0.8456666551599942,0.9794490083323034,1472,1414,True,ok
bc330dd9c3e1f1b01da77bddae27b46d527be4483da6954817e855004b3ce641,theiler,T1: 0.75×,7,39,Awake,24.99375156214797,1500,8,0.16,4,0.8,1.3,0.75,0.5128720204853717,0.4000999999993837,10,0.9361618713397794,0.9660468399015186,1472,1398,True,ok
bc330dd9c3e1f1b01da77bddae27b46d527be4483da6954817e855004b3ce641,theiler,T3: 1.25×,7,39,Awake,24.99375156214797,1500,8,0.16,4,0.8,1.3,1.25,0.5128720204853717,0.640159999999014,16,0.9361180612859201,0.9656721458863875,1472,1398,True,ok
bc330dd9c3e1f1b01da77bddae27b46d527be4483da6954817e855004b3ce641,theiler,T1: 0.75×,7,41,Drowsy,24.99375156214797,1500,8,0.16,4,0.8,1.3,0.75,0.5093695747380204,0.4000999999993837,10,0.7501796446761061,0.9647676022855058,1472,1402,True,ok
bc330dd9c3e1f1b01da77bddae27b46d527be4483da6954817e855004b3ce641,theiler,T3: 1.25×,7,41,Drowsy,24.99375156214797,1500,8,0.16,4,0.8,1.3,1.25,0.5093695747380204,0.640159999999014,16,0.767270283258125,0.9647497330530462,1472,1402,True,ok
bc330dd9c3e1f1b01da77bddae27b46d527be4483da6954817e855004b3ce641,theiler,T1: 0.75×,7,42,Drowsy,24.99375156214797,1500,8,0.16,4,0.8,1.3,0.75,0.5055903708892887,0.36008999999944535,9,0.8679720802638794,0.9733464452281431,1472,1427,True,ok
bc330dd9c3e1f1b01da77bddae27b46d527be4483da6954817e855004b3ce641,theiler,T3: 1.25×,7,42,Drowsy,24.99375156214797,1500,8,0.16,4,0.8,1.3,1.25,0.5055903708892887,0.640159999999014,16,0.8622488571588461,0.9726166201171436,1472,1426,True,ok
bc330dd9c3e1f1b01da77bddae27b46d527be4483da6954817e855004b3ce641,theiler,T1: 0.75×,7,43,Drowsy,24.99375156214797,1500,8,0.16,4,0.8,1.3,0.75,0.4601251490980633,0.36008999999944535,9,0.9015059463375465,0.9303972566031805,1472,1416,True,ok
bc330dd9c3e1f1b01da77bddae27b46d527be4483da6954817e855004b3ce641,theiler,T3: 1.25×,7,43,Drowsy,24.99375156214797,1500,8,0.16,4,0.8,1.3,1.25,0.4601251490980633,0.5601399999991372,14,0.9015059463375465,0.9303972566031805,1472,1416,True,ok
bc330dd9c3e1f1b01da77bddae27b46d527be4483da6954817e855004b3ce641,theiler,T1: 0.75×,7,44,Drowsy,24.99375156214797,1500,8,0.16,4,0.8,1.3,0.75,0.4759036147455674,0.36008999999944535,9,0.9239594203553351,0.9851487865144934,1472,1379,True,ok
bc330dd9c3e1f1b01da77bddae27b46d527be4483da6954817e855004b3ce641,theiler,T3: 1.25×,7,44,Drowsy,24.99375156214797,1500,8,0.16,4,0.8,1.3,1.25,0.4759036147455674,0.6001499999990756,15,0.9239594203553351,0.9851487865144934,1472,1379,True,ok
bc330dd9c3e1f1b01da77bddae27b46d527be4483da6954817e855004b3ce641,theiler,T1: 0.75×,7,45,Drowsy,24.99375156214797,1500,8,0.16,4,0.8,1.3,0.75,0.46403693183530365,0.36008999999944535,9,0.8025042902640064,0.9405231831024045,1472,1396,True,ok
bc330dd9c3e1f1b01da77bddae27b46d527be4483da6954817e855004b3ce641,theiler,T3: 1.25×,7,45,Drowsy,24.99375156214797,1500,8,0.16,4,0.8,1.3,1.25,0.46403693183530365,0.5601399999991372,14,0.8025042902640064,0.9405231831024045,1472,1396,True,ok
bc330dd9c3e1f1b01da77bddae27b46d527be4483da6954817e855004b3ce641,theiler,T1: 0.75×,7,46,Drowsy,24.99375156214797,1500,8,0.16,4,0.8,1.3,0.75,0.4900123850285806,0.36008999999944535,9,0.806196008584901,0.9785572586370402,1472,1414,True,ok
bc330dd9c3e1f1b01da77bddae27b46d527be4483da6954817e855004b3ce641,theiler,T3: 1.25×,7,46,Drowsy,24.99375156214797,1500,8,0.16,4,0.8,1.3,1.25,0.4900123850285806,0.6001499999990756,15,0.8059601530310672,0.9795497774050987,1472,1420,True,ok
bc330dd9c3e1f1b01da77bddae27b46d527be4483da6954817e855004b3ce641,theiler,T1: 0.75×,7,47,Drowsy,24.99375156214797,1500,8,0.16,4,0.8,1.3,0.75,0.5174189573167779,0.4000999999993837,10,0.8907082895607242,0.9839530049724622,1472,1395,True,ok
bc330dd9c3e1f1b01da77bddae27b46d527be4483da6954817e855004b3ce641,theiler,T3: 1.25×,7,47,Drowsy,24.99375156214797,1500,8,0.16,4,0.8,1.3,1.25,0.5174189573167779,0.640159999999014,16,0.8907082895607242,0.9839530049724622,1472,1395,True,ok
bc330dd9c3e1f1b01da77bddae27b46d527be4483da6954817e855004b3ce641,theiler,T1: 0.75×,7,48,Drowsy,24.99375156214797,1500,8,0.16,4,0.8,1.3,0.75,0.44166391706605396,0.320079999999507,8,0.69626354488652,0.8798796879092156,1472,1423,False,low_fit_r2
bc330dd9c3e1f1b01da77bddae27b46d527be4483da6954817e855004b3ce641,theiler,T3: 1.25×,7,48,Drowsy,24.99375156214797,1500,8,0.16,4,0.8,1.3,1.25,0.44166391706605396,0.5601399999991372,14,0.6977116466211213,0.8783053488210856,1472,1423,False,low_fit_r2
bc330dd9c3e1f1b01da77bddae27b46d527be4483da6954817e855004b3ce641,theiler,T1: 0.75×,7,49,Drowsy,24.99375156214797,1500,8,0.16,4,0.8,1.3,0.75,0.49861045758280514,0.36008999999944535,9,0.780310199813429,0.9631087222324722,1472,1429,True,ok
bc330dd9c3e1f1b01da77bddae27b46d527be4483da6954817e855004b3ce641,theiler,T3: 1.25×,7,49,Drowsy,24.99375156214797,1500,8,0.16,4,0.8,1.3,1.25,0.49861045758280514,0.640159999999014,16,0.780310199813429,0.9631087222324722,1472,1429,True,ok
bc330dd9c3e1f1b01da77bddae27b46d527be4483da6954817e855004b3ce641,theiler,T1: 0.75×,8,1,Awake,24.993751562005933,1500,8,0.16,4,0.8,1.3,0.75,0.5012133854059048,0.3600900000014917,9,0.799305058799463,0.9871390796705004,1472,1423,True,ok
bc330dd9c3e1f1b01da77bddae27b46d527be4483da6954817e855004b3ce641,theiler,T3: 1.25×,8,1,Awake,24.993751562005933,1500,8,0.16,4,0.8,1.3,1.25,0.5012133854059048,0.6401600000026519,16,0.8067641861508289,0.987350211161596,1472,1423,True,ok
bc330dd9c3e1f1b01da77bddae27b46d527be4483da6954817e855004b3ce641,theiler,T1: 0.75×,8,2,Awake,24.993751562005933,1500,8,0.16,4,0.8,1.3,0.75,0.5778700863028104,0.4401100000018232,11,0.8581839949240189,0.9955195075035919,1472,1424,True,ok
bc330dd9c3e1f1b01da77bddae27b46d527be4483da6954817e855004b3ce641,theiler,T3: 1.25×,8,2,Awake,24.993751562005933,1500,8,0.16,4,0.8,1.3,1.25,0.5778700863028104,0.7201800000029834,18,0.8598204081469696,0.9934296083070864,1472,1425,True,ok
bc330dd9c3e1f1b01da77bddae27b46d527be4483da6954817e855004b3ce641,theiler,T1: 0.75×,8,3,Awake,24.993751562005933,1500,8,0.16,4,0.8,1.3,0.75,0.5827212199664954,0.4401100000018232,11,0.8406300705312778,0.9643918528515906,1472,1415,True,ok
bc330dd9c3e1f1b01da77bddae27b46d527be4483da6954817e855004b3ce641,theiler,T3: 1.25×,8,3,Awake,24.993751562005933,1500,8,0.16,4,0.8,1.3,1.25,0.5827212199664954,0.7201800000029834,18,0.8387525125767418,0.9625512641013056,1472,1409,True,ok
bc330dd9c3e1f1b01da77bddae27b46d527be4483da6954817e855004b3ce641,theiler,T1: 0.75×,8,4,Awake,24.993751562005933,1500,8,0.16,4,0.8,1.3,0.75,0.5613702924115814,0.4401100000018232,11,0.8665469937581245,0.9516619216933222,1472,1409,True,ok
bc330dd9c3e1f1b01da77bddae27b46d527be4483da6954817e855004b3ce641,theiler,T3: 1.25×,8,4,Awake,24.993751562005933,1500,8,0.16,4,0.8,1.3,1.25,0.5613702924115814,0.7201800000029834,18,0.8755178841438022,0.9512207794997123,1472,1409,True,ok
bc330dd9c3e1f1b01da77bddae27b46d527be4483da6954817e855004b3ce641,theiler,T1: 0.75×,8,5,Awake,24.993751562005933,1500,8,0.16,4,0.8,1.3,0.75,0.5680673744835532,0.4401100000018232,11,0.9215712479135693,0.9812685150312702,1472,1413,True,ok
bc330dd9c3e1f1b01da77bddae27b46d527be4483da6954817e855004b3ce641,theiler,T3: 1.25×,8,5,Awake,24.993751562005933,1500,8,0.16,4,0.8,1.3,1.25,0.5680673744835532,0.7201800000029834,18,0.923005925445148,0.9808072862997721,1472,1411,True,ok
bc330dd9c3e1f1b01da77bddae27b46d527be4483da6954817e855004b3ce641,theiler,T1: 0.75×,8,6,Awake,24.993751562005933,1500,8,0.16,4,0.8,1.3,0.75,0.5796832324033764,0.4401100000018232,11,0.8362407504905603,0.9859401413521196,1472,1398,True,ok
bc330dd9c3e1f1b01da77bddae27b46d527be4483da6954817e855004b3ce641,theiler,T3: 1.25×,8,6,Awake,24.993751562005933,1500,8,0.16,4,0.8,1.3,1.25,0.5796832324033764,0.7201800000029834,18,0.8352406389786523,0.9866797119216688,1472,1398,True,ok
bc330dd9c3e1f1b01da77bddae27b46d527be4483da6954817e855004b3ce641,theiler,T1: 0.75×,8,7,Awake,24.993751562005933,1500,8,0.16,4,0.8,1.3,0.75,0.5863214557881579,0.4401100000018232,11,1.0019311037742682,0.9799905062322045,1472,1414,True,ok
bc330dd9c3e1f1b01da77bddae27b46d527be4483da6954817e855004b3ce641,theiler,T3: 1.25×,8,7,Awake,24.993751562005933,1500,8,0.16,4,0.8,1.3,1.25,0.5863214557881579,0.7201800000029834,18,0.9937856173804874,0.9820724610537648,1472,1405,True,ok
bc330dd9c3e1f1b01da77bddae27b46d527be4483da6954817e855004b3ce641,theiler,T1: 0.75×,8,8,Awake,24.993751562005933,1500,8,0.16,4,0.8,1.3,0.75,0.5676423309849393,0.4401100000018232,11,0.8931571288069593,0.9869765167866013,1472,1376,True,ok
bc330dd9c3e1f1b01da77bddae27b46d527be4483da6954817e855004b3ce641,theiler,T3: 1.25×,8,8,Awake,24.993751562005933,1500,8,0.16,4,0.8,1.3,1.25,0.5676423309849393,0.7201800000029834,18,0.8934660271273646,0.9847523359257385,1472,1376,True,ok
bc330dd9c3e1f1b01da77bddae27b46d527be4483da6954817e855004b3ce641,theiler,T1: 0.75×,8,9,Awake,24.993751562005933,1500,8,0.16,4,0.8,1.3,0.75,0.5928794584730083,0.4401100000018232,11,0.944962730542679,0.9966634496909273,1472,1435,True,ok
bc330dd9c3e1f1b01da77bddae27b46d527be4483da6954817e855004b3ce641,theiler,T3: 1.25×,8,9,Awake,24.993751562005933,1500,8,0.16,4,0.8,1.3,1.25,0.5928794584730083,0.7601900000031492,19,0.94461599001752,0.9967012117026626,1472,1435,True,ok
bc330dd9c3e1f1b01da77bddae27b46d527be4483da6954817e855004b3ce641,theiler,T1: 0.75×,8,10,Awake,24.993751562005933,1500,8,0.16,4,0.8,1.3,0.75,0.6220727234644721,0.48012000000198896,12,0.8411715061477615,0.9719963873764582,1472,1416,True,ok
bc330dd9c3e1f1b01da77bddae27b46d527be4483da6954817e855004b3ce641,theiler,T3: 1.25×,8,10,Awake,24.993751562005933,1500,8,0.16,4,0.8,1.3,1.25,0.6220727234644721,0.7601900000031492,19,0.8411715061477615,0.9719963873764582,1472,1416,True,ok
bc330dd9c3e1f1b01da77bddae27b46d527be4483da6954817e855004b3ce641,theiler,T1: 0.75×,8,11,Awake,24.993751562005933,1500,8,0.16,4,0.8,1.3,0.75,0.5879546000985593,0.4401100000018232,11,0.9896909201084786,0.9828717661054012,1472,1391,True,ok
bc330dd9c3e1f1b01da77bddae27b46d527be4483da6954817e855004b3ce641,theiler,T3: 1.25×,8,11,Awake,24.993751562005933,1500,8,0.16,4,0.8,1.3,1.25,0.5879546000985593,0.7201800000029834,18,0.990743848817488,0.9814784237438196,1472,1391,True,ok
bc330dd9c3e1f1b01da77bddae27b46d527be4483da6954817e855004b3ce641,theiler,T1: 0.75×,8,12,Awake,24.993751562005933,1500,8,0.16,4,0.8,1.3,0.75,0.5842256902270695,0.4401100000018232,11,0.8951684641889792,0.9791967681381245,1472,1427,True,ok
bc330dd9c3e1f1b01da77bddae27b46d527be4483da6954817e855004b3ce641,theiler,T3: 1.25×,8,12,Awake,24.993751562005933,1500,8,0.16,4,0.8,1.3,1.25,0.5842256902270695,0.7201800000029834,18,0.9004309874902098,0.9819994898783381,1472,1427,True,ok
bc330dd9c3e1f1b01da77bddae27b46d527be4483da6954817e855004b3ce641,theiler,T1: 0.75×,8,13,Awake,24.993751562005933,1500,8,0.16,4,0.8,1.3,0.75,0.5665662715582132,0.4401100000018232,11,0.8911848093530709,0.9816223916014777,1472,1405,True,ok
bc330dd9c3e1f1b01da77bddae27b46d527be4483da6954817e855004b3ce641,theiler,T3: 1.25×,8,13,Awake,24.993751562005933,1500,8,0.16,4,0.8,1.3,1.25,0.5665662715582132,0.7201800000029834,18,0.8864996791628649,0.9830347102496432,1472,1408,True,ok
bc330dd9c3e1f1b01da77bddae27b46d527be4483da6954817e855004b3ce641,theiler,T1: 0.75×,8,14,Awake,24.993751562005933,1500,8,0.16,4,0.8,1.3,0.75,0.5633319592203243,0.4401100000018232,11,0.8426758381304081,0.9781623482883084,1472,1401,True,ok
bc330dd9c3e1f1b01da77bddae27b46d527be4483da6954817e855004b3ce641,theiler,T3: 1.25×,8,14,Awake,24.993751562005933,1500,8,0.16,4,0.8,1.3,1.25,0.5633319592203243,0.7201800000029834,18,0.8470255958796545,0.9786596123597401,1472,1400,True,ok
bc330dd9c3e1f1b01da77bddae27b46d527be4483da6954817e855004b3ce641,theiler,T1: 0.75×,8,15,Awake,24.993751562005933,1500,8,0.16,4,0.8,1.3,0.75,0.6036019530316226,0.4401100000018232,11,0.9449819885049068,0.9852895609642538,1472,1419,True,ok
bc330dd9c3e1f1b01da77bddae27b46d527be4483da6954817e855004b3ce641,theiler,T3: 1.25×,8,15,Awake,24.993751562005933,1500,8,0.16,4,0.8,1.3,1.25,0.6036019530316226,0.7601900000031492,19,0.9449819885049068,0.9852895609642538,1472,1419,True,ok
bc330dd9c3e1f1b01da77bddae27b46d527be4483da6954817e855004b3ce641,theiler,T1: 0.75×,8,16,Awake,24.993751562005933,1500,8,0.16,4,0.8,1.3,0.75,0.5636871700605715,0.4401100000018232,11,0.8842661736711691,0.9704626605789417,1472,1399,True,ok
bc330dd9c3e1f1b01da77bddae27b46d527be4483da6954817e855004b3ce641,theiler,T3: 1.25×,8,16,Awake,24.993751562005933,1500,8,0.16,4,0.8,1.3,1.25,0.5636871700605715,0.7201800000029834,18,0.876004769573572,0.9729950091833269,1472,1399,True,ok
bc330dd9c3e1f1b01da77bddae27b46d527be4483da6954817e855004b3ce641,theiler,T1: 0.75×,8,17,Awake,24.993751562005933,1500,8,0.16,4,0.8,1.3,0.75,0.5527939753942874,0.40010000000165746,10,0.7708249666959052,0.9747305366800185,1472,1426,True,ok
bc330dd9c3e1f1b01da77bddae27b46d527be4483da6954817e855004b3ce641,theiler,T3: 1.25×,8,17,Awake,24.993751562005933,1500,8,0.16,4,0.8,1.3,1.25,0.5527939753942874,0.6801700000028177,17,0.7747369531178451,0.9746687444001092,1472,1426,True,ok
bc330dd9c3e1f1b01da77bddae27b46d527be4483da6954817e855004b3ce641,theiler,T1: 0.75×,8,18,Awake,24.993751562005933,1500,8,0.16,4,0.8,1.3,0.75,0.5292167934146409,0.40010000000165746,10,0.7379356168223551,0.9695188227501853,1472,1436,True,ok
bc330dd9c3e1f1b01da77bddae27b46d527be4483da6954817e855004b3ce641,theiler,T3: 1.25×,8,18,Awake,24.993751562005933,1500,8,0.16,4,0.8,1.3,1.25,0.5292167934146409,0.6801700000028177,17,0.7381659464515543,0.9681711683879252,1472,1440,True,ok
bc330dd9c3e1f1b01da77bddae27b46d527be4483da6954817e855004b3ce641,theiler,T1: 0.75×,8,19,Awake,24.993751562005933,1500,8,0.16,4,0.8,1.3,0.75,0.5428843069056737,0.40010000000165746,10,0.6939102395778926,0.9763143178645988,1472,1423,True,ok
bc330dd9c3e1f1b01da77bddae27b46d527be4483da6954817e855004b3ce641,theiler,T3: 1.25×,8,19,Awake,24.993751562005933,1500,8,0.16,4,0.8,1.3,1.25,0.5428843069056737,0.6801700000028177,17,0.6939102395778926,0.9763143178645988,1472,1423,True,ok
bc330dd9c3e1f1b01da77bddae27b46d527be4483da6954817e855004b3ce641,theiler,T1: 0.75×,8,20,Awake,24.993751562005933,1500,8,0.16,4,0.8,1.3,0.75,0.5520959267445672,0.40010000000165746,10,0.7681947999522193,0.972231861763583,1472,1417,True,ok
bc330dd9c3e1f1b01da77bddae27b46d527be4483da6954817e855004b3ce641,theiler,T3: 1.25×,8,20,Awake,24.993751562005933,1500,8,0.16,4,0.8,1.3,1.25,0.5520959267445672,0.6801700000028177,17,0.7691310235130782,0.9730457783461914,1472,1417,True,ok
bc330dd9c3e1f1b01da77bddae27b46d527be4483da6954817e855004b3ce641,theiler,T1: 0.75×,8,21,Awake,24.993751562005933,1500,8,0.16,4,0.8,1.3,0.75,0.5434401072912945,0.40010000000165746,10,0.770493310716209,0.9480088917823147,1472,1408,True,ok
bc330dd9c3e1f1b01da77bddae27b46d527be4483da6954817e855004b3ce641,theiler,T3: 1.25×,8,21,Awake,24.993751562005933,1500,8,0.16,4,0.8,1.3,1.25,0.5434401072912945,0.6801700000028177,17,0.7724354897955716,0.9479370359100331,1472,1408,True,ok
bc330dd9c3e1f1b01da77bddae27b46d527be4483da6954817e855004b3ce641,theiler,T1: 0.75×,8,22,Awake,24.993751562005933,1500,8,0.16,4,0.8,1.3,0.75,0.5471424663210742,0.40010000000165746,10,0.7200005544676944,0.9682378543087146,1472,1380,True,ok
bc330dd9c3e1f1b01da77bddae27b46d527be4483da6954817e855004b3ce641,theiler,T3: 1.25×,8,22,Awake,24.993751562005933,1500,8,0.16,4,0.8,1.3,1.25,0.5471424663210742,0.6801700000028177,17,0.7146391399015934,0.9657177341904494,1472,1380,True,ok
bc330dd9c3e1f1b01da77bddae27b46d527be4483da6954817e855004b3ce641,theiler,T1: 0.75×,8,24,Awake,24.993751562005933,1500,8,0.16,4,0.8,1.3,0.75,0.5919183570373441,0.4401100000018232,11,0.9862816525219672,0.9858160359651577,1472,1440,True,ok
bc330dd9c3e1f1b01da77bddae27b46d527be4483da6954817e855004b3ce641,theiler,T3: 1.25×,8,24,Awake,24.993751562005933,1500,8,0.16,4,0.8,1.3,1.25,0.5919183570373441,0.7201800000029834,18,0.9841533933052838,0.9857930010515392,1472,1440,True,ok
bc330dd9c3e1f1b01da77bddae27b46d527be4483da6954817e855004b3ce641,theiler,T1: 0.75×,8,25,Awake,24.993751562005933,1500,8,0.16,4,0.8,1.3,0.75,0.5616895685549959,0.4401100000018232,11,0.7891469126086741,0.9461866463375553,1472,1425,True,ok
bc330dd9c3e1f1b01da77bddae27b46d527be4483da6954817e855004b3ce641,theiler,T3: 1.25×,8,25,Awake,24.993751562005933,1500,8,0.16,4,0.8,1.3,1.25,0.5616895685549959,0.7201800000029834,18,0.7788034539889255,0.951754036041443,1472,1425,True,ok
bc330dd9c3e1f1b01da77bddae27b46d527be4483da6954817e855004b3ce641,theiler,T1: 0.75×,8,26,Awake,24.993751562005933,1500,8,0.16,4,0.8,1.3,0.75,0.5805731748777649,0.4401100000018232,11,0.8614818327211143,0.9615445535682744,1472,1417,True,ok
bc330dd9c3e1f1b01da77bddae27b46d527be4483da6954817e855004b3ce641,theiler,T3: 1.25×,8,26,Awake,24.993751562005933,1500,8,0.16,4,0.8,1.3,1.25,0.5805731748777649,0.7201800000029834,18,0.8605595740985195,0.9620614632078548,1472,1417,True,ok
bc330dd9c3e1f1b01da77bddae27b46d527be4483da6954817e855004b3ce641,theiler,T1: 0.75×,8,27,Awake,24.993751562005933,1500,8,0.16,4,0.8,1.3,0.75,0.5769623775559958,0.4401100000018232,11,0.7631567491076892,0.9554973338925277,1472,1392,True,ok
bc330dd9c3e1f1b01da77bddae27b46d527be4483da6954817e855004b3ce641,theiler,T3: 1.25×,8,27,Awake,24.993751562005933,1500,8,0.16,4,0.8,1.3,1.25,0.5769623775559958,0.7201800000029834,18,0.7631567491076892,0.9554973338925277,1472,1392,True,ok
bc330dd9c3e1f1b01da77bddae27b46d527be4483da6954817e855004b3ce641,theiler,T1: 0.75×,8,28,Awake,24.993751562005933,1500,8,0.16,4,0.8,1.3,0.75,0.602996051954501,0.4401100000018232,11,1.000813300075426,0.994529465136844,1472,1402,True,ok
bc330dd9c3e1f1b01da77bddae27b46d527be4483da6954817e855004b3ce641,theiler,T3: 1.25×,8,28,Awake,24.993751562005933,1500,8,0.16,4,0.8,1.3,1.25,0.602996051954501,0.7601900000031492,19,0.999842346563195,0.9942871810845084,1472,1402,True,ok
bc330dd9c3e1f1b01da77bddae27b46d527be4483da6954817e855004b3ce641,theiler,T1: 0.75×,8,29,Awake,24.993751562005933,1500,8,0.16,4,0.8,1.3,0.75,0.5667821349943585,0.4401100000018232,11,0.8628451902434504,0.9898379432581497,1472,1403,True,ok
bc330dd9c3e1f1b01da77bddae27b46d527be4483da6954817e855004b3ce641,theiler,T3: 1.25×,8,29,Awake,24.993751562005933,1500,8,0.16,4,0.8,1.3,1.25,0.5667821349943585,0.7201800000029834,18,0.8486696642793844,0.9886804144107475,1472,1403,True,ok
bc330dd9c3e1f1b01da77bddae27b46d527be4483da6954817e855004b3ce641,theiler,T1: 0.75×,8,30,Awake,24.993751562005933,1500,8,0.16,4,0.8,1.3,0.75,0.5549698414082639,0.40010000000165746,10,0.9430229399461559,0.9708460694671275,1472,1390,True,ok
bc330dd9c3e1f1b01da77bddae27b46d527be4483da6954817e855004b3ce641,theiler,T3: 1.25×,8,30,Awake,24.993751562005933,1500,8,0.16,4,0.8,1.3,1.25,0.5549698414082639,0.6801700000028177,17,0.9384803855093902,0.9589748931734707,1472,1390,True,ok
bc330dd9c3e1f1b01da77bddae27b46d527be4483da6954817e855004b3ce641,theiler,T1: 0.75×,8,31,Drowsy,24.993751562005933,1500,8,0.16,4,0.8,1.3,0.75,0.505519286604087,0.3600900000014917,9,0.8151951989551608,0.990448629712502,1472,1418,True,ok
bc330dd9c3e1f1b01da77bddae27b46d527be4483da6954817e855004b3ce641,theiler,T3: 1.25×,8,31,Drowsy,24.993751562005933,1500,8,0.16,4,0.8,1.3,1.25,0.505519286604087,0.6401600000026519,16,0.8236484390976787,0.9901198864130605,1472,1418,True,ok
bc330dd9c3e1f1b01da77bddae27b46d527be4483da6954817e855004b3ce641,theiler,T1: 0.75×,8,32,Drowsy,24.993751562005933,1500,8,0.16,4,0.8,1.3,0.75,0.5250838878066635,0.40010000000165746,10,0.8100591607527566,0.9696597154248658,1472,1411,True,ok
bc330dd9c3e1f1b01da77bddae27b46d527be4483da6954817e855004b3ce641,theiler,T3: 1.25×,8,32,Drowsy,24.993751562005933,1500,8,0.16,4,0.8,1.3,1.25,0.5250838878066635,0.6401600000026519,16,0.8122118585071656,0.9684461769808099,1472,1411,True,ok
bc330dd9c3e1f1b01da77bddae27b46d527be4483da6954817e855004b3ce641,theiler,T1: 0.75×,8,33,Drowsy,24.993751562005933,1500,8,0.16,4,0.8,1.3,0.75,0.5231594963741539,0.40010000000165746,10,0.7903857597602233,0.9808946724929061,1472,1370,True,ok
bc330dd9c3e1f1b01da77bddae27b46d527be4483da6954817e855004b3ce641,theiler,T3: 1.25×,8,33,Drowsy,24.993751562005933,1500,8,0.16,4,0.8,1.3,1.25,0.5231594963741539,0.6401600000026519,16,0.7792905400281873,0.978011663390292,1472,1370,True,ok
bc330dd9c3e1f1b01da77bddae27b46d527be4483da6954817e855004b3ce641,theiler,T1: 0.75×,8,34,Drowsy,24.993751562005933,1500,8,0.16,4,0.8,1.3,0.75,0.5384340479956561,0.40010000000165746,10,0.8179162321968668,0.9854260945199875,1472,1402,True,ok
bc330dd9c3e1f1b01da77bddae27b46d527be4483da6954817e855004b3ce641,theiler,T3: 1.25×,8,34,Drowsy,24.993751562005933,1500,8,0.16,4,0.8,1.3,1.25,0.5384340479956561,0.6801700000028177,17,0.8262957963121846,0.9838620454058562,1472,1402,True,ok
bc330dd9c3e1f1b01da77bddae27b46d527be4483da6954817e855004b3ce641,theiler,T1: 0.75×,8,36,Awake,24.993751562005933,1500,8,0.16,4,0.8,1.3,0.75,0.5209466285825934,0.40010000000165746,10,0.7627078725817951,0.9672437372543955,1472,1405,True,ok
bc330dd9c3e1f1b01da77bddae27b46d527be4483da6954817e855004b3ce641,theiler,T3: 1.25×,8,36,Awake,24.993751562005933,1500,8,0.16,4,0.8,1.3,1.25,0.5209466285825934,0.6401600000026519,16,0.7627078725817951,0.9672437372543955,1472,1405,True,ok
bc330dd9c3e1f1b01da77bddae27b46d527be4483da6954817e855004b3ce641,theiler,T1: 0.75×,8,37,Awake,24.993751562005933,1500,8,0.16,4,0.8,1.3,0.75,0.5376769775361637,0.40010000000165746,10,0.7657324262329904,0.9612629852417601,1472,1399,True,ok
bc330dd9c3e1f1b01da77bddae27b46d527be4483da6954817e855004b3ce641,theiler,T3: 1.25×,8,37,Awake,24.993751562005933,1500,8,0.16,4,0.8,1.3,1.25,0.5376769775361637,0.6801700000028177,17,0.7734794610591521,0.970017560537025,1472,1399,True,ok
bc330dd9c3e1f1b01da77bddae27b46d527be4483da6954817e855004b3ce641,theiler,T1: 0.75×,8,38,Awake,24.993751562005933,1500,8,0.16,4,0.8,1.3,0.75,0.5725483961226674,0.4401100000018232,11,0.8482215777541828,0.9838236631099204,1472,1417,True,ok
bc330dd9c3e1f1b01da77bddae27b46d527be4483da6954817e855004b3ce641,theiler,T3: 1.25×,8,38,Awake,24.993751562005933,1500,8,0.16,4,0.8,1.3,1.25,0.5725483961226674,0.7201800000029834,18,0.8493116854550864,0.9825729894646902,1472,1417,True,ok
bc330dd9c3e1f1b01da77bddae27b46d527be4483da6954817e855004b3ce641,theiler,T1: 0.75×,8,39,Awake,24.993751562005933,1500,8,0.16,4,0.8,1.3,0.75,0.5680446297287757,0.4401100000018232,11,0.7975726445409375,0.9864231382968821,1472,1395,True,ok
bc330dd9c3e1f1b01da77bddae27b46d527be4483da6954817e855004b3ce641,theiler,T3: 1.25×,8,39,Awake,24.993751562005933,1500,8,0.16,4,0.8,1.3,1.25,0.5680446297287757,0.7201800000029834,18,0.8058981138917477,0.985052611706632,1472,1395,True,ok
bc330dd9c3e1f1b01da77bddae27b46d527be4483da6954817e855004b3ce641,theiler,T1: 0.75×,8,40,Awake,24.993751562005933,1500,8,0.16,4,0.8,1.3,0.75,0.5924039071243117,0.4401100000018232,11,0.9791937528374283,0.9920541198701789,1472,1408,True,ok
bc330dd9c3e1f1b01da77bddae27b46d527be4483da6954817e855004b3ce641,theiler,T3: 1.25×,8,40,Awake,24.993751562005933,1500,8,0.16,4,0.8,1.3,1.25,0.5924039071243117,0.7601900000031492,19,0.9746525810830309,0.9924661677170286,1472,1408,True,ok
bc330dd9c3e1f1b01da77bddae27b46d527be4483da6954817e855004b3ce641,theiler,T1: 0.75×,8,41,Awake,24.993751562005933,1500,8,0.16,4,0.8,1.3,0.75,0.5622631085203237,0.4401100000018232,11,0.8367420781877993,0.9776097724109074,1472,1432,True,ok
bc330dd9c3e1f1b01da77bddae27b46d527be4483da6954817e855004b3ce641,theiler,T3: 1.25×,8,41,Awake,24.993751562005933,1500,8,0.16,4,0.8,1.3,1.25,0.5622631085203237,0.7201800000029834,18,0.8373719306086074,0.9788030719624159,1472,1432,True,ok
bc330dd9c3e1f1b01da77bddae27b46d527be4483da6954817e855004b3ce641,theiler,T1: 0.75×,8,42,Awake,24.993751562005933,1500,8,0.16,4,0.8,1.3,0.75,0.5685388597859065,0.4401100000018232,11,0.8654792181699624,0.9696953587709132,1472,1423,True,ok
bc330dd9c3e1f1b01da77bddae27b46d527be4483da6954817e855004b3ce641,theiler,T3: 1.25×,8,42,Awake,24.993751562005933,1500,8,0.16,4,0.8,1.3,1.25,0.5685388597859065,0.7201800000029834,18,0.8781279349389465,0.9728570375442889,1472,1419,True,ok
bc330dd9c3e1f1b01da77bddae27b46d527be4483da6954817e855004b3ce641,theiler,T1: 0.75×,8,43,Drowsy,24.993751562005933,1500,8,0.16,4,0.8,1.3,0.75,0.5238595526625309,0.40010000000165746,10,0.7423020552715807,0.9762897110096063,1472,1427,True,ok
bc330dd9c3e1f1b01da77bddae27b46d527be4483da6954817e855004b3ce641,theiler,T3: 1.25×,8,43,Drowsy,24.993751562005933,1500,8,0.16,4,0.8,1.3,1.25,0.5238595526625309,0.6401600000026519,16,0.735212602828025,0.9740399794553914,1472,1427,True,ok
bc330dd9c3e1f1b01da77bddae27b46d527be4483da6954817e855004b3ce641,theiler,T1: 0.75×,8,44,Drowsy,24.993751562005933,1500,8,0.16,4,0.8,1.3,0.75,0.5616167826763016,0.4401100000018232,11,0.903122872024504,0.9683760548357997,1472,1436,True,ok
bc330dd9c3e1f1b01da77bddae27b46d527be4483da6954817e855004b3ce641,theiler,T3: 1.25×,8,44,Drowsy,24.993751562005933,1500,8,0.16,4,0.8,1.3,1.25,0.5616167826763016,0.7201800000029834,18,0.9091714039357398,0.9665938793154529,1472,1436,True,ok
bc330dd9c3e1f1b01da77bddae27b46d527be4483da6954817e855004b3ce641,theiler,T1: 0.75×,8,45,Drowsy,24.993751562005933,1500,8,0.16,4,0.8,1.3,0.75,0.5297325128859509,0.40010000000165746,10,0.7822735719108725,0.987061630489736,1472,1432,True,ok
bc330dd9c3e1f1b01da77bddae27b46d527be4483da6954817e855004b3ce641,theiler,T3: 1.25×,8,45,Drowsy,24.993751562005933,1500,8,0.16,4,0.8,1.3,1.25,0.5297325128859509,0.6801700000028177,17,0.7734979147616385,0.98634263243812,1472,1432,True,ok
bc330dd9c3e1f1b01da77bddae27b46d527be4483da6954817e855004b3ce641,theiler,T1: 0.75×,8,46,Drowsy,24.993751562005933,1500,8,0.16,4,0.8,1.3,0.75,0.5454490621855506,0.40010000000165746,10,0.8334796180271361,0.9804286217697555,1472,1400,True,ok
bc330dd9c3e1f1b01da77bddae27b46d527be4483da6954817e855004b3ce641,theiler,T3: 1.25×,8,46,Drowsy,24.993751562005933,1500,8,0.16,4,0.8,1.3,1.25,0.5454490621855506,0.6801700000028177,17,0.8349827210418943,0.9807349988864106,1472,1398,True,ok
bc330dd9c3e1f1b01da77bddae27b46d527be4483da6954817e855004b3ce641,theiler,T1: 0.75×,8,47,Drowsy,24.993751562005933,1500,8,0.16,4,0.8,1.3,0.75,0.5670791356879961,0.4401100000018232,11,0.7854958526607798,0.9418775248992549,1472,1414,True,ok
bc330dd9c3e1f1b01da77bddae27b46d527be4483da6954817e855004b3ce641,theiler,T3: 1.25×,8,47,Drowsy,24.993751562005933,1500,8,0.16,4,0.8,1.3,1.25,0.5670791356879961,0.7201800000029834,18,0.7828476705644098,0.9423441301897053,1472,1414,True,ok
bc330dd9c3e1f1b01da77bddae27b46d527be4483da6954817e855004b3ce641,theiler,T1: 0.75×,8,48,Drowsy,24.993751562005933,1500,8,0.16,4,0.8,1.3,0.75,0.5547857239234626,0.40010000000165746,10,0.8697498908108289,0.9774783018397586,1472,1392,True,ok
bc330dd9c3e1f1b01da77bddae27b46d527be4483da6954817e855004b3ce641,theiler,T3: 1.25×,8,48,Drowsy,24.993751562005933,1500,8,0.16,4,0.8,1.3,1.25,0.5547857239234626,0.6801700000028177,17,0.8714852945261921,0.9805172715468639,1472,1392,True,ok
bc330dd9c3e1f1b01da77bddae27b46d527be4483da6954817e855004b3ce641,theiler,T1: 0.75×,9,1,Awake,25.000625015575494,1500,8,0.16,4,0.8,1.3,0.75,0.4228100924173832,0.31999200000063865,8,0.6316704633888456,0.9294241650986232,1472,1405,True,ok
bc330dd9c3e1f1b01da77bddae27b46d527be4483da6954817e855004b3ce641,theiler,T3: 1.25×,9,1,Awake,25.000625015575494,1500,8,0.16,4,0.8,1.3,1.25,0.4228100924173832,0.5199870000010378,13,0.6316704633888456,0.9294241650986232,1472,1405,True,ok
bc330dd9c3e1f1b01da77bddae27b46d527be4483da6954817e855004b3ce641,theiler,T1: 0.75×,9,2,Awake,25.000625015575494,1500,8,0.16,4,0.8,1.3,0.75,0.42009035046972637,0.31999200000063865,8,0.6707531853307169,0.933842751885052,1472,1406,True,ok
bc330dd9c3e1f1b01da77bddae27b46d527be4483da6954817e855004b3ce641,theiler,T3: 1.25×,9,2,Awake,25.000625015575494,1500,8,0.16,4,0.8,1.3,1.25,0.42009035046972637,0.5199870000010378,13,0.6707531853307169,0.933842751885052,1472,1406,True,ok
bc330dd9c3e1f1b01da77bddae27b46d527be4483da6954817e855004b3ce641,theiler,T1: 0.75×,9,3,Awake,25.000625015575494,1500,8,0.16,4,0.8,1.3,0.75,0.419322906146794,0.31999200000063865,8,0.679834958483587,0.9557255170580815,1472,1424,True,ok
bc330dd9c3e1f1b01da77bddae27b46d527be4483da6954817e855004b3ce641,theiler,T3: 1.25×,9,3,Awake,25.000625015575494,1500,8,0.16,4,0.8,1.3,1.25,0.419322906146794,0.5199870000010378,13,0.679834958483587,0.9557255170580815,1472,1424,True,ok
bc330dd9c3e1f1b01da77bddae27b46d527be4483da6954817e855004b3ce641,theiler,T1: 0.75×,9,5,Awake,25.000625015575494,1500,8,0.16,4,0.8,1.3,0.75,0.4274108834825263,0.31999200000063865,8,0.7577041302375193,0.9504649894983244,1472,1424,True,ok
bc330dd9c3e1f1b01da77bddae27b46d527be4483da6954817e855004b3ce641,theiler,T3: 1.25×,9,5,Awake,25.000625015575494,1500,8,0.16,4,0.8,1.3,1.25,0.4274108834825263,0.5199870000010378,13,0.7577041302375193,0.9504649894983244,1472,1424,True,ok
bc330dd9c3e1f1b01da77bddae27b46d527be4483da6954817e855004b3ce641,theiler,T1: 0.75×,9,6,Awake,25.000625015575494,1500,8,0.16,4,0.8,1.3,0.75,0.45126911291971816,0.31999200000063865,8,0.7390550101670138,0.8657578019064203,1472,1423,False,low_fit_r2
bc330dd9c3e1f1b01da77bddae27b46d527be4483da6954817e855004b3ce641,theiler,T3: 1.25×,9,6,Awake,25.000625015575494,1500,8,0.16,4,0.8,1.3,1.25,0.45126911291971816,0.5599860000011176,14,0.7390550101670138,0.8657578019064203,1472,1423,False,low_fit_r2
bc330dd9c3e1f1b01da77bddae27b46d527be4483da6954817e855004b3ce641,theiler,T1: 0.75×,9,7,Awake,25.000625015575494,1500,8,0.16,4,0.8,1.3,0.75,0.4478776183699273,0.31999200000063865,8,0.7500412418756021,0.9628600798728189,1472,1406,True,ok
bc330dd9c3e1f1b01da77bddae27b46d527be4483da6954817e855004b3ce641,theiler,T3: 1.25×,9,7,Awake,25.000625015575494,1500,8,0.16,4,0.8,1.3,1.25,0.4478776183699273,0.5599860000011176,14,0.7500412418756021,0.9628600798728189,1472,1406,True,ok
bc330dd9c3e1f1b01da77bddae27b46d527be4483da6954817e855004b3ce641,theiler,T1: 0.75×,9,8,Awake,25.000625015575494,1500,8,0.16,4,0.8,1.3,0.75,0.41859365280438465,0.31999200000063865,8,0.6674150521029014,0.9860871343880527,1472,1406,True,ok
bc330dd9c3e1f1b01da77bddae27b46d527be4483da6954817e855004b3ce641,theiler,T3: 1.25×,9,8,Awake,25.000625015575494,1500,8,0.16,4,0.8,1.3,1.25,0.41859365280438465,0.5199870000010378,13,0.6674150521029014,0.9860871343880527,1472,1406,True,ok
bc330dd9c3e1f1b01da77bddae27b46d527be4483da6954817e855004b3ce641,theiler,T1: 0.75×,9,9,Awake,25.000625015575494,1500,8,0.16,4,0.8,1.3,0.75,0.43702729251225875,0.31999200000063865,8,0.6651199951045068,0.9317561165249476,1472,1428,True,ok
bc330dd9c3e1f1b01da77bddae27b46d527be4483da6954817e855004b3ce641,theiler,T3: 1.25×,9,9,Awake,25.000625015575494,1500,8,0.16,4,0.8,1.3,1.25,0.43702729251225875,0.5599860000011176,14,0.6845187355984218,0.9377495568177681,1472,1427,True,ok
bc330dd9c3e1f1b01da77bddae27b46d527be4483da6954817e855004b3ce641,theiler,T1: 0.75×,9,10,Awake,25.000625015575494,1500,8,0.16,4,0.8,1.3,0.75,0.4464711072148283,0.31999200000063865,8,0.6860724444113395,0.8744420627834706,1472,1398,False,low_fit_r2
bc330dd9c3e1f1b01da77bddae27b46d527be4483da6954817e855004b3ce641,theiler,T3: 1.25×,9,10,Awake,25.000625015575494,1500,8,0.16,4,0.8,1.3,1.25,0.4464711072148283,0.5599860000011176,14,0.6860724444113395,0.8744420627834706,1472,1398,False,low_fit_r2
bc330dd9c3e1f1b01da77bddae27b46d527be4483da6954817e855004b3ce641,theiler,T1: 0.75×,9,11,Awake,25.000625015575494,1500,8,0.16,4,0.8,1.3,0.75,0.4418988966655274,0.31999200000063865,8,0.7794517467538733,0.9671789663181377,1472,1425,True,ok
bc330dd9c3e1f1b01da77bddae27b46d527be4483da6954817e855004b3ce641,theiler,T3: 1.25×,9,11,Awake,25.000625015575494,1500,8,0.16,4,0.8,1.3,1.25,0.4418988966655274,0.5599860000011176,14,0.7781096192577108,0.9668592907182371,1472,1425,True,ok
bc330dd9c3e1f1b01da77bddae27b46d527be4483da6954817e855004b3ce641,theiler,T1: 0.75×,9,12,Awake,25.000625015575494,1500,8,0.16,4,0.8,1.3,0.75,0.4594462625506478,0.3599910000007185,9,0.916637186230757,0.9852512678306609,1472,1417,True,ok
bc330dd9c3e1f1b01da77bddae27b46d527be4483da6954817e855004b3ce641,theiler,T3: 1.25×,9,12,Awake,25.000625015575494,1500,8,0.16,4,0.8,1.3,1.25,0.4594462625506478,0.5599860000011176,14,0.916637186230757,0.9852512678306609,1472,1417,True,ok
bc330dd9c3e1f1b01da77bddae27b46d527be4483da6954817e855004b3ce641,theiler,T1: 0.75×,9,13,Awake,25.000625015575494,1500,8,0.16,4,0.8,1.3,0.75,0.44000162854807046,0.31999200000063865,8,0.8301512597329749,0.9720274922190535,1472,1428,True,ok
bc330dd9c3e1f1b01da77bddae27b46d527be4483da6954817e855004b3ce641,theiler,T3: 1.25×,9,13,Awake,25.000625015575494,1500,8,0.16,4,0.8,1.3,1.25,0.44000162854807046,0.5599860000011176,14,0.8301512597329749,0.9720274922190535,1472,1428,True,ok
bc330dd9c3e1f1b01da77bddae27b46d527be4483da6954817e855004b3ce641,theiler,T1: 0.75×,9,14,Awake,25.000625015575494,1500,8,0.16,4,0.8,1.3,0.75,0.45110832571714626,0.31999200000063865,8,0.8700334076464542,0.9634126583939943,1472,1432,True,ok
bc330dd9c3e1f1b01da77bddae27b46d527be4483da6954817e855004b3ce641,theiler,T3: 1.25×,9,14,Awake,25.000625015575494,1500,8,0.16,4,0.8,1.3,1.25,0.45110832571714626,0.5599860000011176,14,0.8700334076464542,0.9634126583939943,1472,1432,True,ok
bc330dd9c3e1f1b01da77bddae27b46d527be4483da6954817e855004b3ce641,theiler,T1: 0.75×,9,15,Awake,25.000625015575494,1500,8,0.16,4,0.8,1.3,0.75,0.4387739760879682,0.31999200000063865,8,0.7249658408370898,0.9596774765519899,1472,1386,True,ok
bc330dd9c3e1f1b01da77bddae27b46d527be4483da6954817e855004b3ce641,theiler,T3: 1.25×,9,15,Awake,25.000625015575494,1500,8,0.16,4,0.8,1.3,1.25,0.4387739760879682,0.5599860000011176,14,0.7249658408370898,0.9596774765519899,1472,1386,True,ok
bc330dd9c3e1f1b01da77bddae27b46d527be4483da6954817e855004b3ce641,theiler,T1: 0.75×,9,16,Awake,25.000625015575494,1500,8,0.16,4,0.8,1.3,0.75,0.44501813093350323,0.31999200000063865,8,0.8348428157003029,0.9513834833487157,1472,1390,True,ok
bc330dd9c3e1f1b01da77bddae27b46d527be4483da6954817e855004b3ce641,theiler,T3: 1.25×,9,16,Awake,25.000625015575494,1500,8,0.16,4,0.8,1.3,1.25,0.44501813093350323,0.5599860000011176,14,0.8375173503807104,0.9560224767123158,1472,1390,True,ok
bc330dd9c3e1f1b01da77bddae27b46d527be4483da6954817e855004b3ce641,theiler,T1: 0.75×,9,17,Awake,25.000625015575494,1500,8,0.16,4,0.8,1.3,0.75,0.4402075290427767,0.31999200000063865,8,0.8066520009973781,0.9910385744166311,1472,1411,True,ok
bc330dd9c3e1f1b01da77bddae27b46d527be4483da6954817e855004b3ce641,theiler,T3: 1.25×,9,17,Awake,25.000625015575494,1500,8,0.16,4,0.8,1.3,1.25,0.4402075290427767,0.5599860000011176,14,0.8066520009973781,0.9910385744166311,1472,1411,True,ok
bc330dd9c3e1f1b01da77bddae27b46d527be4483da6954817e855004b3ce641,theiler,T1: 0.75×,9,18,Awake,25.000625015575494,1500,8,0.16,4,0.8,1.3,0.75,0.4516825571557154,0.31999200000063865,8,0.8014058033801452,0.9674533448781677,1472,1409,True,ok
bc330dd9c3e1f1b01da77bddae27b46d527be4483da6954817e855004b3ce641,theiler,T3: 1.25×,9,18,Awake,25.000625015575494,1500,8,0.16,4,0.8,1.3,1.25,0.4516825571557154,0.5599860000011176,14,0.8014058033801452,0.9674533448781677,1472,1409,True,ok
bc330dd9c3e1f1b01da77bddae27b46d527be4483da6954817e855004b3ce641,theiler,T1: 0.75×,9,19,Awake,25.000625015575494,1500,8,0.16,4,0.8,1.3,0.75,0.4596187459507463,0.3599910000007185,9,0.7999563062113066,0.9429529109468259,1472,1401,True,ok
bc330dd9c3e1f1b01da77bddae27b46d527be4483da6954817e855004b3ce641,theiler,T3: 1.25×,9,19,Awake,25.000625015575494,1500,8,0.16,4,0.8,1.3,1.25,0.4596187459507463,0.5599860000011176,14,0.7999563062113066,0.9429529109468259,1472,1401,True,ok
bc330dd9c3e1f1b01da77bddae27b46d527be4483da6954817e855004b3ce641,theiler,T1: 0.75×,9,20,Awake,25.000625015575494,1500,8,0.16,4,0.8,1.3,0.75,0.44822596584454427,0.31999200000063865,8,0.8352033521313935,0.9746346801316476,1472,1407,True,ok
bc330dd9c3e1f1b01da77bddae27b46d527be4483da6954817e855004b3ce641,theiler,T3: 1.25×,9,20,Awake,25.000625015575494,1500,8,0.16,4,0.8,1.3,1.25,0.44822596584454427,0.5599860000011176,14,0.8483835745536666,0.9765537225518869,1472,1407,True,ok
bc330dd9c3e1f1b01da77bddae27b46d527be4483da6954817e855004b3ce641,theiler,T1: 0.75×,9,21,Awake,25.000625015575494,1500,8,0.16,4,0.8,1.3,0.75,0.46694493579952445,0.3599910000007185,9,0.8706029886079832,0.9936754347888849,1472,1374,True,ok
bc330dd9c3e1f1b01da77bddae27b46d527be4483da6954817e855004b3ce641,theiler,T3: 1.25×,9,21,Awake,25.000625015575494,1500,8,0.16,4,0.8,1.3,1.25,0.46694493579952445,0.5999850000011975,15,0.8706029886079832,0.9936754347888849,1472,1374,True,ok
bc330dd9c3e1f1b01da77bddae27b46d527be4483da6954817e855004b3ce641,theiler,T1: 0.75×,9,22,Awake,25.000625015575494,1500,8,0.16,4,0.8,1.3,0.75,0.4501830741644371,0.31999200000063865,8,0.7303508030522784,0.9455372823558035,1472,1401,True,ok
bc330dd9c3e1f1b01da77bddae27b46d527be4483da6954817e855004b3ce641,theiler,T3: 1.25×,9,22,Awake,25.000625015575494,1500,8,0.16,4,0.8,1.3,1.25,0.4501830741644371,0.5599860000011176,14,0.7378136701558433,0.9427437174060461,1472,1400,True,ok
bc330dd9c3e1f1b01da77bddae27b46d527be4483da6954817e855004b3ce641,theiler,T1: 0.75×,9,23,Awake,25.000625015575494,1500,8,0.16,4,0.8,1.3,0.75,0.4567876475525618,0.3599910000007185,9,0.7634180378134778,0.8959779905757241,1472,1427,False,low_fit_r2
bc330dd9c3e1f1b01da77bddae27b46d527be4483da6954817e855004b3ce641,theiler,T3: 1.25×,9,23,Awake,25.000625015575494,1500,8,0.16,4,0.8,1.3,1.25,0.4567876475525618,0.5599860000011176,14,0.7634180378134778,0.8959779905757241,1472,1427,False,low_fit_r2
bc330dd9c3e1f1b01da77bddae27b46d527be4483da6954817e855004b3ce641,theiler,T1: 0.75×,9,24,Awake,25.000625015575494,1500,8,0.16,4,0.8,1.3,0.75,0.43642939367333766,0.31999200000063865,8,0.7310480543892982,0.9300741165490993,1472,1392,True,ok
bc330dd9c3e1f1b01da77bddae27b46d527be4483da6954817e855004b3ce641,theiler,T3: 1.25×,9,24,Awake,25.000625015575494,1500,8,0.16,4,0.8,1.3,1.25,0.43642939367333766,0.5599860000011176,14,0.7308680405846286,0.9226855184570143,1472,1392,True,ok
bc330dd9c3e1f1b01da77bddae27b46d527be4483da6954817e855004b3ce641,theiler,T1: 0.75×,9,25,Awake,25.000625015575494,1500,8,0.16,4,0.8,1.3,0.75,0.4477606917962229,0.31999200000063865,8,0.8297318232859463,0.9734121258585271,1472,1423,True,ok
bc330dd9c3e1f1b01da77bddae27b46d527be4483da6954817e855004b3ce641,theiler,T3: 1.25×,9,25,Awake,25.000625015575494,1500,8,0.16,4,0.8,1.3,1.25,0.4477606917962229,0.5599860000011176,14,0.8297318232859463,0.9734121258585271,1472,1423,True,ok
bc330dd9c3e1f1b01da77bddae27b46d527be4483da6954817e855004b3ce641,theiler,T1: 0.75×,9,26,Awake,25.000625015575494,1500,8,0.16,4,0.8,1.3,0.75,0.43827910531078884,0.31999200000063865,8,0.7228897937340909,0.9808719937010235,1472,1413,True,ok
bc330dd9c3e1f1b01da77bddae27b46d527be4483da6954817e855004b3ce641,theiler,T3: 1.25×,9,26,Awake,25.000625015575494,1500,8,0.16,4,0.8,1.3,1.25,0.43827910531078884,0.5599860000011176,14,0.7276291062682488,0.9820718143643632,1472,1413,True,ok
bc330dd9c3e1f1b01da77bddae27b46d527be4483da6954817e855004b3ce641,theiler,T1: 0.75×,9,27,Awake,25.000625015575494,1500,8,0.16,4,0.8,1.3,0.75,0.46172221664741153,0.3599910000007185,9,0.8014893656586555,0.9735445799734442,1472,1373,True,ok
bc330dd9c3e1f1b01da77bddae27b46d527be4483da6954817e855004b3ce641,theiler,T3: 1.25×,9,27,Awake,25.000625015575494,1500,8,0.16,4,0.8,1.3,1.25,0.46172221664741153,0.5599860000011176,14,0.8014893656586555,0.9735445799734442,1472,1373,True,ok
bc330dd9c3e1f1b01da77bddae27b46d527be4483da6954817e855004b3ce641,theiler,T1: 0.75×,9,29,Drowsy,25.000625015575494,1500,8,0.16,4,0.8,1.3,0.75,0.4277350279655059,0.31999200000063865,8,0.7130532669385723,0.9717811584867796,1472,1402,True,ok
bc330dd9c3e1f1b01da77bddae27b46d527be4483da6954817e855004b3ce641,theiler,T3: 1.25×,9,29,Drowsy,25.000625015575494,1500,8,0.16,4,0.8,1.3,1.25,0.4277350279655059,0.5199870000010378,13,0.7130532669385723,0.9717811584867796,1472,1402,True,ok
bc330dd9c3e1f1b01da77bddae27b46d527be4483da6954817e855004b3ce641,theiler,T1: 0.75×,9,30,Drowsy,25.000625015575494,1500,8,0.16,4,0.8,1.3,0.75,0.4370370910487148,0.31999200000063865,8,0.7223928775897588,0.9901638259692238,1472,1396,True,ok
bc330dd9c3e1f1b01da77bddae27b46d527be4483da6954817e855004b3ce641,theiler,T3: 1.25×,9,30,Drowsy,25.000625015575494,1500,8,0.16,4,0.8,1.3,1.25,0.4370370910487148,0.5599860000011176,14,0.7134698757341705,0.9887886331333129,1472,1396,True,ok
bc330dd9c3e1f1b01da77bddae27b46d527be4483da6954817e855004b3ce641,theiler,T1: 0.75×,9,31,Drowsy,25.000625015575494,1500,8,0.16,4,0.8,1.3,0.75,0.43569882873691046,0.31999200000063865,8,0.7797110871926923,0.9590923198050324,1472,1386,True,ok
bc330dd9c3e1f1b01da77bddae27b46d527be4483da6954817e855004b3ce641,theiler,T3: 1.25×,9,31,Drowsy,25.000625015575494,1500,8,0.16,4,0.8,1.3,1.25,0.43569882873691046,0.5599860000011176,14,0.7797110871926923,0.9590923198050324,1472,1386,True,ok
bc330dd9c3e1f1b01da77bddae27b46d527be4483da6954817e855004b3ce641,theiler,T1: 0.75×,9,32,Drowsy,25.000625015575494,1500,8,0.16,4,0.8,1.3,0.75,0.44484623425310543,0.31999200000063865,8,0.741309130096685,0.9712016295891385,1472,1386,True,ok
bc330dd9c3e1f1b01da77bddae27b46d527be4483da6954817e855004b3ce641,theiler,T3: 1.25×,9,32,Drowsy,25.000625015575494,1500,8,0.16,4,0.8,1.3,1.25,0.44484623425310543,0.5599860000011176,14,0.7754965882215792,0.9841008111226607,1472,1386,True,ok
bc330dd9c3e1f1b01da77bddae27b46d527be4483da6954817e855004b3ce641,theiler,T1: 0.75×,9,33,Drowsy,25.000625015575494,1500,8,0.16,4,0.8,1.3,0.75,0.44673270819503863,0.31999200000063865,8,0.7618431815094404,0.946018425306956,1472,1410,True,ok
bc330dd9c3e1f1b01da77bddae27b46d527be4483da6954817e855004b3ce641,theiler,T3: 1.25×,9,33,Drowsy,25.000625015575494,1500,8,0.16,4,0.8,1.3,1.25,0.44673270819503863,0.5599860000011176,14,0.7618431815094404,0.946018425306956,1472,1410,True,ok
bc330dd9c3e1f1b01da77bddae27b46d527be4483da6954817e855004b3ce641,theiler,T1: 0.75×,9,34,Drowsy,25.000625015575494,1500,8,0.16,4,0.8,1.3,0.75,0.4383351291597719,0.31999200000063865,8,0.586982213559322,0.983797928080103,1472,1402,True,ok
bc330dd9c3e1f1b01da77bddae27b46d527be4483da6954817e855004b3ce641,theiler,T3: 1.25×,9,34,Drowsy,25.000625015575494,1500,8,0.16,4,0.8,1.3,1.25,0.4383351291597719,0.5599860000011176,14,0.5881832563452482,0.9837866384447066,1472,1402,True,ok
bc330dd9c3e1f1b01da77bddae27b46d527be4483da6954817e855004b3ce641,theiler,T1: 0.75×,9,35,Drowsy,25.000625015575494,1500,8,0.16,4,0.8,1.3,0.75,0.4429322664641421,0.31999200000063865,8,0.6963939676346026,0.9625888994495547,1472,1415,True,ok
bc330dd9c3e1f1b01da77bddae27b46d527be4483da6954817e855004b3ce641,theiler,T3: 1.25×,9,35,Drowsy,25.000625015575494,1500,8,0.16,4,0.8,1.3,1.25,0.4429322664641421,0.5599860000011176,14,0.6963939676346026,0.9625888994495547,1472,1415,True,ok
bc330dd9c3e1f1b01da77bddae27b46d527be4483da6954817e855004b3ce641,theiler,T1: 0.75×,9,36,Drowsy,25.000625015575494,1500,8,0.16,4,0.8,1.3,0.75,0.44113619286935746,0.31999200000063865,8,0.6944332115611783,0.9458129280773615,1472,1410,True,ok
bc330dd9c3e1f1b01da77bddae27b46d527be4483da6954817e855004b3ce641,theiler,T3: 1.25×,9,36,Drowsy,25.000625015575494,1500,8,0.16,4,0.8,1.3,1.25,0.44113619286935746,0.5599860000011176,14,0.714214445238347,0.9506333535950695,1472,1409,True,ok
bc330dd9c3e1f1b01da77bddae27b46d527be4483da6954817e855004b3ce641,theiler,T1: 0.75×,9,37,Drowsy,25.000625015575494,1500,8,0.16,4,0.8,1.3,0.75,0.4556979523248844,0.3599910000007185,9,0.7163541707582576,0.9689831844039819,1472,1401,True,ok
bc330dd9c3e1f1b01da77bddae27b46d527be4483da6954817e855004b3ce641,theiler,T3: 1.25×,9,37,Drowsy,25.000625015575494,1500,8,0.16,4,0.8,1.3,1.25,0.4556979523248844,0.5599860000011176,14,0.7143099803087501,0.9661484294273891,1472,1401,True,ok
bc330dd9c3e1f1b01da77bddae27b46d527be4483da6954817e855004b3ce641,theiler,T1: 0.75×,9,38,Drowsy,25.000625015575494,1500,8,0.16,4,0.8,1.3,0.75,0.4535266910992462,0.3599910000007185,9,0.7954410182797622,0.9656273688398478,1472,1425,True,ok
bc330dd9c3e1f1b01da77bddae27b46d527be4483da6954817e855004b3ce641,theiler,T3: 1.25×,9,38,Drowsy,25.000625015575494,1500,8,0.16,4,0.8,1.3,1.25,0.4535266910992462,0.5599860000011176,14,0.790924957498919,0.9637591862505014,1472,1425,True,ok
bc330dd9c3e1f1b01da77bddae27b46d527be4483da6954817e855004b3ce641,theiler,T1: 0.75×,9,40,Drowsy,25.000625015575494,1500,8,0.16,4,0.8,1.3,0.75,0.4342603934567603,0.31999200000063865,8,0.6972237098341593,0.8392790668664132,1472,1413,False,low_fit_r2
bc330dd9c3e1f1b01da77bddae27b46d527be4483da6954817e855004b3ce641,theiler,T3: 1.25×,9,40,Drowsy,25.000625015575494,1500,8,0.16,4,0.8,1.3,1.25,0.4342603934567603,0.5599860000011176,14,0.711191230523744,0.8620007282216693,1472,1410,False,low_fit_r2
bc330dd9c3e1f1b01da77bddae27b46d527be4483da6954817e855004b3ce641,theiler,T1: 0.75×,9,42,Awake,25.000625015575494,1500,8,0.16,4,0.8,1.3,0.75,0.4333409122093377,0.31999200000063865,8,0.6061336975365939,0.9602434449186126,1472,1426,True,ok
bc330dd9c3e1f1b01da77bddae27b46d527be4483da6954817e855004b3ce641,theiler,T3: 1.25×,9,42,Awake,25.000625015575494,1500,8,0.16,4,0.8,1.3,1.25,0.4333409122093377,0.5599860000011176,14,0.6226169043924131,0.9701593177688258,1472,1426,True,ok
bc330dd9c3e1f1b01da77bddae27b46d527be4483da6954817e855004b3ce641,theiler,T1: 0.75×,9,43,Awake,25.000625015575494,1500,8,0.16,4,0.8,1.3,0.75,0.4399609999161047,0.31999200000063865,8,0.6806286325250682,0.851525989588376,1472,1402,False,low_fit_r2
bc330dd9c3e1f1b01da77bddae27b46d527be4483da6954817e855004b3ce641,theiler,T3: 1.25×,9,43,Awake,25.000625015575494,1500,8,0.16,4,0.8,1.3,1.25,0.4399609999161047,0.5599860000011176,14,0.6806286325250682,0.851525989588376,1472,1402,False,low_fit_r2
bc330dd9c3e1f1b01da77bddae27b46d527be4483da6954817e855004b3ce641,theiler,T1: 0.75×,9,44,Awake,25.000625015575494,1500,8,0.16,4,0.8,1.3,0.75,0.4262582756983216,0.31999200000063865,8,0.6792523573705398,0.9462541319128807,1472,1387,True,ok
bc330dd9c3e1f1b01da77bddae27b46d527be4483da6954817e855004b3ce641,theiler,T3: 1.25×,9,44,Awake,25.000625015575494,1500,8,0.16,4,0.8,1.3,1.25,0.4262582756983216,0.5199870000010378,13,0.6792523573705398,0.9462541319128807,1472,1387,True,ok
bc330dd9c3e1f1b01da77bddae27b46d527be4483da6954817e855004b3ce641,theiler,T1: 0.75×,9,45,Awake,25.000625015575494,1500,8,0.16,4,0.8,1.3,0.75,0.44863657134677726,0.31999200000063865,8,0.6804030090623868,0.9153468885655452,1472,1422,True,ok
bc330dd9c3e1f1b01da77bddae27b46d527be4483da6954817e855004b3ce641,theiler,T3: 1.25×,9,45,Awake,25.000625015575494,1500,8,0.16,4,0.8,1.3,1.25,0.44863657134677726,0.5599860000011176,14,0.6806745595327599,0.9154648564830745,1472,1422,True,ok
bc330dd9c3e1f1b01da77bddae27b46d527be4483da6954817e855004b3ce641,theiler,T1: 0.75×,9,46,Awake,25.000625015575494,1500,8,0.16,4,0.8,1.3,0.75,0.46064168586727444,0.3599910000007185,9,0.6641769232034622,0.9452334208245377,1472,1399,True,ok
bc330dd9c3e1f1b01da77bddae27b46d527be4483da6954817e855004b3ce641,theiler,T3: 1.25×,9,46,Awake,25.000625015575494,1500,8,0.16,4,0.8,1.3,1.25,0.46064168586727444,0.5599860000011176,14,0.6788684586731502,0.944190645902139,1472,1399,True,ok
bc330dd9c3e1f1b01da77bddae27b46d527be4483da6954817e855004b3ce641,theiler,T1: 0.75×,9,48,Awake,25.000625015575494,1500,8,0.16,4,0.8,1.3,0.75,0.44994434656086674,0.31999200000063865,8,0.7671862047889527,0.9693430579834919,1472,1437,True,ok
bc330dd9c3e1f1b01da77bddae27b46d527be4483da6954817e855004b3ce641,theiler,T3: 1.25×,9,48,Awake,25.000625015575494,1500,8,0.16,4,0.8,1.3,1.25,0.44994434656086674,0.5599860000011176,14,0.7651649382735433,0.9769596185334818,1472,1437,True,ok
bc330dd9c3e1f1b01da77bddae27b46d527be4483da6954817e855004b3ce641,theiler,T1: 0.75×,9,49,Awake,25.000625015575494,1500,8,0.16,4,0.8,1.3,0.75,0.4597892404445715,0.3599910000007185,9,0.6176825530080567,0.8441869965915553,1472,1389,False,low_fit_r2
bc330dd9c3e1f1b01da77bddae27b46d527be4483da6954817e855004b3ce641,theiler,T3: 1.25×,9,49,Awake,25.000625015575494,1500,8,0.16,4,0.8,1.3,1.25,0.4597892404445715,0.5599860000011176,14,0.6172950339906292,0.8397666792028086,1472,1389,False,low_fit_r2
bc330dd9c3e1f1b01da77bddae27b46d527be4483da6954817e855004b3ce641,theiler,T1: 0.75×,9,50,Awake,25.000625015575494,1500,8,0.16,4,0.8,1.3,0.75,0.4587377927337233,0.3599910000007185,9,0.7090985912555289,0.8795330939501793,1472,1430,False,low_fit_r2
bc330dd9c3e1f1b01da77bddae27b46d527be4483da6954817e855004b3ce641,theiler,T3: 1.25×,9,50,Awake,25.000625015575494,1500,8,0.16,4,0.8,1.3,1.25,0.4587377927337233,0.5599860000011176,14,0.7089746626680979,0.8812330400072829,1472,1430,False,low_fit_r2
bc330dd9c3e1f1b01da77bddae27b46d527be4483da6954817e855004b3ce641,theiler,T1: 0.75×,9,51,Awake,25.000625015575494,1500,8,0.16,4,0.8,1.3,0.75,0.46636037397026214,0.3599910000007185,9,0.775381577798645,0.9318625270817014,1472,1409,True,ok
bc330dd9c3e1f1b01da77bddae27b46d527be4483da6954817e855004b3ce641,theiler,T3: 1.25×,9,51,Awake,25.000625015575494,1500,8,0.16,4,0.8,1.3,1.25,0.46636037397026214,0.5999850000011975,15,0.7475143057996984,0.9199115546964696,1472,1404,True,ok
bc330dd9c3e1f1b01da77bddae27b46d527be4483da6954817e855004b3ce641,theiler,T1: 0.75×,9,52,Awake,25.000625015575494,1500,8,0.16,4,0.8,1.3,0.75,0.4697141396881637,0.3599910000007185,9,0.6709313134384324,0.937519318614408,1472,1404,True,ok
bc330dd9c3e1f1b01da77bddae27b46d527be4483da6954817e855004b3ce641,theiler,T3: 1.25×,9,52,Awake,25.000625015575494,1500,8,0.16,4,0.8,1.3,1.25,0.4697141396881637,0.5999850000011975,15,0.6721855209483011,0.9141678486789864,1472,1404,True,ok
bc330dd9c3e1f1b01da77bddae27b46d527be4483da6954817e855004b3ce641,theiler,T1: 0.75×,9,53,Awake,25.000625015575494,1500,8,0.16,4,0.8,1.3,0.75,0.4702143917162114,0.3599910000007185,9,0.8215507003086239,0.9910412806343919,1472,1411,True,ok
bc330dd9c3e1f1b01da77bddae27b46d527be4483da6954817e855004b3ce641,theiler,T3: 1.25×,9,53,Awake,25.000625015575494,1500,8,0.16,4,0.8,1.3,1.25,0.4702143917162114,0.5999850000011975,15,0.8217882940533427,0.9912074334116976,1472,1411,True,ok
bc330dd9c3e1f1b01da77bddae27b46d527be4483da6954817e855004b3ce641,theiler,T1: 0.75×,9,54,Awake,25.000625015575494,1500,8,0.16,4,0.8,1.3,0.75,0.4666956233057159,0.3599910000007185,9,0.7693797627522354,0.9791174273450064,1472,1424,True,ok
bc330dd9c3e1f1b01da77bddae27b46d527be4483da6954817e855004b3ce641,theiler,T3: 1.25×,9,54,Awake,25.000625015575494,1500,8,0.16,4,0.8,1.3,1.25,0.4666956233057159,0.5999850000011975,15,0.7735095759055931,0.9794067228558448,1472,1417,True,ok
bc330dd9c3e1f1b01da77bddae27b46d527be4483da6954817e855004b3ce641,theiler,T1: 0.75×,9,55,Awake,25.000625015575494,1500,8,0.16,4,0.8,1.3,0.75,0.4425263935136897,0.31999200000063865,8,0.5659715261490419,0.8842834542268171,1472,1397,False,low_fit_r2
bc330dd9c3e1f1b01da77bddae27b46d527be4483da6954817e855004b3ce641,theiler,T3: 1.25×,9,55,Awake,25.000625015575494,1500,8,0.16,4,0.8,1.3,1.25,0.4425263935136897,0.5599860000011176,14,0.5839148286124484,0.9069954870933828,1472,1395,True,ok
bc330dd9c3e1f1b01da77bddae27b46d527be4483da6954817e855004b3ce641,theiler,T1: 0.75×,9,56,Awake,25.000625015575494,1500,8,0.16,4,0.8,1.3,0.75,0.4826569878187622,0.3599910000007185,9,0.717566576560216,0.9337021790371004,1472,1415,True,ok
bc330dd9c3e1f1b01da77bddae27b46d527be4483da6954817e855004b3ce641,theiler,T3: 1.25×,9,56,Awake,25.000625015575494,1500,8,0.16,4,0.8,1.3,1.25,0.4826569878187622,0.5999850000011975,15,0.7132701983277473,0.9475021037841453,1472,1415,True,ok
bc330dd9c3e1f1b01da77bddae27b46d527be4483da6954817e855004b3ce641,theiler,T1: 0.75×,9,57,Awake,25.000625015575494,1500,8,0.16,4,0.8,1.3,0.75,0.4620000018899667,0.3599910000007185,9,0.7694630330207027,0.9609888667505025,1472,1433,True,ok
bc330dd9c3e1f1b01da77bddae27b46d527be4483da6954817e855004b3ce641,theiler,T3: 1.25×,9,57,Awake,25.000625015575494,1500,8,0.16,4,0.8,1.3,1.25,0.4620000018899667,0.5599860000011176,14,0.7694630330207027,0.9609888667505025,1472,1433,True,ok
bc330dd9c3e1f1b01da77bddae27b46d527be4483da6954817e855004b3ce641,theiler,T1: 0.75×,9,58,Awake,25.000625015575494,1500,8,0.16,4,0.8,1.3,0.75,0.4569246901808649,0.3599910000007185,9,0.708701007722938,0.9754507592714711,1472,1421,True,ok
bc330dd9c3e1f1b01da77bddae27b46d527be4483da6954817e855004b3ce641,theiler,T3: 1.25×,9,58,Awake,25.000625015575494,1500,8,0.16,4,0.8,1.3,1.25,0.4569246901808649,0.5599860000011176,14,0.7082481114438247,0.9746295850109462,1472,1421,True,ok
bc330dd9c3e1f1b01da77bddae27b46d527be4483da6954817e855004b3ce641,theiler,T1: 0.75×,9,59,Awake,25.000625015575494,1500,8,0.16,4,0.8,1.3,0.75,0.47108039866263995,0.3599910000007185,9,0.6187295022510221,0.9110892328077983,1472,1408,True,ok
bc330dd9c3e1f1b01da77bddae27b46d527be4483da6954817e855004b3ce641,theiler,T3: 1.25×,9,59,Awake,25.000625015575494,1500,8,0.16,4,0.8,1.3,1.25,0.47108039866263995,0.5999850000011975,15,0.6043061368456993,0.9187622223516169,1472,1407,True,ok
bc330dd9c3e1f1b01da77bddae27b46d527be4483da6954817e855004b3ce641,theiler,T1: 0.75×,9,61,Awake,25.000625015575494,1500,8,0.16,4,0.8,1.3,0.75,0.46779898611169307,0.3599910000007185,9,0.7018885364995431,0.9895072083927751,1472,1404,True,ok
bc330dd9c3e1f1b01da77bddae27b46d527be4483da6954817e855004b3ce641,theiler,T3: 1.25×,9,61,Awake,25.000625015575494,1500,8,0.16,4,0.8,1.3,1.25,0.46779898611169307,0.5999850000011975,15,0.7171347790166337,0.9838713273412031,1472,1404,True,ok
bc330dd9c3e1f1b01da77bddae27b46d527be4483da6954817e855004b3ce641,theiler,T1: 0.75×,9,62,Awake,25.000625015575494,1500,8,0.16,4,0.8,1.3,0.75,0.46882258051644043,0.3599910000007185,9,0.6468995327522241,0.9568032092529349,1472,1417,True,ok
bc330dd9c3e1f1b01da77bddae27b46d527be4483da6954817e855004b3ce641,theiler,T3: 1.25×,9,62,Awake,25.000625015575494,1500,8,0.16,4,0.8,1.3,1.25,0.46882258051644043,0.5999850000011975,15,0.6581719593993127,0.9502037708295642,1472,1417,True,ok
bc330dd9c3e1f1b01da77bddae27b46d527be4483da6954817e855004b3ce641,theiler,T1: 0.75×,9,63,Awake,25.000625015575494,1500,8,0.16,4,0.8,1.3,0.75,0.44777686146121615,0.31999200000063865,8,0.8663555864787171,0.9737561565935151,1472,1421,True,ok
bc330dd9c3e1f1b01da77bddae27b46d527be4483da6954817e855004b3ce641,theiler,T3: 1.25×,9,63,Awake,25.000625015575494,1500,8,0.16,4,0.8,1.3,1.25,0.44777686146121615,0.5599860000011176,14,0.8663555864787171,0.9737561565935151,1472,1421,True,ok
bc330dd9c3e1f1b01da77bddae27b46d527be4483da6954817e855004b3ce641,theiler,T1: 0.75×,9,64,Awake,25.000625015575494,1500,8,0.16,4,0.8,1.3,0.75,0.4669338133285021,0.3599910000007185,9,0.8701347964347035,0.9690533104338042,1472,1414,True,ok
bc330dd9c3e1f1b01da77bddae27b46d527be4483da6954817e855004b3ce641,theiler,T3: 1.25×,9,64,Awake,25.000625015575494,1500,8,0.16,4,0.8,1.3,1.25,0.4669338133285021,0.5999850000011975,15,0.8701347964347035,0.9690533104338042,1472,1414,True,ok
bc330dd9c3e1f1b01da77bddae27b46d527be4483da6954817e855004b3ce641,theiler,T1: 0.75×,9,65,Drowsy,25.000625015575494,1500,8,0.16,4,0.8,1.3,0.75,0.4304381751845878,0.31999200000063865,8,0.7925776357048704,0.9883823615890748,1472,1405,True,ok
bc330dd9c3e1f1b01da77bddae27b46d527be4483da6954817e855004b3ce641,theiler,T3: 1.25×,9,65,Drowsy,25.000625015575494,1500,8,0.16,4,0.8,1.3,1.25,0.4304381751845878,0.5199870000010378,13,0.7935713369181188,0.9888009669185354,1472,1405,True,ok
bc330dd9c3e1f1b01da77bddae27b46d527be4483da6954817e855004b3ce641,theiler,T1: 0.75×,9,66,Drowsy,25.000625015575494,1500,8,0.16,4,0.8,1.3,0.75,0.4467037164047952,0.31999200000063865,8,0.8526714881985483,0.9945381771297791,1472,1431,True,ok
bc330dd9c3e1f1b01da77bddae27b46d527be4483da6954817e855004b3ce641,theiler,T3: 1.25×,9,66,Drowsy,25.000625015575494,1500,8,0.16,4,0.8,1.3,1.25,0.4467037164047952,0.5599860000011176,14,0.8526714881985483,0.9945381771297791,1472,1431,True,ok
bc330dd9c3e1f1b01da77bddae27b46d527be4483da6954817e855004b3ce641,theiler,T1: 0.75×,9,67,Drowsy,25.000625015575494,1500,8,0.16,4,0.8,1.3,0.75,0.4328378876044547,0.31999200000063865,8,0.8029763647110392,0.9908489126059911,1472,1407,True,ok
bc330dd9c3e1f1b01da77bddae27b46d527be4483da6954817e855004b3ce641,theiler,T3: 1.25×,9,67,Drowsy,25.000625015575494,1500,8,0.16,4,0.8,1.3,1.25,0.4328378876044547,0.5599860000011176,14,0.809915284885589,0.9917445277184479,1472,1407,True,ok
bc330dd9c3e1f1b01da77bddae27b46d527be4483da6954817e855004b3ce641,theiler,T1: 0.75×,9,68,Drowsy,25.000625015575494,1500,8,0.16,4,0.8,1.3,0.75,0.40466354650854286,0.31999200000063865,8,0.7224855037686079,0.980991475236325,1472,1431,True,ok
bc330dd9c3e1f1b01da77bddae27b46d527be4483da6954817e855004b3ce641,theiler,T3: 1.25×,9,68,Drowsy,25.000625015575494,1500,8,0.16,4,0.8,1.3,1.25,0.40466354650854286,0.5199870000010378,13,0.7224855037686079,0.980991475236325,1472,1431,True,ok
bc330dd9c3e1f1b01da77bddae27b46d527be4483da6954817e855004b3ce641,theiler,T1: 0.75×,9,69,Drowsy,25.000625015575494,1500,8,0.16,4,0.8,1.3,0.75,0.45684641403632026,0.3599910000007185,9,0.9247819008045151,0.9911124741520393,1472,1420,True,ok
bc330dd9c3e1f1b01da77bddae27b46d527be4483da6954817e855004b3ce641,theiler,T3: 1.25×,9,69,Drowsy,25.000625015575494,1500,8,0.16,4,0.8,1.3,1.25,0.45684641403632026,0.5599860000011176,14,0.9247819008045151,0.9911124741520393,1472,1420,True,ok
bc330dd9c3e1f1b01da77bddae27b46d527be4483da6954817e855004b3ce641,theiler,T1: 0.75×,9,70,Drowsy,25.000625015575494,1500,8,0.16,4,0.8,1.3,0.75,0.40434161061503066,0.31999200000063865,8,0.8168394440914892,0.9651971357380906,1472,1389,True,ok
bc330dd9c3e1f1b01da77bddae27b46d527be4483da6954817e855004b3ce641,theiler,T3: 1.25×,9,70,Drowsy,25.000625015575494,1500,8,0.16,4,0.8,1.3,1.25,0.40434161061503066,0.5199870000010378,13,0.8168394440914892,0.9651971357380906,1472,1389,True,ok
bc330dd9c3e1f1b01da77bddae27b46d527be4483da6954817e855004b3ce641,theiler,T1: 0.75×,9,71,Drowsy,25.000625015575494,1500,8,0.16,4,0.8,1.3,0.75,0.42354417910006037,0.31999200000063865,8,0.8231425971155255,0.9882639452418491,1472,1432,True,ok
bc330dd9c3e1f1b01da77bddae27b46d527be4483da6954817e855004b3ce641,theiler,T3: 1.25×,9,71,Drowsy,25.000625015575494,1500,8,0.16,4,0.8,1.3,1.25,0.42354417910006037,0.5199870000010378,13,0.8231425971155255,0.9882639452418491,1472,1432,True,ok
bc330dd9c3e1f1b01da77bddae27b46d527be4483da6954817e855004b3ce641,theiler,T1: 0.75×,10,1,Awake,24.998235827015687,1500,8,0.16,4,0.8,1.3,0.75,0.5719634133237192,0.4400310516357422,11,0.890667318503439,0.9886496556210047,1472,1418,True,ok
bc330dd9c3e1f1b01da77bddae27b46d527be4483da6954817e855004b3ce641,theiler,T3: 1.25×,10,1,Awake,24.998235827015687,1500,8,0.16,4,0.8,1.3,1.25,0.5719634133237192,0.7200508117675781,18,0.8945517345424865,0.9877694265580519,1472,1418,True,ok
bc330dd9c3e1f1b01da77bddae27b46d527be4483da6954817e855004b3ce641,theiler,T1: 0.75×,10,2,Awake,24.998235827015687,1500,8,0.16,4,0.8,1.3,0.75,0.6135185662368007,0.48003387451171875,12,1.0319899936719443,0.9949092226036498,1472,1407,True,ok
bc330dd9c3e1f1b01da77bddae27b46d527be4483da6954817e855004b3ce641,theiler,T3: 1.25×,10,2,Awake,24.998235827015687,1500,8,0.16,4,0.8,1.3,1.25,0.6135185662368007,0.7600536346435547,19,1.0228926460201753,0.9945000635675699,1472,1407,True,ok
bc330dd9c3e1f1b01da77bddae27b46d527be4483da6954817e855004b3ce641,theiler,T1: 0.75×,10,3,Awake,24.998235827015687,1500,8,0.16,4,0.8,1.3,0.75,0.6174210125643442,0.48003387451171875,12,0.8774212618623805,0.9768774230372328,1472,1413,True,ok
bc330dd9c3e1f1b01da77bddae27b46d527be4483da6954817e855004b3ce641,theiler,T3: 1.25×,10,3,Awake,24.998235827015687,1500,8,0.16,4,0.8,1.3,1.25,0.6174210125643442,0.7600536346435547,19,0.877195173327133,0.9765739814681331,1472,1413,True,ok
bc330dd9c3e1f1b01da77bddae27b46d527be4483da6954817e855004b3ce641,theiler,T1: 0.75×,10,4,Awake,24.998235827015687,1500,8,0.16,4,0.8,1.3,0.75,0.586739656109387,0.4400310516357422,11,0.8838879648801031,0.9873029049845228,1472,1438,True,ok
bc330dd9c3e1f1b01da77bddae27b46d527be4483da6954817e855004b3ce641,theiler,T3: 1.25×,10,4,Awake,24.998235827015687,1500,8,0.16,4,0.8,1.3,1.25,0.586739656109387,0.7200508117675781,18,0.8834516590135256,0.98741004626935,1472,1438,True,ok
bc330dd9c3e1f1b01da77bddae27b46d527be4483da6954817e855004b3ce641,theiler,T1: 0.75×,10,5,Awake,24.998235827015687,1500,8,0.16,4,0.8,1.3,0.75,0.6059377067970041,0.4400310516357422,11,0.85124277768692,0.9845711139938551,1472,1413,True,ok
bc330dd9c3e1f1b01da77bddae27b46d527be4483da6954817e855004b3ce641,theiler,T3: 1.25×,10,5,Awake,24.998235827015687,1500,8,0.16,4,0.8,1.3,1.25,0.6059377067970041,0.7600536346435547,19,0.8369093435221135,0.9862557976027181,1472,1412,True,ok
bc330dd9c3e1f1b01da77bddae27b46d527be4483da6954817e855004b3ce641,theiler,T1: 0.75×,10,6,Awake,24.998235827015687,1500,8,0.16,4,0.8,1.3,0.75,0.6392676609013761,0.48003387451171875,12,0.8633748480780029,0.9651772842938902,1472,1419,True,ok
bc330dd9c3e1f1b01da77bddae27b46d527be4483da6954817e855004b3ce641,theiler,T3: 1.25×,10,6,Awake,24.998235827015687,1500,8,0.16,4,0.8,1.3,1.25,0.6392676609013761,0.8000564575195312,20,0.8587209552219303,0.9628664519361281,1472,1419,True,ok
bc330dd9c3e1f1b01da77bddae27b46d527be4483da6954817e855004b3ce641,theiler,T1: 0.75×,10,7,Awake,24.998235827015687,1500,8,0.16,4,0.8,1.3,0.75,0.6183241401771334,0.48003387451171875,12,0.9080080537349241,0.9938335150961993,1472,1392,True,ok
bc330dd9c3e1f1b01da77bddae27b46d527be4483da6954817e855004b3ce641,theiler,T3: 1.25×,10,7,Awake,24.998235827015687,1500,8,0.16,4,0.8,1.3,1.25,0.6183241401771334,0.7600536346435547,19,0.9073802568090161,0.9940145038966435,1472,1392,True,ok
bc330dd9c3e1f1b01da77bddae27b46d527be4483da6954817e855004b3ce641,theiler,T1: 0.75×,10,8,Awake,24.998235827015687,1500,8,0.16,4,0.8,1.3,0.75,0.6122122933208075,0.4400310516357422,11,1.0104330495478093,0.9913237135089982,1472,1424,True,ok
bc330dd9c3e1f1b01da77bddae27b46d527be4483da6954817e855004b3ce641,theiler,T3: 1.25×,10,8,Awake,24.998235827015687,1500,8,0.16,4,0.8,1.3,1.25,0.6122122933208075,0.7600536346435547,19,1.0206568664346254,0.9923030364208868,1472,1424,True,ok
bc330dd9c3e1f1b01da77bddae27b46d527be4483da6954817e855004b3ce641,theiler,T1: 0.75×,10,9,Awake,24.998235827015687,1500,8,0.16,4,0.8,1.3,0.75,0.6246197050721399,0.48003387451171875,12,0.9532183600849986,0.9911378270693554,1472,1414,True,ok
bc330dd9c3e1f1b01da77bddae27b46d527be4483da6954817e855004b3ce641,theiler,T3: 1.25×,10,9,Awake,24.998235827015687,1500,8,0.16,4,0.8,1.3,1.25,0.6246197050721399,0.8000564575195312,20,0.9550511575070889,0.9927102721235347,1472,1414,True,ok
bc330dd9c3e1f1b01da77bddae27b46d527be4483da6954817e855004b3ce641,theiler,T1: 0.75×,10,10,Drowsy,24.998235827015687,1500,8,0.16,4,0.8,1.3,0.75,0.5561664186469959,0.4000282287597656,10,0.9443126834104387,0.9661941504972136,1472,1407,True,ok
bc330dd9c3e1f1b01da77bddae27b46d527be4483da6954817e855004b3ce641,theiler,T3: 1.25×,10,10,Drowsy,24.998235827015687,1500,8,0.16,4,0.8,1.3,1.25,0.5561664186469959,0.6800479888916016,17,0.9541093009575142,0.9673213999693479,1472,1407,True,ok
bc330dd9c3e1f1b01da77bddae27b46d527be4483da6954817e855004b3ce641,theiler,T1: 0.75×,10,11,Drowsy,24.998235827015687,1500,8,0.16,4,0.8,1.3,0.75,0.5450431935298474,0.4000282287597656,10,0.8076401241795026,0.9726152019240476,1472,1421,True,ok
bc330dd9c3e1f1b01da77bddae27b46d527be4483da6954817e855004b3ce641,theiler,T3: 1.25×,10,11,Drowsy,24.998235827015687,1500,8,0.16,4,0.8,1.3,1.25,0.5450431935298474,0.6800479888916016,17,0.8212195248446325,0.9738222240318704,1472,1421,True,ok
bc330dd9c3e1f1b01da77bddae27b46d527be4483da6954817e855004b3ce641,theiler,T1: 0.75×,10,12,Drowsy,24.998235827015687,1500,8,0.16,4,0.8,1.3,0.75,0.5512605630861493,0.4000282287597656,10,0.8443600637787929,0.9699015077177486,1472,1389,True,ok
bc330dd9c3e1f1b01da77bddae27b46d527be4483da6954817e855004b3ce641,theiler,T3: 1.25×,10,12,Drowsy,24.998235827015687,1500,8,0.16,4,0.8,1.3,1.25,0.5512605630861493,0.6800479888916016,17,0.835533359474033,0.9759120338700003,1472,1389,True,ok
bc330dd9c3e1f1b01da77bddae27b46d527be4483da6954817e855004b3ce641,theiler,T1: 0.75×,10,13,Drowsy,24.998235827015687,1500,8,0.16,4,0.8,1.3,0.75,0.5739088486723509,0.4400310516357422,11,0.7944453568947709,0.9551036693256317,1472,1439,True,ok
bc330dd9c3e1f1b01da77bddae27b46d527be4483da6954817e855004b3ce641,theiler,T3: 1.25×,10,13,Drowsy,24.998235827015687,1500,8,0.16,4,0.8,1.3,1.25,0.5739088486723509,0.7200508117675781,18,0.7980303926476956,0.9576258115188401,1472,1438,True,ok
bc330dd9c3e1f1b01da77bddae27b46d527be4483da6954817e855004b3ce641,theiler,T1: 0.75×,10,14,Awake,24.998235827015687,1500,8,0.16,4,0.8,1.3,0.75,0.5750991136944282,0.4400310516357422,11,0.7183196215999077,0.9819553391705536,1472,1366,True,ok
bc330dd9c3e1f1b01da77bddae27b46d527be4483da6954817e855004b3ce641,theiler,T3: 1.25×,10,14,Awake,24.998235827015687,1500,8,0.16,4,0.8,1.3,1.25,0.5750991136944282,0.7200508117675781,18,0.7167050725016365,0.9808449900960293,1472,1366,True,ok
bc330dd9c3e1f1b01da77bddae27b46d527be4483da6954817e855004b3ce641,theiler,T1: 0.75×,10,15,Awake,24.998235827015687,1500,8,0.16,4,0.8,1.3,0.75,0.5900981630274267,0.4400310516357422,11,0.9321259765661766,0.987887460732389,1472,1400,True,ok
bc330dd9c3e1f1b01da77bddae27b46d527be4483da6954817e855004b3ce641,theiler,T3: 1.25×,10,15,Awake,24.998235827015687,1500,8,0.16,4,0.8,1.3,1.25,0.5900981630274267,0.7200508117675781,18,0.9321259765661766,0.987887460732389,1472,1400,True,ok
bc330dd9c3e1f1b01da77bddae27b46d527be4483da6954817e855004b3ce641,theiler,T1: 0.75×,10,16,Awake,24.998235827015687,1500,8,0.16,4,0.8,1.3,0.75,0.5997683804687411,0.4400310516357422,11,0.9110959203367288,0.9966129457495477,1472,1394,True,ok
bc330dd9c3e1f1b01da77bddae27b46d527be4483da6954817e855004b3ce641,theiler,T3: 1.25×,10,16,Awake,24.998235827015687,1500,8,0.16,4,0.8,1.3,1.25,0.5997683804687411,0.7600536346435547,19,0.9119624893535464,0.9964826017790046,1472,1394,True,ok
bc330dd9c3e1f1b01da77bddae27b46d527be4483da6954817e855004b3ce641,theiler,T1: 0.75×,10,17,Awake,24.998235827015687,1500,8,0.16,4,0.8,1.3,0.75,0.6116305489835847,0.4400310516357422,11,0.8475925128573115,0.9845936127582541,1472,1415,True,ok
bc330dd9c3e1f1b01da77bddae27b46d527be4483da6954817e855004b3ce641,theiler,T3: 1.25×,10,17,Awake,24.998235827015687,1500,8,0.16,4,0.8,1.3,1.25,0.6116305489835847,0.7600536346435547,19,0.84724652792701,0.9844315825122185,1472,1415,True,ok
bc330dd9c3e1f1b01da77bddae27b46d527be4483da6954817e855004b3ce641,theiler,T1: 0.75×,10,18,Awake,24.998235827015687,1500,8,0.16,4,0.8,1.3,0.75,0.5984830494156059,0.4400310516357422,11,0.7936053026622195,0.9870194447739878,1472,1425,True,ok
bc330dd9c3e1f1b01da77bddae27b46d527be4483da6954817e855004b3ce641,theiler,T3: 1.25×,10,18,Awake,24.998235827015687,1500,8,0.16,4,0.8,1.3,1.25,0.5984830494156059,0.7600536346435547,19,0.7959910690812805,0.9860628557804159,1472,1425,True,ok
bc330dd9c3e1f1b01da77bddae27b46d527be4483da6954817e855004b3ce641,theiler,T1: 0.75×,10,19,Awake,24.998235827015687,1500,8,0.16,4,0.8,1.3,0.75,0.5947729031585374,0.4400310516357422,11,0.8888259577027421,0.9729891050753875,1472,1421,True,ok
bc330dd9c3e1f1b01da77bddae27b46d527be4483da6954817e855004b3ce641,theiler,T3: 1.25×,10,19,Awake,24.998235827015687,1500,8,0.16,4,0.8,1.3,1.25,0.5947729031585374,0.7600536346435547,19,0.8803017664413044,0.9755686153842344,1472,1421,True,ok
bc330dd9c3e1f1b01da77bddae27b46d527be4483da6954817e855004b3ce641,theiler,T1: 0.75×,10,20,Awake,24.998235827015687,1500,8,0.16,4,0.8,1.3,0.75,0.6134837242714565,0.48003387451171875,12,0.8487832528891158,0.9359134097951094,1472,1413,True,ok
bc330dd9c3e1f1b01da77bddae27b46d527be4483da6954817e855004b3ce641,theiler,T3: 1.25×,10,20,Awake,24.998235827015687,1500,8,0.16,4,0.8,1.3,1.25,0.6134837242714565,0.7600536346435547,19,0.8508652973456907,0.9367819782733123,1472,1413,True,ok
bc330dd9c3e1f1b01da77bddae27b46d527be4483da6954817e855004b3ce641,theiler,T1: 0.75×,10,21,Awake,24.998235827015687,1500,8,0.16,4,0.8,1.3,0.75,0.5890804685593543,0.4400310516357422,11,0.9917614574642925,0.990808080852473,1472,1399,True,ok
bc330dd9c3e1f1b01da77bddae27b46d527be4483da6954817e855004b3ce641,theiler,T3: 1.25×,10,21,Awake,24.998235827015687,1500,8,0.16,4,0.8,1.3,1.25,0.5890804685593543,0.7200508117675781,18,0.9911520560401368,0.9904561403529551,1472,1399,True,ok
bc330dd9c3e1f1b01da77bddae27b46d527be4483da6954817e855004b3ce641,theiler,T1: 0.75×,10,22,Awake,24.998235827015687,1500,8,0.16,4,0.8,1.3,0.75,0.6116414228487358,0.4400310516357422,11,0.9650899995333233,0.9666474417040624,1472,1414,True,ok
bc330dd9c3e1f1b01da77bddae27b46d527be4483da6954817e855004b3ce641,theiler,T3: 1.25×,10,22,Awake,24.998235827015687,1500,8,0.16,4,0.8,1.3,1.25,0.6116414228487358,0.7600536346435547,19,0.9650899995333233,0.9666474417040624,1472,1414,True,ok
bc330dd9c3e1f1b01da77bddae27b46d527be4483da6954817e855004b3ce641,theiler,T1: 0.75×,10,23,Awake,24.998235827015687,1500,8,0.16,4,0.8,1.3,0.75,0.5584616483773024,0.4000282287597656,10,0.8126163642201738,0.973361542742457,1472,1417,True,ok
bc330dd9c3e1f1b01da77bddae27b46d527be4483da6954817e855004b3ce641,theiler,T3: 1.25×,10,23,Awake,24.998235827015687,1500,8,0.16,4,0.8,1.3,1.25,0.5584616483773024,0.6800479888916016,17,0.8191423135371193,0.9701053549091796,1472,1417,True,ok
bc330dd9c3e1f1b01da77bddae27b46d527be4483da6954817e855004b3ce641,theiler,T1: 0.75×,10,24,Awake,24.998235827015687,1500,8,0.16,4,0.8,1.3,0.75,0.591681907331997,0.4400310516357422,11,0.7922598434877578,0.9854626956160085,1472,1429,True,ok
bc330dd9c3e1f1b01da77bddae27b46d527be4483da6954817e855004b3ce641,theiler,T3: 1.25×,10,24,Awake,24.998235827015687,1500,8,0.16,4,0.8,1.3,1.25,0.591681907331997,0.7200508117675781,18,0.7878349972935443,0.9855717218906388,1472,1429,True,ok
bc330dd9c3e1f1b01da77bddae27b46d527be4483da6954817e855004b3ce641,theiler,T1: 0.75×,10,25,Awake,24.998235827015687,1500,8,0.16,4,0.8,1.3,0.75,0.5557979130621366,0.4000282287597656,10,0.652474535336794,0.9393034812518684,1472,1405,True,ok
bc330dd9c3e1f1b01da77bddae27b46d527be4483da6954817e855004b3ce641,theiler,T3: 1.25×,10,25,Awake,24.998235827015687,1500,8,0.16,4,0.8,1.3,1.25,0.5557979130621366,0.6800479888916016,17,0.652474535336794,0.9393034812518684,1472,1405,True,ok
bc330dd9c3e1f1b01da77bddae27b46d527be4483da6954817e855004b3ce641,theiler,T1: 0.75×,10,26,Awake,24.998235827015687,1500,8,0.16,4,0.8,1.3,0.75,0.5525774934848271,0.4000282287597656,10,0.819228340853622,0.9890426515966144,1472,1407,True,ok
bc330dd9c3e1f1b01da77bddae27b46d527be4483da6954817e855004b3ce641,theiler,T3: 1.25×,10,26,Awake,24.998235827015687,1500,8,0.16,4,0.8,1.3,1.25,0.5525774934848271,0.6800479888916016,17,0.819228340853622,0.9890426515966144,1472,1407,True,ok
bc330dd9c3e1f1b01da77bddae27b46d527be4483da6954817e855004b3ce641,theiler,T1: 0.75×,10,27,Awake,24.998235827015687,1500,8,0.16,4,0.8,1.3,0.75,0.5885293502646785,0.4400310516357422,11,0.9649570109483532,0.9866847089262286,1472,1404,True,ok
bc330dd9c3e1f1b01da77bddae27b46d527be4483da6954817e855004b3ce641,theiler,T3: 1.25×,10,27,Awake,24.998235827015687,1500,8,0.16,4,0.8,1.3,1.25,0.5885293502646785,0.7200508117675781,18,0.9723913423184073,0.9862947034276818,1472,1404,True,ok
bc330dd9c3e1f1b01da77bddae27b46d527be4483da6954817e855004b3ce641,theiler,T1: 0.75×,10,28,Awake,24.998235827015687,1500,8,0.16,4,0.8,1.3,0.75,0.6120647048369857,0.4400310516357422,11,0.984439951792695,0.9813501503744911,1472,1437,True,ok
bc330dd9c3e1f1b01da77bddae27b46d527be4483da6954817e855004b3ce641,theiler,T3: 1.25×,10,28,Awake,24.998235827015687,1500,8,0.16,4,0.8,1.3,1.25,0.6120647048369857,0.7600536346435547,19,0.9847824815776526,0.982176781388318,1472,1437,True,ok
bc330dd9c3e1f1b01da77bddae27b46d527be4483da6954817e855004b3ce641,theiler,T1: 0.75×,10,29,Awake,24.998235827015687,1500,8,0.16,4,0.8,1.3,0.75,0.5711133836350392,0.4400310516357422,11,0.9303622024834328,0.9919487888884045,1472,1416,True,ok
bc330dd9c3e1f1b01da77bddae27b46d527be4483da6954817e855004b3ce641,theiler,T3: 1.25×,10,29,Awake,24.998235827015687,1500,8,0.16,4,0.8,1.3,1.25,0.5711133836350392,0.7200508117675781,18,0.9259935167220271,0.9909140024941496,1472,1416,True,ok
bc330dd9c3e1f1b01da77bddae27b46d527be4483da6954817e855004b3ce641,theiler,T1: 0.75×,10,30,Awake,24.998235827015687,1500,8,0.16,4,0.8,1.3,0.75,0.5681754132017712,0.4400310516357422,11,0.9410334573099723,0.9768549901188617,1472,1401,True,ok
bc330dd9c3e1f1b01da77bddae27b46d527be4483da6954817e855004b3ce641,theiler,T3: 1.25×,10,30,Awake,24.998235827015687,1500,8,0.16,4,0.8,1.3,1.25,0.5681754132017712,0.7200508117675781,18,0.9382072085848152,0.9782408536245605,1472,1399,True,ok
bc330dd9c3e1f1b01da77bddae27b46d527be4483da6954817e855004b3ce641,theiler,T1: 0.75×,10,31,Awake,24.998235827015687,1500,8,0.16,4,0.8,1.3,0.75,0.6324023571373734,0.48003387451171875,12,1.0688211222976693,0.9821902937990815,1472,1417,True,ok
bc330dd9c3e1f1b01da77bddae27b46d527be4483da6954817e855004b3ce641,theiler,T3: 1.25×,10,31,Awake,24.998235827015687,1500,8,0.16,4,0.8,1.3,1.25,0.6324023571373734,0.8000564575195312,20,1.0739413347702988,0.97993676354066,1472,1417,True,ok
bc330dd9c3e1f1b01da77bddae27b46d527be4483da6954817e855004b3ce641,theiler,T1: 0.75×,10,32,Drowsy,24.998235827015687,1500,8,0.16,4,0.8,1.3,0.75,0.5560179055902016,0.4000282287597656,10,0.8539636379014948,0.9723413785145592,1472,1420,True,ok
bc330dd9c3e1f1b01da77bddae27b46d527be4483da6954817e855004b3ce641,theiler,T3: 1.25×,10,32,Drowsy,24.998235827015687,1500,8,0.16,4,0.8,1.3,1.25,0.5560179055902016,0.6800479888916016,17,0.855354950046472,0.9644436069182373,1472,1420,True,ok
bc330dd9c3e1f1b01da77bddae27b46d527be4483da6954817e855004b3ce641,theiler,T1: 0.75×,10,33,Drowsy,24.998235827015687,1500,8,0.16,4,0.8,1.3,0.75,0.5277011966744029,0.4000282287597656,10,0.829442190014108,0.9726552674393246,1472,1436,True,ok
bc330dd9c3e1f1b01da77bddae27b46d527be4483da6954817e855004b3ce641,theiler,T3: 1.25×,10,33,Drowsy,24.998235827015687,1500,8,0.16,4,0.8,1.3,1.25,0.5277011966744029,0.640045166015625,16,0.8313902426145193,0.9730259302311262,1472,1436,True,ok
bc330dd9c3e1f1b01da77bddae27b46d527be4483da6954817e855004b3ce641,theiler,T1: 0.75×,10,34,Drowsy,24.998235827015687,1500,8,0.16,4,0.8,1.3,0.75,0.48357199938950396,0.36002540588378906,9,0.7759973146706183,0.9520931155268857,1472,1404,True,ok
bc330dd9c3e1f1b01da77bddae27b46d527be4483da6954817e855004b3ce641,theiler,T3: 1.25×,10,34,Drowsy,24.998235827015687,1500,8,0.16,4,0.8,1.3,1.25,0.48357199938950396,0.6000423431396484,15,0.7609626542772683,0.941098560893723,1472,1404,True,ok
bc330dd9c3e1f1b01da77bddae27b46d527be4483da6954817e855004b3ce641,theiler,T1: 0.75×,10,35,Drowsy,24.998235827015687,1500,8,0.16,4,0.8,1.3,0.75,0.4959142469754571,0.36002540588378906,9,0.7713488502918568,0.9865968837154111,1472,1407,True,ok
bc330dd9c3e1f1b01da77bddae27b46d527be4483da6954817e855004b3ce641,theiler,T3: 1.25×,10,35,Drowsy,24.998235827015687,1500,8,0.16,4,0.8,1.3,1.25,0.4959142469754571,0.6000423431396484,15,0.7713488502918568,0.9865968837154111,1472,1407,True,ok
bc330dd9c3e1f1b01da77bddae27b46d527be4483da6954817e855004b3ce641,theiler,T1: 0.75×,10,36,Drowsy,24.998235827015687,1500,8,0.16,4,0.8,1.3,0.75,0.4976377504006711,0.36002540588378906,9,0.8765678956701421,0.9948558530011714,1472,1421,True,ok
bc330dd9c3e1f1b01da77bddae27b46d527be4483da6954817e855004b3ce641,theiler,T3: 1.25×,10,36,Drowsy,24.998235827015687,1500,8,0.16,4,0.8,1.3,1.25,0.4976377504006711,0.640045166015625,16,0.8908815060219504,0.9950167039119379,1472,1421,True,ok
bc330dd9c3e1f1b01da77bddae27b46d527be4483da6954817e855004b3ce641,theiler,T1: 0.75×,11,1,Awake,24.993766908601188,1500,8,0.16,4,0.8,1.3,0.75,0.5487099547004084,0.4000997543334961,10,0.9138627598206559,0.9776110682338885,1472,1429,True,ok
bc330dd9c3e1f1b01da77bddae27b46d527be4483da6954817e855004b3ce641,theiler,T3: 1.25×,11,1,Awake,24.993766908601188,1500,8,0.16,4,0.8,1.3,1.25,0.5487099547004084,0.6801695823669434,17,0.9138627598206559,0.9776110682338885,1472,1429,True,ok
bc330dd9c3e1f1b01da77bddae27b46d527be4483da6954817e855004b3ce641,theiler,T1: 0.75×,11,2,Awake,24.993766908601188,1500,8,0.16,4,0.8,1.3,0.75,0.55411087770503,0.4000997543334961,10,0.8308482391176552,0.9880341379645368,1472,1432,True,ok
bc330dd9c3e1f1b01da77bddae27b46d527be4483da6954817e855004b3ce641,theiler,T3: 1.25×,11,2,Awake,24.993766908601188,1500,8,0.16,4,0.8,1.3,1.25,0.55411087770503,0.6801695823669434,17,0.8269340392822945,0.984984245188248,1472,1432,True,ok
bc330dd9c3e1f1b01da77bddae27b46d527be4483da6954817e855004b3ce641,theiler,T1: 0.75×,11,3,Awake,24.993766908601188,1500,8,0.16,4,0.8,1.3,0.75,0.5638904345509292,0.4401097297668457,11,0.8376929986991793,0.9818137327591518,1472,1421,True,ok
bc330dd9c3e1f1b01da77bddae27b46d527be4483da6954817e855004b3ce641,theiler,T3: 1.25×,11,3,Awake,24.993766908601188,1500,8,0.16,4,0.8,1.3,1.25,0.5638904345509292,0.720179557800293,18,0.8321747190707772,0.9816455212293875,1472,1424,True,ok
bc330dd9c3e1f1b01da77bddae27b46d527be4483da6954817e855004b3ce641,theiler,T1: 0.75×,11,4,Awake,24.993766908601188,1500,8,0.16,4,0.8,1.3,0.75,0.5696490565499657,0.4401097297668457,11,0.8238087893496455,0.9671505991883479,1472,1400,True,ok
bc330dd9c3e1f1b01da77bddae27b46d527be4483da6954817e855004b3ce641,theiler,T3: 1.25×,11,4,Awake,24.993766908601188,1500,8,0.16,4,0.8,1.3,1.25,0.5696490565499657,0.720179557800293,18,0.8440191545167683,0.9678460167846833,1472,1400,True,ok
bc330dd9c3e1f1b01da77bddae27b46d527be4483da6954817e855004b3ce641,theiler,T1: 0.75×,11,5,Awake,24.993766908601188,1500,8,0.16,4,0.8,1.3,0.75,0.5666607767333454,0.4401097297668457,11,0.806998454960376,0.9687940435152724,1472,1404,True,ok
bc330dd9c3e1f1b01da77bddae27b46d527be4483da6954817e855004b3ce641,theiler,T3: 1.25×,11,5,Awake,24.993766908601188,1500,8,0.16,4,0.8,1.3,1.25,0.5666607767333454,0.720179557800293,18,0.7941683555722532,0.9624316394198152,1472,1402,True,ok
bc330dd9c3e1f1b01da77bddae27b46d527be4483da6954817e855004b3ce641,theiler,T1: 0.75×,11,6,Awake,24.993766908601188,1500,8,0.16,4,0.8,1.3,0.75,0.5873097659185054,0.4401097297668457,11,0.9173312476629027,0.9755615610211141,1472,1412,True,ok
bc330dd9c3e1f1b01da77bddae27b46d527be4483da6954817e855004b3ce641,theiler,T3: 1.25×,11,6,Awake,24.993766908601188,1500,8,0.16,4,0.8,1.3,1.25,0.5873097659185054,0.720179557800293,18,0.9201887823246273,0.9780395419462217,1472,1412,True,ok
bc330dd9c3e1f1b01da77bddae27b46d527be4483da6954817e855004b3ce641,theiler,T1: 0.75×,11,7,Awake,24.993766908601188,1500,8,0.16,4,0.8,1.3,0.75,0.6443755830786532,0.4801197052001953,12,0.9473465673115993,0.9738981510143307,1472,1426,True,ok
bc330dd9c3e1f1b01da77bddae27b46d527be4483da6954817e855004b3ce641,theiler,T3: 1.25×,11,7,Awake,24.993766908601188,1500,8,0.16,4,0.8,1.3,1.25,0.6443755830786532,0.8001995086669922,20,0.9378009070485287,0.9760119568026961,1472,1406,True,ok
bc330dd9c3e1f1b01da77bddae27b46d527be4483da6954817e855004b3ce641,theiler,T1: 0.75×,11,8,Awake,24.993766908601188,1500,8,0.16,4,0.8,1.3,0.75,0.5946658025785677,0.4401097297668457,11,0.8569543936304493,0.9904878526745764,1472,1380,True,ok
bc330dd9c3e1f1b01da77bddae27b46d527be4483da6954817e855004b3ce641,theiler,T3: 1.25×,11,8,Awake,24.993766908601188,1500,8,0.16,4,0.8,1.3,1.25,0.5946658025785677,0.7601895332336426,19,0.8612599503442253,0.991775502246773,1472,1380,True,ok
bc330dd9c3e1f1b01da77bddae27b46d527be4483da6954817e855004b3ce641,theiler,T1: 0.75×,11,9,Awake,24.993766908601188,1500,8,0.16,4,0.8,1.3,0.75,0.5444217414007878,0.4000997543334961,10,0.7209021596173011,0.8951647746637116,1472,1391,False,low_fit_r2
bc330dd9c3e1f1b01da77bddae27b46d527be4483da6954817e855004b3ce641,theiler,T3: 1.25×,11,9,Awake,24.993766908601188,1500,8,0.16,4,0.8,1.3,1.25,0.5444217414007878,0.6801695823669434,17,0.7205510108937202,0.8942807205377749,1472,1391,False,low_fit_r2
bc330dd9c3e1f1b01da77bddae27b46d527be4483da6954817e855004b3ce641,theiler,T1: 0.75×,11,10,Drowsy,24.993766908601188,1500,8,0.16,4,0.8,1.3,0.75,0.5074998740412391,0.4000997543334961,10,0.8539630008099457,0.9588096171805746,1472,1412,True,ok
bc330dd9c3e1f1b01da77bddae27b46d527be4483da6954817e855004b3ce641,theiler,T3: 1.25×,11,10,Drowsy,24.993766908601188,1500,8,0.16,4,0.8,1.3,1.25,0.5074998740412391,0.6401596069335938,16,0.8739043486899518,0.956554774523697,1472,1412,True,ok
bc330dd9c3e1f1b01da77bddae27b46d527be4483da6954817e855004b3ce641,theiler,T1: 0.75×,11,11,Drowsy,24.993766908601188,1500,8,0.16,4,0.8,1.3,0.75,0.5406218103723026,0.4000997543334961,10,0.7098012012224862,0.9366305100713376,1472,1404,True,ok
bc330dd9c3e1f1b01da77bddae27b46d527be4483da6954817e855004b3ce641,theiler,T3: 1.25×,11,11,Drowsy,24.993766908601188,1500,8,0.16,4,0.8,1.3,1.25,0.5406218103723026,0.6801695823669434,17,0.6915589754440484,0.9322278527489742,1472,1404,True,ok
bc330dd9c3e1f1b01da77bddae27b46d527be4483da6954817e855004b3ce641,theiler,T1: 0.75×,11,12,Drowsy,24.993766908601188,1500,8,0.16,4,0.8,1.3,0.75,0.5257212044159066,0.4000997543334961,10,0.8478843013270655,0.9879745263424512,1472,1408,True,ok
bc330dd9c3e1f1b01da77bddae27b46d527be4483da6954817e855004b3ce641,theiler,T3: 1.25×,11,12,Drowsy,24.993766908601188,1500,8,0.16,4,0.8,1.3,1.25,0.5257212044159066,0.6401596069335938,16,0.8491669874389249,0.984631153168235,1472,1408,True,ok
bc330dd9c3e1f1b01da77bddae27b46d527be4483da6954817e855004b3ce641,theiler,T1: 0.75×,11,13,Drowsy,24.993766908601188,1500,8,0.16,4,0.8,1.3,0.75,0.5128739705008825,0.4000997543334961,10,0.7701839206685271,0.9884725425584642,1472,1404,True,ok
bc330dd9c3e1f1b01da77bddae27b46d527be4483da6954817e855004b3ce641,theiler,T3: 1.25×,11,13,Drowsy,24.993766908601188,1500,8,0.16,4,0.8,1.3,1.25,0.5128739705008825,0.6401596069335938,16,0.753015659232025,0.9880013283633677,1472,1404,True,ok
bc330dd9c3e1f1b01da77bddae27b46d527be4483da6954817e855004b3ce641,theiler,T1: 0.75×,11,14,Drowsy,24.993766908601188,1500,8,0.16,4,0.8,1.3,0.75,0.5286223744515677,0.4000997543334961,10,0.8416741279812054,0.9538758021037181,1472,1407,True,ok
bc330dd9c3e1f1b01da77bddae27b46d527be4483da6954817e855004b3ce641,theiler,T3: 1.25×,11,14,Drowsy,24.993766908601188,1500,8,0.16,4,0.8,1.3,1.25,0.5286223744515677,0.6801695823669434,17,0.8443946520264499,0.9568979889404609,1472,1407,True,ok
bc330dd9c3e1f1b01da77bddae27b46d527be4483da6954817e855004b3ce641,theiler,T1: 0.75×,11,15,Drowsy,24.993766908601188,1500,8,0.16,4,0.8,1.3,0.75,0.5586808590290708,0.4000997543334961,10,0.9705150437758111,0.9838394504448623,1472,1399,True,ok
bc330dd9c3e1f1b01da77bddae27b46d527be4483da6954817e855004b3ce641,theiler,T3: 1.25×,11,15,Drowsy,24.993766908601188,1500,8,0.16,4,0.8,1.3,1.25,0.5586808590290708,0.6801695823669434,17,0.9887562213277181,0.9838533471761302,1472,1399,True,ok
bc330dd9c3e1f1b01da77bddae27b46d527be4483da6954817e855004b3ce641,theiler,T1: 0.75×,11,16,Drowsy,24.993766908601188,1500,8,0.16,4,0.8,1.3,0.75,0.5465912310748827,0.4000997543334961,10,0.9055021797062729,0.975706136521041,1472,1426,True,ok
bc330dd9c3e1f1b01da77bddae27b46d527be4483da6954817e855004b3ce641,theiler,T3: 1.25×,11,16,Drowsy,24.993766908601188,1500,8,0.16,4,0.8,1.3,1.25,0.5465912310748827,0.6801695823669434,17,0.9170969919875337,0.9741524248942594,1472,1426,True,ok
bc330dd9c3e1f1b01da77bddae27b46d527be4483da6954817e855004b3ce641,theiler,T1: 0.75×,11,17,Drowsy,24.993766908601188,1500,8,0.16,4,0.8,1.3,0.75,0.5615351646860873,0.4401097297668457,11,0.8927662927689983,0.9613792810877038,1472,1410,True,ok
bc330dd9c3e1f1b01da77bddae27b46d527be4483da6954817e855004b3ce641,theiler,T3: 1.25×,11,17,Drowsy,24.993766908601188,1500,8,0.16,4,0.8,1.3,1.25,0.5615351646860873,0.720179557800293,18,0.8851010148555944,0.9749034268209079,1472,1410,True,ok
bc330dd9c3e1f1b01da77bddae27b46d527be4483da6954817e855004b3ce641,theiler,T1: 0.75×,11,18,Drowsy,24.993766908601188,1500,8,0.16,4,0.8,1.3,0.75,0.5415224015910067,0.4000997543334961,10,0.8736222448310802,0.983075153912723,1472,1413,True,ok
bc330dd9c3e1f1b01da77bddae27b46d527be4483da6954817e855004b3ce641,theiler,T3: 1.25×,11,18,Drowsy,24.993766908601188,1500,8,0.16,4,0.8,1.3,1.25,0.5415224015910067,0.6801695823669434,17,0.8759985114567627,0.9853080773349908,1472,1413,True,ok
bc330dd9c3e1f1b01da77bddae27b46d527be4483da6954817e855004b3ce641,theiler,T1: 0.75×,11,19,Awake,24.993766908601188,1500,8,0.16,4,0.8,1.3,0.75,0.5117291633517939,0.4000997543334961,10,0.7562399853055911,0.9599050808398362,1472,1373,True,ok
bc330dd9c3e1f1b01da77bddae27b46d527be4483da6954817e855004b3ce641,theiler,T3: 1.25×,11,19,Awake,24.993766908601188,1500,8,0.16,4,0.8,1.3,1.25,0.5117291633517939,0.6401596069335938,16,0.7674887993591578,0.9441798402578415,1472,1373,True,ok
bc330dd9c3e1f1b01da77bddae27b46d527be4483da6954817e855004b3ce641,theiler,T1: 0.75×,11,20,Awake,24.993766908601188,1500,8,0.16,4,0.8,1.3,0.75,0.5520862233802928,0.4000997543334961,10,0.9739720484346717,0.950048337994322,1472,1417,True,ok
bc330dd9c3e1f1b01da77bddae27b46d527be4483da6954817e855004b3ce641,theiler,T3: 1.25×,11,20,Awake,24.993766908601188,1500,8,0.16,4,0.8,1.3,1.25,0.5520862233802928,0.6801695823669434,17,0.9701320534037176,0.945018833192537,1472,1417,True,ok
bc330dd9c3e1f1b01da77bddae27b46d527be4483da6954817e855004b3ce641,theiler,T1: 0.75×,11,21,Awake,24.993766908601188,1500,8,0.16,4,0.8,1.3,0.75,0.5601876785855391,0.4401097297668457,11,0.8217604421326619,0.987157954802097,1472,1425,True,ok
bc330dd9c3e1f1b01da77bddae27b46d527be4483da6954817e855004b3ce641,theiler,T3: 1.25×,11,21,Awake,24.993766908601188,1500,8,0.16,4,0.8,1.3,1.25,0.5601876785855391,0.720179557800293,18,0.8158698352515837,0.987246344113072,1472,1425,True,ok
bc330dd9c3e1f1b01da77bddae27b46d527be4483da6954817e855004b3ce641,theiler,T1: 0.75×,11,22,Awake,24.993766908601188,1500,8,0.16,4,0.8,1.3,0.75,0.5428890545337423,0.4000997543334961,10,0.8331260511722037,0.9671356959800531,1472,1418,True,ok
bc330dd9c3e1f1b01da77bddae27b46d527be4483da6954817e855004b3ce641,theiler,T3: 1.25×,11,22,Awake,24.993766908601188,1500,8,0.16,4,0.8,1.3,1.25,0.5428890545337423,0.6801695823669434,17,0.8321151840015194,0.9634753803531503,1472,1418,True,ok
bc330dd9c3e1f1b01da77bddae27b46d527be4483da6954817e855004b3ce641,theiler,T1: 0.75×,11,23,Awake,24.993766908601188,1500,8,0.16,4,0.8,1.3,0.75,0.5685270537850305,0.4401097297668457,11,0.8437742721121827,0.9787545985285147,1472,1431,True,ok
bc330dd9c3e1f1b01da77bddae27b46d527be4483da6954817e855004b3ce641,theiler,T3: 1.25×,11,23,Awake,24.993766908601188,1500,8,0.16,4,0.8,1.3,1.25,0.5685270537850305,0.720179557800293,18,0.8437742721121827,0.9787545985285147,1472,1431,True,ok
bc330dd9c3e1f1b01da77bddae27b46d527be4483da6954817e855004b3ce641,theiler,T1: 0.75×,11,24,Awake,24.993766908601188,1500,8,0.16,4,0.8,1.3,0.75,0.5902091007499501,0.4401097297668457,11,0.9206566132395178,0.9693501966047352,1472,1403,True,ok
bc330dd9c3e1f1b01da77bddae27b46d527be4483da6954817e855004b3ce641,theiler,T3: 1.25×,11,24,Awake,24.993766908601188,1500,8,0.16,4,0.8,1.3,1.25,0.5902091007499501,0.720179557800293,18,0.922257181078601,0.9695372557272073,1472,1403,True,ok
bc330dd9c3e1f1b01da77bddae27b46d527be4483da6954817e855004b3ce641,theiler,T1: 0.75×,11,25,Awake,24.993766908601188,1500,8,0.16,4,0.8,1.3,0.75,0.5871874371552199,0.4401097297668457,11,0.9628070312440792,0.9927717092570779,1472,1384,True,ok
bc330dd9c3e1f1b01da77bddae27b46d527be4483da6954817e855004b3ce641,theiler,T3: 1.25×,11,25,Awake,24.993766908601188,1500,8,0.16,4,0.8,1.3,1.25,0.5871874371552199,0.720179557800293,18,0.9628070312440792,0.9927717092570779,1472,1384,True,ok
bc330dd9c3e1f1b01da77bddae27b46d527be4483da6954817e855004b3ce641,theiler,T1: 0.75×,11,26,Awake,24.993766908601188,1500,8,0.16,4,0.8,1.3,0.75,0.6039573221106281,0.4401097297668457,11,0.8852721897807373,0.979540317688983,1472,1414,True,ok
bc330dd9c3e1f1b01da77bddae27b46d527be4483da6954817e855004b3ce641,theiler,T3: 1.25×,11,26,Awake,24.993766908601188,1500,8,0.16,4,0.8,1.3,1.25,0.6039573221106281,0.7601895332336426,19,0.8690117107896045,0.9753812905875464,1472,1414,True,ok
bc330dd9c3e1f1b01da77bddae27b46d527be4483da6954817e855004b3ce641,theiler,T1: 0.75×,11,27,Awake,24.993766908601188,1500,8,0.16,4,0.8,1.3,0.75,0.5979357175607952,0.4401097297668457,11,0.9227803924366337,0.9855361228188755,1472,1404,True,ok
bc330dd9c3e1f1b01da77bddae27b46d527be4483da6954817e855004b3ce641,theiler,T3: 1.25×,11,27,Awake,24.993766908601188,1500,8,0.16,4,0.8,1.3,1.25,0.5979357175607952,0.7601895332336426,19,0.920311283183264,0.9856081553908653,1472,1405,True,ok
bc330dd9c3e1f1b01da77bddae27b46d527be4483da6954817e855004b3ce641,theiler,T1: 0.75×,11,28,Awake,24.993766908601188,1500,8,0.16,4,0.8,1.3,0.75,0.5360964676609524,0.4000997543334961,10,0.7261999784821206,0.9356262392724182,1472,1410,True,ok
bc330dd9c3e1f1b01da77bddae27b46d527be4483da6954817e855004b3ce641,theiler,T3: 1.25×,11,28,Awake,24.993766908601188,1500,8,0.16,4,0.8,1.3,1.25,0.5360964676609524,0.6801695823669434,17,0.7295188328427571,0.9367896551405763,1472,1410,True,ok
bc330dd9c3e1f1b01da77bddae27b46d527be4483da6954817e855004b3ce641,theiler,T1: 0.75×,11,29,Awake,24.993766908601188,1500,8,0.16,4,0.8,1.3,0.75,0.5511196997055653,0.4000997543334961,10,0.7495352211107389,0.9529795140619162,1472,1368,True,ok
bc330dd9c3e1f1b01da77bddae27b46d527be4483da6954817e855004b3ce641,theiler,T3: 1.25×,11,29,Awake,24.993766908601188,1500,8,0.16,4,0.8,1.3,1.25,0.5511196997055653,0.6801695823669434,17,0.7496757756905424,0.9530522618296414,1472,1368,True,ok
bc330dd9c3e1f1b01da77bddae27b46d527be4483da6954817e855004b3ce641,theiler,T1: 0.75×,11,30,Drowsy,24.993766908601188,1500,8,0.16,4,0.8,1.3,0.75,0.5479917515568089,0.4000997543334961,10,0.8449354432606573,0.9889375019349202,1472,1417,True,ok
bc330dd9c3e1f1b01da77bddae27b46d527be4483da6954817e855004b3ce641,theiler,T3: 1.25×,11,30,Drowsy,24.993766908601188,1500,8,0.16,4,0.8,1.3,1.25,0.5479917515568089,0.6801695823669434,17,0.8654162763728962,0.9862200008173158,1472,1417,True,ok
bc330dd9c3e1f1b01da77bddae27b46d527be4483da6954817e855004b3ce641,theiler,T1: 0.75×,11,31,Drowsy,24.993766908601188,1500,8,0.16,4,0.8,1.3,0.75,0.522424112891296,0.4000997543334961,10,0.8224566071943603,0.9913640510173224,1472,1432,True,ok
bc330dd9c3e1f1b01da77bddae27b46d527be4483da6954817e855004b3ce641,theiler,T3: 1.25×,11,31,Drowsy,24.993766908601188,1500,8,0.16,4,0.8,1.3,1.25,0.522424112891296,0.6401596069335938,16,0.8274945214181473,0.9912245460329013,1472,1432,True,ok
bc330dd9c3e1f1b01da77bddae27b46d527be4483da6954817e855004b3ce641,theiler,T1: 0.75×,11,32,Drowsy,24.993766908601188,1500,8,0.16,4,0.8,1.3,0.75,0.5721821587748716,0.4401097297668457,11,0.8152887450105263,0.9804428211709464,1472,1402,True,ok
bc330dd9c3e1f1b01da77bddae27b46d527be4483da6954817e855004b3ce641,theiler,T3: 1.25×,11,32,Drowsy,24.993766908601188,1500,8,0.16,4,0.8,1.3,1.25,0.5721821587748716,0.720179557800293,18,0.8031797791070939,0.9791228884541582,1472,1402,True,ok
bc330dd9c3e1f1b01da77bddae27b46d527be4483da6954817e855004b3ce641,theiler,T1: 0.75×,11,33,Drowsy,24.993766908601188,1500,8,0.16,4,0.8,1.3,0.75,0.5195047361197613,0.4000997543334961,10,0.748221512173218,0.9916531299739832,1472,1380,True,ok
bc330dd9c3e1f1b01da77bddae27b46d527be4483da6954817e855004b3ce641,theiler,T3: 1.25×,11,33,Drowsy,24.993766908601188,1500,8,0.16,4,0.8,1.3,1.25,0.5195047361197613,0.6401596069335938,16,0.7491447344944341,0.9872688351264529,1472,1380,True,ok
bc330dd9c3e1f1b01da77bddae27b46d527be4483da6954817e855004b3ce641,theiler,T1: 0.75×,11,34,Drowsy,24.993766908601188,1500,8,0.16,4,0.8,1.3,0.75,0.5227236424937398,0.4000997543334961,10,0.7450752330602392,0.9476342478652996,1472,1422,True,ok
bc330dd9c3e1f1b01da77bddae27b46d527be4483da6954817e855004b3ce641,theiler,T3: 1.25×,11,34,Drowsy,24.993766908601188,1500,8,0.16,4,0.8,1.3,1.25,0.5227236424937398,0.6401596069335938,16,0.7450752330602392,0.9476342478652996,1472,1422,True,ok
bc330dd9c3e1f1b01da77bddae27b46d527be4483da6954817e855004b3ce641,theiler,T1: 0.75×,11,35,Drowsy,24.993766908601188,1500,8,0.16,4,0.8,1.3,0.75,0.5086087653592368,0.4000997543334961,10,0.745925144845466,0.9831073217012245,1472,1423,True,ok
bc330dd9c3e1f1b01da77bddae27b46d527be4483da6954817e855004b3ce641,theiler,T3: 1.25×,11,35,Drowsy,24.993766908601188,1500,8,0.16,4,0.8,1.3,1.25,0.5086087653592368,0.6401596069335938,16,0.745925144845466,0.9831073217012245,1472,1423,True,ok
bc330dd9c3e1f1b01da77bddae27b46d527be4483da6954817e855004b3ce641,theiler,T1: 0.75×,11,36,Drowsy,24.993766908601188,1500,8,0.16,4,0.8,1.3,0.75,0.533957323283464,0.4000997543334961,10,0.7029694070878254,0.9093892946951564,1472,1406,True,ok
bc330dd9c3e1f1b01da77bddae27b46d527be4483da6954817e855004b3ce641,theiler,T3: 1.25×,11,36,Drowsy,24.993766908601188,1500,8,0.16,4,0.8,1.3,1.25,0.533957323283464,0.6801695823669434,17,0.7088633531771589,0.9091691684996356,1472,1406,True,ok
bc330dd9c3e1f1b01da77bddae27b46d527be4483da6954817e855004b3ce641,theiler,T1: 0.75×,11,37,Drowsy,24.993766908601188,1500,8,0.16,4,0.8,1.3,0.75,0.5405649510300726,0.4000997543334961,10,0.6943296983107329,0.9733767245717148,1472,1427,True,ok
bc330dd9c3e1f1b01da77bddae27b46d527be4483da6954817e855004b3ce641,theiler,T3: 1.25×,11,37,Drowsy,24.993766908601188,1500,8,0.16,4,0.8,1.3,1.25,0.5405649510300726,0.6801695823669434,17,0.6960792835124757,0.9735263408290082,1472,1427,True,ok
bc330dd9c3e1f1b01da77bddae27b46d527be4483da6954817e855004b3ce641,theiler,T1: 0.75×,11,38,Drowsy,24.993766908601188,1500,8,0.16,4,0.8,1.3,0.75,0.583810168445242,0.4401097297668457,11,0.8068204776331099,0.932525828790202,1472,1404,True,ok
bc330dd9c3e1f1b01da77bddae27b46d527be4483da6954817e855004b3ce641,theiler,T3: 1.25×,11,38,Drowsy,24.993766908601188,1500,8,0.16,4,0.8,1.3,1.25,0.583810168445242,0.720179557800293,18,0.8036130222459914,0.926438444684469,1472,1403,True,ok
bc330dd9c3e1f1b01da77bddae27b46d527be4483da6954817e855004b3ce641,theiler,T1: 0.75×,12,1,Awake,24.9893795136852,1499,8,0.16,4,0.8,1.3,0.75,0.41862386901307913,0.3201360000002751,8,0.7713180602990513,0.9390943554696385,1471,1396,True,ok
bc330dd9c3e1f1b01da77bddae27b46d527be4483da6954817e855004b3ce641,theiler,T3: 1.25×,12,1,Awake,24.9893795136852,1499,8,0.16,4,0.8,1.3,1.25,0.41862386901307913,0.520221000000447,13,0.7713180602990513,0.9390943554696385,1471,1396,True,ok
bc330dd9c3e1f1b01da77bddae27b46d527be4483da6954817e855004b3ce641,theiler,T1: 0.75×,12,3,Awake,24.9893795136852,1499,8,0.16,4,0.8,1.3,0.75,0.43688852615660956,0.3201360000002751,8,0.8059012549486496,0.9469938531701823,1471,1392,True,ok
bc330dd9c3e1f1b01da77bddae27b46d527be4483da6954817e855004b3ce641,theiler,T3: 1.25×,12,3,Awake,24.9893795136852,1499,8,0.16,4,0.8,1.3,1.25,0.43688852615660956,0.5602380000004814,14,0.8049422357020468,0.9460772543555253,1471,1392,True,ok
bc330dd9c3e1f1b01da77bddae27b46d527be4483da6954817e855004b3ce641,theiler,T1: 0.75×,12,4,Awake,24.9893795136852,1499,8,0.16,4,0.8,1.3,0.75,0.4511206360649866,0.3201360000002751,8,0.7889371031030061,0.9796475081549652,1471,1404,True,ok
bc330dd9c3e1f1b01da77bddae27b46d527be4483da6954817e855004b3ce641,theiler,T3: 1.25×,12,4,Awake,24.9893795136852,1499,8,0.16,4,0.8,1.3,1.25,0.4511206360649866,0.5602380000004814,14,0.7889371031030061,0.9796475081549652,1471,1404,True,ok
bc330dd9c3e1f1b01da77bddae27b46d527be4483da6954817e855004b3ce641,theiler,T1: 0.75×,12,5,Awake,24.9893795136852,1499,8,0.16,4,0.8,1.3,0.75,0.44181180156824834,0.3201360000002751,8,0.7681621829171269,0.9684645777231123,1471,1408,True,ok
bc330dd9c3e1f1b01da77bddae27b46d527be4483da6954817e855004b3ce641,theiler,T3: 1.25×,12,5,Awake,24.9893795136852,1499,8,0.16,4,0.8,1.3,1.25,0.44181180156824834,0.5602380000004814,14,0.7681621829171269,0.9684645777231123,1471,1408,True,ok
bc330dd9c3e1f1b01da77bddae27b46d527be4483da6954817e855004b3ce641,theiler,T1: 0.75×,12,6,Awake,24.9893795136852,1499,8,0.16,4,0.8,1.3,0.75,0.42490902012314063,0.3201360000002751,8,0.6996179250682321,0.9015262177987702,1471,1411,True,ok
bc330dd9c3e1f1b01da77bddae27b46d527be4483da6954817e855004b3ce641,theiler,T3: 1.25×,12,6,Awake,24.9893795136852,1499,8,0.16,4,0.8,1.3,1.25,0.42490902012314063,0.520221000000447,13,0.6996179250682321,0.9015262177987702,1471,1411,True,ok
bc330dd9c3e1f1b01da77bddae27b46d527be4483da6954817e855004b3ce641,theiler,T1: 0.75×,12,7,Awake,24.9893795136852,1499,8,0.16,4,0.8,1.3,0.75,0.4439394737369181,0.3201360000002751,8,0.8215440196877415,0.9374458151151305,1471,1427,True,ok
bc330dd9c3e1f1b01da77bddae27b46d527be4483da6954817e855004b3ce641,theiler,T3: 1.25×,12,7,Awake,24.9893795136852,1499,8,0.16,4,0.8,1.3,1.25,0.4439394737369181,0.5602380000004814,14,0.8215440196877415,0.9374458151151305,1471,1427,True,ok
bc330dd9c3e1f1b01da77bddae27b46d527be4483da6954817e855004b3ce641,theiler,T1: 0.75×,12,8,Awake,24.9893795136852,1499,8,0.16,4,0.8,1.3,0.75,0.45480163878278945,0.3601530000003095,9,0.8188750837752214,0.9445453453635697,1471,1420,True,ok
bc330dd9c3e1f1b01da77bddae27b46d527be4483da6954817e855004b3ce641,theiler,T3: 1.25×,12,8,Awake,24.9893795136852,1499,8,0.16,4,0.8,1.3,1.25,0.45480163878278945,0.5602380000004814,14,0.8188750837752214,0.9445453453635697,1471,1420,True,ok
bc330dd9c3e1f1b01da77bddae27b46d527be4483da6954817e855004b3ce641,theiler,T1: 0.75×,12,9,Awake,24.9893795136852,1499,8,0.16,4,0.8,1.3,0.75,0.4584873590455596,0.3601530000003095,9,0.687305969792036,0.9188408132161223,1471,1430,True,ok
bc330dd9c3e1f1b01da77bddae27b46d527be4483da6954817e855004b3ce641,theiler,T3: 1.25×,12,9,Awake,24.9893795136852,1499,8,0.16,4,0.8,1.3,1.25,0.4584873590455596,0.5602380000004814,14,0.687305969792036,0.9188408132161223,1471,1430,True,ok
bc330dd9c3e1f1b01da77bddae27b46d527be4483da6954817e855004b3ce641,theiler,T1: 0.75×,12,10,Drowsy,24.9893795136852,1499,8,0.16,4,0.8,1.3,0.75,0.4209470680849202,0.3201360000002751,8,0.7858554234596606,0.9692756369962132,1471,1425,True,ok
bc330dd9c3e1f1b01da77bddae27b46d527be4483da6954817e855004b3ce641,theiler,T3: 1.25×,12,10,Drowsy,24.9893795136852,1499,8,0.16,4,0.8,1.3,1.25,0.4209470680849202,0.520221000000447,13,0.7858554234596606,0.9692756369962132,1471,1425,True,ok
bc330dd9c3e1f1b01da77bddae27b46d527be4483da6954817e855004b3ce641,theiler,T1: 0.75×,12,11,Drowsy,24.9893795136852,1499,8,0.16,4,0.8,1.3,0.75,0.44724503897595863,0.3201360000002751,8,0.7669345602831322,0.8840481902294556,1471,1430,False,low_fit_r2
bc330dd9c3e1f1b01da77bddae27b46d527be4483da6954817e855004b3ce641,theiler,T3: 1.25×,12,11,Drowsy,24.9893795136852,1499,8,0.16,4,0.8,1.3,1.25,0.44724503897595863,0.5602380000004814,14,0.7658513479342202,0.8889413927654339,1471,1430,False,low_fit_r2
bc330dd9c3e1f1b01da77bddae27b46d527be4483da6954817e855004b3ce641,theiler,T1: 0.75×,12,12,Drowsy,24.9893795136852,1499,8,0.16,4,0.8,1.3,0.75,0.43391414462879596,0.3201360000002751,8,0.7481246779118279,0.9508091156060539,1471,1410,True,ok
bc330dd9c3e1f1b01da77bddae27b46d527be4483da6954817e855004b3ce641,theiler,T3: 1.25×,12,12,Drowsy,24.9893795136852,1499,8,0.16,4,0.8,1.3,1.25,0.43391414462879596,0.5602380000004814,14,0.7595298494433297,0.9609247924428889,1471,1410,True,ok
bc330dd9c3e1f1b01da77bddae27b46d527be4483da6954817e855004b3ce641,theiler,T1: 0.75×,12,13,Awake,24.9893795136852,1499,8,0.16,4,0.8,1.3,0.75,0.4164924184732446,0.3201360000002751,8,0.682424364847197,0.9552167122503907,1471,1416,True,ok
bc330dd9c3e1f1b01da77bddae27b46d527be4483da6954817e855004b3ce641,theiler,T3: 1.25×,12,13,Awake,24.9893795136852,1499,8,0.16,4,0.8,1.3,1.25,0.4164924184732446,0.520221000000447,13,0.682424364847197,0.9552167122503907,1471,1416,True,ok
bc330dd9c3e1f1b01da77bddae27b46d527be4483da6954817e855004b3ce641,theiler,T1: 0.75×,12,14,Awake,24.9893795136852,1499,8,0.16,4,0.8,1.3,0.75,0.4161134254373534,0.3201360000002751,8,0.7090371995018571,0.9555817215484403,1471,1422,True,ok
bc330dd9c3e1f1b01da77bddae27b46d527be4483da6954817e855004b3ce641,theiler,T3: 1.25×,12,14,Awake,24.9893795136852,1499,8,0.16,4,0.8,1.3,1.25,0.4161134254373534,0.520221000000447,13,0.7090371995018571,0.9555817215484403,1471,1422,True,ok
bc330dd9c3e1f1b01da77bddae27b46d527be4483da6954817e855004b3ce641,theiler,T1: 0.75×,12,15,Awake,24.9893795136852,1499,8,0.16,4,0.8,1.3,0.75,0.4439314487274261,0.3201360000002751,8,0.706869629661811,0.9363942304194822,1471,1399,True,ok
bc330dd9c3e1f1b01da77bddae27b46d527be4483da6954817e855004b3ce641,theiler,T3: 1.25×,12,15,Awake,24.9893795136852,1499,8,0.16,4,0.8,1.3,1.25,0.4439314487274261,0.5602380000004814,14,0.706869629661811,0.9363942304194822,1471,1399,True,ok
bc330dd9c3e1f1b01da77bddae27b46d527be4483da6954817e855004b3ce641,theiler,T1: 0.75×,12,16,Awake,24.9893795136852,1499,8,0.16,4,0.8,1.3,0.75,0.4503446134367458,0.3201360000002751,8,0.6342557890590151,0.9741379324907775,1471,1406,True,ok
bc330dd9c3e1f1b01da77bddae27b46d527be4483da6954817e855004b3ce641,theiler,T3: 1.25×,12,16,Awake,24.9893795136852,1499,8,0.16,4,0.8,1.3,1.25,0.4503446134367458,0.5602380000004814,14,0.6425580377095934,0.9749537578630127,1471,1406,True,ok
bc330dd9c3e1f1b01da77bddae27b46d527be4483da6954817e855004b3ce641,theiler,T1: 0.75×,12,17,Awake,24.9893795136852,1499,8,0.16,4,0.8,1.3,0.75,0.45695619953261046,0.3601530000003095,9,0.785585385029575,0.9276828934810967,1471,1411,True,ok
bc330dd9c3e1f1b01da77bddae27b46d527be4483da6954817e855004b3ce641,theiler,T3: 1.25×,12,17,Awake,24.9893795136852,1499,8,0.16,4,0.8,1.3,1.25,0.45695619953261046,0.5602380000004814,14,0.785585385029575,0.9276828934810967,1471,1411,True,ok
bc330dd9c3e1f1b01da77bddae27b46d527be4483da6954817e855004b3ce641,theiler,T1: 0.75×,12,18,Drowsy,24.9893795136852,1499,8,0.16,4,0.8,1.3,0.75,0.45151085664007795,0.3201360000002751,8,0.5987912095781042,0.8745263024608886,1471,1382,False,low_fit_r2
bc330dd9c3e1f1b01da77bddae27b46d527be4483da6954817e855004b3ce641,theiler,T3: 1.25×,12,18,Drowsy,24.9893795136852,1499,8,0.16,4,0.8,1.3,1.25,0.45151085664007795,0.5602380000004814,14,0.601520170076485,0.876195601584294,1471,1382,False,low_fit_r2
bc330dd9c3e1f1b01da77bddae27b46d527be4483da6954817e855004b3ce641,theiler,T1: 0.75×,12,19,Drowsy,24.9893795136852,1499,8,0.16,4,0.8,1.3,0.75,0.44481257059515944,0.3201360000002751,8,0.8177612885615174,0.9802481914439524,1471,1399,True,ok
bc330dd9c3e1f1b01da77bddae27b46d527be4483da6954817e855004b3ce641,theiler,T3: 1.25×,12,19,Drowsy,24.9893795136852,1499,8,0.16,4,0.8,1.3,1.25,0.44481257059515944,0.5602380000004814,14,0.8252962027971085,0.9793108089102824,1471,1399,True,ok
bc330dd9c3e1f1b01da77bddae27b46d527be4483da6954817e855004b3ce641,theiler,T1: 0.75×,12,20,Drowsy,24.9893795136852,1499,8,0.16,4,0.8,1.3,0.75,0.46467293909641655,0.3601530000003095,9,0.7945344322580686,0.9252756474733262,1471,1413,True,ok
bc330dd9c3e1f1b01da77bddae27b46d527be4483da6954817e855004b3ce641,theiler,T3: 1.25×,12,20,Drowsy,24.9893795136852,1499,8,0.16,4,0.8,1.3,1.25,0.46467293909641655,0.6002550000005158,15,0.7947867667782498,0.9255241086934525,1471,1413,True,ok
bc330dd9c3e1f1b01da77bddae27b46d527be4483da6954817e855004b3ce641,theiler,T1: 0.75×,12,21,Drowsy,24.9893795136852,1499,8,0.16,4,0.8,1.3,0.75,0.48093697143746855,0.3601530000003095,9,0.8517090410997169,0.9683023144616789,1471,1400,True,ok
bc330dd9c3e1f1b01da77bddae27b46d527be4483da6954817e855004b3ce641,theiler,T3: 1.25×,12,21,Drowsy,24.9893795136852,1499,8,0.16,4,0.8,1.3,1.25,0.48093697143746855,0.6002550000005158,15,0.8554216129811537,0.9662238793548286,1471,1400,True,ok
bc330dd9c3e1f1b01da77bddae27b46d527be4483da6954817e855004b3ce641,theiler,T1: 0.75×,12,22,Drowsy,24.9893795136852,1499,8,0.16,4,0.8,1.3,0.75,0.4533596431621491,0.3201360000002751,8,0.7802594519923394,0.9882693843853578,1471,1422,True,ok
bc330dd9c3e1f1b01da77bddae27b46d527be4483da6954817e855004b3ce641,theiler,T3: 1.25×,12,22,Drowsy,24.9893795136852,1499,8,0.16,4,0.8,1.3,1.25,0.4533596431621491,0.5602380000004814,14,0.7802594519923394,0.9882693843853578,1471,1422,True,ok
bc330dd9c3e1f1b01da77bddae27b46d527be4483da6954817e855004b3ce641,theiler,T1: 0.75×,12,23,Drowsy,24.9893795136852,1499,8,0.16,4,0.8,1.3,0.75,0.4560629604324623,0.3601530000003095,9,0.7355446320733253,0.946898315898429,1471,1413,True,ok
bc330dd9c3e1f1b01da77bddae27b46d527be4483da6954817e855004b3ce641,theiler,T3: 1.25×,12,23,Drowsy,24.9893795136852,1499,8,0.16,4,0.8,1.3,1.25,0.4560629604324623,0.5602380000004814,14,0.7355446320733253,0.946898315898429,1471,1413,True,ok
bc330dd9c3e1f1b01da77bddae27b46d527be4483da6954817e855004b3ce641,theiler,T1: 0.75×,12,24,Drowsy,24.9893795136852,1499,8,0.16,4,0.8,1.3,0.75,0.46214370306319735,0.3601530000003095,9,0.8628155768655709,0.9760241065873473,1471,1433,True,ok
bc330dd9c3e1f1b01da77bddae27b46d527be4483da6954817e855004b3ce641,theiler,T3: 1.25×,12,24,Drowsy,24.9893795136852,1499,8,0.16,4,0.8,1.3,1.25,0.46214370306319735,0.5602380000004814,14,0.8628155768655709,0.9760241065873473,1471,1433,True,ok
bc330dd9c3e1f1b01da77bddae27b46d527be4483da6954817e855004b3ce641,theiler,T1: 0.75×,12,25,Drowsy,24.9893795136852,1499,8,0.16,4,0.8,1.3,0.75,0.44458850532849065,0.3201360000002751,8,0.8114723913173945,0.9893201912699775,1471,1427,True,ok
bc330dd9c3e1f1b01da77bddae27b46d527be4483da6954817e855004b3ce641,theiler,T3: 1.25×,12,25,Drowsy,24.9893795136852,1499,8,0.16,4,0.8,1.3,1.25,0.44458850532849065,0.5602380000004814,14,0.8114723913173945,0.9893201912699775,1471,1427,True,ok
bc330dd9c3e1f1b01da77bddae27b46d527be4483da6954817e855004b3ce641,theiler,T1: 0.75×,12,26,Drowsy,24.9893795136852,1499,8,0.16,4,0.8,1.3,0.75,0.4149462950816021,0.3201360000002751,8,0.7947016711869541,0.9552349386673561,1471,1424,True,ok
bc330dd9c3e1f1b01da77bddae27b46d527be4483da6954817e855004b3ce641,theiler,T3: 1.25×,12,26,Drowsy,24.9893795136852,1499,8,0.16,4,0.8,1.3,1.25,0.4149462950816021,0.520221000000447,13,0.7947016711869541,0.9552349386673561,1471,1424,True,ok
bc330dd9c3e1f1b01da77bddae27b46d527be4483da6954817e855004b3ce641,theiler,T1: 0.75×,12,27,Drowsy,24.9893795136852,1499,8,0.16,4,0.8,1.3,0.75,0.4300157989862965,0.3201360000002751,8,0.6805761309434236,0.907288269277236,1471,1417,True,ok
bc330dd9c3e1f1b01da77bddae27b46d527be4483da6954817e855004b3ce641,theiler,T3: 1.25×,12,27,Drowsy,24.9893795136852,1499,8,0.16,4,0.8,1.3,1.25,0.4300157989862965,0.520221000000447,13,0.6805761309434236,0.907288269277236,1471,1417,True,ok
bc330dd9c3e1f1b01da77bddae27b46d527be4483da6954817e855004b3ce641,theiler,T1: 0.75×,12,28,Awake,24.9893795136852,1499,8,0.16,4,0.8,1.3,0.75,0.43077722363690873,0.3201360000002751,8,0.7016598741133768,0.93159586426868,1471,1427,True,ok
bc330dd9c3e1f1b01da77bddae27b46d527be4483da6954817e855004b3ce641,theiler,T3: 1.25×,12,28,Awake,24.9893795136852,1499,8,0.16,4,0.8,1.3,1.25,0.43077722363690873,0.520221000000447,13,0.7016598741133768,0.93159586426868,1471,1427,True,ok
bc330dd9c3e1f1b01da77bddae27b46d527be4483da6954817e855004b3ce641,theiler,T1: 0.75×,12,29,Awake,24.9893795136852,1499,8,0.16,4,0.8,1.3,0.75,0.45716332122094877,0.3601530000003095,9,0.8622423871319793,0.9849417239362818,1471,1410,True,ok
bc330dd9c3e1f1b01da77bddae27b46d527be4483da6954817e855004b3ce641,theiler,T3: 1.25×,12,29,Awake,24.9893795136852,1499,8,0.16,4,0.8,1.3,1.25,0.45716332122094877,0.5602380000004814,14,0.862414146420698,0.9848730197906707,1471,1410,True,ok
bc330dd9c3e1f1b01da77bddae27b46d527be4483da6954817e855004b3ce641,theiler,T1: 0.75×,12,30,Awake,24.9893795136852,1499,8,0.16,4,0.8,1.3,0.75,0.4114172985951308,0.3201360000002751,8,0.7208779934655547,0.9165736763055508,1471,1415,True,ok
bc330dd9c3e1f1b01da77bddae27b46d527be4483da6954817e855004b3ce641,theiler,T3: 1.25×,12,30,Awake,24.9893795136852,1499,8,0.16,4,0.8,1.3,1.25,0.4114172985951308,0.520221000000447,13,0.7208779934655547,0.9165736763055508,1471,1415,True,ok
bc330dd9c3e1f1b01da77bddae27b46d527be4483da6954817e855004b3ce641,theiler,T1: 0.75×,12,31,Awake,24.9893795136852,1499,8,0.16,4,0.8,1.3,0.75,0.42648137737320563,0.3201360000002751,8,0.703060576552287,0.93510448421519,1471,1397,True,ok
bc330dd9c3e1f1b01da77bddae27b46d527be4483da6954817e855004b3ce641,theiler,T3: 1.25×,12,31,Awake,24.9893795136852,1499,8,0.16,4,0.8,1.3,1.25,0.42648137737320563,0.520221000000447,13,0.703060576552287,0.93510448421519,1471,1397,True,ok
bc330dd9c3e1f1b01da77bddae27b46d527be4483da6954817e855004b3ce641,theiler,T1: 0.75×,12,32,Awake,24.9893795136852,1499,8,0.16,4,0.8,1.3,0.75,0.4592138580992341,0.3601530000003095,9,0.8053139807687669,0.986100707188355,1471,1406,True,ok
bc330dd9c3e1f1b01da77bddae27b46d527be4483da6954817e855004b3ce641,theiler,T3: 1.25×,12,32,Awake,24.9893795136852,1499,8,0.16,4,0.8,1.3,1.25,0.4592138580992341,0.5602380000004814,14,0.8053139807687669,0.986100707188355,1471,1406,True,ok
bc330dd9c3e1f1b01da77bddae27b46d527be4483da6954817e855004b3ce641,theiler,T1: 0.75×,12,33,Awake,24.9893795136852,1499,8,0.16,4,0.8,1.3,0.75,0.44409761336607445,0.3201360000002751,8,0.8730617231545283,0.9654067933575566,1471,1421,True,ok
bc330dd9c3e1f1b01da77bddae27b46d527be4483da6954817e855004b3ce641,theiler,T3: 1.25×,12,33,Awake,24.9893795136852,1499,8,0.16,4,0.8,1.3,1.25,0.44409761336607445,0.5602380000004814,14,0.8730617231545283,0.9654067933575566,1471,1421,True,ok
bc330dd9c3e1f1b01da77bddae27b46d527be4483da6954817e855004b3ce641,theiler,T1: 0.75×,12,34,Awake,24.9893795136852,1499,8,0.16,4,0.8,1.3,0.75,0.4616786391691755,0.3601530000003095,9,0.8922306466948356,0.9684608789449123,1471,1400,True,ok
bc330dd9c3e1f1b01da77bddae27b46d527be4483da6954817e855004b3ce641,theiler,T3: 1.25×,12,34,Awake,24.9893795136852,1499,8,0.16,4,0.8,1.3,1.25,0.4616786391691755,0.5602380000004814,14,0.8922306466948356,0.9684608789449123,1471,1400,True,ok
bc330dd9c3e1f1b01da77bddae27b46d527be4483da6954817e855004b3ce641,theiler,T1: 0.75×,12,35,Drowsy,24.9893795136852,1499,8,0.16,4,0.8,1.3,0.75,0.47611717510806056,0.3601530000003095,9,0.7366182584453257,0.9547406997261281,1471,1411,True,ok
bc330dd9c3e1f1b01da77bddae27b46d527be4483da6954817e855004b3ce641,theiler,T3: 1.25×,12,35,Drowsy,24.9893795136852,1499,8,0.16,4,0.8,1.3,1.25,0.47611717510806056,0.6002550000005158,15,0.7422008604381478,0.9549528996562647,1471,1411,True,ok
bc330dd9c3e1f1b01da77bddae27b46d527be4483da6954817e855004b3ce641,theiler,T1: 0.75×,12,36,Drowsy,24.9893795136852,1499,8,0.16,4,0.8,1.3,0.75,0.4251356029530083,0.3201360000002751,8,0.7060654267233221,0.9629291367142832,1471,1408,True,ok
bc330dd9c3e1f1b01da77bddae27b46d527be4483da6954817e855004b3ce641,theiler,T3: 1.25×,12,36,Drowsy,24.9893795136852,1499,8,0.16,4,0.8,1.3,1.25,0.4251356029530083,0.520221000000447,13,0.7060654267233221,0.9629291367142832,1471,1408,True,ok
bc330dd9c3e1f1b01da77bddae27b46d527be4483da6954817e855004b3ce641,theiler,T1: 0.75×,12,37,Drowsy,24.9893795136852,1499,8,0.16,4,0.8,1.3,0.75,0.4406473917555267,0.3201360000002751,8,0.7368869323879094,0.955326714008863,1471,1411,True,ok
bc330dd9c3e1f1b01da77bddae27b46d527be4483da6954817e855004b3ce641,theiler,T3: 1.25×,12,37,Drowsy,24.9893795136852,1499,8,0.16,4,0.8,1.3,1.25,0.4406473917555267,0.5602380000004814,14,0.7368869323879094,0.955326714008863,1471,1411,True,ok
bc330dd9c3e1f1b01da77bddae27b46d527be4483da6954817e855004b3ce641,theiler,T1: 0.75×,12,38,Drowsy,24.9893795136852,1499,8,0.16,4,0.8,1.3,0.75,0.4482753991985442,0.3201360000002751,8,0.7728564744125314,0.9469702824423352,1471,1434,True,ok
bc330dd9c3e1f1b01da77bddae27b46d527be4483da6954817e855004b3ce641,theiler,T3: 1.25×,12,38,Drowsy,24.9893795136852,1499,8,0.16,4,0.8,1.3,1.25,0.4482753991985442,0.5602380000004814,14,0.7728564744125314,0.9469702824423352,1471,1434,True,ok
bc330dd9c3e1f1b01da77bddae27b46d527be4483da6954817e855004b3ce641,theiler,T1: 0.75×,12,39,Drowsy,24.9893795136852,1499,8,0.16,4,0.8,1.3,0.75,0.45817441503438594,0.3601530000003095,9,0.8896822280696828,0.9755894435428443,1471,1404,True,ok
bc330dd9c3e1f1b01da77bddae27b46d527be4483da6954817e855004b3ce641,theiler,T3: 1.25×,12,39,Drowsy,24.9893795136852,1499,8,0.16,4,0.8,1.3,1.25,0.45817441503438594,0.5602380000004814,14,0.8899788676077038,0.9754737646082792,1471,1404,True,ok
bc330dd9c3e1f1b01da77bddae27b46d527be4483da6954817e855004b3ce641,theiler,T1: 0.75×,12,40,Drowsy,24.9893795136852,1499,8,0.16,4,0.8,1.3,0.75,0.4256662977229456,0.3201360000002751,8,0.7576884796660287,0.9246076544617563,1471,1398,True,ok
bc330dd9c3e1f1b01da77bddae27b46d527be4483da6954817e855004b3ce641,theiler,T3: 1.25×,12,40,Drowsy,24.9893795136852,1499,8,0.16,4,0.8,1.3,1.25,0.4256662977229456,0.520221000000447,13,0.7576884796660287,0.9246076544617563,1471,1398,True,ok
bc330dd9c3e1f1b01da77bddae27b46d527be4483da6954817e855004b3ce641,theiler,T1: 0.75×,12,41,Drowsy,24.9893795136852,1499,8,0.16,4,0.8,1.3,0.75,0.4478233349197711,0.3201360000002751,8,0.8309078204515901,0.9340971780013211,1471,1431,True,ok
bc330dd9c3e1f1b01da77bddae27b46d527be4483da6954817e855004b3ce641,theiler,T3: 1.25×,12,41,Drowsy,24.9893795136852,1499,8,0.16,4,0.8,1.3,1.25,0.4478233349197711,0.5602380000004814,14,0.8321737625239212,0.934422515994452,1471,1431,True,ok
bc330dd9c3e1f1b01da77bddae27b46d527be4483da6954817e855004b3ce641,theiler,T1: 0.75×,12,42,Drowsy,24.9893795136852,1499,8,0.16,4,0.8,1.3,0.75,0.45156149933823714,0.3201360000002751,8,0.7942475050466551,0.9468902134634857,1471,1411,True,ok
bc330dd9c3e1f1b01da77bddae27b46d527be4483da6954817e855004b3ce641,theiler,T3: 1.25×,12,42,Drowsy,24.9893795136852,1499,8,0.16,4,0.8,1.3,1.25,0.45156149933823714,0.5602380000004814,14,0.7942475050466551,0.9468902134634857,1471,1411,True,ok
bc330dd9c3e1f1b01da77bddae27b46d527be4483da6954817e855004b3ce641,theiler,T1: 0.75×,12,43,Drowsy,24.9893795136852,1499,8,0.16,4,0.8,1.3,0.75,0.46134268501294623,0.3601530000003095,9,0.7557858750906913,0.9554489858406935,1471,1432,True,ok
bc330dd9c3e1f1b01da77bddae27b46d527be4483da6954817e855004b3ce641,theiler,T3: 1.25×,12,43,Drowsy,24.9893795136852,1499,8,0.16,4,0.8,1.3,1.25,0.46134268501294623,0.5602380000004814,14,0.7557858750906913,0.9554489858406935,1471,1432,True,ok
bc330dd9c3e1f1b01da77bddae27b46d527be4483da6954817e855004b3ce641,theiler,T1: 0.75×,12,44,Drowsy,24.9893795136852,1499,8,0.16,4,0.8,1.3,0.75,0.4259843297711189,0.3201360000002751,8,0.7006705486145773,0.9383642926298309,1471,1428,True,ok
bc330dd9c3e1f1b01da77bddae27b46d527be4483da6954817e855004b3ce641,theiler,T3: 1.25×,12,44,Drowsy,24.9893795136852,1499,8,0.16,4,0.8,1.3,1.25,0.4259843297711189,0.520221000000447,13,0.7006705486145773,0.9383642926298309,1471,1428,True,ok
bc330dd9c3e1f1b01da77bddae27b46d527be4483da6954817e855004b3ce641,theiler,T1: 0.75×,12,45,Drowsy,24.9893795136852,1499,8,0.16,4,0.8,1.3,0.75,0.45910729565106645,0.3601530000003095,9,0.8358902840413692,0.975815333576661,1471,1411,True,ok
bc330dd9c3e1f1b01da77bddae27b46d527be4483da6954817e855004b3ce641,theiler,T3: 1.25×,12,45,Drowsy,24.9893795136852,1499,8,0.16,4,0.8,1.3,1.25,0.45910729565106645,0.5602380000004814,14,0.8358902840413692,0.975815333576661,1471,1411,True,ok
bc330dd9c3e1f1b01da77bddae27b46d527be4483da6954817e855004b3ce641,theiler,T1: 0.75×,12,46,Drowsy,24.9893795136852,1499,8,0.16,4,0.8,1.3,0.75,0.45395974461444355,0.3601530000003095,9,0.8270697087048305,0.9514555041983431,1471,1424,True,ok
bc330dd9c3e1f1b01da77bddae27b46d527be4483da6954817e855004b3ce641,theiler,T3: 1.25×,12,46,Drowsy,24.9893795136852,1499,8,0.16,4,0.8,1.3,1.25,0.45395974461444355,0.5602380000004814,14,0.8270697087048305,0.9514555041983431,1471,1424,True,ok
bc330dd9c3e1f1b01da77bddae27b46d527be4483da6954817e855004b3ce641,theiler,T1: 0.75×,12,47,Drowsy,24.9893795136852,1499,8,0.16,4,0.8,1.3,0.75,0.45911731113694093,0.3601530000003095,9,0.8852471770941952,0.9862270460530711,1471,1398,True,ok
bc330dd9c3e1f1b01da77bddae27b46d527be4483da6954817e855004b3ce641,theiler,T3: 1.25×,12,47,Drowsy,24.9893795136852,1499,8,0.16,4,0.8,1.3,1.25,0.45911731113694093,0.5602380000004814,14,0.8852471770941952,0.9862270460530711,1471,1398,True,ok
bc330dd9c3e1f1b01da77bddae27b46d527be4483da6954817e855004b3ce641,theiler,T1: 0.75×,12,48,Drowsy,24.9893795136852,1499,8,0.16,4,0.8,1.3,0.75,0.4527586359618283,0.3201360000002751,8,0.7753773232843278,0.9290265983814746,1471,1412,True,ok
bc330dd9c3e1f1b01da77bddae27b46d527be4483da6954817e855004b3ce641,theiler,T3: 1.25×,12,48,Drowsy,24.9893795136852,1499,8,0.16,4,0.8,1.3,1.25,0.4527586359618283,0.5602380000004814,14,0.7753773232843278,0.9290265983814746,1471,1412,True,ok
bc330dd9c3e1f1b01da77bddae27b46d527be4483da6954817e855004b3ce641,theiler,T1: 0.75×,12,49,Drowsy,24.9893795136852,1499,8,0.16,4,0.8,1.3,0.75,0.435520103739184,0.3201360000002751,8,0.8588747870176797,0.9694273460686231,1471,1420,True,ok
bc330dd9c3e1f1b01da77bddae27b46d527be4483da6954817e855004b3ce641,theiler,T3: 1.25×,12,49,Drowsy,24.9893795136852,1499,8,0.16,4,0.8,1.3,1.25,0.435520103739184,0.5602380000004814,14,0.8588747870176797,0.9694273460686231,1471,1420,True,ok
bc330dd9c3e1f1b01da77bddae27b46d527be4483da6954817e855004b3ce641,theiler,T1: 0.75×,12,50,Drowsy,24.9893795136852,1499,8,0.16,4,0.8,1.3,0.75,0.44578593524274707,0.3201360000002751,8,0.7536498417148243,0.9070855542515301,1471,1409,True,ok
bc330dd9c3e1f1b01da77bddae27b46d527be4483da6954817e855004b3ce641,theiler,T3: 1.25×,12,50,Drowsy,24.9893795136852,1499,8,0.16,4,0.8,1.3,1.25,0.44578593524274707,0.5602380000004814,14,0.7536498417148243,0.9070855542515301,1471,1409,True,ok
bc330dd9c3e1f1b01da77bddae27b46d527be4483da6954817e855004b3ce641,theiler,T1: 0.75×,12,51,Drowsy,24.9893795136852,1499,8,0.16,4,0.8,1.3,0.75,0.4234480090828607,0.3201360000002751,8,0.7236559457184459,0.9413199539516212,1471,1422,True,ok
bc330dd9c3e1f1b01da77bddae27b46d527be4483da6954817e855004b3ce641,theiler,T3: 1.25×,12,51,Drowsy,24.9893795136852,1499,8,0.16,4,0.8,1.3,1.25,0.4234480090828607,0.520221000000447,13,0.7236559457184459,0.9413199539516212,1471,1422,True,ok
bc330dd9c3e1f1b01da77bddae27b46d527be4483da6954817e855004b3ce641,theiler,T1: 0.75×,12,52,Drowsy,24.9893795136852,1499,8,0.16,4,0.8,1.3,0.75,0.44958325558521184,0.3201360000002751,8,0.6862554570331608,0.9765642446437064,1471,1411,True,ok
bc330dd9c3e1f1b01da77bddae27b46d527be4483da6954817e855004b3ce641,theiler,T3: 1.25×,12,52,Drowsy,24.9893795136852,1499,8,0.16,4,0.8,1.3,1.25,0.44958325558521184,0.5602380000004814,14,0.6862554570331608,0.9765642446437064,1471,1411,True,ok
bc330dd9c3e1f1b01da77bddae27b46d527be4483da6954817e855004b3ce641,theiler,T1: 0.75×,12,53,Drowsy,24.9893795136852,1499,8,0.16,4,0.8,1.3,0.75,0.40763574161450766,0.3201360000002751,8,0.695251254040596,0.9474974788139601,1471,1432,True,ok
bc330dd9c3e1f1b01da77bddae27b46d527be4483da6954817e855004b3ce641,theiler,T3: 1.25×,12,53,Drowsy,24.9893795136852,1499,8,0.16,4,0.8,1.3,1.25,0.40763574161450766,0.520221000000447,13,0.695251254040596,0.9474974788139601,1471,1432,True,ok
bc330dd9c3e1f1b01da77bddae27b46d527be4483da6954817e855004b3ce641,theiler,T1: 0.75×,12,54,Drowsy,24.9893795136852,1499,8,0.16,4,0.8,1.3,0.75,0.42329170900599,0.3201360000002751,8,0.6671974924665295,0.9365822774640659,1471,1407,True,ok
bc330dd9c3e1f1b01da77bddae27b46d527be4483da6954817e855004b3ce641,theiler,T3: 1.25×,12,54,Drowsy,24.9893795136852,1499,8,0.16,4,0.8,1.3,1.25,0.42329170900599,0.520221000000447,13,0.6671974924665295,0.9365822774640659,1471,1407,True,ok
bc330dd9c3e1f1b01da77bddae27b46d527be4483da6954817e855004b3ce641,theiler,T1: 0.75×,12,55,Drowsy,24.9893795136852,1499,8,0.16,4,0.8,1.3,0.75,0.4515470271202365,0.3201360000002751,8,0.7178409232544756,0.9269367774697197,1471,1419,True,ok
bc330dd9c3e1f1b01da77bddae27b46d527be4483da6954817e855004b3ce641,theiler,T3: 1.25×,12,55,Drowsy,24.9893795136852,1499,8,0.16,4,0.8,1.3,1.25,0.4515470271202365,0.5602380000004814,14,0.7178409232544756,0.9269367774697197,1471,1419,True,ok
bc330dd9c3e1f1b01da77bddae27b46d527be4483da6954817e855004b3ce641,theiler,T1: 0.75×,12,56,Drowsy,24.9893795136852,1499,8,0.16,4,0.8,1.3,0.75,0.4658034915300379,0.3601530000003095,9,0.7447252677122208,0.962842279961995,1471,1411,True,ok
bc330dd9c3e1f1b01da77bddae27b46d527be4483da6954817e855004b3ce641,theiler,T3: 1.25×,12,56,Drowsy,24.9893795136852,1499,8,0.16,4,0.8,1.3,1.25,0.4658034915300379,0.6002550000005158,15,0.7447252677122208,0.962842279961995,1471,1411,True,ok
bc330dd9c3e1f1b01da77bddae27b46d527be4483da6954817e855004b3ce641,theiler,T1: 0.75×,13,1,Awake,25.000378130691093,1500,8,0.16,4,0.8,1.3,0.75,0.59819369766977,0.43999334500049514,11,0.7425877282084448,0.9784028726330154,1472,1397,True,ok
bc330dd9c3e1f1b01da77bddae27b46d527be4483da6954817e855004b3ce641,theiler,T3: 1.25×,13,1,Awake,25.000378130691093,1500,8,0.16,4,0.8,1.3,1.25,0.59819369766977,0.7599885050008552,19,0.7474113975348977,0.9863587709132532,1472,1397,True,ok
bc330dd9c3e1f1b01da77bddae27b46d527be4483da6954817e855004b3ce641,theiler,T1: 0.75×,13,2,Awake,25.000378130691093,1500,8,0.16,4,0.8,1.3,0.75,0.6150536040876103,0.47999274000054015,12,0.7767848344698872,0.9811286054668124,1472,1379,True,ok
bc330dd9c3e1f1b01da77bddae27b46d527be4483da6954817e855004b3ce641,theiler,T3: 1.25×,13,2,Awake,25.000378130691093,1500,8,0.16,4,0.8,1.3,1.25,0.6150536040876103,0.7599885050008552,19,0.7907561287091591,0.9746587858757115,1472,1375,True,ok
bc330dd9c3e1f1b01da77bddae27b46d527be4483da6954817e855004b3ce641,theiler,T1: 0.75×,13,3,Awake,25.000378130691093,1500,8,0.16,4,0.8,1.3,0.75,0.6436249973123648,0.47999274000054015,12,0.7898160304840502,0.9668598551454473,1472,1425,True,ok
bc330dd9c3e1f1b01da77bddae27b46d527be4483da6954817e855004b3ce641,theiler,T3: 1.25×,13,3,Awake,25.000378130691093,1500,8,0.16,4,0.8,1.3,1.25,0.6436249973123648,0.7999879000009003,20,0.7917879290748897,0.9654861873725619,1472,1425,True,ok
bc330dd9c3e1f1b01da77bddae27b46d527be4483da6954817e855004b3ce641,theiler,T1: 0.75×,13,4,Awake,25.000378130691093,1500,8,0.16,4,0.8,1.3,0.75,0.5946242654651988,0.43999334500049514,11,0.8433119894123979,0.9383073316991822,1472,1413,True,ok
bc330dd9c3e1f1b01da77bddae27b46d527be4483da6954817e855004b3ce641,theiler,T3: 1.25×,13,4,Awake,25.000378130691093,1500,8,0.16,4,0.8,1.3,1.25,0.5946242654651988,0.7599885050008552,19,0.8560861580804603,0.9502991218124605,1472,1412,True,ok
bc330dd9c3e1f1b01da77bddae27b46d527be4483da6954817e855004b3ce641,theiler,T1: 0.75×,13,5,Awake,25.000378130691093,1500,8,0.16,4,0.8,1.3,0.75,0.5690456636887313,0.43999334500049514,11,0.7910090075776367,0.97064142996728,1472,1432,True,ok
bc330dd9c3e1f1b01da77bddae27b46d527be4483da6954817e855004b3ce641,theiler,T3: 1.25×,13,5,Awake,25.000378130691093,1500,8,0.16,4,0.8,1.3,1.25,0.5690456636887313,0.7199891100008102,18,0.7805263239934205,0.9503693733940306,1472,1431,True,ok
bc330dd9c3e1f1b01da77bddae27b46d527be4483da6954817e855004b3ce641,theiler,T1: 0.75×,13,6,Awake,25.000378130691093,1500,8,0.16,4,0.8,1.3,0.75,0.5928339260787977,0.43999334500049514,11,0.7129984909929239,0.9917304246189308,1472,1414,True,ok
bc330dd9c3e1f1b01da77bddae27b46d527be4483da6954817e855004b3ce641,theiler,T3: 1.25×,13,6,Awake,25.000378130691093,1500,8,0.16,4,0.8,1.3,1.25,0.5928339260787977,0.7599885050008552,19,0.7348333022360068,0.986300506414238,1472,1409,True,ok
bc330dd9c3e1f1b01da77bddae27b46d527be4483da6954817e855004b3ce641,theiler,T1: 0.75×,13,7,Drowsy,25.000378130691093,1500,8,0.16,4,0.8,1.3,0.75,0.5230632846146296,0.3999939500004501,10,0.847238245792004,0.9681701460268657,1472,1408,True,ok
bc330dd9c3e1f1b01da77bddae27b46d527be4483da6954817e855004b3ce641,theiler,T3: 1.25×,13,7,Drowsy,25.000378130691093,1500,8,0.16,4,0.8,1.3,1.25,0.5230632846146296,0.6399903200007202,16,0.8428279025570404,0.9686930765032076,1472,1408,True,ok
bc330dd9c3e1f1b01da77bddae27b46d527be4483da6954817e855004b3ce641,theiler,T1: 0.75×,13,8,Drowsy,25.000378130691093,1500,8,0.16,4,0.8,1.3,0.75,0.5400214843632081,0.3999939500004501,10,0.8985986312762504,0.9968287419242932,1472,1390,True,ok
bc330dd9c3e1f1b01da77bddae27b46d527be4483da6954817e855004b3ce641,theiler,T3: 1.25×,13,8,Drowsy,25.000378130691093,1500,8,0.16,4,0.8,1.3,1.25,0.5400214843632081,0.6799897150007652,17,0.8935519013326739,0.997023191597547,1472,1390,True,ok
bc330dd9c3e1f1b01da77bddae27b46d527be4483da6954817e855004b3ce641,theiler,T1: 0.75×,13,9,Drowsy,25.000378130691093,1500,8,0.16,4,0.8,1.3,0.75,0.5277387428361067,0.3999939500004501,10,0.7190939648612091,0.9683776667267668,1472,1407,True,ok
bc330dd9c3e1f1b01da77bddae27b46d527be4483da6954817e855004b3ce641,theiler,T3: 1.25×,13,9,Drowsy,25.000378130691093,1500,8,0.16,4,0.8,1.3,1.25,0.5277387428361067,0.6399903200007202,16,0.7284471152255043,0.9624921492646595,1472,1407,True,ok
bc330dd9c3e1f1b01da77bddae27b46d527be4483da6954817e855004b3ce641,theiler,T1: 0.75×,13,10,Drowsy,25.000378130691093,1500,8,0.16,4,0.8,1.3,0.75,0.5319571026046918,0.3999939500004501,10,0.7903371207029642,0.98896910679186,1472,1429,True,ok
bc330dd9c3e1f1b01da77bddae27b46d527be4483da6954817e855004b3ce641,theiler,T3: 1.25×,13,10,Drowsy,25.000378130691093,1500,8,0.16,4,0.8,1.3,1.25,0.5319571026046918,0.6799897150007652,17,0.7975502529452727,0.9879423511993256,1472,1428,True,ok
bc330dd9c3e1f1b01da77bddae27b46d527be4483da6954817e855004b3ce641,theiler,T1: 0.75×,13,11,Drowsy,25.000378130691093,1500,8,0.16,4,0.8,1.3,0.75,0.5406068958600774,0.3999939500004501,10,0.8013719011798515,0.9896118169496176,1472,1412,True,ok
bc330dd9c3e1f1b01da77bddae27b46d527be4483da6954817e855004b3ce641,theiler,T3: 1.25×,13,11,Drowsy,25.000378130691093,1500,8,0.16,4,0.8,1.3,1.25,0.5406068958600774,0.6799897150007652,17,0.7806600656302112,0.9875665525825568,1472,1412,True,ok
bc330dd9c3e1f1b01da77bddae27b46d527be4483da6954817e855004b3ce641,theiler,T1: 0.75×,13,12,Drowsy,25.000378130691093,1500,8,0.16,4,0.8,1.3,0.75,0.540289031761575,0.3999939500004501,10,0.8497068785233873,0.9893922391137165,1472,1391,True,ok
bc330dd9c3e1f1b01da77bddae27b46d527be4483da6954817e855004b3ce641,theiler,T3: 1.25×,13,12,Drowsy,25.000378130691093,1500,8,0.16,4,0.8,1.3,1.25,0.540289031761575,0.6799897150007652,17,0.8497319094646842,0.9923121100876258,1472,1388,True,ok
bc330dd9c3e1f1b01da77bddae27b46d527be4483da6954817e855004b3ce641,theiler,T1: 0.75×,13,13,Drowsy,25.000378130691093,1500,8,0.16,4,0.8,1.3,0.75,0.5424342776303024,0.3999939500004501,10,0.7518249467879302,0.9865563861054025,1472,1424,True,ok
bc330dd9c3e1f1b01da77bddae27b46d527be4483da6954817e855004b3ce641,theiler,T3: 1.25×,13,13,Drowsy,25.000378130691093,1500,8,0.16,4,0.8,1.3,1.25,0.5424342776303024,0.6799897150007652,17,0.7499426349386815,0.9863032918073303,1472,1424,True,ok
bc330dd9c3e1f1b01da77bddae27b46d527be4483da6954817e855004b3ce641,theiler,T1: 0.75×,13,14,Drowsy,25.000378130691093,1500,8,0.16,4,0.8,1.3,0.75,0.5085208752141623,0.3999939500004501,10,0.7364807766926342,0.9861230286798577,1472,1409,True,ok
bc330dd9c3e1f1b01da77bddae27b46d527be4483da6954817e855004b3ce641,theiler,T3: 1.25×,13,14,Drowsy,25.000378130691093,1500,8,0.16,4,0.8,1.3,1.25,0.5085208752141623,0.6399903200007202,16,0.7362211819503195,0.9783598997106708,1472,1408,True,ok
bc330dd9c3e1f1b01da77bddae27b46d527be4483da6954817e855004b3ce641,theiler,T1: 0.75×,13,15,Drowsy,25.000378130691093,1500,8,0.16,4,0.8,1.3,0.75,0.5371502637432315,0.3999939500004501,10,0.7656521473144953,0.9851038045038958,1472,1417,True,ok
bc330dd9c3e1f1b01da77bddae27b46d527be4483da6954817e855004b3ce641,theiler,T3: 1.25×,13,15,Drowsy,25.000378130691093,1500,8,0.16,4,0.8,1.3,1.25,0.5371502637432315,0.6799897150007652,17,0.7646188429888949,0.9826116045176952,1472,1417,True,ok
bc330dd9c3e1f1b01da77bddae27b46d527be4483da6954817e855004b3ce641,theiler,T1: 0.75×,13,16,Drowsy,25.000378130691093,1500,8,0.16,4,0.8,1.3,0.75,0.5469935752579377,0.3999939500004501,10,0.7940652369362599,0.9802453038652408,1472,1421,True,ok
bc330dd9c3e1f1b01da77bddae27b46d527be4483da6954817e855004b3ce641,theiler,T3: 1.25×,13,16,Drowsy,25.000378130691093,1500,8,0.16,4,0.8,1.3,1.25,0.5469935752579377,0.6799897150007652,17,0.7953084178018468,0.977069733116949,1472,1420,True,ok
bc330dd9c3e1f1b01da77bddae27b46d527be4483da6954817e855004b3ce641,theiler,T1: 0.75×,13,17,Drowsy,25.000378130691093,1500,8,0.16,4,0.8,1.3,0.75,0.5574678350754876,0.3999939500004501,10,0.8656294333869131,0.9949696156355011,1472,1417,True,ok
bc330dd9c3e1f1b01da77bddae27b46d527be4483da6954817e855004b3ce641,theiler,T3: 1.25×,13,17,Drowsy,25.000378130691093,1500,8,0.16,4,0.8,1.3,1.25,0.5574678350754876,0.6799897150007652,17,0.8671440509671074,0.9953302453028634,1472,1417,True,ok
bc330dd9c3e1f1b01da77bddae27b46d527be4483da6954817e855004b3ce641,theiler,T1: 0.75×,13,18,Drowsy,25.000378130691093,1500,8,0.16,4,0.8,1.3,0.75,0.5836294471676303,0.43999334500049514,11,0.9446015651041296,0.9911831570763386,1472,1409,True,ok
bc330dd9c3e1f1b01da77bddae27b46d527be4483da6954817e855004b3ce641,theiler,T3: 1.25×,13,18,Drowsy,25.000378130691093,1500,8,0.16,4,0.8,1.3,1.25,0.5836294471676303,0.7199891100008102,18,0.9488294647702258,0.9891142642623427,1472,1409,True,ok
bc330dd9c3e1f1b01da77bddae27b46d527be4483da6954817e855004b3ce641,theiler,T1: 0.75×,13,19,Drowsy,25.000378130691093,1500,8,0.16,4,0.8,1.3,0.75,0.5350897459801763,0.3999939500004501,10,0.7281229526056674,0.9922678723252186,1472,1407,True,ok
bc330dd9c3e1f1b01da77bddae27b46d527be4483da6954817e855004b3ce641,theiler,T3: 1.25×,13,19,Drowsy,25.000378130691093,1500,8,0.16,4,0.8,1.3,1.25,0.5350897459801763,0.6799897150007652,17,0.723763358745096,0.9924323495904195,1472,1404,True,ok
bc330dd9c3e1f1b01da77bddae27b46d527be4483da6954817e855004b3ce641,theiler,T1: 0.75×,13,20,Drowsy,25.000378130691093,1500,8,0.16,4,0.8,1.3,0.75,0.4904269401694493,0.3599945550004051,9,0.7845329613630232,0.923993971042149,1472,1436,True,ok
bc330dd9c3e1f1b01da77bddae27b46d527be4483da6954817e855004b3ce641,theiler,T3: 1.25×,13,20,Drowsy,25.000378130691093,1500,8,0.16,4,0.8,1.3,1.25,0.4904269401694493,0.5999909250006752,15,0.782553122662714,0.9235740096969577,1472,1437,True,ok
bc330dd9c3e1f1b01da77bddae27b46d527be4483da6954817e855004b3ce641,theiler,T1: 0.75×,13,21,Awake,25.000378130691093,1500,8,0.16,4,0.8,1.3,0.75,0.48541454779860455,0.3599945550004051,9,0.8225397415957921,0.991419584758464,1472,1387,True,ok
bc330dd9c3e1f1b01da77bddae27b46d527be4483da6954817e855004b3ce641,theiler,T3: 1.25×,13,21,Awake,25.000378130691093,1500,8,0.16,4,0.8,1.3,1.25,0.48541454779860455,0.5999909250006752,15,0.8236422511329012,0.991745959268562,1472,1387,True,ok
bc330dd9c3e1f1b01da77bddae27b46d527be4483da6954817e855004b3ce641,theiler,T1: 0.75×,13,22,Awake,25.000378130691093,1500,8,0.16,4,0.8,1.3,0.75,0.5825236337561902,0.43999334500049514,11,0.8666180616792257,0.9924620296234857,1472,1438,True,ok
bc330dd9c3e1f1b01da77bddae27b46d527be4483da6954817e855004b3ce641,theiler,T3: 1.25×,13,22,Awake,25.000378130691093,1500,8,0.16,4,0.8,1.3,1.25,0.5825236337561902,0.7199891100008102,18,0.8684895901626581,0.9935260448143549,1472,1438,True,ok
bc330dd9c3e1f1b01da77bddae27b46d527be4483da6954817e855004b3ce641,theiler,T1: 0.75×,13,23,Awake,25.000378130691093,1500,8,0.16,4,0.8,1.3,0.75,0.6193333814604608,0.47999274000054015,12,0.7715022156219623,0.9835220321805016,1472,1425,True,ok
bc330dd9c3e1f1b01da77bddae27b46d527be4483da6954817e855004b3ce641,theiler,T3: 1.25×,13,23,Awake,25.000378130691093,1500,8,0.16,4,0.8,1.3,1.25,0.6193333814604608,0.7599885050008552,19,0.7714416292480261,0.9830579196571209,1472,1425,True,ok
bc330dd9c3e1f1b01da77bddae27b46d527be4483da6954817e855004b3ce641,theiler,T1: 0.75×,13,24,Awake,25.000378130691093,1500,8,0.16,4,0.8,1.3,0.75,0.5556512439333807,0.3999939500004501,10,0.783438033774116,0.9708659925996043,1472,1422,True,ok
bc330dd9c3e1f1b01da77bddae27b46d527be4483da6954817e855004b3ce641,theiler,T3: 1.25×,13,24,Awake,25.000378130691093,1500,8,0.16,4,0.8,1.3,1.25,0.5556512439333807,0.6799897150007652,17,0.7838748915318927,0.9725473599400389,1472,1422,True,ok
bc330dd9c3e1f1b01da77bddae27b46d527be4483da6954817e855004b3ce641,theiler,T1: 0.75×,13,25,Awake,25.000378130691093,1500,8,0.16,4,0.8,1.3,0.75,0.5749450036926245,0.43999334500049514,11,0.8862046408464194,0.9926263481410378,1472,1398,True,ok
bc330dd9c3e1f1b01da77bddae27b46d527be4483da6954817e855004b3ce641,theiler,T3: 1.25×,13,25,Awake,25.000378130691093,1500,8,0.16,4,0.8,1.3,1.25,0.5749450036926245,0.7199891100008102,18,0.9060307199988009,0.9949873275211852,1472,1398,True,ok
bc330dd9c3e1f1b01da77bddae27b46d527be4483da6954817e855004b3ce641,theiler,T1: 0.75×,13,26,Awake,25.000378130691093,1500,8,0.16,4,0.8,1.3,0.75,0.5914760948435324,0.43999334500049514,11,0.7741567378810754,0.9865349671758866,1472,1417,True,ok
bc330dd9c3e1f1b01da77bddae27b46d527be4483da6954817e855004b3ce641,theiler,T3: 1.25×,13,26,Awake,25.000378130691093,1500,8,0.16,4,0.8,1.3,1.25,0.5914760948435324,0.7199891100008102,18,0.7708328881605724,0.9886996528961424,1472,1417,True,ok
bc330dd9c3e1f1b01da77bddae27b46d527be4483da6954817e855004b3ce641,theiler,T1: 0.75×,13,27,Awake,25.000378130691093,1500,8,0.16,4,0.8,1.3,0.75,0.5790475539557071,0.43999334500049514,11,0.9408725280698079,0.9876459611586796,1472,1408,True,ok
bc330dd9c3e1f1b01da77bddae27b46d527be4483da6954817e855004b3ce641,theiler,T3: 1.25×,13,27,Awake,25.000378130691093,1500,8,0.16,4,0.8,1.3,1.25,0.5790475539557071,0.7199891100008102,18,0.9408725280698079,0.9876459611586796,1472,1408,True,ok
bc330dd9c3e1f1b01da77bddae27b46d527be4483da6954817e855004b3ce641,theiler,T1: 0.75×,13,28,Awake,25.000378130691093,1500,8,0.16,4,0.8,1.3,0.75,0.5294043361059331,0.3999939500004501,10,0.7990942537592983,0.9700045729580762,1472,1407,True,ok
bc330dd9c3e1f1b01da77bddae27b46d527be4483da6954817e855004b3ce641,theiler,T3: 1.25×,13,28,Awake,25.000378130691093,1500,8,0.16,4,0.8,1.3,1.25,0.5294043361059331,0.6799897150007652,17,0.7975019490981355,0.9695768503408725,1472,1407,True,ok
bc330dd9c3e1f1b01da77bddae27b46d527be4483da6954817e855004b3ce641,theiler,T1: 0.75×,13,29,Awake,25.000378130691093,1500,8,0.16,4,0.8,1.3,0.75,0.5499669779280494,0.3999939500004501,10,0.6868050124681558,0.9592569068866422,1472,1411,True,ok
bc330dd9c3e1f1b01da77bddae27b46d527be4483da6954817e855004b3ce641,theiler,T3: 1.25×,13,29,Awake,25.000378130691093,1500,8,0.16,4,0.8,1.3,1.25,0.5499669779280494,0.6799897150007652,17,0.6762066905084452,0.9644300770295796,1472,1411,True,ok
bc330dd9c3e1f1b01da77bddae27b46d527be4483da6954817e855004b3ce641,theiler,T1: 0.75×,13,30,Awake,25.000378130691093,1500,8,0.16,4,0.8,1.3,0.75,0.5747006765188175,0.43999334500049514,11,0.800388304123319,0.9864393317474897,1472,1440,True,ok
bc330dd9c3e1f1b01da77bddae27b46d527be4483da6954817e855004b3ce641,theiler,T3: 1.25×,13,30,Awake,25.000378130691093,1500,8,0.16,4,0.8,1.3,1.25,0.5747006765188175,0.7199891100008102,18,0.800388304123319,0.9864393317474897,1472,1440,True,ok
bc330dd9c3e1f1b01da77bddae27b46d527be4483da6954817e855004b3ce641,theiler,T1: 0.75×,13,31,Awake,25.000378130691093,1500,8,0.16,4,0.8,1.3,0.75,0.5484367538992563,0.3999939500004501,10,0.7427703224610696,0.9834264414100292,1472,1429,True,ok
bc330dd9c3e1f1b01da77bddae27b46d527be4483da6954817e855004b3ce641,theiler,T3: 1.25×,13,31,Awake,25.000378130691093,1500,8,0.16,4,0.8,1.3,1.25,0.5484367538992563,0.6799897150007652,17,0.7412209741055287,0.9841006560455549,1472,1429,True,ok
bc330dd9c3e1f1b01da77bddae27b46d527be4483da6954817e855004b3ce641,theiler,T1: 0.75×,13,32,Awake,25.000378130691093,1500,8,0.16,4,0.8,1.3,0.75,0.5454280212736271,0.3999939500004501,10,0.7789566862402272,0.9620294105426779,1472,1418,True,ok
bc330dd9c3e1f1b01da77bddae27b46d527be4483da6954817e855004b3ce641,theiler,T3: 1.25×,13,32,Awake,25.000378130691093,1500,8,0.16,4,0.8,1.3,1.25,0.5454280212736271,0.6799897150007652,17,0.7806294244347053,0.9598484025134032,1472,1415,True,ok
bc330dd9c3e1f1b01da77bddae27b46d527be4483da6954817e855004b3ce641,theiler,T1: 0.75×,13,33,Awake,25.000378130691093,1500,8,0.16,4,0.8,1.3,0.75,0.5407684753117266,0.3999939500004501,10,0.7405641541520178,0.9724790152605358,1472,1412,True,ok
bc330dd9c3e1f1b01da77bddae27b46d527be4483da6954817e855004b3ce641,theiler,T3: 1.25×,13,33,Awake,25.000378130691093,1500,8,0.16,4,0.8,1.3,1.25,0.5407684753117266,0.6799897150007652,17,0.7435269978512721,0.9725035007419089,1472,1412,True,ok
bc330dd9c3e1f1b01da77bddae27b46d527be4483da6954817e855004b3ce641,theiler,T1: 0.75×,13,34,Awake,25.000378130691093,1500,8,0.16,4,0.8,1.3,0.75,0.5571241327205717,0.3999939500004501,10,0.7932430835705985,0.9618997977793861,1472,1390,True,ok
bc330dd9c3e1f1b01da77bddae27b46d527be4483da6954817e855004b3ce641,theiler,T3: 1.25×,13,34,Awake,25.000378130691093,1500,8,0.16,4,0.8,1.3,1.25,0.5571241327205717,0.6799897150007652,17,0.7998846599708545,0.9554489778584552,1472,1390,True,ok
bc330dd9c3e1f1b01da77bddae27b46d527be4483da6954817e855004b3ce641,theiler,T1: 0.75×,13,35,Awake,25.000378130691093,1500,8,0.16,4,0.8,1.3,0.75,0.5960647195255685,0.43999334500049514,11,0.9501967726333788,0.9847307824618929,1472,1396,True,ok
bc330dd9c3e1f1b01da77bddae27b46d527be4483da6954817e855004b3ce641,theiler,T3: 1.25×,13,35,Awake,25.000378130691093,1500,8,0.16,4,0.8,1.3,1.25,0.5960647195255685,0.7599885050008552,19,0.9504830906878642,0.9822922346449907,1472,1393,True,ok
bc330dd9c3e1f1b01da77bddae27b46d527be4483da6954817e855004b3ce641,theiler,T1: 0.75×,13,36,Awake,25.000378130691093,1500,8,0.16,4,0.8,1.3,0.75,0.5601274647507425,0.43999334500049514,11,0.721734965355792,0.9774327251692186,1472,1403,True,ok
bc330dd9c3e1f1b01da77bddae27b46d527be4483da6954817e855004b3ce641,theiler,T3: 1.25×,13,36,Awake,25.000378130691093,1500,8,0.16,4,0.8,1.3,1.25,0.5601274647507425,0.7199891100008102,18,0.732723859787813,0.9788192877545934,1472,1403,True,ok
bc330dd9c3e1f1b01da77bddae27b46d527be4483da6954817e855004b3ce641,theiler,T1: 0.75×,13,37,Awake,25.000378130691093,1500,8,0.16,4,0.8,1.3,0.75,0.5870115287545947,0.43999334500049514,11,0.9320186718381738,0.9969547105997294,1472,1425,True,ok
bc330dd9c3e1f1b01da77bddae27b46d527be4483da6954817e855004b3ce641,theiler,T3: 1.25×,13,37,Awake,25.000378130691093,1500,8,0.16,4,0.8,1.3,1.25,0.5870115287545947,0.7199891100008102,18,0.9237594717846966,0.9972972504732163,1472,1425,True,ok
bc330dd9c3e1f1b01da77bddae27b46d527be4483da6954817e855004b3ce641,theiler,T1: 0.75×,13,38,Awake,25.000378130691093,1500,8,0.16,4,0.8,1.3,0.75,0.5879004048063811,0.43999334500049514,11,0.7414727434308511,0.9565392915393878,1472,1414,True,ok
bc330dd9c3e1f1b01da77bddae27b46d527be4483da6954817e855004b3ce641,theiler,T3: 1.25×,13,38,Awake,25.000378130691093,1500,8,0.16,4,0.8,1.3,1.25,0.5879004048063811,0.7199891100008102,18,0.7396546456151796,0.9566615024473496,1472,1414,True,ok
bc330dd9c3e1f1b01da77bddae27b46d527be4483da6954817e855004b3ce641,theiler,T1: 0.75×,13,39,Awake,25.000378130691093,1500,8,0.16,4,0.8,1.3,0.75,0.575929335927398,0.43999334500049514,11,0.6957370679439622,0.9453341238558551,1472,1417,True,ok
bc330dd9c3e1f1b01da77bddae27b46d527be4483da6954817e855004b3ce641,theiler,T3: 1.25×,13,39,Awake,25.000378130691093,1500,8,0.16,4,0.8,1.3,1.25,0.575929335927398,0.7199891100008102,18,0.695916242711864,0.9349102127162914,1472,1416,True,ok
bc330dd9c3e1f1b01da77bddae27b46d527be4483da6954817e855004b3ce641,theiler,T1: 0.75×,13,40,Drowsy,25.000378130691093,1500,8,0.16,4,0.8,1.3,0.75,0.5985337660202819,0.43999334500049514,11,0.9678527627479293,0.9688139654658721,1472,1418,True,ok
bc330dd9c3e1f1b01da77bddae27b46d527be4483da6954817e855004b3ce641,theiler,T3: 1.25×,13,40,Drowsy,25.000378130691093,1500,8,0.16,4,0.8,1.3,1.25,0.5985337660202819,0.7599885050008552,19,0.9600160129102662,0.9688587699199985,1472,1418,True,ok
bc330dd9c3e1f1b01da77bddae27b46d527be4483da6954817e855004b3ce641,theiler,T1: 0.75×,13,41,Drowsy,25.000378130691093,1500,8,0.16,4,0.8,1.3,0.75,0.5948576497347006,0.43999334500049514,11,0.8832389898468068,0.9850210580558411,1472,1399,True,ok
bc330dd9c3e1f1b01da77bddae27b46d527be4483da6954817e855004b3ce641,theiler,T3: 1.25×,13,41,Drowsy,25.000378130691093,1500,8,0.16,4,0.8,1.3,1.25,0.5948576497347006,0.7599885050008552,19,0.8770552533185854,0.985398355477586,1472,1399,True,ok
bc330dd9c3e1f1b01da77bddae27b46d527be4483da6954817e855004b3ce641,theiler,T1: 0.75×,13,42,Drowsy,25.000378130691093,1500,8,0.16,4,0.8,1.3,0.75,0.5441911657030435,0.3999939500004501,10,0.8731825166576032,0.9818157358564304,1472,1401,True,ok
bc330dd9c3e1f1b01da77bddae27b46d527be4483da6954817e855004b3ce641,theiler,T3: 1.25×,13,42,Drowsy,25.000378130691093,1500,8,0.16,4,0.8,1.3,1.25,0.5441911657030435,0.6799897150007652,17,0.8674176191719829,0.9806502903109374,1472,1401,True,ok
bc330dd9c3e1f1b01da77bddae27b46d527be4483da6954817e855004b3ce641,theiler,T1: 0.75×,13,43,Drowsy,25.000378130691093,1500,8,0.16,4,0.8,1.3,0.75,0.5561211186626503,0.3999939500004501,10,0.8750793206387263,0.9894484593909876,1472,1418,True,ok
bc330dd9c3e1f1b01da77bddae27b46d527be4483da6954817e855004b3ce641,theiler,T3: 1.25×,13,43,Drowsy,25.000378130691093,1500,8,0.16,4,0.8,1.3,1.25,0.5561211186626503,0.6799897150007652,17,0.876592020256785,0.9883171909885134,1472,1418,True,ok
bc330dd9c3e1f1b01da77bddae27b46d527be4483da6954817e855004b3ce641,theiler,T1: 0.75×,13,44,Drowsy,25.000378130691093,1500,8,0.16,4,0.8,1.3,0.75,0.5071338713625785,0.3999939500004501,10,0.7576068098295708,0.9609740544252805,1472,1427,True,ok
bc330dd9c3e1f1b01da77bddae27b46d527be4483da6954817e855004b3ce641,theiler,T3: 1.25×,13,44,Drowsy,25.000378130691093,1500,8,0.16,4,0.8,1.3,1.25,0.5071338713625785,0.6399903200007202,16,0.7566602723832311,0.960716648258232,1472,1427,True,ok
bc330dd9c3e1f1b01da77bddae27b46d527be4483da6954817e855004b3ce641,theiler,T1: 0.75×,13,45,Drowsy,25.000378130691093,1500,8,0.16,4,0.8,1.3,0.75,0.5817747494969319,0.43999334500049514,11,0.8817468765203405,0.9942360841191639,1472,1426,True,ok
bc330dd9c3e1f1b01da77bddae27b46d527be4483da6954817e855004b3ce641,theiler,T3: 1.25×,13,45,Drowsy,25.000378130691093,1500,8,0.16,4,0.8,1.3,1.25,0.5817747494969319,0.7199891100008102,18,0.8864059035880663,0.9943486226192519,1472,1420,True,ok
bc330dd9c3e1f1b01da77bddae27b46d527be4483da6954817e855004b3ce641,theiler,T1: 0.75×,13,46,Drowsy,25.000378130691093,1500,8,0.16,4,0.8,1.3,0.75,0.5179024239597575,0.3999939500004501,10,0.7668761259032951,0.9541466561047308,1472,1413,True,ok
bc330dd9c3e1f1b01da77bddae27b46d527be4483da6954817e855004b3ce641,theiler,T3: 1.25×,13,46,Drowsy,25.000378130691093,1500,8,0.16,4,0.8,1.3,1.25,0.5179024239597575,0.6399903200007202,16,0.7671069744976645,0.9456630579443178,1472,1408,True,ok
bc330dd9c3e1f1b01da77bddae27b46d527be4483da6954817e855004b3ce641,theiler,T1: 0.75×,13,47,Drowsy,25.000378130691093,1500,8,0.16,4,0.8,1.3,0.75,0.48560828803791783,0.3599945550004051,9,0.8029733650544364,0.9954906559275652,1472,1389,True,ok
bc330dd9c3e1f1b01da77bddae27b46d527be4483da6954817e855004b3ce641,theiler,T3: 1.25×,13,47,Drowsy,25.000378130691093,1500,8,0.16,4,0.8,1.3,1.25,0.48560828803791783,0.5999909250006752,15,0.8034131565466749,0.9948485167669687,1472,1389,True,ok
bc330dd9c3e1f1b01da77bddae27b46d527be4483da6954817e855004b3ce641,theiler,T1: 0.75×,13,48,Drowsy,25.000378130691093,1500,8,0.16,4,0.8,1.3,0.75,0.5290327086210267,0.3999939500004501,10,0.8137374786667326,0.9915447209914566,1472,1402,True,ok
bc330dd9c3e1f1b01da77bddae27b46d527be4483da6954817e855004b3ce641,theiler,T3: 1.25×,13,48,Drowsy,25.000378130691093,1500,8,0.16,4,0.8,1.3,1.25,0.5290327086210267,0.6799897150007652,17,0.8104626669760135,0.9917947316764326,1472,1405,True,ok
bc330dd9c3e1f1b01da77bddae27b46d527be4483da6954817e855004b3ce641,theiler,T1: 0.75×,14,1,Awake,24.993626625203223,1500,8,0.16,4,0.8,1.3,0.75,0.5190583970300346,0.40010200000011764,10,0.8183016253206283,0.9868279181506489,1472,1427,True,ok
bc330dd9c3e1f1b01da77bddae27b46d527be4483da6954817e855004b3ce641,theiler,T3: 1.25×,14,1,Awake,24.993626625203223,1500,8,0.16,4,0.8,1.3,1.25,0.5190583970300346,0.6401632000001882,16,0.8183016253206283,0.9868279181506489,1472,1427,True,ok
bc330dd9c3e1f1b01da77bddae27b46d527be4483da6954817e855004b3ce641,theiler,T1: 0.75×,14,2,Awake,24.993626625203223,1500,8,0.16,4,0.8,1.3,0.75,0.5030553480767869,0.3600918000001059,9,0.76141456241328,0.9865356449289061,1472,1404,True,ok
bc330dd9c3e1f1b01da77bddae27b46d527be4483da6954817e855004b3ce641,theiler,T3: 1.25×,14,2,Awake,24.993626625203223,1500,8,0.16,4,0.8,1.3,1.25,0.5030553480767869,0.6401632000001882,16,0.76141456241328,0.9865356449289061,1472,1404,True,ok
bc330dd9c3e1f1b01da77bddae27b46d527be4483da6954817e855004b3ce641,theiler,T1: 0.75×,14,3,Awake,24.993626625203223,1500,8,0.16,4,0.8,1.3,0.75,0.5033144890149802,0.3600918000001059,9,0.8763629919175381,0.9867666723690918,1472,1411,True,ok
bc330dd9c3e1f1b01da77bddae27b46d527be4483da6954817e855004b3ce641,theiler,T3: 1.25×,14,3,Awake,24.993626625203223,1500,8,0.16,4,0.8,1.3,1.25,0.5033144890149802,0.6401632000001882,16,0.8763629919175381,0.9867666723690918,1472,1411,True,ok
bc330dd9c3e1f1b01da77bddae27b46d527be4483da6954817e855004b3ce641,theiler,T1: 0.75×,14,4,Awake,24.993626625203223,1500,8,0.16,4,0.8,1.3,0.75,0.5110113838063052,0.40010200000011764,10,0.8099462860279728,0.9735337626754794,1472,1398,True,ok
bc330dd9c3e1f1b01da77bddae27b46d527be4483da6954817e855004b3ce641,theiler,T3: 1.25×,14,4,Awake,24.993626625203223,1500,8,0.16,4,0.8,1.3,1.25,0.5110113838063052,0.6401632000001882,16,0.8010019526147178,0.9757128424781818,1472,1398,True,ok
bc330dd9c3e1f1b01da77bddae27b46d527be4483da6954817e855004b3ce641,theiler,T1: 0.75×,14,5,Awake,24.993626625203223,1500,8,0.16,4,0.8,1.3,0.75,0.5318536804390764,0.40010200000011764,10,0.8203064017579859,0.9958065532779449,1472,1394,True,ok
bc330dd9c3e1f1b01da77bddae27b46d527be4483da6954817e855004b3ce641,theiler,T3: 1.25×,14,5,Awake,24.993626625203223,1500,8,0.16,4,0.8,1.3,1.25,0.5318536804390764,0.6801734000002,17,0.8194700218736288,0.9957801190758448,1472,1394,True,ok
bc330dd9c3e1f1b01da77bddae27b46d527be4483da6954817e855004b3ce641,theiler,T1: 0.75×,14,6,Awake,24.993626625203223,1500,8,0.16,4,0.8,1.3,0.75,0.5043848229950587,0.3600918000001059,9,0.7937095524949519,0.9848033457136348,1472,1431,True,ok
bc330dd9c3e1f1b01da77bddae27b46d527be4483da6954817e855004b3ce641,theiler,T3: 1.25×,14,6,Awake,24.993626625203223,1500,8,0.16,4,0.8,1.3,1.25,0.5043848229950587,0.6401632000001882,16,0.7881163436088651,0.9851198011439743,1472,1431,True,ok
bc330dd9c3e1f1b01da77bddae27b46d527be4483da6954817e855004b3ce641,theiler,T1: 0.75×,14,7,Awake,24.993626625203223,1500,8,0.16,4,0.8,1.3,0.75,0.48506147346351686,0.3600918000001059,9,0.7173485168559419,0.9595759897181646,1472,1420,True,ok
bc330dd9c3e1f1b01da77bddae27b46d527be4483da6954817e855004b3ce641,theiler,T3: 1.25×,14,7,Awake,24.993626625203223,1500,8,0.16,4,0.8,1.3,1.25,0.48506147346351686,0.6001530000001765,15,0.7173485168559419,0.9595759897181646,1472,1420,True,ok
bc330dd9c3e1f1b01da77bddae27b46d527be4483da6954817e855004b3ce641,theiler,T1: 0.75×,14,8,Awake,24.993626625203223,1500,8,0.16,4,0.8,1.3,0.75,0.4747636213807826,0.3600918000001059,9,0.8132032546821347,0.9515444591879435,1472,1405,True,ok
bc330dd9c3e1f1b01da77bddae27b46d527be4483da6954817e855004b3ce641,theiler,T3: 1.25×,14,8,Awake,24.993626625203223,1500,8,0.16,4,0.8,1.3,1.25,0.4747636213807826,0.6001530000001765,15,0.8156675707513498,0.9475512929069805,1472,1405,True,ok
bc330dd9c3e1f1b01da77bddae27b46d527be4483da6954817e855004b3ce641,theiler,T1: 0.75×,14,9,Awake,24.993626625203223,1500,8,0.16,4,0.8,1.3,0.75,0.5274987821307348,0.40010200000011764,10,0.8679293650008844,0.9822315476573504,1472,1425,True,ok
bc330dd9c3e1f1b01da77bddae27b46d527be4483da6954817e855004b3ce641,theiler,T3: 1.25×,14,9,Awake,24.993626625203223,1500,8,0.16,4,0.8,1.3,1.25,0.5274987821307348,0.6401632000001882,16,0.8816888078893597,0.979343014340969,1472,1405,True,ok
bc330dd9c3e1f1b01da77bddae27b46d527be4483da6954817e855004b3ce641,theiler,T1: 0.75×,14,10,Drowsy,24.993626625203223,1500,8,0.16,4,0.8,1.3,0.75,0.4436732540351292,0.3200816000000941,8,0.7005976412636388,0.8928293999582984,1472,1422,False,low_fit_r2
bc330dd9c3e1f1b01da77bddae27b46d527be4483da6954817e855004b3ce641,theiler,T3: 1.25×,14,10,Drowsy,24.993626625203223,1500,8,0.16,4,0.8,1.3,1.25,0.4436732540351292,0.5601428000001647,14,0.7004816600390767,0.8961178931163182,1472,1422,False,low_fit_r2
bc330dd9c3e1f1b01da77bddae27b46d527be4483da6954817e855004b3ce641,theiler,T1: 0.75×,14,11,Drowsy,24.993626625203223,1500,8,0.16,4,0.8,1.3,0.75,0.4707960838359045,0.3600918000001059,9,0.8176009381977446,0.9450989293387083,1472,1419,True,ok
bc330dd9c3e1f1b01da77bddae27b46d527be4483da6954817e855004b3ce641,theiler,T3: 1.25×,14,11,Drowsy,24.993626625203223,1500,8,0.16,4,0.8,1.3,1.25,0.4707960838359045,0.6001530000001765,15,0.8176009381977446,0.9450989293387083,1472,1419,True,ok
bc330dd9c3e1f1b01da77bddae27b46d527be4483da6954817e855004b3ce641,theiler,T1: 0.75×,14,12,Drowsy,24.993626625203223,1500,8,0.16,4,0.8,1.3,0.75,0.42873762008775745,0.3200816000000941,8,0.7337021860291999,0.9647674737202598,1472,1412,True,ok
bc330dd9c3e1f1b01da77bddae27b46d527be4483da6954817e855004b3ce641,theiler,T3: 1.25×,14,12,Drowsy,24.993626625203223,1500,8,0.16,4,0.8,1.3,1.25,0.42873762008775745,0.5201326000001529,13,0.7337021860291999,0.9647674737202598,1472,1412,True,ok
bc330dd9c3e1f1b01da77bddae27b46d527be4483da6954817e855004b3ce641,theiler,T1: 0.75×,14,13,Awake,24.993626625203223,1500,8,0.16,4,0.8,1.3,0.75,0.42573804908831914,0.3200816000000941,8,0.7052794440307995,0.8636793124995582,1472,1388,False,low_fit_r2
bc330dd9c3e1f1b01da77bddae27b46d527be4483da6954817e855004b3ce641,theiler,T3: 1.25×,14,13,Awake,24.993626625203223,1500,8,0.16,4,0.8,1.3,1.25,0.42573804908831914,0.5201326000001529,13,0.7052794440307995,0.8636793124995582,1472,1388,False,low_fit_r2
bc330dd9c3e1f1b01da77bddae27b46d527be4483da6954817e855004b3ce641,theiler,T1: 0.75×,14,14,Awake,24.993626625203223,1500,8,0.16,4,0.8,1.3,0.75,0.43058727627133964,0.3200816000000941,8,0.6850277566387835,0.8703536943757985,1472,1427,False,low_fit_r2
bc330dd9c3e1f1b01da77bddae27b46d527be4483da6954817e855004b3ce641,theiler,T3: 1.25×,14,14,Awake,24.993626625203223,1500,8,0.16,4,0.8,1.3,1.25,0.43058727627133964,0.5201326000001529,13,0.6850277566387835,0.8703536943757985,1472,1427,False,low_fit_r2
bc330dd9c3e1f1b01da77bddae27b46d527be4483da6954817e855004b3ce641,theiler,T1: 0.75×,14,15,Awake,24.993626625203223,1500,8,0.16,4,0.8,1.3,0.75,0.4559994449409884,0.3600918000001059,9,0.8499959277216522,0.9629623594079474,1472,1399,True,ok
bc330dd9c3e1f1b01da77bddae27b46d527be4483da6954817e855004b3ce641,theiler,T3: 1.25×,14,15,Awake,24.993626625203223,1500,8,0.16,4,0.8,1.3,1.25,0.4559994449409884,0.5601428000001647,14,0.8499959277216522,0.9629623594079474,1472,1399,True,ok
bc330dd9c3e1f1b01da77bddae27b46d527be4483da6954817e855004b3ce641,theiler,T1: 0.75×,14,16,Awake,24.993626625203223,1500,8,0.16,4,0.8,1.3,0.75,0.46067255087049375,0.3600918000001059,9,0.8212666101233617,0.9453109701452729,1472,1417,True,ok
bc330dd9c3e1f1b01da77bddae27b46d527be4483da6954817e855004b3ce641,theiler,T3: 1.25×,14,16,Awake,24.993626625203223,1500,8,0.16,4,0.8,1.3,1.25,0.46067255087049375,0.5601428000001647,14,0.8212666101233617,0.9453109701452729,1472,1417,True,ok
bc330dd9c3e1f1b01da77bddae27b46d527be4483da6954817e855004b3ce641,theiler,T1: 0.75×,14,17,Awake,24.993626625203223,1500,8,0.16,4,0.8,1.3,0.75,0.4429846010438137,0.3200816000000941,8,0.7668868069622119,0.9727281526012975,1472,1424,True,ok
bc330dd9c3e1f1b01da77bddae27b46d527be4483da6954817e855004b3ce641,theiler,T3: 1.25×,14,17,Awake,24.993626625203223,1500,8,0.16,4,0.8,1.3,1.25,0.4429846010438137,0.5601428000001647,14,0.7779016697983507,0.9689778689416549,1472,1424,True,ok
bc330dd9c3e1f1b01da77bddae27b46d527be4483da6954817e855004b3ce641,theiler,T1: 0.75×,14,18,Awake,24.993626625203223,1500,8,0.16,4,0.8,1.3,0.75,0.47633996294030767,0.3600918000001059,9,0.8908528798993586,0.9800271906774012,1472,1435,True,ok
bc330dd9c3e1f1b01da77bddae27b46d527be4483da6954817e855004b3ce641,theiler,T3: 1.25×,14,18,Awake,24.993626625203223,1500,8,0.16,4,0.8,1.3,1.25,0.47633996294030767,0.6001530000001765,15,0.8908528798993586,0.9800271906774012,1472,1435,True,ok
bc330dd9c3e1f1b01da77bddae27b46d527be4483da6954817e855004b3ce641,theiler,T1: 0.75×,14,19,Awake,24.993626625203223,1500,8,0.16,4,0.8,1.3,0.75,0.44613281805938726,0.3200816000000941,8,0.7618800923976807,0.9593372789059805,1472,1400,True,ok
bc330dd9c3e1f1b01da77bddae27b46d527be4483da6954817e855004b3ce641,theiler,T3: 1.25×,14,19,Awake,24.993626625203223,1500,8,0.16,4,0.8,1.3,1.25,0.44613281805938726,0.5601428000001647,14,0.7618800923976807,0.9593372789059805,1472,1400,True,ok
bc330dd9c3e1f1b01da77bddae27b46d527be4483da6954817e855004b3ce641,theiler,T1: 0.75×,14,20,Awake,24.993626625203223,1500,8,0.16,4,0.8,1.3,0.75,0.4209170730273449,0.3200816000000941,8,0.6682413282111013,0.8200339813839614,1472,1408,False,low_fit_r2
bc330dd9c3e1f1b01da77bddae27b46d527be4483da6954817e855004b3ce641,theiler,T3: 1.25×,14,20,Awake,24.993626625203223,1500,8,0.16,4,0.8,1.3,1.25,0.4209170730273449,0.5201326000001529,13,0.6631912830101057,0.8231254468803731,1472,1408,False,low_fit_r2
bc330dd9c3e1f1b01da77bddae27b46d527be4483da6954817e855004b3ce641,theiler,T1: 0.75×,14,21,Awake,24.993626625203223,1500,8,0.16,4,0.8,1.3,0.75,0.47767026187656547,0.3600918000001059,9,0.8541185585221177,0.9610528805444711,1472,1392,True,ok
bc330dd9c3e1f1b01da77bddae27b46d527be4483da6954817e855004b3ce641,theiler,T3: 1.25×,14,21,Awake,24.993626625203223,1500,8,0.16,4,0.8,1.3,1.25,0.47767026187656547,0.6001530000001765,15,0.8531765570572352,0.9576875745046559,1472,1392,True,ok
bc330dd9c3e1f1b01da77bddae27b46d527be4483da6954817e855004b3ce641,theiler,T1: 0.75×,14,22,Awake,24.993626625203223,1500,8,0.16,4,0.8,1.3,0.75,0.4636979176496766,0.3600918000001059,9,0.8143645596784176,0.9698454378134197,1472,1395,True,ok
bc330dd9c3e1f1b01da77bddae27b46d527be4483da6954817e855004b3ce641,theiler,T3: 1.25×,14,22,Awake,24.993626625203223,1500,8,0.16,4,0.8,1.3,1.25,0.4636979176496766,0.5601428000001647,14,0.8143645596784176,0.9698454378134197,1472,1395,True,ok
bc330dd9c3e1f1b01da77bddae27b46d527be4483da6954817e855004b3ce641,theiler,T1: 0.75×,14,23,Drowsy,24.993626625203223,1500,8,0.16,4,0.8,1.3,0.75,0.408537121164204,0.3200816000000941,8,0.6595755172448253,0.9581258078780805,1472,1419,True,ok
bc330dd9c3e1f1b01da77bddae27b46d527be4483da6954817e855004b3ce641,theiler,T3: 1.25×,14,23,Drowsy,24.993626625203223,1500,8,0.16,4,0.8,1.3,1.25,0.408537121164204,0.5201326000001529,13,0.6595755172448253,0.9581258078780805,1472,1419,True,ok
bc330dd9c3e1f1b01da77bddae27b46d527be4483da6954817e855004b3ce641,theiler,T1: 0.75×,14,24,Drowsy,24.993626625203223,1500,8,0.16,4,0.8,1.3,0.75,0.4027679059183564,0.3200816000000941,8,0.7556441380561106,0.9812638050547103,1472,1409,True,ok
bc330dd9c3e1f1b01da77bddae27b46d527be4483da6954817e855004b3ce641,theiler,T3: 1.25×,14,24,Drowsy,24.993626625203223,1500,8,0.16,4,0.8,1.3,1.25,0.4027679059183564,0.5201326000001529,13,0.7556441380561106,0.9812638050547103,1472,1409,True,ok
bc330dd9c3e1f1b01da77bddae27b46d527be4483da6954817e855004b3ce641,theiler,T1: 0.75×,14,25,Drowsy,24.993626625203223,1500,8,0.16,4,0.8,1.3,0.75,0.4191771306944833,0.3200816000000941,8,0.6836484650162352,0.8858677756021174,1472,1423,False,low_fit_r2
bc330dd9c3e1f1b01da77bddae27b46d527be4483da6954817e855004b3ce641,theiler,T3: 1.25×,14,25,Drowsy,24.993626625203223,1500,8,0.16,4,0.8,1.3,1.25,0.4191771306944833,0.5201326000001529,13,0.6836484650162352,0.8858677756021174,1472,1423,False,low_fit_r2
bc330dd9c3e1f1b01da77bddae27b46d527be4483da6954817e855004b3ce641,theiler,T1: 0.75×,14,26,Drowsy,24.993626625203223,1500,8,0.16,4,0.8,1.3,0.75,0.4318504416910995,0.3200816000000941,8,0.8461961895268127,0.9428116850710943,1472,1423,True,ok
bc330dd9c3e1f1b01da77bddae27b46d527be4483da6954817e855004b3ce641,theiler,T3: 1.25×,14,26,Drowsy,24.993626625203223,1500,8,0.16,4,0.8,1.3,1.25,0.4318504416910995,0.5201326000001529,13,0.8461961895268127,0.9428116850710943,1472,1423,True,ok
bc330dd9c3e1f1b01da77bddae27b46d527be4483da6954817e855004b3ce641,theiler,T1: 0.75×,14,27,Drowsy,24.993626625203223,1500,8,0.16,4,0.8,1.3,0.75,0.40853805304286767,0.3200816000000941,8,0.6728966695053529,0.9485778635985084,1472,1431,True,ok
bc330dd9c3e1f1b01da77bddae27b46d527be4483da6954817e855004b3ce641,theiler,T3: 1.25×,14,27,Drowsy,24.993626625203223,1500,8,0.16,4,0.8,1.3,1.25,0.40853805304286767,0.5201326000001529,13,0.6868324173820757,0.9629959409105001,1472,1431,True,ok
bc330dd9c3e1f1b01da77bddae27b46d527be4483da6954817e855004b3ce641,theiler,T1: 0.75×,14,28,Drowsy,24.993626625203223,1500,8,0.16,4,0.8,1.3,0.75,0.37701648816186983,0.28007140000008235,7,0.685453234489176,0.9756621712605116,1472,1421,True,ok
bc330dd9c3e1f1b01da77bddae27b46d527be4483da6954817e855004b3ce641,theiler,T3: 1.25×,14,28,Drowsy,24.993626625203223,1500,8,0.16,4,0.8,1.3,1.25,0.37701648816186983,0.48012240000014117,12,0.6836589470580264,0.9756937364061561,1472,1421,True,ok
bc330dd9c3e1f1b01da77bddae27b46d527be4483da6954817e855004b3ce641,theiler,T1: 0.75×,14,29,Awake,24.993626625203223,1500,8,0.16,4,0.8,1.3,0.75,0.3667797622888719,0.28007140000008235,7,0.649412504315567,0.9836249567949471,1472,1408,True,ok
bc330dd9c3e1f1b01da77bddae27b46d527be4483da6954817e855004b3ce641,theiler,T3: 1.25×,14,29,Awake,24.993626625203223,1500,8,0.16,4,0.8,1.3,1.25,0.3667797622888719,0.4401122000001294,11,0.649412504315567,0.9836249567949471,1472,1408,True,ok
bc330dd9c3e1f1b01da77bddae27b46d527be4483da6954817e855004b3ce641,theiler,T1: 0.75×,14,30,Awake,24.993626625203223,1500,8,0.16,4,0.8,1.3,0.75,0.4267622974674709,0.3200816000000941,8,0.7715170100366288,0.8957307787705752,1472,1422,False,low_fit_r2
bc330dd9c3e1f1b01da77bddae27b46d527be4483da6954817e855004b3ce641,theiler,T3: 1.25×,14,30,Awake,24.993626625203223,1500,8,0.16,4,0.8,1.3,1.25,0.4267622974674709,0.5201326000001529,13,0.7715170100366288,0.8957307787705752,1472,1422,False,low_fit_r2
bc330dd9c3e1f1b01da77bddae27b46d527be4483da6954817e855004b3ce641,theiler,T1: 0.75×,14,31,Awake,24.993626625203223,1500,8,0.16,4,0.8,1.3,0.75,0.4505135733469086,0.3200816000000941,8,0.7079799174922062,0.8506347874636947,1472,1434,False,low_fit_r2
bc330dd9c3e1f1b01da77bddae27b46d527be4483da6954817e855004b3ce641,theiler,T3: 1.25×,14,31,Awake,24.993626625203223,1500,8,0.16,4,0.8,1.3,1.25,0.4505135733469086,0.5601428000001647,14,0.7079799174922062,0.8506347874636947,1472,1434,False,low_fit_r2
bc330dd9c3e1f1b01da77bddae27b46d527be4483da6954817e855004b3ce641,theiler,T1: 0.75×,14,32,Awake,24.993626625203223,1500,8,0.16,4,0.8,1.3,0.75,0.444648014431053,0.3200816000000941,8,0.8325848499808449,0.9399477778551539,1472,1403,True,ok
bc330dd9c3e1f1b01da77bddae27b46d527be4483da6954817e855004b3ce641,theiler,T3: 1.25×,14,32,Awake,24.993626625203223,1500,8,0.16,4,0.8,1.3,1.25,0.444648014431053,0.5601428000001647,14,0.8325848499808449,0.9399477778551539,1472,1403,True,ok
bc330dd9c3e1f1b01da77bddae27b46d527be4483da6954817e855004b3ce641,theiler,T1: 0.75×,14,33,Awake,24.993626625203223,1500,8,0.16,4,0.8,1.3,0.75,0.47680396074213144,0.3600918000001059,9,0.7554876997734861,0.9809251250916938,1472,1419,True,ok
bc330dd9c3e1f1b01da77bddae27b46d527be4483da6954817e855004b3ce641,theiler,T3: 1.25×,14,33,Awake,24.993626625203223,1500,8,0.16,4,0.8,1.3,1.25,0.47680396074213144,0.6001530000001765,15,0.7554876997734861,0.9809251250916938,1472,1419,True,ok
bc330dd9c3e1f1b01da77bddae27b46d527be4483da6954817e855004b3ce641,theiler,T1: 0.75×,14,34,Awake,24.993626625203223,1500,8,0.16,4,0.8,1.3,0.75,0.4650712054463874,0.3600918000001059,9,0.6942731411210443,0.9667485895011072,1472,1398,True,ok
bc330dd9c3e1f1b01da77bddae27b46d527be4483da6954817e855004b3ce641,theiler,T3: 1.25×,14,34,Awake,24.993626625203223,1500,8,0.16,4,0.8,1.3,1.25,0.4650712054463874,0.6001530000001765,15,0.6989798469688556,0.9655676778474939,1472,1398,True,ok
bc330dd9c3e1f1b01da77bddae27b46d527be4483da6954817e855004b3ce641,theiler,T1: 0.75×,14,36,Awake,24.993626625203223,1500,8,0.16,4,0.8,1.3,0.75,0.453750381686049,0.3600918000001059,9,0.7574088623606013,0.9586014996484529,1472,1397,True,ok
bc330dd9c3e1f1b01da77bddae27b46d527be4483da6954817e855004b3ce641,theiler,T3: 1.25×,14,36,Awake,24.993626625203223,1500,8,0.16,4,0.8,1.3,1.25,0.453750381686049,0.5601428000001647,14,0.7574088623606013,0.9586014996484529,1472,1397,True,ok
bc330dd9c3e1f1b01da77bddae27b46d527be4483da6954817e855004b3ce641,theiler,T1: 0.75×,14,37,Awake,24.993626625203223,1500,8,0.16,4,0.8,1.3,0.75,0.44584293811189013,0.3200816000000941,8,0.8173557078696609,0.9608744800771253,1472,1408,True,ok
bc330dd9c3e1f1b01da77bddae27b46d527be4483da6954817e855004b3ce641,theiler,T3: 1.25×,14,37,Awake,24.993626625203223,1500,8,0.16,4,0.8,1.3,1.25,0.44584293811189013,0.5601428000001647,14,0.8173557078696609,0.9608744800771253,1472,1408,True,ok
bc330dd9c3e1f1b01da77bddae27b46d527be4483da6954817e855004b3ce641,theiler,T1: 0.75×,14,38,Awake,24.993626625203223,1500,8,0.16,4,0.8,1.3,0.75,0.49226151495600035,0.3600918000001059,9,0.7585436924955693,0.9666983894989648,1472,1421,True,ok
bc330dd9c3e1f1b01da77bddae27b46d527be4483da6954817e855004b3ce641,theiler,T3: 1.25×,14,38,Awake,24.993626625203223,1500,8,0.16,4,0.8,1.3,1.25,0.49226151495600035,0.6001530000001765,15,0.7578755825145046,0.9673073414216435,1472,1421,True,ok
bc330dd9c3e1f1b01da77bddae27b46d527be4483da6954817e855004b3ce641,theiler,T1: 0.75×,14,39,Awake,24.993626625203223,1500,8,0.16,4,0.8,1.3,0.75,0.4771559562558132,0.3600918000001059,9,0.7858345799542501,0.9621073990166582,1472,1404,True,ok
bc330dd9c3e1f1b01da77bddae27b46d527be4483da6954817e855004b3ce641,theiler,T3: 1.25×,14,39,Awake,24.993626625203223,1500,8,0.16,4,0.8,1.3,1.25,0.4771559562558132,0.6001530000001765,15,0.7816539991207763,0.9636908625707428,1472,1401,True,ok
bc330dd9c3e1f1b01da77bddae27b46d527be4483da6954817e855004b3ce641,theiler,T1: 0.75×,14,40,Awake,24.993626625203223,1500,8,0.16,4,0.8,1.3,0.75,0.5034800456160187,0.3600918000001059,9,0.675826643333424,0.9862085034074569,1472,1410,True,ok
bc330dd9c3e1f1b01da77bddae27b46d527be4483da6954817e855004b3ce641,theiler,T3: 1.25×,14,40,Awake,24.993626625203223,1500,8,0.16,4,0.8,1.3,1.25,0.5034800456160187,0.6401632000001882,16,0.675304644179102,0.9861276102776043,1472,1410,True,ok
bc330dd9c3e1f1b01da77bddae27b46d527be4483da6954817e855004b3ce641,theiler,T1: 0.75×,14,42,Awake,24.993626625203223,1500,8,0.16,4,0.8,1.3,0.75,0.4868319323757206,0.3600918000001059,9,0.7620319586097978,0.9637478935839859,1472,1395,True,ok
bc330dd9c3e1f1b01da77bddae27b46d527be4483da6954817e855004b3ce641,theiler,T3: 1.25×,14,42,Awake,24.993626625203223,1500,8,0.16,4,0.8,1.3,1.25,0.4868319323757206,0.6001530000001765,15,0.7631718221826335,0.9597909769406695,1472,1395,True,ok
bc330dd9c3e1f1b01da77bddae27b46d527be4483da6954817e855004b3ce641,theiler,T1: 0.75×,14,43,Drowsy,24.993626625203223,1500,8,0.16,4,0.8,1.3,0.75,0.42127711711961047,0.3200816000000941,8,0.7063488289480265,0.9576329860445628,1472,1427,True,ok
bc330dd9c3e1f1b01da77bddae27b46d527be4483da6954817e855004b3ce641,theiler,T3: 1.25×,14,43,Drowsy,24.993626625203223,1500,8,0.16,4,0.8,1.3,1.25,0.42127711711961047,0.5201326000001529,13,0.7063488289480265,0.9576329860445628,1472,1427,True,ok
bc330dd9c3e1f1b01da77bddae27b46d527be4483da6954817e855004b3ce641,theiler,T1: 0.75×,14,44,Drowsy,24.993626625203223,1500,8,0.16,4,0.8,1.3,0.75,0.41492774956201856,0.3200816000000941,8,0.7251250657189693,0.8690163335741988,1472,1386,False,low_fit_r2
bc330dd9c3e1f1b01da77bddae27b46d527be4483da6954817e855004b3ce641,theiler,T3: 1.25×,14,44,Drowsy,24.993626625203223,1500,8,0.16,4,0.8,1.3,1.25,0.41492774956201856,0.5201326000001529,13,0.7251250657189693,0.8690163335741988,1472,1386,False,low_fit_r2
bc330dd9c3e1f1b01da77bddae27b46d527be4483da6954817e855004b3ce641,theiler,T1: 0.75×,14,45,Drowsy,24.993626625203223,1500,8,0.16,4,0.8,1.3,0.75,0.4625520679064465,0.3600918000001059,9,0.7138236698475798,0.9658946668796331,1472,1430,True,ok
bc330dd9c3e1f1b01da77bddae27b46d527be4483da6954817e855004b3ce641,theiler,T3: 1.25×,14,45,Drowsy,24.993626625203223,1500,8,0.16,4,0.8,1.3,1.25,0.4625520679064465,0.5601428000001647,14,0.7138236698475798,0.9658946668796331,1472,1430,True,ok
bc330dd9c3e1f1b01da77bddae27b46d527be4483da6954817e855004b3ce641,theiler,T1: 0.75×,14,47,Drowsy,24.993626625203223,1500,8,0.16,4,0.8,1.3,0.75,0.4437669107701327,0.3200816000000941,8,0.6994616937572757,0.9180991995625417,1472,1420,True,ok
bc330dd9c3e1f1b01da77bddae27b46d527be4483da6954817e855004b3ce641,theiler,T3: 1.25×,14,47,Drowsy,24.993626625203223,1500,8,0.16,4,0.8,1.3,1.25,0.4437669107701327,0.5601428000001647,14,0.7000277885940765,0.9172640475822861,1472,1420,True,ok
bc330dd9c3e1f1b01da77bddae27b46d527be4483da6954817e855004b3ce641,theiler,T1: 0.75×,14,48,Drowsy,24.993626625203223,1500,8,0.16,4,0.8,1.3,0.75,0.435189700263591,0.3200816000000941,8,0.7675379772069073,0.9340793701812102,1472,1415,True,ok
bc330dd9c3e1f1b01da77bddae27b46d527be4483da6954817e855004b3ce641,theiler,T3: 1.25×,14,48,Drowsy,24.993626625203223,1500,8,0.16,4,0.8,1.3,1.25,0.435189700263591,0.5601428000001647,14,0.7722886971077035,0.9243791605687944,1472,1396,True,ok
bc330dd9c3e1f1b01da77bddae27b46d527be4483da6954817e855004b3ce641,theiler,T1: 0.75×,14,49,Drowsy,24.993626625203223,1500,8,0.16,4,0.8,1.3,0.75,0.40226216279168076,0.3200816000000941,8,0.7063707198876318,0.9193057139822421,1472,1410,True,ok
bc330dd9c3e1f1b01da77bddae27b46d527be4483da6954817e855004b3ce641,theiler,T3: 1.25×,14,49,Drowsy,24.993626625203223,1500,8,0.16,4,0.8,1.3,1.25,0.40226216279168076,0.5201326000001529,13,0.7063707198876318,0.9193057139822421,1472,1410,True,ok
bc330dd9c3e1f1b01da77bddae27b46d527be4483da6954817e855004b3ce641,theiler,T1: 0.75×,14,50,Drowsy,24.993626625203223,1500,8,0.16,4,0.8,1.3,0.75,0.4648030411865369,0.3600918000001059,9,0.7689345773287126,0.966512905336318,1472,1422,True,ok
bc330dd9c3e1f1b01da77bddae27b46d527be4483da6954817e855004b3ce641,theiler,T3: 1.25×,14,50,Drowsy,24.993626625203223,1500,8,0.16,4,0.8,1.3,1.25,0.4648030411865369,0.6001530000001765,15,0.7748816237194177,0.9654652092865905,1472,1421,True,ok
bc330dd9c3e1f1b01da77bddae27b46d527be4483da6954817e855004b3ce641,theiler,T1: 0.75×,14,52,Drowsy,24.993626625203223,1500,8,0.16,4,0.8,1.3,0.75,0.4626423969843728,0.3600918000001059,9,0.6581732707832509,0.9674046238348758,1472,1414,True,ok
bc330dd9c3e1f1b01da77bddae27b46d527be4483da6954817e855004b3ce641,theiler,T3: 1.25×,14,52,Drowsy,24.993626625203223,1500,8,0.16,4,0.8,1.3,1.25,0.4626423969843728,0.5601428000001647,14,0.6581732707832509,0.9674046238348758,1472,1414,True,ok
bc330dd9c3e1f1b01da77bddae27b46d527be4483da6954817e855004b3ce641,theiler,T1: 0.75×,15,1,Awake,24.99562576559584,1500,8,0.16,4,0.8,1.3,0.75,0.49808423477125596,0.36006299999849034,9,0.9098882954757469,0.9959621108034574,1472,1399,True,ok
bc330dd9c3e1f1b01da77bddae27b46d527be4483da6954817e855004b3ce641,theiler,T3: 1.25×,15,1,Awake,24.99562576559584,1500,8,0.16,4,0.8,1.3,1.25,0.49808423477125596,0.6401119999973162,16,0.9094456959297855,0.9968553066712447,1472,1399,True,ok
bc330dd9c3e1f1b01da77bddae27b46d527be4483da6954817e855004b3ce641,theiler,T1: 0.75×,15,2,Awake,24.99562576559584,1500,8,0.16,4,0.8,1.3,0.75,0.490516691687896,0.36006299999849034,9,0.8118141226996184,0.9882774448228137,1472,1431,True,ok
bc330dd9c3e1f1b01da77bddae27b46d527be4483da6954817e855004b3ce641,theiler,T3: 1.25×,15,2,Awake,24.99562576559584,1500,8,0.16,4,0.8,1.3,1.25,0.490516691687896,0.6001049999974839,15,0.8118141226996184,0.9882774448228137,1472,1431,True,ok
bc330dd9c3e1f1b01da77bddae27b46d527be4483da6954817e855004b3ce641,theiler,T1: 0.75×,15,3,Awake,24.99562576559584,1500,8,0.16,4,0.8,1.3,0.75,0.4980820600293869,0.36006299999849034,9,0.7787750596229733,0.9536165378884962,1472,1417,True,ok
bc330dd9c3e1f1b01da77bddae27b46d527be4483da6954817e855004b3ce641,theiler,T3: 1.25×,15,3,Awake,24.99562576559584,1500,8,0.16,4,0.8,1.3,1.25,0.4980820600293869,0.6401119999973162,16,0.7818403045721447,0.9611481579784262,1472,1400,True,ok
bc330dd9c3e1f1b01da77bddae27b46d527be4483da6954817e855004b3ce641,theiler,T1: 0.75×,15,4,Awake,24.99562576559584,1500,8,0.16,4,0.8,1.3,0.75,0.5021019419840127,0.36006299999849034,9,0.8291701399709112,0.9703686261108064,1472,1389,True,ok
bc330dd9c3e1f1b01da77bddae27b46d527be4483da6954817e855004b3ce641,theiler,T3: 1.25×,15,4,Awake,24.99562576559584,1500,8,0.16,4,0.8,1.3,1.25,0.5021019419840127,0.6401119999973162,16,0.8277165360665507,0.9703187638599885,1472,1391,True,ok
bc330dd9c3e1f1b01da77bddae27b46d527be4483da6954817e855004b3ce641,theiler,T1: 0.75×,15,5,Awake,24.99562576559584,1500,8,0.16,4,0.8,1.3,0.75,0.47599885444253714,0.36006299999849034,9,0.7896660772612556,0.9274886870054195,1472,1422,True,ok
bc330dd9c3e1f1b01da77bddae27b46d527be4483da6954817e855004b3ce641,theiler,T3: 1.25×,15,5,Awake,24.99562576559584,1500,8,0.16,4,0.8,1.3,1.25,0.47599885444253714,0.6001049999974839,15,0.7943467610103212,0.9286021503591089,1472,1422,True,ok
bc330dd9c3e1f1b01da77bddae27b46d527be4483da6954817e855004b3ce641,theiler,T1: 0.75×,15,6,Awake,24.99562576559584,1500,8,0.16,4,0.8,1.3,0.75,0.457700714728732,0.36006299999849034,9,0.5893878416350882,0.9518683543871773,1472,1402,True,ok
bc330dd9c3e1f1b01da77bddae27b46d527be4483da6954817e855004b3ce641,theiler,T3: 1.25×,15,6,Awake,24.99562576559584,1500,8,0.16,4,0.8,1.3,1.25,0.457700714728732,0.5600979999976516,14,0.5893515673055545,0.9518090047987787,1472,1402,True,ok
bc330dd9c3e1f1b01da77bddae27b46d527be4483da6954817e855004b3ce641,theiler,T1: 0.75×,15,7,Awake,24.99562576559584,1500,8,0.16,4,0.8,1.3,0.75,0.519005917068234,0.4000699999983226,10,0.9206015097856391,0.9972000277137464,1472,1407,True,ok
bc330dd9c3e1f1b01da77bddae27b46d527be4483da6954817e855004b3ce641,theiler,T3: 1.25×,15,7,Awake,24.99562576559584,1500,8,0.16,4,0.8,1.3,1.25,0.519005917068234,0.6401119999973162,16,0.9250199005780636,0.9970835956825285,1472,1408,True,ok
bc330dd9c3e1f1b01da77bddae27b46d527be4483da6954817e855004b3ce641,theiler,T1: 0.75×,15,8,Awake,24.99562576559584,1500,8,0.16,4,0.8,1.3,0.75,0.4975892344307113,0.36006299999849034,9,0.8298185783987673,0.9856167468630233,1472,1401,True,ok
bc330dd9c3e1f1b01da77bddae27b46d527be4483da6954817e855004b3ce641,theiler,T3: 1.25×,15,8,Awake,24.99562576559584,1500,8,0.16,4,0.8,1.3,1.25,0.4975892344307113,0.6401119999973162,16,0.8161746246489205,0.9879944321519147,1472,1397,True,ok
bc330dd9c3e1f1b01da77bddae27b46d527be4483da6954817e855004b3ce641,theiler,T1: 0.75×,15,9,Awake,24.99562576559584,1500,8,0.16,4,0.8,1.3,0.75,0.4635174143707803,0.36006299999849034,9,0.7912182241311784,0.9761059667815044,1472,1422,True,ok
bc330dd9c3e1f1b01da77bddae27b46d527be4483da6954817e855004b3ce641,theiler,T3: 1.25×,15,9,Awake,24.99562576559584,1500,8,0.16,4,0.8,1.3,1.25,0.4635174143707803,0.5600979999976516,14,0.7912182241311784,0.9761059667815044,1472,1422,True,ok
bc330dd9c3e1f1b01da77bddae27b46d527be4483da6954817e855004b3ce641,theiler,T1: 0.75×,15,10,Awake,24.99562576559584,1500,8,0.16,4,0.8,1.3,0.75,0.4633970223249695,0.36006299999849034,9,0.7460472286644031,0.9460612728035217,1472,1429,True,ok
bc330dd9c3e1f1b01da77bddae27b46d527be4483da6954817e855004b3ce641,theiler,T3: 1.25×,15,10,Awake,24.99562576559584,1500,8,0.16,4,0.8,1.3,1.25,0.4633970223249695,0.5600979999976516,14,0.7458183547447098,0.9466903625978264,1472,1429,True,ok
bc330dd9c3e1f1b01da77bddae27b46d527be4483da6954817e855004b3ce641,theiler,T1: 0.75×,15,11,Awake,24.99562576559584,1500,8,0.16,4,0.8,1.3,0.75,0.5186866772926103,0.4000699999983226,10,0.9087077676044607,0.9944009678039828,1472,1402,True,ok
bc330dd9c3e1f1b01da77bddae27b46d527be4483da6954817e855004b3ce641,theiler,T3: 1.25×,15,11,Awake,24.99562576559584,1500,8,0.16,4,0.8,1.3,1.25,0.5186866772926103,0.6401119999973162,16,0.914411079522614,0.9928342441584951,1472,1401,True,ok
bc330dd9c3e1f1b01da77bddae27b46d527be4483da6954817e855004b3ce641,theiler,T1: 0.75×,15,12,Awake,24.99562576559584,1500,8,0.16,4,0.8,1.3,0.75,0.4966497622012712,0.36006299999849034,9,0.7436615042365947,0.972971560576083,1472,1415,True,ok
bc330dd9c3e1f1b01da77bddae27b46d527be4483da6954817e855004b3ce641,theiler,T3: 1.25×,15,12,Awake,24.99562576559584,1500,8,0.16,4,0.8,1.3,1.25,0.4966497622012712,0.6401119999973162,16,0.7314583286137794,0.9714897983920047,1472,1414,True,ok
bc330dd9c3e1f1b01da77bddae27b46d527be4483da6954817e855004b3ce641,theiler,T1: 0.75×,15,13,Awake,24.99562576559584,1500,8,0.16,4,0.8,1.3,0.75,0.4746851791356479,0.36006299999849034,9,0.7686158801317814,0.9676635547025878,1472,1404,True,ok
bc330dd9c3e1f1b01da77bddae27b46d527be4483da6954817e855004b3ce641,theiler,T3: 1.25×,15,13,Awake,24.99562576559584,1500,8,0.16,4,0.8,1.3,1.25,0.4746851791356479,0.6001049999974839,15,0.7686158801317814,0.9676635547025878,1472,1404,True,ok
bc330dd9c3e1f1b01da77bddae27b46d527be4483da6954817e855004b3ce641,theiler,T1: 0.75×,15,14,Awake,24.99562576559584,1500,8,0.16,4,0.8,1.3,0.75,0.5243036873748025,0.4000699999983226,10,0.7437347516658704,0.9847792098924375,1472,1416,True,ok
bc330dd9c3e1f1b01da77bddae27b46d527be4483da6954817e855004b3ce641,theiler,T3: 1.25×,15,14,Awake,24.99562576559584,1500,8,0.16,4,0.8,1.3,1.25,0.5243036873748025,0.6401119999973162,16,0.7396668779108105,0.9845374008822632,1472,1416,True,ok
bc330dd9c3e1f1b01da77bddae27b46d527be4483da6954817e855004b3ce641,theiler,T1: 0.75×,15,15,Awake,24.99562576559584,1500,8,0.16,4,0.8,1.3,0.75,0.5299532710943873,0.4000699999983226,10,0.8810535537519325,0.9607229987359102,1472,1414,True,ok
bc330dd9c3e1f1b01da77bddae27b46d527be4483da6954817e855004b3ce641,theiler,T3: 1.25×,15,15,Awake,24.99562576559584,1500,8,0.16,4,0.8,1.3,1.25,0.5299532710943873,0.6801189999971484,17,0.8749978013722546,0.9592042187612307,1472,1411,True,ok
bc330dd9c3e1f1b01da77bddae27b46d527be4483da6954817e855004b3ce641,theiler,T1: 0.75×,15,16,Awake,24.99562576559584,1500,8,0.16,4,0.8,1.3,0.75,0.5009474475668583,0.36006299999849034,9,0.7739782646850252,0.9875071072593833,1472,1389,True,ok
bc330dd9c3e1f1b01da77bddae27b46d527be4483da6954817e855004b3ce641,theiler,T3: 1.25×,15,16,Awake,24.99562576559584,1500,8,0.16,4,0.8,1.3,1.25,0.5009474475668583,0.6401119999973162,16,0.7804934721912758,0.9879135426544395,1472,1389,True,ok
bc330dd9c3e1f1b01da77bddae27b46d527be4483da6954817e855004b3ce641,theiler,T1: 0.75×,15,17,Awake,24.99562576559584,1500,8,0.16,4,0.8,1.3,0.75,0.5410264542903679,0.4000699999983226,10,0.8156273619911308,0.9806456995321138,1472,1427,True,ok
bc330dd9c3e1f1b01da77bddae27b46d527be4483da6954817e855004b3ce641,theiler,T3: 1.25×,15,17,Awake,24.99562576559584,1500,8,0.16,4,0.8,1.3,1.25,0.5410264542903679,0.6801189999971484,17,0.812496115813817,0.9792935324080927,1472,1419,True,ok
bc330dd9c3e1f1b01da77bddae27b46d527be4483da6954817e855004b3ce641,theiler,T1: 0.75×,15,18,Awake,24.99562576559584,1500,8,0.16,4,0.8,1.3,0.75,0.5238516883323558,0.4000699999983226,10,0.8141832743390847,0.994634734040738,1472,1430,True,ok
bc330dd9c3e1f1b01da77bddae27b46d527be4483da6954817e855004b3ce641,theiler,T3: 1.25×,15,18,Awake,24.99562576559584,1500,8,0.16,4,0.8,1.3,1.25,0.5238516883323558,0.6401119999973162,16,0.8152420717274227,0.994801472317258,1472,1430,True,ok
bc330dd9c3e1f1b01da77bddae27b46d527be4483da6954817e855004b3ce641,theiler,T1: 0.75×,15,19,Awake,24.99562576559584,1500,8,0.16,4,0.8,1.3,0.75,0.5161456783972006,0.4000699999983226,10,0.7841966773302154,0.9754278329340986,1472,1435,True,ok
bc330dd9c3e1f1b01da77bddae27b46d527be4483da6954817e855004b3ce641,theiler,T3: 1.25×,15,19,Awake,24.99562576559584,1500,8,0.16,4,0.8,1.3,1.25,0.5161456783972006,0.6401119999973162,16,0.7807279286171762,0.9751819392202282,1472,1435,True,ok
bc330dd9c3e1f1b01da77bddae27b46d527be4483da6954817e855004b3ce641,theiler,T1: 0.75×,15,20,Awake,24.99562576559584,1500,8,0.16,4,0.8,1.3,0.75,0.4970809938140519,0.36006299999849034,9,0.8635729579163046,0.9468520869823578,1472,1426,True,ok
bc330dd9c3e1f1b01da77bddae27b46d527be4483da6954817e855004b3ce641,theiler,T3: 1.25×,15,20,Awake,24.99562576559584,1500,8,0.16,4,0.8,1.3,1.25,0.4970809938140519,0.6401119999973162,16,0.8629667850965365,0.93995471977254,1472,1423,True,ok
bc330dd9c3e1f1b01da77bddae27b46d527be4483da6954817e855004b3ce641,theiler,T1: 0.75×,15,21,Awake,24.99562576559584,1500,8,0.16,4,0.8,1.3,0.75,0.5070357458188246,0.4000699999983226,10,0.8143668160027566,0.97036779024551,1472,1410,True,ok
bc330dd9c3e1f1b01da77bddae27b46d527be4483da6954817e855004b3ce641,theiler,T3: 1.25×,15,21,Awake,24.99562576559584,1500,8,0.16,4,0.8,1.3,1.25,0.5070357458188246,0.6401119999973162,16,0.8216036661258208,0.9707996934731769,1472,1410,True,ok
bc330dd9c3e1f1b01da77bddae27b46d527be4483da6954817e855004b3ce641,theiler,T1: 0.75×,15,22,Awake,24.99562576559584,1500,8,0.16,4,0.8,1.3,0.75,0.5257340630360088,0.4000699999983226,10,0.8127242148165877,0.9366951221222464,1472,1378,True,ok
bc330dd9c3e1f1b01da77bddae27b46d527be4483da6954817e855004b3ce641,theiler,T3: 1.25×,15,22,Awake,24.99562576559584,1500,8,0.16,4,0.8,1.3,1.25,0.5257340630360088,0.6401119999973162,16,0.8056435812702565,0.944441191701262,1472,1378,True,ok
bc330dd9c3e1f1b01da77bddae27b46d527be4483da6954817e855004b3ce641,theiler,T1: 0.75×,15,24,Awake,24.99562576559584,1500,8,0.16,4,0.8,1.3,0.75,0.490150859490214,0.36006299999849034,9,0.7887153584136195,0.9822356064253679,1472,1378,True,ok
bc330dd9c3e1f1b01da77bddae27b46d527be4483da6954817e855004b3ce641,theiler,T3: 1.25×,15,24,Awake,24.99562576559584,1500,8,0.16,4,0.8,1.3,1.25,0.490150859490214,0.6001049999974839,15,0.7887153584136195,0.9822356064253679,1472,1378,True,ok
bc330dd9c3e1f1b01da77bddae27b46d527be4483da6954817e855004b3ce641,theiler,T1: 0.75×,15,25,Awake,24.99562576559584,1500,8,0.16,4,0.8,1.3,0.75,0.4835866929918049,0.36006299999849034,9,0.773306969742822,0.9527151138620688,1472,1423,True,ok
bc330dd9c3e1f1b01da77bddae27b46d527be4483da6954817e855004b3ce641,theiler,T3: 1.25×,15,25,Awake,24.99562576559584,1500,8,0.16,4,0.8,1.3,1.25,0.4835866929918049,0.6001049999974839,15,0.773306969742822,0.9527151138620688,1472,1423,True,ok
bc330dd9c3e1f1b01da77bddae27b46d527be4483da6954817e855004b3ce641,theiler,T1: 0.75×,15,27,Drowsy,24.99562576559584,1500,8,0.16,4,0.8,1.3,0.75,0.4549935987978073,0.36006299999849034,9,0.7761617649589713,0.916209615020839,1472,1429,True,ok
bc330dd9c3e1f1b01da77bddae27b46d527be4483da6954817e855004b3ce641,theiler,T3: 1.25×,15,27,Drowsy,24.99562576559584,1500,8,0.16,4,0.8,1.3,1.25,0.4549935987978073,0.5600979999976516,14,0.7733418899451616,0.9159233535101956,1472,1429,True,ok
bc330dd9c3e1f1b01da77bddae27b46d527be4483da6954817e855004b3ce641,theiler,T1: 0.75×,15,29,Awake,24.99562576559584,1500,8,0.16,4,0.8,1.3,0.75,0.4613712549267272,0.36006299999849034,9,0.7406905025881791,0.9139419318788634,1472,1412,True,ok
bc330dd9c3e1f1b01da77bddae27b46d527be4483da6954817e855004b3ce641,theiler,T3: 1.25×,15,29,Awake,24.99562576559584,1500,8,0.16,4,0.8,1.3,1.25,0.4613712549267272,0.5600979999976516,14,0.7429953932172407,0.919598368019054,1472,1412,True,ok
bc330dd9c3e1f1b01da77bddae27b46d527be4483da6954817e855004b3ce641,theiler,T1: 0.75×,15,30,Drowsy,24.99562576559584,1500,8,0.16,4,0.8,1.3,0.75,0.4599512450661323,0.36006299999849034,9,0.7884618155480201,0.9675006827592989,1472,1399,True,ok
bc330dd9c3e1f1b01da77bddae27b46d527be4483da6954817e855004b3ce641,theiler,T3: 1.25×,15,30,Drowsy,24.99562576559584,1500,8,0.16,4,0.8,1.3,1.25,0.4599512450661323,0.5600979999976516,14,0.7896662854389396,0.9644231299932313,1472,1399,True,ok
bc330dd9c3e1f1b01da77bddae27b46d527be4483da6954817e855004b3ce641,theiler,T1: 0.75×,15,31,Drowsy,24.99562576559584,1500,8,0.16,4,0.8,1.3,0.75,0.4748097283052797,0.36006299999849034,9,0.7314685111215216,0.9248210571258083,1472,1430,True,ok
bc330dd9c3e1f1b01da77bddae27b46d527be4483da6954817e855004b3ce641,theiler,T3: 1.25×,15,31,Drowsy,24.99562576559584,1500,8,0.16,4,0.8,1.3,1.25,0.4748097283052797,0.6001049999974839,15,0.7370961680491964,0.9224694381356454,1472,1430,True,ok
bc330dd9c3e1f1b01da77bddae27b46d527be4483da6954817e855004b3ce641,theiler,T1: 0.75×,15,32,Awake,24.99562576559584,1500,8,0.16,4,0.8,1.3,0.75,0.47188536493331434,0.36006299999849034,9,0.7036814520938894,0.9482181995820979,1472,1405,True,ok
bc330dd9c3e1f1b01da77bddae27b46d527be4483da6954817e855004b3ce641,theiler,T3: 1.25×,15,32,Awake,24.99562576559584,1500,8,0.16,4,0.8,1.3,1.25,0.47188536493331434,0.6001049999974839,15,0.6983976407607976,0.9279502088046527,1472,1405,True,ok
bc330dd9c3e1f1b01da77bddae27b46d527be4483da6954817e855004b3ce641,theiler,T1: 0.75×,15,33,Awake,24.99562576559584,1500,8,0.16,4,0.8,1.3,0.75,0.47983910059511037,0.36006299999849034,9,0.7792406614861962,0.9555862518291849,1472,1421,True,ok
bc330dd9c3e1f1b01da77bddae27b46d527be4483da6954817e855004b3ce641,theiler,T3: 1.25×,15,33,Awake,24.99562576559584,1500,8,0.16,4,0.8,1.3,1.25,0.47983910059511037,0.6001049999974839,15,0.7836133984383782,0.9510327872730364,1472,1421,True,ok
bc330dd9c3e1f1b01da77bddae27b46d527be4483da6954817e855004b3ce641,theiler,T1: 0.75×,15,36,Awake,24.99562576559584,1500,8,0.16,4,0.8,1.3,0.75,0.5315228532478558,0.4000699999983226,10,0.9847525329422712,0.9781956088039628,1472,1408,True,ok
bc330dd9c3e1f1b01da77bddae27b46d527be4483da6954817e855004b3ce641,theiler,T3: 1.25×,15,36,Awake,24.99562576559584,1500,8,0.16,4,0.8,1.3,1.25,0.5315228532478558,0.6801189999971484,17,0.9808889201577178,0.9774786032905638,1472,1407,True,ok
bc330dd9c3e1f1b01da77bddae27b46d527be4483da6954817e855004b3ce641,theiler,T1: 0.75×,15,37,Drowsy,24.99562576559584,1500,8,0.16,4,0.8,1.3,0.75,0.5075868626866272,0.4000699999983226,10,0.8001758999462046,0.9922961170362826,1472,1419,True,ok
bc330dd9c3e1f1b01da77bddae27b46d527be4483da6954817e855004b3ce641,theiler,T3: 1.25×,15,37,Drowsy,24.99562576559584,1500,8,0.16,4,0.8,1.3,1.25,0.5075868626866272,0.6401119999973162,16,0.8029785842013133,0.991994425499455,1472,1418,True,ok
bc330dd9c3e1f1b01da77bddae27b46d527be4483da6954817e855004b3ce641,theiler,T1: 0.75×,15,38,Drowsy,24.99562576559584,1500,8,0.16,4,0.8,1.3,0.75,0.46113024259361296,0.36006299999849034,9,0.7844587763557523,0.965611747346002,1472,1431,True,ok
bc330dd9c3e1f1b01da77bddae27b46d527be4483da6954817e855004b3ce641,theiler,T3: 1.25×,15,38,Drowsy,24.99562576559584,1500,8,0.16,4,0.8,1.3,1.25,0.46113024259361296,0.5600979999976516,14,0.7844587763557523,0.965611747346002,1472,1431,True,ok
bc330dd9c3e1f1b01da77bddae27b46d527be4483da6954817e855004b3ce641,theiler,T1: 0.75×,15,39,Drowsy,24.99562576559584,1500,8,0.16,4,0.8,1.3,0.75,0.5045879403343779,0.36006299999849034,9,0.7938734655116402,0.9745222001878291,1472,1402,True,ok
bc330dd9c3e1f1b01da77bddae27b46d527be4483da6954817e855004b3ce641,theiler,T3: 1.25×,15,39,Drowsy,24.99562576559584,1500,8,0.16,4,0.8,1.3,1.25,0.5045879403343779,0.6401119999973162,16,0.7907611393766143,0.9716132803253218,1472,1391,True,ok
bc330dd9c3e1f1b01da77bddae27b46d527be4483da6954817e855004b3ce641,theiler,T1: 0.75×,17,1,Awake,24.99287703003033,1500,8,0.16,4,0.8,1.3,0.75,0.5230366743442052,0.4001140000002579,10,0.7904476934295616,0.960908121660365,1472,1422,True,ok
bc330dd9c3e1f1b01da77bddae27b46d527be4483da6954817e855004b3ce641,theiler,T3: 1.25×,17,1,Awake,24.99287703003033,1500,8,0.16,4,0.8,1.3,1.25,0.5230366743442052,0.6401824000004126,16,0.7808078614113039,0.9602543815614086,1472,1422,True,ok
bc330dd9c3e1f1b01da77bddae27b46d527be4483da6954817e855004b3ce641,theiler,T1: 0.75×,17,2,Awake,24.99287703003033,1500,8,0.16,4,0.8,1.3,0.75,0.5548009244507279,0.4001140000002579,10,0.7763790328659856,0.9748221913569077,1472,1425,True,ok
bc330dd9c3e1f1b01da77bddae27b46d527be4483da6954817e855004b3ce641,theiler,T3: 1.25×,17,2,Awake,24.99287703003033,1500,8,0.16,4,0.8,1.3,1.25,0.5548009244507279,0.6801938000004384,17,0.7808170130818348,0.9777131969556733,1472,1425,True,ok
bc330dd9c3e1f1b01da77bddae27b46d527be4483da6954817e855004b3ce641,theiler,T1: 0.75×,17,3,Awake,24.99287703003033,1500,8,0.16,4,0.8,1.3,0.75,0.5550062735556122,0.4001140000002579,10,0.8053450963287523,0.9914270782132601,1472,1440,True,ok
bc330dd9c3e1f1b01da77bddae27b46d527be4483da6954817e855004b3ce641,theiler,T3: 1.25×,17,3,Awake,24.99287703003033,1500,8,0.16,4,0.8,1.3,1.25,0.5550062735556122,0.6801938000004384,17,0.8149904340581982,0.9930625906018256,1472,1440,True,ok
bc330dd9c3e1f1b01da77bddae27b46d527be4483da6954817e855004b3ce641,theiler,T1: 0.75×,17,4,Awake,24.99287703003033,1500,8,0.16,4,0.8,1.3,0.75,0.55898161685949,0.4001140000002579,10,0.9719446047462212,0.9934585962284228,1472,1401,True,ok
bc330dd9c3e1f1b01da77bddae27b46d527be4483da6954817e855004b3ce641,theiler,T3: 1.25×,17,4,Awake,24.99287703003033,1500,8,0.16,4,0.8,1.3,1.25,0.55898161685949,0.6801938000004384,17,0.9683843553455467,0.9923723373742993,1472,1401,True,ok
bc330dd9c3e1f1b01da77bddae27b46d527be4483da6954817e855004b3ce641,theiler,T1: 0.75×,17,5,Awake,24.99287703003033,1500,8,0.16,4,0.8,1.3,0.75,0.5453599289680122,0.4001140000002579,10,0.9922494489820276,0.9930861367202058,1472,1431,True,ok
bc330dd9c3e1f1b01da77bddae27b46d527be4483da6954817e855004b3ce641,theiler,T3: 1.25×,17,5,Awake,24.99287703003033,1500,8,0.16,4,0.8,1.3,1.25,0.5453599289680122,0.6801938000004384,17,0.99232632571321,0.9932343283219742,1472,1431,True,ok
bc330dd9c3e1f1b01da77bddae27b46d527be4483da6954817e855004b3ce641,theiler,T1: 0.75×,17,6,Awake,24.99287703003033,1500,8,0.16,4,0.8,1.3,0.75,0.5567827136056631,0.4001140000002579,10,0.8573723124764611,0.9942610784588224,1472,1410,True,ok
bc330dd9c3e1f1b01da77bddae27b46d527be4483da6954817e855004b3ce641,theiler,T3: 1.25×,17,6,Awake,24.99287703003033,1500,8,0.16,4,0.8,1.3,1.25,0.5567827136056631,0.6801938000004384,17,0.8559772398977933,0.9944995740239791,1472,1410,True,ok
bc330dd9c3e1f1b01da77bddae27b46d527be4483da6954817e855004b3ce641,theiler,T1: 0.75×,17,7,Awake,24.99287703003033,1500,8,0.16,4,0.8,1.3,0.75,0.5733978834520325,0.44012540000028366,11,0.8587541368569999,0.9745303674597321,1472,1418,True,ok
bc330dd9c3e1f1b01da77bddae27b46d527be4483da6954817e855004b3ce641,theiler,T3: 1.25×,17,7,Awake,24.99287703003033,1500,8,0.16,4,0.8,1.3,1.25,0.5733978834520325,0.7202052000004642,18,0.8606875198252503,0.97511248763722,1472,1417,True,ok
bc330dd9c3e1f1b01da77bddae27b46d527be4483da6954817e855004b3ce641,theiler,T1: 0.75×,17,8,Awake,24.99287703003033,1500,8,0.16,4,0.8,1.3,0.75,0.515301341169806,0.4001140000002579,10,0.7885654758762037,0.9738326014174464,1472,1423,True,ok
bc330dd9c3e1f1b01da77bddae27b46d527be4483da6954817e855004b3ce641,theiler,T3: 1.25×,17,8,Awake,24.99287703003033,1500,8,0.16,4,0.8,1.3,1.25,0.515301341169806,0.6401824000004126,16,0.7938052284024592,0.9823841710020704,1472,1423,True,ok
bc330dd9c3e1f1b01da77bddae27b46d527be4483da6954817e855004b3ce641,theiler,T1: 0.75×,17,9,Awake,24.99287703003033,1500,8,0.16,4,0.8,1.3,0.75,0.5541676070678612,0.4001140000002579,10,0.9477670241630639,0.9865092036564963,1472,1414,True,ok
bc330dd9c3e1f1b01da77bddae27b46d527be4483da6954817e855004b3ce641,theiler,T3: 1.25×,17,9,Awake,24.99287703003033,1500,8,0.16,4,0.8,1.3,1.25,0.5541676070678612,0.6801938000004384,17,0.95033184567198,0.9867640006606386,1472,1414,True,ok
bc330dd9c3e1f1b01da77bddae27b46d527be4483da6954817e855004b3ce641,theiler,T1: 0.75×,17,10,Awake,24.99287703003033,1500,8,0.16,4,0.8,1.3,0.75,0.5426124813753633,0.4001140000002579,10,0.8901540753834245,0.9622095188029371,1472,1407,True,ok
bc330dd9c3e1f1b01da77bddae27b46d527be4483da6954817e855004b3ce641,theiler,T3: 1.25×,17,10,Awake,24.99287703003033,1500,8,0.16,4,0.8,1.3,1.25,0.5426124813753633,0.6801938000004384,17,0.8921380275139066,0.9666775027760102,1472,1407,True,ok
bc330dd9c3e1f1b01da77bddae27b46d527be4483da6954817e855004b3ce641,theiler,T1: 0.75×,17,11,Awake,24.99287703003033,1500,8,0.16,4,0.8,1.3,0.75,0.565989437193203,0.44012540000028366,11,0.8722593176385639,0.9612689094526681,1472,1427,True,ok
bc330dd9c3e1f1b01da77bddae27b46d527be4483da6954817e855004b3ce641,theiler,T3: 1.25×,17,11,Awake,24.99287703003033,1500,8,0.16,4,0.8,1.3,1.25,0.565989437193203,0.7202052000004642,18,0.8832622587739815,0.9622526826458269,1472,1427,True,ok
bc330dd9c3e1f1b01da77bddae27b46d527be4483da6954817e855004b3ce641,theiler,T1: 0.75×,17,12,Awake,24.99287703003033,1500,8,0.16,4,0.8,1.3,0.75,0.5228147579461593,0.4001140000002579,10,0.8264424863233258,0.9868825111510444,1472,1431,True,ok
bc330dd9c3e1f1b01da77bddae27b46d527be4483da6954817e855004b3ce641,theiler,T3: 1.25×,17,12,Awake,24.99287703003033,1500,8,0.16,4,0.8,1.3,1.25,0.5228147579461593,0.6401824000004126,16,0.8155641028428414,0.9865398850962358,1472,1431,True,ok
bc330dd9c3e1f1b01da77bddae27b46d527be4483da6954817e855004b3ce641,theiler,T1: 0.75×,17,13,Awake,24.99287703003033,1500,8,0.16,4,0.8,1.3,0.75,0.5447476009300117,0.4001140000002579,10,0.8589660236028054,0.9705927724096657,1472,1409,True,ok
bc330dd9c3e1f1b01da77bddae27b46d527be4483da6954817e855004b3ce641,theiler,T3: 1.25×,17,13,Awake,24.99287703003033,1500,8,0.16,4,0.8,1.3,1.25,0.5447476009300117,0.6801938000004384,17,0.8824293468241255,0.9604093230907899,1472,1409,True,ok
bc330dd9c3e1f1b01da77bddae27b46d527be4483da6954817e855004b3ce641,theiler,T1: 0.75×,17,14,Awake,24.99287703003033,1500,8,0.16,4,0.8,1.3,0.75,0.5695264788334807,0.44012540000028366,11,0.7930865898287005,0.9419024046058663,1472,1404,True,ok
bc330dd9c3e1f1b01da77bddae27b46d527be4483da6954817e855004b3ce641,theiler,T3: 1.25×,17,14,Awake,24.99287703003033,1500,8,0.16,4,0.8,1.3,1.25,0.5695264788334807,0.7202052000004642,18,0.8066884587232158,0.9420990883679103,1472,1397,True,ok
bc330dd9c3e1f1b01da77bddae27b46d527be4483da6954817e855004b3ce641,theiler,T1: 0.75×,17,15,Awake,24.99287703003033,1500,8,0.16,4,0.8,1.3,0.75,0.5126166669549634,0.4001140000002579,10,0.768939020511161,0.9638019623933194,1472,1427,True,ok
bc330dd9c3e1f1b01da77bddae27b46d527be4483da6954817e855004b3ce641,theiler,T3: 1.25×,17,15,Awake,24.99287703003033,1500,8,0.16,4,0.8,1.3,1.25,0.5126166669549634,0.6401824000004126,16,0.7566023584957372,0.9654923891117914,1472,1426,True,ok
bc330dd9c3e1f1b01da77bddae27b46d527be4483da6954817e855004b3ce641,theiler,T1: 0.75×,17,16,Drowsy,24.99287703003033,1500,8,0.16,4,0.8,1.3,0.75,0.5438252585299064,0.4001140000002579,10,0.9363899631925735,0.9956611228490443,1472,1405,True,ok
bc330dd9c3e1f1b01da77bddae27b46d527be4483da6954817e855004b3ce641,theiler,T3: 1.25×,17,16,Drowsy,24.99287703003033,1500,8,0.16,4,0.8,1.3,1.25,0.5438252585299064,0.6801938000004384,17,0.9479952625461407,0.9960402717495367,1472,1405,True,ok
bc330dd9c3e1f1b01da77bddae27b46d527be4483da6954817e855004b3ce641,theiler,T1: 0.75×,17,17,Drowsy,24.99287703003033,1500,8,0.16,4,0.8,1.3,0.75,0.560586560658174,0.44012540000028366,11,0.8863207959477549,0.9873090241224772,1472,1420,True,ok
bc330dd9c3e1f1b01da77bddae27b46d527be4483da6954817e855004b3ce641,theiler,T3: 1.25×,17,17,Drowsy,24.99287703003033,1500,8,0.16,4,0.8,1.3,1.25,0.560586560658174,0.7202052000004642,18,0.8823978900298324,0.9867557805530359,1472,1420,True,ok
bc330dd9c3e1f1b01da77bddae27b46d527be4483da6954817e855004b3ce641,theiler,T1: 0.75×,17,18,Drowsy,24.99287703003033,1500,8,0.16,4,0.8,1.3,0.75,0.5730486980776619,0.44012540000028366,11,0.828593233143298,0.9798004540107174,1472,1374,True,ok
bc330dd9c3e1f1b01da77bddae27b46d527be4483da6954817e855004b3ce641,theiler,T3: 1.25×,17,18,Drowsy,24.99287703003033,1500,8,0.16,4,0.8,1.3,1.25,0.5730486980776619,0.7202052000004642,18,0.8283227888890063,0.9782276308806681,1472,1374,True,ok
bc330dd9c3e1f1b01da77bddae27b46d527be4483da6954817e855004b3ce641,theiler,T1: 0.75×,17,19,Awake,24.99287703003033,1500,8,0.16,4,0.8,1.3,0.75,0.5174180587658624,0.4001140000002579,10,0.6905229557426406,0.9305815297661717,1472,1398,True,ok
bc330dd9c3e1f1b01da77bddae27b46d527be4483da6954817e855004b3ce641,theiler,T3: 1.25×,17,19,Awake,24.99287703003033,1500,8,0.16,4,0.8,1.3,1.25,0.5174180587658624,0.6401824000004126,16,0.6955246934095456,0.923889875458553,1472,1398,True,ok
bc330dd9c3e1f1b01da77bddae27b46d527be4483da6954817e855004b3ce641,theiler,T1: 0.75×,17,20,Awake,24.99287703003033,1500,8,0.16,4,0.8,1.3,0.75,0.5878257943490114,0.44012540000028366,11,0.9367691483921953,0.9887801171829874,1472,1423,True,ok
bc330dd9c3e1f1b01da77bddae27b46d527be4483da6954817e855004b3ce641,theiler,T3: 1.25×,17,20,Awake,24.99287703003033,1500,8,0.16,4,0.8,1.3,1.25,0.5878257943490114,0.7202052000004642,18,0.9371032917526355,0.98872149368566,1472,1423,True,ok
bc330dd9c3e1f1b01da77bddae27b46d527be4483da6954817e855004b3ce641,theiler,T1: 0.75×,17,21,Awake,24.99287703003033,1500,8,0.16,4,0.8,1.3,0.75,0.5629790425788429,0.44012540000028366,11,0.8928936055240326,0.9924365288654521,1472,1411,True,ok
bc330dd9c3e1f1b01da77bddae27b46d527be4483da6954817e855004b3ce641,theiler,T3: 1.25×,17,21,Awake,24.99287703003033,1500,8,0.16,4,0.8,1.3,1.25,0.5629790425788429,0.7202052000004642,18,0.9072000385952054,0.9901976576057011,1472,1411,True,ok
bc330dd9c3e1f1b01da77bddae27b46d527be4483da6954817e855004b3ce641,theiler,T1: 0.75×,17,22,Awake,24.99287703003033,1500,8,0.16,4,0.8,1.3,0.75,0.5768510290683833,0.44012540000028366,11,0.9319146439561274,0.9828187134749252,1472,1411,True,ok
bc330dd9c3e1f1b01da77bddae27b46d527be4483da6954817e855004b3ce641,theiler,T3: 1.25×,17,22,Awake,24.99287703003033,1500,8,0.16,4,0.8,1.3,1.25,0.5768510290683833,0.7202052000004642,18,0.9317810403031344,0.982738297901447,1472,1411,True,ok
bc330dd9c3e1f1b01da77bddae27b46d527be4483da6954817e855004b3ce641,theiler,T1: 0.75×,17,23,Awake,24.99287703003033,1500,8,0.16,4,0.8,1.3,0.75,0.5912150881018184,0.44012540000028366,11,1.0408394190683903,0.9900416661654136,1472,1427,True,ok
bc330dd9c3e1f1b01da77bddae27b46d527be4483da6954817e855004b3ce641,theiler,T3: 1.25×,17,23,Awake,24.99287703003033,1500,8,0.16,4,0.8,1.3,1.25,0.5912150881018184,0.7202052000004642,18,1.0419613836173727,0.9897177657214907,1472,1424,True,ok
bc330dd9c3e1f1b01da77bddae27b46d527be4483da6954817e855004b3ce641,theiler,T1: 0.75×,17,24,Awake,24.99287703003033,1500,8,0.16,4,0.8,1.3,0.75,0.5659179424054327,0.44012540000028366,11,0.8416205887934401,0.9561649014346,1472,1423,True,ok
bc330dd9c3e1f1b01da77bddae27b46d527be4483da6954817e855004b3ce641,theiler,T3: 1.25×,17,24,Awake,24.99287703003033,1500,8,0.16,4,0.8,1.3,1.25,0.5659179424054327,0.7202052000004642,18,0.8770588805333308,0.9631510849608628,1472,1408,True,ok
bc330dd9c3e1f1b01da77bddae27b46d527be4483da6954817e855004b3ce641,theiler,T1: 0.75×,17,25,Awake,24.99287703003033,1500,8,0.16,4,0.8,1.3,0.75,0.5272404528059862,0.4001140000002579,10,0.717106187766849,0.9849256644380461,1472,1407,True,ok
bc330dd9c3e1f1b01da77bddae27b46d527be4483da6954817e855004b3ce641,theiler,T3: 1.25×,17,25,Awake,24.99287703003033,1500,8,0.16,4,0.8,1.3,1.25,0.5272404528059862,0.6401824000004126,16,0.7041874021823634,0.980542480524961,1472,1407,True,ok
bc330dd9c3e1f1b01da77bddae27b46d527be4483da6954817e855004b3ce641,theiler,T1: 0.75×,17,26,Awake,24.99287703003033,1500,8,0.16,4,0.8,1.3,0.75,0.5178132797879262,0.4001140000002579,10,0.7205132833098493,0.9593217743148348,1472,1432,True,ok
bc330dd9c3e1f1b01da77bddae27b46d527be4483da6954817e855004b3ce641,theiler,T3: 1.25×,17,26,Awake,24.99287703003033,1500,8,0.16,4,0.8,1.3,1.25,0.5178132797879262,0.6401824000004126,16,0.7193279923918671,0.9587999688778462,1472,1432,True,ok
bc330dd9c3e1f1b01da77bddae27b46d527be4483da6954817e855004b3ce641,theiler,T1: 0.75×,17,27,Awake,24.99287703003033,1500,8,0.16,4,0.8,1.3,0.75,0.562246762792431,0.44012540000028366,11,0.8106148096202366,0.9800108292958118,1472,1398,True,ok
bc330dd9c3e1f1b01da77bddae27b46d527be4483da6954817e855004b3ce641,theiler,T3: 1.25×,17,27,Awake,24.99287703003033,1500,8,0.16,4,0.8,1.3,1.25,0.562246762792431,0.7202052000004642,18,0.8269040340640302,0.979760958492054,1472,1406,True,ok
bc330dd9c3e1f1b01da77bddae27b46d527be4483da6954817e855004b3ce641,theiler,T1: 0.75×,17,29,Awake,24.99287703003033,1500,8,0.16,4,0.8,1.3,0.75,0.569313162626231,0.44012540000028366,11,0.8313957273077991,0.9913836399572901,1472,1411,True,ok
bc330dd9c3e1f1b01da77bddae27b46d527be4483da6954817e855004b3ce641,theiler,T3: 1.25×,17,29,Awake,24.99287703003033,1500,8,0.16,4,0.8,1.3,1.25,0.569313162626231,0.7202052000004642,18,0.8275693678493234,0.9899193684865829,1472,1411,True,ok
bc330dd9c3e1f1b01da77bddae27b46d527be4483da6954817e855004b3ce641,theiler,T1: 0.75×,17,30,Awake,24.99287703003033,1500,8,0.16,4,0.8,1.3,0.75,0.6001857620749118,0.44012540000028366,11,0.9843176927825323,0.9974252679832959,1472,1388,True,ok
bc330dd9c3e1f1b01da77bddae27b46d527be4483da6954817e855004b3ce641,theiler,T3: 1.25×,17,30,Awake,24.99287703003033,1500,8,0.16,4,0.8,1.3,1.25,0.6001857620749118,0.76021660000049,19,0.9867829010284843,0.9962895642511057,1472,1388,True,ok
bc330dd9c3e1f1b01da77bddae27b46d527be4483da6954817e855004b3ce641,theiler,T1: 0.75×,17,31,Awake,24.99287703003033,1500,8,0.16,4,0.8,1.3,0.75,0.5924375346577944,0.44012540000028366,11,0.8131017355085356,0.9881394697048682,1472,1439,True,ok
bc330dd9c3e1f1b01da77bddae27b46d527be4483da6954817e855004b3ce641,theiler,T3: 1.25×,17,31,Awake,24.99287703003033,1500,8,0.16,4,0.8,1.3,1.25,0.5924375346577944,0.76021660000049,19,0.8037619561821585,0.9879316169843381,1472,1438,True,ok
bc330dd9c3e1f1b01da77bddae27b46d527be4483da6954817e855004b3ce641,theiler,T1: 0.75×,17,32,Awake,24.99287703003033,1500,8,0.16,4,0.8,1.3,0.75,0.6052892714115573,0.44012540000028366,11,0.9089670356367753,0.9766690856857415,1472,1402,True,ok
bc330dd9c3e1f1b01da77bddae27b46d527be4483da6954817e855004b3ce641,theiler,T3: 1.25×,17,32,Awake,24.99287703003033,1500,8,0.16,4,0.8,1.3,1.25,0.6052892714115573,0.76021660000049,19,0.9039646763212472,0.9774326285608737,1472,1402,True,ok
bc330dd9c3e1f1b01da77bddae27b46d527be4483da6954817e855004b3ce641,theiler,T1: 0.75×,17,33,Drowsy,24.99287703003033,1500,8,0.16,4,0.8,1.3,0.75,0.561025325850175,0.44012540000028366,11,0.7241759933057124,0.922038410260362,1472,1405,True,ok
bc330dd9c3e1f1b01da77bddae27b46d527be4483da6954817e855004b3ce641,theiler,T3: 1.25×,17,33,Drowsy,24.99287703003033,1500,8,0.16,4,0.8,1.3,1.25,0.561025325850175,0.7202052000004642,18,0.7337339302724257,0.922020261808654,1472,1405,True,ok
bc330dd9c3e1f1b01da77bddae27b46d527be4483da6954817e855004b3ce641,theiler,T1: 0.75×,17,34,Drowsy,24.99287703003033,1500,8,0.16,4,0.8,1.3,0.75,0.5878796439741136,0.44012540000028366,11,0.688121265125071,0.9872056872943211,1472,1408,True,ok
bc330dd9c3e1f1b01da77bddae27b46d527be4483da6954817e855004b3ce641,theiler,T3: 1.25×,17,34,Drowsy,24.99287703003033,1500,8,0.16,4,0.8,1.3,1.25,0.5878796439741136,0.7202052000004642,18,0.6884811597871927,0.9880424218703316,1472,1408,True,ok
bc330dd9c3e1f1b01da77bddae27b46d527be4483da6954817e855004b3ce641,theiler,T1: 0.75×,17,35,Drowsy,24.99287703003033,1500,8,0.16,4,0.8,1.3,0.75,0.5771764763838457,0.44012540000028366,11,0.735056762110695,0.9556033725839076,1472,1405,True,ok
bc330dd9c3e1f1b01da77bddae27b46d527be4483da6954817e855004b3ce641,theiler,T3: 1.25×,17,35,Drowsy,24.99287703003033,1500,8,0.16,4,0.8,1.3,1.25,0.5771764763838457,0.7202052000004642,18,0.7342774751171535,0.9561406468966077,1472,1405,True,ok
bc330dd9c3e1f1b01da77bddae27b46d527be4483da6954817e855004b3ce641,theiler,T1: 0.75×,17,36,Drowsy,24.99287703003033,1500,8,0.16,4,0.8,1.3,0.75,0.5735528303988273,0.44012540000028366,11,0.8480148797763861,0.9886007258322373,1472,1397,True,ok
bc330dd9c3e1f1b01da77bddae27b46d527be4483da6954817e855004b3ce641,theiler,T3: 1.25×,17,36,Drowsy,24.99287703003033,1500,8,0.16,4,0.8,1.3,1.25,0.5735528303988273,0.7202052000004642,18,0.8565964883496906,0.9878350546630444,1472,1397,True,ok
bc330dd9c3e1f1b01da77bddae27b46d527be4483da6954817e855004b3ce641,theiler,T1: 0.75×,17,37,Drowsy,24.99287703003033,1500,8,0.16,4,0.8,1.3,0.75,0.5836430192382156,0.44012540000028366,11,0.8986869225127031,0.972373925824592,1472,1410,True,ok
bc330dd9c3e1f1b01da77bddae27b46d527be4483da6954817e855004b3ce641,theiler,T3: 1.25×,17,37,Drowsy,24.99287703003033,1500,8,0.16,4,0.8,1.3,1.25,0.5836430192382156,0.7202052000004642,18,0.8986869225127031,0.972373925824592,1472,1410,True,ok
bc330dd9c3e1f1b01da77bddae27b46d527be4483da6954817e855004b3ce641,theiler,T1: 0.75×,17,38,Drowsy,24.99287703003033,1500,8,0.16,4,0.8,1.3,0.75,0.5403376293463181,0.4001140000002579,10,0.8633531647589517,0.960870806973392,1472,1421,True,ok
bc330dd9c3e1f1b01da77bddae27b46d527be4483da6954817e855004b3ce641,theiler,T3: 1.25×,17,38,Drowsy,24.99287703003033,1500,8,0.16,4,0.8,1.3,1.25,0.5403376293463181,0.6801938000004384,17,0.8864743050389592,0.9683846605923017,1472,1421,True,ok
bc330dd9c3e1f1b01da77bddae27b46d527be4483da6954817e855004b3ce641,theiler,T1: 0.75×,17,39,Drowsy,24.99287703003033,1500,8,0.16,4,0.8,1.3,0.75,0.5602798701549693,0.44012540000028366,11,0.6796475058860156,0.9569039226419042,1472,1421,True,ok
bc330dd9c3e1f1b01da77bddae27b46d527be4483da6954817e855004b3ce641,theiler,T3: 1.25×,17,39,Drowsy,24.99287703003033,1500,8,0.16,4,0.8,1.3,1.25,0.5602798701549693,0.7202052000004642,18,0.672757133022258,0.9595925163738098,1472,1412,True,ok
bc330dd9c3e1f1b01da77bddae27b46d527be4483da6954817e855004b3ce641,theiler,T1: 0.75×,17,40,Drowsy,24.99287703003033,1500,8,0.16,4,0.8,1.3,0.75,0.5233697311133617,0.4001140000002579,10,0.7907704087127789,0.9697604693860937,1472,1395,True,ok
bc330dd9c3e1f1b01da77bddae27b46d527be4483da6954817e855004b3ce641,theiler,T3: 1.25×,17,40,Drowsy,24.99287703003033,1500,8,0.16,4,0.8,1.3,1.25,0.5233697311133617,0.6401824000004126,16,0.7843930090547236,0.9698383814077154,1472,1395,True,ok
bc330dd9c3e1f1b01da77bddae27b46d527be4483da6954817e855004b3ce641,theiler,T1: 0.75×,17,41,Drowsy,24.99287703003033,1500,8,0.16,4,0.8,1.3,0.75,0.5422372596825472,0.4001140000002579,10,0.8099698558373862,0.9624249809601426,1472,1397,True,ok
bc330dd9c3e1f1b01da77bddae27b46d527be4483da6954817e855004b3ce641,theiler,T3: 1.25×,17,41,Drowsy,24.99287703003033,1500,8,0.16,4,0.8,1.3,1.25,0.5422372596825472,0.6801938000004384,17,0.8098805526787898,0.9621219298886686,1472,1397,True,ok
bc330dd9c3e1f1b01da77bddae27b46d527be4483da6954817e855004b3ce641,theiler,T1: 0.75×,17,42,Drowsy,24.99287703003033,1500,8,0.16,4,0.8,1.3,0.75,0.5164420679536281,0.4001140000002579,10,0.9059846477729028,0.993694666195846,1472,1413,True,ok
bc330dd9c3e1f1b01da77bddae27b46d527be4483da6954817e855004b3ce641,theiler,T3: 1.25×,17,42,Drowsy,24.99287703003033,1500,8,0.16,4,0.8,1.3,1.25,0.5164420679536281,0.6401824000004126,16,0.9023953398989071,0.9952819257813343,1472,1412,True,ok
bc330dd9c3e1f1b01da77bddae27b46d527be4483da6954817e855004b3ce641,theiler,T1: 0.75×,17,43,Drowsy,24.99287703003033,1500,8,0.16,4,0.8,1.3,0.75,0.5241665925608763,0.4001140000002579,10,0.7470656030957965,0.9678065197909087,1472,1421,True,ok
bc330dd9c3e1f1b01da77bddae27b46d527be4483da6954817e855004b3ce641,theiler,T3: 1.25×,17,43,Drowsy,24.99287703003033,1500,8,0.16,4,0.8,1.3,1.25,0.5241665925608763,0.6401824000004126,16,0.7470656030957965,0.9678065197909087,1472,1421,True,ok
bc330dd9c3e1f1b01da77bddae27b46d527be4483da6954817e855004b3ce641,theiler,T1: 0.75×,18,1,Awake,24.997500250004045,1500,8,0.16,4,0.8,1.3,0.75,0.40163922914701866,0.32003199999962817,8,0.7349359824276808,0.972827721927072,1472,1425,True,ok
bc330dd9c3e1f1b01da77bddae27b46d527be4483da6954817e855004b3ce641,theiler,T3: 1.25×,18,1,Awake,24.997500250004045,1500,8,0.16,4,0.8,1.3,1.25,0.40163922914701866,0.5200519999993958,13,0.7349359824276808,0.972827721927072,1472,1425,True,ok
bc330dd9c3e1f1b01da77bddae27b46d527be4483da6954817e855004b3ce641,theiler,T1: 0.75×,18,2,Awake,24.997500250004045,1500,8,0.16,4,0.8,1.3,0.75,0.411006377662941,0.32003199999962817,8,0.8303969788863579,0.9755208178554825,1472,1393,True,ok
bc330dd9c3e1f1b01da77bddae27b46d527be4483da6954817e855004b3ce641,theiler,T3: 1.25×,18,2,Awake,24.997500250004045,1500,8,0.16,4,0.8,1.3,1.25,0.411006377662941,0.5200519999993958,13,0.8299731415023297,0.9760486805885644,1472,1393,True,ok
bc330dd9c3e1f1b01da77bddae27b46d527be4483da6954817e855004b3ce641,theiler,T1: 0.75×,18,3,Awake,24.997500250004045,1500,8,0.16,4,0.8,1.3,0.75,0.41653020246043954,0.32003199999962817,8,0.8535536651096041,0.9913842483162153,1472,1407,True,ok
bc330dd9c3e1f1b01da77bddae27b46d527be4483da6954817e855004b3ce641,theiler,T3: 1.25×,18,3,Awake,24.997500250004045,1500,8,0.16,4,0.8,1.3,1.25,0.41653020246043954,0.5200519999993958,13,0.8535536651096041,0.9913842483162153,1472,1407,True,ok
bc330dd9c3e1f1b01da77bddae27b46d527be4483da6954817e855004b3ce641,theiler,T1: 0.75×,18,4,Awake,24.997500250004045,1500,8,0.16,4,0.8,1.3,0.75,0.4174674831595604,0.32003199999962817,8,0.770406521540516,0.9661679286413765,1472,1416,True,ok
bc330dd9c3e1f1b01da77bddae27b46d527be4483da6954817e855004b3ce641,theiler,T3: 1.25×,18,4,Awake,24.997500250004045,1500,8,0.16,4,0.8,1.3,1.25,0.4174674831595604,0.5200519999993958,13,0.770406521540516,0.9661679286413765,1472,1416,True,ok
bc330dd9c3e1f1b01da77bddae27b46d527be4483da6954817e855004b3ce641,theiler,T1: 0.75×,18,5,Awake,24.997500250004045,1500,8,0.16,4,0.8,1.3,0.75,0.4065440777406775,0.32003199999962817,8,0.8279239902034924,0.978295463769623,1472,1400,True,ok
bc330dd9c3e1f1b01da77bddae27b46d527be4483da6954817e855004b3ce641,theiler,T3: 1.25×,18,5,Awake,24.997500250004045,1500,8,0.16,4,0.8,1.3,1.25,0.4065440777406775,0.5200519999993958,13,0.8279239902034924,0.978295463769623,1472,1400,True,ok
bc330dd9c3e1f1b01da77bddae27b46d527be4483da6954817e855004b3ce641,theiler,T1: 0.75×,18,6,Awake,24.997500250004045,1500,8,0.16,4,0.8,1.3,0.75,0.4254639649117107,0.32003199999962817,8,0.7322483160726154,0.9587560047027499,1472,1426,True,ok
bc330dd9c3e1f1b01da77bddae27b46d527be4483da6954817e855004b3ce641,theiler,T3: 1.25×,18,6,Awake,24.997500250004045,1500,8,0.16,4,0.8,1.3,1.25,0.4254639649117107,0.5200519999993958,13,0.7322483160726154,0.9587560047027499,1472,1426,True,ok
bc330dd9c3e1f1b01da77bddae27b46d527be4483da6954817e855004b3ce641,theiler,T1: 0.75×,18,7,Awake,24.997500250004045,1500,8,0.16,4,0.8,1.3,0.75,0.41115029068027065,0.32003199999962817,8,0.7155810118549613,0.988272124484515,1472,1429,True,ok
bc330dd9c3e1f1b01da77bddae27b46d527be4483da6954817e855004b3ce641,theiler,T3: 1.25×,18,7,Awake,24.997500250004045,1500,8,0.16,4,0.8,1.3,1.25,0.41115029068027065,0.5200519999993958,13,0.7155810118549613,0.988272124484515,1472,1429,True,ok
bc330dd9c3e1f1b01da77bddae27b46d527be4483da6954817e855004b3ce641,theiler,T1: 0.75×,18,8,Awake,24.997500250004045,1500,8,0.16,4,0.8,1.3,0.75,0.4109706152488755,0.32003199999962817,8,0.6458791972029019,0.9061258266674418,1472,1384,True,ok
bc330dd9c3e1f1b01da77bddae27b46d527be4483da6954817e855004b3ce641,theiler,T3: 1.25×,18,8,Awake,24.997500250004045,1500,8,0.16,4,0.8,1.3,1.25,0.4109706152488755,0.5200519999993958,13,0.6453528456545318,0.907741063156595,1472,1384,True,ok
bc330dd9c3e1f1b01da77bddae27b46d527be4483da6954817e855004b3ce641,theiler,T1: 0.75×,18,9,Awake,24.997500250004045,1500,8,0.16,4,0.8,1.3,0.75,0.4318318316416899,0.32003199999962817,8,0.7032523576336525,0.920065383322411,1472,1428,True,ok
bc330dd9c3e1f1b01da77bddae27b46d527be4483da6954817e855004b3ce641,theiler,T3: 1.25×,18,9,Awake,24.997500250004045,1500,8,0.16,4,0.8,1.3,1.25,0.4318318316416899,0.5200519999993958,13,0.7032523576336525,0.920065383322411,1472,1428,True,ok
bc330dd9c3e1f1b01da77bddae27b46d527be4483da6954817e855004b3ce641,theiler,T1: 0.75×,18,10,Awake,24.997500250004045,1500,8,0.16,4,0.8,1.3,0.75,0.4192627825741215,0.32003199999962817,8,0.7900970303145834,0.9565627443152541,1472,1401,True,ok
bc330dd9c3e1f1b01da77bddae27b46d527be4483da6954817e855004b3ce641,theiler,T3: 1.25×,18,10,Awake,24.997500250004045,1500,8,0.16,4,0.8,1.3,1.25,0.4192627825741215,0.5200519999993958,13,0.7903569148132735,0.9575939455940503,1472,1401,True,ok
bc330dd9c3e1f1b01da77bddae27b46d527be4483da6954817e855004b3ce641,theiler,T1: 0.75×,18,11,Awake,24.997500250004045,1500,8,0.16,4,0.8,1.3,0.75,0.4298394429734663,0.32003199999962817,8,0.7741662037581803,0.9424987348604947,1472,1386,True,ok
bc330dd9c3e1f1b01da77bddae27b46d527be4483da6954817e855004b3ce641,theiler,T3: 1.25×,18,11,Awake,24.997500250004045,1500,8,0.16,4,0.8,1.3,1.25,0.4298394429734663,0.5200519999993958,13,0.7741662037581803,0.9424987348604947,1472,1386,True,ok
bc330dd9c3e1f1b01da77bddae27b46d527be4483da6954817e855004b3ce641,theiler,T1: 0.75×,18,12,Awake,24.997500250004045,1500,8,0.16,4,0.8,1.3,0.75,0.410841146166352,0.32003199999962817,8,0.676848152242325,0.9694846347693677,1472,1388,True,ok
bc330dd9c3e1f1b01da77bddae27b46d527be4483da6954817e855004b3ce641,theiler,T3: 1.25×,18,12,Awake,24.997500250004045,1500,8,0.16,4,0.8,1.3,1.25,0.410841146166352,0.5200519999993958,13,0.676848152242325,0.9694846347693677,1472,1388,True,ok
bc330dd9c3e1f1b01da77bddae27b46d527be4483da6954817e855004b3ce641,theiler,T1: 0.75×,18,13,Awake,24.997500250004045,1500,8,0.16,4,0.8,1.3,0.75,0.4108041765394257,0.32003199999962817,8,0.6191310618553605,0.9633923477115903,1472,1421,True,ok
bc330dd9c3e1f1b01da77bddae27b46d527be4483da6954817e855004b3ce641,theiler,T3: 1.25×,18,13,Awake,24.997500250004045,1500,8,0.16,4,0.8,1.3,1.25,0.4108041765394257,0.5200519999993958,13,0.6191310618553605,0.9633923477115903,1472,1421,True,ok
bc330dd9c3e1f1b01da77bddae27b46d527be4483da6954817e855004b3ce641,theiler,T1: 0.75×,18,14,Awake,24.997500250004045,1500,8,0.16,4,0.8,1.3,0.75,0.41171463928080165,0.32003199999962817,8,0.6265414073522144,0.8828256162031723,1472,1423,False,low_fit_r2
bc330dd9c3e1f1b01da77bddae27b46d527be4483da6954817e855004b3ce641,theiler,T3: 1.25×,18,14,Awake,24.997500250004045,1500,8,0.16,4,0.8,1.3,1.25,0.41171463928080165,0.5200519999993958,13,0.6265414073522144,0.8828256162031723,1472,1423,False,low_fit_r2
bc330dd9c3e1f1b01da77bddae27b46d527be4483da6954817e855004b3ce641,theiler,T1: 0.75×,18,16,Drowsy,24.997500250004045,1500,8,0.16,4,0.8,1.3,0.75,0.4002417370552328,0.32003199999962817,8,1.0142148482284106,0.989685092045448,1472,1419,True,ok
bc330dd9c3e1f1b01da77bddae27b46d527be4483da6954817e855004b3ce641,theiler,T3: 1.25×,18,16,Drowsy,24.997500250004045,1500,8,0.16,4,0.8,1.3,1.25,0.4002417370552328,0.5200519999993958,13,1.0142148482284106,0.989685092045448,1472,1419,True,ok
bc330dd9c3e1f1b01da77bddae27b46d527be4483da6954817e855004b3ce641,theiler,T1: 0.75×,18,18,Drowsy,24.997500250004045,1500,8,0.16,4,0.8,1.3,0.75,0.4250271973002129,0.32003199999962817,8,0.840945381983567,0.9690930717437356,1472,1410,True,ok
bc330dd9c3e1f1b01da77bddae27b46d527be4483da6954817e855004b3ce641,theiler,T3: 1.25×,18,18,Drowsy,24.997500250004045,1500,8,0.16,4,0.8,1.3,1.25,0.4250271973002129,0.5200519999993958,13,0.840945381983567,0.9690930717437356,1472,1410,True,ok
bc330dd9c3e1f1b01da77bddae27b46d527be4483da6954817e855004b3ce641,theiler,T1: 0.75×,18,19,Drowsy,24.997500250004045,1500,8,0.16,4,0.8,1.3,0.75,0.41529491568504967,0.32003199999962817,8,0.9343032993388931,0.9817892845842825,1472,1411,True,ok
bc330dd9c3e1f1b01da77bddae27b46d527be4483da6954817e855004b3ce641,theiler,T3: 1.25×,18,19,Drowsy,24.997500250004045,1500,8,0.16,4,0.8,1.3,1.25,0.41529491568504967,0.5200519999993958,13,0.9343032993388931,0.9817892845842825,1472,1411,True,ok
bc330dd9c3e1f1b01da77bddae27b46d527be4483da6954817e855004b3ce641,theiler,T1: 0.75×,18,20,Drowsy,24.997500250004045,1500,8,0.16,4,0.8,1.3,0.75,0.4034700363780772,0.32003199999962817,8,0.7386410675597453,0.9413629800086158,1472,1411,True,ok
bc330dd9c3e1f1b01da77bddae27b46d527be4483da6954817e855004b3ce641,theiler,T3: 1.25×,18,20,Drowsy,24.997500250004045,1500,8,0.16,4,0.8,1.3,1.25,0.4034700363780772,0.5200519999993958,13,0.7386410675597453,0.9413629800086158,1472,1411,True,ok
bc330dd9c3e1f1b01da77bddae27b46d527be4483da6954817e855004b3ce641,theiler,T1: 0.75×,18,21,Drowsy,24.997500250004045,1500,8,0.16,4,0.8,1.3,0.75,0.40050215156151026,0.32003199999962817,8,0.7689975643536235,0.9628169017343563,1472,1432,True,ok
bc330dd9c3e1f1b01da77bddae27b46d527be4483da6954817e855004b3ce641,theiler,T3: 1.25×,18,21,Drowsy,24.997500250004045,1500,8,0.16,4,0.8,1.3,1.25,0.40050215156151026,0.5200519999993958,13,0.7768575053080407,0.9601044570911225,1472,1432,True,ok
bc330dd9c3e1f1b01da77bddae27b46d527be4483da6954817e855004b3ce641,theiler,T1: 0.75×,18,22,Drowsy,24.997500250004045,1500,8,0.16,4,0.8,1.3,0.75,0.40285751254976143,0.32003199999962817,8,0.6402068259658454,0.9659811893343336,1472,1429,True,ok
bc330dd9c3e1f1b01da77bddae27b46d527be4483da6954817e855004b3ce641,theiler,T3: 1.25×,18,22,Drowsy,24.997500250004045,1500,8,0.16,4,0.8,1.3,1.25,0.40285751254976143,0.5200519999993958,13,0.6402068259658454,0.9659811893343336,1472,1429,True,ok
bc330dd9c3e1f1b01da77bddae27b46d527be4483da6954817e855004b3ce641,theiler,T1: 0.75×,18,23,Drowsy,24.997500250004045,1500,8,0.16,4,0.8,1.3,0.75,0.40749803507768945,0.32003199999962817,8,0.6727942538584475,0.9124690470704082,1472,1381,True,ok
bc330dd9c3e1f1b01da77bddae27b46d527be4483da6954817e855004b3ce641,theiler,T3: 1.25×,18,23,Drowsy,24.997500250004045,1500,8,0.16,4,0.8,1.3,1.25,0.40749803507768945,0.5200519999993958,13,0.6727942538584475,0.9124690470704082,1472,1381,True,ok
bc330dd9c3e1f1b01da77bddae27b46d527be4483da6954817e855004b3ce641,theiler,T1: 0.75×,18,24,Drowsy,24.997500250004045,1500,8,0.16,4,0.8,1.3,0.75,0.4091974845570039,0.32003199999962817,8,0.8050309307155703,0.978778881237661,1472,1416,True,ok
bc330dd9c3e1f1b01da77bddae27b46d527be4483da6954817e855004b3ce641,theiler,T3: 1.25×,18,24,Drowsy,24.997500250004045,1500,8,0.16,4,0.8,1.3,1.25,0.4091974845570039,0.5200519999993958,13,0.8050309307155703,0.978778881237661,1472,1416,True,ok
bc330dd9c3e1f1b01da77bddae27b46d527be4483da6954817e855004b3ce641,theiler,T1: 0.75×,18,25,Drowsy,24.997500250004045,1500,8,0.16,4,0.8,1.3,0.75,0.398765925082319,0.28002799999967465,7,0.5783903121119035,0.9310387634727196,1472,1399,True,ok
bc330dd9c3e1f1b01da77bddae27b46d527be4483da6954817e855004b3ce641,theiler,T3: 1.25×,18,25,Drowsy,24.997500250004045,1500,8,0.16,4,0.8,1.3,1.25,0.398765925082319,0.48004799999944225,12,0.5778301517882712,0.930253532110293,1472,1399,True,ok
bc330dd9c3e1f1b01da77bddae27b46d527be4483da6954817e855004b3ce641,theiler,T1: 0.75×,18,26,Drowsy,24.997500250004045,1500,8,0.16,4,0.8,1.3,0.75,0.40423119390511264,0.32003199999962817,8,0.6396456358344346,0.9356542238412029,1472,1372,True,ok
bc330dd9c3e1f1b01da77bddae27b46d527be4483da6954817e855004b3ce641,theiler,T3: 1.25×,18,26,Drowsy,24.997500250004045,1500,8,0.16,4,0.8,1.3,1.25,0.40423119390511264,0.5200519999993958,13,0.6396456358344346,0.9356542238412029,1472,1372,True,ok
bc330dd9c3e1f1b01da77bddae27b46d527be4483da6954817e855004b3ce641,theiler,T1: 0.75×,18,27,Awake,24.997500250004045,1500,8,0.16,4,0.8,1.3,0.75,0.4182202030398245,0.32003199999962817,8,0.6597193747656955,0.9730098670538347,1472,1397,True,ok
bc330dd9c3e1f1b01da77bddae27b46d527be4483da6954817e855004b3ce641,theiler,T3: 1.25×,18,27,Awake,24.997500250004045,1500,8,0.16,4,0.8,1.3,1.25,0.4182202030398245,0.5200519999993958,13,0.6686517634277158,0.9739882685758462,1472,1397,True,ok
bc330dd9c3e1f1b01da77bddae27b46d527be4483da6954817e855004b3ce641,theiler,T1: 0.75×,18,28,Awake,24.997500250004045,1500,8,0.16,4,0.8,1.3,0.75,0.4253431224784096,0.32003199999962817,8,0.5804046306491497,0.9488029075271668,1472,1391,True,ok
bc330dd9c3e1f1b01da77bddae27b46d527be4483da6954817e855004b3ce641,theiler,T3: 1.25×,18,28,Awake,24.997500250004045,1500,8,0.16,4,0.8,1.3,1.25,0.4253431224784096,0.5200519999993958,13,0.5804046306491497,0.9488029075271668,1472,1391,True,ok
bc330dd9c3e1f1b01da77bddae27b46d527be4483da6954817e855004b3ce641,theiler,T1: 0.75×,18,29,Awake,24.997500250004045,1500,8,0.16,4,0.8,1.3,0.75,0.43454437090417736,0.32003199999962817,8,0.6426328727347647,0.9035140625434813,1472,1409,True,ok
bc330dd9c3e1f1b01da77bddae27b46d527be4483da6954817e855004b3ce641,theiler,T3: 1.25×,18,29,Awake,24.997500250004045,1500,8,0.16,4,0.8,1.3,1.25,0.43454437090417736,0.5600559999993493,14,0.6430663535459838,0.9043056539075119,1472,1411,True,ok
bc330dd9c3e1f1b01da77bddae27b46d527be4483da6954817e855004b3ce641,theiler,T1: 0.75×,18,30,Awake,24.997500250004045,1500,8,0.16,4,0.8,1.3,0.75,0.4255901931298189,0.32003199999962817,8,0.6703984966061455,0.9385182910225625,1472,1434,True,ok
bc330dd9c3e1f1b01da77bddae27b46d527be4483da6954817e855004b3ce641,theiler,T3: 1.25×,18,30,Awake,24.997500250004045,1500,8,0.16,4,0.8,1.3,1.25,0.4255901931298189,0.5200519999993958,13,0.6703984966061455,0.9385182910225625,1472,1434,True,ok
bc330dd9c3e1f1b01da77bddae27b46d527be4483da6954817e855004b3ce641,theiler,T1: 0.75×,18,31,Awake,24.997500250004045,1500,8,0.16,4,0.8,1.3,0.75,0.3935342044404347,0.28002799999967465,7,0.6076358091001272,0.961346796492768,1472,1402,True,ok
bc330dd9c3e1f1b01da77bddae27b46d527be4483da6954817e855004b3ce641,theiler,T3: 1.25×,18,31,Awake,24.997500250004045,1500,8,0.16,4,0.8,1.3,1.25,0.3935342044404347,0.48004799999944225,12,0.6076358091001272,0.961346796492768,1472,1402,True,ok
bc330dd9c3e1f1b01da77bddae27b46d527be4483da6954817e855004b3ce641,theiler,T1: 0.75×,18,32,Drowsy,24.997500250004045,1500,8,0.16,4,0.8,1.3,0.75,0.41206599100630603,0.32003199999962817,8,0.6637661301096061,0.9600914125152297,1472,1421,True,ok
bc330dd9c3e1f1b01da77bddae27b46d527be4483da6954817e855004b3ce641,theiler,T3: 1.25×,18,32,Drowsy,24.997500250004045,1500,8,0.16,4,0.8,1.3,1.25,0.41206599100630603,0.5200519999993958,13,0.6637661301096061,0.9600914125152297,1472,1421,True,ok
bc330dd9c3e1f1b01da77bddae27b46d527be4483da6954817e855004b3ce641,theiler,T1: 0.75×,18,33,Drowsy,24.997500250004045,1500,8,0.16,4,0.8,1.3,0.75,0.43530319079089286,0.32003199999962817,8,0.8087591916660706,0.9598530078086867,1472,1430,True,ok
bc330dd9c3e1f1b01da77bddae27b46d527be4483da6954817e855004b3ce641,theiler,T3: 1.25×,18,33,Drowsy,24.997500250004045,1500,8,0.16,4,0.8,1.3,1.25,0.43530319079089286,0.5600559999993493,14,0.8013492213361092,0.9584601250637126,1472,1430,True,ok
bc330dd9c3e1f1b01da77bddae27b46d527be4483da6954817e855004b3ce641,theiler,T1: 0.75×,18,34,Drowsy,24.997500250004045,1500,8,0.16,4,0.8,1.3,0.75,0.4236024870900581,0.32003199999962817,8,0.6220689456672541,0.7962734891832431,1472,1433,False,low_fit_r2
bc330dd9c3e1f1b01da77bddae27b46d527be4483da6954817e855004b3ce641,theiler,T3: 1.25×,18,34,Drowsy,24.997500250004045,1500,8,0.16,4,0.8,1.3,1.25,0.4236024870900581,0.5200519999993958,13,0.6220689456672541,0.7962734891832431,1472,1433,False,low_fit_r2
bc330dd9c3e1f1b01da77bddae27b46d527be4483da6954817e855004b3ce641,theiler,T1: 0.75×,18,35,Drowsy,24.997500250004045,1500,8,0.16,4,0.8,1.3,0.75,0.42750274656467213,0.32003199999962817,8,0.7316022249966754,0.9107846516835423,1472,1402,True,ok
bc330dd9c3e1f1b01da77bddae27b46d527be4483da6954817e855004b3ce641,theiler,T3: 1.25×,18,35,Drowsy,24.997500250004045,1500,8,0.16,4,0.8,1.3,1.25,0.42750274656467213,0.5200519999993958,13,0.7316022249966754,0.9107846516835423,1472,1402,True,ok
bc330dd9c3e1f1b01da77bddae27b46d527be4483da6954817e855004b3ce641,theiler,T1: 0.75×,18,36,Drowsy,24.997500250004045,1500,8,0.16,4,0.8,1.3,0.75,0.4000895824641018,0.32003199999962817,8,0.7420464344334756,0.9341308927475255,1472,1422,True,ok
bc330dd9c3e1f1b01da77bddae27b46d527be4483da6954817e855004b3ce641,theiler,T3: 1.25×,18,36,Drowsy,24.997500250004045,1500,8,0.16,4,0.8,1.3,1.25,0.4000895824641018,0.5200519999993958,13,0.7408663185412881,0.9310170975054644,1472,1422,True,ok
bc330dd9c3e1f1b01da77bddae27b46d527be4483da6954817e855004b3ce641,theiler,T1: 0.75×,18,37,Drowsy,24.997500250004045,1500,8,0.16,4,0.8,1.3,0.75,0.43552933586591963,0.32003199999962817,8,0.7615055811658847,0.9661962262251036,1472,1419,True,ok
bc330dd9c3e1f1b01da77bddae27b46d527be4483da6954817e855004b3ce641,theiler,T3: 1.25×,18,37,Drowsy,24.997500250004045,1500,8,0.16,4,0.8,1.3,1.25,0.43552933586591963,0.5600559999993493,14,0.765140383729335,0.9720447172880875,1472,1419,True,ok
bc330dd9c3e1f1b01da77bddae27b46d527be4483da6954817e855004b3ce641,theiler,T1: 0.75×,18,38,Drowsy,24.997500250004045,1500,8,0.16,4,0.8,1.3,0.75,0.4219759795238781,0.32003199999962817,8,0.7503044817133508,0.9767915912854092,1472,1393,True,ok
bc330dd9c3e1f1b01da77bddae27b46d527be4483da6954817e855004b3ce641,theiler,T3: 1.25×,18,38,Drowsy,24.997500250004045,1500,8,0.16,4,0.8,1.3,1.25,0.4219759795238781,0.5200519999993958,13,0.7503044817133508,0.9767915912854092,1472,1393,True,ok
bc330dd9c3e1f1b01da77bddae27b46d527be4483da6954817e855004b3ce641,theiler,T1: 0.75×,18,39,Drowsy,24.997500250004045,1500,8,0.16,4,0.8,1.3,0.75,0.4121783081051613,0.32003199999962817,8,0.9619252258284177,0.9858111803724109,1472,1415,True,ok
bc330dd9c3e1f1b01da77bddae27b46d527be4483da6954817e855004b3ce641,theiler,T3: 1.25×,18,39,Drowsy,24.997500250004045,1500,8,0.16,4,0.8,1.3,1.25,0.4121783081051613,0.5200519999993958,13,0.9619252258284177,0.9858111803724109,1472,1415,True,ok
bc330dd9c3e1f1b01da77bddae27b46d527be4483da6954817e855004b3ce641,theiler,T1: 0.75×,18,41,Drowsy,24.997500250004045,1500,8,0.16,4,0.8,1.3,0.75,0.4297591487639789,0.32003199999962817,8,0.8374473081040874,0.9908195486689513,1472,1438,True,ok
bc330dd9c3e1f1b01da77bddae27b46d527be4483da6954817e855004b3ce641,theiler,T3: 1.25×,18,41,Drowsy,24.997500250004045,1500,8,0.16,4,0.8,1.3,1.25,0.4297591487639789,0.5200519999993958,13,0.8374473081040874,0.9908195486689513,1472,1438,True,ok
bc330dd9c3e1f1b01da77bddae27b46d527be4483da6954817e855004b3ce641,theiler,T1: 0.75×,18,42,Drowsy,24.997500250004045,1500,8,0.16,4,0.8,1.3,0.75,0.43779464083987807,0.32003199999962817,8,0.719116843943448,0.9615930613721488,1472,1425,True,ok
bc330dd9c3e1f1b01da77bddae27b46d527be4483da6954817e855004b3ce641,theiler,T3: 1.25×,18,42,Drowsy,24.997500250004045,1500,8,0.16,4,0.8,1.3,1.25,0.43779464083987807,0.5600559999993493,14,0.7346770242130884,0.9598053268636132,1472,1425,True,ok
bc330dd9c3e1f1b01da77bddae27b46d527be4483da6954817e855004b3ce641,theiler,T1: 0.75×,18,43,Drowsy,24.997500250004045,1500,8,0.16,4,0.8,1.3,0.75,0.43605857285422683,0.32003199999962817,8,0.7660639487511699,0.9782446092896205,1472,1425,True,ok
bc330dd9c3e1f1b01da77bddae27b46d527be4483da6954817e855004b3ce641,theiler,T3: 1.25×,18,43,Drowsy,24.997500250004045,1500,8,0.16,4,0.8,1.3,1.25,0.43605857285422683,0.5600559999993493,14,0.7662208628639188,0.9779435293135048,1472,1425,True,ok
bc330dd9c3e1f1b01da77bddae27b46d527be4483da6954817e855004b3ce641,theiler,T1: 0.75×,19,1,Awake,24.996219321763952,1500,8,0.16,4,0.8,1.3,0.75,0.406857041259778,0.3200484000008146,8,0.6808208559159854,0.9892761863614103,1472,1401,True,ok
bc330dd9c3e1f1b01da77bddae27b46d527be4483da6954817e855004b3ce641,theiler,T3: 1.25×,19,1,Awake,24.996219321763952,1500,8,0.16,4,0.8,1.3,1.25,0.406857041259778,0.5200786500013237,13,0.6801430044328584,0.9897239830793167,1472,1401,True,ok
bc330dd9c3e1f1b01da77bddae27b46d527be4483da6954817e855004b3ce641,theiler,T1: 0.75×,19,2,Awake,24.996219321763952,1500,8,0.16,4,0.8,1.3,0.75,0.4259521325797029,0.3200484000008146,8,0.6451312769261961,0.9540643568864294,1472,1431,True,ok
bc330dd9c3e1f1b01da77bddae27b46d527be4483da6954817e855004b3ce641,theiler,T3: 1.25×,19,2,Awake,24.996219321763952,1500,8,0.16,4,0.8,1.3,1.25,0.4259521325797029,0.5200786500013237,13,0.6451312769261961,0.9540643568864294,1472,1431,True,ok
bc330dd9c3e1f1b01da77bddae27b46d527be4483da6954817e855004b3ce641,theiler,T1: 0.75×,19,3,Awake,24.996219321763952,1500,8,0.16,4,0.8,1.3,0.75,0.4260582132419751,0.3200484000008146,8,0.7139256386233155,0.965090925278576,1472,1391,True,ok
bc330dd9c3e1f1b01da77bddae27b46d527be4483da6954817e855004b3ce641,theiler,T3: 1.25×,19,3,Awake,24.996219321763952,1500,8,0.16,4,0.8,1.3,1.25,0.4260582132419751,0.5200786500013237,13,0.7139256386233155,0.965090925278576,1472,1391,True,ok
bc330dd9c3e1f1b01da77bddae27b46d527be4483da6954817e855004b3ce641,theiler,T1: 0.75×,19,4,Awake,24.996219321763952,1500,8,0.16,4,0.8,1.3,0.75,0.428455129580452,0.3200484000008146,8,0.7648448493195543,0.8949036994983249,1472,1402,False,low_fit_r2
bc330dd9c3e1f1b01da77bddae27b46d527be4483da6954817e855004b3ce641,theiler,T3: 1.25×,19,4,Awake,24.996219321763952,1500,8,0.16,4,0.8,1.3,1.25,0.428455129580452,0.5200786500013237,13,0.7648448493195543,0.8949036994983249,1472,1402,False,low_fit_r2
bc330dd9c3e1f1b01da77bddae27b46d527be4483da6954817e855004b3ce641,theiler,T1: 0.75×,19,5,Awake,24.996219321763952,1500,8,0.16,4,0.8,1.3,0.75,0.4269185461881471,0.3200484000008146,8,0.7945419217912368,0.9499115288042896,1472,1412,True,ok
bc330dd9c3e1f1b01da77bddae27b46d527be4483da6954817e855004b3ce641,theiler,T3: 1.25×,19,5,Awake,24.996219321763952,1500,8,0.16,4,0.8,1.3,1.25,0.4269185461881471,0.5200786500013237,13,0.7945419217912368,0.9499115288042896,1472,1412,True,ok
bc330dd9c3e1f1b01da77bddae27b46d527be4483da6954817e855004b3ce641,theiler,T1: 0.75×,19,6,Awake,24.996219321763952,1500,8,0.16,4,0.8,1.3,0.75,0.42774201237386933,0.3200484000008146,8,0.8186383930766036,0.9572619551900227,1472,1415,True,ok
bc330dd9c3e1f1b01da77bddae27b46d527be4483da6954817e855004b3ce641,theiler,T3: 1.25×,19,6,Awake,24.996219321763952,1500,8,0.16,4,0.8,1.3,1.25,0.42774201237386933,0.5200786500013237,13,0.8186383930766036,0.9572619551900227,1472,1415,True,ok
bc330dd9c3e1f1b01da77bddae27b46d527be4483da6954817e855004b3ce641,theiler,T1: 0.75×,19,7,Awake,24.996219321763952,1500,8,0.16,4,0.8,1.3,0.75,0.432860041063586,0.3200484000008146,8,0.8063281257541555,0.9828572003382748,1472,1397,True,ok
bc330dd9c3e1f1b01da77bddae27b46d527be4483da6954817e855004b3ce641,theiler,T3: 1.25×,19,7,Awake,24.996219321763952,1500,8,0.16,4,0.8,1.3,1.25,0.432860041063586,0.5600847000014255,14,0.8063281257541555,0.9828572003382748,1472,1397,True,ok
bc330dd9c3e1f1b01da77bddae27b46d527be4483da6954817e855004b3ce641,theiler,T1: 0.75×,19,8,Awake,24.996219321763952,1500,8,0.16,4,0.8,1.3,0.75,0.44745792669076034,0.3200484000008146,8,0.8262035684922516,0.983624120078343,1472,1396,True,ok
bc330dd9c3e1f1b01da77bddae27b46d527be4483da6954817e855004b3ce641,theiler,T3: 1.25×,19,8,Awake,24.996219321763952,1500,8,0.16,4,0.8,1.3,1.25,0.44745792669076034,0.5600847000014255,14,0.8262035684922516,0.983624120078343,1472,1396,True,ok
bc330dd9c3e1f1b01da77bddae27b46d527be4483da6954817e855004b3ce641,theiler,T1: 0.75×,19,9,Awake,24.996219321763952,1500,8,0.16,4,0.8,1.3,0.75,0.43445724454705853,0.3200484000008146,8,0.7598943540217235,0.9693004375762093,1472,1403,True,ok
bc330dd9c3e1f1b01da77bddae27b46d527be4483da6954817e855004b3ce641,theiler,T3: 1.25×,19,9,Awake,24.996219321763952,1500,8,0.16,4,0.8,1.3,1.25,0.43445724454705853,0.5600847000014255,14,0.7612637514263195,0.9696624565954649,1472,1397,True,ok
bc330dd9c3e1f1b01da77bddae27b46d527be4483da6954817e855004b3ce641,theiler,T1: 0.75×,19,10,Awake,24.996219321763952,1500,8,0.16,4,0.8,1.3,0.75,0.4436527000124621,0.3200484000008146,8,0.8461753882159756,0.975161824158925,1472,1411,True,ok
bc330dd9c3e1f1b01da77bddae27b46d527be4483da6954817e855004b3ce641,theiler,T3: 1.25×,19,10,Awake,24.996219321763952,1500,8,0.16,4,0.8,1.3,1.25,0.4436527000124621,0.5600847000014255,14,0.8461753882159756,0.975161824158925,1472,1411,True,ok
bc330dd9c3e1f1b01da77bddae27b46d527be4483da6954817e855004b3ce641,theiler,T1: 0.75×,19,11,Awake,24.996219321763952,1500,8,0.16,4,0.8,1.3,0.75,0.43610668681315395,0.3200484000008146,8,0.9343993716285126,0.9947621984282343,1472,1412,True,ok
bc330dd9c3e1f1b01da77bddae27b46d527be4483da6954817e855004b3ce641,theiler,T3: 1.25×,19,11,Awake,24.996219321763952,1500,8,0.16,4,0.8,1.3,1.25,0.43610668681315395,0.5600847000014255,14,0.9521852473214584,0.9954402770736207,1472,1401,True,ok
bc330dd9c3e1f1b01da77bddae27b46d527be4483da6954817e855004b3ce641,theiler,T1: 0.75×,19,12,Awake,24.996219321763952,1500,8,0.16,4,0.8,1.3,0.75,0.4148862166404697,0.3200484000008146,8,0.752150224225315,0.9634647668959978,1472,1376,True,ok
bc330dd9c3e1f1b01da77bddae27b46d527be4483da6954817e855004b3ce641,theiler,T3: 1.25×,19,12,Awake,24.996219321763952,1500,8,0.16,4,0.8,1.3,1.25,0.4148862166404697,0.5200786500013237,13,0.752150224225315,0.9634647668959978,1472,1376,True,ok
bc330dd9c3e1f1b01da77bddae27b46d527be4483da6954817e855004b3ce641,theiler,T1: 0.75×,19,13,Drowsy,24.996219321763952,1500,8,0.16,4,0.8,1.3,0.75,0.4412653179939756,0.3200484000008146,8,0.7779300051544025,0.9823144997423829,1472,1426,True,ok
bc330dd9c3e1f1b01da77bddae27b46d527be4483da6954817e855004b3ce641,theiler,T3: 1.25×,19,13,Drowsy,24.996219321763952,1500,8,0.16,4,0.8,1.3,1.25,0.4412653179939756,0.5600847000014255,14,0.8011690888780594,0.990920920453198,1472,1426,True,ok
bc330dd9c3e1f1b01da77bddae27b46d527be4483da6954817e855004b3ce641,theiler,T1: 0.75×,19,14,Drowsy,24.996219321763952,1500,8,0.16,4,0.8,1.3,0.75,0.45050089113508224,0.3200484000008146,8,0.8409343130446848,0.9676169671540473,1472,1421,True,ok
bc330dd9c3e1f1b01da77bddae27b46d527be4483da6954817e855004b3ce641,theiler,T3: 1.25×,19,14,Drowsy,24.996219321763952,1500,8,0.16,4,0.8,1.3,1.25,0.45050089113508224,0.5600847000014255,14,0.8748357753769815,0.9777355412769584,1472,1421,True,ok
bc330dd9c3e1f1b01da77bddae27b46d527be4483da6954817e855004b3ce641,theiler,T1: 0.75×,19,15,Drowsy,24.996219321763952,1500,8,0.16,4,0.8,1.3,0.75,0.4251547077082643,0.3200484000008146,8,0.8009518171505843,0.9087760173873446,1472,1376,True,ok
bc330dd9c3e1f1b01da77bddae27b46d527be4483da6954817e855004b3ce641,theiler,T3: 1.25×,19,15,Drowsy,24.996219321763952,1500,8,0.16,4,0.8,1.3,1.25,0.4251547077082643,0.5200786500013237,13,0.8010383127717148,0.9094852670582818,1472,1376,True,ok
bc330dd9c3e1f1b01da77bddae27b46d527be4483da6954817e855004b3ce641,theiler,T1: 0.75×,19,16,Drowsy,24.996219321763952,1500,8,0.16,4,0.8,1.3,0.75,0.4325669209164663,0.3200484000008146,8,0.7801769229342348,0.9729264001183634,1472,1407,True,ok
bc330dd9c3e1f1b01da77bddae27b46d527be4483da6954817e855004b3ce641,theiler,T3: 1.25×,19,16,Drowsy,24.996219321763952,1500,8,0.16,4,0.8,1.3,1.25,0.4325669209164663,0.5600847000014255,14,0.7951967121487067,0.9754952247679006,1472,1407,True,ok
bc330dd9c3e1f1b01da77bddae27b46d527be4483da6954817e855004b3ce641,theiler,T1: 0.75×,19,17,Awake,24.996219321763952,1500,8,0.16,4,0.8,1.3,0.75,0.4251579554099099,0.3200484000008146,8,0.8187278243130341,0.9827295924162713,1472,1416,True,ok
bc330dd9c3e1f1b01da77bddae27b46d527be4483da6954817e855004b3ce641,theiler,T3: 1.25×,19,17,Awake,24.996219321763952,1500,8,0.16,4,0.8,1.3,1.25,0.4251579554099099,0.5200786500013237,13,0.8187278243130341,0.9827295924162713,1472,1416,True,ok
bc330dd9c3e1f1b01da77bddae27b46d527be4483da6954817e855004b3ce641,theiler,T1: 0.75×,19,18,Awake,24.996219321763952,1500,8,0.16,4,0.8,1.3,0.75,0.43583421262570177,0.3200484000008146,8,0.8357262067346533,0.9840181070257477,1472,1414,True,ok
bc330dd9c3e1f1b01da77bddae27b46d527be4483da6954817e855004b3ce641,theiler,T3: 1.25×,19,18,Awake,24.996219321763952,1500,8,0.16,4,0.8,1.3,1.25,0.43583421262570177,0.5600847000014255,14,0.8357262067346533,0.9840181070257477,1472,1414,True,ok
bc330dd9c3e1f1b01da77bddae27b46d527be4483da6954817e855004b3ce641,theiler,T1: 0.75×,19,19,Awake,24.996219321763952,1500,8,0.16,4,0.8,1.3,0.75,0.44132513225399156,0.3200484000008146,8,0.902467237424296,0.9832184096297107,1472,1407,True,ok
bc330dd9c3e1f1b01da77bddae27b46d527be4483da6954817e855004b3ce641,theiler,T3: 1.25×,19,19,Awake,24.996219321763952,1500,8,0.16,4,0.8,1.3,1.25,0.44132513225399156,0.5600847000014255,14,0.9080626189811805,0.9852883519007055,1472,1407,True,ok
bc330dd9c3e1f1b01da77bddae27b46d527be4483da6954817e855004b3ce641,theiler,T1: 0.75×,19,20,Awake,24.996219321763952,1500,8,0.16,4,0.8,1.3,0.75,0.4255447586383338,0.3200484000008146,8,0.8136185800827452,0.981189106620829,1472,1383,True,ok
bc330dd9c3e1f1b01da77bddae27b46d527be4483da6954817e855004b3ce641,theiler,T3: 1.25×,19,20,Awake,24.996219321763952,1500,8,0.16,4,0.8,1.3,1.25,0.4255447586383338,0.5200786500013237,13,0.8136185800827452,0.981189106620829,1472,1383,True,ok
bc330dd9c3e1f1b01da77bddae27b46d527be4483da6954817e855004b3ce641,theiler,T1: 0.75×,19,21,Awake,24.996219321763952,1500,8,0.16,4,0.8,1.3,0.75,0.4451212326123927,0.3200484000008146,8,0.8561908529860905,0.9838958102363284,1472,1402,True,ok
bc330dd9c3e1f1b01da77bddae27b46d527be4483da6954817e855004b3ce641,theiler,T3: 1.25×,19,21,Awake,24.996219321763952,1500,8,0.16,4,0.8,1.3,1.25,0.4451212326123927,0.5600847000014255,14,0.8561908529860905,0.9838958102363284,1472,1402,True,ok
bc330dd9c3e1f1b01da77bddae27b46d527be4483da6954817e855004b3ce641,theiler,T1: 0.75×,19,22,Awake,24.996219321763952,1500,8,0.16,4,0.8,1.3,0.75,0.4421291157231615,0.3200484000008146,8,0.9131794009965802,0.9685364459649766,1472,1406,True,ok
bc330dd9c3e1f1b01da77bddae27b46d527be4483da6954817e855004b3ce641,theiler,T3: 1.25×,19,22,Awake,24.996219321763952,1500,8,0.16,4,0.8,1.3,1.25,0.4421291157231615,0.5600847000014255,14,0.912002303566501,0.9671832902382128,1472,1406,True,ok
bc330dd9c3e1f1b01da77bddae27b46d527be4483da6954817e855004b3ce641,theiler,T1: 0.75×,19,23,Awake,24.996219321763952,1500,8,0.16,4,0.8,1.3,0.75,0.4384373383165987,0.3200484000008146,8,0.7645941042091117,0.9553471471448594,1472,1401,True,ok
bc330dd9c3e1f1b01da77bddae27b46d527be4483da6954817e855004b3ce641,theiler,T3: 1.25×,19,23,Awake,24.996219321763952,1500,8,0.16,4,0.8,1.3,1.25,0.4384373383165987,0.5600847000014255,14,0.7645941042091117,0.9553471471448594,1472,1401,True,ok
bc330dd9c3e1f1b01da77bddae27b46d527be4483da6954817e855004b3ce641,theiler,T1: 0.75×,19,24,Awake,24.996219321763952,1500,8,0.16,4,0.8,1.3,0.75,0.43950360786289805,0.3200484000008146,8,0.8416018200532754,0.9730940648842799,1472,1416,True,ok
bc330dd9c3e1f1b01da77bddae27b46d527be4483da6954817e855004b3ce641,theiler,T3: 1.25×,19,24,Awake,24.996219321763952,1500,8,0.16,4,0.8,1.3,1.25,0.43950360786289805,0.5600847000014255,14,0.8416018200532754,0.9730940648842799,1472,1416,True,ok
bc330dd9c3e1f1b01da77bddae27b46d527be4483da6954817e855004b3ce641,theiler,T1: 0.75×,19,25,Awake,24.996219321763952,1500,8,0.16,4,0.8,1.3,0.75,0.45031873971582415,0.3200484000008146,8,0.7425428241116638,0.967006969154652,1472,1393,True,ok
bc330dd9c3e1f1b01da77bddae27b46d527be4483da6954817e855004b3ce641,theiler,T3: 1.25×,19,25,Awake,24.996219321763952,1500,8,0.16,4,0.8,1.3,1.25,0.45031873971582415,0.5600847000014255,14,0.7425428241116638,0.967006969154652,1472,1393,True,ok
bc330dd9c3e1f1b01da77bddae27b46d527be4483da6954817e855004b3ce641,theiler,T1: 0.75×,19,26,Awake,24.996219321763952,1500,8,0.16,4,0.8,1.3,0.75,0.4406425097342837,0.3200484000008146,8,0.9924468421092544,0.9812566906959598,1472,1415,True,ok
bc330dd9c3e1f1b01da77bddae27b46d527be4483da6954817e855004b3ce641,theiler,T3: 1.25×,19,26,Awake,24.996219321763952,1500,8,0.16,4,0.8,1.3,1.25,0.4406425097342837,0.5600847000014255,14,0.9924468421092544,0.9812566906959598,1472,1415,True,ok
bc330dd9c3e1f1b01da77bddae27b46d527be4483da6954817e855004b3ce641,theiler,T1: 0.75×,19,27,Awake,24.996219321763952,1500,8,0.16,4,0.8,1.3,0.75,0.4389052205642468,0.3200484000008146,8,0.8136456568510734,0.9562356498459028,1472,1437,True,ok
bc330dd9c3e1f1b01da77bddae27b46d527be4483da6954817e855004b3ce641,theiler,T3: 1.25×,19,27,Awake,24.996219321763952,1500,8,0.16,4,0.8,1.3,1.25,0.4389052205642468,0.5600847000014255,14,0.8136456568510734,0.9562356498459028,1472,1437,True,ok
bc330dd9c3e1f1b01da77bddae27b46d527be4483da6954817e855004b3ce641,theiler,T1: 0.75×,19,28,Awake,24.996219321763952,1500,8,0.16,4,0.8,1.3,0.75,0.4448343021474889,0.3200484000008146,8,0.8217163516200502,0.9079038554885651,1472,1423,True,ok
bc330dd9c3e1f1b01da77bddae27b46d527be4483da6954817e855004b3ce641,theiler,T3: 1.25×,19,28,Awake,24.996219321763952,1500,8,0.16,4,0.8,1.3,1.25,0.4448343021474889,0.5600847000014255,14,0.8217163516200502,0.9079038554885651,1472,1423,True,ok
bc330dd9c3e1f1b01da77bddae27b46d527be4483da6954817e855004b3ce641,theiler,T1: 0.75×,19,29,Awake,24.996219321763952,1500,8,0.16,4,0.8,1.3,0.75,0.4424352727811218,0.3200484000008146,8,0.889657211661343,0.9852238238577581,1472,1395,True,ok
bc330dd9c3e1f1b01da77bddae27b46d527be4483da6954817e855004b3ce641,theiler,T3: 1.25×,19,29,Awake,24.996219321763952,1500,8,0.16,4,0.8,1.3,1.25,0.4424352727811218,0.5600847000014255,14,0.8753428034658518,0.9854142694762645,1472,1395,True,ok
bc330dd9c3e1f1b01da77bddae27b46d527be4483da6954817e855004b3ce641,theiler,T1: 0.75×,19,30,Awake,24.996219321763952,1500,8,0.16,4,0.8,1.3,0.75,0.4532561992796808,0.3200484000008146,8,0.9259233521086094,0.9854364693751994,1472,1435,True,ok
bc330dd9c3e1f1b01da77bddae27b46d527be4483da6954817e855004b3ce641,theiler,T3: 1.25×,19,30,Awake,24.996219321763952,1500,8,0.16,4,0.8,1.3,1.25,0.4532561992796808,0.5600847000014255,14,0.9259233521086094,0.9854364693751994,1472,1435,True,ok
bc330dd9c3e1f1b01da77bddae27b46d527be4483da6954817e855004b3ce641,theiler,T1: 0.75×,19,31,Awake,24.996219321763952,1500,8,0.16,4,0.8,1.3,0.75,0.44699918149324314,0.3200484000008146,8,0.9418565263498854,0.9816763429527651,1472,1420,True,ok
bc330dd9c3e1f1b01da77bddae27b46d527be4483da6954817e855004b3ce641,theiler,T3: 1.25×,19,31,Awake,24.996219321763952,1500,8,0.16,4,0.8,1.3,1.25,0.44699918149324314,0.5600847000014255,14,0.9418565263498854,0.9816763429527651,1472,1420,True,ok
bc330dd9c3e1f1b01da77bddae27b46d527be4483da6954817e855004b3ce641,theiler,T1: 0.75×,19,32,Awake,24.996219321763952,1500,8,0.16,4,0.8,1.3,0.75,0.4355948444253311,0.3200484000008146,8,0.7822732855841139,0.9501669463981267,1472,1405,True,ok
bc330dd9c3e1f1b01da77bddae27b46d527be4483da6954817e855004b3ce641,theiler,T3: 1.25×,19,32,Awake,24.996219321763952,1500,8,0.16,4,0.8,1.3,1.25,0.4355948444253311,0.5600847000014255,14,0.7822732855841139,0.9501669463981267,1472,1405,True,ok
bc330dd9c3e1f1b01da77bddae27b46d527be4483da6954817e855004b3ce641,theiler,T1: 0.75×,19,33,Awake,24.996219321763952,1500,8,0.16,4,0.8,1.3,0.75,0.4511399205957248,0.3200484000008146,8,0.7816379149679019,0.9601169010038999,1472,1408,True,ok
bc330dd9c3e1f1b01da77bddae27b46d527be4483da6954817e855004b3ce641,theiler,T3: 1.25×,19,33,Awake,24.996219321763952,1500,8,0.16,4,0.8,1.3,1.25,0.4511399205957248,0.5600847000014255,14,0.7816379149679019,0.9601169010038999,1472,1408,True,ok
bc330dd9c3e1f1b01da77bddae27b46d527be4483da6954817e855004b3ce641,theiler,T1: 0.75×,19,34,Awake,24.996219321763952,1500,8,0.16,4,0.8,1.3,0.75,0.42168430626806164,0.3200484000008146,8,0.7824983578178359,0.953711403148738,1472,1420,True,ok
bc330dd9c3e1f1b01da77bddae27b46d527be4483da6954817e855004b3ce641,theiler,T3: 1.25×,19,34,Awake,24.996219321763952,1500,8,0.16,4,0.8,1.3,1.25,0.42168430626806164,0.5200786500013237,13,0.7824983578178359,0.953711403148738,1472,1420,True,ok
bc330dd9c3e1f1b01da77bddae27b46d527be4483da6954817e855004b3ce641,theiler,T1: 0.75×,19,35,Awake,24.996219321763952,1500,8,0.16,4,0.8,1.3,0.75,0.4377058049451322,0.3200484000008146,8,0.7910806040694495,0.9795527073704944,1472,1440,True,ok
bc330dd9c3e1f1b01da77bddae27b46d527be4483da6954817e855004b3ce641,theiler,T3: 1.25×,19,35,Awake,24.996219321763952,1500,8,0.16,4,0.8,1.3,1.25,0.4377058049451322,0.5600847000014255,14,0.7958238979424251,0.977563994738782,1472,1440,True,ok
bc330dd9c3e1f1b01da77bddae27b46d527be4483da6954817e855004b3ce641,theiler,T1: 0.75×,19,36,Awake,24.996219321763952,1500,8,0.16,4,0.8,1.3,0.75,0.4255930727090543,0.3200484000008146,8,0.6910854975912042,0.9320634479660098,1472,1408,True,ok
bc330dd9c3e1f1b01da77bddae27b46d527be4483da6954817e855004b3ce641,theiler,T3: 1.25×,19,36,Awake,24.996219321763952,1500,8,0.16,4,0.8,1.3,1.25,0.4255930727090543,0.5200786500013237,13,0.6910854975912042,0.9320634479660098,1472,1408,True,ok
bc330dd9c3e1f1b01da77bddae27b46d527be4483da6954817e855004b3ce641,theiler,T1: 0.75×,19,37,Awake,24.996219321763952,1500,8,0.16,4,0.8,1.3,0.75,0.4279010252947307,0.3200484000008146,8,0.7532834045025314,0.951733792190843,1472,1417,True,ok
bc330dd9c3e1f1b01da77bddae27b46d527be4483da6954817e855004b3ce641,theiler,T3: 1.25×,19,37,Awake,24.996219321763952,1500,8,0.16,4,0.8,1.3,1.25,0.4279010252947307,0.5200786500013237,13,0.7535099020042618,0.9521225592453191,1472,1417,True,ok
bc330dd9c3e1f1b01da77bddae27b46d527be4483da6954817e855004b3ce641,theiler,T1: 0.75×,19,38,Awake,24.996219321763952,1500,8,0.16,4,0.8,1.3,0.75,0.422152772433812,0.3200484000008146,8,0.7420009966240828,0.9760685162820795,1472,1384,True,ok
bc330dd9c3e1f1b01da77bddae27b46d527be4483da6954817e855004b3ce641,theiler,T3: 1.25×,19,38,Awake,24.996219321763952,1500,8,0.16,4,0.8,1.3,1.25,0.422152772433812,0.5200786500013237,13,0.7521041776929565,0.9737785588583538,1472,1384,True,ok
bc330dd9c3e1f1b01da77bddae27b46d527be4483da6954817e855004b3ce641,theiler,T1: 0.75×,19,39,Drowsy,24.996219321763952,1500,8,0.16,4,0.8,1.3,0.75,0.4219354958149464,0.3200484000008146,8,0.7421249536309377,0.9819061457318202,1472,1412,True,ok
bc330dd9c3e1f1b01da77bddae27b46d527be4483da6954817e855004b3ce641,theiler,T3: 1.25×,19,39,Drowsy,24.996219321763952,1500,8,0.16,4,0.8,1.3,1.25,0.4219354958149464,0.5200786500013237,13,0.7461903738115478,0.981350987407613,1472,1412,True,ok
bc330dd9c3e1f1b01da77bddae27b46d527be4483da6954817e855004b3ce641,theiler,T1: 0.75×,19,40,Drowsy,24.996219321763952,1500,8,0.16,4,0.8,1.3,0.75,0.456184062983,0.3600544500009164,9,0.7475731232651717,0.9631017937617683,1472,1414,True,ok
bc330dd9c3e1f1b01da77bddae27b46d527be4483da6954817e855004b3ce641,theiler,T3: 1.25×,19,40,Drowsy,24.996219321763952,1500,8,0.16,4,0.8,1.3,1.25,0.456184062983,0.5600847000014255,14,0.7484662136007125,0.9561543524842967,1472,1414,True,ok
bc330dd9c3e1f1b01da77bddae27b46d527be4483da6954817e855004b3ce641,theiler,T1: 0.75×,19,41,Drowsy,24.996219321763952,1500,8,0.16,4,0.8,1.3,0.75,0.47603415209353117,0.3600544500009164,9,0.8731989676554835,0.9636623798927331,1472,1421,True,ok
bc330dd9c3e1f1b01da77bddae27b46d527be4483da6954817e855004b3ce641,theiler,T3: 1.25×,19,41,Drowsy,24.996219321763952,1500,8,0.16,4,0.8,1.3,1.25,0.47603415209353117,0.6000907500015273,15,0.8928670204244642,0.9657087090912237,1472,1419,True,ok
bc330dd9c3e1f1b01da77bddae27b46d527be4483da6954817e855004b3ce641,theiler,T1: 0.75×,19,43,Drowsy,24.996219321763952,1500,8,0.16,4,0.8,1.3,0.75,0.4436021847727436,0.3200484000008146,8,0.7366826774235524,0.965917328153251,1472,1403,True,ok
bc330dd9c3e1f1b01da77bddae27b46d527be4483da6954817e855004b3ce641,theiler,T3: 1.25×,19,43,Drowsy,24.996219321763952,1500,8,0.16,4,0.8,1.3,1.25,0.4436021847727436,0.5600847000014255,14,0.7385310710538202,0.9713492786223856,1472,1403,True,ok
bc330dd9c3e1f1b01da77bddae27b46d527be4483da6954817e855004b3ce641,theiler,T1: 0.75×,19,44,Drowsy,24.996219321763952,1500,8,0.16,4,0.8,1.3,0.75,0.4095963993612208,0.3200484000008146,8,0.7700792356639775,0.9617293359860799,1472,1416,True,ok
bc330dd9c3e1f1b01da77bddae27b46d527be4483da6954817e855004b3ce641,theiler,T3: 1.25×,19,44,Drowsy,24.996219321763952,1500,8,0.16,4,0.8,1.3,1.25,0.4095963993612208,0.5200786500013237,13,0.7675993455609431,0.9604769928820857,1472,1416,True,ok
bc330dd9c3e1f1b01da77bddae27b46d527be4483da6954817e855004b3ce641,theiler,T1: 0.75×,19,45,Drowsy,24.996219321763952,1500,8,0.16,4,0.8,1.3,0.75,0.44365390896244933,0.3200484000008146,8,0.8284635674035696,0.9586724059917521,1472,1402,True,ok
bc330dd9c3e1f1b01da77bddae27b46d527be4483da6954817e855004b3ce641,theiler,T3: 1.25×,19,45,Drowsy,24.996219321763952,1500,8,0.16,4,0.8,1.3,1.25,0.44365390896244933,0.5600847000014255,14,0.8320406906700287,0.9592618408035206,1472,1402,True,ok
bc330dd9c3e1f1b01da77bddae27b46d527be4483da6954817e855004b3ce641,theiler,T1: 0.75×,21,1,Awake,25.000000000022737,1500,8,0.16,4,0.8,1.3,0.75,0.3880695802051326,0.27999999999974534,7,0.7545624963854364,0.98099534352593,1472,1389,True,ok
bc330dd9c3e1f1b01da77bddae27b46d527be4483da6954817e855004b3ce641,theiler,T3: 1.25×,21,1,Awake,25.000000000022737,1500,8,0.16,4,0.8,1.3,1.25,0.3880695802051326,0.47999999999956344,12,0.7545624963854364,0.98099534352593,1472,1389,True,ok
bc330dd9c3e1f1b01da77bddae27b46d527be4483da6954817e855004b3ce641,theiler,T1: 0.75×,21,2,Awake,25.000000000022737,1500,8,0.16,4,0.8,1.3,0.75,0.40293885919753697,0.31999999999970896,8,0.6922442424505796,0.9304789012511632,1472,1437,True,ok
bc330dd9c3e1f1b01da77bddae27b46d527be4483da6954817e855004b3ce641,theiler,T3: 1.25×,21,2,Awake,25.000000000022737,1500,8,0.16,4,0.8,1.3,1.25,0.40293885919753697,0.5199999999995271,13,0.6928416214575727,0.9317702109169895,1472,1437,True,ok
bc330dd9c3e1f1b01da77bddae27b46d527be4483da6954817e855004b3ce641,theiler,T1: 0.75×,21,3,Awake,25.000000000022737,1500,8,0.16,4,0.8,1.3,0.75,0.39316884228439536,0.27999999999974534,7,0.7225641661361676,0.9647595905703653,1472,1435,True,ok
bc330dd9c3e1f1b01da77bddae27b46d527be4483da6954817e855004b3ce641,theiler,T3: 1.25×,21,3,Awake,25.000000000022737,1500,8,0.16,4,0.8,1.3,1.25,0.39316884228439536,0.47999999999956344,12,0.7225641661361676,0.9647595905703653,1472,1435,True,ok
bc330dd9c3e1f1b01da77bddae27b46d527be4483da6954817e855004b3ce641,theiler,T1: 0.75×,21,4,Drowsy,25.000000000022737,1500,8,0.16,4,0.8,1.3,0.75,0.3994660961909638,0.27999999999974534,7,0.6513281557443974,0.9396158829975328,1472,1413,True,ok
bc330dd9c3e1f1b01da77bddae27b46d527be4483da6954817e855004b3ce641,theiler,T3: 1.25×,21,4,Drowsy,25.000000000022737,1500,8,0.16,4,0.8,1.3,1.25,0.3994660961909638,0.47999999999956344,12,0.6513281557443974,0.9396158829975328,1472,1413,True,ok
bc330dd9c3e1f1b01da77bddae27b46d527be4483da6954817e855004b3ce641,theiler,T1: 0.75×,21,5,Awake,25.000000000022737,1500,8,0.16,4,0.8,1.3,0.75,0.43600822970776487,0.31999999999970896,8,0.5614065018594512,0.92516671025941,1472,1424,True,ok
bc330dd9c3e1f1b01da77bddae27b46d527be4483da6954817e855004b3ce641,theiler,T3: 1.25×,21,5,Awake,25.000000000022737,1500,8,0.16,4,0.8,1.3,1.25,0.43600822970776487,0.5599999999994907,14,0.5612279779172643,0.9309633493804733,1472,1424,True,ok
bc330dd9c3e1f1b01da77bddae27b46d527be4483da6954817e855004b3ce641,theiler,T1: 0.75×,21,6,Awake,25.000000000022737,1500,8,0.16,4,0.8,1.3,0.75,0.42981818393010157,0.31999999999970896,8,0.7720841908283287,0.9808282728314842,1472,1402,True,ok
bc330dd9c3e1f1b01da77bddae27b46d527be4483da6954817e855004b3ce641,theiler,T3: 1.25×,21,6,Awake,25.000000000022737,1500,8,0.16,4,0.8,1.3,1.25,0.42981818393010157,0.5199999999995271,13,0.7720841908283287,0.9808282728314842,1472,1402,True,ok
bc330dd9c3e1f1b01da77bddae27b46d527be4483da6954817e855004b3ce641,theiler,T1: 0.75×,21,7,Awake,25.000000000022737,1500,8,0.16,4,0.8,1.3,0.75,0.4180286126338698,0.31999999999970896,8,0.7470927242418964,0.9790443019204168,1472,1414,True,ok
bc330dd9c3e1f1b01da77bddae27b46d527be4483da6954817e855004b3ce641,theiler,T3: 1.25×,21,7,Awake,25.000000000022737,1500,8,0.16,4,0.8,1.3,1.25,0.4180286126338698,0.5199999999995271,13,0.7470927242418964,0.9790443019204168,1472,1414,True,ok
bc330dd9c3e1f1b01da77bddae27b46d527be4483da6954817e855004b3ce641,theiler,T1: 0.75×,21,8,Awake,25.000000000022737,1500,8,0.16,4,0.8,1.3,0.75,0.43269021778049355,0.31999999999970896,8,0.6968049287705624,0.9613142187064376,1472,1383,True,ok
bc330dd9c3e1f1b01da77bddae27b46d527be4483da6954817e855004b3ce641,theiler,T3: 1.25×,21,8,Awake,25.000000000022737,1500,8,0.16,4,0.8,1.3,1.25,0.43269021778049355,0.5599999999994907,14,0.6968049287705624,0.9613142187064376,1472,1383,True,ok
bc330dd9c3e1f1b01da77bddae27b46d527be4483da6954817e855004b3ce641,theiler,T1: 0.75×,21,9,Awake,25.000000000022737,1500,8,0.16,4,0.8,1.3,0.75,0.45267336890105175,0.31999999999970896,8,0.724151741440224,0.9592835179627246,1472,1412,True,ok
bc330dd9c3e1f1b01da77bddae27b46d527be4483da6954817e855004b3ce641,theiler,T3: 1.25×,21,9,Awake,25.000000000022737,1500,8,0.16,4,0.8,1.3,1.25,0.45267336890105175,0.5599999999994907,14,0.7256795283950535,0.9613755425556604,1472,1412,True,ok
bc330dd9c3e1f1b01da77bddae27b46d527be4483da6954817e855004b3ce641,theiler,T1: 0.75×,21,10,Awake,25.000000000022737,1500,8,0.16,4,0.8,1.3,0.75,0.4244212918877346,0.31999999999970896,8,0.711867367750521,0.9385006699556028,1472,1424,True,ok
bc330dd9c3e1f1b01da77bddae27b46d527be4483da6954817e855004b3ce641,theiler,T3: 1.25×,21,10,Awake,25.000000000022737,1500,8,0.16,4,0.8,1.3,1.25,0.4244212918877346,0.5199999999995271,13,0.7121387841462214,0.9382677094193029,1472,1424,True,ok
bc330dd9c3e1f1b01da77bddae27b46d527be4483da6954817e855004b3ce641,theiler,T1: 0.75×,21,11,Awake,25.000000000022737,1500,8,0.16,4,0.8,1.3,0.75,0.4308796385627427,0.31999999999970896,8,0.7180642439391075,0.8281561738272101,1472,1405,False,low_fit_r2
bc330dd9c3e1f1b01da77bddae27b46d527be4483da6954817e855004b3ce641,theiler,T3: 1.25×,21,11,Awake,25.000000000022737,1500,8,0.16,4,0.8,1.3,1.25,0.4308796385627427,0.5199999999995271,13,0.7180642439391075,0.8281561738272101,1472,1405,False,low_fit_r2
bc330dd9c3e1f1b01da77bddae27b46d527be4483da6954817e855004b3ce641,theiler,T1: 0.75×,21,12,Awake,25.000000000022737,1500,8,0.16,4,0.8,1.3,0.75,0.45656932983469556,0.3599999999996726,9,0.6635789454298937,0.936944201366643,1472,1429,True,ok
bc330dd9c3e1f1b01da77bddae27b46d527be4483da6954817e855004b3ce641,theiler,T3: 1.25×,21,12,Awake,25.000000000022737,1500,8,0.16,4,0.8,1.3,1.25,0.45656932983469556,0.5599999999994907,14,0.6604184976862558,0.9289516209673779,1472,1429,True,ok
bc330dd9c3e1f1b01da77bddae27b46d527be4483da6954817e855004b3ce641,theiler,T1: 0.75×,21,13,Awake,25.000000000022737,1500,8,0.16,4,0.8,1.3,0.75,0.41749971121793733,0.31999999999970896,8,0.8324976791205492,0.9961536809187419,1472,1384,True,ok
bc330dd9c3e1f1b01da77bddae27b46d527be4483da6954817e855004b3ce641,theiler,T3: 1.25×,21,13,Awake,25.000000000022737,1500,8,0.16,4,0.8,1.3,1.25,0.41749971121793733,0.5199999999995271,13,0.8324976791205492,0.9961536809187419,1472,1384,True,ok
bc330dd9c3e1f1b01da77bddae27b46d527be4483da6954817e855004b3ce641,theiler,T1: 0.75×,21,14,Awake,25.000000000022737,1500,8,0.16,4,0.8,1.3,0.75,0.43711261497429205,0.31999999999970896,8,0.7185488888702994,0.9326019208211438,1472,1434,True,ok
bc330dd9c3e1f1b01da77bddae27b46d527be4483da6954817e855004b3ce641,theiler,T3: 1.25×,21,14,Awake,25.000000000022737,1500,8,0.16,4,0.8,1.3,1.25,0.43711261497429205,0.5599999999994907,14,0.7185488888702994,0.9326019208211438,1472,1434,True,ok
bc330dd9c3e1f1b01da77bddae27b46d527be4483da6954817e855004b3ce641,theiler,T1: 0.75×,21,15,Awake,25.000000000022737,1500,8,0.16,4,0.8,1.3,0.75,0.4124958178149494,0.31999999999970896,8,0.7662500779128012,0.9139463375838026,1472,1404,True,ok
bc330dd9c3e1f1b01da77bddae27b46d527be4483da6954817e855004b3ce641,theiler,T3: 1.25×,21,15,Awake,25.000000000022737,1500,8,0.16,4,0.8,1.3,1.25,0.4124958178149494,0.5199999999995271,13,0.7662500779128012,0.9139463375838026,1472,1404,True,ok
bc330dd9c3e1f1b01da77bddae27b46d527be4483da6954817e855004b3ce641,theiler,T1: 0.75×,21,16,Awake,25.000000000022737,1500,8,0.16,4,0.8,1.3,0.75,0.3998461967093737,0.27999999999974534,7,0.7222694283144518,0.9552213363757782,1472,1415,True,ok
bc330dd9c3e1f1b01da77bddae27b46d527be4483da6954817e855004b3ce641,theiler,T3: 1.25×,21,16,Awake,25.000000000022737,1500,8,0.16,4,0.8,1.3,1.25,0.3998461967093737,0.47999999999956344,12,0.7222694283144518,0.9552213363757782,1472,1415,True,ok
bc330dd9c3e1f1b01da77bddae27b46d527be4483da6954817e855004b3ce641,theiler,T1: 0.75×,21,17,Awake,25.000000000022737,1500,8,0.16,4,0.8,1.3,0.75,0.41433396263061345,0.31999999999970896,8,0.7533202217181155,0.9543000299508929,1472,1439,True,ok
bc330dd9c3e1f1b01da77bddae27b46d527be4483da6954817e855004b3ce641,theiler,T3: 1.25×,21,17,Awake,25.000000000022737,1500,8,0.16,4,0.8,1.3,1.25,0.41433396263061345,0.5199999999995271,13,0.7533202217181155,0.9543000299508929,1472,1439,True,ok
bc330dd9c3e1f1b01da77bddae27b46d527be4483da6954817e855004b3ce641,theiler,T1: 0.75×,21,18,Awake,25.000000000022737,1500,8,0.16,4,0.8,1.3,0.75,0.4398315786791398,0.31999999999970896,8,0.7798315871724835,0.959686763634318,1472,1413,True,ok
bc330dd9c3e1f1b01da77bddae27b46d527be4483da6954817e855004b3ce641,theiler,T3: 1.25×,21,18,Awake,25.000000000022737,1500,8,0.16,4,0.8,1.3,1.25,0.4398315786791398,0.5599999999994907,14,0.7792878375653695,0.9596921222956651,1472,1413,True,ok
bc330dd9c3e1f1b01da77bddae27b46d527be4483da6954817e855004b3ce641,theiler,T1: 0.75×,21,19,Awake,25.000000000022737,1500,8,0.16,4,0.8,1.3,0.75,0.42758090727230064,0.31999999999970896,8,0.6495014488297775,0.9683650974416661,1472,1385,True,ok
bc330dd9c3e1f1b01da77bddae27b46d527be4483da6954817e855004b3ce641,theiler,T3: 1.25×,21,19,Awake,25.000000000022737,1500,8,0.16,4,0.8,1.3,1.25,0.42758090727230064,0.5199999999995271,13,0.6495014488297775,0.9683650974416661,1472,1385,True,ok
bc330dd9c3e1f1b01da77bddae27b46d527be4483da6954817e855004b3ce641,theiler,T1: 0.75×,21,20,Awake,25.000000000022737,1500,8,0.16,4,0.8,1.3,0.75,0.435132518449855,0.31999999999970896,8,0.797664527883816,0.9966786812258207,1472,1420,True,ok
bc330dd9c3e1f1b01da77bddae27b46d527be4483da6954817e855004b3ce641,theiler,T3: 1.25×,21,20,Awake,25.000000000022737,1500,8,0.16,4,0.8,1.3,1.25,0.435132518449855,0.5599999999994907,14,0.797664527883816,0.9966786812258207,1472,1420,True,ok
bc330dd9c3e1f1b01da77bddae27b46d527be4483da6954817e855004b3ce641,theiler,T1: 0.75×,21,21,Drowsy,25.000000000022737,1500,8,0.16,4,0.8,1.3,0.75,0.45474531931548867,0.3599999999996726,9,0.6632980289341339,0.9295732490853301,1472,1420,True,ok
bc330dd9c3e1f1b01da77bddae27b46d527be4483da6954817e855004b3ce641,theiler,T3: 1.25×,21,21,Drowsy,25.000000000022737,1500,8,0.16,4,0.8,1.3,1.25,0.45474531931548867,0.5599999999994907,14,0.6610969813750478,0.9277470832906807,1472,1420,True,ok
bc330dd9c3e1f1b01da77bddae27b46d527be4483da6954817e855004b3ce641,theiler,T1: 0.75×,21,22,Drowsy,25.000000000022737,1500,8,0.16,4,0.8,1.3,0.75,0.4088513323201012,0.31999999999970896,8,0.6011792368305076,0.8958625820490698,1472,1431,False,low_fit_r2
bc330dd9c3e1f1b01da77bddae27b46d527be4483da6954817e855004b3ce641,theiler,T3: 1.25×,21,22,Drowsy,25.000000000022737,1500,8,0.16,4,0.8,1.3,1.25,0.4088513323201012,0.5199999999995271,13,0.6011792368305076,0.8958625820490698,1472,1431,False,low_fit_r2
bc330dd9c3e1f1b01da77bddae27b46d527be4483da6954817e855004b3ce641,theiler,T1: 0.75×,21,23,Drowsy,25.000000000022737,1500,8,0.16,4,0.8,1.3,0.75,0.4203977912628786,0.31999999999970896,8,0.8124794300112389,0.9906009759920473,1472,1390,True,ok
bc330dd9c3e1f1b01da77bddae27b46d527be4483da6954817e855004b3ce641,theiler,T3: 1.25×,21,23,Drowsy,25.000000000022737,1500,8,0.16,4,0.8,1.3,1.25,0.4203977912628786,0.5199999999995271,13,0.8124794300112389,0.9906009759920473,1472,1390,True,ok
bc330dd9c3e1f1b01da77bddae27b46d527be4483da6954817e855004b3ce641,theiler,T1: 0.75×,21,24,Drowsy,25.000000000022737,1500,8,0.16,4,0.8,1.3,0.75,0.4249295449873558,0.31999999999970896,8,0.7306967667746632,0.9643248181560078,1472,1412,True,ok
bc330dd9c3e1f1b01da77bddae27b46d527be4483da6954817e855004b3ce641,theiler,T3: 1.25×,21,24,Drowsy,25.000000000022737,1500,8,0.16,4,0.8,1.3,1.25,0.4249295449873558,0.5199999999995271,13,0.7306967667746632,0.9643248181560078,1472,1412,True,ok
bc330dd9c3e1f1b01da77bddae27b46d527be4483da6954817e855004b3ce641,theiler,T1: 0.75×,21,25,Drowsy,25.000000000022737,1500,8,0.16,4,0.8,1.3,0.75,0.40508389428885133,0.31999999999970896,8,0.5948547907883506,0.8816164915303895,1472,1422,False,low_fit_r2
bc330dd9c3e1f1b01da77bddae27b46d527be4483da6954817e855004b3ce641,theiler,T3: 1.25×,21,25,Drowsy,25.000000000022737,1500,8,0.16,4,0.8,1.3,1.25,0.40508389428885133,0.5199999999995271,13,0.5948547907883506,0.8816164915303895,1472,1422,False,low_fit_r2
bc330dd9c3e1f1b01da77bddae27b46d527be4483da6954817e855004b3ce641,theiler,T1: 0.75×,21,26,Drowsy,25.000000000022737,1500,8,0.16,4,0.8,1.3,0.75,0.42446041912306065,0.31999999999970896,8,0.7306851592147717,0.9903967611642214,1472,1414,True,ok
bc330dd9c3e1f1b01da77bddae27b46d527be4483da6954817e855004b3ce641,theiler,T3: 1.25×,21,26,Drowsy,25.000000000022737,1500,8,0.16,4,0.8,1.3,1.25,0.42446041912306065,0.5199999999995271,13,0.7306851592147717,0.9903967611642214,1472,1414,True,ok
bc330dd9c3e1f1b01da77bddae27b46d527be4483da6954817e855004b3ce641,theiler,T1: 0.75×,21,29,Drowsy,25.000000000022737,1500,8,0.16,4,0.8,1.3,0.75,0.41567997960624703,0.31999999999970896,8,0.603609813520008,0.9153807679412055,1472,1396,True,ok
bc330dd9c3e1f1b01da77bddae27b46d527be4483da6954817e855004b3ce641,theiler,T3: 1.25×,21,29,Drowsy,25.000000000022737,1500,8,0.16,4,0.8,1.3,1.25,0.41567997960624703,0.5199999999995271,13,0.603609813520008,0.9153807679412055,1472,1396,True,ok
bc330dd9c3e1f1b01da77bddae27b46d527be4483da6954817e855004b3ce641,theiler,T1: 0.75×,21,30,Drowsy,25.000000000022737,1500,8,0.16,4,0.8,1.3,0.75,0.4228109083023638,0.31999999999970896,8,0.6597886814028676,0.9736209547996887,1472,1425,True,ok
bc330dd9c3e1f1b01da77bddae27b46d527be4483da6954817e855004b3ce641,theiler,T3: 1.25×,21,30,Drowsy,25.000000000022737,1500,8,0.16,4,0.8,1.3,1.25,0.4228109083023638,0.5199999999995271,13,0.6597886814028676,0.9736209547996887,1472,1425,True,ok
bc330dd9c3e1f1b01da77bddae27b46d527be4483da6954817e855004b3ce641,theiler,T1: 0.75×,21,31,Drowsy,25.000000000022737,1500,8,0.16,4,0.8,1.3,0.75,0.4340061027205401,0.31999999999970896,8,0.6689893837927872,0.9436247994297037,1472,1417,True,ok
bc330dd9c3e1f1b01da77bddae27b46d527be4483da6954817e855004b3ce641,theiler,T3: 1.25×,21,31,Drowsy,25.000000000022737,1500,8,0.16,4,0.8,1.3,1.25,0.4340061027205401,0.5599999999994907,14,0.6659806834104134,0.9383543073001751,1472,1417,True,ok
bc330dd9c3e1f1b01da77bddae27b46d527be4483da6954817e855004b3ce641,theiler,T1: 0.75×,21,32,Drowsy,25.000000000022737,1500,8,0.16,4,0.8,1.3,0.75,0.4279752438943137,0.31999999999970896,8,0.6632236382500337,0.9688633915829292,1472,1390,True,ok
bc330dd9c3e1f1b01da77bddae27b46d527be4483da6954817e855004b3ce641,theiler,T3: 1.25×,21,32,Drowsy,25.000000000022737,1500,8,0.16,4,0.8,1.3,1.25,0.4279752438943137,0.5199999999995271,13,0.6632236382500337,0.9688633915829292,1472,1390,True,ok
bc330dd9c3e1f1b01da77bddae27b46d527be4483da6954817e855004b3ce641,theiler,T1: 0.75×,21,33,Drowsy,25.000000000022737,1500,8,0.16,4,0.8,1.3,0.75,0.44209523327608774,0.31999999999970896,8,0.7318760966474319,0.9727158471163178,1472,1408,True,ok
bc330dd9c3e1f1b01da77bddae27b46d527be4483da6954817e855004b3ce641,theiler,T3: 1.25×,21,33,Drowsy,25.000000000022737,1500,8,0.16,4,0.8,1.3,1.25,0.44209523327608774,0.5599999999994907,14,0.7272671389168474,0.9680388563226668,1472,1408,True,ok
bc330dd9c3e1f1b01da77bddae27b46d527be4483da6954817e855004b3ce641,theiler,T1: 0.75×,21,34,Drowsy,25.000000000022737,1500,8,0.16,4,0.8,1.3,0.75,0.44287794903640587,0.31999999999970896,8,0.7171741188481252,0.9433821448017724,1472,1376,True,ok
bc330dd9c3e1f1b01da77bddae27b46d527be4483da6954817e855004b3ce641,theiler,T3: 1.25×,21,34,Drowsy,25.000000000022737,1500,8,0.16,4,0.8,1.3,1.25,0.44287794903640587,0.5599999999994907,14,0.7171741188481252,0.9433821448017724,1472,1376,True,ok
bc330dd9c3e1f1b01da77bddae27b46d527be4483da6954817e855004b3ce641,theiler,T1: 0.75×,21,35,Awake,25.000000000022737,1500,8,0.16,4,0.8,1.3,0.75,0.4351955108816929,0.31999999999970896,8,0.7963292927002407,0.9596462268710451,1472,1414,True,ok
bc330dd9c3e1f1b01da77bddae27b46d527be4483da6954817e855004b3ce641,theiler,T3: 1.25×,21,35,Awake,25.000000000022737,1500,8,0.16,4,0.8,1.3,1.25,0.4351955108816929,0.5599999999994907,14,0.7998054441559462,0.9600882537543504,1472,1414,True,ok
bc330dd9c3e1f1b01da77bddae27b46d527be4483da6954817e855004b3ce641,theiler,T1: 0.75×,21,36,Awake,25.000000000022737,1500,8,0.16,4,0.8,1.3,0.75,0.43985534482839383,0.31999999999970896,8,0.7691709158912973,0.9553289485114073,1472,1384,True,ok
bc330dd9c3e1f1b01da77bddae27b46d527be4483da6954817e855004b3ce641,theiler,T3: 1.25×,21,36,Awake,25.000000000022737,1500,8,0.16,4,0.8,1.3,1.25,0.43985534482839383,0.5599999999994907,14,0.7691709158912973,0.9553289485114073,1472,1384,True,ok
bc330dd9c3e1f1b01da77bddae27b46d527be4483da6954817e855004b3ce641,theiler,T1: 0.75×,21,37,Awake,25.000000000022737,1500,8,0.16,4,0.8,1.3,0.75,0.4316111793113859,0.31999999999970896,8,0.703117845997574,0.9535764634043359,1472,1403,True,ok
bc330dd9c3e1f1b01da77bddae27b46d527be4483da6954817e855004b3ce641,theiler,T3: 1.25×,21,37,Awake,25.000000000022737,1500,8,0.16,4,0.8,1.3,1.25,0.4316111793113859,0.5199999999995271,13,0.703117845997574,0.9535764634043359,1472,1403,True,ok
bc330dd9c3e1f1b01da77bddae27b46d527be4483da6954817e855004b3ce641,theiler,T1: 0.75×,21,38,Awake,25.000000000022737,1500,8,0.16,4,0.8,1.3,0.75,0.4119256458220322,0.31999999999970896,8,0.5673401355136358,0.9398036593318377,1472,1426,True,ok
bc330dd9c3e1f1b01da77bddae27b46d527be4483da6954817e855004b3ce641,theiler,T3: 1.25×,21,38,Awake,25.000000000022737,1500,8,0.16,4,0.8,1.3,1.25,0.4119256458220322,0.5199999999995271,13,0.5702349212440528,0.9387898229507745,1472,1426,True,ok
bc330dd9c3e1f1b01da77bddae27b46d527be4483da6954817e855004b3ce641,theiler,T1: 0.75×,21,39,Awake,25.000000000022737,1500,8,0.16,4,0.8,1.3,0.75,0.4240056440170444,0.31999999999970896,8,0.6943416960578556,0.9653096748239334,1472,1423,True,ok
bc330dd9c3e1f1b01da77bddae27b46d527be4483da6954817e855004b3ce641,theiler,T3: 1.25×,21,39,Awake,25.000000000022737,1500,8,0.16,4,0.8,1.3,1.25,0.4240056440170444,0.5199999999995271,13,0.6943416960578556,0.9653096748239334,1472,1423,True,ok
bc330dd9c3e1f1b01da77bddae27b46d527be4483da6954817e855004b3ce641,theiler,T1: 0.75×,21,40,Awake,25.000000000022737,1500,8,0.16,4,0.8,1.3,0.75,0.45443930221540746,0.3599999999996726,9,0.8061706197055072,0.9584658766142543,1472,1400,True,ok
bc330dd9c3e1f1b01da77bddae27b46d527be4483da6954817e855004b3ce641,theiler,T3: 1.25×,21,40,Awake,25.000000000022737,1500,8,0.16,4,0.8,1.3,1.25,0.45443930221540746,0.5599999999994907,14,0.8080916463354171,0.9601633517514685,1472,1400,True,ok
bc330dd9c3e1f1b01da77bddae27b46d527be4483da6954817e855004b3ce641,theiler,T1: 0.75×,21,41,Drowsy,25.000000000022737,1500,8,0.16,4,0.8,1.3,0.75,0.42625131496143254,0.31999999999970896,8,0.7348924550000694,0.9608767858113274,1472,1420,True,ok
bc330dd9c3e1f1b01da77bddae27b46d527be4483da6954817e855004b3ce641,theiler,T3: 1.25×,21,41,Drowsy,25.000000000022737,1500,8,0.16,4,0.8,1.3,1.25,0.42625131496143254,0.5199999999995271,13,0.737506054747852,0.9617504465497884,1472,1420,True,ok
bc330dd9c3e1f1b01da77bddae27b46d527be4483da6954817e855004b3ce641,theiler,T1: 0.75×,21,42,Drowsy,25.000000000022737,1500,8,0.16,4,0.8,1.3,0.75,0.42273860194973845,0.31999999999970896,8,0.5959504830849779,0.9150988077830302,1472,1430,True,ok
bc330dd9c3e1f1b01da77bddae27b46d527be4483da6954817e855004b3ce641,theiler,T3: 1.25×,21,42,Drowsy,25.000000000022737,1500,8,0.16,4,0.8,1.3,1.25,0.42273860194973845,0.5199999999995271,13,0.5959504830849779,0.9150988077830302,1472,1430,True,ok
bc330dd9c3e1f1b01da77bddae27b46d527be4483da6954817e855004b3ce641,theiler,T1: 0.75×,22,1,Awake,25.000625015646552,1500,8,0.16,4,0.8,1.3,0.75,0.479546953434849,0.3599909999996953,9,0.7401546132520285,0.9828561064009622,1472,1418,True,ok
bc330dd9c3e1f1b01da77bddae27b46d527be4483da6954817e855004b3ce641,theiler,T3: 1.25×,22,1,Awake,25.000625015646552,1500,8,0.16,4,0.8,1.3,1.25,0.479546953434849,0.5999849999994922,15,0.7479199869969516,0.9828117595994695,1472,1418,True,ok
bc330dd9c3e1f1b01da77bddae27b46d527be4483da6954817e855004b3ce641,theiler,T1: 0.75×,22,2,Awake,25.000625015646552,1500,8,0.16,4,0.8,1.3,0.75,0.49811601687272444,0.3599909999996953,9,0.8233919398221923,0.9940676615126858,1472,1395,True,ok
bc330dd9c3e1f1b01da77bddae27b46d527be4483da6954817e855004b3ce641,theiler,T3: 1.25×,22,2,Awake,25.000625015646552,1500,8,0.16,4,0.8,1.3,1.25,0.49811601687272444,0.6399839999994583,16,0.8222732072836023,0.9940280157487955,1472,1395,True,ok
bc330dd9c3e1f1b01da77bddae27b46d527be4483da6954817e855004b3ce641,theiler,T1: 0.75×,22,3,Awake,25.000625015646552,1500,8,0.16,4,0.8,1.3,0.75,0.4999479752483464,0.3599909999996953,9,0.7583936081539122,0.9894757221507028,1472,1420,True,ok
bc330dd9c3e1f1b01da77bddae27b46d527be4483da6954817e855004b3ce641,theiler,T3: 1.25×,22,3,Awake,25.000625015646552,1500,8,0.16,4,0.8,1.3,1.25,0.4999479752483464,0.6399839999994583,16,0.7389948463975572,0.9895482014430961,1472,1420,True,ok
bc330dd9c3e1f1b01da77bddae27b46d527be4483da6954817e855004b3ce641,theiler,T1: 0.75×,22,4,Awake,25.000625015646552,1500,8,0.16,4,0.8,1.3,0.75,0.47928658430526355,0.3599909999996953,9,0.7476497993684318,0.9893102390205494,1472,1421,True,ok
bc330dd9c3e1f1b01da77bddae27b46d527be4483da6954817e855004b3ce641,theiler,T3: 1.25×,22,4,Awake,25.000625015646552,1500,8,0.16,4,0.8,1.3,1.25,0.47928658430526355,0.5999849999994922,15,0.7476497993684318,0.9893102390205494,1472,1421,True,ok
bc330dd9c3e1f1b01da77bddae27b46d527be4483da6954817e855004b3ce641,theiler,T1: 0.75×,22,5,Awake,25.000625015646552,1500,8,0.16,4,0.8,1.3,0.75,0.4855232968709693,0.3599909999996953,9,0.7481104781040602,0.984761559197963,1472,1409,True,ok
bc330dd9c3e1f1b01da77bddae27b46d527be4483da6954817e855004b3ce641,theiler,T3: 1.25×,22,5,Awake,25.000625015646552,1500,8,0.16,4,0.8,1.3,1.25,0.4855232968709693,0.5999849999994922,15,0.7481104781040602,0.984761559197963,1472,1409,True,ok
bc330dd9c3e1f1b01da77bddae27b46d527be4483da6954817e855004b3ce641,theiler,T1: 0.75×,22,6,Awake,25.000625015646552,1500,8,0.16,4,0.8,1.3,0.75,0.46822084972106953,0.3599909999996953,9,0.57166842720764,0.9334027224788582,1472,1396,True,ok
bc330dd9c3e1f1b01da77bddae27b46d527be4483da6954817e855004b3ce641,theiler,T3: 1.25×,22,6,Awake,25.000625015646552,1500,8,0.16,4,0.8,1.3,1.25,0.46822084972106953,0.5999849999994922,15,0.5652140213086331,0.929378007900126,1472,1396,True,ok
bc330dd9c3e1f1b01da77bddae27b46d527be4483da6954817e855004b3ce641,theiler,T1: 0.75×,22,7,Awake,25.000625015646552,1500,8,0.16,4,0.8,1.3,0.75,0.4877507232003564,0.3599909999996953,9,0.8060379255091198,0.9935145367828504,1472,1402,True,ok
bc330dd9c3e1f1b01da77bddae27b46d527be4483da6954817e855004b3ce641,theiler,T3: 1.25×,22,7,Awake,25.000625015646552,1500,8,0.16,4,0.8,1.3,1.25,0.4877507232003564,0.5999849999994922,15,0.8087747828768689,0.9936113774862264,1472,1402,True,ok
bc330dd9c3e1f1b01da77bddae27b46d527be4483da6954817e855004b3ce641,theiler,T1: 0.75×,22,8,Awake,25.000625015646552,1500,8,0.16,4,0.8,1.3,0.75,0.4712548987665471,0.3599909999996953,9,0.8694943534170457,0.9866531479570106,1472,1433,True,ok
bc330dd9c3e1f1b01da77bddae27b46d527be4483da6954817e855004b3ce641,theiler,T3: 1.25×,22,8,Awake,25.000625015646552,1500,8,0.16,4,0.8,1.3,1.25,0.4712548987665471,0.5999849999994922,15,0.871005080156994,0.9899108794627255,1472,1433,True,ok
bc330dd9c3e1f1b01da77bddae27b46d527be4483da6954817e855004b3ce641,theiler,T1: 0.75×,22,9,Awake,25.000625015646552,1500,8,0.16,4,0.8,1.3,0.75,0.4926470615689374,0.3599909999996953,9,0.8999674665142494,0.9976203403902666,1472,1421,True,ok
bc330dd9c3e1f1b01da77bddae27b46d527be4483da6954817e855004b3ce641,theiler,T3: 1.25×,22,9,Awake,25.000625015646552,1500,8,0.16,4,0.8,1.3,1.25,0.4926470615689374,0.5999849999994922,15,0.8999674665142494,0.9976203403902666,1472,1421,True,ok
bc330dd9c3e1f1b01da77bddae27b46d527be4483da6954817e855004b3ce641,theiler,T1: 0.75×,22,10,Awake,25.000625015646552,1500,8,0.16,4,0.8,1.3,0.75,0.47784754435097315,0.3599909999996953,9,0.7750643782399348,0.9959469586862838,1472,1431,True,ok
bc330dd9c3e1f1b01da77bddae27b46d527be4483da6954817e855004b3ce641,theiler,T3: 1.25×,22,10,Awake,25.000625015646552,1500,8,0.16,4,0.8,1.3,1.25,0.47784754435097315,0.5999849999994922,15,0.7686103479365004,0.9949048417740638,1472,1431,True,ok
bc330dd9c3e1f1b01da77bddae27b46d527be4483da6954817e855004b3ce641,theiler,T1: 0.75×,22,11,Awake,25.000625015646552,1500,8,0.16,4,0.8,1.3,0.75,0.48133108326296337,0.3599909999996953,9,0.7461885250538081,0.9872902336918908,1472,1416,True,ok
bc330dd9c3e1f1b01da77bddae27b46d527be4483da6954817e855004b3ce641,theiler,T3: 1.25×,22,11,Awake,25.000625015646552,1500,8,0.16,4,0.8,1.3,1.25,0.48133108326296337,0.5999849999994922,15,0.7466462514324348,0.9861767652615585,1472,1416,True,ok
bc330dd9c3e1f1b01da77bddae27b46d527be4483da6954817e855004b3ce641,theiler,T1: 0.75×,22,12,Awake,25.000625015646552,1500,8,0.16,4,0.8,1.3,0.75,0.49445378920570093,0.3599909999996953,9,0.6944335274302721,0.9816504994399394,1472,1439,True,ok
bc330dd9c3e1f1b01da77bddae27b46d527be4483da6954817e855004b3ce641,theiler,T3: 1.25×,22,12,Awake,25.000625015646552,1500,8,0.16,4,0.8,1.3,1.25,0.49445378920570093,0.5999849999994922,15,0.6967533623320378,0.9829609821551222,1472,1435,True,ok
bc330dd9c3e1f1b01da77bddae27b46d527be4483da6954817e855004b3ce641,theiler,T1: 0.75×,22,14,Awake,25.000625015646552,1500,8,0.16,4,0.8,1.3,0.75,0.48894647229246413,0.3599909999996953,9,0.7411576509664825,0.9510260291146388,1472,1395,True,ok
bc330dd9c3e1f1b01da77bddae27b46d527be4483da6954817e855004b3ce641,theiler,T3: 1.25×,22,14,Awake,25.000625015646552,1500,8,0.16,4,0.8,1.3,1.25,0.48894647229246413,0.5999849999994922,15,0.7410113303565619,0.9511963649084085,1472,1395,True,ok
bc330dd9c3e1f1b01da77bddae27b46d527be4483da6954817e855004b3ce641,theiler,T1: 0.75×,22,15,Awake,25.000625015646552,1500,8,0.16,4,0.8,1.3,0.75,0.5235122960648413,0.39998999999966145,10,0.8336346372296688,0.9962104108270574,1472,1415,True,ok
bc330dd9c3e1f1b01da77bddae27b46d527be4483da6954817e855004b3ce641,theiler,T3: 1.25×,22,15,Awake,25.000625015646552,1500,8,0.16,4,0.8,1.3,1.25,0.5235122960648413,0.6399839999994583,16,0.8307052317409238,0.9964047451150405,1472,1415,True,ok
bc330dd9c3e1f1b01da77bddae27b46d527be4483da6954817e855004b3ce641,theiler,T1: 0.75×,22,16,Awake,25.000625015646552,1500,8,0.16,4,0.8,1.3,0.75,0.4772224622757514,0.3599909999996953,9,0.7147471454251014,0.9708328092135755,1472,1395,True,ok
bc330dd9c3e1f1b01da77bddae27b46d527be4483da6954817e855004b3ce641,theiler,T3: 1.25×,22,16,Awake,25.000625015646552,1500,8,0.16,4,0.8,1.3,1.25,0.4772224622757514,0.5999849999994922,15,0.7147471454251014,0.9708328092135755,1472,1395,True,ok
bc330dd9c3e1f1b01da77bddae27b46d527be4483da6954817e855004b3ce641,theiler,T1: 0.75×,22,17,Awake,25.000625015646552,1500,8,0.16,4,0.8,1.3,0.75,0.5017432765577647,0.3599909999996953,9,0.8917904142266218,0.9870790256221852,1472,1432,True,ok
bc330dd9c3e1f1b01da77bddae27b46d527be4483da6954817e855004b3ce641,theiler,T3: 1.25×,22,17,Awake,25.000625015646552,1500,8,0.16,4,0.8,1.3,1.25,0.5017432765577647,0.6399839999994583,16,0.9004283040638474,0.9856521425820545,1472,1430,True,ok
bc330dd9c3e1f1b01da77bddae27b46d527be4483da6954817e855004b3ce641,theiler,T1: 0.75×,22,18,Awake,25.000625015646552,1500,8,0.16,4,0.8,1.3,0.75,0.5017400918119562,0.3599909999996953,9,0.7624182164129616,0.9841084485630429,1472,1432,True,ok
bc330dd9c3e1f1b01da77bddae27b46d527be4483da6954817e855004b3ce641,theiler,T3: 1.25×,22,18,Awake,25.000625015646552,1500,8,0.16,4,0.8,1.3,1.25,0.5017400918119562,0.6399839999994583,16,0.7624182164129616,0.9841084485630429,1472,1432,True,ok
bc330dd9c3e1f1b01da77bddae27b46d527be4483da6954817e855004b3ce641,theiler,T1: 0.75×,22,19,Awake,25.000625015646552,1500,8,0.16,4,0.8,1.3,0.75,0.4889741065728395,0.3599909999996953,9,0.8159764829909695,0.9858972895472313,1472,1413,True,ok
bc330dd9c3e1f1b01da77bddae27b46d527be4483da6954817e855004b3ce641,theiler,T3: 1.25×,22,19,Awake,25.000625015646552,1500,8,0.16,4,0.8,1.3,1.25,0.4889741065728395,0.5999849999994922,15,0.8159764829909695,0.9858972895472313,1472,1413,True,ok
bc330dd9c3e1f1b01da77bddae27b46d527be4483da6954817e855004b3ce641,theiler,T1: 0.75×,22,20,Awake,25.000625015646552,1500,8,0.16,4,0.8,1.3,0.75,0.48177648777123233,0.3599909999996953,9,0.7504517549863553,0.9886179696570757,1472,1384,True,ok
bc330dd9c3e1f1b01da77bddae27b46d527be4483da6954817e855004b3ce641,theiler,T3: 1.25×,22,20,Awake,25.000625015646552,1500,8,0.16,4,0.8,1.3,1.25,0.48177648777123233,0.5999849999994922,15,0.7504517549863553,0.9886179696570757,1472,1384,True,ok
bc330dd9c3e1f1b01da77bddae27b46d527be4483da6954817e855004b3ce641,theiler,T1: 0.75×,22,21,Awake,25.000625015646552,1500,8,0.16,4,0.8,1.3,0.75,0.5066248375438357,0.3599909999996953,9,0.8240065586107538,0.9860152429228246,1472,1404,True,ok
bc330dd9c3e1f1b01da77bddae27b46d527be4483da6954817e855004b3ce641,theiler,T3: 1.25×,22,21,Awake,25.000625015646552,1500,8,0.16,4,0.8,1.3,1.25,0.5066248375438357,0.6399839999994583,16,0.8240065586107538,0.9860152429228246,1472,1404,True,ok
bc330dd9c3e1f1b01da77bddae27b46d527be4483da6954817e855004b3ce641,theiler,T1: 0.75×,22,22,Awake,25.000625015646552,1500,8,0.16,4,0.8,1.3,0.75,0.4608681491029255,0.3599909999996953,9,0.6861816554229971,0.9424904912023705,1472,1389,True,ok
bc330dd9c3e1f1b01da77bddae27b46d527be4483da6954817e855004b3ce641,theiler,T3: 1.25×,22,22,Awake,25.000625015646552,1500,8,0.16,4,0.8,1.3,1.25,0.4608681491029255,0.559985999999526,14,0.6861816554229971,0.9424904912023705,1472,1389,True,ok
bc330dd9c3e1f1b01da77bddae27b46d527be4483da6954817e855004b3ce641,theiler,T1: 0.75×,22,23,Drowsy,25.000625015646552,1500,8,0.16,4,0.8,1.3,0.75,0.4627705769832204,0.3599909999996953,9,0.6787061490464539,0.9773321988305936,1472,1418,True,ok
bc330dd9c3e1f1b01da77bddae27b46d527be4483da6954817e855004b3ce641,theiler,T3: 1.25×,22,23,Drowsy,25.000625015646552,1500,8,0.16,4,0.8,1.3,1.25,0.4627705769832204,0.559985999999526,14,0.6787061490464539,0.9773321988305936,1472,1418,True,ok
bc330dd9c3e1f1b01da77bddae27b46d527be4483da6954817e855004b3ce641,theiler,T1: 0.75×,22,24,Drowsy,25.000625015646552,1500,8,0.16,4,0.8,1.3,0.75,0.4656347539755073,0.3599909999996953,9,0.6044092725282518,0.8985813932596566,1472,1422,False,low_fit_r2
bc330dd9c3e1f1b01da77bddae27b46d527be4483da6954817e855004b3ce641,theiler,T3: 1.25×,22,24,Drowsy,25.000625015646552,1500,8,0.16,4,0.8,1.3,1.25,0.4656347539755073,0.5999849999994922,15,0.6099415184786576,0.9015784409749849,1472,1422,True,ok
bc330dd9c3e1f1b01da77bddae27b46d527be4483da6954817e855004b3ce641,theiler,T1: 0.75×,22,25,Drowsy,25.000625015646552,1500,8,0.16,4,0.8,1.3,0.75,0.5023797508037493,0.3599909999996953,9,0.7582522585072575,0.9928964444960925,1472,1410,True,ok
bc330dd9c3e1f1b01da77bddae27b46d527be4483da6954817e855004b3ce641,theiler,T3: 1.25×,22,25,Drowsy,25.000625015646552,1500,8,0.16,4,0.8,1.3,1.25,0.5023797508037493,0.6399839999994583,16,0.7618598663352203,0.9930030875546727,1472,1408,True,ok
bc330dd9c3e1f1b01da77bddae27b46d527be4483da6954817e855004b3ce641,theiler,T1: 0.75×,22,26,Drowsy,25.000625015646552,1500,8,0.16,4,0.8,1.3,0.75,0.4868977015949824,0.3599909999996953,9,0.7440134301786223,0.9844229747449593,1472,1423,True,ok
bc330dd9c3e1f1b01da77bddae27b46d527be4483da6954817e855004b3ce641,theiler,T3: 1.25×,22,26,Drowsy,25.000625015646552,1500,8,0.16,4,0.8,1.3,1.25,0.4868977015949824,0.5999849999994922,15,0.7418177309949042,0.9830624750269213,1472,1423,True,ok
bc330dd9c3e1f1b01da77bddae27b46d527be4483da6954817e855004b3ce641,theiler,T1: 0.75×,22,27,Drowsy,25.000625015646552,1500,8,0.16,4,0.8,1.3,0.75,0.4734971396106888,0.3599909999996953,9,0.712232413070062,0.977105858195015,1472,1410,True,ok
bc330dd9c3e1f1b01da77bddae27b46d527be4483da6954817e855004b3ce641,theiler,T3: 1.25×,22,27,Drowsy,25.000625015646552,1500,8,0.16,4,0.8,1.3,1.25,0.4734971396106888,0.5999849999994922,15,0.7309493147908668,0.9733390636577782,1472,1410,True,ok
bc330dd9c3e1f1b01da77bddae27b46d527be4483da6954817e855004b3ce641,theiler,T1: 0.75×,22,28,Drowsy,25.000625015646552,1500,8,0.16,4,0.8,1.3,0.75,0.4863242353396534,0.3599909999996953,9,0.6743120949305228,0.9885155162238711,1472,1419,True,ok
bc330dd9c3e1f1b01da77bddae27b46d527be4483da6954817e855004b3ce641,theiler,T3: 1.25×,22,28,Drowsy,25.000625015646552,1500,8,0.16,4,0.8,1.3,1.25,0.4863242353396534,0.5999849999994922,15,0.6761896898610371,0.9885977196513173,1472,1419,True,ok
bc330dd9c3e1f1b01da77bddae27b46d527be4483da6954817e855004b3ce641,theiler,T1: 0.75×,22,29,Awake,25.000625015646552,1500,8,0.16,4,0.8,1.3,0.75,0.49963853806970104,0.3599909999996953,9,0.7076729054755908,0.9699416777232333,1472,1423,True,ok
bc330dd9c3e1f1b01da77bddae27b46d527be4483da6954817e855004b3ce641,theiler,T3: 1.25×,22,29,Awake,25.000625015646552,1500,8,0.16,4,0.8,1.3,1.25,0.49963853806970104,0.6399839999994583,16,0.743062687990586,0.9722631672497146,1472,1423,True,ok
bc330dd9c3e1f1b01da77bddae27b46d527be4483da6954817e855004b3ce641,theiler,T1: 0.75×,22,30,Awake,25.000625015646552,1500,8,0.16,4,0.8,1.3,0.75,0.5108945476473837,0.39998999999966145,10,0.7554351178582512,0.9758091688438505,1472,1416,True,ok
bc330dd9c3e1f1b01da77bddae27b46d527be4483da6954817e855004b3ce641,theiler,T3: 1.25×,22,30,Awake,25.000625015646552,1500,8,0.16,4,0.8,1.3,1.25,0.5108945476473837,0.6399839999994583,16,0.7556456517165766,0.976948827515241,1472,1416,True,ok
bc330dd9c3e1f1b01da77bddae27b46d527be4483da6954817e855004b3ce641,theiler,T1: 0.75×,22,31,Awake,25.000625015646552,1500,8,0.16,4,0.8,1.3,0.75,0.5233617020336492,0.39998999999966145,10,0.7422192473297924,0.989310900619619,1472,1397,True,ok
bc330dd9c3e1f1b01da77bddae27b46d527be4483da6954817e855004b3ce641,theiler,T3: 1.25×,22,31,Awake,25.000625015646552,1500,8,0.16,4,0.8,1.3,1.25,0.5233617020336492,0.6399839999994583,16,0.7349430543157268,0.9881937271901046,1472,1397,True,ok
bc330dd9c3e1f1b01da77bddae27b46d527be4483da6954817e855004b3ce641,theiler,T1: 0.75×,22,32,Awake,25.000625015646552,1500,8,0.16,4,0.8,1.3,0.75,0.5077590939835482,0.39998999999966145,10,0.6124872445237866,0.972868017059131,1472,1393,True,ok
bc330dd9c3e1f1b01da77bddae27b46d527be4483da6954817e855004b3ce641,theiler,T3: 1.25×,22,32,Awake,25.000625015646552,1500,8,0.16,4,0.8,1.3,1.25,0.5077590939835482,0.6399839999994583,16,0.6016877118676378,0.9718414494572086,1472,1389,True,ok
bc330dd9c3e1f1b01da77bddae27b46d527be4483da6954817e855004b3ce641,theiler,T1: 0.75×,22,33,Awake,25.000625015646552,1500,8,0.16,4,0.8,1.3,0.75,0.49965381719391383,0.3599909999996953,9,0.6717423518787854,0.9924744225719423,1472,1416,True,ok
bc330dd9c3e1f1b01da77bddae27b46d527be4483da6954817e855004b3ce641,theiler,T3: 1.25×,22,33,Awake,25.000625015646552,1500,8,0.16,4,0.8,1.3,1.25,0.49965381719391383,0.6399839999994583,16,0.6707375402152722,0.9926613464093527,1472,1416,True,ok
bc330dd9c3e1f1b01da77bddae27b46d527be4483da6954817e855004b3ce641,theiler,T1: 0.75×,22,34,Drowsy,25.000625015646552,1500,8,0.16,4,0.8,1.3,0.75,0.4987198559559951,0.3599909999996953,9,0.7122812350508502,0.9621596418597349,1472,1398,True,ok
bc330dd9c3e1f1b01da77bddae27b46d527be4483da6954817e855004b3ce641,theiler,T3: 1.25×,22,34,Drowsy,25.000625015646552,1500,8,0.16,4,0.8,1.3,1.25,0.4987198559559951,0.6399839999994583,16,0.7164209922752499,0.9602907248374569,1472,1398,True,ok
bc330dd9c3e1f1b01da77bddae27b46d527be4483da6954817e855004b3ce641,theiler,T1: 0.75×,22,35,Drowsy,25.000625015646552,1500,8,0.16,4,0.8,1.3,0.75,0.5221461523270249,0.39998999999966145,10,0.7211525453885951,0.9806578142678323,1472,1422,True,ok
bc330dd9c3e1f1b01da77bddae27b46d527be4483da6954817e855004b3ce641,theiler,T3: 1.25×,22,35,Drowsy,25.000625015646552,1500,8,0.16,4,0.8,1.3,1.25,0.5221461523270249,0.6399839999994583,16,0.7116905685646927,0.9758559922484967,1472,1423,True,ok
bc330dd9c3e1f1b01da77bddae27b46d527be4483da6954817e855004b3ce641,theiler,T1: 0.75×,22,36,Drowsy,25.000625015646552,1500,8,0.16,4,0.8,1.3,0.75,0.4902062302886371,0.3599909999996953,9,0.6198453737680978,0.9522244255310583,1472,1429,True,ok
bc330dd9c3e1f1b01da77bddae27b46d527be4483da6954817e855004b3ce641,theiler,T3: 1.25×,22,36,Drowsy,25.000625015646552,1500,8,0.16,4,0.8,1.3,1.25,0.4902062302886371,0.5999849999994922,15,0.6315300242386878,0.9583740400586905,1472,1424,True,ok
bc330dd9c3e1f1b01da77bddae27b46d527be4483da6954817e855004b3ce641,theiler,T1: 0.75×,22,37,Drowsy,25.000625015646552,1500,8,0.16,4,0.8,1.3,0.75,0.5399349916599716,0.39998999999966145,10,0.8719802613646975,0.9751870116103112,1472,1434,True,ok
bc330dd9c3e1f1b01da77bddae27b46d527be4483da6954817e855004b3ce641,theiler,T3: 1.25×,22,37,Drowsy,25.000625015646552,1500,8,0.16,4,0.8,1.3,1.25,0.5399349916599716,0.6799829999994245,17,0.867238438851554,0.9738411322825,1472,1432,True,ok
bc330dd9c3e1f1b01da77bddae27b46d527be4483da6954817e855004b3ce641,theiler,T1: 0.75×,22,38,Drowsy,25.000625015646552,1500,8,0.16,4,0.8,1.3,0.75,0.5548918760790104,0.39998999999966145,10,0.7657310507602626,0.9926613128844939,1472,1427,True,ok
bc330dd9c3e1f1b01da77bddae27b46d527be4483da6954817e855004b3ce641,theiler,T3: 1.25×,22,38,Drowsy,25.000625015646552,1500,8,0.16,4,0.8,1.3,1.25,0.5548918760790104,0.6799829999994245,17,0.7657310507602626,0.9926613128844939,1472,1427,True,ok
bc330dd9c3e1f1b01da77bddae27b46d527be4483da6954817e855004b3ce641,theiler,T1: 0.75×,22,40,Awake,25.000625015646552,1500,8,0.16,4,0.8,1.3,0.75,0.5271203292043116,0.39998999999966145,10,0.7450098500961634,0.9941446120487355,1472,1405,True,ok
bc330dd9c3e1f1b01da77bddae27b46d527be4483da6954817e855004b3ce641,theiler,T3: 1.25×,22,40,Awake,25.000625015646552,1500,8,0.16,4,0.8,1.3,1.25,0.5271203292043116,0.6399839999994583,16,0.7450098500961634,0.9941446120487355,1472,1405,True,ok
bc330dd9c3e1f1b01da77bddae27b46d527be4483da6954817e855004b3ce641,theiler,T1: 0.75×,22,41,Awake,25.000625015646552,1500,8,0.16,4,0.8,1.3,0.75,0.539114301255822,0.39998999999966145,10,0.8588404573886923,0.9936759501152541,1472,1421,True,ok
bc330dd9c3e1f1b01da77bddae27b46d527be4483da6954817e855004b3ce641,theiler,T3: 1.25×,22,41,Awake,25.000625015646552,1500,8,0.16,4,0.8,1.3,1.25,0.539114301255822,0.6799829999994245,17,0.846854790380466,0.9914700695863575,1472,1416,True,ok
bc330dd9c3e1f1b01da77bddae27b46d527be4483da6954817e855004b3ce641,theiler,T1: 0.75×,22,43,Awake,25.000625015646552,1500,8,0.16,4,0.8,1.3,0.75,0.5509379587114855,0.39998999999966145,10,0.7711030130231067,0.9899964986026495,1472,1418,True,ok
bc330dd9c3e1f1b01da77bddae27b46d527be4483da6954817e855004b3ce641,theiler,T3: 1.25×,22,43,Awake,25.000625015646552,1500,8,0.16,4,0.8,1.3,1.25,0.5509379587114855,0.6799829999994245,17,0.7707869284891874,0.9899650829916229,1472,1418,True,ok
bc330dd9c3e1f1b01da77bddae27b46d527be4483da6954817e855004b3ce641,theiler,T1: 0.75×,22,44,Drowsy,25.000625015646552,1500,8,0.16,4,0.8,1.3,0.75,0.5255394999859752,0.39998999999966145,10,0.7215111259542013,0.9553680308922748,1472,1437,True,ok
bc330dd9c3e1f1b01da77bddae27b46d527be4483da6954817e855004b3ce641,theiler,T3: 1.25×,22,44,Drowsy,25.000625015646552,1500,8,0.16,4,0.8,1.3,1.25,0.5255394999859752,0.6399839999994583,16,0.7310299226737434,0.9622519097349614,1472,1437,True,ok
bc330dd9c3e1f1b01da77bddae27b46d527be4483da6954817e855004b3ce641,theiler,T1: 0.75×,22,45,Drowsy,25.000625015646552,1500,8,0.16,4,0.8,1.3,0.75,0.5422367241468553,0.39998999999966145,10,0.748721337676712,0.9517229466255981,1472,1422,True,ok
bc330dd9c3e1f1b01da77bddae27b46d527be4483da6954817e855004b3ce641,theiler,T3: 1.25×,22,45,Drowsy,25.000625015646552,1500,8,0.16,4,0.8,1.3,1.25,0.5422367241468553,0.6799829999994245,17,0.7731104931329827,0.951086917290679,1472,1422,True,ok
bc330dd9c3e1f1b01da77bddae27b46d527be4483da6954817e855004b3ce641,theiler,T1: 0.75×,23,1,Awake,24.997500250004045,1500,8,0.16,4,0.8,1.3,0.75,0.5795871375692101,0.44004399999948873,11,0.9079642700372083,0.9891956978607828,1472,1418,True,ok
bc330dd9c3e1f1b01da77bddae27b46d527be4483da6954817e855004b3ce641,theiler,T3: 1.25×,23,1,Awake,24.997500250004045,1500,8,0.16,4,0.8,1.3,1.25,0.5795871375692101,0.7200719999991634,18,0.9023390210271731,0.9904652790569493,1472,1418,True,ok
bc330dd9c3e1f1b01da77bddae27b46d527be4483da6954817e855004b3ce641,theiler,T1: 0.75×,23,2,Awake,24.997500250004045,1500,8,0.16,4,0.8,1.3,0.75,0.577880541191738,0.44004399999948873,11,0.9392097875105943,0.9779336344992765,1472,1425,True,ok
bc330dd9c3e1f1b01da77bddae27b46d527be4483da6954817e855004b3ce641,theiler,T3: 1.25×,23,2,Awake,24.997500250004045,1500,8,0.16,4,0.8,1.3,1.25,0.577880541191738,0.7200719999991634,18,0.9398211552749953,0.9774005948081286,1472,1425,True,ok
bc330dd9c3e1f1b01da77bddae27b46d527be4483da6954817e855004b3ce641,theiler,T1: 0.75×,23,3,Awake,24.997500250004045,1500,8,0.16,4,0.8,1.3,0.75,0.5743575131737516,0.44004399999948873,11,0.9683799532293894,0.9730064641863758,1472,1418,True,ok
bc330dd9c3e1f1b01da77bddae27b46d527be4483da6954817e855004b3ce641,theiler,T3: 1.25×,23,3,Awake,24.997500250004045,1500,8,0.16,4,0.8,1.3,1.25,0.5743575131737516,0.7200719999991634,18,0.9708979223099671,0.9754656294833549,1472,1418,True,ok
bc330dd9c3e1f1b01da77bddae27b46d527be4483da6954817e855004b3ce641,theiler,T1: 0.75×,23,4,Awake,24.997500250004045,1500,8,0.16,4,0.8,1.3,0.75,0.5602338826098283,0.44004399999948873,11,0.888262385959851,0.9818959037013449,1472,1412,True,ok
bc330dd9c3e1f1b01da77bddae27b46d527be4483da6954817e855004b3ce641,theiler,T3: 1.25×,23,4,Awake,24.997500250004045,1500,8,0.16,4,0.8,1.3,1.25,0.5602338826098283,0.7200719999991634,18,0.9024663924790737,0.9822023746806801,1472,1409,True,ok
bc330dd9c3e1f1b01da77bddae27b46d527be4483da6954817e855004b3ce641,theiler,T1: 0.75×,23,5,Awake,24.997500250004045,1500,8,0.16,4,0.8,1.3,0.75,0.5622596465904679,0.44004399999948873,11,0.8890732468856699,0.9873720882032094,1472,1410,True,ok
bc330dd9c3e1f1b01da77bddae27b46d527be4483da6954817e855004b3ce641,theiler,T3: 1.25×,23,5,Awake,24.997500250004045,1500,8,0.16,4,0.8,1.3,1.25,0.5622596465904679,0.7200719999991634,18,0.8940835436450512,0.9884359774587864,1472,1410,True,ok
bc330dd9c3e1f1b01da77bddae27b46d527be4483da6954817e855004b3ce641,theiler,T1: 0.75×,23,6,Awake,24.997500250004045,1500,8,0.16,4,0.8,1.3,0.75,0.5857196637621856,0.44004399999948873,11,0.941050791184894,0.9892089104427676,1472,1438,True,ok
bc330dd9c3e1f1b01da77bddae27b46d527be4483da6954817e855004b3ce641,theiler,T3: 1.25×,23,6,Awake,24.997500250004045,1500,8,0.16,4,0.8,1.3,1.25,0.5857196637621856,0.7200719999991634,18,0.92347510866535,0.988757211301463,1472,1434,True,ok
bc330dd9c3e1f1b01da77bddae27b46d527be4483da6954817e855004b3ce641,theiler,T1: 0.75×,23,7,Awake,24.997500250004045,1500,8,0.16,4,0.8,1.3,0.75,0.5796835976228205,0.44004399999948873,11,0.8076970842840383,0.9815097442313276,1472,1410,True,ok
bc330dd9c3e1f1b01da77bddae27b46d527be4483da6954817e855004b3ce641,theiler,T3: 1.25×,23,7,Awake,24.997500250004045,1500,8,0.16,4,0.8,1.3,1.25,0.5796835976228205,0.7200719999991634,18,0.7839879671400757,0.9776796514078252,1472,1390,True,ok
bc330dd9c3e1f1b01da77bddae27b46d527be4483da6954817e855004b3ce641,theiler,T1: 0.75×,23,8,Awake,24.997500250004045,1500,8,0.16,4,0.8,1.3,0.75,0.5529106703166223,0.4000399999995352,10,0.9836619527434092,0.9776150238938489,1472,1410,True,ok
bc330dd9c3e1f1b01da77bddae27b46d527be4483da6954817e855004b3ce641,theiler,T3: 1.25×,23,8,Awake,24.997500250004045,1500,8,0.16,4,0.8,1.3,1.25,0.5529106703166223,0.6800679999992099,17,0.9913680539610155,0.9805469144063512,1472,1410,True,ok
bc330dd9c3e1f1b01da77bddae27b46d527be4483da6954817e855004b3ce641,theiler,T1: 0.75×,23,9,Awake,24.997500250004045,1500,8,0.16,4,0.8,1.3,0.75,0.5801527899312364,0.44004399999948873,11,0.9200565254804942,0.9952405908060284,1472,1432,True,ok
bc330dd9c3e1f1b01da77bddae27b46d527be4483da6954817e855004b3ce641,theiler,T3: 1.25×,23,9,Awake,24.997500250004045,1500,8,0.16,4,0.8,1.3,1.25,0.5801527899312364,0.7200719999991634,18,0.9245915644545553,0.9938605767240545,1472,1432,True,ok
bc330dd9c3e1f1b01da77bddae27b46d527be4483da6954817e855004b3ce641,theiler,T1: 0.75×,23,10,Awake,24.997500250004045,1500,8,0.16,4,0.8,1.3,0.75,0.5684869101155376,0.44004399999948873,11,0.9826395035419154,0.9887179464489414,1472,1398,True,ok
bc330dd9c3e1f1b01da77bddae27b46d527be4483da6954817e855004b3ce641,theiler,T3: 1.25×,23,10,Awake,24.997500250004045,1500,8,0.16,4,0.8,1.3,1.25,0.5684869101155376,0.7200719999991634,18,0.9752530148248002,0.9906276254004438,1472,1398,True,ok
bc330dd9c3e1f1b01da77bddae27b46d527be4483da6954817e855004b3ce641,theiler,T1: 0.75×,23,11,Awake,24.997500250004045,1500,8,0.16,4,0.8,1.3,0.75,0.524500877330789,0.4000399999995352,10,0.8265944597916439,0.987780145612448,1472,1428,True,ok
bc330dd9c3e1f1b01da77bddae27b46d527be4483da6954817e855004b3ce641,theiler,T3: 1.25×,23,11,Awake,24.997500250004045,1500,8,0.16,4,0.8,1.3,1.25,0.524500877330789,0.6400639999992563,16,0.8263430009233171,0.9879897695225124,1472,1428,True,ok
bc330dd9c3e1f1b01da77bddae27b46d527be4483da6954817e855004b3ce641,theiler,T1: 0.75×,23,12,Awake,24.997500250004045,1500,8,0.16,4,0.8,1.3,0.75,0.568451652221037,0.44004399999948873,11,0.8961856570839817,0.9843707314220317,1472,1400,True,ok
bc330dd9c3e1f1b01da77bddae27b46d527be4483da6954817e855004b3ce641,theiler,T3: 1.25×,23,12,Awake,24.997500250004045,1500,8,0.16,4,0.8,1.3,1.25,0.568451652221037,0.7200719999991634,18,0.8870320284844667,0.9844591995936839,1472,1400,True,ok
bc330dd9c3e1f1b01da77bddae27b46d527be4483da6954817e855004b3ce641,theiler,T1: 0.75×,23,14,Awake,24.997500250004045,1500,8,0.16,4,0.8,1.3,0.75,0.5569868830733973,0.4000399999995352,10,0.8728898738619658,0.9655759982398211,1472,1420,True,ok
bc330dd9c3e1f1b01da77bddae27b46d527be4483da6954817e855004b3ce641,theiler,T3: 1.25×,23,14,Awake,24.997500250004045,1500,8,0.16,4,0.8,1.3,1.25,0.5569868830733973,0.6800679999992099,17,0.8647515583885265,0.9635768477873882,1472,1420,True,ok
bc330dd9c3e1f1b01da77bddae27b46d527be4483da6954817e855004b3ce641,theiler,T1: 0.75×,23,15,Awake,24.997500250004045,1500,8,0.16,4,0.8,1.3,0.75,0.5854436116867187,0.44004399999948873,11,0.8307843436144989,0.9611754077064588,1472,1411,True,ok
bc330dd9c3e1f1b01da77bddae27b46d527be4483da6954817e855004b3ce641,theiler,T3: 1.25×,23,15,Awake,24.997500250004045,1500,8,0.16,4,0.8,1.3,1.25,0.5854436116867187,0.7200719999991634,18,0.8496832798581508,0.9694253631770986,1472,1411,True,ok
bc330dd9c3e1f1b01da77bddae27b46d527be4483da6954817e855004b3ce641,theiler,T1: 0.75×,23,16,Awake,24.997500250004045,1500,8,0.16,4,0.8,1.3,0.75,0.5492767657308678,0.4000399999995352,10,0.780211574703376,0.9883171245926392,1472,1418,True,ok
bc330dd9c3e1f1b01da77bddae27b46d527be4483da6954817e855004b3ce641,theiler,T3: 1.25×,23,16,Awake,24.997500250004045,1500,8,0.16,4,0.8,1.3,1.25,0.5492767657308678,0.6800679999992099,17,0.7863355442667016,0.9859691362147245,1472,1418,True,ok
bc330dd9c3e1f1b01da77bddae27b46d527be4483da6954817e855004b3ce641,theiler,T1: 0.75×,23,18,Awake,24.997500250004045,1500,8,0.16,4,0.8,1.3,0.75,0.5613238828923552,0.44004399999948873,11,0.8712686939249586,0.9898610934747744,1472,1403,True,ok
bc330dd9c3e1f1b01da77bddae27b46d527be4483da6954817e855004b3ce641,theiler,T3: 1.25×,23,18,Awake,24.997500250004045,1500,8,0.16,4,0.8,1.3,1.25,0.5613238828923552,0.7200719999991634,18,0.8662628469853242,0.9907634995936577,1472,1403,True,ok
bc330dd9c3e1f1b01da77bddae27b46d527be4483da6954817e855004b3ce641,theiler,T1: 0.75×,23,19,Awake,24.997500250004045,1500,8,0.16,4,0.8,1.3,0.75,0.531408269585443,0.4000399999995352,10,0.8031867452743291,0.987504876076733,1472,1412,True,ok
bc330dd9c3e1f1b01da77bddae27b46d527be4483da6954817e855004b3ce641,theiler,T3: 1.25×,23,19,Awake,24.997500250004045,1500,8,0.16,4,0.8,1.3,1.25,0.531408269585443,0.6800679999992099,17,0.799082852964675,0.9884722423993709,1472,1412,True,ok
bc330dd9c3e1f1b01da77bddae27b46d527be4483da6954817e855004b3ce641,theiler,T1: 0.75×,23,20,Awake,24.997500250004045,1500,8,0.16,4,0.8,1.3,0.75,0.567491202649714,0.44004399999948873,11,0.8378105795575013,0.9834459143912504,1472,1409,True,ok
bc330dd9c3e1f1b01da77bddae27b46d527be4483da6954817e855004b3ce641,theiler,T3: 1.25×,23,20,Awake,24.997500250004045,1500,8,0.16,4,0.8,1.3,1.25,0.567491202649714,0.7200719999991634,18,0.8563715634248639,0.9854391426437051,1472,1409,True,ok
bc330dd9c3e1f1b01da77bddae27b46d527be4483da6954817e855004b3ce641,theiler,T1: 0.75×,23,21,Awake,24.997500250004045,1500,8,0.16,4,0.8,1.3,0.75,0.6086510260890022,0.44004399999948873,11,0.9621312243459293,0.9688814791072085,1472,1413,True,ok
bc330dd9c3e1f1b01da77bddae27b46d527be4483da6954817e855004b3ce641,theiler,T3: 1.25×,23,21,Awake,24.997500250004045,1500,8,0.16,4,0.8,1.3,1.25,0.6086510260890022,0.7600759999991169,19,0.9585406976068463,0.971275233019712,1472,1413,True,ok
bc330dd9c3e1f1b01da77bddae27b46d527be4483da6954817e855004b3ce641,theiler,T1: 0.75×,23,22,Awake,24.997500250004045,1500,8,0.16,4,0.8,1.3,0.75,0.5726259272988057,0.44004399999948873,11,0.8322056528688465,0.9581080878461192,1472,1406,True,ok
bc330dd9c3e1f1b01da77bddae27b46d527be4483da6954817e855004b3ce641,theiler,T3: 1.25×,23,22,Awake,24.997500250004045,1500,8,0.16,4,0.8,1.3,1.25,0.5726259272988057,0.7200719999991634,18,0.8193529797983883,0.9603056791632683,1472,1405,True,ok
bc330dd9c3e1f1b01da77bddae27b46d527be4483da6954817e855004b3ce641,theiler,T1: 0.75×,23,26,Awake,24.997500250004045,1500,8,0.16,4,0.8,1.3,0.75,0.5310165668835667,0.4000399999995352,10,0.8026276725176398,0.9708756080251536,1472,1409,True,ok
bc330dd9c3e1f1b01da77bddae27b46d527be4483da6954817e855004b3ce641,theiler,T3: 1.25×,23,26,Awake,24.997500250004045,1500,8,0.16,4,0.8,1.3,1.25,0.5310165668835667,0.6800679999992099,17,0.7954048876411549,0.9713254976846434,1472,1409,True,ok
bc330dd9c3e1f1b01da77bddae27b46d527be4483da6954817e855004b3ce641,theiler,T1: 0.75×,23,27,Awake,24.997500250004045,1500,8,0.16,4,0.8,1.3,0.75,0.5844184737733593,0.44004399999948873,11,0.9189022286484136,0.987900573120078,1472,1419,True,ok
bc330dd9c3e1f1b01da77bddae27b46d527be4483da6954817e855004b3ce641,theiler,T3: 1.25×,23,27,Awake,24.997500250004045,1500,8,0.16,4,0.8,1.3,1.25,0.5844184737733593,0.7200719999991634,18,0.9169997138543637,0.9877130452148876,1472,1417,True,ok
bc330dd9c3e1f1b01da77bddae27b46d527be4483da6954817e855004b3ce641,theiler,T1: 0.75×,23,28,Awake,24.997500250004045,1500,8,0.16,4,0.8,1.3,0.75,0.5355851855989768,0.4000399999995352,10,0.742046559214077,0.9275557830808026,1472,1433,True,ok
bc330dd9c3e1f1b01da77bddae27b46d527be4483da6954817e855004b3ce641,theiler,T3: 1.25×,23,28,Awake,24.997500250004045,1500,8,0.16,4,0.8,1.3,1.25,0.5355851855989768,0.6800679999992099,17,0.7421916146640914,0.9277379032700067,1472,1433,True,ok
bc330dd9c3e1f1b01da77bddae27b46d527be4483da6954817e855004b3ce641,theiler,T1: 0.75×,23,29,Awake,24.997500250004045,1500,8,0.16,4,0.8,1.3,0.75,0.5489560265935347,0.4000399999995352,10,0.8326772299159139,0.9799067444910988,1472,1407,True,ok
bc330dd9c3e1f1b01da77bddae27b46d527be4483da6954817e855004b3ce641,theiler,T3: 1.25×,23,29,Awake,24.997500250004045,1500,8,0.16,4,0.8,1.3,1.25,0.5489560265935347,0.6800679999992099,17,0.8236386133688122,0.9794537620825592,1472,1407,True,ok
bc330dd9c3e1f1b01da77bddae27b46d527be4483da6954817e855004b3ce641,theiler,T1: 0.75×,23,30,Awake,24.997500250004045,1500,8,0.16,4,0.8,1.3,0.75,0.56602175584347,0.44004399999948873,11,0.8298693820611187,0.985806484293183,1472,1387,True,ok
bc330dd9c3e1f1b01da77bddae27b46d527be4483da6954817e855004b3ce641,theiler,T3: 1.25×,23,30,Awake,24.997500250004045,1500,8,0.16,4,0.8,1.3,1.25,0.56602175584347,0.7200719999991634,18,0.8377566816884301,0.9885027146337922,1472,1387,True,ok
bc330dd9c3e1f1b01da77bddae27b46d527be4483da6954817e855004b3ce641,theiler,T1: 0.75×,23,31,Awake,24.997500250004045,1500,8,0.16,4,0.8,1.3,0.75,0.5637290445996699,0.44004399999948873,11,0.8578630714667408,0.9803628599468576,1472,1411,True,ok
bc330dd9c3e1f1b01da77bddae27b46d527be4483da6954817e855004b3ce641,theiler,T3: 1.25×,23,31,Awake,24.997500250004045,1500,8,0.16,4,0.8,1.3,1.25,0.5637290445996699,0.7200719999991634,18,0.8620045558792814,0.981430414814752,1472,1410,True,ok
bc330dd9c3e1f1b01da77bddae27b46d527be4483da6954817e855004b3ce641,theiler,T1: 0.75×,23,32,Awake,24.997500250004045,1500,8,0.16,4,0.8,1.3,0.75,0.5390262888955819,0.4000399999995352,10,0.805693798292005,0.973571368922981,1472,1418,True,ok
bc330dd9c3e1f1b01da77bddae27b46d527be4483da6954817e855004b3ce641,theiler,T3: 1.25×,23,32,Awake,24.997500250004045,1500,8,0.16,4,0.8,1.3,1.25,0.5390262888955819,0.6800679999992099,17,0.7949218765706554,0.9763311031801609,1472,1402,True,ok
bc330dd9c3e1f1b01da77bddae27b46d527be4483da6954817e855004b3ce641,theiler,T1: 0.75×,23,33,Awake,24.997500250004045,1500,8,0.16,4,0.8,1.3,0.75,0.5232943756340174,0.4000399999995352,10,0.7255625208760792,0.9730043792747302,1472,1399,True,ok
bc330dd9c3e1f1b01da77bddae27b46d527be4483da6954817e855004b3ce641,theiler,T3: 1.25×,23,33,Awake,24.997500250004045,1500,8,0.16,4,0.8,1.3,1.25,0.5232943756340174,0.6400639999992563,16,0.7255625208760792,0.9730043792747302,1472,1399,True,ok
bc330dd9c3e1f1b01da77bddae27b46d527be4483da6954817e855004b3ce641,theiler,T1: 0.75×,23,35,Awake,24.997500250004045,1500,8,0.16,4,0.8,1.3,0.75,0.5578600068238663,0.4000399999995352,10,0.8234108305037487,0.9902190438247104,1472,1417,True,ok
bc330dd9c3e1f1b01da77bddae27b46d527be4483da6954817e855004b3ce641,theiler,T3: 1.25×,23,35,Awake,24.997500250004045,1500,8,0.16,4,0.8,1.3,1.25,0.5578600068238663,0.6800679999992099,17,0.8175557708855256,0.9892444906521503,1472,1417,True,ok
bc330dd9c3e1f1b01da77bddae27b46d527be4483da6954817e855004b3ce641,theiler,T1: 0.75×,23,36,Awake,24.997500250004045,1500,8,0.16,4,0.8,1.3,0.75,0.5483067997460922,0.4000399999995352,10,0.8257999617192123,0.9634039997519797,1472,1422,True,ok
bc330dd9c3e1f1b01da77bddae27b46d527be4483da6954817e855004b3ce641,theiler,T3: 1.25×,23,36,Awake,24.997500250004045,1500,8,0.16,4,0.8,1.3,1.25,0.5483067997460922,0.6800679999992099,17,0.8133248460233335,0.9628096866621185,1472,1421,True,ok
bc330dd9c3e1f1b01da77bddae27b46d527be4483da6954817e855004b3ce641,theiler,T1: 0.75×,23,37,Awake,24.997500250004045,1500,8,0.16,4,0.8,1.3,0.75,0.5564131949224097,0.4000399999995352,10,0.7386615572080676,0.9790725189830245,1472,1406,True,ok
bc330dd9c3e1f1b01da77bddae27b46d527be4483da6954817e855004b3ce641,theiler,T3: 1.25×,23,37,Awake,24.997500250004045,1500,8,0.16,4,0.8,1.3,1.25,0.5564131949224097,0.6800679999992099,17,0.7491815338669504,0.9778687968760525,1472,1406,True,ok
bc330dd9c3e1f1b01da77bddae27b46d527be4483da6954817e855004b3ce641,theiler,T1: 0.75×,23,38,Awake,24.997500250004045,1500,8,0.16,4,0.8,1.3,0.75,0.5728414989878365,0.44004399999948873,11,0.9117171192999768,0.9619886328967069,1472,1430,True,ok
bc330dd9c3e1f1b01da77bddae27b46d527be4483da6954817e855004b3ce641,theiler,T3: 1.25×,23,38,Awake,24.997500250004045,1500,8,0.16,4,0.8,1.3,1.25,0.5728414989878365,0.7200719999991634,18,0.911776031285374,0.9581218427688899,1472,1430,True,ok
bc330dd9c3e1f1b01da77bddae27b46d527be4483da6954817e855004b3ce641,theiler,T1: 0.75×,23,39,Drowsy,24.997500250004045,1500,8,0.16,4,0.8,1.3,0.75,0.47798126062372354,0.3600359999995817,9,0.7687612150045389,0.9462411217775714,1472,1384,True,ok
bc330dd9c3e1f1b01da77bddae27b46d527be4483da6954817e855004b3ce641,theiler,T3: 1.25×,23,39,Drowsy,24.997500250004045,1500,8,0.16,4,0.8,1.3,1.25,0.47798126062372354,0.6000599999993028,15,0.7647881115873346,0.9446773666219833,1472,1384,True,ok
bc330dd9c3e1f1b01da77bddae27b46d527be4483da6954817e855004b3ce641,theiler,T1: 0.75×,23,40,Drowsy,24.997500250004045,1500,8,0.16,4,0.8,1.3,0.75,0.5453761005529668,0.4000399999995352,10,0.8025402126496781,0.970261363505599,1472,1408,True,ok
bc330dd9c3e1f1b01da77bddae27b46d527be4483da6954817e855004b3ce641,theiler,T3: 1.25×,23,40,Drowsy,24.997500250004045,1500,8,0.16,4,0.8,1.3,1.25,0.5453761005529668,0.6800679999992099,17,0.7929909223152624,0.9746779901669541,1472,1408,True,ok
bc330dd9c3e1f1b01da77bddae27b46d527be4483da6954817e855004b3ce641,theiler,T1: 0.75×,23,41,Drowsy,24.997500250004045,1500,8,0.16,4,0.8,1.3,0.75,0.5723819380355866,0.44004399999948873,11,1.0393012987645012,0.9961224617138416,1472,1429,True,ok
bc330dd9c3e1f1b01da77bddae27b46d527be4483da6954817e855004b3ce641,theiler,T3: 1.25×,23,41,Drowsy,24.997500250004045,1500,8,0.16,4,0.8,1.3,1.25,0.5723819380355866,0.7200719999991634,18,1.0383698586966947,0.9961729894403425,1472,1429,True,ok
bc330dd9c3e1f1b01da77bddae27b46d527be4483da6954817e855004b3ce641,theiler,T1: 0.75×,23,42,Drowsy,24.997500250004045,1500,8,0.16,4,0.8,1.3,0.75,0.5201250618469375,0.4000399999995352,10,0.8399673380659687,0.9609736762896208,1472,1415,True,ok
bc330dd9c3e1f1b01da77bddae27b46d527be4483da6954817e855004b3ce641,theiler,T3: 1.25×,23,42,Drowsy,24.997500250004045,1500,8,0.16,4,0.8,1.3,1.25,0.5201250618469375,0.6400639999992563,16,0.865483629058593,0.973202727644336,1472,1415,True,ok
bc330dd9c3e1f1b01da77bddae27b46d527be4483da6954817e855004b3ce641,theiler,T1: 0.75×,23,43,Drowsy,24.997500250004045,1500,8,0.16,4,0.8,1.3,0.75,0.5443956231161007,0.4000399999995352,10,0.845754214970027,0.9587438278456104,1472,1422,True,ok
bc330dd9c3e1f1b01da77bddae27b46d527be4483da6954817e855004b3ce641,theiler,T3: 1.25×,23,43,Drowsy,24.997500250004045,1500,8,0.16,4,0.8,1.3,1.25,0.5443956231161007,0.6800679999992099,17,0.8502630847352285,0.9551521029085875,1472,1422,True,ok
bc330dd9c3e1f1b01da77bddae27b46d527be4483da6954817e855004b3ce641,theiler,T1: 0.75×,23,44,Awake,24.997500250004045,1500,8,0.16,4,0.8,1.3,0.75,0.5231468180729663,0.4000399999995352,10,0.7792367184856378,0.9807946327548003,1472,1422,True,ok
bc330dd9c3e1f1b01da77bddae27b46d527be4483da6954817e855004b3ce641,theiler,T3: 1.25×,23,44,Awake,24.997500250004045,1500,8,0.16,4,0.8,1.3,1.25,0.5231468180729663,0.6400639999992563,16,0.7821494542003804,0.9799916630439927,1472,1422,True,ok
bc330dd9c3e1f1b01da77bddae27b46d527be4483da6954817e855004b3ce641,theiler,T1: 0.75×,23,45,Awake,24.997500250004045,1500,8,0.16,4,0.8,1.3,0.75,0.5277965194524733,0.4000399999995352,10,0.8094653131634879,0.9675356684809276,1472,1438,True,ok
bc330dd9c3e1f1b01da77bddae27b46d527be4483da6954817e855004b3ce641,theiler,T3: 1.25×,23,45,Awake,24.997500250004045,1500,8,0.16,4,0.8,1.3,1.25,0.5277965194524733,0.6400639999992563,16,0.7929781926776234,0.9630162619258913,1472,1438,True,ok
bc330dd9c3e1f1b01da77bddae27b46d527be4483da6954817e855004b3ce641,theiler,T1: 0.75×,23,46,Awake,24.997500250004045,1500,8,0.16,4,0.8,1.3,0.75,0.5602620303450936,0.44004399999948873,11,0.8562690574170972,0.9955232623863531,1472,1407,True,ok
bc330dd9c3e1f1b01da77bddae27b46d527be4483da6954817e855004b3ce641,theiler,T3: 1.25×,23,46,Awake,24.997500250004045,1500,8,0.16,4,0.8,1.3,1.25,0.5602620303450936,0.7200719999991634,18,0.8270160069246465,0.9935916482024509,1472,1400,True,ok
bc330dd9c3e1f1b01da77bddae27b46d527be4483da6954817e855004b3ce641,theiler,T1: 0.75×,23,47,Awake,24.997500250004045,1500,8,0.16,4,0.8,1.3,0.75,0.49993584742411973,0.3600359999995817,9,0.8679674901103558,0.9851758206225303,1472,1415,True,ok
bc330dd9c3e1f1b01da77bddae27b46d527be4483da6954817e855004b3ce641,theiler,T3: 1.25×,23,47,Awake,24.997500250004045,1500,8,0.16,4,0.8,1.3,1.25,0.49993584742411973,0.6400639999992563,16,0.8672601522696549,0.9851505515391601,1472,1415,True,ok
bc330dd9c3e1f1b01da77bddae27b46d527be4483da6954817e855004b3ce641,theiler,T1: 0.75×,23,48,Awake,24.997500250004045,1500,8,0.16,4,0.8,1.3,0.75,0.5462657470775807,0.4000399999995352,10,0.7528769445673238,0.9862760625197896,1472,1420,True,ok
bc330dd9c3e1f1b01da77bddae27b46d527be4483da6954817e855004b3ce641,theiler,T3: 1.25×,23,48,Awake,24.997500250004045,1500,8,0.16,4,0.8,1.3,1.25,0.5462657470775807,0.6800679999992099,17,0.7528769445673238,0.9862760625197896,1472,1420,True,ok
bc330dd9c3e1f1b01da77bddae27b46d527be4483da6954817e855004b3ce641,theiler,T1: 0.75×,23,49,Awake,24.997500250004045,1500,8,0.16,4,0.8,1.3,0.75,0.5807110264491556,0.44004399999948873,11,0.860501542779006,0.953035729963466,1472,1426,True,ok
bc330dd9c3e1f1b01da77bddae27b46d527be4483da6954817e855004b3ce641,theiler,T3: 1.25×,23,49,Awake,24.997500250004045,1500,8,0.16,4,0.8,1.3,1.25,0.5807110264491556,0.7200719999991634,18,0.8701959802740272,0.9561478824553509,1472,1426,True,ok
bc330dd9c3e1f1b01da77bddae27b46d527be4483da6954817e855004b3ce641,theiler,T1: 0.75×,23,50,Awake,24.997500250004045,1500,8,0.16,4,0.8,1.3,0.75,0.5619087117291848,0.44004399999948873,11,0.9278916532527816,0.9759248333102439,1472,1435,True,ok
bc330dd9c3e1f1b01da77bddae27b46d527be4483da6954817e855004b3ce641,theiler,T3: 1.25×,23,50,Awake,24.997500250004045,1500,8,0.16,4,0.8,1.3,1.25,0.5619087117291848,0.7200719999991634,18,0.9278766329144494,0.9754658287217792,1472,1435,True,ok
bc330dd9c3e1f1b01da77bddae27b46d527be4483da6954817e855004b3ce641,theiler,T1: 0.75×,23,51,Awake,24.997500250004045,1500,8,0.16,4,0.8,1.3,0.75,0.6111603459328173,0.44004399999948873,11,1.0163311459228594,0.9969317118801891,1472,1438,True,ok
bc330dd9c3e1f1b01da77bddae27b46d527be4483da6954817e855004b3ce641,theiler,T3: 1.25×,23,51,Awake,24.997500250004045,1500,8,0.16,4,0.8,1.3,1.25,0.6111603459328173,0.7600759999991169,19,1.017189989253197,0.9974556103384405,1472,1439,True,ok
bc330dd9c3e1f1b01da77bddae27b46d527be4483da6954817e855004b3ce641,theiler,T1: 0.75×,23,52,Awake,24.997500250004045,1500,8,0.16,4,0.8,1.3,0.75,0.5842175400216562,0.44004399999948873,11,0.8195926589686171,0.989007154209144,1472,1389,True,ok
bc330dd9c3e1f1b01da77bddae27b46d527be4483da6954817e855004b3ce641,theiler,T3: 1.25×,23,52,Awake,24.997500250004045,1500,8,0.16,4,0.8,1.3,1.25,0.5842175400216562,0.7200719999991634,18,0.8204200043417246,0.9919136056030545,1472,1389,True,ok
bc330dd9c3e1f1b01da77bddae27b46d527be4483da6954817e855004b3ce641,theiler,T1: 0.75×,23,53,Awake,24.997500250004045,1500,8,0.16,4,0.8,1.3,0.75,0.5578897691181549,0.4000399999995352,10,0.7819530456150112,0.9808375874858305,1472,1394,True,ok
bc330dd9c3e1f1b01da77bddae27b46d527be4483da6954817e855004b3ce641,theiler,T3: 1.25×,23,53,Awake,24.997500250004045,1500,8,0.16,4,0.8,1.3,1.25,0.5578897691181549,0.6800679999992099,17,0.7819530456150112,0.9808375874858305,1472,1394,True,ok
bc330dd9c3e1f1b01da77bddae27b46d527be4483da6954817e855004b3ce641,theiler,T1: 0.75×,23,54,Awake,24.997500250004045,1500,8,0.16,4,0.8,1.3,0.75,0.5363850473823302,0.4000399999995352,10,0.8748446567189749,0.9890366349022492,1472,1398,True,ok
bc330dd9c3e1f1b01da77bddae27b46d527be4483da6954817e855004b3ce641,theiler,T3: 1.25×,23,54,Awake,24.997500250004045,1500,8,0.16,4,0.8,1.3,1.25,0.5363850473823302,0.6800679999992099,17,0.8875510797970362,0.989407585185033,1472,1394,True,ok
bc330dd9c3e1f1b01da77bddae27b46d527be4483da6954817e855004b3ce641,theiler,T1: 0.75×,23,55,Awake,24.997500250004045,1500,8,0.16,4,0.8,1.3,0.75,0.5899341522968649,0.44004399999948873,11,0.9041683428890985,0.9839483200593145,1472,1413,True,ok
bc330dd9c3e1f1b01da77bddae27b46d527be4483da6954817e855004b3ce641,theiler,T3: 1.25×,23,55,Awake,24.997500250004045,1500,8,0.16,4,0.8,1.3,1.25,0.5899341522968649,0.7200719999991634,18,0.9076436440832716,0.9819075279155919,1472,1413,True,ok
bc330dd9c3e1f1b01da77bddae27b46d527be4483da6954817e855004b3ce641,theiler,T1: 0.75×,23,56,Awake,24.997500250004045,1500,8,0.16,4,0.8,1.3,0.75,0.5571915985452136,0.4000399999995352,10,0.7570742576651964,0.9552413836616555,1472,1408,True,ok
bc330dd9c3e1f1b01da77bddae27b46d527be4483da6954817e855004b3ce641,theiler,T3: 1.25×,23,56,Awake,24.997500250004045,1500,8,0.16,4,0.8,1.3,1.25,0.5571915985452136,0.6800679999992099,17,0.7742352238978455,0.9591144474595713,1472,1408,True,ok
bc330dd9c3e1f1b01da77bddae27b46d527be4483da6954817e855004b3ce641,theiler,T1: 0.75×,23,57,Awake,24.997500250004045,1500,8,0.16,4,0.8,1.3,0.75,0.5496630553154651,0.4000399999995352,10,0.8438493388833312,0.9445267627011873,1472,1409,True,ok
bc330dd9c3e1f1b01da77bddae27b46d527be4483da6954817e855004b3ce641,theiler,T3: 1.25×,23,57,Awake,24.997500250004045,1500,8,0.16,4,0.8,1.3,1.25,0.5496630553154651,0.6800679999992099,17,0.8384310224535441,0.9336082317241579,1472,1408,True,ok
bc330dd9c3e1f1b01da77bddae27b46d527be4483da6954817e855004b3ce641,theiler,T1: 0.75×,23,58,Awake,24.997500250004045,1500,8,0.16,4,0.8,1.3,0.75,0.5711130938082954,0.44004399999948873,11,0.8756868698539029,0.9955994570214782,1472,1430,True,ok
bc330dd9c3e1f1b01da77bddae27b46d527be4483da6954817e855004b3ce641,theiler,T3: 1.25×,23,58,Awake,24.997500250004045,1500,8,0.16,4,0.8,1.3,1.25,0.5711130938082954,0.7200719999991634,18,0.8722284954663923,0.9943061574495176,1472,1430,True,ok
bc330dd9c3e1f1b01da77bddae27b46d527be4483da6954817e855004b3ce641,theiler,T1: 0.75×,23,59,Awake,24.997500250004045,1500,8,0.16,4,0.8,1.3,0.75,0.5844711789801667,0.44004399999948873,11,0.8769064916506767,0.9880819335759459,1472,1417,True,ok
bc330dd9c3e1f1b01da77bddae27b46d527be4483da6954817e855004b3ce641,theiler,T3: 1.25×,23,59,Awake,24.997500250004045,1500,8,0.16,4,0.8,1.3,1.25,0.5844711789801667,0.7200719999991634,18,0.884883017559008,0.9883180140329587,1472,1416,True,ok
bc330dd9c3e1f1b01da77bddae27b46d527be4483da6954817e855004b3ce641,theiler,T1: 0.75×,23,60,Awake,24.997500250004045,1500,8,0.16,4,0.8,1.3,0.75,0.5155428282748479,0.4000399999995352,10,0.7509169518444708,0.9724312279102878,1472,1418,True,ok
bc330dd9c3e1f1b01da77bddae27b46d527be4483da6954817e855004b3ce641,theiler,T3: 1.25×,23,60,Awake,24.997500250004045,1500,8,0.16,4,0.8,1.3,1.25,0.5155428282748479,0.6400639999992563,16,0.7589344270395579,0.9733181724119099,1472,1418,True,ok
bc330dd9c3e1f1b01da77bddae27b46d527be4483da6954817e855004b3ce641,theiler,T1: 0.75×,23,61,Drowsy,24.997500250004045,1500,8,0.16,4,0.8,1.3,0.75,0.5347655275052174,0.4000399999995352,10,0.7531130035568188,0.9749861159043329,1472,1422,True,ok
bc330dd9c3e1f1b01da77bddae27b46d527be4483da6954817e855004b3ce641,theiler,T3: 1.25×,23,61,Drowsy,24.997500250004045,1500,8,0.16,4,0.8,1.3,1.25,0.5347655275052174,0.6800679999992099,17,0.7556296349702227,0.9751913910964635,1472,1426,True,ok
bc330dd9c3e1f1b01da77bddae27b46d527be4483da6954817e855004b3ce641,theiler,T1: 0.75×,23,62,Drowsy,24.997500250004045,1500,8,0.16,4,0.8,1.3,0.75,0.5170826095591993,0.4000399999995352,10,0.7958215661229354,0.9876930361632399,1472,1427,True,ok
bc330dd9c3e1f1b01da77bddae27b46d527be4483da6954817e855004b3ce641,theiler,T3: 1.25×,23,62,Drowsy,24.997500250004045,1500,8,0.16,4,0.8,1.3,1.25,0.5170826095591993,0.6400639999992563,16,0.7888020209925922,0.9870004954266692,1472,1427,True,ok
bc330dd9c3e1f1b01da77bddae27b46d527be4483da6954817e855004b3ce641,theiler,T1: 0.75×,23,63,Drowsy,24.997500250004045,1500,8,0.16,4,0.8,1.3,0.75,0.5481651593860744,0.4000399999995352,10,0.9060275825820954,0.9867663272291383,1472,1430,True,ok
bc330dd9c3e1f1b01da77bddae27b46d527be4483da6954817e855004b3ce641,theiler,T3: 1.25×,23,63,Drowsy,24.997500250004045,1500,8,0.16,4,0.8,1.3,1.25,0.5481651593860744,0.6800679999992099,17,0.91587395988285,0.9884255803841833,1472,1429,True,ok
bc330dd9c3e1f1b01da77bddae27b46d527be4483da6954817e855004b3ce641,theiler,T1: 0.75×,23,64,Drowsy,24.997500250004045,1500,8,0.16,4,0.8,1.3,0.75,0.5660024091414171,0.44004399999948873,11,0.8836138530948223,0.9815772280770643,1472,1391,True,ok
bc330dd9c3e1f1b01da77bddae27b46d527be4483da6954817e855004b3ce641,theiler,T3: 1.25×,23,64,Drowsy,24.997500250004045,1500,8,0.16,4,0.8,1.3,1.25,0.5660024091414171,0.7200719999991634,18,0.8787047115558492,0.9827339679719466,1472,1392,True,ok
bc330dd9c3e1f1b01da77bddae27b46d527be4483da6954817e855004b3ce641,theiler,T1: 0.75×,23,65,Drowsy,24.997500250004045,1500,8,0.16,4,0.8,1.3,0.75,0.484078364613485,0.3600359999995817,9,0.7447884742476825,0.9551566907755697,1472,1419,True,ok
bc330dd9c3e1f1b01da77bddae27b46d527be4483da6954817e855004b3ce641,theiler,T3: 1.25×,23,65,Drowsy,24.997500250004045,1500,8,0.16,4,0.8,1.3,1.25,0.484078364613485,0.6000599999993028,15,0.7430326372293229,0.9468868342133792,1472,1419,True,ok
bc330dd9c3e1f1b01da77bddae27b46d527be4483da6954817e855004b3ce641,theiler,T1: 0.75×,23,66,Drowsy,24.997500250004045,1500,8,0.16,4,0.8,1.3,0.75,0.5351269048364422,0.4000399999995352,10,0.8131421689093767,0.9648376723651724,1472,1419,True,ok
bc330dd9c3e1f1b01da77bddae27b46d527be4483da6954817e855004b3ce641,theiler,T3: 1.25×,23,66,Drowsy,24.997500250004045,1500,8,0.16,4,0.8,1.3,1.25,0.5351269048364422,0.6800679999992099,17,0.8328182601843054,0.9594580349526193,1472,1401,True,ok
bc330dd9c3e1f1b01da77bddae27b46d527be4483da6954817e855004b3ce641,theiler,T1: 0.75×,23,67,Drowsy,24.997500250004045,1500,8,0.16,4,0.8,1.3,0.75,0.5142368446884972,0.4000399999995352,10,0.814895336130383,0.9522837714161848,1472,1431,True,ok
bc330dd9c3e1f1b01da77bddae27b46d527be4483da6954817e855004b3ce641,theiler,T3: 1.25×,23,67,Drowsy,24.997500250004045,1500,8,0.16,4,0.8,1.3,1.25,0.5142368446884972,0.6400639999992563,16,0.814895336130383,0.9522837714161848,1472,1431,True,ok
bc330dd9c3e1f1b01da77bddae27b46d527be4483da6954817e855004b3ce641,theiler,T1: 0.75×,23,68,Drowsy,24.997500250004045,1500,8,0.16,4,0.8,1.3,0.75,0.5273936704648056,0.4000399999995352,10,0.8368984008986419,0.9827246057253077,1472,1425,True,ok
bc330dd9c3e1f1b01da77bddae27b46d527be4483da6954817e855004b3ce641,theiler,T3: 1.25×,23,68,Drowsy,24.997500250004045,1500,8,0.16,4,0.8,1.3,1.25,0.5273936704648056,0.6400639999992563,16,0.8411727387923333,0.986204438509546,1472,1425,True,ok
bc330dd9c3e1f1b01da77bddae27b46d527be4483da6954817e855004b3ce641,theiler,T1: 0.75×,25,1,Awake,24.99593816004646,1500,8,0.16,4,0.8,1.3,0.75,0.4289494604766938,0.3200520000000324,8,0.7695114638593156,0.9622397306343774,1472,1393,True,ok
bc330dd9c3e1f1b01da77bddae27b46d527be4483da6954817e855004b3ce641,theiler,T3: 1.25×,25,1,Awake,24.99593816004646,1500,8,0.16,4,0.8,1.3,1.25,0.4289494604766938,0.5200845000000527,13,0.7695114638593156,0.9622397306343774,1472,1393,True,ok
bc330dd9c3e1f1b01da77bddae27b46d527be4483da6954817e855004b3ce641,theiler,T1: 0.75×,25,2,Awake,24.99593816004646,1500,8,0.16,4,0.8,1.3,0.75,0.41534384970240573,0.3200520000000324,8,0.7441822006475189,0.9831164648686894,1472,1406,True,ok
bc330dd9c3e1f1b01da77bddae27b46d527be4483da6954817e855004b3ce641,theiler,T3: 1.25×,25,2,Awake,24.99593816004646,1500,8,0.16,4,0.8,1.3,1.25,0.41534384970240573,0.5200845000000527,13,0.7441822006475189,0.9831164648686894,1472,1406,True,ok
bc330dd9c3e1f1b01da77bddae27b46d527be4483da6954817e855004b3ce641,theiler,T1: 0.75×,25,3,Awake,24.99593816004646,1500,8,0.16,4,0.8,1.3,0.75,0.4535830257471812,0.3600585000000365,9,0.7227755438593234,0.9020054651453394,1472,1428,True,ok
bc330dd9c3e1f1b01da77bddae27b46d527be4483da6954817e855004b3ce641,theiler,T3: 1.25×,25,3,Awake,24.99593816004646,1500,8,0.16,4,0.8,1.3,1.25,0.4535830257471812,0.5600910000000567,14,0.7227755438593234,0.9020054651453394,1472,1428,True,ok
bc330dd9c3e1f1b01da77bddae27b46d527be4483da6954817e855004b3ce641,theiler,T1: 0.75×,25,4,Awake,24.99593816004646,1500,8,0.16,4,0.8,1.3,0.75,0.4565436386632698,0.3600585000000365,9,0.8550465137453555,0.9931201842112114,1472,1396,True,ok
bc330dd9c3e1f1b01da77bddae27b46d527be4483da6954817e855004b3ce641,theiler,T3: 1.25×,25,4,Awake,24.99593816004646,1500,8,0.16,4,0.8,1.3,1.25,0.4565436386632698,0.5600910000000567,14,0.8550465137453555,0.9931201842112114,1472,1396,True,ok
bc330dd9c3e1f1b01da77bddae27b46d527be4483da6954817e855004b3ce641,theiler,T1: 0.75×,25,5,Awake,24.99593816004646,1500,8,0.16,4,0.8,1.3,0.75,0.45319086474728815,0.3200520000000324,8,0.8552083273525946,0.9136724174298878,1472,1428,True,ok
bc330dd9c3e1f1b01da77bddae27b46d527be4483da6954817e855004b3ce641,theiler,T3: 1.25×,25,5,Awake,24.99593816004646,1500,8,0.16,4,0.8,1.3,1.25,0.45319086474728815,0.5600910000000567,14,0.8552083273525946,0.9136724174298878,1472,1428,True,ok
bc330dd9c3e1f1b01da77bddae27b46d527be4483da6954817e855004b3ce641,theiler,T1: 0.75×,25,6,Awake,24.99593816004646,1500,8,0.16,4,0.8,1.3,0.75,0.46447681141141617,0.3600585000000365,9,0.972609914726697,0.9809657311578688,1472,1415,True,ok
bc330dd9c3e1f1b01da77bddae27b46d527be4483da6954817e855004b3ce641,theiler,T3: 1.25×,25,6,Awake,24.99593816004646,1500,8,0.16,4,0.8,1.3,1.25,0.46447681141141617,0.6000975000000608,15,0.972609914726697,0.9809657311578688,1472,1415,True,ok
bc330dd9c3e1f1b01da77bddae27b46d527be4483da6954817e855004b3ce641,theiler,T1: 0.75×,25,7,Awake,24.99593816004646,1500,8,0.16,4,0.8,1.3,0.75,0.4644001392164327,0.3600585000000365,9,0.9636685236581745,0.9294300545370051,1472,1409,True,ok
bc330dd9c3e1f1b01da77bddae27b46d527be4483da6954817e855004b3ce641,theiler,T3: 1.25×,25,7,Awake,24.99593816004646,1500,8,0.16,4,0.8,1.3,1.25,0.4644001392164327,0.6000975000000608,15,0.9661232240063875,0.9288090515751475,1472,1408,True,ok
bc330dd9c3e1f1b01da77bddae27b46d527be4483da6954817e855004b3ce641,theiler,T1: 0.75×,25,8,Awake,24.99593816004646,1500,8,0.16,4,0.8,1.3,0.75,0.4669413568022269,0.3600585000000365,9,0.8649111191537391,0.9833161281961695,1472,1401,True,ok
bc330dd9c3e1f1b01da77bddae27b46d527be4483da6954817e855004b3ce641,theiler,T3: 1.25×,25,8,Awake,24.99593816004646,1500,8,0.16,4,0.8,1.3,1.25,0.4669413568022269,0.6000975000000608,15,0.8649111191537391,0.9833161281961695,1472,1401,True,ok
bc330dd9c3e1f1b01da77bddae27b46d527be4483da6954817e855004b3ce641,theiler,T1: 0.75×,25,9,Awake,24.99593816004646,1500,8,0.16,4,0.8,1.3,0.75,0.46402675509797886,0.3600585000000365,9,0.9072961409793571,0.988770199704607,1472,1411,True,ok
bc330dd9c3e1f1b01da77bddae27b46d527be4483da6954817e855004b3ce641,theiler,T3: 1.25×,25,9,Awake,24.99593816004646,1500,8,0.16,4,0.8,1.3,1.25,0.46402675509797886,0.5600910000000567,14,0.9072961409793571,0.988770199704607,1472,1411,True,ok
bc330dd9c3e1f1b01da77bddae27b46d527be4483da6954817e855004b3ce641,theiler,T1: 0.75×,25,10,Awake,24.99593816004646,1500,8,0.16,4,0.8,1.3,0.75,0.49157759183749583,0.3600585000000365,9,0.9826675351825538,0.960754466714373,1472,1413,True,ok
bc330dd9c3e1f1b01da77bddae27b46d527be4483da6954817e855004b3ce641,theiler,T3: 1.25×,25,10,Awake,24.99593816004646,1500,8,0.16,4,0.8,1.3,1.25,0.49157759183749583,0.6000975000000608,15,0.9826675351825538,0.960754466714373,1472,1413,True,ok
bc330dd9c3e1f1b01da77bddae27b46d527be4483da6954817e855004b3ce641,theiler,T1: 0.75×,25,11,Awake,24.99593816004646,1500,8,0.16,4,0.8,1.3,0.75,0.45757958083316536,0.3600585000000365,9,0.8256806313306383,0.9701460969058627,1472,1410,True,ok
bc330dd9c3e1f1b01da77bddae27b46d527be4483da6954817e855004b3ce641,theiler,T3: 1.25×,25,11,Awake,24.99593816004646,1500,8,0.16,4,0.8,1.3,1.25,0.45757958083316536,0.5600910000000567,14,0.8393822605395979,0.9704417903577728,1472,1410,True,ok
bc330dd9c3e1f1b01da77bddae27b46d527be4483da6954817e855004b3ce641,theiler,T1: 0.75×,25,12,Awake,24.99593816004646,1500,8,0.16,4,0.8,1.3,0.75,0.49419789022535104,0.3600585000000365,9,0.9489904664225208,0.9890605093586491,1472,1416,True,ok
bc330dd9c3e1f1b01da77bddae27b46d527be4483da6954817e855004b3ce641,theiler,T3: 1.25×,25,12,Awake,24.99593816004646,1500,8,0.16,4,0.8,1.3,1.25,0.49419789022535104,0.6000975000000608,15,0.9360010429891302,0.9870705543602049,1472,1416,True,ok
bc330dd9c3e1f1b01da77bddae27b46d527be4483da6954817e855004b3ce641,theiler,T1: 0.75×,25,13,Awake,24.99593816004646,1500,8,0.16,4,0.8,1.3,0.75,0.4881712970720961,0.3600585000000365,9,0.9090484938341181,0.972491678052447,1472,1407,True,ok
bc330dd9c3e1f1b01da77bddae27b46d527be4483da6954817e855004b3ce641,theiler,T3: 1.25×,25,13,Awake,24.99593816004646,1500,8,0.16,4,0.8,1.3,1.25,0.4881712970720961,0.6000975000000608,15,0.9090484938341181,0.972491678052447,1472,1407,True,ok
bc330dd9c3e1f1b01da77bddae27b46d527be4483da6954817e855004b3ce641,theiler,T1: 0.75×,25,14,Awake,24.99593816004646,1500,8,0.16,4,0.8,1.3,0.75,0.49630806771509745,0.3600585000000365,9,0.9222925661157683,0.9932586156665371,1472,1393,True,ok
bc330dd9c3e1f1b01da77bddae27b46d527be4483da6954817e855004b3ce641,theiler,T3: 1.25×,25,14,Awake,24.99593816004646,1500,8,0.16,4,0.8,1.3,1.25,0.49630806771509745,0.6401040000000648,16,0.9301280168755766,0.9930613792751763,1472,1393,True,ok
bc330dd9c3e1f1b01da77bddae27b46d527be4483da6954817e855004b3ce641,theiler,T1: 0.75×,25,15,Awake,24.99593816004646,1500,8,0.16,4,0.8,1.3,0.75,0.4964210973603431,0.3600585000000365,9,1.0166660200090774,0.9851199718984842,1472,1430,True,ok
bc330dd9c3e1f1b01da77bddae27b46d527be4483da6954817e855004b3ce641,theiler,T3: 1.25×,25,15,Awake,24.99593816004646,1500,8,0.16,4,0.8,1.3,1.25,0.4964210973603431,0.6401040000000648,16,1.0169571479104431,0.9847513636676425,1472,1430,True,ok
bc330dd9c3e1f1b01da77bddae27b46d527be4483da6954817e855004b3ce641,theiler,T1: 0.75×,25,16,Awake,24.99593816004646,1500,8,0.16,4,0.8,1.3,0.75,0.50491549713024,0.3600585000000365,9,1.081864920914274,0.9892146910121119,1472,1419,True,ok
bc330dd9c3e1f1b01da77bddae27b46d527be4483da6954817e855004b3ce641,theiler,T3: 1.25×,25,16,Awake,24.99593816004646,1500,8,0.16,4,0.8,1.3,1.25,0.50491549713024,0.6401040000000648,16,1.081864920914274,0.9892146910121119,1472,1419,True,ok
bc330dd9c3e1f1b01da77bddae27b46d527be4483da6954817e855004b3ce641,theiler,T1: 0.75×,25,17,Awake,24.99593816004646,1500,8,0.16,4,0.8,1.3,0.75,0.5070763247130479,0.4000650000000405,10,0.8891307714386038,0.9884930693315299,1472,1418,True,ok
bc330dd9c3e1f1b01da77bddae27b46d527be4483da6954817e855004b3ce641,theiler,T3: 1.25×,25,17,Awake,24.99593816004646,1500,8,0.16,4,0.8,1.3,1.25,0.5070763247130479,0.6401040000000648,16,0.8891307714386038,0.9884930693315299,1472,1418,True,ok
bc330dd9c3e1f1b01da77bddae27b46d527be4483da6954817e855004b3ce641,theiler,T1: 0.75×,25,18,Awake,24.99593816004646,1500,8,0.16,4,0.8,1.3,0.75,0.49004919494186394,0.3600585000000365,9,0.8710033544869253,0.9901147705403276,1472,1416,True,ok
bc330dd9c3e1f1b01da77bddae27b46d527be4483da6954817e855004b3ce641,theiler,T3: 1.25×,25,18,Awake,24.99593816004646,1500,8,0.16,4,0.8,1.3,1.25,0.49004919494186394,0.6000975000000608,15,0.8710033544869253,0.9901147705403276,1472,1416,True,ok
bc330dd9c3e1f1b01da77bddae27b46d527be4483da6954817e855004b3ce641,theiler,T1: 0.75×,25,19,Awake,24.99593816004646,1500,8,0.16,4,0.8,1.3,0.75,0.45569194397548896,0.3600585000000365,9,0.831407026811809,0.9617820897367301,1472,1436,True,ok
bc330dd9c3e1f1b01da77bddae27b46d527be4483da6954817e855004b3ce641,theiler,T3: 1.25×,25,19,Awake,24.99593816004646,1500,8,0.16,4,0.8,1.3,1.25,0.45569194397548896,0.5600910000000567,14,0.8379956599867122,0.969328240176003,1472,1436,True,ok
bc330dd9c3e1f1b01da77bddae27b46d527be4483da6954817e855004b3ce641,theiler,T1: 0.75×,25,20,Awake,24.99593816004646,1500,8,0.16,4,0.8,1.3,0.75,0.4509496842313058,0.3200520000000324,8,0.8968116393170088,0.9460009338577045,1472,1405,True,ok
bc330dd9c3e1f1b01da77bddae27b46d527be4483da6954817e855004b3ce641,theiler,T3: 1.25×,25,20,Awake,24.99593816004646,1500,8,0.16,4,0.8,1.3,1.25,0.4509496842313058,0.5600910000000567,14,0.8968116393170088,0.9460009338577045,1472,1405,True,ok
bc330dd9c3e1f1b01da77bddae27b46d527be4483da6954817e855004b3ce641,theiler,T1: 0.75×,25,21,Awake,24.99593816004646,1500,8,0.16,4,0.8,1.3,0.75,0.47155655414119996,0.3600585000000365,9,0.9016256281460635,0.9617753104560213,1472,1407,True,ok
bc330dd9c3e1f1b01da77bddae27b46d527be4483da6954817e855004b3ce641,theiler,T3: 1.25×,25,21,Awake,24.99593816004646,1500,8,0.16,4,0.8,1.3,1.25,0.47155655414119996,0.6000975000000608,15,0.9016256281460635,0.9617753104560213,1472,1407,True,ok
bc330dd9c3e1f1b01da77bddae27b46d527be4483da6954817e855004b3ce641,theiler,T1: 0.75×,25,22,Awake,24.99593816004646,1500,8,0.16,4,0.8,1.3,0.75,0.4604980304330797,0.3600585000000365,9,0.8197479506735401,0.9892296985563881,1472,1416,True,ok
bc330dd9c3e1f1b01da77bddae27b46d527be4483da6954817e855004b3ce641,theiler,T3: 1.25×,25,22,Awake,24.99593816004646,1500,8,0.16,4,0.8,1.3,1.25,0.4604980304330797,0.5600910000000567,14,0.8197479506735401,0.9892296985563881,1472,1416,True,ok
bc330dd9c3e1f1b01da77bddae27b46d527be4483da6954817e855004b3ce641,theiler,T1: 0.75×,25,23,Awake,24.99593816004646,1500,8,0.16,4,0.8,1.3,0.75,0.461357819222052,0.3600585000000365,9,0.8753285532282131,0.9580818874132807,1472,1426,True,ok
bc330dd9c3e1f1b01da77bddae27b46d527be4483da6954817e855004b3ce641,theiler,T3: 1.25×,25,23,Awake,24.99593816004646,1500,8,0.16,4,0.8,1.3,1.25,0.461357819222052,0.5600910000000567,14,0.8838772998427844,0.9594241236118317,1472,1422,True,ok
bc330dd9c3e1f1b01da77bddae27b46d527be4483da6954817e855004b3ce641,theiler,T1: 0.75×,25,24,Drowsy,24.99593816004646,1500,8,0.16,4,0.8,1.3,0.75,0.41639095222244005,0.3200520000000324,8,0.8073562825836231,0.9836449602876151,1472,1424,True,ok
bc330dd9c3e1f1b01da77bddae27b46d527be4483da6954817e855004b3ce641,theiler,T3: 1.25×,25,24,Drowsy,24.99593816004646,1500,8,0.16,4,0.8,1.3,1.25,0.41639095222244005,0.5200845000000527,13,0.7976199165242223,0.9822666229582262,1472,1423,True,ok
bc330dd9c3e1f1b01da77bddae27b46d527be4483da6954817e855004b3ce641,theiler,T1: 0.75×,25,25,Drowsy,24.99593816004646,1500,8,0.16,4,0.8,1.3,0.75,0.43326829194584016,0.3200520000000324,8,0.9173651443744881,0.9798336474758823,1472,1419,True,ok
bc330dd9c3e1f1b01da77bddae27b46d527be4483da6954817e855004b3ce641,theiler,T3: 1.25×,25,25,Drowsy,24.99593816004646,1500,8,0.16,4,0.8,1.3,1.25,0.43326829194584016,0.5600910000000567,14,0.9142414106310581,0.9792928297143522,1472,1419,True,ok
bc330dd9c3e1f1b01da77bddae27b46d527be4483da6954817e855004b3ce641,theiler,T1: 0.75×,25,26,Drowsy,24.99593816004646,1500,8,0.16,4,0.8,1.3,0.75,0.4186764701201212,0.3200520000000324,8,0.917940549067695,0.9690339012802239,1472,1416,True,ok
bc330dd9c3e1f1b01da77bddae27b46d527be4483da6954817e855004b3ce641,theiler,T3: 1.25×,25,26,Drowsy,24.99593816004646,1500,8,0.16,4,0.8,1.3,1.25,0.4186764701201212,0.5200845000000527,13,0.917940549067695,0.9690339012802239,1472,1416,True,ok
bc330dd9c3e1f1b01da77bddae27b46d527be4483da6954817e855004b3ce641,theiler,T1: 0.75×,25,27,Drowsy,24.99593816004646,1500,8,0.16,4,0.8,1.3,0.75,0.44695356219985877,0.3200520000000324,8,0.9021516051273705,0.966766255090052,1472,1427,True,ok
bc330dd9c3e1f1b01da77bddae27b46d527be4483da6954817e855004b3ce641,theiler,T3: 1.25×,25,27,Drowsy,24.99593816004646,1500,8,0.16,4,0.8,1.3,1.25,0.44695356219985877,0.5600910000000567,14,0.9021516051273705,0.966766255090052,1472,1427,True,ok
bc330dd9c3e1f1b01da77bddae27b46d527be4483da6954817e855004b3ce641,theiler,T1: 0.75×,25,28,Drowsy,24.99593816004646,1500,8,0.16,4,0.8,1.3,0.75,0.40630555675087976,0.3200520000000324,8,0.8136433717639803,0.976334792465288,1472,1401,True,ok
bc330dd9c3e1f1b01da77bddae27b46d527be4483da6954817e855004b3ce641,theiler,T3: 1.25×,25,28,Drowsy,24.99593816004646,1500,8,0.16,4,0.8,1.3,1.25,0.40630555675087976,0.5200845000000527,13,0.8136433717639803,0.976334792465288,1472,1401,True,ok
bc330dd9c3e1f1b01da77bddae27b46d527be4483da6954817e855004b3ce641,theiler,T1: 0.75×,25,29,Drowsy,24.99593816004646,1500,8,0.16,4,0.8,1.3,0.75,0.4228615749243136,0.3200520000000324,8,0.8043138246669549,0.9745696240225503,1472,1434,True,ok
bc330dd9c3e1f1b01da77bddae27b46d527be4483da6954817e855004b3ce641,theiler,T3: 1.25×,25,29,Drowsy,24.99593816004646,1500,8,0.16,4,0.8,1.3,1.25,0.4228615749243136,0.5200845000000527,13,0.8043138246669549,0.9745696240225503,1472,1434,True,ok
bc330dd9c3e1f1b01da77bddae27b46d527be4483da6954817e855004b3ce641,theiler,T1: 0.75×,25,30,Drowsy,24.99593816004646,1500,8,0.16,4,0.8,1.3,0.75,0.396525217577649,0.28004550000002837,7,0.7108307583229527,0.9424625302622012,1472,1400,True,ok
bc330dd9c3e1f1b01da77bddae27b46d527be4483da6954817e855004b3ce641,theiler,T3: 1.25×,25,30,Drowsy,24.99593816004646,1500,8,0.16,4,0.8,1.3,1.25,0.396525217577649,0.48007800000004863,12,0.7108307583229527,0.9424625302622012,1472,1400,True,ok
bc330dd9c3e1f1b01da77bddae27b46d527be4483da6954817e855004b3ce641,theiler,T1: 0.75×,25,31,Drowsy,24.99593816004646,1500,8,0.16,4,0.8,1.3,0.75,0.4197564866179245,0.3200520000000324,8,0.7329367246337917,0.8906949935425608,1472,1399,False,low_fit_r2
bc330dd9c3e1f1b01da77bddae27b46d527be4483da6954817e855004b3ce641,theiler,T3: 1.25×,25,31,Drowsy,24.99593816004646,1500,8,0.16,4,0.8,1.3,1.25,0.4197564866179245,0.5200845000000527,13,0.7329367246337917,0.8906949935425608,1472,1399,False,low_fit_r2
bc330dd9c3e1f1b01da77bddae27b46d527be4483da6954817e855004b3ce641,theiler,T1: 0.75×,25,32,Drowsy,24.99593816004646,1500,8,0.16,4,0.8,1.3,0.75,0.44513767295213674,0.3200520000000324,8,0.8060619313236705,0.944888545867111,1472,1425,True,ok
bc330dd9c3e1f1b01da77bddae27b46d527be4483da6954817e855004b3ce641,theiler,T3: 1.25×,25,32,Drowsy,24.99593816004646,1500,8,0.16,4,0.8,1.3,1.25,0.44513767295213674,0.5600910000000567,14,0.8050687985611855,0.9441406449856897,1472,1425,True,ok
bc330dd9c3e1f1b01da77bddae27b46d527be4483da6954817e855004b3ce641,theiler,T1: 0.75×,25,33,Drowsy,24.99593816004646,1500,8,0.16,4,0.8,1.3,0.75,0.4323115716894678,0.3200520000000324,8,0.8911532861010536,0.9769161716350983,1472,1401,True,ok
bc330dd9c3e1f1b01da77bddae27b46d527be4483da6954817e855004b3ce641,theiler,T3: 1.25×,25,33,Drowsy,24.99593816004646,1500,8,0.16,4,0.8,1.3,1.25,0.4323115716894678,0.5600910000000567,14,0.8907030446951472,0.9760617500701939,1472,1401,True,ok
bc330dd9c3e1f1b01da77bddae27b46d527be4483da6954817e855004b3ce641,theiler,T1: 0.75×,25,34,Awake,24.99593816004646,1500,8,0.16,4,0.8,1.3,0.75,0.42815706651531066,0.3200520000000324,8,0.829409212476707,0.9451831263156881,1472,1414,True,ok
bc330dd9c3e1f1b01da77bddae27b46d527be4483da6954817e855004b3ce641,theiler,T3: 1.25×,25,34,Awake,24.99593816004646,1500,8,0.16,4,0.8,1.3,1.25,0.42815706651531066,0.5200845000000527,13,0.829409212476707,0.9451831263156881,1472,1414,True,ok
bc330dd9c3e1f1b01da77bddae27b46d527be4483da6954817e855004b3ce641,theiler,T1: 0.75×,25,35,Awake,24.99593816004646,1500,8,0.16,4,0.8,1.3,0.75,0.46528415430965975,0.3600585000000365,9,0.9261499445636956,0.9662436284388066,1472,1428,True,ok
bc330dd9c3e1f1b01da77bddae27b46d527be4483da6954817e855004b3ce641,theiler,T3: 1.25×,25,35,Awake,24.99593816004646,1500,8,0.16,4,0.8,1.3,1.25,0.46528415430965975,0.6000975000000608,15,0.9261499445636956,0.9662436284388066,1472,1428,True,ok
bc330dd9c3e1f1b01da77bddae27b46d527be4483da6954817e855004b3ce641,theiler,T1: 0.75×,25,36,Awake,24.99593816004646,1500,8,0.16,4,0.8,1.3,0.75,0.44998087170798445,0.3200520000000324,8,0.8608285602568254,0.9915063181229733,1472,1410,True,ok
bc330dd9c3e1f1b01da77bddae27b46d527be4483da6954817e855004b3ce641,theiler,T3: 1.25×,25,36,Awake,24.99593816004646,1500,8,0.16,4,0.8,1.3,1.25,0.44998087170798445,0.5600910000000567,14,0.8608285602568254,0.9915063181229733,1472,1410,True,ok
bc330dd9c3e1f1b01da77bddae27b46d527be4483da6954817e855004b3ce641,theiler,T1: 0.75×,25,37,Awake,24.99593816004646,1500,8,0.16,4,0.8,1.3,0.75,0.44741216129413175,0.3200520000000324,8,0.8480134339918313,0.9668770439508597,1472,1402,True,ok
bc330dd9c3e1f1b01da77bddae27b46d527be4483da6954817e855004b3ce641,theiler,T3: 1.25×,25,37,Awake,24.99593816004646,1500,8,0.16,4,0.8,1.3,1.25,0.44741216129413175,0.5600910000000567,14,0.8480134339918313,0.9668770439508597,1472,1402,True,ok
bc330dd9c3e1f1b01da77bddae27b46d527be4483da6954817e855004b3ce641,theiler,T1: 0.75×,25,38,Drowsy,24.99593816004646,1500,8,0.16,4,0.8,1.3,0.75,0.44514282694363055,0.3200520000000324,8,0.7853966859439733,0.9681486223035357,1472,1405,True,ok
bc330dd9c3e1f1b01da77bddae27b46d527be4483da6954817e855004b3ce641,theiler,T3: 1.25×,25,38,Drowsy,24.99593816004646,1500,8,0.16,4,0.8,1.3,1.25,0.44514282694363055,0.5600910000000567,14,0.7917484304468213,0.9703048804607445,1472,1405,True,ok
bc330dd9c3e1f1b01da77bddae27b46d527be4483da6954817e855004b3ce641,theiler,T1: 0.75×,25,39,Drowsy,24.99593816004646,1500,8,0.16,4,0.8,1.3,0.75,0.43144639590048417,0.3200520000000324,8,0.689118079878095,0.9099631662649147,1472,1422,True,ok
bc330dd9c3e1f1b01da77bddae27b46d527be4483da6954817e855004b3ce641,theiler,T3: 1.25×,25,39,Drowsy,24.99593816004646,1500,8,0.16,4,0.8,1.3,1.25,0.43144639590048417,0.5200845000000527,13,0.689118079878095,0.9099631662649147,1472,1422,True,ok
bc330dd9c3e1f1b01da77bddae27b46d527be4483da6954817e855004b3ce641,theiler,T1: 0.75×,25,40,Drowsy,24.99593816004646,1500,8,0.16,4,0.8,1.3,0.75,0.4342290785765362,0.3200520000000324,8,0.7462200336299497,0.986378799351063,1472,1423,True,ok
bc330dd9c3e1f1b01da77bddae27b46d527be4483da6954817e855004b3ce641,theiler,T3: 1.25×,25,40,Drowsy,24.99593816004646,1500,8,0.16,4,0.8,1.3,1.25,0.4342290785765362,0.5600910000000567,14,0.7499252902628992,0.9862262043015205,1472,1423,True,ok
bc330dd9c3e1f1b01da77bddae27b46d527be4483da6954817e855004b3ce641,theiler,T1: 0.75×,25,41,Drowsy,24.99593816004646,1500,8,0.16,4,0.8,1.3,0.75,0.44493550015797884,0.3200520000000324,8,0.8468295573586161,0.9208602620589315,1472,1429,True,ok
bc330dd9c3e1f1b01da77bddae27b46d527be4483da6954817e855004b3ce641,theiler,T3: 1.25×,25,41,Drowsy,24.99593816004646,1500,8,0.16,4,0.8,1.3,1.25,0.44493550015797884,0.5600910000000567,14,0.8468961048256458,0.9203930711895294,1472,1429,True,ok
bc330dd9c3e1f1b01da77bddae27b46d527be4483da6954817e855004b3ce641,theiler,T1: 0.75×,25,42,Drowsy,24.99593816004646,1500,8,0.16,4,0.8,1.3,0.75,0.45368711953478463,0.3600585000000365,9,0.8732872182515505,0.9867482508625733,1472,1434,True,ok
bc330dd9c3e1f1b01da77bddae27b46d527be4483da6954817e855004b3ce641,theiler,T3: 1.25×,25,42,Drowsy,24.99593816004646,1500,8,0.16,4,0.8,1.3,1.25,0.45368711953478463,0.5600910000000567,14,0.8748909894910147,0.9869563417443338,1472,1434,True,ok
