subject,session,source_file,rule,window_id,state,label,segment_id,retained_interval_id,window_start_s,window_end_s,duration_s,observed_span_s,n_samples,fs,window_start_index,window_end_index,source_start_index,source_end_index,signal_file,sqi_pass,sqi_artifact_samples,sqi_artifact_fraction,stationarity_pass,variance_stability_metric,stationarity_pass_raw,variance_stability_metric_raw,analysis_included,exclusion_reason,Mean_CC,Mean_NRMSE,DET,Lmean,LAM,TT,LLE,LLE_fit_R2,LLE_fit_start_s,LLE_fit_end_s,LLE_pass_R2_090,LLE_pass_R2_095,simplex_success,rqa_success,lle_success,simplex_error,rqa_error,lle_error,error_message,simplex_horizons_completed,simplex_horizon_metrics,simplex_theiler_samples,rqa_theiler_samples,rqa_achieved_rr,rqa_rr_exact,rqa_zero_distance_fraction,rqa_epsilon,LLE_theiler_samples,LLE_theiler_s,LLE_n_pairs_initial,LLE_n_pairs_fit_min,LLE_core_valid,LLE_qc_reason,m,tau_s,tau_samples,requested_fit_start_s,requested_fit_end_s,max_follow_s,target_rr,elapsed_s,warnings,signal_extraction_success,signal_sha256,computation_key,computed_for_window_id,reused_identical_signal,configuration_hash
nan,15,sample_15.csv,T60,T60_15_00006,Awake,0,3,3,314.2693248,374.4796686,60,60.21034380000003,1500,24.99562576559584,7825,9325,7825,9325,T60/filtered_sessions/sample_15.csv,True,0,0.0,True,0.1864241961484352,True,0.13610549600152202,True,nan,0.6407650616346338,0.687238870003023,0.6921341843835485,3.6772055073941865,0.26117003407400297,2.030218242865137,0.7633352731092972,0.9213099876488521,0.8001399999966452,1.2802239999946323,True,False,True,True,True,,,,,18,"[{""horizon_s"": 0.04, ""horizon_samples"": 1, ""cc"": 0.9529289869771439, ""nrmse"": 0.3044277749550702, ""n_valid"": 1471, ""n_targets"": 1471}, {""horizon_s"": 0.08, ""horizon_samples"": 2, ""cc"": 0.9080551172165744, ""nrmse"": 0.4211336202287831, ""n_valid"": 1470, ""n_targets"": 1470}, {""horizon_s"": 0.12, ""horizon_samples"": 3, ""cc"": 0.9122679055250903, ""nrmse"": 0.4111499040800294, ""n_valid"": 1469, ""n_targets"": 1469}, {""horizon_s"": 0.16, ""horizon_samples"": 4, ""cc"": 0.9131903072046478, ""nrmse"": 0.40872172459505307, ""n_valid"": 1468, ""n_targets"": 1468}, {""horizon_s"": 0.2, ""horizon_samples"": 5, ""cc"": 0.9048058537540246, ""nrmse"": 0.42781030804850023, ""n_valid"": 1467, ""n_targets"": 1467}, {""horizon_s"": 0.28, ""horizon_samples"": 7, ""cc"": 0.8919097155068387, ""nrmse"": 0.4537076593040434, ""n_valid"": 1465, ""n_targets"": 1465}, {""horizon_s"": 0.4, ""horizon_samples"": 10, ""cc"": 0.8678764005079205, ""nrmse"": 0.4988489203404106, ""n_valid"": 1462, ""n_targets"": 1462}, {""horizon_s"": 0.6, ""horizon_samples"": 15, ""cc"": 0.8270301936517517, ""nrmse"": 0.5648455989052519, ""n_valid"": 1457, ""n_targets"": 1457}, {""horizon_s"": 0.8, ""horizon_samples"": 20, ""cc"": 0.7784594124809354, ""nrmse"": 0.6313208649372893, ""n_valid"": 1452, ""n_targets"": 1452}, {""horizon_s"": 1.0, ""horizon_samples"": 25, ""cc"": 0.7251874003316942, ""nrmse"": 0.6933604335815106, ""n_valid"": 1447, ""n_targets"": 1447}, {""horizon_s"": 1.2, ""horizon_samples"": 30, ""cc"": 0.6771783245230487, ""nrmse"": 0.7437577647710574, ""n_valid"": 1442, ""n_targets"": 1442}, {""horizon_s"": 1.6, ""horizon_samples"": 40, ""cc"": 0.5797237378680855, ""nrmse"": 0.8277295206853162, ""n_valid"": 1432, ""n_targets"": 1432}, {""horizon_s"": 2.0, ""horizon_samples"": 50, ""cc"": 0.5012816590836608, ""nrmse"": 0.8822690219428259, ""n_valid"": 1422, ""n_targets"": 1422}, {""horizon_s"": 2.4, ""horizon_samples"": 60, ""cc"": 0.38783143267648107, ""nrmse"": 0.9504426559694518, ""n_valid"": 1412, ""n_targets"": 1412}, {""horizon_s"": 2.8, ""horizon_samples"": 70, ""cc"": 0.32132509349315974, ""nrmse"": 0.9848533406564091, ""n_valid"": 1402, ""n_targets"": 1402}, {""horizon_s"": 3.2, ""horizon_samples"": 80, ""cc"": 0.22586910624446926, ""nrmse"": 1.0205140754592612, ""n_valid"": 1392, ""n_targets"": 1392}, {""horizon_s"": 3.6, ""horizon_samples"": 90, ""cc"": 0.10606055801831446, ""nrmse"": 1.0625702349833324, ""n_valid"": 1382, ""n_targets"": 1382}, {""horizon_s"": 4.0, ""horizon_samples"": 100, ""cc"": 0.05278990435956526, ""nrmse"": 1.0828362366108157, ""n_valid"": 1372, ""n_targets"": 1372}]",25,28,0.02000007678678039,True,0.0,560.844353876626,12,0.4800839999979871,1472,1425,True,ok,8,0.16,4,0.8,1.3,5.0,0.02,1.2877243659986561,,True,040f86d44b476cc9188a42e5fc27028429098d39dc79f0bd3fa17078413f5b9f,aa1345c80ffa21d4172e4e29444cd7f55fb8177f866453da586e014100165449,T60_15_00006,False,e7ae9bf81f00378c99e7a4bc9398992e916a5a6841938e68cbb1a90f8f186e16
nan,15,sample_15.csv,T60,T60_15_00003,Awake,0,3,3,133.5295918,193.739521,60,60.209929200000005,1500,24.99562576559584,3325,4825,3325,4825,T60/filtered_sessions/sample_15.csv,True,0,0.0,True,0.05962086014091995,True,0.08579200418665611,True,nan,0.7368976684087356,0.5999909191966167,0.787445409607909,4.219079454872718,0.24506886787925325,2.0049077345897133,0.7936696506798162,0.9891337657403863,0.8001399999966452,1.2802239999946323,True,True,True,True,True,,,,,18,"[{""horizon_s"": 0.04, ""horizon_samples"": 1, ""cc"": 0.9735144155471214, ""nrmse"": 0.22869359960864372, ""n_valid"": 1471, ""n_targets"": 1471}, {""horizon_s"": 0.08, ""horizon_samples"": 2, ""cc"": 0.9439258776024952, ""nrmse"": 0.32996215024166137, ""n_valid"": 1470, ""n_targets"": 1470}, {""horizon_s"": 0.12, ""horizon_samples"": 3, ""cc"": 0.9366134345600078, ""nrmse"": 0.35003439869130343, ""n_valid"": 1469, ""n_targets"": 1469}, {""horizon_s"": 0.16, ""horizon_samples"": 4, ""cc"": 0.9412853401155751, ""nrmse"": 0.3375255493198248, ""n_valid"": 1468, ""n_targets"": 1468}, {""horizon_s"": 0.2, ""horizon_samples"": 5, ""cc"": 0.9439444686606923, ""nrmse"": 0.3300243031877069, ""n_valid"": 1467, ""n_targets"": 1467}, {""horizon_s"": 0.28, ""horizon_samples"": 7, ""cc"": 0.9180329585532709, ""nrmse"": 0.3967219618041179, ""n_valid"": 1465, ""n_targets"": 1465}, {""horizon_s"": 0.4, ""horizon_samples"": 10, ""cc"": 0.9001609046544538, ""nrmse"": 0.43584993961882834, ""n_valid"": 1462, ""n_targets"": 1462}, {""horizon_s"": 0.6, ""horizon_samples"": 15, ""cc"": 0.8604340280832552, ""nrmse"": 0.5092484075418205, ""n_valid"": 1457, ""n_targets"": 1457}, {""horizon_s"": 0.8, ""horizon_samples"": 20, ""cc"": 0.8337951475199287, ""nrmse"": 0.55200945261128, ""n_valid"": 1452, ""n_targets"": 1452}, {""horizon_s"": 1.0, ""horizon_samples"": 25, ""cc"": 0.808381156246419, ""nrmse"": 0.589441529781036, ""n_valid"": 1447, ""n_targets"": 1447}, {""horizon_s"": 1.2, ""horizon_samples"": 30, ""cc"": 0.7886669309734543, ""nrmse"": 0.6158355638468763, ""n_valid"": 1442, ""n_targets"": 1442}, {""horizon_s"": 1.6, ""horizon_samples"": 40, ""cc"": 0.7027318240628223, ""nrmse"": 0.7151606075147131, ""n_valid"": 1432, ""n_targets"": 1432}, {""horizon_s"": 2.0, ""horizon_samples"": 50, ""cc"": 0.631017894266061, ""nrmse"": 0.7809151871472565, ""n_valid"": 1422, ""n_targets"": 1422}, {""horizon_s"": 2.4, ""horizon_samples"": 60, ""cc"": 0.568824798723937, ""nrmse"": 0.8343879183029327, ""n_valid"": 1412, ""n_targets"": 1412}, {""horizon_s"": 2.8, ""horizon_samples"": 70, ""cc"": 0.5058971170631844, ""nrmse"": 0.8763073243210661, ""n_valid"": 1402, ""n_targets"": 1402}, {""horizon_s"": 3.2, ""horizon_samples"": 80, ""cc"": 0.4082715384870209, ""nrmse"": 0.9374596259348047, ""n_valid"": 1392, ""n_targets"": 1392}, {""horizon_s"": 3.6, ""horizon_samples"": 90, ""cc"": 0.32252191476518033, ""nrmse"": 0.979223375102399, ""n_valid"": 1382, ""n_targets"": 1382}, {""horizon_s"": 4.0, ""horizon_samples"": 100, ""cc"": 0.2761382814723603, ""nrmse"": 1.0010356509628302, ""n_valid"": 1372, ""n_targets"": 1372}]",25,28,0.02000007678678039,True,0.0,465.8281869884877,13,0.5200909999978194,1472,1415,True,ok,8,0.16,4,0.8,1.3,5.0,0.02,1.301785531999485,,True,4a0fe0a3804b4dd4382eea131c447fe004ab7073883ee9cc72bcb50043d04c1f,c7d8df8924108765c176b1eb44646744341d19891902a15f5e25523225d3ab33,T60_15_00003,False,e7ae9bf81f00378c99e7a4bc9398992e916a5a6841938e68cbb1a90f8f186e16
nan,15,sample_15.csv,T60,T60_15_00005,Awake,0,3,3,254.019891,314.2302346,60,60.210343600000016,1500,24.99562576559584,6325,7825,6325,7825,T60/filtered_sessions/sample_15.csv,True,0,0.0,True,0.11895621260539306,True,0.31089840062184654,True,nan,0.6912002755968407,0.6425211005439788,0.7051398953784134,3.760685948297927,0.21433027787109468,2.0235613955595833,0.8289693737571222,0.9573011602559326,0.8001399999966452,1.2802239999946323,True,True,True,True,True,,,,,18,"[{""horizon_s"": 0.04, ""horizon_samples"": 1, ""cc"": 0.9652378075823933, ""nrmse"": 0.2616737126642264, ""n_valid"": 1471, ""n_targets"": 1471}, {""horizon_s"": 0.08, ""horizon_samples"": 2, ""cc"": 0.9309855713483042, ""nrmse"": 0.36535841370216415, ""n_valid"": 1470, ""n_targets"": 1470}, {""horizon_s"": 0.12, ""horizon_samples"": 3, ""cc"": 0.9331060396822147, ""nrmse"": 0.3599583536480541, ""n_valid"": 1469, ""n_targets"": 1469}, {""horizon_s"": 0.16, ""horizon_samples"": 4, ""cc"": 0.9334685200008098, ""nrmse"": 0.35874055756640877, ""n_valid"": 1468, ""n_targets"": 1468}, {""horizon_s"": 0.2, ""horizon_samples"": 5, ""cc"": 0.926494586537904, ""nrmse"": 0.3766576490462587, ""n_valid"": 1467, ""n_targets"": 1467}, {""horizon_s"": 0.28, ""horizon_samples"": 7, ""cc"": 0.9164330558216496, ""nrmse"": 0.4006548764619113, ""n_valid"": 1465, ""n_targets"": 1465}, {""horizon_s"": 0.4, ""horizon_samples"": 10, ""cc"": 0.8747494105637352, ""nrmse"": 0.48719607348267563, ""n_valid"": 1462, ""n_targets"": 1462}, {""horizon_s"": 0.6, ""horizon_samples"": 15, ""cc"": 0.8234355473094707, ""nrmse"": 0.5689238825260695, ""n_valid"": 1457, ""n_targets"": 1457}, {""horizon_s"": 0.8, ""horizon_samples"": 20, ""cc"": 0.8000993578554569, ""nrmse"": 0.6004517300976056, ""n_valid"": 1452, ""n_targets"": 1452}, {""horizon_s"": 1.0, ""horizon_samples"": 25, ""cc"": 0.7640084173536255, ""nrmse"": 0.6472960269611938, ""n_valid"": 1447, ""n_targets"": 1447}, {""horizon_s"": 1.2, ""horizon_samples"": 30, ""cc"": 0.7287882506155686, ""nrmse"": 0.6871116239115931, ""n_valid"": 1442, ""n_targets"": 1442}, {""horizon_s"": 1.6, ""horizon_samples"": 40, ""cc"": 0.6336639097795772, ""nrmse"": 0.7796666779968616, ""n_valid"": 1432, ""n_targets"": 1432}, {""horizon_s"": 2.0, ""horizon_samples"": 50, ""cc"": 0.5532531037246354, ""nrmse"": 0.8427613387794952, ""n_valid"": 1422, ""n_targets"": 1422}, {""horizon_s"": 2.4, ""horizon_samples"": 60, ""cc"": 0.47403877926688165, ""nrmse"": 0.8995364383503689, ""n_valid"": 1412, ""n_targets"": 1412}, {""horizon_s"": 2.8, ""horizon_samples"": 70, ""cc"": 0.4081955212251864, ""nrmse"": 0.9314345043823958, ""n_valid"": 1402, ""n_targets"": 1402}, {""horizon_s"": 3.2, ""horizon_samples"": 80, ""cc"": 0.3468709093423082, ""nrmse"": 0.9637368275291146, ""n_valid"": 1392, ""n_targets"": 1392}, {""horizon_s"": 3.6, ""horizon_samples"": 90, ""cc"": 0.25870781625704686, ""nrmse"": 0.9993856016749462, ""n_valid"": 1382, ""n_targets"": 1382}, {""horizon_s"": 4.0, ""horizon_samples"": 100, ""cc"": 0.17006835647636387, ""nrmse"": 1.0348355210102747, ""n_valid"": 1372, ""n_targets"": 1372}]",25,28,0.02000007678678039,True,0.0,479.44104503114374,13,0.5200909999978194,1472,1396,True,ok,8,0.16,4,0.8,1.3,5.0,0.02,1.3071632489991316,,True,590061a585821806381c9b2ed2f7d4cd9a272914226a6bae49aab276b12b888d,8fe63880fa53430ff968ef2f02eb3d409ed81e3b2a02b133a111b0b6b7cf4891,T60_15_00005,False,e7ae9bf81f00378c99e7a4bc9398992e916a5a6841938e68cbb1a90f8f186e16
nan,15,sample_15.csv,T60,T60_15_00001,Awake,0,3,3,13.1353631,73.23010826,60,60.094745159999995,1500,24.99562576559584,325,1825,325,1825,T60/filtered_sessions/sample_15.csv,True,0,0.0,True,0.057596929901332444,True,0.08762991240684645,True,nan,0.76053455864696,0.5647992947083534,0.6821999328118251,3.7231534834992144,0.160171809761482,2.000299670362601,0.7591931000583834,0.9506353442184717,0.8001399999966452,1.2802239999946323,True,True,True,True,True,,,,,18,"[{""horizon_s"": 0.04, ""horizon_samples"": 1, ""cc"": 0.9756262764399585, ""nrmse"": 0.21974271248557092, ""n_valid"": 1471, ""n_targets"": 1471}, {""horizon_s"": 0.08, ""horizon_samples"": 2, ""cc"": 0.9531123283046519, ""nrmse"": 0.30310990045482306, ""n_valid"": 1470, ""n_targets"": 1470}, {""horizon_s"": 0.12, ""horizon_samples"": 3, ""cc"": 0.9548066827175107, ""nrmse"": 0.29782381492344323, ""n_valid"": 1469, ""n_targets"": 1469}, {""horizon_s"": 0.16, ""horizon_samples"": 4, ""cc"": 0.9578166476729699, ""nrmse"": 0.28822562602620355, ""n_valid"": 1468, ""n_targets"": 1468}, {""horizon_s"": 0.2, ""horizon_samples"": 5, ""cc"": 0.9536290983538542, ""nrmse"": 0.3017243610178104, ""n_valid"": 1467, ""n_targets"": 1467}, {""horizon_s"": 0.28, ""horizon_samples"": 7, ""cc"": 0.9413761325265486, ""nrmse"": 0.3385221172915054, ""n_valid"": 1465, ""n_targets"": 1465}, {""horizon_s"": 0.4, ""horizon_samples"": 10, ""cc"": 0.9405649184439621, ""nrmse"": 0.34073161903812826, ""n_valid"": 1462, ""n_targets"": 1462}, {""horizon_s"": 0.6, ""horizon_samples"": 15, ""cc"": 0.9092029810353318, ""nrmse"": 0.4173851636200242, ""n_valid"": 1457, ""n_targets"": 1457}, {""horizon_s"": 0.8, ""horizon_samples"": 20, ""cc"": 0.862459486452236, ""nrmse"": 0.5083729723511524, ""n_valid"": 1452, ""n_targets"": 1452}, {""horizon_s"": 1.0, ""horizon_samples"": 25, ""cc"": 0.8500677784711425, ""nrmse"": 0.5296154960720751, ""n_valid"": 1447, ""n_targets"": 1447}, {""horizon_s"": 1.2, ""horizon_samples"": 30, ""cc"": 0.8011105972600391, ""nrmse"": 0.6018955176437047, ""n_valid"": 1442, ""n_targets"": 1442}, {""horizon_s"": 1.6, ""horizon_samples"": 40, ""cc"": 0.7115528541136668, ""nrmse"": 0.7084787691330502, ""n_valid"": 1432, ""n_targets"": 1432}, {""horizon_s"": 2.0, ""horizon_samples"": 50, ""cc"": 0.6362622834708043, ""nrmse"": 0.7806718459224837, ""n_valid"": 1422, ""n_targets"": 1422}, {""horizon_s"": 2.4, ""horizon_samples"": 60, ""cc"": 0.5973552911973277, ""nrmse"": 0.8089429653156319, ""n_valid"": 1412, ""n_targets"": 1412}, {""horizon_s"": 2.8, ""horizon_samples"": 70, ""cc"": 0.5046394878689432, ""nrmse"": 0.8787704618578313, ""n_valid"": 1402, ""n_targets"": 1402}, {""horizon_s"": 3.2, ""horizon_samples"": 80, ""cc"": 0.44405714460829104, ""nrmse"": 0.9144970989551366, ""n_valid"": 1392, ""n_targets"": 1392}, {""horizon_s"": 3.6, ""horizon_samples"": 90, ""cc"": 0.3631387942230126, ""nrmse"": 0.955345122338348, ""n_valid"": 1382, ""n_targets"": 1382}, {""horizon_s"": 4.0, ""horizon_samples"": 100, ""cc"": 0.33284327248502943, ""nrmse"": 0.9725317403034386, ""n_valid"": 1372, ""n_targets"": 1372}]",25,28,0.02000007678678039,True,0.0,362.4686452603269,11,0.44007699999815486,1472,1433,True,ok,8,0.16,4,0.8,1.3,5.0,0.02,1.3175799439995899,,True,6adbfd2834eb00f9331c5523d7d7f1e05e41fec06eef69c47f5cdeb54160ce33,1fdf5bb7e5c927de0c28bdcd2d8740d6b82cae4324839fa45b0e32675b004c2b,T60_15_00001,False,e7ae9bf81f00378c99e7a4bc9398992e916a5a6841938e68cbb1a90f8f186e16
nan,15,sample_15.csv,T60,T60_15_00002,Awake,0,3,3,73.27034283,133.489769,60,60.21942616999999,1500,24.99562576559584,1825,3325,1825,3325,T60/filtered_sessions/sample_15.csv,True,0,0.0,True,0.06309785422306251,True,0.2463538829661373,True,nan,0.6873573909382801,0.6553743893110663,0.7431492057397898,3.8828986960882648,0.22284877861496377,2.01017316017316,0.8105439269142796,0.9895795996875634,0.8001399999966452,1.2802239999946323,True,True,True,True,True,,,,,18,"[{""horizon_s"": 0.04, ""horizon_samples"": 1, ""cc"": 0.9583014400203096, ""nrmse"": 0.2871393996488519, ""n_valid"": 1471, ""n_targets"": 1471}, {""horizon_s"": 0.08, ""horizon_samples"": 2, ""cc"": 0.9213078422770477, ""nrmse"": 0.3908637759792014, ""n_valid"": 1470, ""n_targets"": 1470}, {""horizon_s"": 0.12, ""horizon_samples"": 3, ""cc"": 0.9150193453709436, ""nrmse"": 0.4059159653225767, ""n_valid"": 1469, ""n_targets"": 1469}, {""horizon_s"": 0.16, ""horizon_samples"": 4, ""cc"": 0.9134256585983479, ""nrmse"": 0.409992547775602, ""n_valid"": 1468, ""n_targets"": 1468}, {""horizon_s"": 0.2, ""horizon_samples"": 5, ""cc"": 0.9140835328316096, ""nrmse"": 0.40790628989334066, ""n_valid"": 1467, ""n_targets"": 1467}, {""horizon_s"": 0.28, ""horizon_samples"": 7, ""cc"": 0.908490519420617, ""nrmse"": 0.420687308753957, ""n_valid"": 1465, ""n_targets"": 1465}, {""horizon_s"": 0.4, ""horizon_samples"": 10, ""cc"": 0.8827380036372715, ""nrmse"": 0.4732240917103826, ""n_valid"": 1462, ""n_targets"": 1462}, {""horizon_s"": 0.6, ""horizon_samples"": 15, ""cc"": 0.8405506606337393, ""nrmse"": 0.5441191010695391, ""n_valid"": 1457, ""n_targets"": 1457}, {""horizon_s"": 0.8, ""horizon_samples"": 20, ""cc"": 0.7889701848891263, ""nrmse"": 0.6194180111591342, ""n_valid"": 1452, ""n_targets"": 1452}, {""horizon_s"": 1.0, ""horizon_samples"": 25, ""cc"": 0.7630651574695657, ""nrmse"": 0.6510008219649276, ""n_valid"": 1447, ""n_targets"": 1447}, {""horizon_s"": 1.2, ""horizon_samples"": 30, ""cc"": 0.7224065514883848, ""nrmse"": 0.6987995081536325, ""n_valid"": 1442, ""n_targets"": 1442}, {""horizon_s"": 1.6, ""horizon_samples"": 40, ""cc"": 0.6242292747069906, ""nrmse"": 0.7927795321082034, ""n_valid"": 1432, ""n_targets"": 1432}, {""horizon_s"": 2.0, ""horizon_samples"": 50, ""cc"": 0.5603714884476338, ""nrmse"": 0.8436443010146571, ""n_valid"": 1422, ""n_targets"": 1422}, {""horizon_s"": 2.4, ""horizon_samples"": 60, ""cc"": 0.4760243256106196, ""nrmse"": 0.8983561026950423, ""n_valid"": 1412, ""n_targets"": 1412}, {""horizon_s"": 2.8, ""horizon_samples"": 70, ""cc"": 0.40732456010395585, ""nrmse"": 0.9424934680182399, ""n_valid"": 1402, ""n_targets"": 1402}, {""horizon_s"": 3.2, ""horizon_samples"": 80, ""cc"": 0.32815049248688166, ""nrmse"": 0.9764079072772003, ""n_valid"": 1392, ""n_targets"": 1392}, {""horizon_s"": 3.6, ""horizon_samples"": 90, ""cc"": 0.258561513918249, ""nrmse"": 1.0021726468099976, ""n_valid"": 1382, ""n_targets"": 1382}, {""horizon_s"": 4.0, ""horizon_samples"": 100, ""cc"": 0.18941248497774837, ""nrmse"": 1.0318182282447073, ""n_valid"": 1372, ""n_targets"": 1372}]",25,28,0.02000007678678039,True,0.0,454.9835845004066,12,0.4800839999979871,1472,1428,True,ok,8,0.16,4,0.8,1.3,5.0,0.02,2.112446141998589,,True,75575a13d6ee60aa3bb922eba43a588b3e2662803eed6364284647f9e6f13a4e,ddd88ee638806745b57e8948228338b88d18e6fe50f7ce75189677e8b0b111bb,T60_15_00002,False,e7ae9bf81f00378c99e7a4bc9398992e916a5a6841938e68cbb1a90f8f186e16
nan,15,sample_15.csv,T60,T60_15_00004,Awake,0,3,3,193.7795913,253.9798186,60,60.200227299999995,1500,24.99562576559584,4825,6325,4825,6325,T60/filtered_sessions/sample_15.csv,True,0,0.0,True,0.1317253762161644,True,0.12064469078717528,True,nan,0.6015427766718067,0.7073401466921989,0.7114747804386428,4.025251153950584,0.2824782838220473,2.0268595041322315,0.824196127006218,0.9782339523381836,0.8001399999966452,1.2802239999946323,True,True,True,True,True,,,,,18,"[{""horizon_s"": 0.04, ""horizon_samples"": 1, ""cc"": 0.9559372098939004, ""nrmse"": 0.2928899572752303, ""n_valid"": 1471, ""n_targets"": 1471}, {""horizon_s"": 0.08, ""horizon_samples"": 2, ""cc"": 0.9158187263212025, ""nrmse"": 0.40066822659057943, ""n_valid"": 1470, ""n_targets"": 1470}, {""horizon_s"": 0.12, ""horizon_samples"": 3, ""cc"": 0.9121071300126832, ""nrmse"": 0.4087259847432703, ""n_valid"": 1469, ""n_targets"": 1469}, {""horizon_s"": 0.16, ""horizon_samples"": 4, ""cc"": 0.9007858036654596, ""nrmse"": 0.43309143316570303, ""n_valid"": 1468, ""n_targets"": 1468}, {""horizon_s"": 0.2, ""horizon_samples"": 5, ""cc"": 0.8954919071554461, ""nrmse"": 0.4451176906185223, ""n_valid"": 1467, ""n_targets"": 1467}, {""horizon_s"": 0.28, ""horizon_samples"": 7, ""cc"": 0.8939816787097117, ""nrmse"": 0.44716878995363235, ""n_valid"": 1465, ""n_targets"": 1465}, {""horizon_s"": 0.4, ""horizon_samples"": 10, ""cc"": 0.8604370570933894, ""nrmse"": 0.5098316359030778, ""n_valid"": 1462, ""n_targets"": 1462}, {""horizon_s"": 0.6, ""horizon_samples"": 15, ""cc"": 0.8121651606186021, ""nrmse"": 0.582722530407348, ""n_valid"": 1457, ""n_targets"": 1457}, {""horizon_s"": 0.8, ""horizon_samples"": 20, ""cc"": 0.7536193563377924, ""nrmse"": 0.6573351566843906, ""n_valid"": 1452, ""n_targets"": 1452}, {""horizon_s"": 1.0, ""horizon_samples"": 25, ""cc"": 0.6838715597411937, ""nrmse"": 0.7342844772876637, ""n_valid"": 1447, ""n_targets"": 1447}, {""horizon_s"": 1.2, ""horizon_samples"": 30, ""cc"": 0.6424570111577149, ""nrmse"": 0.7726117937862046, ""n_valid"": 1442, ""n_targets"": 1442}, {""horizon_s"": 1.6, ""horizon_samples"": 40, ""cc"": 0.5262197387859432, ""nrmse"": 0.8629960849317058, ""n_valid"": 1432, ""n_targets"": 1432}, {""horizon_s"": 2.0, ""horizon_samples"": 50, ""cc"": 0.4104692802741712, ""nrmse"": 0.935576566553123, ""n_valid"": 1422, ""n_targets"": 1422}, {""horizon_s"": 2.4, ""horizon_samples"": 60, ""cc"": 0.30244897294455364, ""nrmse"": 0.9843066032413986, ""n_valid"": 1412, ""n_targets"": 1412}, {""horizon_s"": 2.8, ""horizon_samples"": 70, ""cc"": 0.17980966370349313, ""nrmse"": 1.0345715590394002, ""n_valid"": 1402, ""n_targets"": 1402}, {""horizon_s"": 3.2, ""horizon_samples"": 80, ""cc"": 0.11049203825055519, ""nrmse"": 1.0613639678309414, ""n_valid"": 1392, ""n_targets"": 1392}, {""horizon_s"": 3.6, ""horizon_samples"": 90, ""cc"": 0.034878723523417365, ""nrmse"": 1.086317826239576, ""n_valid"": 1382, ""n_targets"": 1382}, {""horizon_s"": 4.0, ""horizon_samples"": 100, ""cc"": 0.03677896190329063, ""nrmse"": 1.0825423562078134, ""n_valid"": 1372, ""n_targets"": 1372}]",25,28,0.02000007678678039,True,0.0,499.6263282686318,12,0.4800839999979871,1472,1410,True,ok,8,0.16,4,0.8,1.3,5.0,0.02,2.613558656999885,,True,1f0c9767362d645e7737baccfe2cc8dc10dbb34b6de21f343a8a27a4b3a1199d,f51854ca4e9bdd4ed547706962734f141f5a37f8cd3733bdc3dbb404b46dbe9a,T60_15_00004,False,e7ae9bf81f00378c99e7a4bc9398992e916a5a6841938e68cbb1a90f8f186e16
nan,15,sample_15.csv,T60,T60_15_00008,Awake,0,3,3,434.7796667,494.9893074,60,60.209640699999966,1500,24.99562576559584,10825,12325,10825,12325,T60/filtered_sessions/sample_15.csv,True,0,0.0,True,0.07102298518315298,True,0.20593824547611966,True,nan,0.6470538189769477,0.6591285619516292,0.7137783750059989,3.8883660130718956,0.2695685559341556,2.0355136800144953,0.9068197711688636,0.9948023016946411,0.8001399999966452,1.2802239999946323,True,True,True,True,True,,,,,18,"[{""horizon_s"": 0.04, ""horizon_samples"": 1, ""cc"": 0.9701834634494284, ""nrmse"": 0.24340212755524152, ""n_valid"": 1471, ""n_targets"": 1471}, {""horizon_s"": 0.08, ""horizon_samples"": 2, ""cc"": 0.9400422403665061, ""nrmse"": 0.3424624403306315, ""n_valid"": 1470, ""n_targets"": 1470}, {""horizon_s"": 0.12, ""horizon_samples"": 3, ""cc"": 0.9416365558322267, ""nrmse"": 0.3380564616916135, ""n_valid"": 1469, ""n_targets"": 1469}, {""horizon_s"": 0.16, ""horizon_samples"": 4, ""cc"": 0.9369260641056132, ""nrmse"": 0.3502576843661524, ""n_valid"": 1468, ""n_targets"": 1468}, {""horizon_s"": 0.2, ""horizon_samples"": 5, ""cc"": 0.9312881645664848, ""nrmse"": 0.3647984982666506, ""n_valid"": 1467, ""n_targets"": 1467}, {""horizon_s"": 0.28, ""horizon_samples"": 7, ""cc"": 0.9212534180999654, ""nrmse"": 0.3891522776202322, ""n_valid"": 1465, ""n_targets"": 1465}, {""horizon_s"": 0.4, ""horizon_samples"": 10, ""cc"": 0.8990310419656043, ""nrmse"": 0.43816271703656057, ""n_valid"": 1462, ""n_targets"": 1462}, {""horizon_s"": 0.6, ""horizon_samples"": 15, ""cc"": 0.8350863547921387, ""nrmse"": 0.5515278256522268, ""n_valid"": 1457, ""n_targets"": 1457}, {""horizon_s"": 0.8, ""horizon_samples"": 20, ""cc"": 0.782907371389293, ""nrmse"": 0.6230629332196169, ""n_valid"": 1452, ""n_targets"": 1452}, {""horizon_s"": 1.0, ""horizon_samples"": 25, ""cc"": 0.7331648877697546, ""nrmse"": 0.6806520521182089, ""n_valid"": 1447, ""n_targets"": 1447}, {""horizon_s"": 1.2, ""horizon_samples"": 30, ""cc"": 0.6926412865786306, ""nrmse"": 0.7231689203157373, ""n_valid"": 1442, ""n_targets"": 1442}, {""horizon_s"": 1.6, ""horizon_samples"": 40, ""cc"": 0.5641227389545063, ""nrmse"": 0.8327301431586757, ""n_valid"": 1432, ""n_targets"": 1432}, {""horizon_s"": 2.0, ""horizon_samples"": 50, ""cc"": 0.483155994680817, ""nrmse"": 0.8901026048575384, ""n_valid"": 1422, ""n_targets"": 1422}, {""horizon_s"": 2.4, ""horizon_samples"": 60, ""cc"": 0.37726042671428023, ""nrmse"": 0.946863311834791, ""n_valid"": 1412, ""n_targets"": 1412}, {""horizon_s"": 2.8, ""horizon_samples"": 70, ""cc"": 0.28897116196533557, ""nrmse"": 0.9913694363140662, ""n_valid"": 1402, ""n_targets"": 1402}, {""horizon_s"": 3.2, ""horizon_samples"": 80, ""cc"": 0.18113889862600263, ""nrmse"": 1.0310320067798961, ""n_valid"": 1392, ""n_targets"": 1392}, {""horizon_s"": 3.6, ""horizon_samples"": 90, ""cc"": 0.1192195920231525, ""nrmse"": 1.0543249518776636, ""n_valid"": 1382, ""n_targets"": 1382}, {""horizon_s"": 4.0, ""horizon_samples"": 100, ""cc"": 0.048939079705317336, ""nrmse"": 1.0731877221338224, ""n_valid"": 1372, ""n_targets"": 1372}]",25,28,0.02000007678678039,True,0.0,572.1517355534221,13,0.5200909999978194,1472,1416,True,ok,8,0.16,4,0.8,1.3,5.0,0.02,1.3222514829994907,,True,ed3675dce6f41d5b18870c1f5833a6f2e74f9fcd90afe0a2af082cebd40731a0,c97f6e234028f970c8a01c3a50a47d6152ceaef0a3ddd8cbcebdcf6d816e1daf,T60_15_00008,False,e7ae9bf81f00378c99e7a4bc9398992e916a5a6841938e68cbb1a90f8f186e16
nan,15,sample_15.csv,T60,T60_15_00010,Awake,0,3,3,555.2797852,615.4893346,60,60.209549400000014,1500,24.99562576559584,13825,15325,13825,15325,T60/filtered_sessions/sample_15.csv,True,0,0.0,True,0.34931121462947684,True,0.1018709606175786,True,nan,0.7205149424130668,0.6122707832568863,0.7237126265777223,4.098939929328622,0.26241781446465423,2.0259355316783996,0.7115460151792701,0.9504892136779395,0.8001399999966452,1.2802239999946323,True,True,True,True,True,,,,,18,"[{""horizon_s"": 0.04, ""horizon_samples"": 1, ""cc"": 0.966507193825257, ""nrmse"": 0.2562875504946108, ""n_valid"": 1471, ""n_targets"": 1471}, {""horizon_s"": 0.08, ""horizon_samples"": 2, ""cc"": 0.9406159666283805, ""nrmse"": 0.3388056177353776, ""n_valid"": 1470, ""n_targets"": 1470}, {""horizon_s"": 0.12, ""horizon_samples"": 3, ""cc"": 0.9450687718394467, ""nrmse"": 0.32613998384990683, ""n_valid"": 1469, ""n_targets"": 1469}, {""horizon_s"": 0.16, ""horizon_samples"": 4, ""cc"": 0.9417510791092187, ""nrmse"": 0.3352449933788709, ""n_valid"": 1468, ""n_targets"": 1468}, {""horizon_s"": 0.2, ""horizon_samples"": 5, ""cc"": 0.9329836610508734, ""nrmse"": 0.35844752801218527, ""n_valid"": 1467, ""n_targets"": 1467}, {""horizon_s"": 0.28, ""horizon_samples"": 7, ""cc"": 0.926693330069127, ""nrmse"": 0.37413643184589807, ""n_valid"": 1465, ""n_targets"": 1465}, {""horizon_s"": 0.4, ""horizon_samples"": 10, ""cc"": 0.9067009243342807, ""nrmse"": 0.4203408819485794, ""n_valid"": 1462, ""n_targets"": 1462}, {""horizon_s"": 0.6, ""horizon_samples"": 15, ""cc"": 0.8718888629944456, ""nrmse"": 0.4883054346920502, ""n_valid"": 1457, ""n_targets"": 1457}, {""horizon_s"": 0.8, ""horizon_samples"": 20, ""cc"": 0.8259763799353967, ""nrmse"": 0.5616388058484673, ""n_valid"": 1452, ""n_targets"": 1452}, {""horizon_s"": 1.0, ""horizon_samples"": 25, ""cc"": 0.7912554890098341, ""nrmse"": 0.6092119993595593, ""n_valid"": 1447, ""n_targets"": 1447}, {""horizon_s"": 1.2, ""horizon_samples"": 30, ""cc"": 0.7451562331038342, ""nrmse"": 0.6660040793644496, ""n_valid"": 1442, ""n_targets"": 1442}, {""horizon_s"": 1.6, ""horizon_samples"": 40, ""cc"": 0.6665488182112187, ""nrmse"": 0.7481892200815831, ""n_valid"": 1432, ""n_targets"": 1432}, {""horizon_s"": 2.0, ""horizon_samples"": 50, ""cc"": 0.5957982669413321, ""nrmse"": 0.810030519165798, ""n_valid"": 1422, ""n_targets"": 1422}, {""horizon_s"": 2.4, ""horizon_samples"": 60, ""cc"": 0.5106028903069156, ""nrmse"": 0.8719662098625962, ""n_valid"": 1412, ""n_targets"": 1412}, {""horizon_s"": 2.8, ""horizon_samples"": 70, ""cc"": 0.4150376773871868, ""nrmse"": 0.931086500532533, ""n_valid"": 1402, ""n_targets"": 1402}, {""horizon_s"": 3.2, ""horizon_samples"": 80, ""cc"": 0.36420950878791114, ""nrmse"": 0.9587803169540736, ""n_valid"": 1392, ""n_targets"": 1392}, {""horizon_s"": 3.6, ""horizon_samples"": 90, ""cc"": 0.3116001641007121, ""nrmse"": 0.983679063579889, ""n_valid"": 1382, ""n_targets"": 1382}, {""horizon_s"": 4.0, ""horizon_samples"": 100, ""cc"": 0.31087374579982896, ""nrmse"": 0.9825789619175275, ""n_valid"": 1372, ""n_targets"": 1372}]",25,28,0.02000007678678039,True,0.0,521.8405183205276,12,0.4800839999979871,1472,1401,True,ok,8,0.16,4,0.8,1.3,5.0,0.02,1.31119611000031,,True,c0e5611f5d9cd7abf49415c4964145f14b2d035d2d8d4c23f5839b3ef851037c,7a6faa672acb1b5ed627c91d2a00cc13459066aac6cdec154661965ca6dbc8eb,T60_15_00010,False,e7ae9bf81f00378c99e7a4bc9398992e916a5a6841938e68cbb1a90f8f186e16
nan,15,sample_15.csv,T60,T60_15_00007,Awake,0,3,3,374.5193493,434.739758,60,60.22040870000001,1500,24.99562576559584,9325,10825,9325,10825,T60/filtered_sessions/sample_15.csv,True,0,0.0,True,0.06130169606891038,True,0.11574574070982635,True,nan,0.7994400066173036,0.5497155944048627,0.7417574506886788,4.270793036750484,0.30066708259346353,2.01609010458568,0.603676015952338,0.9542192305471723,0.8001399999966452,1.2802239999946323,True,True,True,True,True,,,,,18,"[{""horizon_s"": 0.04, ""horizon_samples"": 1, ""cc"": 0.9724754111712345, ""nrmse"": 0.23387658771470285, ""n_valid"": 1471, ""n_targets"": 1471}, {""horizon_s"": 0.08, ""horizon_samples"": 2, ""cc"": 0.949365093161022, ""nrmse"": 0.3154740007493555, ""n_valid"": 1470, ""n_targets"": 1470}, {""horizon_s"": 0.12, ""horizon_samples"": 3, ""cc"": 0.9482450504037787, ""nrmse"": 0.3189551259172874, ""n_valid"": 1469, ""n_targets"": 1469}, {""horizon_s"": 0.16, ""horizon_samples"": 4, ""cc"": 0.94466108912146, ""nrmse"": 0.3291110690218322, ""n_valid"": 1468, ""n_targets"": 1468}, {""horizon_s"": 0.2, ""horizon_samples"": 5, ""cc"": 0.9414638736856046, ""nrmse"": 0.338231361325675, ""n_valid"": 1467, ""n_targets"": 1467}, {""horizon_s"": 0.28, ""horizon_samples"": 7, ""cc"": 0.9380756403785377, ""nrmse"": 0.34808012490530743, ""n_valid"": 1465, ""n_targets"": 1465}, {""horizon_s"": 0.4, ""horizon_samples"": 10, ""cc"": 0.929122951770833, ""nrmse"": 0.37159054714488965, ""n_valid"": 1462, ""n_targets"": 1462}, {""horizon_s"": 0.6, ""horizon_samples"": 15, ""cc"": 0.9075285305973437, ""nrmse"": 0.4224775946356995, ""n_valid"": 1457, ""n_targets"": 1457}, {""horizon_s"": 0.8, ""horizon_samples"": 20, ""cc"": 0.8455882853991052, ""nrmse"": 0.5366821346318071, ""n_valid"": 1452, ""n_targets"": 1452}, {""horizon_s"": 1.0, ""horizon_samples"": 25, ""cc"": 0.8272960185440972, ""nrmse"": 0.5658846424558452, ""n_valid"": 1447, ""n_targets"": 1447}, {""horizon_s"": 1.2, ""horizon_samples"": 30, ""cc"": 0.815749726857705, ""nrmse"": 0.5829930733935808, ""n_valid"": 1442, ""n_targets"": 1442}, {""horizon_s"": 1.6, ""horizon_samples"": 40, ""cc"": 0.7107556551136953, ""nrmse"": 0.7130741337773089, ""n_valid"": 1432, ""n_targets"": 1432}, {""horizon_s"": 2.0, ""horizon_samples"": 50, ""cc"": 0.6935125155226683, ""nrmse"": 0.728499321360136, ""n_valid"": 1422, ""n_targets"": 1422}, {""horizon_s"": 2.4, ""horizon_samples"": 60, ""cc"": 0.6527852664130763, ""nrmse"": 0.7690590947520407, ""n_valid"": 1412, ""n_targets"": 1412}, {""horizon_s"": 2.8, ""horizon_samples"": 70, ""cc"": 0.616408709381587, ""nrmse"": 0.800575073581533, ""n_valid"": 1402, ""n_targets"": 1402}, {""horizon_s"": 3.2, ""horizon_samples"": 80, ""cc"": 0.5878620953993767, ""nrmse"": 0.8215139490351043, ""n_valid"": 1392, ""n_targets"": 1392}, {""horizon_s"": 3.6, ""horizon_samples"": 90, ""cc"": 0.5603938296813427, ""nrmse"": 0.8470093894052132, ""n_valid"": 1382, ""n_targets"": 1382}, {""horizon_s"": 4.0, ""horizon_samples"": 100, ""cc"": 0.5486303765089995, ""nrmse"": 0.8517934754802109, ""n_valid"": 1372, ""n_targets"": 1372}]",25,28,0.02000007678678039,True,0.0,624.557011151217,11,0.44007699999815486,1472,1422,True,ok,8,0.16,4,0.8,1.3,5.0,0.02,1.346818579999308,,True,02885d7b634f567da4053f3592560fe3068f1873b2d46b1d0057fcf13c90220c,a96ba35672612aab17f6a1cbea8374955fb6ecd41f9a63868ec707b4aee406d7,T60_15_00007,False,e7ae9bf81f00378c99e7a4bc9398992e916a5a6841938e68cbb1a90f8f186e16
nan,15,sample_15.csv,T60,T60_15_00009,Awake,0,3,3,495.0295637,555.2395825,60,60.2100188,1500,24.99562576559584,12325,13825,12325,13825,T60/filtered_sessions/sample_15.csv,True,0,0.0,True,0.16770426581475878,True,0.09809345127882996,True,nan,0.6794507117568104,0.6531941196886362,0.7298555454240053,3.900487304437035,0.20638767576906464,2.0011633317822244,0.8698298373993074,0.9903363223466195,0.8001399999966452,1.2802239999946323,True,True,True,True,True,,,,,18,"[{""horizon_s"": 0.04, ""horizon_samples"": 1, ""cc"": 0.9639657924041498, ""nrmse"": 0.2657437462088143, ""n_valid"": 1471, ""n_targets"": 1471}, {""horizon_s"": 0.08, ""horizon_samples"": 2, ""cc"": 0.9305262940373434, ""nrmse"": 0.3659989879202173, ""n_valid"": 1470, ""n_targets"": 1470}, {""horizon_s"": 0.12, ""horizon_samples"": 3, ""cc"": 0.9279775995915439, ""nrmse"": 0.3720794284203389, ""n_valid"": 1469, ""n_targets"": 1469}, {""horizon_s"": 0.16, ""horizon_samples"": 4, ""cc"": 0.9254031476874705, ""nrmse"": 0.37835396530570425, ""n_valid"": 1468, ""n_targets"": 1468}, {""horizon_s"": 0.2, ""horizon_samples"": 5, ""cc"": 0.9158191213871926, ""nrmse"": 0.4018441274828387, ""n_valid"": 1467, ""n_targets"": 1467}, {""horizon_s"": 0.28, ""horizon_samples"": 7, ""cc"": 0.9043442326541402, ""nrmse"": 0.4267295641617607, ""n_valid"": 1465, ""n_targets"": 1465}, {""horizon_s"": 0.4, ""horizon_samples"": 10, ""cc"": 0.882580890991443, ""nrmse"": 0.4710447926908076, ""n_valid"": 1462, ""n_targets"": 1462}, {""horizon_s"": 0.6, ""horizon_samples"": 15, ""cc"": 0.8458496180286793, ""nrmse"": 0.533266668294645, ""n_valid"": 1457, ""n_targets"": 1457}, {""horizon_s"": 0.8, ""horizon_samples"": 20, ""cc"": 0.7943911043166569, ""nrmse"": 0.6085777412500979, ""n_valid"": 1452, ""n_targets"": 1452}, {""horizon_s"": 1.0, ""horizon_samples"": 25, ""cc"": 0.7590945372751934, ""nrmse"": 0.6530162446725688, ""n_valid"": 1447, ""n_targets"": 1447}, {""horizon_s"": 1.2, ""horizon_samples"": 30, ""cc"": 0.712066595491788, ""nrmse"": 0.7064280995511075, ""n_valid"": 1442, ""n_targets"": 1442}, {""horizon_s"": 1.6, ""horizon_samples"": 40, ""cc"": 0.5856987510556451, ""nrmse"": 0.8229541890772811, ""n_valid"": 1432, ""n_targets"": 1432}, {""horizon_s"": 2.0, ""horizon_samples"": 50, ""cc"": 0.535069635206925, ""nrmse"": 0.8603337529564685, ""n_valid"": 1422, ""n_targets"": 1422}, {""horizon_s"": 2.4, ""horizon_samples"": 60, ""cc"": 0.44140977793582226, ""nrmse"": 0.9212504349082993, ""n_valid"": 1412, ""n_targets"": 1412}, {""horizon_s"": 2.8, ""horizon_samples"": 70, ""cc"": 0.3687023791539855, ""nrmse"": 0.9558441281852471, ""n_valid"": 1402, ""n_targets"": 1402}, {""horizon_s"": 3.2, ""horizon_samples"": 80, ""cc"": 0.3173735441490662, ""nrmse"": 0.9775692743168244, ""n_valid"": 1392, ""n_targets"": 1392}, {""horizon_s"": 3.6, ""horizon_samples"": 90, ""cc"": 0.2313585596198873, ""nrmse"": 1.0126094404806159, ""n_valid"": 1382, ""n_targets"": 1382}, {""horizon_s"": 4.0, ""horizon_samples"": 100, ""cc"": 0.18848123063565317, ""nrmse"": 1.023849568511812, ""n_valid"": 1372, ""n_targets"": 1372}]",25,28,0.02000007678678039,True,0.0,570.919719920089,12,0.4800839999979871,1472,1418,True,ok,8,0.16,4,0.8,1.3,5.0,0.02,2.5747421230007603,,True,46f0a5401b3dba49fcc4ec376a8220e4cccb54e0e7e52af4cd65b48152a5cabd,d774b384846ac80a9bb59f6c4a1a46d93ac9bd493b2f4096171bd01331e656c1,T60_15_00009,False,e7ae9bf81f00378c99e7a4bc9398992e916a5a6841938e68cbb1a90f8f186e16
nan,15,sample_15.csv,T60,T60_15_00012,Awake,0,3,3,675.7793384,735.9903047,60,60.210966299999995,1500,24.99562576559584,16825,18325,16825,18325,T60/filtered_sessions/sample_15.csv,True,0,0.0,True,0.012488047697010856,True,0.04683065698651484,True,nan,0.7482901919112455,0.5852270364026528,0.7871094687335028,4.215111796453354,0.105173489465854,2.0004564125969875,0.9210016473030425,0.9798585981712314,0.8001399999966452,1.2802239999946323,True,True,True,True,True,,,,,18,"[{""horizon_s"": 0.04, ""horizon_samples"": 1, ""cc"": 0.9743335294081015, ""nrmse"": 0.22476405530856572, ""n_valid"": 1471, ""n_targets"": 1471}, {""horizon_s"": 0.08, ""horizon_samples"": 2, ""cc"": 0.9490791998061637, ""nrmse"": 0.3145253605196823, ""n_valid"": 1470, ""n_targets"": 1470}, {""horizon_s"": 0.12, ""horizon_samples"": 3, ""cc"": 0.955116895571791, ""nrmse"": 0.29578171149034693, ""n_valid"": 1469, ""n_targets"": 1469}, {""horizon_s"": 0.16, ""horizon_samples"": 4, ""cc"": 0.9523027342724915, ""nrmse"": 0.304825839078323, ""n_valid"": 1468, ""n_targets"": 1468}, {""horizon_s"": 0.2, ""horizon_samples"": 5, ""cc"": 0.9429883454802415, ""nrmse"": 0.3325684566858438, ""n_valid"": 1467, ""n_targets"": 1467}, {""horizon_s"": 0.28, ""horizon_samples"": 7, ""cc"": 0.9378705749499, ""nrmse"": 0.3469037573766896, ""n_valid"": 1465, ""n_targets"": 1465}, {""horizon_s"": 0.4, ""horizon_samples"": 10, ""cc"": 0.9193467889269415, ""nrmse"": 0.3940886316198745, ""n_valid"": 1462, ""n_targets"": 1462}, {""horizon_s"": 0.6, ""horizon_samples"": 15, ""cc"": 0.8890526543748652, ""nrmse"": 0.45821322766083616, ""n_valid"": 1457, ""n_targets"": 1457}, {""horizon_s"": 0.8, ""horizon_samples"": 20, ""cc"": 0.8535925347081441, ""nrmse"": 0.5210365580037689, ""n_valid"": 1452, ""n_targets"": 1452}, {""horizon_s"": 1.0, ""horizon_samples"": 25, ""cc"": 0.8157021854881338, ""nrmse"": 0.5812327405245331, ""n_valid"": 1447, ""n_targets"": 1447}, {""horizon_s"": 1.2, ""horizon_samples"": 30, ""cc"": 0.7984533582270861, ""nrmse"": 0.6039343268608136, ""n_valid"": 1442, ""n_targets"": 1442}, {""horizon_s"": 1.6, ""horizon_samples"": 40, ""cc"": 0.6927769173459435, ""nrmse"": 0.7284277864747883, ""n_valid"": 1432, ""n_targets"": 1432}, {""horizon_s"": 2.0, ""horizon_samples"": 50, ""cc"": 0.6275952925156412, ""nrmse"": 0.7903231058572742, ""n_valid"": 1422, ""n_targets"": 1422}, {""horizon_s"": 2.4, ""horizon_samples"": 60, ""cc"": 0.5446863012190734, ""nrmse"": 0.8579199301914372, ""n_valid"": 1412, ""n_targets"": 1412}, {""horizon_s"": 2.8, ""horizon_samples"": 70, ""cc"": 0.4949589982162677, ""nrmse"": 0.8883657779283857, ""n_valid"": 1402, ""n_targets"": 1402}, {""horizon_s"": 3.2, ""horizon_samples"": 80, ""cc"": 0.4159176708053098, ""nrmse"": 0.9421921563573975, ""n_valid"": 1392, ""n_targets"": 1392}, {""horizon_s"": 3.6, ""horizon_samples"": 90, ""cc"": 0.3692260618944925, ""nrmse"": 0.9669907596442647, ""n_valid"": 1382, ""n_targets"": 1382}, {""horizon_s"": 4.0, ""horizon_samples"": 100, ""cc"": 0.336223411191829, ""nrmse"": 0.9819924736649263, ""n_valid"": 1372, ""n_targets"": 1372}]",25,28,0.02000007678678039,True,0.0,448.4593753660119,13,0.5200909999978194,1472,1420,True,ok,8,0.16,4,0.8,1.3,5.0,0.02,1.436985189000552,,True,19ff98cfc03dfa567b9eb36a5f4e3644896843d18c1880b25111e0987528b17e,ec057b1105a8f3ef70011885a453c1fcc92ac092bfb153402d1f1ce5ae73b80e,T60_15_00012,False,e7ae9bf81f00378c99e7a4bc9398992e916a5a6841938e68cbb1a90f8f186e16
nan,15,sample_15.csv,T60,T60_15_00014,Awake,0,3,3,796.2801859,856.4893723,60,60.20918640000002,1500,24.99562576559584,19825,21325,19825,21325,T60/filtered_sessions/sample_15.csv,True,0,0.0,True,0.22083964182248136,True,0.42876228752833495,True,nan,0.7401773243573571,0.6294473531158109,0.7336948697029323,4.0220994475138125,0.14942170178048664,2.0074145712443583,0.7365595216676468,0.9625858437658946,0.8001399999966452,1.2802239999946323,True,True,True,True,True,,,,,18,"[{""horizon_s"": 0.04, ""horizon_samples"": 1, ""cc"": 0.9547442719293803, ""nrmse"": 0.29915144254864984, ""n_valid"": 1471, ""n_targets"": 1471}, {""horizon_s"": 0.08, ""horizon_samples"": 2, ""cc"": 0.9176405583319724, ""nrmse"": 0.3996054799916967, ""n_valid"": 1470, ""n_targets"": 1470}, {""horizon_s"": 0.12, ""horizon_samples"": 3, ""cc"": 0.9213423489989743, ""nrmse"": 0.39078112227606027, ""n_valid"": 1469, ""n_targets"": 1469}, {""horizon_s"": 0.16, ""horizon_samples"": 4, ""cc"": 0.9228927521919223, ""nrmse"": 0.3870999542806761, ""n_valid"": 1468, ""n_targets"": 1468}, {""horizon_s"": 0.2, ""horizon_samples"": 5, ""cc"": 0.9150774496773776, ""nrmse"": 0.40565501149928984, ""n_valid"": 1467, ""n_targets"": 1467}, {""horizon_s"": 0.28, ""horizon_samples"": 7, ""cc"": 0.9057982660538578, ""nrmse"": 0.42641768276105024, ""n_valid"": 1465, ""n_targets"": 1465}, {""horizon_s"": 0.4, ""horizon_samples"": 10, ""cc"": 0.879317547108995, ""nrmse"": 0.4802111380543553, ""n_valid"": 1462, ""n_targets"": 1462}, {""horizon_s"": 0.6, ""horizon_samples"": 15, ""cc"": 0.8443927973506422, ""nrmse"": 0.5403210535229873, ""n_valid"": 1457, ""n_targets"": 1457}, {""horizon_s"": 0.8, ""horizon_samples"": 20, ""cc"": 0.8011491610197026, ""nrmse"": 0.6044842625175827, ""n_valid"": 1452, ""n_targets"": 1452}, {""horizon_s"": 1.0, ""horizon_samples"": 25, ""cc"": 0.7668649116627811, ""nrmse"": 0.6502722190471744, ""n_valid"": 1447, ""n_targets"": 1447}, {""horizon_s"": 1.2, ""horizon_samples"": 30, ""cc"": 0.7600077249564944, ""nrmse"": 0.6603918784509982, ""n_valid"": 1442, ""n_targets"": 1442}, {""horizon_s"": 1.6, ""horizon_samples"": 40, ""cc"": 0.678792616979572, ""nrmse"": 0.7484229400682242, ""n_valid"": 1432, ""n_targets"": 1432}, {""horizon_s"": 2.0, ""horizon_samples"": 50, ""cc"": 0.6225863034700349, ""nrmse"": 0.8041444759858054, ""n_valid"": 1422, ""n_targets"": 1422}, {""horizon_s"": 2.4, ""horizon_samples"": 60, ""cc"": 0.5743123773656478, ""nrmse"": 0.8477004198340385, ""n_valid"": 1412, ""n_targets"": 1412}, {""horizon_s"": 2.8, ""horizon_samples"": 70, ""cc"": 0.5366266913963423, ""nrmse"": 0.8738525439450974, ""n_valid"": 1402, ""n_targets"": 1402}, {""horizon_s"": 3.2, ""horizon_samples"": 80, ""cc"": 0.47965938575287304, ""nrmse"": 0.9129129153406464, ""n_valid"": 1392, ""n_targets"": 1392}, {""horizon_s"": 3.6, ""horizon_samples"": 90, ""cc"": 0.43521061544412526, ""nrmse"": 0.9401307468951621, ""n_valid"": 1382, ""n_targets"": 1382}, {""horizon_s"": 4.0, ""horizon_samples"": 100, ""cc"": 0.4067760587417296, ""nrmse"": 0.9584970690651021, ""n_valid"": 1372, ""n_targets"": 1372}]",25,28,0.02000007678678039,True,0.0,597.1869051223351,12,0.4800839999979871,1472,1407,True,ok,8,0.16,4,0.8,1.3,5.0,0.02,1.4252637009994942,,True,6edbeee04f4a181affd85592cf3f5f3bbaca1a81cc5e0cfcece8df50e87d255d,180d8a4953cbbb2f329ca2ace48ff9fa84a273336e0e63227797ad7e0421514e,T60_15_00014,False,e7ae9bf81f00378c99e7a4bc9398992e916a5a6841938e68cbb1a90f8f186e16
nan,15,sample_15.csv,T60,T60_15_00015,Awake,0,3,3,856.5297685,916.7402639,60,60.2104953999999,1500,24.99562576559584,21325,22825,21325,22825,T60/filtered_sessions/sample_15.csv,True,0,0.0,True,0.18719433827836832,True,0.17650246691065488,True,nan,0.6520287855143942,0.6698259715209235,0.6724576474540481,4.056745801968732,0.41114363871958537,2.1210695716761574,0.7782755882396445,0.9508922178296876,0.8001399999966452,1.2802239999946323,True,True,True,True,True,,,,,18,"[{""horizon_s"": 0.04, ""horizon_samples"": 1, ""cc"": 0.9632163245071945, ""nrmse"": 0.2684422892173126, ""n_valid"": 1471, ""n_targets"": 1471}, {""horizon_s"": 0.08, ""horizon_samples"": 2, ""cc"": 0.9239084091133536, ""nrmse"": 0.3821691419157704, ""n_valid"": 1470, ""n_targets"": 1470}, {""horizon_s"": 0.12, ""horizon_samples"": 3, ""cc"": 0.9199167696480525, ""nrmse"": 0.3913759936427868, ""n_valid"": 1469, ""n_targets"": 1469}, {""horizon_s"": 0.16, ""horizon_samples"": 4, ""cc"": 0.9137825488803175, ""nrmse"": 0.4046544954362232, ""n_valid"": 1468, ""n_targets"": 1468}, {""horizon_s"": 0.2, ""horizon_samples"": 5, ""cc"": 0.9087834808561986, ""nrmse"": 0.4152696380562532, ""n_valid"": 1467, ""n_targets"": 1467}, {""horizon_s"": 0.28, ""horizon_samples"": 7, ""cc"": 0.8862169468634942, ""nrmse"": 0.46044430312505086, ""n_valid"": 1465, ""n_targets"": 1465}, {""horizon_s"": 0.4, ""horizon_samples"": 10, ""cc"": 0.8646262165651124, ""nrmse"": 0.4997421885304936, ""n_valid"": 1462, ""n_targets"": 1462}, {""horizon_s"": 0.6, ""horizon_samples"": 15, ""cc"": 0.8081565583992658, ""nrmse"": 0.5874015283343403, ""n_valid"": 1457, ""n_targets"": 1457}, {""horizon_s"": 0.8, ""horizon_samples"": 20, ""cc"": 0.7878811066990952, ""nrmse"": 0.6127947886052474, ""n_valid"": 1452, ""n_targets"": 1452}, {""horizon_s"": 1.0, ""horizon_samples"": 25, ""cc"": 0.733005439134733, ""nrmse"": 0.676410744425814, ""n_valid"": 1447, ""n_targets"": 1447}, {""horizon_s"": 1.2, ""horizon_samples"": 30, ""cc"": 0.7012923875866706, ""nrmse"": 0.7098064534469236, ""n_valid"": 1442, ""n_targets"": 1442}, {""horizon_s"": 1.6, ""horizon_samples"": 40, ""cc"": 0.6113231720856105, ""nrmse"": 0.7915196213508572, ""n_valid"": 1432, ""n_targets"": 1432}, {""horizon_s"": 2.0, ""horizon_samples"": 50, ""cc"": 0.5117100593556033, ""nrmse"": 0.862984749801485, ""n_valid"": 1422, ""n_targets"": 1422}, {""horizon_s"": 2.4, ""horizon_samples"": 60, ""cc"": 0.3976923416329014, ""nrmse"": 0.9298070744808206, ""n_valid"": 1412, ""n_targets"": 1412}, {""horizon_s"": 2.8, ""horizon_samples"": 70, ""cc"": 0.2743545265403191, ""nrmse"": 0.98913415872798, ""n_valid"": 1402, ""n_targets"": 1402}, {""horizon_s"": 3.2, ""horizon_samples"": 80, ""cc"": 0.19264676048241797, ""nrmse"": 1.0209614445695714, ""n_valid"": 1392, ""n_targets"": 1392}, {""horizon_s"": 3.6, ""horizon_samples"": 90, ""cc"": 0.15748832525263576, ""nrmse"": 1.0321098312446195, ""n_valid"": 1382, ""n_targets"": 1382}, {""horizon_s"": 4.0, ""horizon_samples"": 100, ""cc"": 0.18051676565611866, ""nrmse"": 1.0218390424650716, ""n_valid"": 1372, ""n_targets"": 1372}]",25,28,0.02000007678678039,True,0.0,653.3955047182147,13,0.5200909999978194,1472,1421,True,ok,8,0.16,4,0.8,1.3,5.0,0.02,1.5232285920010327,,True,2a7c8d96bb99609ce985d9c4327770d5dd44b46be72b187ac1d298114dbf1368,57ead3e926bb30e6ef96ba5d7b005a7e8c21a305f2bb395040c6bec0cbde98ff,T60_15_00015,False,e7ae9bf81f00378c99e7a4bc9398992e916a5a6841938e68cbb1a90f8f186e16
nan,15,sample_15.csv,T60,T60_15_00013,Awake,0,3,3,736.0301175,796.239377,60,60.20925950000003,1500,24.99562576559584,18325,19825,18325,19825,T60/filtered_sessions/sample_15.csv,True,0,0.0,True,0.28208339203572996,True,0.26893366638783933,True,nan,0.72163629999107,0.6029012866903649,0.7342227767912848,4.053789083200848,0.1674425301146998,2.0092139360783183,0.7752632401806921,0.9891490040413217,0.8001399999966452,1.2802239999946323,True,True,True,True,True,,,,,18,"[{""horizon_s"": 0.04, ""horizon_samples"": 1, ""cc"": 0.9725846695328632, ""nrmse"": 0.23252440590890133, ""n_valid"": 1471, ""n_targets"": 1471}, {""horizon_s"": 0.08, ""horizon_samples"": 2, ""cc"": 0.9453608883477557, ""nrmse"": 0.3252875327750995, ""n_valid"": 1470, ""n_targets"": 1470}, {""horizon_s"": 0.12, ""horizon_samples"": 3, ""cc"": 0.9435729512922181, ""nrmse"": 0.3304347260651171, ""n_valid"": 1469, ""n_targets"": 1469}, {""horizon_s"": 0.16, ""horizon_samples"": 4, ""cc"": 0.9431057365101264, ""nrmse"": 0.33175087344858034, ""n_valid"": 1468, ""n_targets"": 1468}, {""horizon_s"": 0.2, ""horizon_samples"": 5, ""cc"": 0.9406621156976284, ""nrmse"": 0.3378087297261985, ""n_valid"": 1467, ""n_targets"": 1467}, {""horizon_s"": 0.28, ""horizon_samples"": 7, ""cc"": 0.9210364311313204, ""nrmse"": 0.38699186423693804, ""n_valid"": 1465, ""n_targets"": 1465}, {""horizon_s"": 0.4, ""horizon_samples"": 10, ""cc"": 0.914578368777427, ""nrmse"": 0.40229448947552177, ""n_valid"": 1462, ""n_targets"": 1462}, {""horizon_s"": 0.6, ""horizon_samples"": 15, ""cc"": 0.8737065250505242, ""nrmse"": 0.48409645624024805, ""n_valid"": 1457, ""n_targets"": 1457}, {""horizon_s"": 0.8, ""horizon_samples"": 20, ""cc"": 0.8298716802369429, ""nrmse"": 0.5555382221376433, ""n_valid"": 1452, ""n_targets"": 1452}, {""horizon_s"": 1.0, ""horizon_samples"": 25, ""cc"": 0.7854437526919836, ""nrmse"": 0.6158538478856467, ""n_valid"": 1447, ""n_targets"": 1447}, {""horizon_s"": 1.2, ""horizon_samples"": 30, ""cc"": 0.7619782419486578, ""nrmse"": 0.6445675072870156, ""n_valid"": 1442, ""n_targets"": 1442}, {""horizon_s"": 1.6, ""horizon_samples"": 40, ""cc"": 0.6537504171942973, ""nrmse"": 0.7570336247065469, ""n_valid"": 1432, ""n_targets"": 1432}, {""horizon_s"": 2.0, ""horizon_samples"": 50, ""cc"": 0.5929149158848201, ""nrmse"": 0.804536211805611, ""n_valid"": 1422, ""n_targets"": 1422}, {""horizon_s"": 2.4, ""horizon_samples"": 60, ""cc"": 0.5299012094539055, ""nrmse"": 0.8478214108991236, ""n_valid"": 1412, ""n_targets"": 1412}, {""horizon_s"": 2.8, ""horizon_samples"": 70, ""cc"": 0.45287034940322474, ""nrmse"": 0.8971296545668164, ""n_valid"": 1402, ""n_targets"": 1402}, {""horizon_s"": 3.2, ""horizon_samples"": 80, ""cc"": 0.37933101328088803, ""nrmse"": 0.9367215923286364, ""n_valid"": 1392, ""n_targets"": 1392}, {""horizon_s"": 3.6, ""horizon_samples"": 90, ""cc"": 0.3053237004413337, ""nrmse"": 0.97004764198523, ""n_valid"": 1382, ""n_targets"": 1382}, {""horizon_s"": 4.0, ""horizon_samples"": 100, ""cc"": 0.2434604329633467, ""nrmse"": 0.9917843689476924, ""n_valid"": 1372, ""n_targets"": 1372}]",25,28,0.02000007678678039,True,0.0,518.1942294190267,12,0.4800839999979871,1472,1382,True,ok,8,0.16,4,0.8,1.3,5.0,0.02,1.6380012030003854,,True,a74d2e2308122da5f197530fdc97a0e41409883eafd48d24b0b7ae23bd0dccf5,b33d90aaff2b74ad4c533184a02d08f5157a8503370ea71ce9660aa23f5440ea,T60_15_00013,False,e7ae9bf81f00378c99e7a4bc9398992e916a5a6841938e68cbb1a90f8f186e16
nan,15,sample_15.csv,T60,T60_15_00011,Awake,0,3,3,615.5293474,675.739311,60,60.20996360000004,1500,24.99562576559584,15325,16825,15325,16825,T60/filtered_sessions/sample_15.csv,True,0,0.0,True,0.1567365497744261,True,0.07351362711915421,True,nan,0.6116476244965988,0.7033189863906764,0.7085952872294476,4.036358665937671,0.30841771848154725,2.0183731155778895,0.7609022568081903,0.9538448596424033,0.8001399999966452,1.2802239999946323,True,True,True,True,True,,,,,18,"[{""horizon_s"": 0.04, ""horizon_samples"": 1, ""cc"": 0.9549781960115659, ""nrmse"": 0.29767894635882036, ""n_valid"": 1471, ""n_targets"": 1471}, {""horizon_s"": 0.08, ""horizon_samples"": 2, ""cc"": 0.9082937654765261, ""nrmse"": 0.4197548000374677, ""n_valid"": 1470, ""n_targets"": 1470}, {""horizon_s"": 0.12, ""horizon_samples"": 3, ""cc"": 0.9045937540639744, ""nrmse"": 0.4273938694658684, ""n_valid"": 1469, ""n_targets"": 1469}, {""horizon_s"": 0.16, ""horizon_samples"": 4, ""cc"": 0.9020896322161815, ""nrmse"": 0.4325614602719802, ""n_valid"": 1468, ""n_targets"": 1468}, {""horizon_s"": 0.2, ""horizon_samples"": 5, ""cc"": 0.8977309438489746, ""nrmse"": 0.4419318645955644, ""n_valid"": 1467, ""n_targets"": 1467}, {""horizon_s"": 0.28, ""horizon_samples"": 7, ""cc"": 0.8865421692721114, ""nrmse"": 0.463559156153904, ""n_valid"": 1465, ""n_targets"": 1465}, {""horizon_s"": 0.4, ""horizon_samples"": 10, ""cc"": 0.8602482025001845, ""nrmse"": 0.511371028368579, ""n_valid"": 1462, ""n_targets"": 1462}, {""horizon_s"": 0.6, ""horizon_samples"": 15, ""cc"": 0.8203425772368151, ""nrmse"": 0.5739002311087428, ""n_valid"": 1457, ""n_targets"": 1457}, {""horizon_s"": 0.8, ""horizon_samples"": 20, ""cc"": 0.7499686130661668, ""nrmse"": 0.664509078021043, ""n_valid"": 1452, ""n_targets"": 1452}, {""horizon_s"": 1.0, ""horizon_samples"": 25, ""cc"": 0.7020654357779818, ""nrmse"": 0.7170781984250946, ""n_valid"": 1447, ""n_targets"": 1447}, {""horizon_s"": 1.2, ""horizon_samples"": 30, ""cc"": 0.6595928285726337, ""nrmse"": 0.7620220001789427, ""n_valid"": 1442, ""n_targets"": 1442}, {""horizon_s"": 1.6, ""horizon_samples"": 40, ""cc"": 0.5276268884860826, ""nrmse"": 0.8636062352346758, ""n_valid"": 1432, ""n_targets"": 1432}, {""horizon_s"": 2.0, ""horizon_samples"": 50, ""cc"": 0.4518969480854476, ""nrmse"": 0.9127199316356968, ""n_valid"": 1422, ""n_targets"": 1422}, {""horizon_s"": 2.4, ""horizon_samples"": 60, ""cc"": 0.34752005285635607, ""nrmse"": 0.966483863026275, ""n_valid"": 1412, ""n_targets"": 1412}, {""horizon_s"": 2.8, ""horizon_samples"": 70, ""cc"": 0.2641087821020215, ""nrmse"": 1.0010423865672677, ""n_valid"": 1402, ""n_targets"": 1402}, {""horizon_s"": 3.2, ""horizon_samples"": 80, ""cc"": 0.15607209029724534, ""nrmse"": 1.0391503690002855, ""n_valid"": 1392, ""n_targets"": 1392}, {""horizon_s"": 3.6, ""horizon_samples"": 90, ""cc"": 0.028863790602335848, ""nrmse"": 1.078409170618829, ""n_valid"": 1382, ""n_targets"": 1382}, {""horizon_s"": 4.0, ""horizon_samples"": 100, ""cc"": -0.01287742953382454, ""nrmse"": 1.0865691659631393, ""n_valid"": 1372, ""n_targets"": 1372}]",25,28,0.02000007678678039,True,0.0,601.5323310600166,12,0.4800839999979871,1472,1407,True,ok,8,0.16,4,0.8,1.3,5.0,0.02,3.0973682059993735,,True,3fc167f7c33e8d7a4caaefd23e39679b7a2506c95875f19e48438a5f22b6fd84,5d9b8b90524ccf8d07a8822c2a48cb64e0a0dc39b419cd85f51c5c44e79d4936,T60_15_00011,False,e7ae9bf81f00378c99e7a4bc9398992e916a5a6841938e68cbb1a90f8f186e16
nan,15,sample_15.csv,T60,T60_15_00016,Awake,0,3,3,916.7794585,976.9793215,60,60.19986299999994,1500,24.99562576559584,22825,24325,22825,24325,T60/filtered_sessions/sample_15.csv,True,0,0.0,True,0.17275544216710714,True,0.25782873712741516,True,nan,0.7140472811387532,0.6351396589315412,0.7301914862984115,4.09335485606672,0.22551230983346932,2.034199134199134,0.8576421844348624,0.9722114869565502,0.8001399999966452,1.2802239999946323,True,True,True,True,True,,,,,18,"[{""horizon_s"": 0.04, ""horizon_samples"": 1, ""cc"": 0.9673577047334535, ""nrmse"": 0.25446679917584614, ""n_valid"": 1471, ""n_targets"": 1471}, {""horizon_s"": 0.08, ""horizon_samples"": 2, ""cc"": 0.9327987292319021, ""nrmse"": 0.36082809182794173, ""n_valid"": 1470, ""n_targets"": 1470}, {""horizon_s"": 0.12, ""horizon_samples"": 3, ""cc"": 0.9318241150040849, ""nrmse"": 0.36301635198285354, ""n_valid"": 1469, ""n_targets"": 1469}, {""horizon_s"": 0.16, ""horizon_samples"": 4, ""cc"": 0.929665979620081, ""nrmse"": 0.3680943550263939, ""n_valid"": 1468, ""n_targets"": 1468}, {""horizon_s"": 0.2, ""horizon_samples"": 5, ""cc"": 0.9237254680357044, ""nrmse"": 0.3825855627385136, ""n_valid"": 1467, ""n_targets"": 1467}, {""horizon_s"": 0.28, ""horizon_samples"": 7, ""cc"": 0.9133938400050371, ""nrmse"": 0.40697620682460717, ""n_valid"": 1465, ""n_targets"": 1465}, {""horizon_s"": 0.4, ""horizon_samples"": 10, ""cc"": 0.8806674470773006, ""nrmse"": 0.47403595000580057, ""n_valid"": 1462, ""n_targets"": 1462}, {""horizon_s"": 0.6, ""horizon_samples"": 15, ""cc"": 0.8456066444596797, ""nrmse"": 0.5347194883231955, ""n_valid"": 1457, ""n_targets"": 1457}, {""horizon_s"": 0.8, ""horizon_samples"": 20, ""cc"": 0.8068460375683725, ""nrmse"": 0.5917097141308238, ""n_valid"": 1452, ""n_targets"": 1452}, {""horizon_s"": 1.0, ""horizon_samples"": 25, ""cc"": 0.755602270908746, ""nrmse"": 0.6570375376704776, ""n_valid"": 1447, ""n_targets"": 1447}, {""horizon_s"": 1.2, ""horizon_samples"": 30, ""cc"": 0.6973862142742626, ""nrmse"": 0.7224270909486796, ""n_valid"": 1442, ""n_targets"": 1442}, {""horizon_s"": 1.6, ""horizon_samples"": 40, ""cc"": 0.608125923405581, ""nrmse"": 0.8037266932943343, ""n_valid"": 1432, ""n_targets"": 1432}, {""horizon_s"": 2.0, ""horizon_samples"": 50, ""cc"": 0.5293100247726441, ""nrmse"": 0.8642071997426851, ""n_valid"": 1422, ""n_targets"": 1422}, {""horizon_s"": 2.4, ""horizon_samples"": 60, ""cc"": 0.4803992833794165, ""nrmse"": 0.8998711386729201, ""n_valid"": 1412, ""n_targets"": 1412}, {""horizon_s"": 2.8, ""horizon_samples"": 70, ""cc"": 0.44258293821795786, ""nrmse"": 0.9194355211744668, ""n_valid"": 1402, ""n_targets"": 1402}, {""horizon_s"": 3.2, ""horizon_samples"": 80, ""cc"": 0.40918810797920935, ""nrmse"": 0.9428536740537843, ""n_valid"": 1392, ""n_targets"": 1392}, {""horizon_s"": 3.6, ""horizon_samples"": 90, ""cc"": 0.39690096039925915, ""nrmse"": 0.9439189078682723, ""n_valid"": 1382, ""n_targets"": 1382}, {""horizon_s"": 4.0, ""horizon_samples"": 100, ""cc"": 0.4014693714248644, ""nrmse"": 0.9426035773061435, ""n_valid"": 1372, ""n_targets"": 1372}]",25,28,0.02000007678678039,True,0.0,588.0312402917643,13,0.5200909999978194,1472,1410,True,ok,8,0.16,4,0.8,1.3,5.0,0.02,1.329723394001121,,True,aa7cebd3e99462f509f0635b7ad0cbe454942a5dd84fcec966d427ccace3c5ca,ef17bdec625faa6a0967244bd459e4c0f7581da65188a310fdeffd2be9322b1b,T60_15_00016,False,e7ae9bf81f00378c99e7a4bc9398992e916a5a6841938e68cbb1a90f8f186e16
nan,15,sample_15.csv,T60,T60_15_00019,Awake,0,3,3,1097.519567,1157.72938,60,60.20981299999994,1500,24.99562576559584,27325,28825,27325,28825,T60/filtered_sessions/sample_15.csv,True,0,0.0,True,0.15969640524848538,True,0.2616527645376231,True,nan,0.7147764216901232,0.6272473601478867,0.7061957095551183,4.053719008264463,0.35144214618227193,2.0206953642384105,0.7942931778991277,0.9925582154670787,0.8001399999966452,1.2802239999946323,True,True,True,True,True,,,,,18,"[{""horizon_s"": 0.04, ""horizon_samples"": 1, ""cc"": 0.9609943203820037, ""nrmse"": 0.27619799611051216, ""n_valid"": 1471, ""n_targets"": 1471}, {""horizon_s"": 0.08, ""horizon_samples"": 2, ""cc"": 0.9298218713835615, ""nrmse"": 0.3678130606252406, ""n_valid"": 1470, ""n_targets"": 1470}, {""horizon_s"": 0.12, ""horizon_samples"": 3, ""cc"": 0.9320677866451, ""nrmse"": 0.36186746044909696, ""n_valid"": 1469, ""n_targets"": 1469}, {""horizon_s"": 0.16, ""horizon_samples"": 4, ""cc"": 0.923201403497311, ""nrmse"": 0.38366371241259994, ""n_valid"": 1468, ""n_targets"": 1468}, {""horizon_s"": 0.2, ""horizon_samples"": 5, ""cc"": 0.9161527574583951, ""nrmse"": 0.40026161376317443, ""n_valid"": 1467, ""n_targets"": 1467}, {""horizon_s"": 0.28, ""horizon_samples"": 7, ""cc"": 0.9083321134524728, ""nrmse"": 0.41842341448625386, ""n_valid"": 1465, ""n_targets"": 1465}, {""horizon_s"": 0.4, ""horizon_samples"": 10, ""cc"": 0.8925887894341729, ""nrmse"": 0.45000935639372025, ""n_valid"": 1462, ""n_targets"": 1462}, {""horizon_s"": 0.6, ""horizon_samples"": 15, ""cc"": 0.8577243465870964, ""nrmse"": 0.5148674074043083, ""n_valid"": 1457, ""n_targets"": 1457}, {""horizon_s"": 0.8, ""horizon_samples"": 20, ""cc"": 0.8265029951972142, ""nrmse"": 0.5640918308132751, ""n_valid"": 1452, ""n_targets"": 1452}, {""horizon_s"": 1.0, ""horizon_samples"": 25, ""cc"": 0.7549813586519644, ""nrmse"": 0.6590573186847166, ""n_valid"": 1447, ""n_targets"": 1447}, {""horizon_s"": 1.2, ""horizon_samples"": 30, ""cc"": 0.7309705757788261, ""nrmse"": 0.6855789146883376, ""n_valid"": 1442, ""n_targets"": 1442}, {""horizon_s"": 1.6, ""horizon_samples"": 40, ""cc"": 0.6641840790710967, ""nrmse"": 0.7521042933949444, ""n_valid"": 1432, ""n_targets"": 1432}, {""horizon_s"": 2.0, ""horizon_samples"": 50, ""cc"": 0.567628771566999, ""nrmse"": 0.8324409965801012, ""n_valid"": 1422, ""n_targets"": 1422}, {""horizon_s"": 2.4, ""horizon_samples"": 60, ""cc"": 0.4985108268968546, ""nrmse"": 0.8779949007042711, ""n_valid"": 1412, ""n_targets"": 1412}, {""horizon_s"": 2.8, ""horizon_samples"": 70, ""cc"": 0.4256719173331942, ""nrmse"": 0.9177440503816738, ""n_valid"": 1402, ""n_targets"": 1402}, {""horizon_s"": 3.2, ""horizon_samples"": 80, ""cc"": 0.38715023338262816, ""nrmse"": 0.9344078583133971, ""n_valid"": 1392, ""n_targets"": 1392}, {""horizon_s"": 3.6, ""horizon_samples"": 90, ""cc"": 0.34347852667487866, ""nrmse"": 0.9502454922257111, ""n_valid"": 1382, ""n_targets"": 1382}, {""horizon_s"": 4.0, ""horizon_samples"": 100, ""cc"": 0.3460129170284475, ""nrmse"": 0.9436828052306266, ""n_valid"": 1372, ""n_targets"": 1372}]",25,28,0.02000007678678039,True,0.0,537.0631030028711,14,0.5600979999976516,1472,1410,True,ok,8,0.16,4,0.8,1.3,5.0,0.02,1.3429065039999841,,True,fc656854e69be4e8670dae7b4e539936225c71424257c137913edc756fc6dadd,19006c2d87b9c755b675a7edd54ba5fa405e0bbc8133d8b1b2686d37b8211eed,T60_15_00019,False,e7ae9bf81f00378c99e7a4bc9398992e916a5a6841938e68cbb1a90f8f186e16
nan,15,sample_15.csv,T60,T60_15_00018,Awake,0,3,3,1037.270004,1097.479387,60,60.209383000000116,1500,24.99562576559584,25825,27325,25825,27325,T60/filtered_sessions/sample_15.csv,True,0,0.0,True,0.3729183008427051,False,0.6354260130133133,True,nan,0.5203629964739585,0.7764057337532091,0.6616115563660796,3.7523135547087643,0.47197293276383356,2.2117395704486675,0.7929142436326341,0.9840180494908475,0.8001399999966452,1.2802239999946323,True,True,True,True,True,,,,,18,"[{""horizon_s"": 0.04, ""horizon_samples"": 1, ""cc"": 0.9417397185542947, ""nrmse"": 0.33695637651175747, ""n_valid"": 1471, ""n_targets"": 1471}, {""horizon_s"": 0.08, ""horizon_samples"": 2, ""cc"": 0.8832758024147516, ""nrmse"": 0.46951984360740545, ""n_valid"": 1470, ""n_targets"": 1470}, {""horizon_s"": 0.12, ""horizon_samples"": 3, ""cc"": 0.8810598339520267, ""nrmse"": 0.4738792361214772, ""n_valid"": 1469, ""n_targets"": 1469}, {""horizon_s"": 0.16, ""horizon_samples"": 4, ""cc"": 0.8798407782890482, ""nrmse"": 0.4755148408711217, ""n_valid"": 1468, ""n_targets"": 1468}, {""horizon_s"": 0.2, ""horizon_samples"": 5, ""cc"": 0.8732009963647837, ""nrmse"": 0.48702980845538546, ""n_valid"": 1467, ""n_targets"": 1467}, {""horizon_s"": 0.28, ""horizon_samples"": 7, ""cc"": 0.8459195339607836, ""nrmse"": 0.5332579172603333, ""n_valid"": 1465, ""n_targets"": 1465}, {""horizon_s"": 0.4, ""horizon_samples"": 10, ""cc"": 0.812195949662221, ""nrmse"": 0.5846623077623896, ""n_valid"": 1462, ""n_targets"": 1462}, {""horizon_s"": 0.6, ""horizon_samples"": 15, ""cc"": 0.6941264521162214, ""nrmse"": 0.7258421936713761, ""n_valid"": 1457, ""n_targets"": 1457}, {""horizon_s"": 0.8, ""horizon_samples"": 20, ""cc"": 0.6405068358444448, ""nrmse"": 0.7727184056759089, ""n_valid"": 1452, ""n_targets"": 1452}, {""horizon_s"": 1.0, ""horizon_samples"": 25, ""cc"": 0.5652132806774642, ""nrmse"": 0.8345265269226203, ""n_valid"": 1447, ""n_targets"": 1447}, {""horizon_s"": 1.2, ""horizon_samples"": 30, ""cc"": 0.4875967638895206, ""nrmse"": 0.8882447638101589, ""n_valid"": 1442, ""n_targets"": 1442}, {""horizon_s"": 1.6, ""horizon_samples"": 40, ""cc"": 0.342549394217522, ""nrmse"": 0.9705473883080806, ""n_valid"": 1432, ""n_targets"": 1432}, {""horizon_s"": 2.0, ""horizon_samples"": 50, ""cc"": 0.21834497899059147, ""nrmse"": 1.0234830692051977, ""n_valid"": 1422, ""n_targets"": 1422}, {""horizon_s"": 2.4, ""horizon_samples"": 60, ""cc"": 0.12965208642884887, ""nrmse"": 1.0618962689610958, ""n_valid"": 1412, ""n_targets"": 1412}, {""horizon_s"": 2.8, ""horizon_samples"": 70, ""cc"": 0.07822181268171904, ""nrmse"": 1.0742298666000358, ""n_valid"": 1402, ""n_targets"": 1402}, {""horizon_s"": 3.2, ""horizon_samples"": 80, ""cc"": 0.032670883251912114, ""nrmse"": 1.0869372473639045, ""n_valid"": 1392, ""n_targets"": 1392}, {""horizon_s"": 3.6, ""horizon_samples"": 90, ""cc"": 0.02690625434105371, ""nrmse"": 1.0890015976441643, ""n_valid"": 1382, ""n_targets"": 1382}, {""horizon_s"": 4.0, ""horizon_samples"": 100, ""cc"": 0.033512580894045206, ""nrmse"": 1.0870555488053497, ""n_valid"": 1372, ""n_targets"": 1372}]",25,28,0.02000007678678039,True,0.0,743.7171703289592,13,0.5200909999978194,1472,1412,True,ok,8,0.16,4,0.8,1.3,5.0,0.02,1.5317058290002024,,True,fbb7e556a1b5599ba9a187b1c551264b432f3bd036e5ac7e8e4511104ce3851a,f3e666639bd4a5b680d088a24f136a1364ef66e6ae65bd6f054381098de45271,T60_15_00018,False,e7ae9bf81f00378c99e7a4bc9398992e916a5a6841938e68cbb1a90f8f186e16
nan,15,sample_15.csv,T60,T60_15_00020,Awake,0,3,3,1157.769549,1217.979897,60,60.21034799999984,1500,24.99562576559584,28825,30325,28825,30325,T60/filtered_sessions/sample_15.csv,True,0,0.0,True,0.07200985704766556,True,0.17287674903405487,True,nan,0.5748449617322657,0.7295130264392233,0.7069635744109036,4.02046943231441,0.3554734366751452,2.0844238075137187,0.8095731338453515,0.9777986135063049,0.8001399999966452,1.2802239999946323,True,True,True,True,True,,,,,18,"[{""horizon_s"": 0.04, ""horizon_samples"": 1, ""cc"": 0.9449382728630195, ""nrmse"": 0.32753770342081806, ""n_valid"": 1471, ""n_targets"": 1471}, {""horizon_s"": 0.08, ""horizon_samples"": 2, ""cc"": 0.8905284368516033, ""nrmse"": 0.45474111512122983, ""n_valid"": 1470, ""n_targets"": 1470}, {""horizon_s"": 0.12, ""horizon_samples"": 3, ""cc"": 0.8993548376148748, ""nrmse"": 0.43712442337603447, ""n_valid"": 1469, ""n_targets"": 1469}, {""horizon_s"": 0.16, ""horizon_samples"": 4, ""cc"": 0.898780408289805, ""nrmse"": 0.43821314114190657, ""n_valid"": 1468, ""n_targets"": 1468}, {""horizon_s"": 0.2, ""horizon_samples"": 5, ""cc"": 0.8797104340602773, ""nrmse"": 0.4755260538365666, ""n_valid"": 1467, ""n_targets"": 1467}, {""horizon_s"": 0.28, ""horizon_samples"": 7, ""cc"": 0.8682174209111074, ""nrmse"": 0.4956436990433778, ""n_valid"": 1465, ""n_targets"": 1465}, {""horizon_s"": 0.4, ""horizon_samples"": 10, ""cc"": 0.8317034742926233, ""nrmse"": 0.5549987173138615, ""n_valid"": 1462, ""n_targets"": 1462}, {""horizon_s"": 0.6, ""horizon_samples"": 15, ""cc"": 0.7646427235784302, ""nrmse"": 0.6444657991474442, ""n_valid"": 1457, ""n_targets"": 1457}, {""horizon_s"": 0.8, ""horizon_samples"": 20, ""cc"": 0.7468088076899743, ""nrmse"": 0.6654087141099858, ""n_valid"": 1452, ""n_targets"": 1452}, {""horizon_s"": 1.0, ""horizon_samples"": 25, ""cc"": 0.6648988445296926, ""nrmse"": 0.7503560608165083, ""n_valid"": 1447, ""n_targets"": 1447}, {""horizon_s"": 1.2, ""horizon_samples"": 30, ""cc"": 0.6132877476497001, ""nrmse"": 0.7946023722591061, ""n_valid"": 1442, ""n_targets"": 1442}, {""horizon_s"": 1.6, ""horizon_samples"": 40, ""cc"": 0.4781463754135833, ""nrmse"": 0.8907981841266176, ""n_valid"": 1432, ""n_targets"": 1432}, {""horizon_s"": 2.0, ""horizon_samples"": 50, ""cc"": 0.3430222187607761, ""nrmse"": 0.9625205352825603, ""n_valid"": 1422, ""n_targets"": 1422}, {""horizon_s"": 2.4, ""horizon_samples"": 60, ""cc"": 0.25733146112639127, ""nrmse"": 0.9963785360661107, ""n_valid"": 1412, ""n_targets"": 1412}, {""horizon_s"": 2.8, ""horizon_samples"": 70, ""cc"": 0.11396981790473784, ""nrmse"": 1.0509454917087715, ""n_valid"": 1402, ""n_targets"": 1402}, {""horizon_s"": 3.2, ""horizon_samples"": 80, ""cc"": 0.07017020998383823, ""nrmse"": 1.0607016965169593, ""n_valid"": 1392, ""n_targets"": 1392}, {""horizon_s"": 3.6, ""horizon_samples"": 90, ""cc"": 0.04179813573478264, ""nrmse"": 1.0636728046358028, ""n_valid"": 1382, ""n_targets"": 1382}, {""horizon_s"": 4.0, ""horizon_samples"": 100, ""cc"": 0.03989968392556474, ""nrmse"": 1.0675994279823593, ""n_valid"": 1372, ""n_targets"": 1372}]",25,28,0.02000007678678039,True,0.0,598.7114758324526,13,0.5200909999978194,1472,1422,True,ok,8,0.16,4,0.8,1.3,5.0,0.02,1.6008567770004447,,True,e95b018ef2fa1a978387f19e8890c6ec6afd24e1f107cd8f17ab71cd85611c4b,2bdfe2eb42c3869006a9b6985aead5198a65f45c16c1e0e76c83171ccdbdd5c8,T60_15_00020,False,e7ae9bf81f00378c99e7a4bc9398992e916a5a6841938e68cbb1a90f8f186e16
nan,15,sample_15.csv,T60,T60_15_00017,Awake,0,3,3,977.0195518,1037.229893,60,60.2103411999999,1500,24.99562576559584,24325,25825,24325,25825,T60/filtered_sessions/sample_15.csv,True,0,0.0,True,0.2172395868828657,True,0.26113361910250366,True,nan,0.6610299578809274,0.7128991133074981,0.729327638335653,4.036387782204515,0.23127129625185966,2.0324757486292704,0.8191116333113905,0.9894036519804208,0.8001399999966452,1.2802239999946323,True,True,True,True,True,,,,,18,"[{""horizon_s"": 0.04, ""horizon_samples"": 1, ""cc"": 0.9453390533981932, ""nrmse"": 0.3268506422927325, ""n_valid"": 1471, ""n_targets"": 1471}, {""horizon_s"": 0.08, ""horizon_samples"": 2, ""cc"": 0.8874346950964342, ""nrmse"": 0.4624151732409725, ""n_valid"": 1470, ""n_targets"": 1470}, {""horizon_s"": 0.12, ""horizon_samples"": 3, ""cc"": 0.8733990922251363, ""nrmse"": 0.48855976945283985, ""n_valid"": 1469, ""n_targets"": 1469}, {""horizon_s"": 0.16, ""horizon_samples"": 4, ""cc"": 0.8608386664489425, ""nrmse"": 0.510770222364887, ""n_valid"": 1468, ""n_targets"": 1468}, {""horizon_s"": 0.2, ""horizon_samples"": 5, ""cc"": 0.84680371473013, ""nrmse"": 0.5348834418369759, ""n_valid"": 1467, ""n_targets"": 1467}, {""horizon_s"": 0.28, ""horizon_samples"": 7, ""cc"": 0.8341115237942552, ""nrmse"": 0.5551984218976327, ""n_valid"": 1465, ""n_targets"": 1465}, {""horizon_s"": 0.4, ""horizon_samples"": 10, ""cc"": 0.7953592386536374, ""nrmse"": 0.6129355571327859, ""n_valid"": 1462, ""n_targets"": 1462}, {""horizon_s"": 0.6, ""horizon_samples"": 15, ""cc"": 0.7436787922518792, ""nrmse"": 0.6768383180076354, ""n_valid"": 1457, ""n_targets"": 1457}, {""horizon_s"": 0.8, ""horizon_samples"": 20, ""cc"": 0.7092342453397362, ""nrmse"": 0.7121185027954847, ""n_valid"": 1452, ""n_targets"": 1452}, {""horizon_s"": 1.0, ""horizon_samples"": 25, ""cc"": 0.6682159548967282, ""nrmse"": 0.7520442120009095, ""n_valid"": 1447, ""n_targets"": 1447}, {""horizon_s"": 1.2, ""horizon_samples"": 30, ""cc"": 0.6490977627051787, ""nrmse"": 0.7709757799881696, ""n_valid"": 1442, ""n_targets"": 1442}, {""horizon_s"": 1.6, ""horizon_samples"": 40, ""cc"": 0.5453483724212316, ""nrmse"": 0.8561422317568916, ""n_valid"": 1432, ""n_targets"": 1432}, {""horizon_s"": 2.0, ""horizon_samples"": 50, ""cc"": 0.5179313684603791, ""nrmse"": 0.8750159887142226, ""n_valid"": 1422, ""n_targets"": 1422}, {""horizon_s"": 2.4, ""horizon_samples"": 60, ""cc"": 0.48486077868208716, ""nrmse"": 0.8917948865910054, ""n_valid"": 1412, ""n_targets"": 1412}, {""horizon_s"": 2.8, ""horizon_samples"": 70, ""cc"": 0.4457761103621986, ""nrmse"": 0.9188774686661091, ""n_valid"": 1402, ""n_targets"": 1402}, {""horizon_s"": 3.2, ""horizon_samples"": 80, ""cc"": 0.41200865767315265, ""nrmse"": 0.9387121453800746, ""n_valid"": 1392, ""n_targets"": 1392}, {""horizon_s"": 3.6, ""horizon_samples"": 90, ""cc"": 0.3776052500680084, ""nrmse"": 0.9535436153335332, ""n_valid"": 1382, ""n_targets"": 1382}, {""horizon_s"": 4.0, ""horizon_samples"": 100, ""cc"": 0.30149596464938594, ""nrmse"": 0.9945076620821032, ""n_valid"": 1372, ""n_targets"": 1372}]",25,28,0.02000007678678039,True,0.0,607.1867439783101,13,0.5200909999978194,1472,1419,True,ok,8,0.16,4,0.8,1.3,5.0,0.02,1.8831885210001928,,True,f549a209b352d25302e1622c3585d652a0ffdd86d3fdc13203feb33dffb32c67,15fabba14619ddb876201ef72aae17d984de1e215cbfdd866dd1c17966aac7d0,T60_15_00017,False,e7ae9bf81f00378c99e7a4bc9398992e916a5a6841938e68cbb1a90f8f186e16
nan,15,sample_15.csv,T60,T60_15_00023,Awake,0,3,3,1338.519895,1398.7203,60,60.200405000000046,1500,24.99562576559584,33325,34825,33325,34825,T60/filtered_sessions/sample_15.csv,True,0,0.0,True,0.3298114835252235,False,0.519983837858417,True,nan,0.5563945094240793,0.7568461744070016,0.6580121898545855,3.77401596476741,0.5188606805202285,2.2321668215133683,0.8470432483794011,0.9530198987371111,0.8001399999966452,1.2802239999946323,True,True,True,True,True,,,,,18,"[{""horizon_s"": 0.04, ""horizon_samples"": 1, ""cc"": 0.9416574383563324, ""nrmse"": 0.3367014103910891, ""n_valid"": 1471, ""n_targets"": 1471}, {""horizon_s"": 0.08, ""horizon_samples"": 2, ""cc"": 0.8787491904297995, ""nrmse"": 0.47757077190009967, ""n_valid"": 1470, ""n_targets"": 1470}, {""horizon_s"": 0.12, ""horizon_samples"": 3, ""cc"": 0.8784833841015648, ""nrmse"": 0.47925509685803996, ""n_valid"": 1469, ""n_targets"": 1469}, {""horizon_s"": 0.16, ""horizon_samples"": 4, ""cc"": 0.8773705788133727, ""nrmse"": 0.4810087976613161, ""n_valid"": 1468, ""n_targets"": 1468}, {""horizon_s"": 0.2, ""horizon_samples"": 5, ""cc"": 0.8611673531035852, ""nrmse"": 0.508061427988218, ""n_valid"": 1467, ""n_targets"": 1467}, {""horizon_s"": 0.28, ""horizon_samples"": 7, ""cc"": 0.825444719204238, ""nrmse"": 0.5639151817973921, ""n_valid"": 1465, ""n_targets"": 1465}, {""horizon_s"": 0.4, ""horizon_samples"": 10, ""cc"": 0.7785475559514848, ""nrmse"": 0.6271333533187035, ""n_valid"": 1462, ""n_targets"": 1462}, {""horizon_s"": 0.6, ""horizon_samples"": 15, ""cc"": 0.6924084770690507, ""nrmse"": 0.7205225282729576, ""n_valid"": 1457, ""n_targets"": 1457}, {""horizon_s"": 0.8, ""horizon_samples"": 20, ""cc"": 0.6686551416319723, ""nrmse"": 0.7440540559977357, ""n_valid"": 1452, ""n_targets"": 1452}, {""horizon_s"": 1.0, ""horizon_samples"": 25, ""cc"": 0.6073150703694046, ""nrmse"": 0.7967814516452612, ""n_valid"": 1447, ""n_targets"": 1447}, {""horizon_s"": 1.2, ""horizon_samples"": 30, ""cc"": 0.5439952240793979, ""nrmse"": 0.8416360567403676, ""n_valid"": 1442, ""n_targets"": 1442}, {""horizon_s"": 1.6, ""horizon_samples"": 40, ""cc"": 0.4119031509934855, ""nrmse"": 0.9247880563421901, ""n_valid"": 1432, ""n_targets"": 1432}, {""horizon_s"": 2.0, ""horizon_samples"": 50, ""cc"": 0.3064846831498332, ""nrmse"": 0.968530133890668, ""n_valid"": 1422, ""n_targets"": 1422}, {""horizon_s"": 2.4, ""horizon_samples"": 60, ""cc"": 0.1816258595282367, ""nrmse"": 1.0208639744502925, ""n_valid"": 1412, ""n_targets"": 1412}, {""horizon_s"": 2.8, ""horizon_samples"": 70, ""cc"": 0.1430628530661656, ""nrmse"": 1.0309379199539328, ""n_valid"": 1402, ""n_targets"": 1402}, {""horizon_s"": 3.2, ""horizon_samples"": 80, ""cc"": 0.13766089047953056, ""nrmse"": 1.0365744537158232, ""n_valid"": 1392, ""n_targets"": 1392}, {""horizon_s"": 3.6, ""horizon_samples"": 90, ""cc"": 0.16223287970906242, ""nrmse"": 1.020716913400389, ""n_valid"": 1382, ""n_targets"": 1382}, {""horizon_s"": 4.0, ""horizon_samples"": 100, ""cc"": 0.11833671959690951, ""nrmse"": 1.0441795550015556, ""n_valid"": 1372, ""n_targets"": 1372}]",25,28,0.02000007678678039,True,0.0,804.589749766563,13,0.5200909999978194,1472,1419,True,ok,8,0.16,4,0.8,1.3,5.0,0.02,1.3678256780003721,,True,7752749f377a2883f7060f2290ceb9f70694a8cf8b2963bdd35da9254d9e0777,01afe30caa9447579f8326a7e2a5622bf5d8db515d6b0001ae43de5f0ed621c0,T60_15_00023,False,e7ae9bf81f00378c99e7a4bc9398992e916a5a6841938e68cbb1a90f8f186e16
nan,15,sample_15.csv,T60,T60_15_00024,Awake,0,3,3,1398.760036,1458.96937,60,60.209334000000126,1500,24.99562576559584,34825,36325,34825,36325,T60/filtered_sessions/sample_15.csv,True,0,0.0,True,0.4583614361339821,True,0.37055721516896634,True,nan,0.6426397236988484,0.7049529614731339,0.7144502567548111,4.0387954422137815,0.5066468301578922,2.3002505719577298,0.7174669335048706,0.9768989995103001,0.8001399999966452,1.2802239999946323,True,True,True,True,True,,,,,18,"[{""horizon_s"": 0.04, ""horizon_samples"": 1, ""cc"": 0.9470046897633517, ""nrmse"": 0.32336754043882326, ""n_valid"": 1471, ""n_targets"": 1471}, {""horizon_s"": 0.08, ""horizon_samples"": 2, ""cc"": 0.901267313381895, ""nrmse"": 0.43532203338002523, ""n_valid"": 1470, ""n_targets"": 1470}, {""horizon_s"": 0.12, ""horizon_samples"": 3, ""cc"": 0.906948977069686, ""nrmse"": 0.42340017581731954, ""n_valid"": 1469, ""n_targets"": 1469}, {""horizon_s"": 0.16, ""horizon_samples"": 4, ""cc"": 0.9034179571467825, ""nrmse"": 0.43089641933311484, ""n_valid"": 1468, ""n_targets"": 1468}, {""horizon_s"": 0.2, ""horizon_samples"": 5, ""cc"": 0.8951234970791686, ""nrmse"": 0.4475416259680519, ""n_valid"": 1467, ""n_targets"": 1467}, {""horizon_s"": 0.28, ""horizon_samples"": 7, ""cc"": 0.8742323466116092, ""nrmse"": 0.4876478294982983, ""n_valid"": 1465, ""n_targets"": 1465}, {""horizon_s"": 0.4, ""horizon_samples"": 10, ""cc"": 0.8451481353159788, ""nrmse"": 0.5390769895353401, ""n_valid"": 1462, ""n_targets"": 1462}, {""horizon_s"": 0.6, ""horizon_samples"": 15, ""cc"": 0.8025197096700778, ""nrmse"": 0.6007336969477814, ""n_valid"": 1457, ""n_targets"": 1457}, {""horizon_s"": 0.8, ""horizon_samples"": 20, ""cc"": 0.7686505829808356, ""nrmse"": 0.6454859871573118, ""n_valid"": 1452, ""n_targets"": 1452}, {""horizon_s"": 1.0, ""horizon_samples"": 25, ""cc"": 0.7022946008914953, ""nrmse"": 0.7211142027941403, ""n_valid"": 1447, ""n_targets"": 1447}, {""horizon_s"": 1.2, ""horizon_samples"": 30, ""cc"": 0.6616581943130232, ""nrmse"": 0.763353711314424, ""n_valid"": 1442, ""n_targets"": 1442}, {""horizon_s"": 1.6, ""horizon_samples"": 40, ""cc"": 0.5733658809828941, ""nrmse"": 0.8414419744065541, ""n_valid"": 1432, ""n_targets"": 1432}, {""horizon_s"": 2.0, ""horizon_samples"": 50, ""cc"": 0.45410461916503, ""nrmse"": 0.9242009985807594, ""n_valid"": 1422, ""n_targets"": 1422}, {""horizon_s"": 2.4, ""horizon_samples"": 60, ""cc"": 0.3979323966173441, ""nrmse"": 0.956406584305473, ""n_valid"": 1412, ""n_targets"": 1412}, {""horizon_s"": 2.8, ""horizon_samples"": 70, ""cc"": 0.34574811081707385, ""nrmse"": 0.9865469022387409, ""n_valid"": 1402, ""n_targets"": 1402}, {""horizon_s"": 3.2, ""horizon_samples"": 80, ""cc"": 0.2510035777376576, ""nrmse"": 1.0309014503728517, ""n_valid"": 1392, ""n_targets"": 1392}, {""horizon_s"": 3.6, ""horizon_samples"": 90, ""cc"": 0.18897427886426998, ""nrmse"": 1.059102962375577, ""n_valid"": 1382, ""n_targets"": 1382}, {""horizon_s"": 4.0, ""horizon_samples"": 100, ""cc"": 0.14812015817109622, ""nrmse"": 1.0726122220518226, ""n_valid"": 1372, ""n_targets"": 1372}]",25,28,0.02000007678678039,True,0.0,488.6231620058711,12,0.4800839999979871,1472,1422,True,ok,8,0.16,4,0.8,1.3,5.0,0.02,1.3558914969999023,,True,8773a222d009208a97e687b7c4416e88548c984aa061fd4b1da30864979e0bb0,c490f4827467e6b46c4b73a3b29327d9ed30f30965a86b891ce3afd35740629c,T60_15_00024,False,e7ae9bf81f00378c99e7a4bc9398992e916a5a6841938e68cbb1a90f8f186e16
nan,15,sample_15.csv,T60,T60_15_00021,Awake,0,3,3,1218.019466,1278.220401,60,60.20093500000007,1500,24.99562576559584,30325,31825,30325,31825,T60/filtered_sessions/sample_15.csv,True,0,0.0,True,0.050964089208538225,False,0.9396529091594898,True,nan,0.699915498950207,0.6545977352307489,0.7449728847722801,4.064676616915423,0.26186591159955847,2.031837646620741,0.8385578479842997,0.9563009364697607,0.8001399999966452,1.2802239999946323,True,True,True,True,True,,,,,18,"[{""horizon_s"": 0.04, ""horizon_samples"": 1, ""cc"": 0.9498315454880527, ""nrmse"": 0.3127099535585271, ""n_valid"": 1471, ""n_targets"": 1471}, {""horizon_s"": 0.08, ""horizon_samples"": 2, ""cc"": 0.9124957830768926, ""nrmse"": 0.4090545973540872, ""n_valid"": 1470, ""n_targets"": 1470}, {""horizon_s"": 0.12, ""horizon_samples"": 3, ""cc"": 0.9241779800090406, ""nrmse"": 0.3822050793848502, ""n_valid"": 1469, ""n_targets"": 1469}, {""horizon_s"": 0.16, ""horizon_samples"": 4, ""cc"": 0.9226790793802286, ""nrmse"": 0.38579903274708693, ""n_valid"": 1468, ""n_targets"": 1468}, {""horizon_s"": 0.2, ""horizon_samples"": 5, ""cc"": 0.9106474571313611, ""nrmse"": 0.4134282416145088, ""n_valid"": 1467, ""n_targets"": 1467}, {""horizon_s"": 0.28, ""horizon_samples"": 7, ""cc"": 0.905556484042162, ""nrmse"": 0.42479042811650314, ""n_valid"": 1465, ""n_targets"": 1465}, {""horizon_s"": 0.4, ""horizon_samples"": 10, ""cc"": 0.8559780704077987, ""nrmse"": 0.5189304920423959, ""n_valid"": 1462, ""n_targets"": 1462}, {""horizon_s"": 0.6, ""horizon_samples"": 15, ""cc"": 0.8349224786073106, ""nrmse"": 0.5502826176748521, ""n_valid"": 1457, ""n_targets"": 1457}, {""horizon_s"": 0.8, ""horizon_samples"": 20, ""cc"": 0.8023005874415308, ""nrmse"": 0.597208250880881, ""n_valid"": 1452, ""n_targets"": 1452}, {""horizon_s"": 1.0, ""horizon_samples"": 25, ""cc"": 0.7407300684316531, ""nrmse"": 0.6752834770543312, ""n_valid"": 1447, ""n_targets"": 1447}, {""horizon_s"": 1.2, ""horizon_samples"": 30, ""cc"": 0.6924488508504489, ""nrmse"": 0.7276072801204118, ""n_valid"": 1442, ""n_targets"": 1442}, {""horizon_s"": 1.6, ""horizon_samples"": 40, ""cc"": 0.6215339499545435, ""nrmse"": 0.7926283835540087, ""n_valid"": 1432, ""n_targets"": 1432}, {""horizon_s"": 2.0, ""horizon_samples"": 50, ""cc"": 0.5453437732609636, ""nrmse"": 0.8545935649607869, ""n_valid"": 1422, ""n_targets"": 1422}, {""horizon_s"": 2.4, ""horizon_samples"": 60, ""cc"": 0.48802383632558644, ""nrmse"": 0.8933971292425197, ""n_valid"": 1412, ""n_targets"": 1412}, {""horizon_s"": 2.8, ""horizon_samples"": 70, ""cc"": 0.47213963494422817, ""nrmse"": 0.903017652671848, ""n_valid"": 1402, ""n_targets"": 1402}, {""horizon_s"": 3.2, ""horizon_samples"": 80, ""cc"": 0.3657019402522292, ""nrmse"": 0.9682372272044508, ""n_valid"": 1392, ""n_targets"": 1392}, {""horizon_s"": 3.6, ""horizon_samples"": 90, ""cc"": 0.3441615629069244, ""nrmse"": 0.9757459445905792, ""n_valid"": 1382, ""n_targets"": 1382}, {""horizon_s"": 4.0, ""horizon_samples"": 100, ""cc"": 0.3098058985927706, ""nrmse"": 0.9978398813808509, ""n_valid"": 1372, ""n_targets"": 1372}]",25,28,0.02000007678678039,True,0.0,434.4935618523443,12,0.4800839999979871,1472,1395,True,ok,8,0.16,4,0.8,1.3,5.0,0.02,1.8661381929996423,,True,511097dc6a263d8413b8b398aa876f2a17c158cee7bd80609ecce5e88dd63a8a,4938d43fefdfd9b7481e536b00d954d05daf719981f0367c1dd3e3ca0d9ea556,T60_15_00021,False,e7ae9bf81f00378c99e7a4bc9398992e916a5a6841938e68cbb1a90f8f186e16
nan,15,sample_15.csv,T60,T60_15_00026,Awake,0,5,5,1524.799868,1584.999549,60,60.19968099999983,1500,24.99562576559584,37963,39463,37963,39463,T60/filtered_sessions/sample_15.csv,True,0,0.0,True,0.18018945541936415,True,0.16136329966405877,True,nan,0.7519530662127976,0.5956694215972443,0.6774007774631665,3.719367588932806,0.23206315688438836,2.0168925964546403,0.7141485703975607,0.9184494766442696,0.8001399999966452,1.2802239999946323,True,False,True,True,True,,,,,18,"[{""horizon_s"": 0.04, ""horizon_samples"": 1, ""cc"": 0.961860352835471, ""nrmse"": 0.27396095077223226, ""n_valid"": 1471, ""n_targets"": 1471}, {""horizon_s"": 0.08, ""horizon_samples"": 2, ""cc"": 0.9306198776426242, ""nrmse"": 0.36675499879484175, ""n_valid"": 1470, ""n_targets"": 1470}, {""horizon_s"": 0.12, ""horizon_samples"": 3, ""cc"": 0.942488366076424, ""nrmse"": 0.33500993064077494, ""n_valid"": 1469, ""n_targets"": 1469}, {""horizon_s"": 0.16, ""horizon_samples"": 4, ""cc"": 0.9445666530629822, ""nrmse"": 0.3287990043526379, ""n_valid"": 1468, ""n_targets"": 1468}, {""horizon_s"": 0.2, ""horizon_samples"": 5, ""cc"": 0.9338191209815877, ""nrmse"": 0.35790838934300795, ""n_valid"": 1467, ""n_targets"": 1467}, {""horizon_s"": 0.28, ""horizon_samples"": 7, ""cc"": 0.9232667397270115, ""nrmse"": 0.3841403991769072, ""n_valid"": 1465, ""n_targets"": 1465}, {""horizon_s"": 0.4, ""horizon_samples"": 10, ""cc"": 0.8970793504578268, ""nrmse"": 0.4413703916976189, ""n_valid"": 1462, ""n_targets"": 1462}, {""horizon_s"": 0.6, ""horizon_samples"": 15, ""cc"": 0.8562516933769695, ""nrmse"": 0.5164748936990216, ""n_valid"": 1457, ""n_targets"": 1457}, {""horizon_s"": 0.8, ""horizon_samples"": 20, ""cc"": 0.8324820218500393, ""nrmse"": 0.5548476578667306, ""n_valid"": 1452, ""n_targets"": 1452}, {""horizon_s"": 1.0, ""horizon_samples"": 25, ""cc"": 0.8049258032082385, ""nrmse"": 0.5939000204780177, ""n_valid"": 1447, ""n_targets"": 1447}, {""horizon_s"": 1.2, ""horizon_samples"": 30, ""cc"": 0.7893000380519815, ""nrmse"": 0.6143113913991343, ""n_valid"": 1442, ""n_targets"": 1442}, {""horizon_s"": 1.6, ""horizon_samples"": 40, ""cc"": 0.7017550801116413, ""nrmse"": 0.7162425148449995, ""n_valid"": 1432, ""n_targets"": 1432}, {""horizon_s"": 2.0, ""horizon_samples"": 50, ""cc"": 0.6530754430126847, ""nrmse"": 0.7600573877552373, ""n_valid"": 1422, ""n_targets"": 1422}, {""horizon_s"": 2.4, ""horizon_samples"": 60, ""cc"": 0.583857616420626, ""nrmse"": 0.8253419682238001, ""n_valid"": 1412, ""n_targets"": 1412}, {""horizon_s"": 2.8, ""horizon_samples"": 70, ""cc"": 0.49842859639320974, ""nrmse"": 0.8806056392864042, ""n_valid"": 1402, ""n_targets"": 1402}, {""horizon_s"": 3.2, ""horizon_samples"": 80, ""cc"": 0.4768299386128979, ""nrmse"": 0.897804011118681, ""n_valid"": 1392, ""n_targets"": 1392}, {""horizon_s"": 3.6, ""horizon_samples"": 90, ""cc"": 0.43274750653261196, ""nrmse"": 0.921606165359939, ""n_valid"": 1382, ""n_targets"": 1382}, {""horizon_s"": 4.0, ""horizon_samples"": 100, ""cc"": 0.3718009934755272, ""nrmse"": 0.9529138739404106, ""n_valid"": 1372, ""n_targets"": 1372}]",25,28,0.02000007678678039,True,0.0,498.3946962608626,12,0.4800839999979871,1472,1395,True,ok,8,0.16,4,0.8,1.3,5.0,0.02,1.3222035329999926,,True,18c18d7f5675a37c4d804cadc22a95f9cb533f8c234e883c303abc6f38e3fef8,9ec02719390047105c1af6ea20b8e352f9e4d1c31195582dfc98ee1d7f1aa1bc,T60_15_00026,False,e7ae9bf81f00378c99e7a4bc9398992e916a5a6841938e68cbb1a90f8f186e16
nan,15,sample_15.csv,T60,T60_15_00027,Awake,0,5,5,1585.04022,1645.239525,60,60.19930499999987,1500,24.99562576559584,39463,40963,39463,40963,T60/filtered_sessions/sample_15.csv,True,0,0.0,True,0.37550239746084113,True,0.14854116562267822,True,nan,0.6427838227201046,0.6706015977951792,0.71910543744301,3.8728353579736368,0.307001967653693,2.078973025674358,0.8100793093046145,0.9823269360301611,0.8001399999966452,1.2802239999946323,True,True,True,True,True,,,,,18,"[{""horizon_s"": 0.04, ""horizon_samples"": 1, ""cc"": 0.9619997096552673, ""nrmse"": 0.27262291006743045, ""n_valid"": 1471, ""n_targets"": 1471}, {""horizon_s"": 0.08, ""horizon_samples"": 2, ""cc"": 0.9292821723527258, ""nrmse"": 0.36889888277233, ""n_valid"": 1470, ""n_targets"": 1470}, {""horizon_s"": 0.12, ""horizon_samples"": 3, ""cc"": 0.9333063853789488, ""nrmse"": 0.35864029271723286, ""n_valid"": 1469, ""n_targets"": 1469}, {""horizon_s"": 0.16, ""horizon_samples"": 4, ""cc"": 0.9233854076860321, ""nrmse"": 0.3830494452664262, ""n_valid"": 1468, ""n_targets"": 1468}, {""horizon_s"": 0.2, ""horizon_samples"": 5, ""cc"": 0.9163896397713964, ""nrmse"": 0.39960871190597885, ""n_valid"": 1467, ""n_targets"": 1467}, {""horizon_s"": 0.28, ""horizon_samples"": 7, ""cc"": 0.9158839118251254, ""nrmse"": 0.4008016654135517, ""n_valid"": 1465, ""n_targets"": 1465}, {""horizon_s"": 0.4, ""horizon_samples"": 10, ""cc"": 0.8847340193883841, ""nrmse"": 0.4663086659624157, ""n_valid"": 1462, ""n_targets"": 1462}, {""horizon_s"": 0.6, ""horizon_samples"": 15, ""cc"": 0.849395764071793, ""nrmse"": 0.5271214721433372, ""n_valid"": 1457, ""n_targets"": 1457}, {""horizon_s"": 0.8, ""horizon_samples"": 20, ""cc"": 0.7896538634157791, ""nrmse"": 0.6134198870276757, ""n_valid"": 1452, ""n_targets"": 1452}, {""horizon_s"": 1.0, ""horizon_samples"": 25, ""cc"": 0.7339208959944244, ""nrmse"": 0.680686649813072, ""n_valid"": 1447, ""n_targets"": 1447}, {""horizon_s"": 1.2, ""horizon_samples"": 30, ""cc"": 0.6842605853994761, ""nrmse"": 0.7326977381196021, ""n_valid"": 1442, ""n_targets"": 1442}, {""horizon_s"": 1.6, ""horizon_samples"": 40, ""cc"": 0.5340703218043837, ""nrmse"": 0.8553133707030353, ""n_valid"": 1432, ""n_targets"": 1432}, {""horizon_s"": 2.0, ""horizon_samples"": 50, ""cc"": 0.4387027851496423, ""nrmse"": 0.9177401719110032, ""n_valid"": 1422, ""n_targets"": 1422}, {""horizon_s"": 2.4, ""horizon_samples"": 60, ""cc"": 0.3439261363446037, ""nrmse"": 0.9667269769682805, ""n_valid"": 1412, ""n_targets"": 1412}, {""horizon_s"": 2.8, ""horizon_samples"": 70, ""cc"": 0.23266624570479968, ""nrmse"": 1.0174969876438062, ""n_valid"": 1402, ""n_targets"": 1402}, {""horizon_s"": 3.2, ""horizon_samples"": 80, ""cc"": 0.18528032197217664, ""nrmse"": 1.0317414213599183, ""n_valid"": 1392, ""n_targets"": 1392}, {""horizon_s"": 3.6, ""horizon_samples"": 90, ""cc"": 0.17623418016174622, ""nrmse"": 1.0325650446584522, ""n_valid"": 1382, ""n_targets"": 1382}, {""horizon_s"": 4.0, ""horizon_samples"": 100, ""cc"": 0.13701646288517855, ""nrmse"": 1.0453884658596762, ""n_valid"": 1372, ""n_targets"": 1372}]",25,28,0.02000007678678039,True,0.0,510.6976252809228,12,0.4800839999979871,1472,1418,True,ok,8,0.16,4,0.8,1.3,5.0,0.02,1.3087705380003172,,True,1b12174e0d5691302d0d6632d4955f9248e0844947cce9e15f68598875c6109e,f6658bd2b1a49d8b8deb91addd0d110b51f81cd1c5ebc34aff5c2dd672dde8ea,T60_15_00027,False,e7ae9bf81f00378c99e7a4bc9398992e916a5a6841938e68cbb1a90f8f186e16
nan,15,sample_15.csv,T60,T60_15_00025,Awake,0,5,5,1464.63276,1524.759392,60,60.12663199999997,1500,24.99562576559584,36463,37963,36463,37963,T60/filtered_sessions/sample_15.csv,True,0,0.0,True,0.4062047497720098,True,0.3404994007295713,True,nan,0.7182534688186323,0.6032929365031001,0.747996352641935,4.254982254982255,0.18747900369534962,2.0069355253018237,0.7387630693892533,0.9523735625986686,0.8001399999966452,1.2802239999946323,True,True,True,True,True,,,,,18,"[{""horizon_s"": 0.04, ""horizon_samples"": 1, ""cc"": 0.9724155467442723, ""nrmse"": 0.23504620662587972, ""n_valid"": 1471, ""n_targets"": 1471}, {""horizon_s"": 0.08, ""horizon_samples"": 2, ""cc"": 0.9511810073679037, ""nrmse"": 0.31084219093144455, ""n_valid"": 1470, ""n_targets"": 1470}, {""horizon_s"": 0.12, ""horizon_samples"": 3, ""cc"": 0.9539228356953418, ""nrmse"": 0.3021705756639599, ""n_valid"": 1469, ""n_targets"": 1469}, {""horizon_s"": 0.16, ""horizon_samples"": 4, ""cc"": 0.9453298594181544, ""nrmse"": 0.3276447194116477, ""n_valid"": 1468, ""n_targets"": 1468}, {""horizon_s"": 0.2, ""horizon_samples"": 5, ""cc"": 0.9410467316044558, ""nrmse"": 0.3396322271779147, ""n_valid"": 1467, ""n_targets"": 1467}, {""horizon_s"": 0.28, ""horizon_samples"": 7, ""cc"": 0.9421686624448552, ""nrmse"": 0.3370016890784267, ""n_valid"": 1465, ""n_targets"": 1465}, {""horizon_s"": 0.4, ""horizon_samples"": 10, ""cc"": 0.9170509563364819, ""nrmse"": 0.399855254029055, ""n_valid"": 1462, ""n_targets"": 1462}, {""horizon_s"": 0.6, ""horizon_samples"": 15, ""cc"": 0.8996313980214025, ""nrmse"": 0.4384342604744474, ""n_valid"": 1457, ""n_targets"": 1457}, {""horizon_s"": 0.8, ""horizon_samples"": 20, ""cc"": 0.8558046656602529, ""nrmse"": 0.5197356881946308, ""n_valid"": 1452, ""n_targets"": 1452}, {""horizon_s"": 1.0, ""horizon_samples"": 25, ""cc"": 0.8221751231793336, ""nrmse"": 0.5720806973226258, ""n_valid"": 1447, ""n_targets"": 1447}, {""horizon_s"": 1.2, ""horizon_samples"": 30, ""cc"": 0.7785043159776502, ""nrmse"": 0.6314929197470801, ""n_valid"": 1442, ""n_targets"": 1442}, {""horizon_s"": 1.6, ""horizon_samples"": 40, ""cc"": 0.6804263143903968, ""nrmse"": 0.7396260223680103, ""n_valid"": 1432, ""n_targets"": 1432}, {""horizon_s"": 2.0, ""horizon_samples"": 50, ""cc"": 0.6186844302911007, ""nrmse"": 0.798223963744467, ""n_valid"": 1422, ""n_targets"": 1422}, {""horizon_s"": 2.4, ""horizon_samples"": 60, ""cc"": 0.5128788832957222, ""nrmse"": 0.8779082658009038, ""n_valid"": 1412, ""n_targets"": 1412}, {""horizon_s"": 2.8, ""horizon_samples"": 70, ""cc"": 0.42012898807480126, ""nrmse"": 0.9381655160458555, ""n_valid"": 1402, ""n_targets"": 1402}, {""horizon_s"": 3.2, ""horizon_samples"": 80, ""cc"": 0.3203137298007302, ""nrmse"": 0.9910253368594842, ""n_valid"": 1392, ""n_targets"": 1392}, {""horizon_s"": 3.6, ""horizon_samples"": 90, ""cc"": 0.24505133317630118, ""nrmse"": 1.0286267949768053, ""n_valid"": 1382, ""n_targets"": 1382}, {""horizon_s"": 4.0, ""horizon_samples"": 100, ""cc"": 0.15184765725622562, ""nrmse"": 1.0717605286031635, ""n_valid"": 1372, ""n_targets"": 1372}]",25,28,0.02000007678678039,True,0.0,457.31965796192213,12,0.4800839999979871,1472,1388,True,ok,8,0.16,4,0.8,1.3,5.0,0.02,2.4523164950005594,,True,b89a9e9cb23a34ff65509ef2cdac0bc612e4bd42333aca7c6241f2db58c13c7e,d549249266361b921d2a718f28945c582f62fef2430ea97b62870ace22bff04b,T60_15_00025,False,e7ae9bf81f00378c99e7a4bc9398992e916a5a6841938e68cbb1a90f8f186e16
nan,15,sample_15.csv,T60,T60_15_00028,Awake,0,10,8,2216.100317,2276.309662,60,60.20934500000021,1500,24.99562576559584,43639,45139,55176,56676,T60/filtered_sessions/sample_15.csv,True,0,0.0,True,0.1899844314315494,True,0.36936676213011693,True,nan,0.6360393314885547,0.6833550427084343,0.7112348226712099,3.981730252552391,0.31160915678840523,2.0460059870805103,0.7681072772997878,0.9530558858954661,0.8001399999966452,1.2802239999946323,True,True,True,True,True,,,,,18,"[{""horizon_s"": 0.04, ""horizon_samples"": 1, ""cc"": 0.951809428332878, ""nrmse"": 0.30920204433828213, ""n_valid"": 1471, ""n_targets"": 1471}, {""horizon_s"": 0.08, ""horizon_samples"": 2, ""cc"": 0.9178164131897851, ""nrmse"": 0.3997744285473018, ""n_valid"": 1470, ""n_targets"": 1470}, {""horizon_s"": 0.12, ""horizon_samples"": 3, ""cc"": 0.9307868340875026, ""nrmse"": 0.3686147019729863, ""n_valid"": 1469, ""n_targets"": 1469}, {""horizon_s"": 0.16, ""horizon_samples"": 4, ""cc"": 0.9281264207164684, ""nrmse"": 0.37414187526352044, ""n_valid"": 1468, ""n_targets"": 1468}, {""horizon_s"": 0.2, ""horizon_samples"": 5, ""cc"": 0.9108163161497639, ""nrmse"": 0.4134940498150819, ""n_valid"": 1467, ""n_targets"": 1467}, {""horizon_s"": 0.28, ""horizon_samples"": 7, ""cc"": 0.9035341298794021, ""nrmse"": 0.4308270725165886, ""n_valid"": 1465, ""n_targets"": 1465}, {""horizon_s"": 0.4, ""horizon_samples"": 10, ""cc"": 0.8624799858151372, ""nrmse"": 0.5058706920443717, ""n_valid"": 1462, ""n_targets"": 1462}, {""horizon_s"": 0.6, ""horizon_samples"": 15, ""cc"": 0.8258403224458065, ""nrmse"": 0.5643986426195553, ""n_valid"": 1457, ""n_targets"": 1457}, {""horizon_s"": 0.8, ""horizon_samples"": 20, ""cc"": 0.7901114246646831, ""nrmse"": 0.6135388567005485, ""n_valid"": 1452, ""n_targets"": 1452}, {""horizon_s"": 1.0, ""horizon_samples"": 25, ""cc"": 0.7056595446062418, ""nrmse"": 0.7095728947354595, ""n_valid"": 1447, ""n_targets"": 1447}, {""horizon_s"": 1.2, ""horizon_samples"": 30, ""cc"": 0.6593916819505865, ""nrmse"": 0.7530444593985496, ""n_valid"": 1442, ""n_targets"": 1442}, {""horizon_s"": 1.6, ""horizon_samples"": 40, ""cc"": 0.5606457983837592, ""nrmse"": 0.8353653469226128, ""n_valid"": 1432, ""n_targets"": 1432}, {""horizon_s"": 2.0, ""horizon_samples"": 50, ""cc"": 0.4486903769192668, ""nrmse"": 0.907617305895339, ""n_valid"": 1422, ""n_targets"": 1422}, {""horizon_s"": 2.4, ""horizon_samples"": 60, ""cc"": 0.3433127274125994, ""nrmse"": 0.9676361070723872, ""n_valid"": 1412, ""n_targets"": 1412}, {""horizon_s"": 2.8, ""horizon_samples"": 70, ""cc"": 0.2603309354105453, ""nrmse"": 1.0039526027027459, ""n_valid"": 1402, ""n_targets"": 1402}, {""horizon_s"": 3.2, ""horizon_samples"": 80, ""cc"": 0.18594876917496989, ""nrmse"": 1.0343820947368618, ""n_valid"": 1392, ""n_targets"": 1392}, {""horizon_s"": 3.6, ""horizon_samples"": 90, ""cc"": 0.13210470092583104, ""nrmse"": 1.0551639359962734, ""n_valid"": 1382, ""n_targets"": 1382}, {""horizon_s"": 4.0, ""horizon_samples"": 100, ""cc"": 0.1313021567287597, ""nrmse"": 1.0537936574733509, ""n_valid"": 1372, ""n_targets"": 1372}]",25,28,0.02000007678678039,True,0.0,505.6868736234744,12,0.4800839999979871,1472,1416,True,ok,8,0.16,4,0.8,1.3,5.0,0.02,1.5257834069998353,,True,74433dc87223ad1f515fc821e81e2f5af846e45095119b01654b54278da0826b,8e5650d1c77753d5b2ae69db308f5479e19ec99d530fe5c4fb7df9f57c664e7a,T60_15_00028,False,e7ae9bf81f00378c99e7a4bc9398992e916a5a6841938e68cbb1a90f8f186e16
nan,15,sample_15.csv,T60,T60_15_00022,Awake,0,3,3,1278.269364,1338.470225,60,60.20086100000003,1500,24.99562576559584,31825,33325,31825,33325,T60/filtered_sessions/sample_15.csv,True,0,0.0,True,0.23016042583351057,True,0.4652975027557663,True,nan,0.6618924947143108,0.6942523486324849,0.757978595767145,4.135637601466352,0.20113260066228345,2.025126842232423,0.7723119621731476,0.9673134657385548,0.8001399999966452,1.2802239999946323,True,True,True,True,True,,,,,18,"[{""horizon_s"": 0.04, ""horizon_samples"": 1, ""cc"": 0.9370295743281658, ""nrmse"": 0.35114944245320595, ""n_valid"": 1471, ""n_targets"": 1471}, {""horizon_s"": 0.08, ""horizon_samples"": 2, ""cc"": 0.8918470237321098, ""nrmse"": 0.45339918469079765, ""n_valid"": 1470, ""n_targets"": 1470}, {""horizon_s"": 0.12, ""horizon_samples"": 3, ""cc"": 0.8875248158035137, ""nrmse"": 0.4618307957825526, ""n_valid"": 1469, ""n_targets"": 1469}, {""horizon_s"": 0.16, ""horizon_samples"": 4, ""cc"": 0.8844892036591282, ""nrmse"": 0.4677991432059886, ""n_valid"": 1468, ""n_targets"": 1468}, {""horizon_s"": 0.2, ""horizon_samples"": 5, ""cc"": 0.876659536712303, ""nrmse"": 0.4824929661798869, ""n_valid"": 1467, ""n_targets"": 1467}, {""horizon_s"": 0.28, ""horizon_samples"": 7, ""cc"": 0.8714651392400348, ""nrmse"": 0.4921583774029011, ""n_valid"": 1465, ""n_targets"": 1465}, {""horizon_s"": 0.4, ""horizon_samples"": 10, ""cc"": 0.8522181948694806, ""nrmse"": 0.5259343614496474, ""n_valid"": 1462, ""n_targets"": 1462}, {""horizon_s"": 0.6, ""horizon_samples"": 15, ""cc"": 0.8110933420948367, ""nrmse"": 0.5874392706193633, ""n_valid"": 1457, ""n_targets"": 1457}, {""horizon_s"": 0.8, ""horizon_samples"": 20, ""cc"": 0.7634406766693546, ""nrmse"": 0.6493988548995069, ""n_valid"": 1452, ""n_targets"": 1452}, {""horizon_s"": 1.0, ""horizon_samples"": 25, ""cc"": 0.722100596044731, ""nrmse"": 0.6986424933336549, ""n_valid"": 1447, ""n_targets"": 1447}, {""horizon_s"": 1.2, ""horizon_samples"": 30, ""cc"": 0.6799308508043614, ""nrmse"": 0.7417088304505856, ""n_valid"": 1442, ""n_targets"": 1442}, {""horizon_s"": 1.6, ""horizon_samples"": 40, ""cc"": 0.5936562135540293, ""nrmse"": 0.8186560481928071, ""n_valid"": 1432, ""n_targets"": 1432}, {""horizon_s"": 2.0, ""horizon_samples"": 50, ""cc"": 0.5326913680891914, ""nrmse"": 0.8652734849328388, ""n_valid"": 1422, ""n_targets"": 1422}, {""horizon_s"": 2.4, ""horizon_samples"": 60, ""cc"": 0.4574643909239583, ""nrmse"": 0.9139464771972142, ""n_valid"": 1412, ""n_targets"": 1412}, {""horizon_s"": 2.8, ""horizon_samples"": 70, ""cc"": 0.40303998882239833, ""nrmse"": 0.9460135028943146, ""n_valid"": 1402, ""n_targets"": 1402}, {""horizon_s"": 3.2, ""horizon_samples"": 80, ""cc"": 0.3406309159085309, ""nrmse"": 0.9801937191954755, ""n_valid"": 1392, ""n_targets"": 1392}, {""horizon_s"": 3.6, ""horizon_samples"": 90, ""cc"": 0.23975546870332456, ""nrmse"": 1.0176664102767055, ""n_valid"": 1382, ""n_targets"": 1382}, {""horizon_s"": 4.0, ""horizon_samples"": 100, ""cc"": 0.1690276048981441, ""nrmse"": 1.0428389122272819, ""n_valid"": 1372, ""n_targets"": 1372}]",25,28,0.02000007678678039,True,0.0,404.4934220256256,13,0.5200909999978194,1472,1429,True,ok,8,0.16,4,0.8,1.3,5.0,0.02,3.2586119450006663,,True,2f4c421fc7b625db57ebfff2b4a7f6a7b2aaa91a13552462c45439c4e475efb4,03698e707105bee3b5cee9daf6d50c7fec93e4001abac40217994d3c0f3c806e,T60_15_00022,False,e7ae9bf81f00378c99e7a4bc9398992e916a5a6841938e68cbb1a90f8f186e16
nan,15,sample_15.csv,T60,T60_15_00032,Drowsy,1,13,9,2645.959822,2706.159937,60,60.200115000000096,1500,24.99562576559584,51118,52618,65879,67379,T60/filtered_sessions/sample_15.csv,True,0,0.0,True,0.27707384506873606,True,0.3447050997650033,True,nan,0.6775842270123629,0.6545632229446919,0.6947257282718241,3.9616858237547894,0.2512117867255363,2.071838511775183,0.8035978224257522,0.9742167701881183,0.8001399999966452,1.2802239999946323,True,True,True,True,True,,,,,18,"[{""horizon_s"": 0.04, ""horizon_samples"": 1, ""cc"": 0.9683438605939457, ""nrmse"": 0.2507397949081526, ""n_valid"": 1471, ""n_targets"": 1471}, {""horizon_s"": 0.08, ""horizon_samples"": 2, ""cc"": 0.9382675721085619, ""nrmse"": 0.34776744752974936, ""n_valid"": 1470, ""n_targets"": 1470}, {""horizon_s"": 0.12, ""horizon_samples"": 3, ""cc"": 0.9357587750124364, ""nrmse"": 0.35449968836108064, ""n_valid"": 1469, ""n_targets"": 1469}, {""horizon_s"": 0.16, ""horizon_samples"": 4, ""cc"": 0.9370746628005292, ""nrmse"": 0.35081229867245284, ""n_valid"": 1468, ""n_targets"": 1468}, {""horizon_s"": 0.2, ""horizon_samples"": 5, ""cc"": 0.9344945460124108, ""nrmse"": 0.3578284422721991, ""n_valid"": 1467, ""n_targets"": 1467}, {""horizon_s"": 0.28, ""horizon_samples"": 7, ""cc"": 0.9161671531531057, ""nrmse"": 0.40262985866591255, ""n_valid"": 1465, ""n_targets"": 1465}, {""horizon_s"": 0.4, ""horizon_samples"": 10, ""cc"": 0.8989315821908517, ""nrmse"": 0.4410175566965123, ""n_valid"": 1462, ""n_targets"": 1462}, {""horizon_s"": 0.6, ""horizon_samples"": 15, ""cc"": 0.8495647851847452, ""nrmse"": 0.5312260475275459, ""n_valid"": 1457, ""n_targets"": 1457}, {""horizon_s"": 0.8, ""horizon_samples"": 20, ""cc"": 0.8035652350657535, ""nrmse"": 0.6003372569110427, ""n_valid"": 1452, ""n_targets"": 1452}, {""horizon_s"": 1.0, ""horizon_samples"": 25, ""cc"": 0.7621540386882403, ""nrmse"": 0.6545935345382641, ""n_valid"": 1447, ""n_targets"": 1447}, {""horizon_s"": 1.2, ""horizon_samples"": 30, ""cc"": 0.7169196809125595, ""nrmse"": 0.7069914132976999, ""n_valid"": 1442, ""n_targets"": 1442}, {""horizon_s"": 1.6, ""horizon_samples"": 40, ""cc"": 0.6023139478422483, ""nrmse"": 0.8166978249869172, ""n_valid"": 1432, ""n_targets"": 1432}, {""horizon_s"": 2.0, ""horizon_samples"": 50, ""cc"": 0.49798284584241376, ""nrmse"": 0.8970066940857772, ""n_valid"": 1422, ""n_targets"": 1422}, {""horizon_s"": 2.4, ""horizon_samples"": 60, ""cc"": 0.4126511610920704, ""nrmse"": 0.9531780987484023, ""n_valid"": 1412, ""n_targets"": 1412}, {""horizon_s"": 2.8, ""horizon_samples"": 70, ""cc"": 0.3481164135985146, ""nrmse"": 0.9869248313018533, ""n_valid"": 1402, ""n_targets"": 1402}, {""horizon_s"": 3.2, ""horizon_samples"": 80, ""cc"": 0.27516513141056, ""nrmse"": 1.0247252268227878, ""n_valid"": 1392, ""n_targets"": 1392}, {""horizon_s"": 3.6, ""horizon_samples"": 90, ""cc"": 0.2382569615866632, ""nrmse"": 1.0359541940214345, ""n_valid"": 1382, ""n_targets"": 1382}, {""horizon_s"": 4.0, ""horizon_samples"": 100, ""cc"": 0.16078773312692232, ""nrmse"": 1.069207803656671, ""n_valid"": 1372, ""n_targets"": 1372}]",25,28,0.02000007678678039,True,0.0,511.11063640014214,13,0.5200909999978194,1472,1401,True,ok,8,0.16,4,0.8,1.3,5.0,0.02,1.3021043700009614,,True,89b88f7702b95542ca040640c1a69fa84e58858320c43c62347d2e295b04a06d,c4eb458a46cc223e762e51deee15879fd4b0b4d863d258396257bbb3bc54396b,T60_15_00032,False,e7ae9bf81f00378c99e7a4bc9398992e916a5a6841938e68cbb1a90f8f186e16
nan,15,sample_15.csv,T60,T60_15_00031,Drowsy,1,13,9,2585.709732,2645.919569,60,60.209837000000334,1500,24.99562576559584,49618,51118,64379,65879,T60/filtered_sessions/sample_15.csv,True,0,0.0,True,0.4524682676842443,False,0.6662029872293919,True,nan,0.6187480020971813,0.6990792318409563,0.6860872486442386,4.053303090445137,0.44809713490425684,2.2401631477927064,0.7812493382474917,0.9680805467581522,0.8001399999966452,1.2802239999946323,True,True,True,True,True,,,,,18,"[{""horizon_s"": 0.04, ""horizon_samples"": 1, ""cc"": 0.9477548318582529, ""nrmse"": 0.31923421884830905, ""n_valid"": 1471, ""n_targets"": 1471}, {""horizon_s"": 0.08, ""horizon_samples"": 2, ""cc"": 0.9086135118035947, ""nrmse"": 0.41783032519348423, ""n_valid"": 1470, ""n_targets"": 1470}, {""horizon_s"": 0.12, ""horizon_samples"": 3, ""cc"": 0.9124893861638678, ""nrmse"": 0.40971600810034087, ""n_valid"": 1469, ""n_targets"": 1469}, {""horizon_s"": 0.16, ""horizon_samples"": 4, ""cc"": 0.9054131307970954, ""nrmse"": 0.4244040715510196, ""n_valid"": 1468, ""n_targets"": 1468}, {""horizon_s"": 0.2, ""horizon_samples"": 5, ""cc"": 0.9014423790174405, ""nrmse"": 0.432392864647342, ""n_valid"": 1467, ""n_targets"": 1467}, {""horizon_s"": 0.28, ""horizon_samples"": 7, ""cc"": 0.9017969474139405, ""nrmse"": 0.4319143906759365, ""n_valid"": 1465, ""n_targets"": 1465}, {""horizon_s"": 0.4, ""horizon_samples"": 10, ""cc"": 0.8741423703358386, ""nrmse"": 0.4849154096355327, ""n_valid"": 1462, ""n_targets"": 1462}, {""horizon_s"": 0.6, ""horizon_samples"": 15, ""cc"": 0.8199883127111449, ""nrmse"": 0.5710473603776416, ""n_valid"": 1457, ""n_targets"": 1457}, {""horizon_s"": 0.8, ""horizon_samples"": 20, ""cc"": 0.7499445563934922, ""nrmse"": 0.6615958489501803, ""n_valid"": 1452, ""n_targets"": 1452}, {""horizon_s"": 1.0, ""horizon_samples"": 25, ""cc"": 0.712581659615818, ""nrmse"": 0.7015298609354453, ""n_valid"": 1447, ""n_targets"": 1447}, {""horizon_s"": 1.2, ""horizon_samples"": 30, ""cc"": 0.6489788759843438, ""nrmse"": 0.7647297648524395, ""n_valid"": 1442, ""n_targets"": 1442}, {""horizon_s"": 1.6, ""horizon_samples"": 40, ""cc"": 0.5253894002367828, ""nrmse"": 0.862332611694553, ""n_valid"": 1432, ""n_targets"": 1432}, {""horizon_s"": 2.0, ""horizon_samples"": 50, ""cc"": 0.4359042318163267, ""nrmse"": 0.9189214915775427, ""n_valid"": 1422, ""n_targets"": 1422}, {""horizon_s"": 2.4, ""horizon_samples"": 60, ""cc"": 0.3280386517186775, ""nrmse"": 0.9745143379671981, ""n_valid"": 1412, ""n_targets"": 1412}, {""horizon_s"": 2.8, ""horizon_samples"": 70, ""cc"": 0.2251099951571285, ""nrmse"": 1.02300232370281, ""n_valid"": 1402, ""n_targets"": 1402}, {""horizon_s"": 3.2, ""horizon_samples"": 80, ""cc"": 0.15316256995534006, ""nrmse"": 1.0518721632771417, ""n_valid"": 1392, ""n_targets"": 1392}, {""horizon_s"": 3.6, ""horizon_samples"": 90, ""cc"": 0.1078574641207976, ""nrmse"": 1.063114319246647, ""n_valid"": 1382, ""n_targets"": 1382}, {""horizon_s"": 4.0, ""horizon_samples"": 100, ""cc"": 0.07885576264937931, ""nrmse"": 1.07035880190365, ""n_valid"": 1372, ""n_targets"": 1372}]",25,28,0.02000007678678039,True,0.0,583.8975827771596,11,0.44007699999815486,1472,1429,True,ok,8,0.16,4,0.8,1.3,5.0,0.02,1.6022286240004178,,True,e1a04721b5ffcc7c28a011e76d2e55e080861ab177b26c6ef200a42ff4d953b7,491af337813fe9d44abf3c2f5f19d7cd82bd12126a2054b75c185d3b7272d91c,T60_15_00031,False,e7ae9bf81f00378c99e7a4bc9398992e916a5a6841938e68cbb1a90f8f186e16
