session,representation,state,window_size,window_id,surrogate_id,seed,CC,NRMSE,DET,Lmean,ENTR,Lmax,LAM,TT,Vmax
10,Processed,Awake,60,1,0,8536941653350611306,0.6544772988628336,0.7207950939411975,0.5511829917934443,2.9516833718838345,1.083725366564026,54.0,0.4535441762249844,2.1561715719826604,4.0
10,Processed,Awake,60,1,1,11340708387615311111,0.6604425503260867,0.7177628201302677,0.5603973700628689,2.89967717904147,1.0646516764867267,39.0,0.47238086096846954,2.1465489041544,4.0
10,Processed,Awake,60,1,2,1309302296043560449,0.5650211005605024,0.7934757494191698,0.5684119594951289,2.9528795811518322,1.0552613341451877,58.0,0.508758458511302,2.172781307645009,4.0
10,Processed,Awake,60,1,3,11649207227881854066,0.6409997451874534,0.7160324914766513,0.5514229495608773,2.9537275064267354,1.0878835247530432,40.0,0.42582905408648075,2.1247605363984676,4.0
10,Processed,Awake,60,1,4,9253109773742757553,0.6318466243943416,0.7375728761361361,0.5652925085185008,3.054719917012448,1.1326120620809255,43.0,0.45486394394586555,2.1241595696996862,4.0
10,Processed,Awake,60,1,5,8830938232264190708,0.6312823538981008,0.7396056266820566,0.5470077266401113,2.8841093117408905,1.055899467626447,40.0,0.48224312520996304,2.161200129046134,4.0
10,Processed,Awake,60,1,6,12259308070309793063,0.5977336128500919,0.7630339074377644,0.5376013821567404,3.110802554845876,1.1671647785544725,40.0,0.43429956327686325,2.1803397181062523,4.0
10,Processed,Awake,60,1,7,18436768698559266873,0.6491193308177514,0.7177542028836641,0.5551182991793444,2.956799591002045,1.0966565895624347,38.0,0.42110188606805204,2.144568006843456,4.0
10,Processed,Awake,60,1,8,13320429248235021994,0.7363611993885012,0.6530340401218881,0.5528147046119883,2.90078065978343,1.0502932278280903,42.0,0.454983922829582,2.1176010721465266,4.0
10,Processed,Awake,60,1,9,1300447479226599221,0.678375598219663,0.6911277772269768,0.540432883812449,2.9712401055408972,1.0640562860871952,42.0,0.4356193309977444,2.1458628841607563,4.0
10,Processed,Awake,60,1,10,12306537788574835417,0.7017743054015111,0.6859195087863759,0.5708115371694582,3.0164849099670303,1.1099973572437336,65.0,0.46033498104333637,2.127300953648259,4.0
10,Processed,Awake,60,1,11,11279332196733248064,0.681482468614792,0.7046229346121762,0.5742189374670058,2.9882617382617385,1.1094786899309763,34.0,0.4457215530066708,2.1228571428571428,4.0
10,Processed,Awake,60,1,12,15650497952838274331,0.6463627746658266,0.735507496167065,0.5493593127609541,3.0525333333333333,1.131355649017731,47.0,0.46002303594567356,2.161086686957502,4.0
10,Processed,Awake,60,1,13,4682112768491222095,0.6690017222770602,0.7115358867730078,0.5345299227335989,3.0151597184623715,1.1187148031064977,51.0,0.4402745116859433,2.1530157240084487,4.0
10,Processed,Awake,60,1,14,18407955392953715874,0.7370549058590177,0.6570008273360002,0.5598694629745165,2.9201501877346683,1.0654458173695127,59.0,0.44984882660651726,2.1344643060457704,4.0
10,Processed,Awake,60,1,15,17603694395181587168,0.6584246541539631,0.722167967942426,0.5626049815232519,3.037833635656906,1.1204115084306399,46.0,0.4517684887459807,2.123984657039711,4.0
10,Processed,Awake,60,1,16,6349434155623644537,0.7131672361806967,0.6760262564857764,0.5699956807601863,2.9347664936990365,1.0696629917420724,40.0,0.4401305370254835,2.130313588850174,4.0
10,Processed,Awake,60,1,17,7472719533520779551,0.594909968571508,0.7695848743835922,0.5646206267696885,2.928802588996764,1.0716566430707355,42.0,0.48917790468877476,2.1927503495751317,4.0
10,Processed,Awake,60,1,18,8827686841206152448,0.637699256052978,0.7309680410238146,0.5412967317752075,2.9759894459102902,1.1180205555310039,35.0,0.45911119642942844,2.136571747627024,4.0
10,Processed,Awake,60,1,19,9934482618083650047,0.7160358024409649,0.6763368417310978,0.5417286557565868,2.819180819180819,0.9979498731700279,41.0,0.4405624610068628,2.1208270763543955,3.0
10,Processed,Awake,60,1,20,7006747295903161055,0.6227131476142262,0.7473527654352382,0.5194125833853241,2.9338574139333153,1.081410568548707,50.0,0.4895138455631809,2.1685978526629106,4.0
10,Processed,Awake,60,1,21,11992041390145317936,0.6892077454246732,0.694641843548412,0.5541104765561261,2.9727085478887743,1.06823617431526,48.0,0.458751259778279,2.147607279263087,3.0
10,Processed,Awake,60,1,22,1421201482684407056,0.6883399869880649,0.7020746952030239,0.559581513653597,3.102714209686003,1.1671626037657954,50.0,0.4628545376013822,2.148952762923351,4.0
10,Processed,Awake,60,1,23,11275618584325205448,0.7072319545780139,0.6741204801181931,0.5466237942122186,2.943152454780362,1.0697020391170415,43.0,0.3823966981811201,2.0674623767514273,3.0
10,Processed,Awake,60,1,24,10866916995142258622,0.6828475017696527,0.7077463979008285,0.5482555070307625,2.964193046185781,1.085944399545761,34.0,0.4606949176944858,2.17306168647425,4.0
10,Processed,Awake,60,1,25,13866640384978589090,0.6487635740158463,0.7258637324900312,0.5878005471037098,3.016005909874415,1.0936836530318885,50.0,0.4773959783078178,2.1512759515570936,4.0
10,Processed,Awake,60,1,26,14343714663815112838,0.5708171266843639,0.7666981787268091,0.5452320391611076,2.861712846347607,1.0351706600699644,34.0,0.46851754091279935,2.17694280298807,4.0
10,Processed,Awake,60,1,27,3364663602934188999,0.6550841723716528,0.7113604474302483,0.5613092095791141,2.8512920526572403,1.0407928714205514,35.0,0.45541584681096126,2.1130037853484747,4.0
10,Processed,Awake,60,1,28,5063661623067435914,0.7017433200504067,0.6726796923578687,0.5324662859336756,2.75720675944334,0.9550137109908503,37.0,0.447209291164755,2.1343334860284013,4.0
10,Processed,Awake,60,1,29,5710395616270771644,0.7119500984240329,0.6689527586463926,0.5597734798675433,2.893574795336145,1.0350507229547792,44.0,0.43060421365839613,2.0963785046728973,4.0
10,Processed,Awake,60,1,30,15921759253547855201,0.7082329751122068,0.6788061690154623,0.5434083601286174,2.843545956805625,1.0262137948787582,39.0,0.4515285309785478,2.1303068040303406,4.0
10,Processed,Awake,60,1,31,1301312502598224203,0.6593135835522611,0.7234224547488436,0.5534865863608005,3.052673372154579,1.1372397997698043,76.0,0.45515189326678507,2.1648025564939513,4.0
10,Processed,Awake,60,1,32,11771154911639148434,0.6271227742883282,0.7287444942178201,0.5278590967989634,2.781740010116338,0.9900251115553556,35.0,0.46885348178720543,2.139384649074784,4.0
10,Processed,Awake,60,1,33,9936496178043831676,0.704048491901743,0.6853858043708458,0.5589576234582714,2.9256468224064305,1.0637836028304504,41.0,0.45623170322023326,2.106703601108033,4.0
10,Processed,Awake,60,1,34,10230033331281970005,0.6341323515837716,0.7360951162219377,0.5254115275711475,2.9124767225325883,1.0517150673433686,50.0,0.4714210298987378,2.1629417593306175,4.0
10,Processed,Awake,60,1,35,268133305403604194,0.6769293996699537,0.6960982360548256,0.5494552958679273,2.951533900489817,1.0735903486805294,45.0,0.4605989345875126,2.1444531337280752,4.0
10,Processed,Awake,60,1,36,12337263809919683687,0.6348539005344638,0.7254626820813743,0.5746508614483851,2.942014742014742,1.0853799831412267,40.0,0.45687958919230215,2.153115458554789,3.0
10,Processed,Awake,60,1,37,10157006700777693690,0.5489927631088333,0.782343294784454,0.5678840524067764,3.06713322965267,1.139580682089847,43.0,0.498200316744253,2.1799664006719865,4.0
10,Processed,Awake,60,1,38,18028280933176206300,0.5929374647629264,0.7656956906728146,0.5563660795699957,2.8131521475370054,0.9819512388679376,43.0,0.468733502903489,2.132067234228334,4.0
10,Processed,Awake,60,2,0,12231799652265825555,0.7169200206083208,0.6631656634703615,0.558765657244325,3.0038699690402475,1.0996003317593162,46.0,0.45632768632720644,2.151974652031232,4.0
10,Processed,Awake,60,2,1,13523950916379870630,0.7679557618147971,0.6151888420357076,0.619906896386236,3.1597358121330723,1.1895826499471447,67.0,0.5071507414695013,2.173935404237811,4.0
10,Processed,Awake,60,2,2,1707674844913061623,0.6909809435475384,0.6915588611279071,0.5848250707875414,3.1750911933298593,1.1971103523668425,41.0,0.5258914431060133,2.156449867165207,4.0
10,Processed,Awake,60,2,3,9049737578508378802,0.7277238299661817,0.6557252833963987,0.5748428276623314,3.197544046983449,1.1932165390304148,48.0,0.4265489273887796,2.128352490421456,4.0
10,Processed,Awake,60,2,4,16113037430249976404,0.7284886038654615,0.6423025130007144,0.616307529874742,3.0025718961889174,1.1232768531544157,69.0,0.37632576666506695,2.1099152428360015,4.0
10,Processed,Awake,60,2,5,7608994997555363056,0.6678791948812437,0.7011174619467917,0.6099246532610261,3.3139504563233375,1.2584555336380856,51.0,0.4395066468301579,2.1459871118922087,4.0
10,Processed,Awake,60,2,6,13375119337451159264,0.6133302370772897,0.7294773400524345,0.5994624946009502,3.1064411837851282,1.1545308482816106,53.0,0.49733646878149446,2.163013984554373,4.0
10,Processed,Awake,60,2,7,3275453145895179954,0.681569191837733,0.6949979033046509,0.5958631280894563,3.1827736477826196,1.1813223695774981,60.0,0.48788213274463693,2.170135553420856,4.0
10,Processed,Awake,60,2,8,10593268049545082906,0.673028966807021,0.699811245892156,0.5981187311033258,3.350268817204301,1.3050516937730035,39.0,0.47053318615923595,2.1679380873410725,4.0
10,Processed,Awake,60,2,9,14199357410206528611,0.6195553148567163,0.7346386024782101,0.5856889187502999,3.0343112879164593,1.1301002282932116,52.0,0.48639439458655276,2.1607504530433856,4.0
10,Processed,Awake,60,2,10,15480072316013721494,0.6746178281608164,0.7035125080486216,0.5780102701924461,3.1938477857332273,1.2069094561721787,57.0,0.4820991505495033,2.175999133542727,4.0
10,Processed,Awake,60,2,11,8364328859298471508,0.6833821572062911,0.6802975721120786,0.57767432931804,3.255883148498783,1.2294408432780974,41.0,0.46326246580601815,2.1709209490610593,4.0
10,Processed,Awake,60,2,12,17442808377195357252,0.7256734715568371,0.6643032413531555,0.586840716033978,3.1130346232179225,1.1304709553638952,52.0,0.49385708115371696,2.1703047558789414,4.0
10,Processed,Awake,60,2,13,9929744391978457826,0.6927189988612936,0.6793693320040066,0.5593895474396506,3.1232583065380495,1.1599728891625112,39.0,0.4811873110332581,2.214822178042854,4.0
10,Processed,Awake,60,2,14,8192747921321603393,0.68195043572248,0.6981786959740053,0.5891923021548208,3.1144089294774226,1.172196293830684,57.0,0.4741085568939867,2.135538261997406,4.0
10,Processed,Awake,60,2,15,18322703670941508450,0.6290681661651946,0.7297032600815403,0.5769064644622547,3.1468586387434554,1.198196724369876,48.0,0.4763881556845995,2.1645224596598345,4.0
10,Processed,Awake,60,2,16,4800484476012325094,0.7144278878915798,0.6722244571369426,0.5719633344531363,3.1926064827216716,1.218171205552819,38.0,0.42597302874694054,2.159610705596107,4.0
10,Processed,Awake,60,2,17,2101907734063327076,0.7056767396712993,0.6711490781762577,0.5589576234582714,2.9802968270214945,1.1148490112810678,38.0,0.4525123578250228,2.1745848708487086,4.0
10,Processed,Awake,60,2,18,18232971071938745959,0.6989191200866435,0.6825305585835144,0.6023419878101454,3.2968216443393747,1.2751437317005005,50.0,0.46705379853145845,2.12257360959651,4.0
10,Processed,Awake,60,2,19,14540924858016073888,0.6947764298330776,0.6814223232618565,0.5836732735038633,3.2896943467676496,1.2471275882647423,47.0,0.4556318088016509,2.170057142857143,4.0
10,Processed,Awake,60,2,20,14185973528984982,0.7265765173057767,0.6660758201736328,0.5830973748620243,3.4234995773457313,1.3221182438147534,40.0,0.46040696837356626,2.1734254644313546,4.0
10,Processed,Awake,60,2,21,6262780277975500102,0.7142394703936623,0.6704980415234886,0.5873206315688438,3.109247967479675,1.1452078694611698,42.0,0.4367951240581658,2.169089609151573,3.0
10,Processed,Awake,60,2,22,12052497879515225868,0.6928533522231881,0.6791917481956611,0.614339876181792,3.190677966101695,1.214980545112315,41.0,0.4743965062149062,2.1765936364637235,4.0
10,Processed,Awake,60,2,23,3418983260255249947,0.720105129308206,0.6657131692514151,0.5955751787685367,3.2640715412940557,1.2577363221664963,41.0,0.4486250419926093,2.125269978401728,4.0
10,Processed,Awake,60,2,24,11909339552626484033,0.7535078216741891,0.6289929430330253,0.565148533858041,3.1870094722598106,1.1865100614025865,57.0,0.47230887363823965,2.1480956018771145,4.0
10,Processed,Awake,60,2,25,6666823710561698055,0.6591478440540564,0.7137726663967088,0.5722512837740558,3.1933583288698446,1.2350957989613085,38.0,0.46143878677352784,2.182003857937138,4.0
10,Processed,Awake,60,2,26,4648009341374989624,0.6959245919090438,0.6867667629482174,0.5774343715506071,3.1646501841136243,1.1976254036129843,41.0,0.491817440130537,2.18624,4.0
10,Processed,Awake,60,2,27,12444640768282236836,0.6966488902615833,0.6927643247470818,0.5877045639967365,3.1537471027556014,1.2095731131813823,35.0,0.4532082353505783,2.14625,4.0
10,Processed,Awake,60,2,28,17557233680771093677,0.7524262601514089,0.6352103068805935,0.6219225416326727,3.2832531036230046,1.2355269030119704,52.0,0.437874934011614,2.145813734713076,4.0
10,Processed,Awake,60,2,29,18235966202271670425,0.7567027864127107,0.6329239874569215,0.5885684119594952,3.257370517928287,1.2619101984587042,40.0,0.45865527667130584,2.162706494682055,4.0
10,Processed,Awake,60,2,30,3983859112810575111,0.6824829626161721,0.6838657249165578,0.5775783462110669,3.010255127563782,1.1147589135479863,55.0,0.4939770600374334,2.1348128175878878,4.0
10,Processed,Awake,60,2,31,4752611073290067643,0.6999186636505087,0.6832030723494182,0.5842971636991889,3.126605033384694,1.1755461832664014,51.0,0.4802034841867831,2.167208143816331,4.0
10,Processed,Awake,60,2,32,18006236550480522616,0.6528791102617144,0.7024357950405445,0.584057205931756,3.3415705656232837,1.2777410726317295,59.0,0.45942314152709124,2.1568097330179112,3.0
10,Processed,Awake,60,2,33,4925203552897048799,0.6804305610341965,0.6921917145993237,0.5813216873830206,3.1734346345297353,1.212720897069539,43.0,0.4632384700292749,2.1786480081254935,4.0
10,Processed,Awake,60,2,34,6900840205696660867,0.609343007330317,0.7458874105140219,0.5785381772807986,3.040353089533417,1.1492929127418763,38.0,0.516125161971493,2.1968134000612807,4.0
10,Processed,Awake,60,2,35,12478333514937714814,0.7061855915215168,0.6728192486437264,0.57373902193214,3.031955363936089,1.144244385800936,35.0,0.4594711330805778,2.189844464775846,4.0
10,Processed,Awake,60,2,36,7919407990931857865,0.6150343717227058,0.7348389824478854,0.5706195709555119,3.139688407710589,1.1736577629273888,52.0,0.4971445025675481,2.2210548885077186,4.0
10,Processed,Awake,60,2,37,13793307166017417807,0.7148679475289677,0.6704791679989057,0.5870326822479244,3.254922831293241,1.2513211265941515,57.0,0.4325478715746029,2.14416557630546,4.0
10,Processed,Awake,60,2,38,9104130890773137931,0.7193983035042407,0.6669574220623895,0.572107309113596,3.166268260292165,1.1857318136640584,40.0,0.4604549599270528,2.1550988319856246,4.0
10,Processed,Awake,60,3,0,1083780770806116270,0.7469038210481441,0.6392689369235686,0.5422565628449393,2.8525624842211563,0.9983288055940347,54.0,0.4470413207275519,2.1507734934195337,4.0
10,Processed,Awake,60,3,1,12465424515305362722,0.7682884924238287,0.6042705417294227,0.5846810961270816,3.077292245516545,1.1016399251544264,59.0,0.4171425829054086,2.1012933639550346,3.0
10,Processed,Awake,60,3,2,9260974642469628226,0.7349914669075761,0.6535621776100304,0.5836732735038633,2.9830757910228107,1.0786034828068856,60.0,0.4541920621970533,2.155072298758966,4.0
10,Processed,Awake,60,3,3,9142580777077990317,0.6908345222734948,0.6900897161389685,0.5766185151413351,2.934065934065934,1.0503975604987734,41.0,0.44771320247636415,2.136738433348603,4.0
10,Processed,Awake,60,3,4,8627776022912324192,0.6935134665888562,0.6785534848009037,0.5733070979507606,3.015905074476142,1.041297610613367,53.0,0.4746604597590824,2.1228804464477355,3.0
10,Processed,Awake,60,3,5,1753407075016156646,0.6527442242291293,0.7021904094278264,0.6097806786005663,2.924953959484346,1.0372608512612234,47.0,0.45942314152709124,2.1009546801272907,3.0
10,Processed,Awake,60,3,6,9745092483792803496,0.731698854425555,0.6465397112499314,0.5458559293564332,2.8875349073368874,0.9819653320294142,49.0,0.4902097230887364,2.1652358240593537,3.0
10,Processed,Awake,60,3,7,12419918499206353364,0.6657569613166568,0.7082580060599049,0.6090608052982676,3.025268176400477,1.0807903264872418,46.0,0.4609348754619187,2.1333851621501556,3.0
10,Processed,Awake,60,3,8,2136418813775125048,0.6896505743340813,0.6843694320816794,0.6050775063588808,3.10771506038945,1.1363800209175028,47.0,0.44608148965782024,2.134083342899782,4.0
10,Processed,Awake,60,3,9,2303095416905952388,0.7326808545513482,0.6564572249154098,0.5792100590296108,3.204726500265534,1.192813333125827,55.0,0.42782070355617413,2.130871280028684,4.0
10,Processed,Awake,60,3,10,17227815140188233212,0.7579978611413246,0.6310651388589918,0.582665450880645,3.0581863979848865,1.0748679783544692,37.0,0.45270432403896915,2.158334286694886,3.0
10,Processed,Awake,60,3,11,14611721364090815362,0.7309050345139135,0.6461512087591053,0.5952872294476172,2.937944102321175,1.0497655385275375,36.0,0.4536641551087009,2.119506726457399,4.0
10,Processed,Awake,60,3,12,18319081938796085058,0.724861089509294,0.6618357932146393,0.5875605893362769,3.1057838660578385,1.1556971558151867,48.0,0.45927916686663145,2.1342551293487957,4.0
10,Processed,Awake,60,3,13,3288196922447236889,0.7469870586519656,0.6319626682661292,0.5532466285933676,2.876965310706264,1.0105819759030852,42.0,0.43434755483034987,2.139345231060158,3.0
10,Processed,Awake,60,3,14,6492672328057796615,0.7715860163219072,0.6123329124606522,0.578490185727312,3.1538461538461537,1.1624026008972455,47.0,0.4468973460670922,2.138477437133999,3.0
10,Processed,Awake,60,3,15,1458653217696374761,0.7038240924114126,0.6800665755099854,0.5658204156068531,2.9697732997481108,1.0910667825067115,49.0,0.48783414119115037,2.1857864745726268,4.0
10,Processed,Awake,60,3,16,7088099954130688684,0.7577015690475086,0.6259028523988543,0.5689398665834813,2.845655304848776,1.020482894102782,35.0,0.40900801458943226,2.1216081652974856,4.0
10,Processed,Awake,60,3,17,4469456959594279153,0.6653895917487002,0.6988965803877226,0.5833853241829438,2.9859985261606483,1.0980894371265821,37.0,0.4218217593703508,2.1484967000733315,3.0
10,Processed,Awake,60,3,18,2625467282236372938,0.7382957045335711,0.6401236479665172,0.5824734846666987,2.9835299901671584,1.0510449123474745,50.0,0.4573115131736814,2.1375056078959176,3.0
10,Processed,Awake,60,3,19,13683265206048334573,0.7439703320092472,0.6442633217265553,0.551566924221337,2.8554037267080745,1.0286551579329504,38.0,0.4438018908672074,2.14808362369338,3.0
10,Processed,Awake,60,3,20,6187388582998757023,0.7378878280655936,0.6475364229412357,0.5493113212074675,2.894790085988872,1.0394786504675397,39.0,0.4658300139175505,2.1431883417973063,3.0
10,Processed,Awake,60,3,21,3064431593836692401,0.6971710714470991,0.6786942280482394,0.5729231655228679,2.931728880157171,1.0516716022707797,36.0,0.4460334981043336,2.116361152225891,3.0
10,Processed,Awake,60,3,22,9659527935166251115,0.7753894754370637,0.6089280534934142,0.5568459951048615,2.7938839393209727,0.9707502541375589,38.0,0.4963766377117627,2.1451830343254175,4.0
10,Processed,Awake,60,3,23,4519203384675288605,0.7202171341085257,0.6552196251964705,0.5833853241829438,2.9692232535417684,1.0525724852532294,68.0,0.45903920909919854,2.1288671266414423,4.0
10,Processed,Awake,60,3,24,12234194587831630064,0.6962405754702559,0.6785004013072483,0.5925517108988818,2.9651777137367916,1.0826633172504527,44.0,0.4565916398713826,2.1069648986823166,4.0
10,Processed,Awake,60,3,25,7385085406388618298,0.755669196703515,0.6300816459326347,0.5961990689638623,3.028522671867382,1.1049375219604993,57.0,0.4471852953880117,2.1293418647166362,4.0
10,Processed,Awake,60,3,26,3535145226673183468,0.7058599062728801,0.6677164267887681,0.5666362720161252,2.838221153846154,0.9843622575754252,42.0,0.4926812880932956,2.163768574138476,3.0
10,Processed,Awake,60,3,27,13236144417861141135,0.6506859434822274,0.7176528588057693,0.5807457887411815,2.8506478209658423,0.9904877266493173,52.0,0.47214090320103663,2.1384632105205954,4.0
10,Processed,Awake,60,3,28,11823673947824349430,0.6877308832290869,0.6931180049179856,0.5791140759226376,3.0495324740965377,1.1140456161961227,57.0,0.4866103565772424,2.160097997443545,4.0
10,Processed,Awake,60,3,29,16443628663356116787,0.7327172578947502,0.6470127447020076,0.5778183039784998,2.925170068027211,1.061859988220359,51.0,0.44324998800211163,2.1335181335181335,4.0
10,Processed,Awake,60,3,30,6152730995447742134,0.7053237615967398,0.6719187937110274,0.5841531890387291,3.007659995058068,1.0740377389457654,41.0,0.4503767336948697,2.1556219134030092,4.0
10,Processed,Awake,60,3,31,561678978626752955,0.7651783327354893,0.6133366231799713,0.5794980083505303,2.928692699490662,1.0263896997499642,55.0,0.4289964966165955,2.1232779097387176,4.0
10,Processed,Awake,60,3,32,14697213515492243906,0.7741921131605762,0.6098651698091259,0.6013341651869271,3.063569682151589,1.1060726237998597,51.0,0.4254691174353314,2.108323424494649,4.0
10,Processed,Awake,60,3,33,5862174935606046581,0.7234250870932954,0.6588726494664545,0.5751787685367376,3.000751126690035,1.038074638337667,60.0,0.4503767336948697,2.1376993166287015,4.0
10,Processed,Awake,60,3,34,14134280495801606799,0.7501624802915533,0.6396558486272709,0.5483994816912223,2.8432445882060216,1.006771256210134,35.0,0.4441378317416135,2.1514587934441476,3.0
10,Processed,Awake,60,3,35,2302859382377075562,0.7318787188405235,0.6554784548327065,0.5779622786389595,2.8558216741759543,1.0243559816951289,39.0,0.495824734846667,2.1886452706281116,4.0
10,Processed,Awake,60,3,36,2077792413545200851,0.7409397474374255,0.6283545643108946,0.607381100926237,3.018363939899833,1.0591985709098846,61.0,0.4236214426260978,2.1142514970059882,3.0
10,Processed,Awake,60,3,37,12274731981085745051,0.7192815859646533,0.6630996480418736,0.5706195709555119,2.887323943661972,1.0352676576154134,38.0,0.46043096415030954,2.150879946194373,4.0
10,Processed,Awake,60,3,38,11719541173108999351,0.8069856814188384,0.5781954919888415,0.5810337380621011,2.9236899299686065,1.046782705798397,46.0,0.42587704563996737,2.105338078291815,3.0
10,Processed,Awake,60,4,0,12309111787576095259,0.7427942370956466,0.6452446022940338,0.6220185247396458,3.3097548518896835,1.234440696733804,57.0,0.41493497144502567,2.0848806366047747,3.0
10,Processed,Awake,60,4,1,14834884511471249344,0.7201278376049172,0.6494963687026929,0.6223544656140519,3.3123882503192847,1.2243362015620014,52.0,0.3700628689350674,2.0590120160213616,3.0
10,Processed,Awake,60,4,2,1968552013087293021,0.7410660275145955,0.6352322951934207,0.6069491769448577,3.359989373007439,1.2041761364827088,54.0,0.41354321639391467,2.0676664667066587,3.0
10,Processed,Awake,60,4,3,16178038021858029337,0.7350430595444626,0.6504387674368662,0.5908240149733647,3.2482849604221635,1.21032045605696,55.0,0.43297979555598215,2.109175920514319,4.0
10,Processed,Awake,60,4,4,14362855974483645993,0.7318226123541467,0.6394829488549659,0.5972548831405673,3.2958156779661016,1.1919715086186478,52.0,0.39144310601334165,2.0649367088607593,3.0
10,Processed,Awake,60,4,5,7840953344385488745,0.6953523695964382,0.6753072275661243,0.5943753899313721,3.323048027904481,1.1902410059199195,53.0,0.4047127705523828,2.112210394489668,3.0
10,Processed,Awake,60,4,6,15082443226991278271,0.6963126372317628,0.6677493308160046,0.6098766617075395,3.3601269169751453,1.2164500670411265,52.0,0.39849786437586987,2.059655215180454,3.0
10,Processed,Awake,60,4,7,1687453128807936665,0.7145031183188669,0.6519779579231973,0.6141959015213323,3.277336747759283,1.1775398030098185,76.0,0.38398041944617745,2.0920381749248267,4.0
10,Processed,Awake,60,4,8,2701453743735003868,0.6966944186503018,0.6693959743540767,0.6068531938378845,3.5076282940360612,1.301889990779066,40.0,0.40723232711042856,2.06660983925962,4.0
10,Processed,Awake,60,4,9,14431220736256838052,0.6645485246637148,0.6918725364926042,0.5926956855593416,3.377085042384468,1.2937782704737535,54.0,0.42666890627249604,2.0867269099870907,4.0
10,Processed,Awake,60,4,10,12960838787273255053,0.7140606353753243,0.6585455783416493,0.6025339540240917,3.3417620441841893,1.2170654824196454,58.0,0.4113356049335317,2.08489418632936,3.0
10,Processed,Awake,60,4,11,5006126351953884063,0.635761342729,0.7241082322668766,0.6115083745260834,3.411512717536814,1.2535857197177007,63.0,0.4309881460862888,2.101930953774137,3.0
10,Processed,Awake,60,4,12,3847341821478630425,0.7610722406246544,0.6156755593666416,0.5857369103037865,3.201731374606506,1.194217921903566,40.0,0.3803090656044536,2.0642094295389426,4.0
10,Processed,Awake,60,4,13,17999098296052893749,0.6833040097903532,0.6661422122588799,0.600998224312521,3.433781190019194,1.2796430484420338,66.0,0.3768296779766761,2.0734090308951676,3.0
10,Processed,Awake,60,4,14,12169712008312179472,0.6864135163652831,0.6786628897349217,0.5771944137831742,3.080686475409836,1.135256043804818,35.0,0.4088880357057158,2.072236410069318,3.0
10,Processed,Awake,60,4,15,8266474656195066672,0.7104009786934273,0.6691947010021585,0.5889523443873879,3.253446447507953,1.2042107051594326,76.0,0.40353697749196143,2.077455219271155,4.0
10,Processed,Awake,60,4,16,9880560036009486440,0.6933324608864142,0.6783250279704732,0.6120362816144359,3.314189189189189,1.229926193902297,45.0,0.39242693285981667,2.065942395149065,3.0
10,Processed,Awake,60,4,17,4027871048427215275,0.6524153675118597,0.7040779074610497,0.5980707395498392,3.113943028485757,1.1392238335239115,35.0,0.4741085568939867,2.143415057496203,3.0
10,Processed,Awake,60,4,18,2442579954391891890,0.6933808301076003,0.6680697124854122,0.6643950664683016,3.75685210312076,1.3738674673870805,51.0,0.3597926764889379,2.0635838150289016,3.0
10,Processed,Awake,60,4,19,168953939169744555,0.7007554942700537,0.6726044466311817,0.5642846858952825,3.108937070333157,1.1594745576572367,49.0,0.40392090991985413,2.0897579143389198,4.0
10,Processed,Awake,60,4,20,1204181852676778996,0.7243595734775691,0.6551938690300645,0.5810817296155877,3.3227222832052687,1.2168605586627175,50.0,0.41399913615203726,2.0978842412451364,4.0
10,Processed,Awake,60,4,21,7231981939037627825,0.6491113009510756,0.7026042338346905,0.596583001391755,3.2842800528401583,1.2430075004611607,52.0,0.4425061189230695,2.0875028299750964,3.0
10,Processed,Awake,60,4,22,9102424808122372933,0.7131116479352981,0.6608673431971609,0.6059413543216394,3.394998655552568,1.260236785683147,54.0,0.3951144598550655,2.080353758686039,4.0
10,Processed,Awake,60,4,23,9506491397130313893,0.7269916035275641,0.6492505441827929,0.6224504487210251,3.281052365292183,1.237519315947769,38.0,0.3887075874646062,2.0669899196120967,3.0
10,Processed,Awake,60,4,24,1891772656189014431,0.7315277395405824,0.6440504556956875,0.5935115419686136,3.2180588082227426,1.1796921414721444,45.0,0.3966501895666363,2.077938403519799,4.0
10,Processed,Awake,60,4,25,14557551071056334441,0.724829078628506,0.6519666288967226,0.5897682007966598,3.2052686489306206,1.1794854735059277,73.0,0.40262513797571625,2.0709701308318933,3.0
10,Processed,Awake,60,4,26,15360107550508680976,0.6748645666210965,0.6835502833965283,0.6118923069539761,3.3837579617834397,1.248488552153881,54.0,0.3943945865527667,2.0868461147790756,4.0
10,Processed,Awake,60,4,27,9074047742335762170,0.687150647540355,0.680988286298007,0.6057493881076931,3.172951231774761,1.1721870639484129,47.0,0.4274607669050247,2.1247614503816794,3.0
10,Processed,Awake,60,4,28,14040316979965634201,0.6346118971277422,0.7090636883359012,0.6161155636607957,3.4362955032119915,1.2654777252765956,76.0,0.40754427220809136,2.0689487148251917,3.0
10,Processed,Awake,60,4,29,6458660716742772829,0.6953927462303369,0.6764985618581011,0.5998464270288429,3.206516162134428,1.1592405795745988,55.0,0.43845083265345297,2.1043418173442356,3.0
10,Processed,Awake,60,4,30,12133038800910354228,0.6702227565372154,0.6950508564720421,0.6024379709171186,3.1508534136546187,1.1404163691074616,54.0,0.4139751403752939,2.0805595754944526,3.0
10,Processed,Awake,60,4,31,6906446056790662088,0.6954005707360089,0.6689663415955907,0.6192350146374238,3.26410321274981,1.2174712725135015,59.0,0.4330277871094687,2.0752069917203313,3.0
10,Processed,Awake,60,4,32,12111347062081180574,0.7729248328683102,0.596511841264515,0.6234582713442434,3.0624705327675623,1.0966457216044478,56.0,0.376901665306906,2.0417262446379825,3.0
10,Processed,Awake,60,4,33,16042002163697932409,0.7084131325674334,0.660856622514408,0.5979267648893795,3.167005592272496,1.1570759109020219,53.0,0.42712482603061863,2.0789535155337537,3.0
10,Processed,Awake,60,4,34,13645181354026486368,0.6741101478820268,0.6946839294216511,0.582665450880645,3.107499360122856,1.1434294291392555,49.0,0.42914047127705524,2.0946357460763645,4.0
10,Processed,Awake,60,4,35,14698305533031254447,0.6647034025862896,0.6960523699698649,0.6086288813168882,3.440586001085187,1.2718745121343864,54.0,0.43036425589096317,2.094231667445119,4.0
10,Processed,Awake,60,4,36,462823497575635016,0.6480685650721755,0.7079091954132122,0.5955271872150502,3.2147668393782385,1.1559252164153127,43.0,0.45793540336900707,2.0925438596491226,4.0
10,Processed,Awake,60,4,37,6941985427448284515,0.685830813786419,0.6721023475729914,0.6017180976148198,3.315177154944474,1.2512225598199682,55.0,0.3547775591495897,2.040154546708983,3.0
10,Processed,Awake,60,4,38,10663427116382818871,0.6753673738210364,0.6970578673428256,0.5821855353457791,3.157470067673087,1.178514405947078,46.0,0.43761098046743774,2.1215681712424383,3.0
10,Processed,Awake,60,5,0,16610931940364999469,0.7073407344122111,0.6687679602136865,0.5701876469741326,2.8823386705482776,0.9994930652779177,47.0,0.453760138215674,2.128066621652037,4.0
10,Processed,Awake,60,5,1,4245822672968919353,0.6258554244349203,0.7363568954470345,0.5743149205739789,3.0022579026593075,1.066467873205364,35.0,0.4546239861784326,2.114037045302388,4.0
10,Processed,Awake,60,5,2,1793183382373140159,0.7279405310617372,0.6461059267574436,0.5893842683687671,3.1923576813101118,1.1554764125725294,40.0,0.4148629841147958,2.0555225300202116,3.0
10,Processed,Awake,60,5,3,9392702780778211358,0.6609503583752262,0.704650200139348,0.5734030810577339,2.9929859719438876,1.0692839813729205,54.0,0.4479531602437971,2.1172734490189407,4.0
10,Processed,Awake,60,5,4,2177094580813692926,0.7326222972697489,0.6627079261290445,0.574074962806546,2.9719254658385093,1.0421829972769339,57.0,0.49138551614915776,2.111351685740798,3.0
10,Processed,Awake,60,5,5,14354407735618182183,0.6174849166427143,0.7370117713152509,0.5608772855977348,2.8842546890424483,1.0146479750387492,45.0,0.48471469021452224,2.1072397245983727,3.0
10,Processed,Awake,60,5,6,18268629467586863889,0.6593850739295428,0.7092976681929858,0.5725392330949752,3.023314749113026,1.0682014682118917,42.0,0.49371310649325717,2.139885595423817,4.0
10,Processed,Awake,60,5,7,11433417634900984812,0.7499268345609064,0.6390519686884208,0.5899121754571195,3.003176154409968,1.073289987232509,39.0,0.4437299035369775,2.1097547062179123,3.0
10,Processed,Awake,60,5,8,10537947708499611104,0.6973367351391826,0.6824078883002389,0.5711954695973509,2.994967287367891,1.0397550770993274,44.0,0.4563516821039497,2.1102973812694183,3.0
10,Processed,Awake,60,5,9,1149583724482851089,0.6668689290994331,0.7061676649562462,0.5734510726112204,2.9984943538268505,1.0568615197927487,60.0,0.46047895570379616,2.104859054513546,3.0
10,Processed,Awake,60,5,10,351830685898144071,0.7501463277438835,0.6333746039141672,0.552046839756203,2.9449564772145416,1.0564896390509142,46.0,0.3813888755579018,2.0590750097162847,3.0
10,Processed,Awake,60,5,11,2982585242882503980,0.6910258468618757,0.6802997581959206,0.5382252723520661,3.02780777537797,1.0790941597104051,37.0,0.43441954216057976,2.08836082593148,4.0
10,Processed,Awake,60,5,12,17459923857491118537,0.7068927437795695,0.6688843865784153,0.5772903968901474,2.982643193652368,1.0936736155368345,43.0,0.4349474492489322,2.088248847926267,3.0
10,Processed,Awake,60,5,13,17947288733000645923,0.7094173759648027,0.6762885916165757,0.6102126025819455,2.9805438349742146,1.0686409009735347,45.0,0.4736526371358641,2.098554114395067,3.0
10,Processed,Awake,60,5,14,11366769329201513223,0.6726941906788653,0.6962929701304266,0.5615011757930605,2.8746928746928746,0.9756255761753595,49.0,0.4409463934347555,2.0938924339106655,4.0
10,Processed,Awake,60,5,15,13011512657627283620,0.7125059634930501,0.6778307971328998,0.5771944137831742,2.9071791153009428,1.0344790967839734,50.0,0.44459375149973607,2.1023488029047996,3.0
10,Processed,Awake,60,5,16,1259550878238217387,0.6666789403132918,0.7110068145749381,0.5710994864903777,3.041144901610018,1.135530988927445,37.0,0.47945961510774104,2.17090395480226,4.0
10,Processed,Awake,60,5,17,15983895224696523860,0.6627503523392981,0.702035745729683,0.57964198301099,3.017237072195853,1.0915884108728389,35.0,0.4281806402073235,2.078024921392803,3.0
10,Processed,Awake,60,5,18,1364524013827976412,0.6282345379023675,0.7296999632907684,0.5832893410759706,3.257571696596087,1.2301922729303438,43.0,0.4034889859384748,2.077208153180976,3.0
10,Processed,Awake,60,5,19,1261240699959403238,0.6263939097602936,0.7393742649410042,0.5672601622114508,2.7923458540042523,0.964158290632998,34.0,0.4736286413591208,2.114861245044466,3.0
10,Processed,Awake,60,5,20,4675320341804403203,0.67772177909421,0.6929857810923428,0.5735950472716802,3.0151362260343086,1.052841672985571,39.0,0.4703412199452896,2.1033372679472047,3.0
10,Processed,Awake,60,5,21,3890356395128390010,0.6487353040176546,0.7176592678614397,0.567932043960263,3.0793650793650795,1.1202550201180652,51.0,0.48214714210298987,2.106847016881619,4.0
10,Processed,Awake,60,5,22,14009881659568690125,0.6907746330998574,0.6938530480066576,0.5779622786389595,3.045006321112516,1.1348036689744128,39.0,0.4846666986610357,2.1189676877885018,4.0
10,Processed,Awake,60,5,23,9240842800761783944,0.6648094394456758,0.713746246699884,0.5554542400537505,2.9279028585884137,0.9979963125267983,41.0,0.5082545471996929,2.130028157683025,4.0
10,Processed,Awake,60,5,24,12844017485257174234,0.6798663208197343,0.7051876048760304,0.5861688342851659,3.040577545431914,1.0861767018432673,44.0,0.49037769352593946,2.1168427594779367,3.0
10,Processed,Awake,60,5,25,5913917315994393075,0.8025579482494795,0.5807430311130163,0.566540288909152,2.969811320754717,1.0434076419198544,36.0,0.4150549503287421,2.0787165004206227,3.0
10,Processed,Awake,60,5,26,15170114842171700313,0.6827294771433339,0.6961081757610624,0.5385612132264721,2.8503937007874014,0.9851372258429805,41.0,0.42830061909104,2.1048349056603772,3.0
10,Processed,Awake,60,5,27,6668479258363273053,0.6590465007413597,0.7039930853381233,0.5771944137831742,3.127145085803432,1.0980305454171833,53.0,0.42813264865383693,2.1020263901979264,3.0
10,Processed,Awake,60,5,28,14118007545399150378,0.6374011892715581,0.7330167025127668,0.5517588904352834,2.9261898701959788,1.0291732071842088,36.0,0.48615443681911985,2.172887172887173,4.0
10,Processed,Awake,60,5,29,11829653072391833511,0.6366217753700222,0.720387644832694,0.5766665066948217,2.9530597198328827,1.0230751699268794,54.0,0.46047895570379616,2.118101545253863,4.0
10,Processed,Awake,60,5,30,11457589098020666036,0.5654627130123291,0.7655318391561512,0.5726352162019485,3.0276579548337987,1.0621075771048287,93.0,0.5014877381580842,2.134075359950985,3.0
10,Processed,Awake,60,5,31,15043412525580201941,0.7094637582590259,0.6641872715049307,0.5999904016893027,2.971007604562738,1.0768225047899895,42.0,0.4446417430532226,2.1042471042471043,4.0
10,Processed,Awake,60,5,32,5715348326209625911,0.6672739044399243,0.7057142874524911,0.5577098430676201,2.900898652021967,1.013464798117007,41.0,0.45217641695061667,2.121594235532538,4.0
10,Processed,Awake,60,5,33,1678127293194515850,0.690104974082886,0.6889710983057464,0.5781542448529059,2.997511818860413,1.0548596461094055,45.0,0.453592167778471,2.0898839137645107,3.0
10,Processed,Awake,60,5,34,2523172092149536728,0.7082486463726746,0.6633498823999293,0.5828094255411048,3.141231246766684,1.1366821827345484,36.0,0.3971061093247588,2.0489042961495603,3.0
10,Processed,Awake,60,5,35,15515726178821437791,0.6842391661289899,0.6993431147214644,0.5731151317368143,2.9728653223798855,1.0727762422581357,43.0,0.46638191678264623,2.118365122615804,3.0
10,Processed,Awake,60,5,36,7810694319524807678,0.6823443278227552,0.6877037392637682,0.597974756442866,3.065190651906519,1.1298776616588637,55.0,0.4578394202620339,2.134944612286002,4.0
10,Processed,Awake,60,5,37,2163413468702056052,0.6332855726199876,0.7287191695741357,0.5749868023227912,2.9365196078431373,1.055247152900283,42.0,0.48370686759130394,2.1344769165607795,3.0
10,Processed,Awake,60,5,38,9438966524326919629,0.7015159969300787,0.6721037821753046,0.5939914575034794,2.870361781076067,0.9694130671024399,43.0,0.41570283630081106,2.0705151189195647,3.0
10,Processed,Awake,60,6,0,669665518294214890,0.6595911871282807,0.7233415667998899,0.5803138647598023,2.9842053307008887,1.0950984424179577,37.0,0.5143494744924894,2.1686564144071228,4.0
10,Processed,Awake,60,6,1,1698253480189429498,0.7278549203499869,0.664374173372854,0.5618851082209532,3.059315390645414,1.135174934811964,41.0,0.5280510630129097,2.2402524686959175,4.0
10,Processed,Awake,60,6,2,5283451911001282709,0.6435450925488215,0.7191040738062484,0.5822815184527523,3.114219712525667,1.1559092578913106,54.0,0.5460718913471229,2.1820884073257263,4.0
10,Processed,Awake,60,6,3,10862498471994209202,0.6876246465321111,0.7043704540391433,0.5804578394202621,2.996036660886797,1.0969446436794719,37.0,0.5090943993857081,2.2109212171738224,4.0
10,Processed,Awake,60,6,4,6681353747709549595,0.5919864662919903,0.7472219752478864,0.5805058309737486,3.1039260969976907,1.1742135959047237,41.0,0.5344819311801123,2.230969551282051,4.0
10,Processed,Awake,60,6,5,1329314792915228726,0.6537029497663789,0.7142763884261114,0.5996544608148966,3.088235294117647,1.135348987185443,69.0,0.5388491625473917,2.1886939571150097,4.0
10,Processed,Awake,60,6,6,16242250936630223456,0.6295919235406324,0.7358848608313732,0.5934155588616403,3.056860321384425,1.1563758168740184,41.0,0.4929932331909584,2.1870342771982116,4.0
10,Processed,Awake,60,6,7,8778800468819235738,0.6068749105432462,0.7454890765706831,0.6145798339492249,3.1572978303747536,1.1655898533531803,61.0,0.5431684023611845,2.181572860447186,4.0
10,Processed,Awake,60,6,8,9827918927403546061,0.7410879984422805,0.6388973026991013,0.5797859576714498,2.9873887240356085,1.065957778295627,44.0,0.494600950232759,2.166036149642707,4.0
10,Processed,Awake,60,6,9,13496241432705767641,0.7229186868863052,0.6639444575253826,0.5621250659883861,3.012602880658436,1.1250582245472367,41.0,0.524715650045592,2.224969474969475,4.0
10,Processed,Awake,60,6,10,15690265842898710099,0.6534568978468942,0.7324481674277983,0.5787781350482315,2.899735513344554,1.0455711921298778,39.0,0.5490953592167779,2.235322848490769,4.0
10,Processed,Awake,60,6,11,5303642040400179430,0.7058299546278464,0.6671836827171495,0.575130776983251,3.123273390669794,1.1348119793417017,59.0,0.48121130681000146,2.1630892028907347,4.0
10,Processed,Awake,60,6,12,2201563126979009960,0.6842886138932559,0.7005953617862056,0.5675001199788837,3.044541709577755,1.1462265439263857,40.0,0.5017516917022604,2.1783519116574643,4.0
10,Processed,Awake,60,6,13,5328309974713841499,0.6405529029563639,0.7252822871233466,0.5604453616163555,2.937122736418511,1.0257489522112664,46.0,0.5454000095983107,2.233149931224209,4.0
10,Processed,Awake,60,6,14,18134913091355559598,0.6496096288581068,0.7309994949804277,0.5892402937083073,3.076421949386119,1.1482027287395713,43.0,0.5474396506214906,2.229235880398671,4.0
10,Processed,Awake,60,6,15,7674461411262487735,0.6744258995777828,0.7028445640563835,0.5708115371694582,2.9816996741037856,1.0940436017502742,42.0,0.5386092047799588,2.2001568319937266,4.0
10,Processed,Awake,60,6,16,18254358321429161475,0.7060477184775347,0.6885456931110912,0.5780102701924461,2.9643120846665028,1.0757144625773205,53.0,0.5321063492825263,2.191205533596838,4.0
10,Processed,Awake,60,6,17,5666994993574896493,0.6029021312291296,0.7654346595250349,0.6097326870470797,3.136262651197235,1.1791448064012278,38.0,0.5585496952536354,2.232163406214039,4.0
10,Processed,Awake,60,6,18,5236358576541053442,0.6650116389222764,0.7225556679113263,0.5882804626385756,3.1963494132985657,1.204818780133313,47.0,0.5301626913663195,2.1877413605307456,4.0
10,Processed,Awake,60,6,19,18328370410673952282,0.6201355185663123,0.7449339603568028,0.5786821519412584,2.9338199513381995,1.077241966225129,37.0,0.5413927148821808,2.2126115524173775,4.0
10,Processed,Awake,60,6,20,3701446023369834138,0.5927965628173991,0.7533246891541158,0.5776263377645534,2.916404167676278,1.1061118584779566,47.0,0.5383452512357825,2.2193095261648037,4.0
10,Processed,Awake,60,6,21,17902673121207766158,0.6441334486054872,0.737490228783543,0.6074290924797235,3.0462093862815887,1.0893014817851643,67.0,0.5788261266017181,2.2289780077619663,4.0
10,Processed,Awake,60,6,22,16924760944799211156,0.6509644462226372,0.7213970960992993,0.5746028698948985,2.9820672478206727,1.08067043988036,41.0,0.5084705091903825,2.1942632287459873,4.0
10,Processed,Awake,60,6,23,47147706609324312,0.6997094184668987,0.6809203432425673,0.5964390267312953,3.190757381258023,1.1641876990914828,54.0,0.514157508278543,2.1560676192392836,4.0
10,Processed,Awake,60,6,24,3254197973141138668,0.6545907742313202,0.7223317808114373,0.5974468493545136,3.026008750607681,1.0900078373158335,48.0,0.5190766425109181,2.14284299157999,4.0
10,Processed,Awake,60,6,25,3857030457397995551,0.6422091848991599,0.7116428518576801,0.6119882900609492,3.222643416729846,1.218629677896127,41.0,0.5270672361664347,2.1559678052610916,4.0
10,Processed,Awake,60,6,26,9784616867457533852,0.6655522759933005,0.7141060876495113,0.5921197869175026,3.17172236503856,1.2203938171058333,43.0,0.5276911263617603,2.183379666401906,4.0
10,Processed,Awake,60,6,27,8193046541705013421,0.6642412926519025,0.6972408513228632,0.562365023755819,2.9427423405323956,1.0793900760957231,47.0,0.5035753707347507,2.1855863361799623,4.0
10,Processed,Awake,60,6,28,8837580263350907897,0.6990195053328347,0.6892440631849515,0.6058453712146662,3.0028544243577544,1.0921829247390729,62.0,0.5167010606133321,2.156750801282051,4.0
10,Processed,Awake,60,6,29,6021084771560855408,0.6891014094503155,0.6977571234093323,0.6092527715122138,3.255963067453193,1.1854924807620564,46.0,0.5287709363152086,2.1822142998613585,4.0
10,Processed,Awake,60,6,30,11113702068848253217,0.6819453089819207,0.6938278506031488,0.5690838412439411,2.9409722222222223,1.0744101513113427,37.0,0.5208523299899218,2.180192848533548,4.0
10,Processed,Awake,60,6,31,17187761454780600226,0.5628517853303682,0.7669541928654794,0.6153476988050103,3.1250304655130394,1.1259576357306091,44.0,0.5759946249460095,2.2123502304147467,4.0
10,Processed,Awake,60,6,32,758276096000201844,0.6805097938710236,0.7091384230029636,0.5999424101358161,3.2293980883492637,1.1508235838849652,63.0,0.5360416566684264,2.206320987654321,4.0
10,Processed,Awake,60,6,33,12592196111124649020,0.5601589382299552,0.7720274403402027,0.5943273983778855,3.165644171779141,1.1510395698236666,59.0,0.5575898641839037,2.1956912028725313,4.0
10,Processed,Awake,60,6,34,13287886321891477666,0.6791452409409047,0.7106203244267308,0.5647646014301483,2.968718466195762,1.0615294687334416,38.0,0.5201084609108797,2.1849798387096775,4.0
10,Processed,Awake,60,6,35,7020728950536364146,0.673209459677262,0.7033873091888467,0.5922637615779622,3.149017606532279,1.1512860316145828,50.0,0.5224600470317224,2.187581633678288,4.0
10,Processed,Awake,60,6,36,5784471750905664409,0.6570475733138329,0.7324288617793654,0.5991265537265441,3.0271580989330746,1.0905949007702715,36.0,0.5345299227335989,2.209482245586193,4.0
10,Processed,Awake,60,6,37,11623396277418881336,0.6511512325171478,0.7088441285287101,0.5743629121274656,2.994994994994995,1.090613302003843,64.0,0.5261314008734462,2.2172110425725555,4.0
10,Processed,Awake,60,6,38,11873500732947927923,0.5835783969556687,0.7599286984937079,0.5616931420070068,3.075952693823916,1.125716947924773,42.0,0.5501991649469693,2.223957322987391,4.0
10,Processed,Awake,60,7,0,8890071071239451026,0.6845831311163043,0.6824593215405319,0.6041176752891491,3.1580531861515304,1.1961883774880875,42.0,0.4397226088208475,2.104145137214376,3.0
10,Processed,Awake,60,7,1,10013574262677827816,0.6929122881696146,0.6842127945655149,0.6084849066564285,3.0947034415425922,1.1222008644289747,47.0,0.4461774727647934,2.1024423337856173,3.0
10,Processed,Awake,60,7,2,5259861978953852227,0.7230157282312706,0.6453968466358161,0.593223592647694,3.037100737100737,1.1020984292841134,45.0,0.4126553726544128,2.0849903006789523,3.0
10,Processed,Awake,60,7,3,917025623500897053,0.7571621934414329,0.6217248898222941,0.597062916926621,2.9101754385964913,1.0233430214463861,43.0,0.4307961798723425,2.0834397121968204,4.0
10,Processed,Awake,60,7,4,8740989908626951876,0.695823488428133,0.6769427912972209,0.5558381724816432,2.9166456811886174,1.0431727345754458,44.0,0.4502087632576667,2.131076783280327,3.0
10,Processed,Awake,60,7,5,16953289827666677645,0.6556963451526403,0.7157525777081861,0.5760906080529826,3.0320788077797425,1.0917427690806665,43.0,0.4608628881316888,2.1163636363636362,4.0
10,Processed,Awake,60,7,6,12393789016567245998,0.6910801854203772,0.680196965359006,0.5930796179872343,2.889408463876549,1.0037730721753817,40.0,0.4873062341027979,2.120275631655878,3.0
10,Processed,Awake,60,7,7,9897606026069690729,0.7027700406895085,0.6787036649674306,0.5805058309737486,2.960352422907489,1.0257850561056732,59.0,0.4708691270336421,2.094013445736848,3.0
10,Processed,Awake,60,7,8,12070407433606050536,0.804156402528115,0.5738300451348474,0.585448960982867,3.0573934837092733,1.0998526240727304,46.0,0.37848538657196334,2.073757559821194,3.0
10,Processed,Awake,60,7,9,4814575818453610564,0.7137523332431678,0.6757547614774773,0.5986946297451649,2.9547607768829938,1.0490624373824011,37.0,0.5234198781014542,2.1543703703703705,4.0
10,Processed,Awake,60,7,10,16529052653229968433,0.7446779412103809,0.6468519986595427,0.5942314152709123,2.9828956877860757,1.0622308753615948,43.0,0.4594711330805778,2.1327689908665626,4.0
10,Processed,Awake,60,7,11,12794805619370801346,0.7077713095598098,0.6680773679350059,0.5997984354753564,3.1245,1.1468289024066711,46.0,0.4827470365215722,2.094098053502654,3.0
10,Processed,Awake,60,7,12,11010762914798948683,0.7532529546521273,0.6271052786445005,0.5944233814848586,3.1420598680872653,1.1339993542897073,45.0,0.43297979555598215,2.097164109716411,3.0
10,Processed,Awake,60,7,13,12982921289459076019,0.6827026934198448,0.6909708528998868,0.5711954695973509,3.024650571791614,1.0881221780920867,44.0,0.43005231079330036,2.108966815721346,3.0
10,Processed,Awake,60,7,14,7654247086076492637,0.7992663202582269,0.5915773346224023,0.5670681959975045,2.879142300194932,0.9940646925782847,36.0,0.47103709747084516,2.1376456495698575,4.0
10,Processed,Awake,60,7,15,17628305424990307792,0.6676637814224248,0.7024904440597886,0.5617891251139799,2.832325187515122,0.9651157397278696,39.0,0.5265633248548256,2.145482987876418,4.0
10,Processed,Awake,60,7,16,12560593396263845165,0.7210377529557136,0.6582602182761402,0.5635648125929836,2.9394242803504382,1.021696050745827,40.0,0.49942410135816095,2.14721964304137,3.0
10,Processed,Awake,60,7,17,18405117605162564572,0.6206446137103054,0.7210171375201092,0.5603973700628689,2.91925,1.0192145209164525,40.0,0.4845707155540625,2.131517838294279,3.0
10,Processed,Awake,60,7,18,12180438705045918782,0.6853061618428821,0.6867476733943417,0.5959591111964294,3.077571251548947,1.0945055143775528,37.0,0.4581273695829534,2.1427609427609426,3.0
10,Processed,Awake,60,7,19,13946487935666865175,0.7128054445465868,0.6622729713707174,0.5867447329270048,3.103833460269104,1.1155192215711662,50.0,0.473316696261458,2.113694813544792,3.0
10,Processed,Awake,60,7,20,9545202131792889336,0.7071496865593642,0.6728170428362835,0.5543984258770457,2.885835623282538,1.0157476804484105,36.0,0.48022747996352644,2.138597991023723,3.0
10,Processed,Awake,60,7,21,17704814131904572328,0.7400280667157811,0.6545001116762177,0.5811777127225608,2.9364694471387005,1.0269966660216179,38.0,0.48929788357249127,2.148456432409651,4.0
10,Processed,Awake,60,7,22,8845264293773202868,0.660636695422535,0.7032123988236948,0.6090608052982676,2.9805072804133395,1.070260839536455,37.0,0.42880453040264915,2.1195587712015183,4.0
10,Processed,Awake,60,7,23,17658512067111343400,0.6891546908867682,0.6844519609478907,0.560973268704708,2.793738049713193,0.9605334865147519,43.0,0.46103085856889187,2.130280518904535,3.0
10,Processed,Awake,60,7,24,7141183921076353787,0.7116901024633636,0.6559045577255853,0.5920238038105293,2.9862018881626726,1.0604350507754625,42.0,0.46002303594567356,2.0910776614310644,3.0
10,Processed,Awake,60,7,25,14942359780543636161,0.7480368637004616,0.643628884722206,0.5764265489273888,3.052350698856417,1.0943041961755084,37.0,0.44948888995536784,2.1271860095389505,3.0
10,Processed,Awake,60,7,26,12704921486814671533,0.709962673837881,0.6617635000552653,0.5899121754571195,2.9357535228086937,1.0365296154710812,58.0,0.448433075778663,2.0945976238511546,3.0
10,Processed,Awake,60,7,27,1850474604848591538,0.6926604664338711,0.6852403412339034,0.5790180928156644,3.0260847755204416,1.0950994429071876,35.0,0.47036521572203294,2.138788870703764,4.0
10,Processed,Awake,60,7,28,1371597051807575611,0.7110077951125802,0.6708738939945836,0.5627969477371982,2.8862909180408565,1.0284321697987877,77.0,0.4478331813600806,2.1355990387916237,4.0
10,Processed,Awake,60,7,29,4693023558430238210,0.7591510762247213,0.6215045181423623,0.6242261362000288,3.0800378877575185,1.0648362747237714,42.0,0.45232039161107646,2.072795249615131,3.0
10,Processed,Awake,60,7,30,3906232648999546318,0.7493307298876717,0.6372571762151948,0.5829534002015645,2.852077952571026,0.9654005084540975,47.0,0.45649565676440945,2.13369223867205,3.0
10,Processed,Awake,60,7,31,11538282047417000666,0.5927149722245968,0.7496029085004214,0.6034937850938235,3.0148645408774875,1.0813436683381,40.0,0.5235638527619139,2.163510163609321,4.0
10,Processed,Awake,60,7,32,15997195469521100077,0.6180440396298148,0.7240767896800278,0.5833853241829438,3.0141333994545003,1.0426955115403844,45.0,0.4862264241493497,2.13564502529511,3.0
10,Processed,Awake,60,7,33,10551470027000122563,0.7196890004677413,0.6619470350297084,0.5816096367039401,2.963080684596577,1.0631628596209708,43.0,0.4584873062341028,2.149510631117111,3.0
10,Processed,Awake,60,7,34,9661770709138325686,0.6368724083021926,0.7336869217015137,0.5639487450208763,3.1966811751904243,1.199069366295723,37.0,0.48514661419590155,2.1394708994708993,4.0
10,Processed,Awake,60,7,35,12281188204181030779,0.7217022711103921,0.6534301460545326,0.5918798291500695,3.1892940263770364,1.1543019796170415,36.0,0.4070643566732255,2.101846115722959,3.0
10,Processed,Awake,60,7,36,3244085155939192784,0.6914983355470795,0.6917663684857952,0.602389979363632,3.018759018759019,1.0624224164920792,53.0,0.5170609972644814,2.139608777678483,3.0
10,Processed,Awake,60,7,37,12371685319765825336,0.6758422902441024,0.6775795171908653,0.5902481163315256,3.000487923883874,1.0745634630628218,38.0,0.45618371166674665,2.12152661533311,3.0
10,Processed,Awake,60,7,38,14443143008397056760,0.6931839633789086,0.6813820613227834,0.5538705187886932,2.9092513234182,1.0012259309026255,57.0,0.4672217689686615,2.1458011902137977,4.0
10,Processed,Awake,60,8,0,16911545494318292581,0.5733749439793496,0.7832334833899153,0.5450880645006478,2.9333677685950414,1.0389790987960152,39.0,0.5388011709939051,2.2454,4.0
10,Processed,Awake,60,8,1,1593576777652111278,0.6397229456819001,0.7391923900997468,0.5972068915870806,3.018190637885035,1.097798292405122,43.0,0.5389451456543648,2.200450671108063,4.0
10,Processed,Awake,60,8,2,8665364866082067763,0.5760359426375035,0.7736510244850449,0.5655804578394202,2.9149146673262427,1.059270919929057,40.0,0.5514469453376206,2.232682405518313,4.0
10,Processed,Awake,60,8,3,1262250852733409067,0.5220515430979209,0.7881784587134794,0.5744109036809522,3.146424815983176,1.1737314910148653,57.0,0.5122138503623362,2.1967685499639806,4.0
10,Processed,Awake,60,8,4,13928390267517988323,0.5249119025464166,0.7982613424040519,0.6036857513077698,2.9878859857482185,1.043971250361764,48.0,0.5284349954408024,2.1786703601108033,4.0
10,Processed,Awake,60,8,5,11056272561908714253,0.6577580176531674,0.7242710545381552,0.5829054086480779,2.922521655437921,1.065537223761736,42.0,0.5091903824926813,2.158917489062977,4.0
10,Processed,Awake,60,8,6,17776771752046709939,0.6268280567778801,0.7491646144317293,0.5968709507126746,2.981064237775647,1.0905099412344736,39.0,0.5707395498392283,2.2080393613070926,4.0
10,Processed,Awake,60,8,7,7135578380038268574,0.5942126248582641,0.7734599089850125,0.6115083745260834,3.103263516804676,1.1346582820359665,48.0,0.5655084705091904,2.2218346375035356,4.0
10,Processed,Awake,60,8,8,13342396048435844067,0.5630077144111427,0.7762259405750923,0.5697077314392667,2.9529850746268655,1.0507355912620555,47.0,0.548207515477276,2.2137596899224805,4.0
10,Processed,Awake,60,8,9,18058993025041978901,0.517234992297455,0.7957577736012793,0.5859288765177328,3.03630937577717,1.1096488057795673,42.0,0.5604453616163555,2.2382367034020123,4.0
10,Processed,Awake,60,8,10,8014907483407712565,0.584694949886789,0.7615456492356792,0.5586216825838652,2.976220915366914,1.0748518651686212,43.0,0.5208043384364351,2.1693153423288356,4.0
10,Processed,Awake,60,8,11,18054011039712222711,0.6954615107376932,0.6856238600704248,0.5476316168354369,2.978595666927695,1.0873545301856615,57.0,0.5027355185487354,2.1851272423863164,4.0
10,Processed,Awake,60,8,12,8136379129552719061,0.598157389140601,0.7657920409884126,0.562365023755819,2.9992321474276937,1.1042874732272439,44.0,0.5513749580073907,2.2205257054503287,4.0
10,Processed,Awake,60,8,13,14735986918215886402,0.6479114764410489,0.721426351090569,0.5867927244804915,2.8857682322397924,1.0186615781248036,42.0,0.508758458511302,2.174341093221208,4.0
10,Processed,Awake,60,8,14,968136293900756457,0.6800802727262745,0.6992400216776086,0.5609252771512214,3.009268795056643,1.1043594871441462,36.0,0.5362096271056294,2.222376926902039,4.0
10,Processed,Awake,60,8,15,12954737373319105413,0.5200385950528923,0.810159773167988,0.6085808897634016,3.0816524908869987,1.1452405374749932,38.0,0.551638911551567,2.213034270311898,4.0
10,Processed,Awake,60,8,16,17709442834137114,0.5762837204034711,0.772756162956887,0.6003743341171953,2.877184912603496,1.0140683970215747,65.0,0.5443441954216058,2.212738977760437,4.0
10,Processed,Awake,60,8,17,6361209734315490200,0.6764929568763354,0.7073289887452358,0.5414886979891539,2.8658877317754636,1.0042164042802133,42.0,0.4821951336564765,2.1584317937701396,4.0
10,Processed,Awake,60,8,18,15244108637845168839,0.576199253773715,0.774541554634977,0.5574698853001872,2.785611510791367,0.9691750202905255,48.0,0.537001487738158,2.2185981956974326,4.0
10,Processed,Awake,60,8,19,14461393625054568776,0.5275435447299922,0.8067450157152325,0.5871766569083842,3.0420188960716064,1.1160963430304083,42.0,0.5655084705091904,2.205821789591913,4.0
10,Processed,Awake,60,8,20,5403207297679168675,0.6512536919640506,0.735376651347133,0.5689398665834813,2.9959565327268134,1.0850674986054165,44.0,0.5123098334693094,2.214960058097313,4.0
10,Processed,Awake,60,8,21,448114196905753059,0.5452948548626335,0.7922982029966454,0.5715314104717569,3.0172282746389665,1.0671989026088955,44.0,0.5502711522771992,2.259978318714891,4.0
10,Processed,Awake,60,8,22,1589337807506302571,0.6697211301017831,0.7058682301340754,0.5493113212074675,2.928863868986694,1.0264686840792279,43.0,0.4847386859912655,2.1665594165594166,4.0
10,Processed,Awake,60,8,23,1083646470014219765,0.6198669972704091,0.7452216464374126,0.5524307721840956,2.9675174013921115,1.0728244833330516,56.0,0.5054230455439842,2.197266847485917,4.0
10,Processed,Awake,60,8,24,17686156430055705150,0.632186206030901,0.7435187703034761,0.5589576234582714,2.9802968270214945,1.0850978242492018,36.0,0.5153333013389644,2.1562248995983935,4.0
10,Processed,Awake,60,8,25,10046743231924405031,0.5711165170821295,0.7859346022723872,0.5870326822479244,2.9340369393139842,1.0382473288979774,34.0,0.5877765513269665,2.209344277081266,4.0
10,Processed,Awake,60,8,26,15422462248678522531,0.6657511745695655,0.7232418002589678,0.5338100494313001,2.796831782750817,1.0028525639840646,52.0,0.49596870950712674,2.192067027256337,4.0
10,Processed,Awake,60,8,27,4836592894646738051,0.528614838761951,0.8014114024422092,0.5686999088160484,2.9969650986342944,1.0930102571172005,41.0,0.5448241109564717,2.23650512214342,4.0
10,Processed,Awake,60,8,28,11041864293647491321,0.49755110305349576,0.8158325325035756,0.5931276095407209,2.9433198380566803,1.0941349868919785,34.0,0.5892882852617939,2.279587858535227,4.0
10,Processed,Awake,60,8,29,1800434749205341102,0.6408399397037919,0.7221130943164877,0.5536305610212603,2.910191725529768,1.048770504082159,53.0,0.4822671209867063,2.181009224091156,4.0
10,Processed,Awake,60,8,30,13487230945533775986,0.6474149682119742,0.7194694884647279,0.5750347938762778,2.943980343980344,1.081788889297972,46.0,0.4970005279070884,2.1640371956953297,4.0
10,Processed,Awake,60,8,31,16892122490214773961,0.514669106613149,0.8047909214701776,0.5891443106013342,2.991228070175439,1.0853335416515288,72.0,0.5469597350866248,2.204448742746615,4.0
10,Processed,Awake,60,8,32,6835967743969866689,0.524073838851342,0.7883761917804906,0.5583337332629458,2.926056338028169,1.0721601376734091,62.0,0.538057301914863,2.2382711119984027,4.0
10,Processed,Awake,60,8,33,2560560063066319088,0.6270223007158117,0.7438223527219266,0.5505111100446322,3.0322495374041765,1.1372491761867611,59.0,0.4971924941210347,2.1918967523537503,4.0
10,Processed,Awake,60,8,34,10706191968263079820,0.5888409644673993,0.7697207524400955,0.592887651773288,2.9689978370583994,1.0836339737868679,54.0,0.5668282382300716,2.195353159851301,4.0
10,Processed,Awake,60,8,35,5256687929880913338,0.6904218401265723,0.6992666200408707,0.550991025579498,2.7342224339128363,0.936514366822154,35.0,0.533642078994097,2.175176056338028,4.0
10,Processed,Awake,60,8,36,8692982586310142121,0.6033760968687246,0.7429202808166449,0.6002783510102222,3.0241779497098644,1.1110686548677242,56.0,0.5047991553486586,2.1667524976825625,4.0
10,Processed,Awake,60,8,37,2723767441376104170,0.700800817223353,0.69205689379933,0.5636607956999569,2.9057397328055417,1.0248841939210658,40.0,0.5462158660075827,2.202089581116378,4.0
10,Processed,Awake,60,8,38,10910754069156460694,0.4734344897130932,0.8364130052055765,0.5986946297451649,3.1195298824706175,1.184568155053339,40.0,0.5566060373374286,2.238347968734922,4.0
10,Processed,Awake,60,9,0,8593383586380761600,0.626638546221835,0.7124284065691894,0.6101166194749724,3.0992198927352512,1.1140327071304745,44.0,0.487642174977204,2.1290728129910947,3.0
10,Processed,Awake,60,9,1,3165541414723200852,0.6525235907842549,0.7097894153531421,0.6169314200700676,3.3320373250388804,1.2195860195630357,49.0,0.5030234678696549,2.179559159908505,4.0
10,Processed,Awake,60,9,2,5397340542750209022,0.7069741418122292,0.6796147634938864,0.5977347986754331,3.339142091152815,1.1860240732743903,60.0,0.44101838076498534,2.117152401797028,3.0
10,Processed,Awake,60,9,3,2313341250742167342,0.6745718110904312,0.6956477493612243,0.6074290924797235,3.2362567118384047,1.187056305523277,64.0,0.4473532658252148,2.1185227272727274,3.0
10,Processed,Awake,60,9,4,13874410240865863936,0.7653872528803772,0.6156624623559526,0.6063252867495321,3.366373567812417,1.2824448503974764,46.0,0.40576858472908767,2.058680301923545,3.0
10,Processed,Awake,60,9,5,2111892740337502006,0.6725407849112504,0.701693150391829,0.6194269808513702,3.251133501259446,1.193898576972843,53.0,0.4543120410807698,2.0927379241737594,3.0
10,Processed,Awake,60,9,6,8059418819065405826,0.6956345614691383,0.6843485287494546,0.6154436819119835,3.2245411113904954,1.1667996454303402,57.0,0.4636943897873974,2.1004347826086955,3.0
10,Processed,Awake,60,9,7,16986992635419895431,0.7382186622640208,0.6343079730465894,0.5905360656524452,3.4642454954954953,1.2908319014525176,49.0,0.4278686951096607,2.046482267875588,3.0
10,Processed,Awake,60,9,8,16391575694889681783,0.7217354599048169,0.644211120264024,0.6048375485914479,3.1523261630815407,1.1493446822266258,39.0,0.4328598166722657,2.0842287694974004,3.0
10,Processed,Awake,60,9,9,14014969083524562139,0.7220738469655805,0.6599898190609217,0.5907760234198781,3.3781558726673984,1.2366973707070317,46.0,0.4528482986994289,2.116644235082997,3.0
10,Processed,Awake,60,9,10,4313702036160608492,0.7586770322693154,0.6219307444947962,0.6137639775399529,3.2459390862944164,1.2298399980791892,61.0,0.4080481835197005,2.0679800559406543,3.0
10,Processed,Awake,60,9,11,14305280308868908075,0.7418962711988721,0.6200294958326523,0.6090608052982676,3.219431760527651,1.1970875927636315,51.0,0.4390987186255219,2.0934675666399727,4.0
10,Processed,Awake,60,9,12,1478967925515875356,0.7701528014696124,0.6077946410131206,0.591015981187311,3.526632302405498,1.3544605943819255,41.0,0.40514469453376206,2.0681038706516413,3.0
10,Processed,Awake,60,9,13,2851511779680913814,0.6741609260577363,0.6918200369907253,0.6254739165906801,3.366830276414363,1.2257047467049593,71.0,0.4423141527091232,2.094897147403114,3.0
10,Processed,Awake,60,9,14,16877067058343636438,0.6414989830902679,0.7175437430561667,0.6132840620050871,3.2466971544715446,1.1887987969774072,51.0,0.4753323415078946,2.085596967782691,3.0
10,Processed,Awake,60,9,15,14331518225281573817,0.7213047225488736,0.6647252498228636,0.615395690358497,3.3603249475890986,1.2505546213180996,47.0,0.44660939674617267,2.0945307224848078,3.0
10,Processed,Awake,60,9,16,544821746165959072,0.6311305634008658,0.7271632686667444,0.5885684119594952,3.144615384615385,1.150278513176824,48.0,0.46520612372222486,2.1311421347697044,3.0
10,Processed,Awake,60,9,17,16833105838009231241,0.6950983613963146,0.6723082471852808,0.596247060517349,3.3245919186513246,1.240374579135322,55.0,0.42976436147238084,2.0859538784067087,4.0
10,Processed,Awake,60,9,18,8931949341836939900,0.7594518273524629,0.6160731821612204,0.5884724288525219,3.1505652620760536,1.1518859718325316,50.0,0.4176944857705044,2.0929421666466275,4.0
10,Processed,Awake,60,9,19,5015372721215516408,0.6267039368269898,0.7325508776120511,0.6103565772424053,3.2164896307536672,1.187578302484086,46.0,0.47300475116379515,2.1134341160072907,4.0
10,Processed,Awake,60,9,20,11306127140851288556,0.6468699240605891,0.7047186599496597,0.5876085808897634,3.4431946006749157,1.2765870590917379,45.0,0.43689110716513896,2.0898760330578514,4.0
10,Processed,Awake,60,9,21,10233957905840365069,0.7170008494755563,0.6490293136087939,0.5936075250755867,3.288752991225738,1.2251029482983573,50.0,0.42587704563996737,2.1098430813124107,3.0
10,Processed,Awake,60,9,22,13753686071491733837,0.7638931519836918,0.6156709414028106,0.5849210538945145,3.067707022401208,1.0936882718474932,38.0,0.44279406824398904,2.0936010891763104,4.0
10,Processed,Awake,60,9,23,5826539539502834120,0.7267807227280776,0.6434782570109134,0.5864567836060853,3.1038862077724154,1.1681945516568797,29.0,0.4331717617699285,2.0711335474988526,3.0
10,Processed,Awake,60,9,24,10853828606370199901,0.736132512480469,0.6392021823673306,0.606565244516965,3.2931214174048984,1.2174849285306404,92.0,0.3740701636511974,2.085484949832776,3.0
10,Processed,Awake,60,9,25,14518315492076345982,0.6369270644178863,0.7195678234084653,0.6017180976148198,3.186277001270648,1.167763086985119,41.0,0.4335077026443346,2.11843339587242,4.0
10,Processed,Awake,60,9,26,6267573194959675520,0.6816277966468463,0.6830414291501746,0.5992225368335173,3.129323308270677,1.1548599154569033,36.0,0.4672217689686615,2.1083919870059558,3.0
10,Processed,Awake,60,9,27,9795303574919034804,0.7419470533425153,0.6513489053342902,0.6379517204971925,3.306716417910448,1.151815258138733,69.0,0.4975044392186975,2.133024691358025,4.0
10,Processed,Awake,60,9,28,1838282165612277812,0.6983503686019724,0.6706340971095304,0.6194749724048567,3.180877279448004,1.1705192814571712,77.0,0.4646302250803859,2.1617729150385174,4.0
10,Processed,Awake,60,9,29,4987629657124318816,0.7438890225015194,0.6441963074176588,0.596583001391755,3.291236431029918,1.2383554974550062,51.0,0.43953064260690117,2.098648029330889,3.0
10,Processed,Awake,60,9,30,6045363583714313522,0.656008610687616,0.6962114061271196,0.594855305466238,3.2549894957983194,1.168066884281886,40.0,0.4647502039641023,2.123218592413944,3.0
10,Processed,Awake,60,9,31,3719339966857544689,0.6723923388208628,0.698459514027577,0.6105005519028651,3.4747336793225894,1.3197337202567025,42.0,0.440826414551039,2.11647465437788,3.0
10,Processed,Awake,60,9,32,14916452271036913239,0.5570257885949698,0.7521046519838063,0.6459183183759658,3.2802827199610043,1.2059720738126853,48.0,0.5017516917022604,2.1354166666666665,4.0
10,Processed,Awake,60,9,33,9635790516239762580,0.6817960259983525,0.6807932444210635,0.596583001391755,3.274762908324552,1.1545801241602913,48.0,0.4735566540288909,2.114766395199314,4.0
10,Processed,Awake,60,9,34,8946920716028064573,0.675941894391657,0.7002452872007034,0.6245140855209483,3.32728202505753,1.2166798382689628,49.0,0.4942170178048663,2.164354770912148,4.0
10,Processed,Awake,60,9,35,16271149834999806619,0.6349322833193771,0.711091988044131,0.6122282478283823,3.3264667535853976,1.21951885519024,48.0,0.4801794884100398,2.1320051139995737,4.0
10,Processed,Awake,60,9,36,6482156303468442884,0.7074461076903326,0.6760688232583608,0.6120362816144359,2.9817629179331306,1.063524679164149,38.0,0.4269328598166723,2.1070582662245383,3.0
10,Processed,Awake,60,9,37,7224534295353518991,0.7518792451627656,0.6224104307269099,0.6019100638287661,3.17840851495185,1.1817253119420401,47.0,0.41673465470077264,2.0843734997599617,3.0
10,Processed,Awake,60,9,38,6312874681632297654,0.6705123931417982,0.6992552545238886,0.6086768728703749,3.158117529880478,1.1678461123090678,47.0,0.435667322551231,2.0982318271119844,3.0
10,Processed,Awake,60,14,0,709523829906186210,0.6793108075961709,0.7057794162582479,0.517348946585401,3.0332020258863253,1.135952143316369,39.0,0.4755722992753275,2.1432897155834323,4.0
10,Processed,Awake,60,14,1,14994921160282573752,0.5899456551001568,0.7695878567199338,0.5655804578394202,2.9647798742138365,1.1320021354197405,35.0,0.49659259970245234,2.2114768112844625,4.0
10,Processed,Awake,60,14,2,9360563460442898710,0.6217413146565867,0.7531654672769552,0.5309305562221049,2.9120821268754935,1.1006993249450174,42.0,0.4896818160003839,2.1670383349261972,4.0
10,Processed,Awake,60,14,3,12644666073171030883,0.5377799685705208,0.7991358904481237,0.5305946153476988,2.9648699383212658,1.1274976682384554,66.0,0.5037193453952105,2.2540534736389994,4.0
10,Processed,Awake,60,14,4,6326436248178844962,0.5820075445987104,0.7852909354296348,0.5417766473100735,2.8849987222080244,1.0377115063921467,38.0,0.5178288621202668,2.2528447645892054,4.0
10,Processed,Awake,60,14,5,4097542376665033817,0.5513242858157992,0.789690157992225,0.5445121658588088,3.040192926045016,1.162020008955265,45.0,0.4701492537313433,2.192346424974824,4.0
10,Processed,Awake,60,14,6,4537411522487400130,0.6108242728974619,0.7655123728371263,0.5853529778758938,3.142746714764236,1.1885129410153827,42.0,0.5489753803330614,2.205533596837945,4.0
10,Processed,Awake,60,14,7,16437020338088979288,0.6545845284935271,0.7426929302790791,0.5344819311801123,2.880755302638386,1.0634136648722516,41.0,0.5114219897298076,2.171029846185189,4.0
10,Processed,Awake,60,14,8,3294738780998776922,0.477621008719527,0.8342115094704137,0.5521428228631761,3.0332190877933036,1.146241596272269,35.0,0.5427844699332918,2.25658419792498,4.0
10,Processed,Awake,60,14,9,6948714904764002830,0.5794828349327846,0.7888505061231018,0.5064548639439459,3.0168667810177245,1.1178000416749083,62.0,0.4822671209867063,2.18290431193657,4.0
10,Processed,Awake,60,14,10,16902390010068790368,0.6001178261464815,0.7749285505183241,0.5665882804626385,3.0419994846689,1.1521553351888572,46.0,0.4890819215818016,2.184565916398714,4.0
10,Processed,Awake,60,14,11,15529165687118435951,0.5663685938137073,0.7618187556218562,0.5477755914958967,2.9677587103484138,1.139013513397569,42.0,0.49702452368383165,2.181004527745604,4.0
10,Processed,Awake,60,14,12,6507693085582140028,0.5702682138398305,0.7789186348627799,0.5800739069923694,3.1000256476019494,1.147067945901043,49.0,0.5285549743245189,2.2137688442211054,4.0
10,Processed,Awake,60,14,13,11709610141800692387,0.47222247038936477,0.8343115728492021,0.5922637615779622,3.048666007905138,1.1474774839217643,48.0,0.5234438738781975,2.207894736842105,4.0
10,Processed,Awake,60,14,14,14724695717894004105,0.5504305252494289,0.7893725845080735,0.550991025579498,3.016552811350499,1.1220831296588873,41.0,0.4790276911263618,2.193977360149467,4.0
10,Processed,Awake,60,14,15,249368349641253618,0.5629583176328764,0.7922188392502245,0.521524211738734,2.942594096940157,1.1205846020664634,37.0,0.48123530258674474,2.186307641992805,4.0
10,Processed,Awake,60,14,16,2431695163379510496,0.6075809636811021,0.7588067690459094,0.5873206315688438,2.956038647342995,1.089987314632535,50.0,0.54787157460287,2.2134755210857975,4.0
10,Processed,Awake,60,14,17,11513227318293120657,0.5428235464903601,0.7946141783968771,0.5439362672169699,3.0757123473541386,1.1624991600146979,39.0,0.5138695589576234,2.216414820948044,4.0
10,Processed,Awake,60,14,18,17134890739743379037,0.5457918344705196,0.7845999891654821,0.5650525507510679,3.1925162689804774,1.1871544784435468,56.0,0.5077266401113404,2.1865247494058075,4.0
10,Processed,Awake,60,14,19,7767512130893402933,0.5470623502016653,0.7870828037505538,0.5749388107693046,3.055343024738587,1.1523297461205741,44.0,0.512189854585593,2.2068858560794045,4.0
10,Processed,Awake,60,14,20,4113731906758395255,0.6241752154612806,0.7514990242534176,0.5576618515141335,3.056286165176223,1.115765987139269,60.0,0.532898209915055,2.206896551724138,4.0
10,Processed,Awake,60,14,21,2582314280961404444,0.53202159659128,0.7975319082399372,0.522915966789845,2.7952796305797847,0.9609347196716763,53.0,0.523491865431684,2.184658521930703,4.0
10,Processed,Awake,60,14,22,12310355447274765051,0.6092394912983129,0.7584411144273366,0.5352977875893843,2.931406044678055,1.0923352729346374,34.0,0.5115659643902674,2.2151911886949294,4.0
10,Processed,Awake,60,14,23,14530179210556342630,0.6086857639390777,0.7440785444961892,0.5505111100446322,3.153106102253986,1.2090059391660566,32.0,0.4401545328022268,2.153692614770459,4.0
10,Processed,Awake,60,14,24,4223274368075393340,0.5510909119215897,0.8000182435829465,0.5330421845755147,3.1482426303854876,1.2230887626698306,37.0,0.46935739309881463,2.1849865951742626,4.0
10,Processed,Awake,60,14,25,10868830534473767418,0.5124884137487871,0.8098242179650004,0.5151893266785046,2.941095890410959,1.0595280364527047,45.0,0.5119019052646734,2.25007910557958,4.0
10,Processed,Awake,60,14,26,12069360895559790287,0.6116391647347755,0.7645699291567973,0.5552622738398042,3.024046001045478,1.1239404835489606,45.0,0.5263953544176225,2.208052340211374,4.0
10,Processed,Awake,60,14,27,423757646140334244,0.5460943651453012,0.8002020337404386,0.5360656524451697,2.970744680851064,1.1183283916179192,53.0,0.5097182895810337,2.208108108108108,4.0
10,Processed,Awake,60,14,28,1285017931811246843,0.6261379421847768,0.7407788345861337,0.5517108988817968,3.157374347706674,1.2003252502252062,37.0,0.46050295148053944,2.150011203226529,4.0
10,Processed,Awake,60,14,29,11124779004982939767,0.5408709105447684,0.7988692337045926,0.5627969477371982,3.00846587993843,1.134627762162168,44.0,0.5112540192926045,2.196268425935471,4.0
10,Processed,Awake,60,14,30,9773567344391587781,0.5888706260536608,0.7739101494549971,0.5382252723520661,3.021282327586207,1.1498004799878216,35.0,0.49186543168402364,2.1848219995736518,4.0
10,Processed,Awake,60,14,31,1881052872739184418,0.5638698497548759,0.7889068330428988,0.5739309881460863,3.2165142549757935,1.2031174929238142,40.0,0.5250035993665115,2.1966867469879516,4.0
10,Processed,Awake,60,14,32,6382956046757862713,0.5542520073401538,0.7987602316701337,0.5430244277007247,2.9643699240241026,1.0915795029350648,38.0,0.5268512741757451,2.2595451270968407,4.0
10,Processed,Awake,60,14,33,6181048414454498051,0.5360436820801756,0.8035409142652418,0.5074626865671642,2.9065420560747666,1.0487385184657751,53.0,0.5142774871622594,2.2595677385345283,4.0
10,Processed,Awake,60,14,34,4808327405893704084,0.5957960586255598,0.7719236975751705,0.5701876469741326,3.0055653933721223,1.0969433809227809,36.0,0.4969285405768585,2.1956106870229006,4.0
10,Processed,Awake,60,14,35,1525407644706679562,0.5431500024190957,0.7856865582200069,0.5391371118683111,2.876088069636457,1.041990548216271,53.0,0.49980803378605365,2.177854454203262,4.0
10,Processed,Awake,60,14,36,5449978543759413334,0.6669907890770325,0.7099291436680041,0.5327062437011086,2.9655356665776114,1.0940859952007098,49.0,0.47967557709843067,2.156651202934513,4.0
10,Processed,Awake,60,14,37,15172549278060348981,0.4992671581189721,0.8108062917308225,0.5972068915870806,3.3397745571658617,1.2395349191166654,73.0,0.5083265345299227,2.196143479162347,4.0
10,Processed,Awake,60,14,38,17446679798852174559,0.5771303893225302,0.7768235171320632,0.5325142774871623,3.0985758168109467,1.1802107745921626,30.0,0.47166098766617076,2.163804491413474,4.0
10,Processed,Awake,60,15,0,8052810434097232582,0.7230001679389981,0.6462175899526605,0.5869846906944378,3.005159705159705,1.0880637401216675,47.0,0.3721265057349906,2.0537677128857106,3.0
10,Processed,Awake,60,15,1,15578412749471982717,0.7711871854453397,0.5943052676748604,0.5607813024907616,2.944066515495087,1.0690476833050415,38.0,0.34789077122426454,2.0299635956314757,3.0
10,Processed,Awake,60,15,2,11776896578718811432,0.7651811389720736,0.6230429808541489,0.5707635456159715,2.983692925238334,1.0866305781323513,50.0,0.3964822191294332,2.06125249500998,3.0
10,Processed,Awake,60,15,3,17631360244359308462,0.7069683865372764,0.6711815992654855,0.5626529730767384,2.7894361170592434,0.9811269276424703,37.0,0.4422661611556366,2.08566255516578,3.0
10,Processed,Awake,60,15,4,6803781435633041589,0.7190376628714902,0.6526439951673038,0.5428804530402649,2.9162155194637793,1.0520792430733705,50.0,0.3969621346642991,2.0606626806178374,3.0
10,Processed,Awake,60,15,5,263053390584522943,0.757354695995922,0.6229239911459126,0.5838652397178097,3.0761061946902655,1.1446337533113518,46.0,0.36749532082353503,2.0414556118368434,3.0
10,Processed,Awake,60,15,6,15921442285752625965,0.7547970308525811,0.6286321272589164,0.534050007198733,2.8387755102040817,1.0238262342606508,31.0,0.38858760858088975,2.0668793873643905,3.0
10,Processed,Awake,60,15,7,7452365226168520550,0.7835970629531639,0.5995967201007455,0.5332821423429477,2.8492307692307692,1.0051184429254747,33.0,0.4098718625521908,2.0495560355171585,3.0
10,Processed,Awake,60,15,8,3397858591778048212,0.7327057971417177,0.6504868448102975,0.5931276095407209,2.9384213029006183,1.0522070387645284,36.0,0.4252291596678984,2.0560389836407937,3.0
10,Processed,Awake,60,15,9,4243867143810645967,0.7681083407495756,0.6166645142062651,0.5829054086480779,3.025155666251557,1.082294671595524,62.0,0.3609684695493593,2.0491758615992373,3.0
10,Processed,Awake,60,15,10,456534683512612481,0.7141162491777592,0.6568930620816439,0.5753707347506839,2.9675742574257424,1.08103193139678,34.0,0.39597830781782406,2.070254673190315,3.0
10,Processed,Awake,60,15,11,17136265077136295625,0.7547944255640446,0.6365170563915536,0.586264817392139,2.9758830694275273,1.0592913796375925,43.0,0.4056726016221145,2.047970926711084,4.0
10,Processed,Awake,60,15,12,14674603093072363441,0.6651117917188198,0.696799675949961,0.562365023755819,2.9442211055276384,1.0170599678426817,48.0,0.4446417430532226,2.074563367666816,3.0
10,Processed,Awake,60,15,13,5111521251124081339,0.8273418753676757,0.541611263158611,0.5603973700628689,2.742367308595585,0.9495574585023199,33.0,0.3623602246004703,2.026979865771812,3.0
10,Processed,Awake,60,15,14,2633391156901161921,0.734486931084629,0.6361699691463438,0.5832413495224841,3.074373893245636,1.130844340885605,58.0,0.3807409895858329,2.0423477925086884,3.0
10,Processed,Awake,60,15,15,4892141216252139900,0.7628886227135935,0.621729588154294,0.6039257090752027,2.9976179132920437,1.0883699355321301,42.0,0.3866919422181696,2.0748036564954293,3.0
10,Processed,Awake,60,15,16,11390198369163798602,0.8164040642784204,0.5592425938428138,0.5687479003695349,2.918965517241379,1.0392543885463454,53.0,0.36439986562365023,2.0507765023632682,3.0
10,Processed,Awake,60,15,17,3916939929371506096,0.7139895769452632,0.6680615310840022,0.5492153381004943,3.0147523709167543,1.0875765700468358,41.0,0.4282286317608101,2.1034889203206033,3.0
10,Processed,Awake,60,15,18,817322035726700543,0.758174213366471,0.6262113475515001,0.6080049911215626,3.1074319352465047,1.1490513816477554,45.0,0.37440610452560347,2.0406748626732933,3.0
10,Processed,Awake,60,15,19,15104514552018891266,0.7754062775268973,0.6008294006680983,0.5578058261745933,3.0041354355130525,1.088893349663968,42.0,0.37903728943705906,2.056770833333333,3.0
10,Processed,Awake,60,15,20,13602378811938855932,0.7673346711613358,0.611615261673271,0.5532466285933676,2.847826086956522,0.9791859387056904,39.0,0.37565388491625473,2.067758552370889,4.0
10,Processed,Awake,60,15,21,14707902965770808166,0.7482731531993835,0.6265675900142588,0.582665450880645,2.9518599562363237,1.0285378693521128,41.0,0.37008686471181074,2.078011317704123,3.0
10,Processed,Awake,60,15,22,2343941322156119978,0.727006336906723,0.6539445985904964,0.5878005471037098,2.9343555342597027,1.0892525706970353,41.0,0.4108796851754091,2.0452699474438605,3.0
10,Processed,Awake,60,15,23,14248916509273649040,0.7532693030579019,0.6266926718094371,0.600998224312521,3.0344075599709233,1.0799862038408599,41.0,0.38618803090656045,2.061219262295082,3.0
10,Processed,Awake,60,15,24,8853567003176109810,0.715482804070275,0.6611555402081097,0.5697077314392667,2.9736973947895793,1.068625700813081,33.0,0.43115611652349184,2.0745872301119963,3.0
10,Processed,Awake,60,15,25,775293965090996276,0.7516083921198047,0.6256266873881983,0.5555982147142103,2.9212717638152914,1.072727096816126,39.0,0.36291212746556606,2.044060008109204,3.0
10,Processed,Awake,60,15,26,14946880727375636724,0.7777330696626464,0.5996327970386044,0.576282574266929,2.9737493808816247,1.0641903020574337,55.0,0.3821567404136872,2.0594853226432175,3.0
10,Processed,Awake,60,15,27,15737716001546224719,0.7518133230818753,0.632872614657765,0.6055094303402602,2.8622958257713247,0.9830196736228768,43.0,0.4249172145702356,2.04220966439857,3.0
10,Processed,Awake,60,15,28,18172398686956687731,0.7448785241689263,0.6300256770599741,0.57177136823919,2.9541284403669725,1.0639221159054602,46.0,0.3508662475404329,2.0461796809403863,3.0
10,Processed,Awake,60,15,29,10803948933227988630,0.7667350378996318,0.6195687170972239,0.5841051974852426,2.9006196377502382,1.0013910932790013,47.0,0.3797571627393579,2.0674069235793597,3.0
10,Processed,Awake,60,15,30,11087596261327498189,0.7394745254244959,0.6364112519775129,0.5900081585640927,2.9970745977571918,1.0936044180726625,37.0,0.3615683639679416,2.0395235517054684,3.0
10,Processed,Awake,60,15,31,18269324627946952411,0.7453920380165615,0.6239360304649854,0.5617411335604934,2.848624969578973,0.9829424618384244,33.0,0.41116763449632865,2.0582582582582583,3.0
10,Processed,Awake,60,15,32,13527803623603309251,0.7548339220227338,0.6354895723742975,0.5343379565196525,2.8208766151507474,1.0076230121223486,34.0,0.3992657292316552,2.090589270008795,3.0
10,Processed,Awake,60,15,33,9339148343039633545,0.7505476063413865,0.6316645875201258,0.5607813024907616,2.939622641509434,1.0766081154998879,33.0,0.4170705955751788,2.0755911153570574,3.0
10,Processed,Awake,60,15,34,7970153985439670265,0.7275045877311384,0.6386802541130805,0.6048375485914479,3.1397608370702543,1.154741272606066,36.0,0.37339828190238517,2.0586056356660936,3.0
10,Processed,Awake,60,15,35,4545481686446922867,0.7372741968230732,0.638974671206631,0.5739789796995729,2.9206349206349205,1.0374773812788576,47.0,0.40346499016173154,2.0635738831615122,3.0
10,Processed,Awake,60,15,36,8753916096854574131,0.7495083458947002,0.629704586007716,0.5801218985458559,2.914175506268081,1.0179934286000167,34.0,0.425109180784182,2.051887885105397,3.0
10,Processed,Awake,60,15,37,14482279134721477211,0.7245273179500998,0.6545169978644884,0.5869846906944378,3.0380029806259317,1.0776336216906548,51.0,0.40879205259874263,2.039506764036873,3.0
10,Processed,Awake,60,15,38,2970956741150315738,0.8089940689208178,0.5724511167928946,0.5443681911983491,2.9211949523564256,1.0289039781823743,44.0,0.33795651965254114,2.062683069712947,3.0
10,Processed,Awake,60,16,0,11177953600080632270,0.7034969639571179,0.6554085053756668,0.5909679896338245,3.068527286319462,1.1351421291890318,47.0,0.38119690934395545,2.052454780361757,3.0
10,Processed,Awake,60,16,1,13181735467667302183,0.6440911752101299,0.714111380944056,0.5857849018572732,3.070691823899371,1.0990361682050735,47.0,0.4589192302154821,2.1081349206349205,4.0
10,Processed,Awake,60,16,2,7172507465394649904,0.7232833396626557,0.6359079343325997,0.5852090032154341,3.0607429718875503,1.095337748482205,41.0,0.39573835005039115,2.0857468066270393,3.0
10,Processed,Awake,60,16,3,6122734130650038022,0.7740674599921402,0.6176415870376557,0.5527667130585017,3.0846277450455277,1.1489543171065209,53.0,0.4120314824590872,2.0715405959705633,3.0
10,Processed,Awake,60,16,4,17375320887172133634,0.7043799934250998,0.6569245239067018,0.5591495896722177,3.0285937093839355,1.1087130591935772,44.0,0.4510726112204252,2.097756946769334,4.0
10,Processed,Awake,60,16,5,14692674021668530240,0.7371114997288324,0.6455490713768819,0.5753707347506839,3.1599894570374274,1.1852346386073256,47.0,0.4130872966357921,2.0818720522433183,3.0
10,Processed,Awake,60,16,6,8312930015609958230,0.7364343408130527,0.6363668634108516,0.6251859672697605,3.126980316850696,1.1175708397441493,61.0,0.4197341267936843,2.070794364863265,3.0
10,Processed,Awake,60,16,7,15131359841262336542,0.7676777704196523,0.6108585306570324,0.5843931468061622,3.038173652694611,1.0832003759050157,52.0,0.42527715122138504,2.076265229615745,3.0
10,Processed,Awake,60,16,8,5261338469600993971,0.7383156546211267,0.6314882888718424,0.5824734846666987,3.331594839418062,1.233565677160058,48.0,0.3989537841339924,2.0717757009345794,3.0
10,Processed,Awake,60,16,9,7208038894412206669,0.7182651477913607,0.6632996512687127,0.5715314104717569,3.047338792221085,1.122761442012294,44.0,0.4528962902529155,2.104594112399643,3.0
10,Processed,Awake,60,16,10,10046827718796387321,0.7399849622732564,0.639680392580043,0.5884724288525219,3.1248725790010194,1.1337368250561455,50.0,0.4138311657148342,2.0696027841113644,3.0
10,Processed,Awake,60,16,11,17198800564458232695,0.8000961270646165,0.5741300203105166,0.5567020204444018,3.1016042780748663,1.142849237091647,38.0,0.3874118155204684,2.040055597675006,3.0
10,Processed,Awake,60,16,12,3252724479119402717,0.7174322005933804,0.6624552378250309,0.5755147094111437,3.1261730969760166,1.1149967762898956,47.0,0.4405624610068628,2.1023703194778425,3.0
10,Processed,Awake,60,16,13,17125417969596539466,0.7817367405711978,0.5977246317586783,0.5698037145462399,3.307242339832869,1.2432815250389433,50.0,0.39389067524115756,2.0465029298092507,4.0
10,Processed,Awake,60,16,14,3360818045587263327,0.7374132656623071,0.6485691109649128,0.5979267648893795,3.248761408083442,1.2235590719530713,36.0,0.42837260642126984,2.085757681972193,3.0
10,Processed,Awake,60,16,15,4642399301667625071,0.7362107949649254,0.6497156223890865,0.5883764457455488,3.2246186217780117,1.2173719992801928,48.0,0.42628497384460334,2.0630588781790733,3.0
10,Processed,Awake,60,16,16,516957206662205857,0.7067954535515447,0.6593453889999202,0.5625089984162788,3.0707361802462665,1.1108742309614716,55.0,0.43022028123050343,2.07415548357242,3.0
10,Processed,Awake,60,16,17,14419395602586228102,0.760818884776573,0.6238293736521462,0.5951432547871575,2.9968583856935718,1.0400163648115308,44.0,0.45443201996448623,2.0772183832401008,4.0
10,Processed,Awake,60,16,18,11014856096403674666,0.7282768392348196,0.6498389054857209,0.5848250707875414,3.1883830455259026,1.186160007558519,52.0,0.4390987186255219,2.1072086596038693,4.0
10,Processed,Awake,60,16,19,5265846588177843820,0.7430827607938146,0.6419753173445286,0.5679800355137495,3.0502577319587627,1.1163074561130824,46.0,0.41517492921245863,2.1110297706198144,4.0
10,Processed,Awake,60,16,20,15680374063117153741,0.6676497590085636,0.6920077495777684,0.5975428324614868,3.2123323013415894,1.1999036581793756,41.0,0.42273359888659595,2.0804204062352385,3.0
10,Processed,Awake,60,16,21,14263259480375187803,0.7137724876864635,0.6379340590995644,0.5896242261362,3.0745745745745747,1.1391155894356544,55.0,0.37586984690694436,2.070588235294118,3.0
10,Processed,Awake,60,16,22,12018628880357572321,0.6760523664884461,0.6833082904194094,0.5962950520708356,3.170451645828017,1.1408856603380724,49.0,0.4480491433507703,2.088824253272178,4.0
10,Processed,Awake,60,16,23,6717329469814150228,0.7581984627955247,0.6126696403698912,0.5847290876805682,2.964476885644769,1.055857941757718,54.0,0.41531890387291837,2.044896030245747,4.0
10,Processed,Awake,60,16,24,6148508800906734729,0.6894654326955152,0.6782278475029435,0.6151557325910639,3.176703841387856,1.1814974787481174,47.0,0.42918846283054185,2.1161855182205396,4.0
10,Processed,Awake,60,16,25,16928176324559015537,0.742151985570362,0.6386068616344434,0.5882804626385756,3.084549572219426,1.1773293783995609,59.0,0.41733454911935497,2.1235653235653236,4.0
10,Processed,Awake,60,16,26,2475736970554867940,0.7330948719883245,0.6441746807420967,0.5648605845371215,3.074712643678161,1.1370529656364123,39.0,0.4205019916494697,2.0847014037592198,3.0
10,Processed,Awake,60,16,27,12586056619998345841,0.7318703581858349,0.6490943174300496,0.5985986466381917,2.980406212664277,1.0458199456689479,54.0,0.4228535777703124,2.0680671282713297,3.0
10,Processed,Awake,60,16,28,1552896163251055761,0.733168941255074,0.6415106996292039,0.5758506502855497,3.2403456656764784,1.182791567965784,48.0,0.3941786245620771,2.091545709192768,3.0
10,Processed,Awake,60,16,29,16345220050393032868,0.7549247924564071,0.6267080855471456,0.5755147094111437,3.231473996227432,1.171613914089263,47.0,0.4289964966165955,2.0561242093156986,3.0
10,Processed,Awake,60,16,30,17836632400159737738,0.7042864124414376,0.6670748684885354,0.6151077410375774,3.179608037707765,1.192487532824348,48.0,0.39842587704564,2.0739445415938045,3.0
10,Processed,Awake,60,16,31,14543881204417268896,0.7520386000072089,0.6328752956092244,0.5829534002015645,3.454778156996587,1.252333472607752,61.0,0.4526803282622259,2.1021840873634945,3.0
10,Processed,Awake,60,16,32,6574154580827810098,0.6794144424450137,0.6860447424105321,0.5837692566108365,3.0303936223218733,1.1201146963799409,38.0,0.4324518884676297,2.0648487626031162,3.0
10,Processed,Awake,60,16,33,6146058033235793629,0.7478287413166801,0.6386251503546021,0.5411047655612612,2.942327766179541,1.0090124116134842,51.0,0.46403033066180355,2.095351609058403,4.0
10,Processed,Awake,60,16,34,12508226799398095652,0.7385057118190482,0.6331002164448483,0.5649565676440946,3.0752351097178683,1.0822357940319545,43.0,0.41635072227287995,2.0787109141008746,3.0
10,Processed,Awake,60,16,35,2608843518829985141,0.640038437928058,0.7099243035593593,0.5896242261362,3.108805668016194,1.1043603881734705,40.0,0.4590632048759418,2.0974673829623947,4.0
10,Processed,Awake,60,16,36,12269267361048010679,0.7556503246785098,0.6253743447807124,0.54787157460287,2.887202832574608,1.0347220345501438,40.0,0.4158948025147574,2.0859309182813814,4.0
10,Processed,Awake,60,16,37,10327941805459787814,0.6337224494873959,0.7263303157259817,0.5874646062293036,3.346364133406233,1.2255761116795425,42.0,0.440658444113836,2.1025875887336842,3.0
10,Processed,Awake,60,16,38,17619996580381509535,0.7385610789860092,0.6341252770212552,0.5933675673081538,3.189886480908153,1.1873735150711402,50.0,0.41812640975188364,2.069969113803754,3.0
10,Processed,Awake,60,17,0,680654063349640521,0.7115104798807198,0.6769718688705069,0.5487354225656285,2.9900627615062763,1.1259102802508065,38.0,0.41457503479387625,2.096723300970874,4.0
10,Processed,Awake,60,17,1,18098973202057323231,0.6960104618757635,0.6847783758927286,0.5494073043144406,2.965034965034965,1.0562049238059583,42.0,0.4775639487450209,2.1181353767560664,4.0
10,Processed,Awake,60,17,2,1663570272898070947,0.6587217070303216,0.7125327126449394,0.5543024427700725,2.906391545042778,1.05174539548521,36.0,0.4989681816000384,2.1746496548839156,4.0
10,Processed,Awake,60,17,3,8202794934022743023,0.7266111299954823,0.662453385319199,0.5590536065652445,2.946875790538831,1.0617619225848445,47.0,0.4647981955175889,2.135141093474427,4.0
10,Processed,Awake,60,17,4,16182370649869135967,0.6145681577823638,0.7394292564535672,0.6006142918846283,3.0924141339263653,1.1521487069080953,50.0,0.48747420454000095,2.153609668186155,4.0
10,Processed,Awake,60,17,5,6542159159009713476,0.6591247515244827,0.7057591161873812,0.5421125881844795,2.869918699186992,1.0700154981306524,36.0,0.4408984018812689,2.1158452326117,4.0
10,Processed,Awake,60,17,6,4489655066813984938,0.6749929533236234,0.6997348036979945,0.5627009646302251,3.0025608194622277,1.0840842865447768,47.0,0.4686375197965158,2.1360603740566555,4.0
10,Processed,Awake,60,17,7,6584926701805710331,0.7012708080091303,0.6779833504224192,0.5563660795699957,3.0419837313041196,1.1092777098155802,43.0,0.47398857801027017,2.136152265599654,4.0
10,Processed,Awake,60,17,8,13588132856980582901,0.6966474039021038,0.6849709751138249,0.5449920813936747,3.046137339055794,1.1556862834964186,43.0,0.41618275183567693,2.1128030210744306,4.0
10,Processed,Awake,60,17,9,15137802970614290552,0.6694069931494915,0.7115922299596471,0.5568459951048615,2.9043804755944933,1.0671042832803739,51.0,0.47775591495896724,2.14941163769837,4.0
10,Processed,Awake,60,17,10,15679274191648497970,0.6842550157578651,0.697682607217356,0.5507510678120651,3.0448394799681613,1.1506548682285553,43.0,0.43192398137927723,2.1334597605784045,3.0
10,Processed,Awake,60,17,11,16700112202199714952,0.6753434762340995,0.6922024125133237,0.5400489513845563,3.160067396798652,1.176324228129829,39.0,0.45016077170418006,2.1026675633266083,4.0
10,Processed,Awake,60,17,12,2716946670544887877,0.584143771753631,0.7587720758201194,0.5873686231223305,3.0945638432364095,1.1538557396779638,47.0,0.4922013725584297,2.1616608704816103,4.0
10,Processed,Awake,60,17,13,10951944575629220562,0.6859679071091732,0.6840805892032762,0.559581513653597,2.968431771894094,1.074124120909502,47.0,0.4567356145318424,2.118183841531271,4.0
10,Processed,Awake,60,17,14,4987835976067422299,0.6933355902974448,0.6863920187889436,0.5676440946393435,2.9876231371558473,1.0823126897723223,43.0,0.4637663771176273,2.138888888888889,4.0
10,Processed,Awake,60,17,15,10344470856480379208,0.6570930100625021,0.7279929024200583,0.5698517060997265,3.0873634945397814,1.1330983066863782,47.0,0.5174929212458608,2.139908712046041,4.0
10,Processed,Awake,60,17,16,18133571449710128228,0.6571487639245883,0.7263915919447046,0.5339540240917598,2.804638265691959,1.0284466131311427,25.0,0.46604597590824015,2.1534538197139375,4.0
10,Processed,Awake,60,17,17,17424772055733502009,0.630973296790157,0.722953595000376,0.5416806642031002,3.160739288714646,1.1936999122610668,37.0,0.4306522052118827,2.1857264644988432,4.0
10,Processed,Awake,60,17,18,4784024278920154595,0.6575024992931843,0.712638152149903,0.5672121706579641,2.916831194471866,1.0724617912343208,55.0,0.4837548591447905,2.1607717041800645,4.0
10,Processed,Awake,60,17,19,15377803712672353118,0.6845050300634367,0.6924324725582303,0.5769064644622547,2.916302765647744,1.0544637191652595,44.0,0.4858184959447137,2.141753940547974,4.0
10,Processed,Awake,60,17,20,15823714119390880212,0.6710433039240434,0.70824991656001,0.5448481067332149,2.749576168563817,0.9706705741270345,28.0,0.4849546479819552,2.1431601272534464,4.0
10,Processed,Awake,60,17,21,832167606397355707,0.7408901602596836,0.6447540550639489,0.5735470557181936,2.872146118721461,1.0409203254676258,36.0,0.4418822287277439,2.1169099896539834,4.0
10,Processed,Awake,60,17,22,12529766247963474374,0.6921677061299387,0.688751744972767,0.5500791860632529,2.929959100204499,1.0996074298326197,38.0,0.43612324230935356,2.103344520310149,4.0
10,Processed,Awake,60,17,23,5766871341802429134,0.6669361306656159,0.7014005484417306,0.5434083601286174,2.9533124673969744,1.0634986518446223,48.0,0.4557757834621107,2.1375196939005177,4.0
10,Processed,Awake,60,17,24,4759923416820292963,0.6535925374253448,0.7054095072923751,0.5571819359792677,2.954198473282443,1.0902489004054647,56.0,0.45594375389931374,2.147733695037866,4.0
10,Processed,Awake,60,17,25,12972898784764588994,0.6920685738320225,0.6838657730222921,0.5387531794404185,3.1071132023249377,1.180110062551647,43.0,0.4458655276671306,2.1330501664562047,4.0
10,Processed,Awake,60,17,26,671677171996503062,0.6408853727512371,0.7132446676030387,0.5473436675145175,2.8815058110156646,1.0265053514148141,35.0,0.4471852953880117,2.1310463121783876,4.0
10,Processed,Awake,60,17,27,6555155926782384583,0.6351959228515739,0.7369118602236336,0.5630848970581178,3.0,1.0960327089893385,40.0,0.4687814944569756,2.1771982614510197,4.0
10,Processed,Awake,60,17,28,14391122444264596583,0.7177479466326993,0.6649622016017941,0.5403848922589625,2.973329812516504,1.0831411330026488,37.0,0.48207515477276,2.1351897119778935,4.0
10,Processed,Awake,60,17,29,16129039051308345723,0.7163901079138373,0.6768563914503649,0.5474396506214906,2.876923076923077,1.062082010496991,37.0,0.46035897682007965,2.18036140470508,4.0
10,Processed,Awake,60,17,30,11274453458785378063,0.6983382841033302,0.6863741613573787,0.5638047703604165,3.0325245224574084,1.1395620043344221,37.0,0.43751499736046456,2.1169162893300824,4.0
10,Processed,Awake,60,17,31,1006789212907783842,0.673426750783702,0.7110278941084451,0.5787781350482315,3.030150753768844,1.0849877210606507,44.0,0.45119259010414164,2.139135381114903,4.0
10,Processed,Awake,60,17,32,5355479838306883554,0.6927527513476961,0.6817754318955146,0.5221960934875461,2.997520661157025,1.1098900263738531,39.0,0.4154388827566348,2.1224714968738505,4.0
10,Processed,Awake,60,17,33,10779062844964932369,0.7338996270002887,0.6524094249742756,0.5396650189566636,2.947575360419397,1.07320188413817,44.0,0.473724624466094,2.0975350616234594,4.0
10,Processed,Awake,60,17,34,6095416533543848583,0.6697518340393487,0.7072039928597535,0.5734030810577339,2.9952369014790676,1.090398377874746,52.0,0.4771320247636416,2.14683653638523,4.0
10,Processed,Awake,60,17,35,5263703421952874063,0.6797420926196911,0.7057526791351026,0.5591495896722177,3.2663302495093918,1.23962015880678,54.0,0.4564716609876662,2.158760780753518,4.0
10,Processed,Awake,60,17,36,13894155736245359827,0.6826067783599926,0.7001684707582022,0.5255555022316072,2.8592689295039166,1.0279668574551786,31.0,0.46606997168498343,2.1416914764582646,4.0
10,Processed,Awake,60,17,37,13504745054333017237,0.6175337165732551,0.7456745828810502,0.5530546623794212,2.995580972186119,1.1238090431716043,36.0,0.5039593031626434,2.1904463913224865,4.0
10,Processed,Awake,60,17,38,16157536709764511101,0.6065626715370624,0.7356406631187946,0.5700916638671594,3.1484230055658626,1.2124810669919523,47.0,0.4535201804482411,2.1009337483325923,4.0
10,Processed,Awake,60,18,0,5726823097644025833,0.6935857121294033,0.6871684538393513,0.5727311993089216,3.0007543374402816,1.0774239241573762,47.0,0.46736574362912126,2.1854802513464993,4.0
10,Processed,Awake,60,18,1,2562400013671617997,0.7378235793709903,0.6442138315885866,0.5828094255411048,3.1355538342370255,1.1557546722146255,48.0,0.44632144742525315,2.1423635107118177,4.0
10,Processed,Awake,60,18,2,14277915596130246677,0.7443380567097528,0.6335281584967066,0.5912559389547439,3.050259965337955,1.0857039740239498,51.0,0.43859480731391276,2.094899713467049,4.0
10,Processed,Awake,60,18,3,3128833780176756114,0.6781585151571936,0.6957163214785708,0.5708115371694582,3.086144265697976,1.1412164317592428,35.0,0.4664539041128761,2.1387391352183958,4.0
10,Processed,Awake,60,18,4,6967676248383537693,0.7727033014066155,0.6148027944878592,0.5608772855977348,3.0482524778299425,1.0909287984022338,72.0,0.4331477659931852,2.109500993338787,3.0
10,Processed,Awake,60,18,5,6481077340913306648,0.70982515331193,0.6746493871977806,0.5774343715506071,2.948296986032835,1.0513768009477722,49.0,0.4838988338052503,2.160025706940874,4.0
10,Processed,Awake,60,18,6,5184389498491218383,0.7379610788465456,0.6439562649926758,0.5900561501175793,3.1844081844081846,1.1742108991914686,51.0,0.4506646830157892,2.125509280217293,4.0
10,Processed,Awake,60,18,7,17221382656554496263,0.7715426224278599,0.614228369699347,0.5864567836060853,3.032258064516129,1.0876158839326207,33.0,0.4136631952776311,2.1144364037777503,4.0
10,Processed,Awake,60,18,8,14078839397187896706,0.7617454132607093,0.6138491181005875,0.6049335316984211,3.245365602471679,1.176049830686479,53.0,0.41920621970533184,2.100012020675562,3.0
10,Processed,Awake,60,18,9,12655823461347324152,0.6497640304125971,0.6981531280005573,0.5644766521092288,3.0337890121227753,1.1314836990615031,37.0,0.41961414790996787,2.134904163105848,3.0
10,Processed,Awake,60,18,10,2195113059787664544,0.8187878625251019,0.5578311991110364,0.5867447329270048,3.0187654320987654,1.08123903903368,40.0,0.4393386763929548,2.1139591271215794,4.0
10,Processed,Awake,60,18,11,2379006357407001924,0.705456117691051,0.6746949792897563,0.5825694677736718,3.2054396620015844,1.1962615240191918,57.0,0.43273983778854924,2.126400188656998,4.0
10,Processed,Awake,60,18,12,3751095171714573173,0.664935553606138,0.7073290844188024,0.5805538225272352,2.9454589724859996,1.0765691467561351,35.0,0.44747324470893124,2.1382868937048505,4.0
10,Processed,Awake,60,18,13,7403229160616714948,0.7135270893820969,0.6743624347967887,0.5579018092815664,2.8590752582390557,1.0334295878680404,41.0,0.44113835964870185,2.1087405368203718,4.0
10,Processed,Awake,60,18,14,13134334184464145042,0.7769345426070161,0.6098427590637364,0.597974756442866,2.9400660689004248,1.0417139486666531,45.0,0.46395834333157365,2.160335195530726,4.0
10,Processed,Awake,60,18,15,13167681934965401842,0.756507861170728,0.6257903458366555,0.6012381820799539,3.1156428749067397,1.1257805094203068,58.0,0.4528482986994289,2.137743543271409,4.0
10,Processed,Awake,60,18,16,2708797823591184220,0.695094808757171,0.6834272197246208,0.5534385948073139,2.930622617534943,1.0638330104737816,43.0,0.4658300139175505,2.1950474898236094,4.0
10,Processed,Awake,60,18,17,17116673178832482595,0.6745970322475697,0.6903792389743933,0.6092527715122138,3.086554826160953,1.1035450608708677,47.0,0.4444497768392763,2.1206778108541333,4.0
10,Processed,Awake,60,18,18,12286148713737288490,0.6984214375177049,0.6865235383775351,0.573163123290301,3.081269349845201,1.1166236995053342,38.0,0.4557757834621107,2.1680173496176236,4.0
10,Processed,Awake,60,18,19,11516007820818568190,0.7298974262100635,0.6529050212885912,0.6012381820799539,3.1805026656511806,1.1640505768413825,52.0,0.4693813888755579,2.1429666958808062,4.0
10,Processed,Awake,60,18,20,6751816774545453404,0.7009714686895442,0.6739878267175848,0.5749388107693046,3.0996119016817594,1.1244455012267842,49.0,0.4337236646350242,2.1482053719990493,4.0
10,Processed,Awake,60,18,21,1882154377755998871,0.6650421259107496,0.7126363069508937,0.5952872294476172,2.956148713060057,1.0844094127600667,34.0,0.4880740989585833,2.1723806472284526,4.0
10,Processed,Awake,60,18,22,1822825829283203100,0.7773147153715593,0.5972961318568126,0.5476316168354369,2.963896103896104,1.0497058185000354,64.0,0.43936267216969815,2.1594527656563276,4.0
10,Processed,Awake,60,18,23,484902466969285725,0.684150400104423,0.6919403995712787,0.6029178864519844,3.136045931103345,1.1319235491652382,37.0,0.49095359216777845,2.151193355062559,4.0
10,Processed,Awake,60,18,24,14408609174514096328,0.7154459890902775,0.6688201781417031,0.5681240101742093,2.9157635467980296,1.0530600178464418,33.0,0.4671497816384316,2.1281154350677745,4.0
10,Processed,Awake,60,18,25,14447409162917023163,0.7267662207631364,0.6563935724881009,0.5589096319047847,3.064736842105263,1.12313809572687,40.0,0.4701252579546,2.1196581196581197,4.0
10,Processed,Awake,60,18,26,18039517595874038607,0.7701460551648321,0.6145757197814584,0.5465758026587321,2.972853040981467,1.0343135643593173,44.0,0.448433075778663,2.137970483926324,4.0
10,Processed,Awake,60,18,27,4702793473109139823,0.7526818395798797,0.6246219423657902,0.5517588904352834,2.8792887553218134,1.0155489192955303,34.0,0.4321159475932236,2.1377018043684712,4.0
10,Processed,Awake,60,18,28,2023245479127820214,0.6553148757476205,0.7081442004012258,0.5778183039784998,3.154309667277967,1.1989556956464575,39.0,0.45618371166674665,2.127223900637798,4.0
10,Processed,Awake,60,18,29,11680600799684716266,0.7004990255234531,0.6848412529494509,0.5659163987138264,3.1913396481732073,1.1858394677316495,53.0,0.4760042232567068,2.1794111184355085,4.0
10,Processed,Awake,60,18,30,12544293682678923425,0.734609104169701,0.6420080537604336,0.5799299323319096,3.127329192546584,1.1510839475018482,53.0,0.44317800067188173,2.1433213415341767,4.0
10,Processed,Awake,60,18,31,15003620459577332248,0.6556371471296528,0.7042245351522363,0.5774343715506071,3.004995004995005,1.0921241493409806,44.0,0.44178624562077073,2.130163137799375,4.0
10,Processed,Awake,60,18,32,586006483913018867,0.7067975481673158,0.6612368064514198,0.6072371262657772,3.1397022332506204,1.1395419945443623,67.0,0.4300283150165571,2.1016770259176734,4.0
10,Processed,Awake,60,18,33,2288090890763721875,0.7428882276573749,0.6336739251558813,0.5627969477371982,3.0388701736201087,1.0970208572121343,74.0,0.44593751499736045,2.113739763421292,3.0
10,Processed,Awake,60,18,34,5596551669491592604,0.7111533040068166,0.6732915475894523,0.5563180880165091,3.0417213329834687,1.1128646045521204,45.0,0.45025675481115324,2.139810696772722,4.0
10,Processed,Awake,60,18,35,2697907633455540393,0.7806731427885182,0.5903178332162359,0.5884244372990354,3.0469681908548707,1.1236137777998874,47.0,0.4275327542352546,2.1289281873581074,4.0
10,Processed,Awake,60,18,36,4615675715746945532,0.6957624853908178,0.6795472736263879,0.5865047751595719,3.061372745490982,1.099920057216335,52.0,0.46187071075490715,2.1389043227025226,3.0
10,Processed,Awake,60,18,37,15046989216195668701,0.6894457855647423,0.6832761289061522,0.5907280318663916,3.0734082397003744,1.1207161614864403,37.0,0.48409080001919663,2.1350407450523865,4.0
10,Processed,Awake,60,18,38,443237967309693371,0.7361467493521029,0.6446520659126874,0.6025819455775784,2.9648170011806374,1.0345008989436448,40.0,0.43590728031866394,2.096964100196237,3.0
10,Processed,Awake,60,19,0,14373558147503201316,0.632734263541744,0.7444104250506918,0.5739789796995729,2.834794975112586,1.017119223630285,34.0,0.5017516917022604,2.1424180327868854,4.0
10,Processed,Awake,60,19,1,4424546740031361024,0.6631166204696606,0.7104052245714101,0.6063732783030187,3.0343419788664745,1.1008359713972125,55.0,0.48572251283774054,2.114046997389034,5.0
10,Processed,Awake,60,19,2,15039748036072216344,0.7124612715793274,0.6797375727877113,0.5552142822863176,2.918516649848638,1.0346194287817785,50.0,0.4475692278159044,2.2094290452499408,6.0
10,Processed,Awake,60,19,3,17832342574979134130,0.6514909443740797,0.7297066091642428,0.5487354225656285,2.857071464267866,1.015824700984539,46.0,0.4777799107357105,2.157204767063922,4.0
10,Processed,Awake,60,19,4,15556805929147296210,0.6578506823128554,0.7102573726411413,0.5495032874214139,2.884130982367758,1.0370864625957847,43.0,0.4768680712194654,2.133898851068399,3.0
10,Processed,Awake,60,19,5,10586970277402266768,0.6449331451340543,0.7346918129158032,0.5400009598310698,2.924116424116424,1.0786051810934179,34.0,0.477899889619427,2.1598525105736903,3.0
10,Processed,Awake,60,19,6,295620419481490611,0.6775331660147533,0.7083609472340073,0.5704276047415655,2.864096385542169,1.0263130874884474,33.0,0.4649421701780487,2.130401319406267,3.0
10,Processed,Awake,60,19,7,1573040529873640207,0.6018557926301689,0.754571201335327,0.5493593127609541,2.969390402075227,1.0635811113390161,41.0,0.4940730431444066,2.1860070071132816,4.0
10,Processed,Awake,60,19,8,18257717280747252248,0.6326489929537699,0.733329908508908,0.5741709459135192,2.913075237399562,1.060350474665168,35.0,0.4909295963910352,2.1278211128445137,3.0
10,Processed,Awake,60,19,9,1572148661648303822,0.6586436687553731,0.7227072522192365,0.5578058261745933,2.766722208997858,0.9481024707190862,39.0,0.49450496712578584,2.1359867330016584,3.0
10,Processed,Awake,60,19,10,4179322257140817224,0.5691799265557538,0.7653998439537627,0.5733550895042473,2.9874968742185546,1.0697946304279964,54.0,0.4666218745500792,2.0934438583270536,3.0
10,Processed,Awake,60,19,11,11119436909350684019,0.7253556200234658,0.6663700535697897,0.5417766473100735,2.754086362527446,0.9503750098365387,42.0,0.46527811105245476,2.1240004381640927,4.0
10,Processed,Awake,60,19,12,6359467382163702893,0.673706928992015,0.719770631173372,0.5836252819503768,2.8838036518852266,0.990684917792717,45.0,0.5340740029754764,2.17587251930785,4.0
10,Processed,Awake,60,19,13,12341136744219382632,0.667528417769455,0.7067143352355583,0.5886164035129817,3.143259866735008,1.170472992907754,47.0,0.4883860440562461,2.1967620075553156,9.0
10,Processed,Awake,60,19,14,3963532733768546246,0.6904239135294623,0.6659172798130234,0.5351058213754379,2.8192161820480406,1.0165287158558602,57.0,0.4041848634640303,2.093202435690319,3.0
10,Processed,Awake,60,19,15,13677266809856481674,0.6675785043815003,0.710604971379265,0.5366415510870087,2.8180443548387095,1.0225065670869606,35.0,0.46640591255938957,2.1472602739726026,4.0
10,Processed,Awake,60,19,16,13507667059230974312,0.6162907537202648,0.7547698749728142,0.5646206267696885,2.8193146417445485,0.9967019007697687,39.0,0.5107501079809953,2.1628899502083123,4.0
10,Processed,Awake,60,19,17,4309080714989774531,0.6319716014035215,0.742058095505559,0.5400489513845563,2.8684680091766506,1.0071406990503304,42.0,0.4863703988098095,2.1900594273365748,4.0
10,Processed,Awake,60,19,18,13121523814002038782,0.6546792094471944,0.7139445730107723,0.5741709459135192,2.887065637065637,1.0107381798813664,48.0,0.4686375197965158,2.1156971075723106,3.0
10,Processed,Awake,60,19,19,18043021897631785953,0.5849151097126488,0.759855520281762,0.5873206315688438,2.9340685686885637,1.0579569875178774,40.0,0.47981955175889046,2.111510031678986,3.0
10,Processed,Awake,60,19,20,16868134531220680809,0.7069985003803541,0.6855886971168341,0.5618371166674665,2.93555667001003,1.0729201356771534,42.0,0.4939050727072035,2.1525831416021752,4.0
10,Processed,Awake,60,19,21,17142615058412477177,0.6327183471590317,0.7337499415932469,0.551230983346931,2.9641290322580645,1.0927284370453634,44.0,0.46033498104333637,2.1596307553754364,4.0
10,Processed,Awake,60,19,22,15154195087743266715,0.6692644673824766,0.7021838019463189,0.5402409175985027,2.983567452955208,1.0883837408428427,54.0,0.4260210203004271,2.131332533013205,3.0
10,Processed,Awake,60,19,23,12229695272250263319,0.6624928536523153,0.7199515151557107,0.5527187215050151,2.94176245210728,1.0588698308652884,33.0,0.4855545424005375,2.159090909090909,4.0
10,Processed,Awake,60,19,24,7748972838189819000,0.6576326781463353,0.7146529675060876,0.5556462062676969,3.0198226395409495,1.0904175244570902,40.0,0.47259682295915917,2.1282688567106116,3.0
10,Processed,Awake,60,19,25,15918698271300487029,0.6403539161913719,0.7339855657084237,0.5189806594039449,2.7273644388398486,0.9429253699580338,41.0,0.46019100638287663,2.1332591768631812,4.0
10,Processed,Awake,60,19,26,8260223709510194476,0.6634631759134785,0.724651995367015,0.5408168162403417,2.8998970663921773,1.0061116208760827,45.0,0.4982962998512262,2.1863550221099177,4.0
10,Processed,Awake,60,19,27,4587642208386450680,0.5517994917787908,0.7734096218809632,0.5548783414119115,2.8739746457867263,1.013318358865964,37.0,0.48207515477276,2.120316622691293,3.0
10,Processed,Awake,60,19,28,17721983545650283981,0.697390965985263,0.6886267115566614,0.5688918750299947,3.0208970438328238,1.0797994334854693,55.0,0.4933771656188511,2.173926834425883,6.0
10,Processed,Awake,60,19,29,8958068303092980760,0.6526250333680603,0.7247910649691218,0.5520948313096895,2.8334975369458126,1.0229612540004,34.0,0.48447473244708933,2.166541474407125,3.0
10,Processed,Awake,60,19,30,6155886050721256250,0.7108342013081673,0.6819887822404966,0.5448481067332149,2.9043233563571245,0.99155915281696,51.0,0.4979363632000768,2.1870784148397977,4.0
10,Processed,Awake,60,19,31,17910671232573740867,0.6747818723590444,0.7116145038324169,0.5510870086864712,2.886626445449975,1.042539543333301,35.0,0.4971445025675481,2.1413953488372095,3.0
10,Processed,Awake,60,19,32,12758705195229918505,0.7367586502755774,0.6584406722001661,0.54182463886356,2.947780678851175,1.0255086488817742,36.0,0.4932331909583913,2.16004623791509,3.0
10,Processed,Awake,60,19,33,16849856972201264786,0.6376632083638274,0.7216044794926928,0.5324182943801891,2.8128803245436105,1.0057241225541491,37.0,0.471924941210347,2.1470524017467247,4.0
10,Processed,Awake,60,19,34,14092645033124368666,0.7116189839574308,0.6747763378766274,0.5624610068627921,3.0089858793324775,1.123887966452808,36.0,0.461774727647934,2.1351381338067235,4.0
10,Processed,Awake,60,19,35,48674689600444436,0.6635054544244111,0.7072790749729445,0.5742189374670058,2.950678175092478,1.0913671698685345,45.0,0.4651821279454816,2.1131458469587967,3.0
10,Processed,Awake,60,19,36,10334166778379567165,0.6528813208680302,0.7275090351042225,0.5617891251139799,2.820722891566265,0.9896574858997996,32.0,0.4856505255075107,2.174833440790888,3.0
10,Processed,Awake,60,19,37,6224254810667211439,0.6759202770296704,0.7112664928874618,0.5384172385660124,2.8481848184818483,1.0122928519375591,37.0,0.4693813888755579,2.120663486556808,4.0
10,Processed,Awake,60,19,38,5023840089759957219,0.6477051516116415,0.7132054696753561,0.5490713634400346,2.944916344916345,1.0834652102907414,50.0,0.4337716561885108,2.0958840579710145,3.0
10,Processed,Awake,60,20,0,6193475461200235925,0.6525393701944993,0.7177788263607718,0.5661083649277727,3.2028237849579146,1.1782562563605727,55.0,0.47861976292172576,2.183231173380035,4.0
10,Processed,Awake,60,20,1,11902098901288821299,0.6898817814567229,0.6917028660056475,0.5544464174305322,3.029897718332022,1.0939667836097529,35.0,0.46736574362912126,2.186461607543781,4.0
10,Processed,Awake,60,20,2,5431928459210513271,0.6239998956653225,0.7432547980751725,0.5904880740989585,3.141179474087312,1.138536686882543,55.0,0.5252675529106877,2.1971293787011943,4.0
10,Processed,Awake,60,20,3,63126614819503330,0.6735556405121357,0.7065916305559985,0.5846331045735951,3.13484302624807,1.1200578965792003,44.0,0.45803138647598024,2.1396704405335725,4.0
10,Processed,Awake,60,20,4,9641819130894522732,0.6700616701188435,0.6999342297336112,0.5824254931132121,3.1978919631093543,1.1782931118908406,61.0,0.4489609828670154,2.1304941926668186,4.0
10,Processed,Awake,60,20,5,675864464385810762,0.6463464595335613,0.7201255270542636,0.5893362768152806,3.2180293501048216,1.146553075948985,59.0,0.4982483082977396,2.1528252980819076,4.0
10,Processed,Awake,60,20,6,13880523504275871271,0.6128995402742613,0.7406154153647994,0.5941354321639392,3.184156378600823,1.1670390041447902,44.0,0.5004799155348658,2.190631236214683,4.0
10,Processed,Awake,60,20,7,9270671784230009765,0.6259396538369218,0.7366079213649883,0.5621730575418726,3.142167381974249,1.1507319710987298,55.0,0.4680856169314201,2.1932763660894987,4.0
10,Processed,Awake,60,20,8,8607462735207858528,0.6149005595720121,0.7417369965444185,0.5837212650573499,3.0660448701789766,1.1425977330068742,39.0,0.5169650141575083,2.156988386063276,4.0
10,Processed,Awake,60,20,9,11229935370063196562,0.6391276450001802,0.7177756406560237,0.5663003311417191,2.980550644102046,1.0862158027004931,36.0,0.47523635840092143,2.17303050252359,4.0
10,Processed,Awake,60,20,10,11308622552757093349,0.746313834118035,0.6312958772909966,0.602150021596199,3.0850749938529627,1.1581192926373678,36.0,0.44555358256946775,2.1305794606999426,4.0
10,Processed,Awake,60,20,11,1559756620182842363,0.6731951259715152,0.699240917059751,0.5483994816912223,3.0447641886490806,1.1280977421453418,44.0,0.46604597590824015,2.152737752161383,4.0
10,Processed,Awake,60,20,12,10854333045883773852,0.6758119412575749,0.6982851265171413,0.5516149157748236,3.1848157384316984,1.1658021056304426,54.0,0.48085137015885204,2.1783889553212306,4.0
10,Processed,Awake,60,20,13,15222859653805233640,0.6181685796879474,0.7507358406301619,0.5725872246484619,3.073415765069552,1.0905208759489948,35.0,0.5168450352737918,2.1829330090199655,4.0
10,Processed,Awake,60,20,14,7936258960648285639,0.5949840850629079,0.7492704389053056,0.5548303498584249,3.139869636067355,1.15705952031853,49.0,0.5053270624370111,2.189768118956015,4.0
10,Processed,Awake,60,20,15,7167959780594854824,0.7147735889550222,0.6733271937809309,0.5591495896722177,2.9920390344119157,1.070722291186157,36.0,0.4866343523539857,2.1604346436561204,4.0
10,Processed,Awake,60,20,16,13783451676999487065,0.6807783044210416,0.7027400763771042,0.5758026587320632,3.0351631672147734,1.1022512652480803,55.0,0.47974756442866057,2.1958264689730917,4.0
10,Processed,Awake,60,20,17,16363678038858163915,0.6642677881142649,0.7177889060094328,0.5886643950664683,3.136282280746612,1.1350025240681565,42.0,0.4803474588472429,2.1423373287671232,4.0
10,Processed,Awake,60,20,18,10505822769056425399,0.6746117649771513,0.7020946420704005,0.5818975860248596,3.2385149572649574,1.1980771641425982,50.0,0.44524163747180495,2.168653576437588,4.0
10,Processed,Awake,60,20,19,11063930371851100731,0.5953717794664599,0.7544545215863754,0.5806018140807218,3.308176100628931,1.2298020827534524,52.0,0.510558141767049,2.169351549755302,4.0
10,Processed,Awake,60,20,20,4873077120323280303,0.6061310657869021,0.7454916739628552,0.5924557277919086,3.1776061776061777,1.1923380001088717,31.0,0.4606949176944858,2.169868896925859,4.0
10,Processed,Awake,60,20,21,12482981879114642179,0.5799967793423113,0.7417803480144809,0.574554878341412,3.126664925568033,1.178387627424815,38.0,0.44977683927628737,2.159695817490494,4.0
10,Processed,Awake,60,20,22,2105227549401251487,0.5869027392823956,0.7540532407510625,0.5561741133560494,3.0707472178060415,1.1455918058067682,39.0,0.4925373134328358,2.194824636441403,4.0
10,Processed,Awake,60,20,23,4785211780878972080,0.648063233306644,0.708261410488236,0.549599270528387,3.065310492505353,1.1215484254443864,37.0,0.46333445313624805,2.1620199305788828,4.0
10,Processed,Awake,60,20,24,11763766950881169192,0.6157520583904765,0.7349987029163553,0.5606373278303018,3.139478634775598,1.165892597795114,50.0,0.49709651101406155,2.1854626015402467,4.0
10,Processed,Awake,60,20,25,9392707734604336169,0.6022021100502132,0.7393442826772217,0.5834333157364304,3.091024663107043,1.127532119277081,52.0,0.4802034841867831,2.1543761438260307,4.0
10,Processed,Awake,60,20,26,17036739680568390952,0.6506858499200261,0.7314288458188646,0.5791620674761242,3.018509254627314,1.1194965309476455,39.0,0.5150213562413015,2.194356405275534,4.0
10,Processed,Awake,60,20,27,17930923124452475063,0.5967725387181624,0.7536242471810396,0.5654844747324471,3.2766963292547273,1.2029783100608766,52.0,0.479291644670538,2.187732749178532,4.0
10,Processed,Awake,60,20,28,16397106536293403177,0.5817806381736772,0.761619404889385,0.5456639631424869,3.011122881355932,1.1205759190785554,42.0,0.4697653213034506,2.182983942908118,4.0
10,Processed,Awake,60,20,29,5362061284545957647,0.6309102091498704,0.7267444682035595,0.5479195661563565,3.0380521554018096,1.1224985063985327,46.0,0.5131256898785813,2.1876214833759593,4.0
10,Processed,Awake,60,20,30,8942814334278298975,0.5634502153733532,0.7749570719694663,0.5692278159044009,3.1106740099659063,1.1557068480900847,42.0,0.5040312904928732,2.231962596961003,4.0
10,Processed,Awake,60,20,31,9320349413763133795,0.6317245408640149,0.7148979996640854,0.5621250659883861,3.133493846976993,1.1564527161097606,39.0,0.46158276143398763,2.174542165950712,4.0
10,Processed,Awake,60,20,32,12317754836067232878,0.596894099810365,0.7539016856200704,0.5720113260066229,3.041337075784639,1.0931395778366808,44.0,0.5268512741757451,2.2030905077262695,4.0
10,Processed,Awake,60,20,33,2632314991326112561,0.6567049885117765,0.7039785255065911,0.5745068867879253,3.1436449579831933,1.1374789864658656,54.0,0.49277727120026876,2.2072226999140154,4.0
10,Processed,Awake,60,20,34,1995146017938096951,0.6418300988584408,0.7226044218253953,0.5798339492249364,3.2107361148020197,1.2413145708250286,51.0,0.4786437586984691,2.151083791653187,4.0
10,Processed,Awake,60,20,35,9849953302867886061,0.7320490406541826,0.6554439257841772,0.5639487450208763,2.9756900481134463,1.0789005514684282,37.0,0.48010750107980993,2.153713670613563,4.0
10,Processed,Awake,60,20,36,4206680897938321260,0.6684635330879871,0.7079006617270227,0.5728271824158948,3.0874288670460426,1.134083960205455,65.0,0.48015549263329654,2.169811320754717,4.0
10,Processed,Awake,60,20,37,17940613126502778328,0.6625412835117797,0.7096072583484132,0.5750347938762778,3.0411167512690356,1.1130553788432929,45.0,0.45440802418774295,2.1642285714285716,4.0
10,Processed,Awake,60,20,38,15690961437448611226,0.5986682577127134,0.7631488633226299,0.5558381724816432,2.9651817716333846,1.1049008050161941,34.0,0.4873542256562845,2.2009102730819246,4.0
10,Processed,Awake,60,21,0,8934120395884160005,0.8062591205837131,0.5675494157936583,0.5843931468061622,2.9250540475618543,1.0436077247187412,41.0,0.37639775399529685,2.0558322411533423,3.0
10,Processed,Awake,60,21,1,2867090934924478298,0.7182551061935134,0.6440611260219549,0.5895282430292269,3.163533350502189,1.1805571679878686,39.0,0.3792052598742621,2.0719811197063067,3.0
10,Processed,Awake,60,21,2,16976607335968028334,0.7465201000728611,0.6334498269952152,0.5828094255411048,2.969919295671313,1.0650795794454684,48.0,0.3986418390363296,2.0652660367976132,3.0
10,Processed,Awake,60,21,3,18386443715681549325,0.799940831522057,0.5690833463560142,0.5864087920525988,3.315875169606513,1.2220117787792533,56.0,0.3625041992609301,2.0754224481384806,3.0
10,Processed,Awake,60,21,4,11312247780277179007,0.728603983683715,0.6519238562179854,0.5760906080529826,3.059123343527013,1.1230503193529633,50.0,0.4232615059749484,2.0842490842490844,3.0
10,Processed,Awake,60,21,5,3486070627927963955,0.7916857831612526,0.5875508699716442,0.5676920861928301,3.2968227424749164,1.2452306298396105,39.0,0.38064500647885974,2.079030144167759,4.0
10,Processed,Awake,60,21,6,11075762973002351190,0.7095410005181715,0.6682706930066422,0.5869366991409511,3.048354935194417,1.1026187575140116,35.0,0.39789796995728755,2.0693872457256957,3.0
10,Processed,Awake,60,21,7,6165522341341372038,0.741249532748216,0.6294614513349126,0.5821375437922925,3.063131313131313,1.098345580464179,41.0,0.3868599126553727,2.0550669216061186,3.0
10,Processed,Awake,60,21,8,7309348570186467139,0.7658958711505683,0.6072124207980385,0.545999904016893,2.9067450178845173,1.0398703754136984,35.0,0.3644238614003935,2.0623302552960348,3.0
10,Processed,Awake,60,21,9,3392538699706410128,0.722600594033881,0.6473548662706415,0.5751787685367376,2.9798607657881653,1.029057464824035,51.0,0.4024091759850266,2.068327577701036,3.0
10,Processed,Awake,60,21,10,631145670253265285,0.7035530830614437,0.6716027309446114,0.5757546671785766,3.1579362990260593,1.140641347947299,36.0,0.3964822191294332,2.0928435718809375,3.0
10,Processed,Awake,60,21,11,16739664823186757674,0.6750556199505511,0.6787287999313047,0.6030138695589576,3.406995661605206,1.2523193959061043,46.0,0.36900705475836254,2.046035125066525,3.0
10,Processed,Awake,60,21,12,10734247567681743673,0.7680416797823608,0.6119046804823911,0.5727311993089216,2.966442953020134,1.0465776306125611,43.0,0.4294764121514613,2.0809208231600977,3.0
10,Processed,Awake,60,21,13,9590523353564673113,0.7133176967937014,0.6627526275530247,0.586840716033978,2.984622894801074,1.0819011501945919,43.0,0.4124634064404665,2.0712133992047232,3.0
10,Processed,Awake,60,21,14,14503063433842725767,0.7936119555250674,0.583841988567009,0.6003263425637088,3.0450340798442066,1.0925109125118013,43.0,0.4331717617699285,2.0720844811753905,4.0
10,Processed,Awake,60,21,15,16802599967229444742,0.6829346269126151,0.670802034217073,0.5722992753275423,3.063190341638839,1.0970026139841282,50.0,0.3965782022364064,2.0586696562032887,4.0
10,Processed,Awake,60,21,16,13300845883723111812,0.69033182295497,0.6804399452249519,0.6024859624706052,3.152687091913611,1.1678237379114942,41.0,0.4035609732687047,2.0788627935723114,3.0
10,Processed,Awake,60,21,17,12949247024135677052,0.7878930082366502,0.591038432946011,0.595191246340644,3.144523326572008,1.099544892771288,76.0,0.4120554782358305,2.0801938219261054,3.0
10,Processed,Awake,60,21,18,7345454236373150940,0.7125154354047396,0.6561431914585664,0.5811297211690742,3.0663459103570525,1.1039817513524997,49.0,0.3975620290828814,2.0793172690763053,3.0
10,Processed,Awake,60,21,19,5276874175759628675,0.6491153548412859,0.725320205589875,0.6034937850938235,2.8290213723284587,0.9585379517670777,46.0,0.46151077410375774,2.0781199351701782,3.0
10,Processed,Awake,60,21,20,7662145962169476108,0.6997739313974902,0.6757545532066053,0.5847290876805682,3.096315120711563,1.1248069220253625,55.0,0.41719057445889524,2.09167468719923,3.0
10,Processed,Awake,60,21,21,8056654800104869425,0.7450474074633996,0.6391214743633902,0.5739309881460863,2.968230330106726,1.0647997736326498,43.0,0.3961942698085137,2.0881497407360565,3.0
10,Processed,Awake,60,21,22,11584508334851275072,0.7319753707715104,0.6409045548957599,0.56572443249988,3.0404952282692803,1.0733995482133794,50.0,0.39211498776215387,2.057542180810879,3.0
10,Processed,Awake,60,21,23,16127226671401928665,0.7391725484296119,0.6396708729733525,0.5655804578394202,3.1070392828895335,1.1029344210767766,51.0,0.3960982867015405,2.0815889029003785,3.0
10,Processed,Awake,60,21,24,8600944230259064196,0.6625930396446137,0.6920931288109793,0.6077170418006431,3.0646176185866407,1.1133466868379576,45.0,0.41123962182655854,2.062582741605488,3.0
10,Processed,Awake,60,21,25,7333636502218872347,0.6762203275691712,0.6873255361458123,0.5780102701924461,3.0700994137139945,1.1081974241809298,49.0,0.45582377501559723,2.084723441615452,4.0
10,Processed,Awake,60,21,26,5930976954131075813,0.6771978381558041,0.7033054618047155,0.5877525555502232,3.132225063938619,1.161221683484574,53.0,0.4573115131736814,2.1028357056162417,4.0
10,Processed,Awake,60,21,27,6107934666272174544,0.7150458678279346,0.6617549770772905,0.5781542448529059,3.184509648427174,1.1573192734931754,58.0,0.42880453040264915,2.114792899408284,3.0
10,Processed,Awake,60,21,28,15766938645567121306,0.6695346346167859,0.6987354261037916,0.5672601622114508,3.019928461931528,1.1065195921413449,46.0,0.4450976628113452,2.101631543167913,4.0
10,Processed,Awake,60,21,29,12051347623882066479,0.7141920565443068,0.6485057057786584,0.5694677736718338,3.154173312068049,1.1588861148861922,74.0,0.389835388971541,2.0486759142496846,4.0
10,Processed,Awake,60,21,30,1340785942954909488,0.7205552222297259,0.6514067283276254,0.5895762345827135,3.160535117056856,1.1644350671749888,54.0,0.3993137207851418,2.058256029684601,3.0
10,Processed,Awake,60,21,31,8340937095981214147,0.7291303128264689,0.6381778253895141,0.6069491769448577,3.0838819800048767,1.1021111425053316,50.0,0.4000095983106973,2.0684948504777267,3.0
10,Processed,Awake,60,21,32,1310300234035692609,0.7461905656768862,0.6357625829547313,0.5811777127225608,3.0350877192982457,1.0555078863632614,33.0,0.435259394346595,2.0984497917630724,3.0
10,Processed,Awake,60,21,33,1311244661239346544,0.7309091016485559,0.6493262296159368,0.5711954695973509,2.9904522613065327,1.0986858270593003,54.0,0.43050823055142295,2.0801159420289856,3.0
10,Processed,Awake,60,21,34,15544056235138004961,0.7416864138046595,0.6407124398880846,0.5667322551230983,3.1076315789473683,1.1187068421104998,38.0,0.3941786245620771,2.0526052730226163,3.0
10,Processed,Awake,60,21,35,13532508375987140587,0.6976684561781729,0.6748018029811796,0.5689398665834813,2.9142084562438546,1.0457660658616772,46.0,0.44183423717425735,2.0909607086077675,3.0
10,Processed,Awake,60,21,36,13481628399923783668,0.7546480910281589,0.6221204636635779,0.5920238038105293,2.954730538922156,1.0750765510602598,49.0,0.37656572443249986,2.079920477137177,3.0
10,Processed,Awake,60,21,37,4540717749981046906,0.7306360075985813,0.6478850262769131,0.584873062341028,3.1337104654152736,1.1573381289706293,35.0,0.4025051590919998,2.0983237428071053,3.0
10,Processed,Awake,60,21,38,10713097952620885218,0.703234076999844,0.670825805597794,0.5719633344531363,3.1806778756338403,1.1666059060503868,44.0,0.40531266497096513,2.081967213114754,3.0
10,Processed,Awake,60,22,0,5228988487558816168,0.7647674441702114,0.6106358974834899,0.5895762345827135,3.2457067371202113,1.1975405353836943,44.0,0.39559437538993136,2.076845553036029,3.0
10,Processed,Awake,60,22,1,7372592942058754428,0.7485652175323751,0.6228530586268947,0.5973028746940539,3.3127495342028213,1.2360993971853658,46.0,0.41080769784517923,2.0911200684011235,3.0
10,Processed,Awake,60,22,2,2110078907010256248,0.7715680637941325,0.5979743391192054,0.5972548831405673,3.247651356993737,1.1863327038615774,46.0,0.36324806833997214,2.057072971871178,3.0
10,Processed,Awake,60,22,3,15729774651505079295,0.7499509910108536,0.6304771668870994,0.5822335268992658,3.114762516046213,1.1562060921672976,48.0,0.39789796995728755,2.092365930599369,3.0
10,Processed,Awake,60,22,4,13077404317776963101,0.7248142905504937,0.6475082117099854,0.6134280366655469,3.268217847097929,1.2021569054793173,51.0,0.39357873014349476,2.0888945491594497,4.0
10,Processed,Awake,60,22,5,12194307601999001435,0.7603131067254731,0.5993391254746823,0.6153476988050103,3.3252074688796682,1.2297125092669823,53.0,0.3674233334933052,2.060834454912517,3.0
10,Processed,Awake,60,22,6,8483415273378403967,0.6588540768446047,0.7073060385570099,0.5989825790660843,3.306225165562914,1.1910297048803986,51.0,0.41755051111004465,2.0967586456199543,4.0
10,Processed,Awake,60,22,7,13280911060965076750,0.7765005412968795,0.5998504650291522,0.6214426260978068,3.358143153526971,1.2366925450291553,49.0,0.3948745020876326,2.0715005035246725,4.0
10,Processed,Awake,60,22,8,2670070385261121266,0.7487276569210048,0.6317272624930456,0.5955271872150502,3.2950079660116836,1.195370807107893,48.0,0.4250611892306954,2.0822851769131305,3.0
10,Processed,Awake,60,22,9,8928293483535912510,0.7721524383807942,0.5965638854331317,0.5988865959591112,3.4906293706293705,1.2798858484137754,73.0,0.3445553582569468,2.0604103888649736,3.0
10,Processed,Awake,60,22,10,13991551654167446275,0.7304613725777799,0.6297104140290424,0.5628929308441715,3.2072737216297513,1.2073770625309443,54.0,0.3832365503671354,2.081183216054209,3.0
10,Processed,Awake,60,22,11,13158145045753796332,0.6909516069085948,0.6805138173847074,0.5847290876805682,3.198739826726175,1.1518149386484227,47.0,0.47199692854057684,2.1091571949388808,4.0
10,Processed,Awake,60,22,12,6415099310130490118,0.7499132189520078,0.6278826906383692,0.6106445265633249,3.3387562319601156,1.2640335105270681,45.0,0.38825166770648367,2.0754232939969217,3.0
10,Processed,Awake,60,22,13,7377476694055116457,0.6913106106002105,0.6731500717020024,0.6029658780054711,3.282131661442006,1.193854201866746,37.0,0.4134952248404281,2.106859029221176,4.0
10,Processed,Awake,60,22,14,7217339711116187780,0.740550052735855,0.6360048861524554,0.5989345875125978,3.439911797133407,1.281282790018039,48.0,0.41071171473820606,2.088845496704906,3.0
10,Processed,Awake,60,22,15,2470990000974019516,0.7146324052162272,0.6593451300577369,0.5949032970197246,3.271575613618369,1.2182386526376439,50.0,0.41594279406824397,2.083914402500601,4.0
10,Processed,Awake,60,22,16,5351917438143791077,0.715745567063297,0.6608516897540273,0.6069971684983443,3.401828940290479,1.2510039447934453,59.0,0.4004175265153333,2.0809327846364885,3.0
10,Processed,Awake,60,22,17,9242941884256345898,0.8212758098213445,0.5554053466788943,0.61155636607957,3.1612503100967504,1.138696820590893,50.0,0.4239333877237606,2.071403447062962,4.0
10,Processed,Awake,60,22,18,12588680639016827623,0.7754412427585426,0.5957660342368909,0.5894802514757402,2.988564476885645,1.093798841729261,36.0,0.3988817968037625,2.0888414174415684,3.0
10,Processed,Awake,60,22,19,470096354403962801,0.7787455404651538,0.5984515369262856,0.6216345923117531,3.424002114723764,1.2864236116768328,39.0,0.38518020828334215,2.0624437877425157,3.0
10,Processed,Awake,60,22,20,1257264080057723132,0.7318464502712607,0.6489081599855717,0.5924557277919086,3.13722998729352,1.1549547734310466,42.0,0.45140855209483133,2.1285358678434037,3.0
10,Processed,Awake,60,22,21,15550583184896708372,0.7741986868146322,0.607599088709654,0.5998464270288429,3.136511919698871,1.1560505139790491,38.0,0.4374910015837213,2.102883506343714,3.0
10,Processed,Awake,60,22,22,971083436756399917,0.7329689864522062,0.6414141451116988,0.6140519268608725,3.302787816210635,1.2214541908978769,58.0,0.413735182607861,2.079604390302738,3.0
10,Processed,Awake,60,22,23,4732971666871959967,0.7271100838741104,0.6533318711176959,0.5720593175601094,3.2765255634964268,1.1931498644372158,49.0,0.4552238805970149,2.084954390592373,3.0
10,Processed,Awake,60,22,24,17815017362195640342,0.6776404273670215,0.680633960327667,0.5855929356433268,3.1751236013531097,1.1912841105704188,40.0,0.4355713394442578,2.085717568654487,4.0
10,Processed,Awake,60,22,25,15597501385572287027,0.6570973681497265,0.7005994107710901,0.5704276047415655,3.117230527143981,1.1180462491211558,45.0,0.4721648989777799,2.154494689587211,4.0
10,Processed,Awake,60,22,26,2756077732222792703,0.7669132211497003,0.6100399104376971,0.634064404664779,3.3816227284361404,1.2448076324525488,38.0,0.3638959543120411,2.0833905756285205,3.0
10,Processed,Awake,60,22,27,1515850303108378033,0.6731590138375672,0.6844854527720076,0.5940394490569659,3.3426951120712936,1.259484475631216,38.0,0.3821567404136872,2.1013326296345163,3.0
10,Processed,Awake,60,22,28,9537038464541570225,0.7287612277714621,0.644650076517407,0.6166434707491482,3.26697177726926,1.1944474578779953,53.0,0.4289005135096223,2.100105745505816,4.0
10,Processed,Awake,60,22,29,11699958394505450705,0.7232936406321877,0.6431921688199194,0.5890963190478475,3.2024523871641013,1.2030839124097505,44.0,0.3789892978835725,2.0789785441621693,3.0
10,Processed,Awake,60,22,30,2969431745563817181,0.7384871566489623,0.6349104183983397,0.5902961078850122,3.4716342082980525,1.3066578759688652,37.0,0.3945625569899698,2.0719506048387095,3.0
10,Processed,Awake,60,22,31,1825397959508735670,0.709900879292411,0.6438256445649801,0.6041656668426357,3.1598895582329316,1.1917996773414403,52.0,0.3950184767480923,2.05697863301262,3.0
10,Processed,Awake,60,22,32,1285738080410293878,0.6998734873317418,0.6770438932220902,0.5759466333925229,2.937102300538424,1.046409318965995,36.0,0.4500407928204636,2.109673790776153,4.0
10,Processed,Awake,60,22,33,10773424975099086350,0.7306266158308657,0.6578091243667128,0.5719153428996496,3.188921594862189,1.1971104403207058,42.0,0.4148149925613092,2.0994656303133348,4.0
10,Processed,Awake,60,22,34,3453499636440956058,0.7886413095126943,0.5936097099152744,0.5981187311033258,3.342182890855457,1.258590038499939,47.0,0.42513317656092525,2.0850888548899613,3.0
10,Processed,Awake,60,22,35,17384984046785406442,0.7826657657777197,0.5947235340306253,0.6034937850938235,3.4824148435336473,1.2985909063236178,49.0,0.37649373710227,2.0574350904799372,3.0
10,Processed,Awake,60,22,36,1462722572073830171,0.7120935185542359,0.6597968056289187,0.5801698900993425,3.203232644409115,1.159538746288375,46.0,0.4401785285789701,2.0995765136774636,3.0
10,Processed,Awake,60,22,37,12894825301225168477,0.7701596846522984,0.6100503937688782,0.5629889139511446,3.1808568329718003,1.1860877177213447,44.0,0.41083169362192257,2.0937996820349762,3.0
10,Processed,Awake,60,22,38,17964079944931469686,0.6968059173341095,0.6577068532580413,0.581273695829534,2.9913558903432946,1.0878296061839772,41.0,0.4058165762825743,2.077641277641278,4.0
10,Processed,Awake,60,23,0,2759122317802187157,0.5044377478043677,0.8163267091850694,0.5851130201084609,3.0036954915003697,1.0655262457461565,53.0,0.596583001391755,2.2665694229191358,4.0
10,Processed,Awake,60,23,1,9587355637191012902,0.6317438392763748,0.7259697112742608,0.5711474780438642,2.974506373406648,1.0482565932341956,34.0,0.5240437682967798,2.178019347761045,4.0
10,Processed,Awake,60,23,2,11923458311582826788,0.627815947441114,0.7464508930636209,0.5457119546959736,2.9163888176455504,1.0848958280172365,34.0,0.5118299179344435,2.2055630234722368,4.0
10,Processed,Awake,60,23,3,12677634820711003250,0.5848121067373225,0.7765349691631781,0.5694677736718338,2.9183472700442694,1.0630063553648246,35.0,0.5435043432355905,2.2399129746835444,5.0
10,Processed,Awake,60,23,4,17044747991987629674,0.5627323437066798,0.7769472609039827,0.5675001199788837,2.87782915551229,1.0011895050473298,68.0,0.5674281326486539,2.2302178628689995,4.0
10,Processed,Awake,60,23,5,17471947868101933956,0.4700083978509883,0.8211693624905838,0.5699476892066996,3.059247810407007,1.085719127295792,42.0,0.5422805586216826,2.2596740325967404,4.0
10,Processed,Awake,60,23,6,5796760410896517789,0.486284372017145,0.8134103074791671,0.6085808897634016,3.1837810695455686,1.1096228637594392,55.0,0.5507750635888083,2.238443534230544,4.0
10,Processed,Awake,60,23,7,11496389778393500603,0.49973621633913606,0.8130349741923661,0.5837212650573499,2.9855179185076093,1.038268238884895,52.0,0.5508470509190383,2.198218902614191,4.0
10,Processed,Awake,60,23,8,13030238469046982574,0.5456935997728257,0.7753042081497585,0.5855929356433268,3.1399897066392177,1.1291724528726255,58.0,0.55778183039785,2.278028224225794,4.0
10,Processed,Awake,60,23,9,16931114931866863208,0.5938268046083466,0.7617081893208908,0.5640447281278494,2.9456140350877194,1.033848177097031,52.0,0.4903536977491961,2.1790360417999572,4.0
10,Processed,Awake,60,23,10,2639800624880199202,0.5132904018854069,0.8053247535002351,0.5678840524067764,3.024022489138768,1.082525099032772,55.0,0.5505351058213754,2.257724857311553,5.0
10,Processed,Awake,60,23,11,785716570108497536,0.5823444553972303,0.7659477520265838,0.5985506550847051,2.9290746829497416,1.0389725288715945,46.0,0.5217161779526803,2.188204508856683,4.0
10,Processed,Awake,60,23,12,1492535849078332616,0.520321684181987,0.791643112340088,0.5954312041080769,2.8880353817504654,0.9982853396561969,36.0,0.5493353169842108,2.2157375145180023,4.0
10,Processed,Awake,60,23,13,12294267538110161556,0.5794491892780864,0.7560795806091398,0.5726352162019485,3.098415995845235,1.0623768500849127,43.0,0.5419686135240198,2.2093318986598844,3.0
10,Processed,Awake,60,23,14,11314940533023147046,0.6056035241244753,0.762789129397959,0.6152037241445506,3.1235380116959064,1.1367312160269956,41.0,0.5709555118299179,2.22000373203956,4.0
10,Processed,Awake,60,23,15,3150027840261175846,0.5094219992084309,0.8131736668739485,0.5638047703604165,2.891459512675363,1.0133981386541635,38.0,0.585041032778231,2.308151093439364,5.0
10,Processed,Awake,60,23,16,11555245579387912526,0.5841510082874964,0.7687775435211299,0.5615971589000336,2.9768506741287206,1.0579473238584625,45.0,0.4980083505303067,2.219916568616964,4.0
10,Processed,Awake,60,23,17,435664358407028883,0.5092715764935302,0.8083715066997967,0.5866967413735182,3.1402517338813256,1.1493132010618656,34.0,0.5600854249652061,2.25103674414119,4.0
10,Processed,Awake,60,23,18,10080311812155375779,0.5062098103814784,0.8007934285868935,0.5752267600902241,2.972718253968254,1.0586757475387032,50.0,0.564740605653405,2.2188177618553784,4.0
10,Processed,Awake,60,23,19,372848354256620523,0.5610206251702909,0.784418774319006,0.6126601718097615,3.1327607361963192,1.1033176655434442,37.0,0.5228199836828719,2.169903396076088,3.0
10,Processed,Awake,60,23,20,9495154142439544726,0.45893484146067515,0.844124198488355,0.5921677784709891,3.07246015936255,1.1194479347398612,48.0,0.5873686231223305,2.2855275443510736,4.0
10,Processed,Awake,60,23,21,9740711937324318246,0.5929623806211773,0.7639296028503464,0.5810817296155877,3.005958291956306,1.0716121653545843,50.0,0.548207515477276,2.236952903162636,5.0
10,Processed,Awake,60,23,22,280748897065386636,0.5318310315287323,0.804160736462377,0.5938954743965063,3.018292682926829,1.0818818369252339,34.0,0.5805298267504919,2.2465409973070853,4.0
10,Processed,Awake,60,23,23,13712897492420868852,0.5483241046235926,0.7981659252147829,0.6207707443489946,3.185960591133005,1.1118068021858196,75.0,0.5810817296155877,2.247216035634744,5.0
10,Processed,Awake,60,23,24,12093578597352320418,0.5717515127116699,0.7788330105870662,0.5922157700244757,3.0589985126425385,1.0582279014312326,51.0,0.5480875365935596,2.2559012345679013,4.0
10,Processed,Awake,60,23,25,2438102676620312690,0.5225791877302903,0.7846463298179343,0.6105005519028651,3.0259276879162704,1.07691116641291,55.0,0.5957431492057398,2.2088078291814948,5.0
10,Processed,Awake,60,23,26,6191698207206452744,0.5914332747564379,0.7668320645925703,0.5893362768152806,3.191268191268191,1.1804137417887588,58.0,0.5306186111244421,2.216619887730553,4.0
10,Processed,Awake,60,23,27,16656498155529569050,0.5596187362309355,0.7606000824882747,0.5985026635312185,3.2957188160676534,1.08909932514962,79.0,0.5458559293564332,2.2585385226370134,4.0
10,Processed,Awake,60,23,28,11291665860808845851,0.6216842799505576,0.7371850958507402,0.5569419782118347,2.8640177690029613,0.9901022302885241,48.0,0.5290348898593847,2.1792033211426314,4.0
10,Processed,Awake,60,23,29,13158350675109654017,0.4965652923981444,0.7984259189224319,0.5918798291500695,3.224313725490196,1.1404029503379636,66.0,0.5659163987138264,2.247379454926625,4.0
10,Processed,Awake,60,23,30,16579425857160964664,0.4411749487524623,0.8319532690364998,0.5886643950664683,3.1084642676127725,1.1469780712933229,40.0,0.5387771752171617,2.2071168780104196,4.0
10,Processed,Awake,60,23,31,1184049512599222156,0.5979011448377877,0.7641394102877412,0.6277775111580362,3.1573738836591843,1.10204276474901,55.0,0.6063492825262754,2.2801840822956145,4.0
10,Processed,Awake,60,23,32,16434172544830287430,0.5196997775694031,0.8031299164271948,0.61957095551183,3.163440333251654,1.1113206541187994,48.0,0.607789029130873,2.353996282527881,6.0
10,Processed,Awake,60,23,33,13053786326199481234,0.46753089793215785,0.8148064991023181,0.591015981187311,3.141581632653061,1.1442078842748786,50.0,0.5381292892450928,2.2035963446988305,4.0
10,Processed,Awake,60,23,34,6571914554223506964,0.5253019020147727,0.7901937837528029,0.5708595287229448,2.986442380115491,1.0365814136520985,51.0,0.5352018044824111,2.1944116489571037,4.0
10,Processed,Awake,60,23,35,12499076683179089012,0.5973032266350249,0.7438292935407064,0.5278590967989634,2.9823752711496745,1.0523136984659371,50.0,0.4978643758698469,2.154740886904144,3.0
10,Processed,Awake,60,23,36,900662564581532954,0.6209635133719982,0.7364425067162021,0.6082449488889955,2.9948015122873346,1.0606447084909065,51.0,0.4590872006526851,2.1105350248207393,3.0
10,Processed,Awake,60,23,37,16948587914631770464,0.5520852172859713,0.7734608808557275,0.6303210634928252,3.188638018936635,1.141108395221352,58.0,0.5516629073283102,2.207605146917611,4.0
10,Processed,Awake,60,23,38,7745798926156917496,0.562473127038009,0.7886137827914358,0.5907280318663916,2.9645953757225434,1.042537237419101,42.0,0.5692038201276576,2.204553903345725,4.0
10,Processed,Awake,60,24,0,4647802841822482748,0.4032196886833096,0.876869431210537,0.5514709411143639,3.0642666666666667,1.1168614952837193,48.0,0.6260738110092624,2.4176241660489253,6.0
10,Processed,Awake,60,24,1,5696488481889756911,0.5399792472585673,0.8212486221442937,0.5668282382300716,3.141223404255319,1.1374202850730024,53.0,0.6002303594567356,2.36270898271465,4.0
10,Processed,Awake,60,24,2,1232716745472277158,0.41265876647531646,0.8791368695206381,0.5511829917934443,3.03996823716252,1.1372281671301043,41.0,0.5889523443873879,2.392669136283876,8.0
10,Processed,Awake,60,24,3,6713083359220261953,0.48443785087471436,0.84745159893107,0.5632768632720642,2.966135961587061,1.0992033687164209,36.0,0.6006622834381149,2.3887775551102206,9.0
10,Processed,Awake,60,24,4,17937577734555536051,0.45803856771138,0.8633617461836074,0.513749580073907,2.9312705366922236,1.105239333267112,34.0,0.5770264433459711,2.3884584823202224,6.0
10,Processed,Awake,60,24,5,12882806356032124401,0.48040562988200475,0.8564360297503285,0.5228199836828719,2.992857142857143,1.1238107171001,44.0,0.6009022412055478,2.4628245476003148,7.0
10,Processed,Awake,60,24,6,85418411264908771,0.516361450129057,0.828981172876448,0.5497432451888468,2.982296277011195,1.0933841407754932,53.0,0.6022460047031722,2.420484135403607,6.0
10,Processed,Awake,60,24,7,202048340157711916,0.5448556780318365,0.8124232223801875,0.5628449392906848,3.0010235414534288,1.0845857901896245,51.0,0.5943034026011422,2.3449157356561257,5.0
10,Processed,Awake,60,24,8,16506510327396859630,0.5458132287562586,0.8140753567691673,0.5417286557565868,2.8869565217391306,1.0344946319603172,42.0,0.5549263329653981,2.336431602343908,4.0
10,Processed,Awake,60,24,9,5131169846494775457,0.4312537660507163,0.8811228983521411,0.5036233622882372,2.841592201462226,1.0434083899051951,40.0,0.5698037145462399,2.43050153531218,5.0
10,Processed,Awake,60,24,10,6278323428692842463,0.5302845590590021,0.8092572605853334,0.5543024427700725,2.9852675109847504,1.1031255969182796,47.0,0.6058693669914095,2.362148002619515,5.0
10,Processed,Awake,60,24,11,12667813953388650485,0.4425370898168471,0.8647544984441038,0.5453760138215674,3.0863661053775124,1.1828087844033472,36.0,0.5883044584153189,2.3669627341185557,5.0
10,Processed,Awake,60,24,12,8850463392788646842,0.4182541229546153,0.8689517832057061,0.5358736862312233,2.9570974576271185,1.0956406736098006,35.0,0.5992465326102606,2.391820706828848,6.0
10,Processed,Awake,60,24,13,13410340732637335060,0.5270868260989182,0.8195323093241944,0.5579498008350531,2.931417044881493,1.0777515013269476,42.0,0.5884004415222921,2.303955651601992,5.0
10,Processed,Awake,60,24,14,13271043404304100620,0.5634399942228269,0.8000258266223388,0.5405288669194221,2.9616092558506444,1.08766105837703,43.0,0.6075730671401833,2.4656733859187847,6.0
10,Processed,Awake,60,24,15,12981892756954046468,0.5013040087708602,0.8279059291073705,0.5477755914958967,2.9087665647298673,1.0562082468824392,35.0,0.5873686231223305,2.3305722174616776,5.0
10,Processed,Awake,60,24,16,8190061632638814310,0.5541952392668537,0.8210126810157713,0.5152853097854777,2.990807799442897,1.1080701342950205,38.0,0.5785381772807986,2.4373230893651434,5.0
10,Processed,Awake,60,24,17,9720491760423216292,0.3941855623403551,0.9055736850360737,0.5893362768152806,3.0600548218290555,1.167586380344066,36.0,0.6418870278830926,2.438913202042305,9.0
10,Processed,Awake,60,24,18,1323125462070441435,0.42518377046099587,0.8664487000938335,0.5323223112732159,2.9673622257891923,1.0896105527012954,43.0,0.5789701012621778,2.392701309004363,4.0
10,Processed,Awake,60,24,19,5346070166016046103,0.5079590115035805,0.837098049084784,0.5455199884820272,3.0713320724128614,1.149890875404793,36.0,0.5888083697269281,2.4242244615688597,5.0
10,Processed,Awake,60,24,20,9114201526860116848,0.48787112938856414,0.8377112488882321,0.5379853145846331,2.941485174494883,1.1008707012609351,33.0,0.5919038249268129,2.4478515431179915,7.0
10,Processed,Awake,60,24,21,8960191201506566909,0.5316595293651365,0.8199756613873244,0.5936555166290732,3.021494870542257,1.1155709198407084,63.0,0.6336324806833997,2.3901158580738597,11.0
10,Processed,Awake,60,24,22,1836963222295953583,0.4412596888613427,0.861949624481583,0.5402409175985027,2.967835486422357,1.092164700015806,39.0,0.6001103805730191,2.418197640688455,5.0
10,Processed,Awake,60,24,23,9123470816070669290,0.4759028841572752,0.8603019699582564,0.5510870086864712,2.995825723975998,1.1281190962502299,39.0,0.6217785669722129,2.4298574643660915,7.0
10,Processed,Awake,60,24,24,9911481034747345761,0.45603198928135374,0.8555351156389022,0.5486874310121419,3.08416509306717,1.148830632416312,35.0,0.5953832125545904,2.426601466992665,5.0
10,Processed,Awake,60,24,25,3843362291483360377,0.5343528251572295,0.8378245523055637,0.5549743245188846,2.9018820577164366,1.057825103661749,43.0,0.6214186303210635,2.471559457911815,8.0
10,Processed,Awake,60,24,26,7665162571633590560,0.5647992588587916,0.8026697632906918,0.5422565628449393,2.9363305613305615,1.0743132621639024,42.0,0.6053654556798004,2.367270338744487,5.0
10,Processed,Awake,60,24,27,7894472505741737617,0.5638600198338923,0.7985814780393181,0.5402409175985027,2.888632281241981,1.0447078009749764,46.0,0.5818255986946298,2.3584281684661024,5.0
10,Processed,Awake,60,24,28,10837287708596107655,0.3915326797747202,0.8902755414806942,0.5822815184527523,2.978154148257241,1.124136494622008,37.0,0.6531170513989538,2.46875283446712,10.0
10,Processed,Awake,60,24,29,7961497180263829308,0.46940688416445653,0.8478150577842822,0.5860728511781926,3.069112842422719,1.144864085664361,51.0,0.6316168354369631,2.4197462768891342,6.0
10,Processed,Awake,60,24,30,16554892634364788451,0.5382674602321865,0.8079777642505618,0.5519508566492297,2.979533678756477,1.1021141207667016,53.0,0.5511350002399578,2.3209377526273243,5.0
10,Processed,Awake,60,24,31,1597886053237913081,0.5777361821974686,0.7874389767930328,0.531506454863944,2.872147302904564,1.0440942682023375,39.0,0.5670202044440179,2.310550503568984,4.0
10,Processed,Awake,60,24,32,3822331009794082157,0.4294941834651702,0.871940736066176,0.5389931372078515,2.9766763848396502,1.1207261156892805,34.0,0.6024619666938619,2.4069600230083403,5.0
10,Processed,Awake,60,24,33,15587577165371245784,0.41707701553085136,0.8763516671106514,0.5385132216729855,3.0675232367413887,1.1221152226435427,33.0,0.6273455871766569,2.4657172498349524,7.0
10,Processed,Awake,60,24,34,3616539468956666224,0.4222904733950344,0.8954950641832485,0.5427364783798052,3.048247978436658,1.1546403516915227,36.0,0.6109324758842444,2.4542124542124544,6.0
10,Processed,Awake,60,24,35,8035172728469035198,0.49998482505552044,0.8551127603152919,0.5437443010030235,2.9997352396081545,1.1445850832277897,38.0,0.6109564716609877,2.4376256582096696,6.0
10,Processed,Awake,60,24,36,10306610945494338256,0.38975047745836006,0.8777255281859324,0.5830013917550511,3.0568696527428285,1.123863280698329,36.0,0.6141479099678456,2.411797964568413,5.0
10,Processed,Awake,60,24,37,7666224324155415087,0.5153322355723208,0.8325432003177452,0.5351538129289245,2.993557046979866,1.1309433951637193,33.0,0.5877765513269665,2.4090283241542094,5.0
10,Processed,Awake,60,24,38,5826413012767718505,0.4330956734573339,0.8685911439617878,0.5417286557565868,2.9549738219895287,1.1061496520474678,49.0,0.5853049863224072,2.3762299074525086,5.0
10,Processed,Awake,60,25,0,16144053892212951455,0.5772491300458229,0.7900311280831974,0.5233478907712242,2.905675459632294,1.0938226747756623,36.0,0.4967605701396554,2.2243472654990866,4.0
10,Processed,Awake,60,25,1,16860245804959238404,0.5401008324098082,0.8020884425056578,0.5304986322407257,2.815588385124809,1.0215216264734885,38.0,0.4799635264193502,2.187923867862612,4.0
10,Processed,Awake,60,25,2,10192365204147359420,0.646069440226296,0.7338305005894494,0.5156212506598838,2.8804289544235924,1.046506044890986,36.0,0.43470749148149923,2.120318352059925,4.0
10,Processed,Awake,60,25,3,17888085387513897795,0.6322010718107564,0.7379392135779206,0.4775159571915343,2.8958090803259604,1.0530018557840932,40.0,0.43513941546287854,2.1326590615077032,4.0
10,Processed,Awake,60,25,4,14952919125575787022,0.519324504355869,0.8089905705531727,0.5381772807985794,3.0572519083969465,1.1753171467791703,37.0,0.4536881508854442,2.211862423958821,4.0
10,Processed,Awake,60,25,5,5883507490449767183,0.5969385506498912,0.7632026406599471,0.5553582569467773,3.038067734313468,1.1236622515092416,50.0,0.5052070835532946,2.1981624556274797,4.0
10,Processed,Awake,60,25,6,2823637899434231581,0.6852778943634109,0.7116651285629944,0.522915966789845,3.0503919372900334,1.1767717590160256,46.0,0.4808753659355953,2.1566939302625916,4.0
10,Processed,Awake,60,25,7,8869471635622539938,0.6192379200723356,0.7507204945490621,0.5173009550319144,2.965337001375516,1.0995874053380392,36.0,0.48493065220521187,2.1446460787435,4.0
10,Processed,Awake,60,25,8,6842991102152172149,0.5580217158194924,0.7929930609010447,0.5181648029946729,2.915743991358358,1.098607976237658,33.0,0.48939386667946444,2.222403835676147,4.0
10,Processed,Awake,60,25,9,8380555943374406311,0.5459808421277123,0.7901252042832306,0.5228199836828719,3.0644163150492263,1.1532584519937408,51.0,0.4664778998896194,2.163124513185713,4.0
10,Processed,Awake,60,25,10,9436153481692950596,0.5648951322450819,0.785846566825687,0.5091903824926813,3.0219310737681573,1.1759957620302386,51.0,0.45548783414119115,2.2295043457834156,4.0
10,Processed,Awake,60,25,11,4233213158896456217,0.6887884680161167,0.7098604337650728,0.5223400681480059,2.9024,1.0544873921072515,49.0,0.4571435427364784,2.1494979126706535,4.0
10,Processed,Awake,60,25,12,15512843809553651918,0.6666099539700858,0.7205650335495031,0.5348178720545184,2.950489806724914,1.078820192565489,35.0,0.4517444929692374,2.1245909039611783,4.0
10,Processed,Awake,60,25,13,16646423865788342519,0.6399028963429277,0.7414657729705983,0.4922493641119163,2.8941873589164784,1.0421174447115287,36.0,0.47624418102413973,2.2069387301234293,4.0
10,Processed,Awake,60,25,14,7840414495272949779,0.6236640931740068,0.7402692354590622,0.5474396506214906,2.893708777270421,1.0648623128056367,32.0,0.4811873110332581,2.1858513189448443,4.0
10,Processed,Awake,60,25,15,6980869954031956803,0.5956581423389236,0.7691291298663602,0.5351538129289245,2.9664804469273744,1.1079730744330667,54.0,0.4755003119450977,2.186713749724123,4.0
10,Processed,Awake,60,25,16,5624851567048545206,0.6290708126507893,0.7478559917722843,0.5144214618227192,2.986625801058791,1.1211153851518623,46.0,0.42494121034697896,2.1683604750826495,4.0
10,Processed,Awake,60,25,17,17288862002631596208,0.5707242738599854,0.779687007455236,0.5442722080913759,2.9580073030777254,1.140581895017618,38.0,0.4263809569515765,2.1559087600097064,4.0
10,Processed,Awake,60,25,18,9871688581073541418,0.6919426454521765,0.6991120402066315,0.5139895378413399,2.919051512673753,1.1088008051615885,32.0,0.4264769400585497,2.1183551847437427,4.0
10,Processed,Awake,60,25,19,1899314988530224496,0.5668507645820081,0.7885540584656305,0.5193645918318376,2.89978563772776,1.0847855273695877,36.0,0.4922973556654029,2.2124447320176857,4.0
10,Processed,Awake,60,25,20,14186280754025357360,0.6166401212297443,0.7569777339134439,0.514565436483179,3.058185966913862,1.1726073919103388,53.0,0.44886499976004224,2.2079792256846082,4.0
10,Processed,Awake,60,25,21,18153398703442658832,0.5717951762647501,0.7925872084253419,0.5089504247252483,2.807783955520254,1.030510412900543,30.0,0.4979843547535634,2.186137153692194,4.0
10,Processed,Awake,60,25,22,7323585392188278038,0.6360495440765219,0.7405139191077521,0.5538705187886932,2.9744845360824743,1.0908998984833536,44.0,0.46155876565724435,2.160993146837434,4.0
10,Processed,Awake,60,25,23,15386189468793296395,0.6059561966102947,0.7722977260274209,0.5422085712914527,3.0370967741935484,1.1438305044849564,33.0,0.46705379853145845,2.176937702717817,4.0
10,Processed,Awake,60,25,24,14625663706753674009,0.6379572673949601,0.7409045433959895,0.5536785525747469,3.0044270833333333,1.1480819558790032,33.0,0.42412535393770695,2.139053612489411,4.0
10,Processed,Awake,60,25,25,13896387814414240202,0.5859516457934196,0.7755192507699195,0.5385612132264721,2.8974954815388587,1.0949064770786423,38.0,0.5053510582137544,2.1905554399833576,4.0
10,Processed,Awake,60,25,26,13054598283980927169,0.6020790065655315,0.7715428702326469,0.5277631136919902,2.941160738165285,1.090596204432521,53.0,0.4942890051350962,2.2158993115318415,4.0
10,Processed,Awake,60,25,27,3326883178306941039,0.5707553695246683,0.7854630630932173,0.5374094159427941,2.895036194415719,1.0467135634028941,53.0,0.5061909103997696,2.2089005235602093,4.0
10,Processed,Awake,60,25,28,12528712635662704180,0.5638042924791269,0.784832737566986,0.5369774919614148,3.0265079794427914,1.1442825911858885,40.0,0.45618371166674665,2.1824130409826656,4.0
10,Processed,Awake,60,25,29,10690585338217039727,0.6367385402719123,0.7455166635897124,0.5164371070691558,2.971010491441193,1.1076937498691428,36.0,0.4458895234438739,2.1341449408521878,4.0
10,Processed,Awake,60,25,30,6800887095073037729,0.636215535110457,0.7464847279142961,0.508758458511302,2.8489653319000268,1.03683862878828,36.0,0.46220665162931324,2.171589627959414,4.0
10,Processed,Awake,60,25,31,14242304836987467338,0.5805975039680407,0.7661881699878819,0.5210922877573547,3.0423087699635754,1.151554950608797,35.0,0.4311801123002352,2.171217979700338,4.0
10,Processed,Awake,60,25,32,6646050386511243546,0.655190168016937,0.7251399700533692,0.5336660747708404,3.1439072660446707,1.1711386957454182,54.0,0.42496520612372224,2.1386306001690616,4.0
10,Processed,Awake,60,25,33,7765710261879413106,0.6009969665594085,0.7595685854461969,0.486250419926093,2.829377268919296,1.0253323662558935,39.0,0.42551710898881795,2.1395994208494207,4.0
10,Processed,Awake,60,25,34,6633291476781490228,0.6463057037639316,0.7361771854142138,0.5109180784181984,2.86645126548196,1.0415305592382038,44.0,0.4609108796851754,2.1926940639269406,4.0
10,Processed,Awake,60,25,35,13257119099908745547,0.6241809427038015,0.7624322117453207,0.5493113212074675,2.9273657289002557,1.075278278410217,36.0,0.48577050439122715,2.1410893707033316,4.0
10,Processed,Awake,60,25,36,162987242163156,0.6054510628646471,0.7495564731253399,0.5274751643710707,2.98993471164309,1.161147567631749,30.0,0.42810865287709365,2.1633321207711895,4.0
10,Processed,Awake,60,25,37,12420063473175444800,0.5879258543590334,0.7879184410819112,0.5014157508278543,2.8917796844727373,1.0755267545824863,39.0,0.489441858232951,2.2077064617382836,4.0
10,Processed,Awake,60,25,38,1128998000250392635,0.7082799247578457,0.6934851031613722,0.5297307673849403,2.8857516339869282,1.0623534517214848,48.0,0.45615971589000337,2.1582652134423252,4.0
10,Processed,Awake,60,26,0,17604915549044944517,0.7573541043450215,0.6221592192982845,0.5450400729471613,2.95370611183355,1.0912048462766504,49.0,0.3490185727311993,2.0439853850477796,3.0
10,Processed,Awake,60,26,1,5626139738785081292,0.7752184505905516,0.6089443223248288,0.5418726304170466,2.970534069981584,1.0879333027735911,48.0,0.3412679368431156,2.044271956303004,3.0
10,Processed,Awake,60,26,2,12273785892015830986,0.7707126849402811,0.6022861598520328,0.5712434611508375,3.059897172236504,1.1401499008927403,57.0,0.3070739549839228,2.022921277268416,3.0
10,Processed,Awake,60,26,3,6922961242856933323,0.7592575683818075,0.6269676057852139,0.5442722080913759,3.0388531618435155,1.1138088316519867,45.0,0.3747180496232663,2.0418410041841004,3.0
10,Processed,Awake,60,26,4,2927780961193384525,0.7476961191784143,0.6177637424444655,0.5818975860248596,3.1724228152799583,1.1985564731889404,42.0,0.3181839996160676,2.0368663594470044,3.0
10,Processed,Awake,60,26,5,10976053187071335902,0.7112991060206707,0.6612899654208763,0.5826174593271585,3.1296725960299048,1.186434132770576,44.0,0.2839660219801315,2.050597816669555,3.0
10,Processed,Awake,60,26,6,5783401412908665335,0.7328766000375575,0.6483087891736972,0.5427844699332918,2.9232359782889636,1.0710989668904047,45.0,0.3683831645630369,2.0565304755525786,3.0
10,Processed,Awake,60,26,7,15425816346497133141,0.8026335197375755,0.5772102442121824,0.5361616355521428,2.853639846743295,1.030778522312043,37.0,0.31868791092767673,2.0444889162561575,3.0
10,Processed,Awake,60,26,8,4603831467131493391,0.7850066924669529,0.6016177210073295,0.5507030762585785,2.8131895072321647,1.0445112910236078,31.0,0.35907280318663914,2.035641409332064,3.0
10,Processed,Awake,60,26,9,9103011249680662951,0.8035551311210214,0.5774763663188844,0.5505111100446322,2.949601439958858,1.073905143489195,59.0,0.3431396074290925,2.056370434282427,3.0
10,Processed,Awake,60,26,10,12382073206042306280,0.7632794440720194,0.6059870774608795,0.5661563564812593,2.9685455460493206,1.0853427141138776,41.0,0.3441714258290541,2.0362010221465074,3.0
10,Processed,Awake,60,26,11,15667598270208266216,0.7608366359196465,0.6080332472381839,0.5736910303786533,3.0309330628803246,1.1127141793965243,47.0,0.33440514469453375,2.040111257502562,3.0
10,Processed,Awake,60,26,12,8112979799087936427,0.7847658857787607,0.5922180596289878,0.5858808849642463,3.0375715352077632,1.0985274990162486,47.0,0.3416518692710083,2.040997706422018,3.0
10,Processed,Awake,60,26,13,8631759206556886521,0.7313356256396418,0.648183100031603,0.5662043480347458,2.971040040292118,1.098798995749961,43.0,0.356769208619283,2.04567969179967,3.0
10,Processed,Awake,60,26,14,14794023781266800346,0.7618431470421673,0.6138361851112069,0.5489273887795748,3.028329361927456,1.1559553631469166,53.0,0.3147046119882901,2.0317583268783888,3.0
10,Processed,Awake,60,26,15,10013323094842414592,0.6796266210585369,0.6826070605125083,0.5618851082209532,3.0347330222913427,1.129414926469023,47.0,0.38009310361376397,2.0576773187841,3.0
10,Processed,Awake,60,26,16,8712574341586963807,0.7705156168654432,0.6107390053476041,0.5439362672169699,2.9608150470219434,1.0898859558650849,53.0,0.3405480635408168,2.044662152427604,3.0
10,Processed,Awake,60,26,17,18277386187709753297,0.7673039439167577,0.6117393505685357,0.5352497960358977,2.9844795290339845,1.0389240872167869,46.0,0.3911551566924221,2.064201595542611,3.0
10,Processed,Awake,60,26,18,13931366785064817894,0.7787315311076289,0.5994701364262487,0.5639487450208763,3.107086197778953,1.155812994032686,52.0,0.3180160291788645,2.02212389380531,3.0
10,Processed,Awake,60,26,19,7106053907521104746,0.7459034114954934,0.6359686758615968,0.5202284397945961,2.9812981298129815,1.1120514669338577,40.0,0.34050007198733023,2.0775988286969254,3.0
10,Processed,Awake,60,26,20,4088875686994323779,0.7952049778251564,0.5782885013908388,0.5475356337284638,3.0785213167835943,1.139653544257063,44.0,0.33918030426644913,2.0432205839838105,3.0
10,Processed,Awake,60,26,21,14726647271197029453,0.7626004854433799,0.6194510433425188,0.5176848874598071,2.953723986856517,1.0736451769395545,45.0,0.38549215338100495,2.0514621376580258,3.0
10,Processed,Awake,60,26,22,12336131952175556747,0.7905869906331131,0.5859251971594622,0.5558861640351298,2.883495145631068,1.0508725190553916,48.0,0.3163843163603206,2.0340944153039184,3.0
10,Processed,Awake,60,26,23,17157741417797967135,0.8259350370731665,0.5449489125013632,0.5632768632720642,2.8774209365040453,1.0339785597400832,39.0,0.27995872726400156,2.037192247249869,3.0
10,Processed,Awake,60,26,24,11126196933898012733,0.7283717372849082,0.6452358550861348,0.557133944425781,2.98355178617322,1.1079497403582723,44.0,0.37694965686039256,2.040925035728206,3.0
10,Processed,Awake,60,26,25,6513019188800121237,0.7441417049170239,0.6328747341945141,0.5529106877189615,2.9159706403442165,1.0871296931349137,36.0,0.3476748092335749,2.0476257772752966,3.0
10,Processed,Awake,60,26,26,15542068651250053982,0.7850411174842158,0.594361461533457,0.5573259106397274,2.888805970149254,1.004873678065532,47.0,0.3716465902001248,2.056839309428951,3.0
10,Processed,Awake,60,26,27,9151744703522639508,0.7469967193109949,0.6409622910947956,0.5387531794404185,3.0588555858310627,1.1394640814789918,46.0,0.3655756586840716,2.0736354974819653,3.0
10,Processed,Awake,60,26,28,13311606082123249957,0.7892758877299064,0.5873204101335783,0.5490233718865479,2.931829830855971,1.110397354951878,64.0,0.29855545424005375,2.0386695067999345,3.0
10,Processed,Awake,60,26,29,13659315623020535417,0.7193210065406525,0.6631300521249099,0.534050007198733,2.8926436184039512,1.0622399557447957,55.0,0.37270240437682967,2.0566737288135593,3.0
10,Processed,Awake,60,26,30,14342997074783089413,0.7681096165992823,0.6033272719057884,0.5989825790660843,3.1774439918533606,1.195202555674205,58.0,0.29224456495656764,2.0224178013948855,3.0
10,Processed,Awake,60,26,31,13676474052318175297,0.8122372033693736,0.5642591709001751,0.5292508518500744,2.9251989389920423,1.0886252329388486,41.0,0.3192398137927725,2.046139649338665,3.0
10,Processed,Awake,60,26,32,1276688556871782122,0.6708176045814647,0.6746305779353333,0.5400969429380429,2.8665308201732045,1.014989869290991,66.0,0.33817248164323077,2.060982743492249,3.0
10,Processed,Awake,60,26,33,9155192695997867240,0.802448979128033,0.5732358789542278,0.5749868023227912,3.149579390115668,1.1984623709254416,46.0,0.2935163411239622,2.0352745424292844,3.0
10,Processed,Awake,60,26,34,18329784234509596181,0.7874953282801508,0.5972490631202131,0.5521908144166626,2.8851554663991976,1.0603486563530535,44.0,0.3241349522484043,2.043879558178242,3.0
10,Processed,Awake,60,26,35,3411534914844103215,0.7522728077509199,0.6331712350701647,0.5325622690406489,2.9878836833602587,1.1146878595178298,46.0,0.35026635312185056,2.062597145683199,3.0
10,Processed,Awake,60,26,36,6894695519789910026,0.7719249486573965,0.6055814315183982,0.5593895474396506,3.0346263993751625,1.1284521362889022,58.0,0.32667850458319336,2.0313339301700983,3.0
10,Processed,Awake,60,26,37,8417658044358958724,0.7229079519141384,0.6492620233211194,0.5278590967989634,3.080952380952381,1.1255122040960968,51.0,0.3582089552238806,2.068449494249688,3.0
10,Processed,Awake,60,26,38,4538494566521706674,0.7727553952904587,0.6149395268555072,0.5141815040552863,2.9736330835414932,1.120144379005196,34.0,0.34220377213610403,2.050762151279839,3.0
10,Processed,Awake,60,27,0,12618645640042813986,0.6797058330767064,0.7036422120104455,0.5538225272352066,2.804374240583232,0.9675870908804901,40.0,0.5072947161299611,2.1552655724334793,3.0
10,Processed,Awake,60,27,1,14470546411054028963,0.6292461100064352,0.7300965805219947,0.5782022364063925,2.8822966507177035,1.0049266158817456,52.0,0.4873542256562845,2.0811558561328005,3.0
10,Processed,Awake,60,27,2,14349843442365969630,0.661725424888923,0.7109587676918769,0.5526707299515285,2.9036812909732728,1.0351408922353456,43.0,0.5044392186975092,2.130104367210457,4.0
10,Processed,Awake,60,27,3,4945944434593911429,0.6884802352871308,0.6890998586966453,0.5583337332629458,2.980784012298232,1.0761054810082993,40.0,0.4790276911263618,2.1289324944011945,4.0
10,Processed,Awake,60,27,4,12928430813846941834,0.6643575481603293,0.7210217715650921,0.5797859576714498,2.9683046683046683,1.0855599972777699,39.0,0.4960886883908432,2.1293645071583067,4.0
10,Processed,Awake,60,27,5,14762599771889734335,0.6104058506799419,0.7453858761999588,0.5796899745644767,2.8427865380089434,0.9995109628139311,37.0,0.5188126889667418,2.1272136953955134,3.0
10,Processed,Awake,60,27,6,4388696158323548780,0.6642915888199229,0.7148875308248148,0.5551182991793444,2.9470063694267514,1.0357995672085407,41.0,0.48509862264241493,2.135417766980036,4.0
10,Processed,Awake,60,27,7,392942611641098234,0.6456075636115691,0.7231492057467713,0.555166290732831,2.9676757311441766,1.0120009407854347,47.0,0.5041032778231032,2.1314935064935066,4.0
10,Processed,Awake,60,27,8,3697806684562383947,0.559291020988041,0.7651312405057734,0.5855929356433268,2.9282457403407727,1.0448875932993402,39.0,0.4828190238518021,2.1350806451612905,4.0
10,Processed,Awake,60,27,9,12746222432044913218,0.5942822157398344,0.7570244185450541,0.5505111100446322,2.9579680247550284,1.0788279473005962,29.0,0.49882420693957863,2.179721086295481,3.0
10,Processed,Awake,60,27,10,5217448702748281798,0.6216506380648621,0.7296145039391412,0.5867927244804915,3.0821779682379633,1.085259603783135,51.0,0.5082545471996929,2.15780358598207,3.0
10,Processed,Awake,60,27,11,2977501905635197384,0.6507674929269013,0.7149669072431468,0.5803138647598023,3.0659229208924947,1.0942700396088514,41.0,0.44032250323942984,2.091168091168091,3.0
10,Processed,Awake,60,27,12,8324338805368478358,0.638010243723746,0.7241525698915027,0.5569419782118347,2.904154154154154,1.0421165598977407,70.0,0.5076786485578538,2.170171299620474,3.0
10,Processed,Awake,60,27,13,18084418707224098477,0.7640563161311096,0.6228198996055067,0.5376973652637136,2.765736855097507,0.946093040555555,33.0,0.4669098238709987,2.0976714100905562,4.0
10,Processed,Awake,60,27,14,13940891487036912951,0.5897249868724057,0.7605893910308095,0.5815136535969669,3.0792884371029223,1.1168571168056078,62.0,0.5160771704180064,2.1504849515048496,4.0
10,Processed,Awake,60,27,15,15999984624561433193,0.6434810154214778,0.7254191434636597,0.5724432499880021,2.854954523695548,0.9799506402356316,32.0,0.522100110380573,2.1354401805869077,3.0
10,Processed,Awake,60,27,16,224855659112297955,0.6353059473117195,0.7267487554011194,0.5883764457455488,3.033151904997526,1.1164446428989312,48.0,0.4663339252291597,2.1160714285714284,3.0
10,Processed,Awake,60,27,17,4513154857026431012,0.6728959521136612,0.706432876689064,0.558189758602486,2.9572845156369185,1.0663219100551569,38.0,0.4852186015261314,2.1427360389954435,4.0
10,Processed,Awake,60,27,18,5373275108589279602,0.6765698281964226,0.7029936957293246,0.5468637519796515,2.8666666666666667,1.0338577093164472,57.0,0.49503287421413833,2.1471690258118237,4.0
10,Processed,Awake,60,27,19,238193899703522558,0.6627909204286866,0.7131006999247922,0.5880884964246292,2.9909690017085673,1.0760445662130307,39.0,0.48711426788885154,2.1294450854925,4.0
10,Processed,Awake,60,27,20,6672158528452757503,0.7249711063062148,0.6698518615690287,0.5603013869558957,2.925331996993235,1.0257225979905298,48.0,0.4486490377693526,2.104096331307675,3.0
10,Processed,Awake,60,27,21,18177221074364901267,0.6710244728259588,0.7084129193852713,0.5661083649277727,3.007649158592555,1.0970197041169731,33.0,0.481259298363488,2.1196364404988373,3.0
10,Processed,Awake,60,27,22,3665439618065192532,0.6445946497818834,0.7167166241312896,0.5686519172625618,3.003548795944233,1.0703019594643812,52.0,0.48440274511685943,2.108523083350742,4.0
10,Processed,Awake,60,27,23,16517759191883185253,0.6187242108667335,0.7336746192364022,0.5596295052070835,2.995376316465451,1.0749135830666643,45.0,0.49455295867927246,2.1497861687702096,3.0
10,Processed,Awake,60,27,24,4849405429803881500,0.6050013570375005,0.7455648849175449,0.5894322599222537,2.9573802070792197,1.0642186796031616,56.0,0.47559629505207085,2.1339362618432385,4.0
10,Processed,Awake,60,27,25,18370119067251195963,0.6442630978412058,0.718225453836029,0.5390891203148246,2.8988387096774195,0.9647074153569415,40.0,0.5071747372462446,2.1464405402660707,3.0
10,Processed,Awake,60,27,26,9312177805380419556,0.714487374886168,0.6685135168908479,0.5869366991409511,2.9321505634140492,1.0434938449175863,36.0,0.44730527427172817,2.09708628642142,3.0
10,Processed,Awake,60,27,27,335932706153606899,0.7211387736115289,0.6642300251762364,0.5381292892450928,2.8670416773203784,0.9996130284693834,43.0,0.46071891347122906,2.1091947709546304,3.0
10,Processed,Awake,60,27,28,14485647647171573617,0.6093535259290628,0.7383046324732262,0.5553102653932908,2.948776758409786,1.044210536378532,53.0,0.5130537025483515,2.1531722054380666,3.0
10,Processed,Awake,60,27,29,8442638157418265483,0.6661835630169208,0.7104828859157638,0.6005183087776551,3.085059171597633,1.124265952036113,43.0,0.48269904496808563,2.119035078478879,4.0
10,Processed,Awake,60,27,30,12345628367477035554,0.6744117530320526,0.7028016961708723,0.5713394442578106,3.0131612250063275,1.0648225988984623,44.0,0.519148629841148,2.162202678392964,4.0
10,Processed,Awake,60,27,31,16016175198801613047,0.6502069438417734,0.7069013435825077,0.5692758074578874,3.1076761854859836,1.1202415458358843,51.0,0.4805874166146758,2.0995911521123807,3.0
10,Processed,Awake,60,27,32,11837399886958277877,0.6791372648730113,0.7055393159959711,0.5783462110668522,3.0671926698905576,1.0444045860573512,48.0,0.512765753227432,2.1608858327434524,3.0
10,Processed,Awake,60,27,33,7765451981189113638,0.6618747944575367,0.7248155558193274,0.5586696741373518,2.8907375217283335,1.000045987903656,50.0,0.4959207179536402,2.1523640908144137,4.0
10,Processed,Awake,60,27,34,6961131326985076924,0.6323294481437487,0.7347216412560739,0.5547343667514517,2.876804380288701,1.0292236352199342,72.0,0.512525795459999,2.149874182184197,4.0
10,Processed,Awake,60,27,35,9562090842487985117,0.6561099706243428,0.7143440440519634,0.5639007534673898,2.964177598385469,1.0210913163619715,62.0,0.49186543168402364,2.1055983564458143,3.0
10,Processed,Awake,60,27,36,16675962357639219340,0.6102132840460681,0.7360872312799226,0.593799491289533,2.9973352713178296,1.1007805166989528,35.0,0.46381436867111386,2.100978260869565,3.0
10,Processed,Awake,60,27,37,1346242825391448355,0.7016525069489679,0.670747894782141,0.5716273935787302,2.9308562992125986,1.041349855649442,65.0,0.44524163747180495,2.075271222458338,3.0
10,Processed,Awake,60,27,38,9337646374393008352,0.6609027452761397,0.7056340867091887,0.5505591015981187,3.042970822281167,1.086338536070737,61.0,0.4551998848202716,2.145442207645329,3.0
10,Processed,Awake,60,28,0,12531472013085379538,0.7924693816444228,0.5752322690866095,0.6326246580601814,3.3170608958228485,1.2184806096693537,56.0,0.3366607477084033,2.0321552723059098,3.0
10,Processed,Awake,60,28,1,11928280443354204002,0.6856058451144583,0.6611360071391985,0.6521572203292221,3.5032224800206238,1.2617996808935998,48.0,0.3625041992609301,2.0313298372999866,3.0
10,Processed,Awake,60,28,2,435498468675278109,0.78924319566299,0.5781942859391102,0.6324806833997216,3.5172137710168134,1.2725502080294027,81.0,0.3547295675961031,2.0348245010323467,3.0
10,Processed,Awake,60,28,3,8872363632550830189,0.7673599140654855,0.5992423544959583,0.6413111292412536,3.56727175654031,1.2848812194778438,50.0,0.3386044056246101,2.020764714306172,3.0
10,Processed,Awake,60,28,4,17311430101709985926,0.7967797646757755,0.5691664536131342,0.6201948457071556,3.604741980474198,1.3288574464849383,49.0,0.3372846379037289,2.021573421544657,3.0
10,Processed,Awake,60,28,5,88730297260277684,0.8234917547888003,0.5400246503638788,0.6377597542832462,3.39785221171056,1.2277823972511648,46.0,0.3297499640063349,2.0310375406443986,3.0
10,Processed,Awake,60,28,6,11247875554711353585,0.8419373930186252,0.5206313843892285,0.6486058453712147,3.5370321905260402,1.2973265828685698,63.0,0.3252627537553391,2.0219272076372317,3.0
10,Processed,Awake,60,28,7,15169943758849017173,0.7089874719233132,0.641049919168536,0.6437107069155829,3.671776621954558,1.3797981902978582,73.0,0.34757882612660174,2.02304469273743,3.0
10,Processed,Awake,60,28,8,14124177822933276342,0.7648039036483048,0.5892790083495083,0.6364159907856217,3.575357239148018,1.3065516652502365,58.0,0.3181839996160676,2.028453418999541,3.0
10,Processed,Awake,60,28,9,2627909060326288038,0.7885754000382688,0.5732630669043263,0.6341603877717522,3.396915167095116,1.201254571384482,54.0,0.32713442434131595,2.0233006826951616,3.0
10,Processed,Awake,60,28,10,15414835090059161269,0.7876722085467636,0.5782601556688435,0.6356961174833229,3.415678184631253,1.238860170067554,57.0,0.3487546191870231,2.0441631504922646,3.0
10,Processed,Awake,60,28,11,15514144324614189449,0.8211086753203711,0.5394850772188593,0.6253299419302203,3.431656570977087,1.2408280852567724,54.0,0.34119594951288573,2.020605371607219,3.0
10,Processed,Awake,60,28,12,4775452920594781751,0.732056928993675,0.628928030840689,0.627681528051063,3.414882506527415,1.2208361375110677,53.0,0.3760618131208907,2.0419543973941368,3.0
10,Processed,Awake,60,28,13,8369350995939518484,0.8193090063051083,0.546903188782234,0.6035897682007967,3.2889644351464433,1.1682052072551015,65.0,0.3335892882852618,2.016243654822335,3.0
10,Processed,Awake,60,28,14,10406744488213215051,0.7723342517250754,0.5981923205319504,0.6256658828046264,3.4235819327731094,1.229226934593758,42.0,0.38642798867399336,2.0446927374301676,3.0
10,Processed,Awake,60,28,15,8084195402681256935,0.7949531878582613,0.5643927338787508,0.6660747708403321,3.5733779608650877,1.3032916880347736,57.0,0.2990353697749196,2.0306338601922764,3.0
10,Processed,Awake,60,28,16,1427797719831346924,0.7295091357774647,0.618538785146325,0.65935595335221,3.7754877713657597,1.3854787333579774,60.0,0.3290300907040361,2.0314074074074076,3.0
10,Processed,Awake,60,28,17,3539679362781141369,0.7351429427572991,0.6214763786642434,0.6498536257618659,3.422901921132457,1.2406307333550166,61.0,0.366343523539857,2.039679358717435,3.0
10,Processed,Awake,60,28,18,6681480118993866938,0.734227247983037,0.6109684119857619,0.6300331141719058,3.5673913043478263,1.2947184288590572,58.0,0.35448960982867017,2.0223134839151267,3.0
10,Processed,Awake,60,28,19,11869098590402385301,0.711543666488812,0.6352360726743995,0.6394394586552766,3.544559723330673,1.2979338647897454,54.0,0.3682871814560637,2.0317712470214455,3.0
10,Processed,Awake,60,28,20,10928726001615676074,0.8209741802579332,0.5363023604110287,0.6272975956231703,3.378392349444301,1.2293761288739344,56.0,0.3123770216441906,2.020173805090006,3.0
10,Processed,Awake,60,28,21,7622129776438442874,0.8303915040287017,0.5260517697736993,0.6369438978739742,3.463465553235908,1.2651412171124274,50.0,0.3336132840620051,2.0234318148741086,3.0
10,Processed,Awake,60,28,22,4969610574169466565,0.7468950293345906,0.6175748521671613,0.6249460095023276,3.6172222222222223,1.2920081942878443,79.0,0.36144838508422517,2.0410569105691057,3.0
10,Processed,Awake,60,28,23,4507906548660503642,0.8009550166892941,0.5654624594234245,0.6418870278830926,3.5003925673907355,1.2659776239791531,55.0,0.3427316792244565,2.0337462622810762,3.0
10,Processed,Awake,60,28,24,3882603363006744429,0.7998176218511373,0.5573614280086799,0.6329605989345876,3.7037349059253017,1.346181353928807,97.0,0.33440514469453375,2.032079323417906,3.0
10,Processed,Awake,60,28,25,683231266971166652,0.8411958791589487,0.5258205991646663,0.6153476988050103,3.5646371976647204,1.2904635410496312,55.0,0.3549455295867927,2.0338237316100645,3.0
10,Processed,Awake,60,28,26,9642455752976096757,0.7955994363484861,0.5598505148046583,0.6398233910831693,3.571390302705599,1.2850846547165762,57.0,0.32831021740173727,2.02396449704142,3.0
10,Processed,Awake,60,28,27,6975083713930871423,0.7713209325109049,0.5904877337727109,0.6299371310649325,3.4651531151003168,1.2634365666447696,59.0,0.3273503863320056,2.0291536516436115,3.0
10,Processed,Awake,60,28,28,6511455578108117351,0.7758157326526666,0.5892977685955726,0.6582041560685319,3.5558724397199897,1.2776653024303823,63.0,0.3441714258290541,2.0269926512153758,3.0
10,Processed,Awake,60,28,29,15483805314236570984,0.7703774325525813,0.5921906396138854,0.6441906224504487,3.4864935064935065,1.2866110279994651,52.0,0.35866487498200317,2.0305664991169676,3.0
10,Processed,Awake,60,28,30,1634201738447849885,0.7574411796469606,0.6080460017620526,0.6575802658732063,3.6114918292040064,1.3204190088135503,55.0,0.3489225896242261,2.023236399053847,3.0
10,Processed,Awake,60,28,31,10979810083179391338,0.8226522967483703,0.5455570778408698,0.6415510870086865,3.758223221816137,1.3778113056917707,56.0,0.32499880021116284,2.0308891887839255,3.0
10,Processed,Awake,60,28,32,18435115727076920546,0.8128690277592368,0.5410887134652376,0.6326246580601814,3.408844065166796,1.229898686290144,94.0,0.32893410759706293,2.02093468966534,3.0
10,Processed,Awake,60,28,33,4964039584958440044,0.7464337984240337,0.6159769244553376,0.6447665210922877,3.552353252247488,1.2847896288491718,78.0,0.3317416134760282,2.022085710106772,3.0
10,Processed,Awake,60,28,34,12770621903596259099,0.7613295926746799,0.6027174837306225,0.6561405192686087,3.470931708555471,1.264180629605393,45.0,0.35765705235878487,2.0188270350805904,3.0
10,Processed,Awake,60,28,35,6209065246692245792,0.7942633121709048,0.5772926091983973,0.6499016173153525,3.377057356608479,1.2024753590595583,52.0,0.36799923213514424,2.0344919076678165,3.0
10,Processed,Awake,60,28,36,15000833907204998343,0.8124602280423808,0.5443465870493669,0.6567644094639343,3.487512742099898,1.2771809412810686,52.0,0.3135288189278687,2.014182210574996,3.0
10,Processed,Awake,60,28,37,16462032077240059857,0.7804207018588348,0.5881776093359812,0.6337764553438595,3.4706964520367936,1.2325496176686628,47.0,0.34964246292652496,2.023468962644077,3.0
10,Processed,Awake,60,28,38,721291049561610088,0.7958148619433756,0.574963699510469,0.6573403081057734,3.5715775749674057,1.2945727075154325,55.0,0.34918654316840236,2.036954087346025,3.0
10,Processed,Awake,60,29,0,962252192370702042,0.7195215202326168,0.6639159451671046,0.5766185151413351,3.2220434432823812,1.2068490015006146,59.0,0.4125833853241829,2.0831112188030048,3.0
10,Processed,Awake,60,29,1,8175802044717570941,0.6706524877697221,0.6981777615623245,0.568507942602102,2.965206508135169,1.0412904356259685,35.0,0.4170705955751788,2.0755911153570574,4.0
10,Processed,Awake,60,29,2,4765377568343891373,0.7634436117260417,0.615372405028625,0.5404808753659356,3.1335559265442403,1.1500423441991652,47.0,0.3575130776983251,2.0578729281767956,3.0
10,Processed,Awake,60,29,3,12033885909657776832,0.6792045075885679,0.6962809663626105,0.5511829917934443,3.098192608578365,1.1471015444126735,39.0,0.43890675241157556,2.092073658927142,3.0
10,Processed,Awake,60,29,4,3965207435073185182,0.6889732155481219,0.685367230968815,0.5548303498584249,3.180467675378267,1.1915702230522394,47.0,0.395642366943418,2.077882797731569,4.0
10,Processed,Awake,60,29,5,17500256172359890778,0.7047578749032057,0.6722878657209173,0.5613572011326007,2.9702894870492638,1.0967072434763117,51.0,0.39141911023659837,2.065856129685917,3.0
10,Processed,Awake,60,29,6,3834731107459522828,0.7050764530637958,0.675055886223667,0.5755627009646302,3.086206896551724,1.1438070771230664,38.0,0.42350146374238135,2.0644519826880336,3.0
10,Processed,Awake,60,29,7,11379487668114919072,0.7054834999485089,0.6628790055166899,0.5592935643326774,3.2007690195001373,1.1831905792975934,49.0,0.3881316888227672,2.056841302136317,3.0
10,Processed,Awake,60,29,8,3414984248519895750,0.7202058748799288,0.6594612656891158,0.5760906080529826,3.114686040477426,1.174532033492091,49.0,0.44046647789988963,2.0601571268237935,3.0
10,Processed,Awake,60,29,9,5590240737315687841,0.7458967727247874,0.6379917240150881,0.5640927196813361,3.0482365145228214,1.1291639214576086,46.0,0.40444881700820656,2.0585002442598923,3.0
10,Processed,Awake,60,29,10,11315484618004411317,0.8106794190974919,0.5734876602000005,0.5578538177280798,3.107190590751136,1.1481002122533366,53.0,0.3936987090272112,2.0661125802795617,3.0
10,Processed,Awake,60,29,11,11554733817027978010,0.750654856729504,0.6281332380910672,0.5829534002015645,3.2697173620457605,1.2505956863968675,50.0,0.3969381388875558,2.06775,3.0
10,Processed,Awake,60,29,12,11316530901585966517,0.7432599830183849,0.6353507956182232,0.5767144982483083,3.0430488731324385,1.1243836820314401,49.0,0.3788453232231127,2.0384764364105874,3.0
10,Processed,Awake,60,29,13,13483857310495464888,0.7208237275477202,0.6587629278367007,0.5681720017276959,3.24979412572056,1.2399904851607424,40.0,0.38518020828334215,2.0624437877425157,3.0
10,Processed,Awake,60,29,14,11627104907889007028,0.7417522091365709,0.6379128192644004,0.5880405048711427,3.038938492063492,1.1196115722453088,49.0,0.4178384604309642,2.053419811320755,3.0
10,Processed,Awake,60,29,15,3403512919624716581,0.6876068539167075,0.6605505996425192,0.5474876421749773,3.171531832082291,1.1651181855243167,50.0,0.3990257714642223,2.0840957513472866,3.0
10,Processed,Awake,60,29,16,5847559704635983183,0.7033180422034427,0.6583188704840811,0.5663003311417191,3.2240437158469946,1.2079806363852976,48.0,0.38119690934395545,2.031457800511509,3.0
10,Processed,Awake,60,29,17,14089276765840747384,0.6613978450264185,0.7028077464800623,0.5770504391227144,3.083867658373942,1.1357774365884394,46.0,0.46333445313624805,2.0800387805666274,3.0
10,Processed,Awake,60,29,18,10141141611105261372,0.7131065479407364,0.6742898132838379,0.5485434563516821,3.12636761487965,1.1819880290860845,45.0,0.4140471277055238,2.093545256005824,3.0
10,Processed,Awake,60,29,19,1064798107596378213,0.7478618125899095,0.6307511878969626,0.5750347938762778,3.2755604155276106,1.2443666579803656,51.0,0.38225272352066036,2.0648088139987038,3.0
10,Processed,Awake,60,29,20,15213509820508002758,0.7586803535575705,0.6263885326715923,0.5330901761290013,3.0407883931015602,1.1028588650670659,47.0,0.39614627825502713,2.078957310162448,3.0
10,Processed,Awake,60,29,21,9086714344837406774,0.6840863704419383,0.6935938214425176,0.5438882756634832,2.9613274105043113,1.0759233920539346,49.0,0.41639871382636656,2.082693230916947,4.0
10,Processed,Awake,60,29,22,4415744138945442036,0.7430278544701052,0.6299528953831266,0.572683207755435,3.1660918015388697,1.2110065198684414,42.0,0.3702788309257571,2.04519549370444,3.0
10,Processed,Awake,60,29,23,18296635211608051404,0.6778406555380921,0.6893317979595079,0.5501271776167395,3.0253365003958828,1.1481019526333778,47.0,0.40166530690598456,2.07628380054577,4.0
10,Processed,Awake,60,29,24,3558029408799839319,0.6681971944786215,0.710937206154047,0.5662523395882325,3.162422942910748,1.1964501872810325,48.0,0.4478811729135672,2.1071347934070896,4.0
10,Processed,Awake,60,29,25,4355835451734828586,0.7127120182773266,0.667762277991572,0.575466717857657,3.354125874125874,1.3094554808303032,45.0,0.3881316888227672,2.0766465528309155,3.0
10,Processed,Awake,60,29,26,18117899317633413152,0.7472479828737393,0.6410688830291762,0.5767624898017949,3.1501965923984274,1.1745354353319923,55.0,0.40632048759418343,2.062736021439883,3.0
10,Processed,Awake,60,29,27,694989379656602145,0.6803740368974427,0.6794882720413573,0.5898161923501464,3.1781742953193692,1.205751065760954,46.0,0.42842059797475646,2.088920088920089,3.0
10,Processed,Awake,60,29,28,7718520824185931210,0.6896975821294586,0.6912909816894549,0.5908240149733647,3.122241947755516,1.163168232316752,38.0,0.44356193309977443,2.073936946033883,3.0
10,Processed,Awake,60,29,29,6693905008328574707,0.6880719029830489,0.6899877786115206,0.5738829965925997,3.226659471127901,1.2460609513118515,56.0,0.4070403608964822,2.0851874615857406,3.0
10,Processed,Awake,60,29,30,4532686930712483757,0.7932792635108769,0.5897937952065907,0.5368335173009551,2.9382716049382718,1.085741114743918,42.0,0.4065124538081298,2.0889025893958078,4.0
10,Processed,Awake,60,29,31,5342336326514256953,0.7107132824294348,0.6716607408620924,0.5417766473100735,2.9072881792428533,1.0532570186941792,33.0,0.4259250371934539,2.1125922399428707,3.0
10,Processed,Awake,60,29,32,16596927395322969181,0.7389244164740987,0.6461046888248595,0.5589096319047847,3.1365472663614327,1.1450245186674992,60.0,0.41363919950088784,2.06616325062927,3.0
10,Processed,Awake,60,29,33,15693831898535393086,0.7047243502927193,0.6719231113385176,0.5649565676440946,3.1687752355316285,1.1929457377819634,43.0,0.4106157316312329,2.0597014925373136,3.0
10,Processed,Awake,60,29,34,3641288975531411846,0.7097960467805381,0.6646030647666262,0.5568459951048615,3.0736423841059604,1.1466724773996144,32.0,0.3945625569899698,2.080865603644647,3.0
10,Processed,Awake,60,29,35,7595104149516083008,0.7420971079973123,0.6431398025255507,0.5859768680712195,3.195498560586234,1.1795026328925557,50.0,0.42203772136104045,2.0563544954986552,3.0
10,Processed,Awake,60,29,36,16226926085713880786,0.7634111071891276,0.6233196761870132,0.5258434515525268,3.1189866211215485,1.162832784520972,49.0,0.39312281038537217,2.0724857685009486,3.0
10,Processed,Awake,60,29,37,12716370026545729137,0.7583823955081048,0.6358932119564616,0.5612132264721409,3.0437272254034355,1.1053990944872896,41.0,0.44528962902529157,2.0937605776825,3.0
10,Processed,Awake,60,29,38,6140911554099562935,0.7531693908831348,0.6401203261414083,0.5627009646302251,3.0895915678524375,1.185267771643679,42.0,0.42834861064452656,2.1183101934258928,4.0
10,Processed,Awake,60,30,0,524820165888677611,0.6404381972821963,0.7257332118037865,0.5493113212074675,2.920643021178872,1.0873333442485964,38.0,0.45793540336900707,2.1767993612410175,4.0
10,Processed,Awake,60,30,1,6429899075038317069,0.7440026454199811,0.642115032081167,0.5522867975236359,2.833784782073381,1.0011045988487424,41.0,0.42952440370494793,2.1058823529411765,3.0
10,Processed,Awake,60,30,2,5028276084517849474,0.6332758844701736,0.7214804091278183,0.5701396554206459,2.965551672491263,1.103694910177882,39.0,0.4496088688390843,2.125099240104344,3.0
10,Processed,Awake,60,30,3,6077437720164115398,0.7449434384937672,0.6508070553942026,0.569323799011374,2.866151244261899,1.025361724235394,45.0,0.43329174065364495,2.087031900138696,3.0
10,Processed,Awake,60,30,4,13995734826500405839,0.6636395891028022,0.7068334307824669,0.5780102701924461,3.0322255790533736,1.1174858040678186,36.0,0.44963286461582763,2.0753128807176875,3.0
10,Processed,Awake,60,30,5,4337133357019330102,0.628088770764636,0.7355620774396192,0.5490713634400346,2.758861827827345,0.9796849868722681,42.0,0.4454575994624946,2.1182108626198084,4.0
10,Processed,Awake,60,30,6,1181833981348334968,0.6286555131431001,0.7444197684492466,0.5867447329270048,2.9863214460185636,1.0632776212455655,49.0,0.5309785477755915,2.1596720671481555,4.0
10,Processed,Awake,60,30,7,14603855936937883154,0.7238202555926271,0.6702833303185743,0.5294908096175073,2.9350891194466615,1.077779445248912,48.0,0.4299803234630705,2.1208427032784947,4.0
10,Processed,Awake,60,30,8,7061393236374039249,0.5659455275709239,0.7764749480111104,0.5492153381004943,2.9419023136246785,1.0675529871955083,38.0,0.46952536353601765,2.1540070453544695,4.0
10,Processed,Awake,60,30,9,14287057583929956110,0.6109130150571999,0.7482733986092582,0.553198637039881,2.902795265676152,1.0553691970145755,39.0,0.48022747996352644,2.1523983652398364,4.0
10,Processed,Awake,60,30,10,11713474066272195079,0.6122346043214137,0.7477429454947673,0.530450640687239,2.9025735294117645,1.0603334371266337,38.0,0.4669578154244853,2.142699845848932,3.0
10,Processed,Awake,60,30,11,12753562244451169248,0.6879958012089558,0.6917649324381526,0.5626529730767384,2.993106969619607,1.1089380874732293,37.0,0.41963814368671115,2.069830749201089,3.0
10,Processed,Awake,60,30,12,10457963649570683082,0.6505144162692641,0.726513884486712,0.5476316168354369,2.93266512464662,1.0922667743288126,44.0,0.42486922301674906,2.0764629998827253,4.0
10,Processed,Awake,60,30,13,9398325615684850078,0.6609904993216346,0.7056359617401176,0.5061669146230263,2.7983550013266116,0.9707784809864468,44.0,0.47869175025195565,2.127893333333333,4.0
10,Processed,Awake,60,30,14,10378689200866676458,0.6088705226694007,0.7470590058174625,0.5283870038873159,2.881444647997906,1.0762725436938883,30.0,0.43837884532322313,2.1354763296317945,4.0
10,Processed,Awake,60,30,15,6044644120078375442,0.6963010962213014,0.6804398986419407,0.539041128761338,3.0136839280922993,1.1041332741744139,51.0,0.399817632096751,2.0903274369589764,4.0
10,Processed,Awake,60,30,16,1355409784093599602,0.6458381390485832,0.726783909997627,0.561549167346547,2.896287128712871,1.0508171504012933,46.0,0.4859864663819168,2.1495436213118233,4.0
10,Processed,Awake,60,30,17,17224541149210766521,0.6434787968661027,0.7228220576451065,0.550175169170226,2.8467842066054136,1.0206920120982244,32.0,0.4524883620482795,2.1111733094491716,4.0
10,Processed,Awake,60,30,18,9575773628192868305,0.6155273657660065,0.743050812739365,0.5459039209099199,2.9491833030852996,1.0579134982386016,40.0,0.46642990833613285,2.1211261457878656,3.0
10,Processed,Awake,60,30,19,13995569555112369334,0.637732182883345,0.7301369965682363,0.5803618563132888,2.9727138643067845,1.0611738298069253,53.0,0.44608148965782024,2.0977206048296098,3.0
10,Processed,Awake,60,30,20,14809649628128135352,0.7337924537208121,0.6587334470130953,0.5664443058021789,2.8886441507586884,1.056221691770389,31.0,0.44351394154628787,2.1063247863247865,3.0
10,Processed,Awake,60,30,21,17096644978313007301,0.6715015548468982,0.693990764302664,0.5362096271056294,2.868549422336329,1.017428890997671,51.0,0.41426308969621345,2.098966565349544,3.0
10,Processed,Awake,60,30,22,5411001060371351444,0.7052604370723907,0.6872342362808942,0.5477275999424102,2.837642963699652,1.0115000701451153,34.0,0.44245812736958295,2.1225969839990793,4.0
10,Processed,Awake,60,30,23,17856324877932598637,0.6931995004357163,0.6918496879561605,0.5573259106397274,2.986882716049383,1.1040193605605892,31.0,0.438858760858089,2.1031508739650415,3.0
10,Processed,Awake,60,30,24,3428020068839475817,0.6488052916240181,0.7217046260360155,0.5437922925565101,2.8491325119436763,1.0197456539810241,39.0,0.4672697605221481,2.103142888000864,3.0
10,Processed,Awake,60,30,25,2065113883190831208,0.6743308979978044,0.7102085518261834,0.5626049815232519,2.8981458590852904,1.036838791692365,42.0,0.49424101358160966,2.1432882414151924,4.0
10,Processed,Awake,60,30,26,8806374702896185039,0.6902246138350782,0.6857858461202131,0.5489273887795748,3.0460719041278295,1.1273085315852147,46.0,0.4011853913711187,2.0836241276171488,4.0
10,Processed,Awake,60,30,27,11326458910425672050,0.7038394296342227,0.6790504118459039,0.5528147046119883,2.822592501837785,1.0033242733924101,41.0,0.4694773719825311,2.08760136577038,4.0
10,Processed,Awake,60,30,28,5021479103890719768,0.6386213848647028,0.7288379549204518,0.5349138551614916,2.828934010152284,0.984053017767999,46.0,0.4662139463454432,2.112996193583469,4.0
10,Processed,Awake,60,30,29,13882960740003109531,0.6785192387601412,0.7109214767858419,0.5339060325382733,2.993810548977395,1.0634519864118428,50.0,0.48752219609348757,2.1715476699444207,4.0
10,Processed,Awake,60,30,30,16103258707415910063,0.5907658476483078,0.7593808093049695,0.5522388059701493,2.7761158021712906,0.9735244227725236,39.0,0.5105821375437923,2.1503789792824657,4.0
10,Processed,Awake,60,30,31,1367104470404469708,0.7150591015021163,0.6724401423897715,0.5385132216729855,2.8942481299974205,1.0467387026958344,35.0,0.453592167778471,2.111359320898023,3.0
10,Processed,Awake,60,30,32,8935068432840144975,0.6659506902397294,0.7120412033238894,0.546815760426165,2.971830985915493,1.0653346752023127,32.0,0.4717809665498872,2.1572306341891596,3.0
10,Processed,Awake,60,30,33,11453216385284082932,0.6360906078919312,0.7359623238652524,0.576858472908768,2.9381569298460035,1.042735190013995,44.0,0.4727168018428757,2.11805182238469,4.0
10,Processed,Awake,60,30,34,4130246050408981169,0.6965928364978516,0.6818366637942935,0.528147046119883,2.8673788431474727,1.0042094512210629,37.0,0.44634544320199643,2.0999096861594038,4.0
10,Processed,Awake,60,30,35,14300272627135564985,0.5957503772432304,0.7482958411822938,0.5411047655612612,2.893993839835729,1.0247868722948996,47.0,0.4582953400201564,2.1358756430328785,3.0
10,Processed,Awake,60,30,36,15390390601866511795,0.6643521033814109,0.709369920444698,0.5253635360176608,2.8672079622839184,1.0011094462135428,38.0,0.47209291164755,2.136620330147698,4.0
10,Processed,Awake,60,30,37,15312860009415029268,0.6897634381151798,0.6936670168795381,0.5626529730767384,2.9839653855942987,1.0960727477003782,50.0,0.44500167970437204,2.116525907327094,3.0
10,Processed,Awake,60,30,38,2552728252163470695,0.599087841188116,0.7597747171924545,0.5737870134856266,3.0169063840524855,1.1286263504317469,50.0,0.4606709219177425,2.140483888950831,4.0
10,Processed,Awake,60,31,0,8692987268010478722,0.6842906080146889,0.6743718629977765,0.6192350146374238,3.2427745664739884,1.1488967040702514,52.0,0.4827470365215722,2.1270881793190948,3.0
10,Processed,Awake,60,31,1,1309056034910159557,0.6879558317558382,0.6828878387405997,0.6350722272879973,3.6264730063030965,1.3298082245812766,54.0,0.42450928636559965,2.092123935666982,3.0
10,Processed,Awake,60,31,2,5004820584083056671,0.7932726424068072,0.5781110928493516,0.6452464366271536,3.270493797129652,1.1788528893410661,47.0,0.39576234582713443,2.0621405351337834,3.0
10,Processed,Awake,60,31,3,16230745624731746954,0.7693160640877792,0.6211236877989217,0.6256658828046264,3.104047619047619,1.097240474959648,56.0,0.4896578202236406,2.1660121006262605,4.0
10,Processed,Awake,60,31,4,10903552154817061475,0.7228962002369411,0.6425164759894131,0.6260498152325191,2.98786074209803,1.048991669285265,53.0,0.4261409991841436,2.085368717707844,3.0
10,Processed,Awake,60,31,5,17745330009714764419,0.686996221988522,0.6779239055975741,0.5898641839036329,3.2217562254259504,1.1674179786525276,35.0,0.4673177520756347,2.124699978180231,3.0
10,Processed,Awake,60,31,6,15464290588545381448,0.7810934683688232,0.6025433533277054,0.6270096463022508,3.0590025755092483,1.093907304240621,56.0,0.43305178288621204,2.100686765219416,3.0
10,Processed,Awake,60,31,7,12142492040024102706,0.7688481924004307,0.6017634687182944,0.6198109132792629,3.0816034359341447,1.0753808853544822,71.0,0.4185343379565197,2.08736237434179,3.0
10,Processed,Awake,60,31,8,16624964675357067288,0.7435032479815816,0.6327332781071453,0.6053174641263138,3.3456233421750663,1.2021616719547388,40.0,0.4630225080385852,2.1248761149653124,3.0
10,Processed,Awake,60,31,9,8260538943468803572,0.7567012396376881,0.6125874796410321,0.6125161971493017,3.205173279758915,1.1477796660031874,55.0,0.4569755722992753,2.081538966007214,3.0
10,Processed,Awake,60,31,10,10612786375941082973,0.8142724784400796,0.5534122366314745,0.6363200076786486,3.284369581372306,1.1829965453565323,59.0,0.36123242309353554,2.047327621379029,3.0
10,Processed,Awake,60,31,11,12613143655487096538,0.7682759865928239,0.5994181850418077,0.6471181072131305,3.220444232147122,1.1340068506079692,71.0,0.3898833805250276,2.064548919949174,3.0
10,Processed,Awake,60,31,12,18099097112260684702,0.6468131308556047,0.6995991318024708,0.614915774823631,3.390579518391109,1.2121922807061987,50.0,0.4405864567836061,2.1063439256624985,3.0
10,Processed,Awake,60,31,13,1323147117434548152,0.7287976952541951,0.645501338636967,0.6021980131496857,3.1229467396714785,1.1172941066758408,37.0,0.439266689062725,2.106316879530549,3.0
10,Processed,Awake,60,31,14,10618955655540063781,0.7679504245851958,0.6047274702192287,0.6086768728703749,3.124661246612466,1.0895632169181955,45.0,0.4279406824398906,2.1025701485498702,3.0
10,Processed,Awake,60,31,15,14530783558982345907,0.7466613746449587,0.6290698128265129,0.5953832125545904,3.132828282828283,1.0832142285048767,53.0,0.4354033690070548,2.0952655889145495,3.0
10,Processed,Awake,60,31,16,16865861556623004707,0.6994141408228781,0.6554690864987962,0.6677544752123626,3.294034090909091,1.12723307408828,65.0,0.43938666794644143,2.076077097505669,3.0
10,Processed,Awake,60,31,17,10946565072228224094,0.5899159672683697,0.7271504132071199,0.618515141335125,3.159597940671733,1.1279942125791138,57.0,0.4967605701396554,2.1163361275812718,4.0
10,Processed,Awake,60,31,18,3059781941018413482,0.7575824768496254,0.6103443259346066,0.6015261314008734,3.264912737692107,1.1685304384238775,47.0,0.37287037481403273,2.0743558937391535,3.0
10,Processed,Awake,60,31,19,7531187324845218341,0.7815341983248607,0.5915546207737743,0.6184671497816384,3.3094504365690804,1.195320833738967,59.0,0.40029754763161685,2.090738187742825,3.0
10,Processed,Awake,60,31,20,5488711950191188125,0.6461651804643822,0.7052053104346695,0.618755099102558,3.085926280516994,1.0556675429114495,46.0,0.4985362576186591,2.108596366588856,3.0
10,Processed,Awake,60,31,21,5847510321312879818,0.7702681033795258,0.6156662394738508,0.6146758170561981,3.1155436633422524,1.0901615854038875,58.0,0.4307721840955992,2.092551579438163,3.0
10,Processed,Awake,60,31,22,12081395474570609234,0.742375326468317,0.6298784408246815,0.6377117627297596,3.3734450368113733,1.2148838902570824,59.0,0.44924893218793494,2.08555196613568,3.0
10,Processed,Awake,60,31,23,3923167572680831026,0.7550724968674417,0.622169671515723,0.6309929452416375,3.1773803769937166,1.1541570640651475,37.0,0.4550079186063253,2.086946951353731,3.0
10,Processed,Awake,60,31,24,6672402958026194442,0.7020910499015728,0.6682545483691534,0.6343523539856986,3.1873643597781527,1.1230257974401527,58.0,0.4479771560205404,2.0838263199017746,3.0
10,Processed,Awake,60,31,25,16200048087528992747,0.7794970102326401,0.5957853038203298,0.6250899841627874,3.1598738476467734,1.0801932994351584,58.0,0.44221816960215005,2.0911153977079313,3.0
10,Processed,Awake,60,31,26,6435603281757359170,0.6946686092004737,0.6732053493059396,0.6105965350098382,2.9519721577726217,1.0060184256235907,43.0,0.46064692614099917,2.101477832512315,3.0
10,Processed,Awake,60,31,27,1351837598216775620,0.7408975191110465,0.6369351114262015,0.6326246580601814,3.215906318614296,1.1347227254907166,46.0,0.42237366223544653,2.0666901491135374,3.0
10,Processed,Awake,60,31,28,8206992133159881021,0.8036022738556502,0.5694350719777872,0.6297931564044729,3.1515369836695486,1.0961061965279753,49.0,0.3885396170274032,2.0748334187596105,3.0
10,Processed,Awake,60,31,29,7236341336813020292,0.7908068170430868,0.5925109231268438,0.6007102749916015,3.119890329012961,1.1144809069761419,62.0,0.4046647789988962,2.097251585623679,3.0
10,Processed,Awake,60,31,30,1314385206412338796,0.7766824549954864,0.6024807813028648,0.5849690454480011,3.057185854025583,1.0682511050346113,41.0,0.4453616163555214,2.107893242475866,3.0
10,Processed,Awake,60,31,31,12098123806091211702,0.8358707509264138,0.5343499711254598,0.6128041464702212,3.0431363203050523,1.0423431879437135,44.0,0.39780198685031437,2.071214392803598,3.0
10,Processed,Awake,60,31,32,170428279725048282,0.6879204378219212,0.6746468366211206,0.6316168354369631,3.1667468719923004,1.1007583388620013,79.0,0.4489849786437587,2.119986403806934,3.0
10,Processed,Awake,60,31,33,3216998217843450511,0.6839655675330598,0.665477009414162,0.6311849114555839,3.190684133915575,1.1453661698254265,48.0,0.43521140279310844,2.0787392550143267,3.0
10,Processed,Awake,60,31,34,10276049900668547094,0.7610402820640586,0.6219386218227801,0.6445745548783414,3.2116212338593972,1.1079819390871748,58.0,0.4573835005039113,2.0932352295189984,3.0
10,Processed,Awake,60,31,35,62457179792455468,0.675969040490752,0.6852215155762127,0.6053654556798004,3.136250621581303,1.1130428531676109,56.0,0.479867543312377,2.0764198940919947,3.0
10,Processed,Awake,60,31,36,5015804509481809919,0.7278405022991814,0.6430053010615151,0.606565244516965,3.2516079238487263,1.1741060482284287,44.0,0.43213994336996686,2.0754869194422034,3.0
10,Processed,Awake,60,31,37,10233900691837777773,0.7959471377931854,0.5836493062423673,0.6231223304698373,3.205925925925926,1.1340524518931234,57.0,0.4253971301051015,2.0812397276355954,3.0
10,Processed,Awake,60,31,38,925789554161883040,0.7992953114505836,0.57215795272212,0.6176512933723665,3.3255813953488373,1.196726055291273,49.0,0.38426836876709697,2.0684577628519762,3.0
10,Processed,Awake,120,1,0,1043451003104683779,0.7201848317905419,0.6604496813183042,0.5923108884836453,3.0898308146185802,1.1434357586822312,63.0,0.4778225341058609,2.1593730440225327,4.0
10,Processed,Awake,120,1,1,4153187907787018655,0.71434828432928,0.6715954380665599,0.5637566076498696,2.972553554040896,1.1003451843542458,45.0,0.4791613766995222,2.176492175417442,4.0
10,Processed,Awake,120,1,2,14991603367960464303,0.7045954955639009,0.669339370131056,0.5856282172618361,3.0260019083969465,1.1101671455680213,59.0,0.46068881143094575,2.1492031014430326,4.0
10,Processed,Awake,120,1,3,17404171398482211521,0.7262042153087824,0.6582725515132021,0.5682117217977425,3.033707172787774,1.1105736750570472,48.0,0.476027792525565,2.165380374862183,4.0
10,Processed,Awake,120,1,4,7819602670255108018,0.684433811052704,0.6864357960467493,0.5598208720943654,3.0124836966648036,1.1086061650215133,54.0,0.4559913206066342,2.163458642499247,4.0
10,Processed,Awake,120,1,5,17484702957588613145,0.7136961401277383,0.6652286697617511,0.5605364603771843,2.9579146111212617,1.0907901206861486,57.0,0.48625377992197777,2.1869241350670925,4.0
10,Processed,Awake,120,1,6,15559758059499654680,0.7222929042004982,0.6601673611163634,0.5679462616283096,2.9731134070448917,1.0887124579907006,54.0,0.4815909143371575,2.1730593964013227,4.0
10,Processed,Awake,120,1,7,9752583662547976583,0.7526787745245702,0.6326391591383668,0.5973777151958635,3.180605911632766,1.1782846078281624,46.0,0.4280833775766949,2.132651007676164,4.0
10,Processed,Awake,120,1,8,13409316170020775134,0.7382410370823198,0.6500956382838505,0.5726899194386095,2.979583258271783,1.0962092300302368,48.0,0.48848133699591423,2.1755982213997482,4.0
10,Processed,Awake,120,1,9,13109523180935481132,0.7020743200366065,0.6717956448532867,0.577964497587775,3.0789473684210527,1.1488807193691506,56.0,0.46636735070750907,2.167815660291317,4.0
10,Processed,Awake,120,1,10,12376512783374453763,0.7289326733521515,0.6557057827659534,0.5713741603379423,3.0575628435550612,1.1266369213743384,60.0,0.47169386671591146,2.1837879718934516,4.0
10,Processed,Awake,120,1,11,1135842244448223129,0.7098353047907242,0.6636428587399341,0.5624293068027054,3.0085818361424956,1.1131375650495436,56.0,0.45058401237275225,2.163452479911333,4.0
10,Processed,Awake,120,1,12,12925320993669048608,0.6834494750173618,0.6925860236001078,0.5695159391519125,2.97163504968383,1.0867334327155647,52.0,0.4876099351353847,2.1643186475409837,4.0
10,Processed,Awake,120,1,13,5247326248436950441,0.7111308536706272,0.6724170037235581,0.5761178181482421,3.0120685493603667,1.1118254987410303,50.0,0.481735186168371,2.1974570917131726,4.0
10,Processed,Awake,120,1,14,2464585766340691530,0.7337181901338022,0.6516673353425838,0.57363634265137,3.0736549165120595,1.1588798033511833,50.0,0.451703561782969,2.1429392761320702,4.0
10,Processed,Awake,120,1,15,10800488375145383917,0.7069046262181546,0.6762466126637157,0.5693658964474504,3.056443618339529,1.1368906452490406,50.0,0.48535352369520557,2.201444874882211,4.0
10,Processed,Awake,120,1,16,10204945220046053023,0.7362430052955652,0.6372747887935705,0.5557581773273932,2.972712680577849,1.099046012179343,40.0,0.4650689042265876,2.171507868075016,4.0
10,Processed,Awake,120,1,17,2893443443387111841,0.7310882456192118,0.6502801854083176,0.5598901225733478,2.989646246764452,1.1119604840969315,63.0,0.4615602132914753,2.1950489886653677,4.0
10,Processed,Awake,120,1,18,10998302482602513303,0.6840044859815535,0.6927562927197374,0.5640336095657995,3.0663863964359668,1.1536352440910664,56.0,0.47508714018605297,2.183802854262826,4.0
10,Processed,Awake,120,1,19,5798035656187664914,0.6987705608297506,0.67918087063248,0.5584589460077098,2.914994879209591,1.055622048715709,50.0,0.48346067726968445,2.18348623853211,4.0
10,Processed,Awake,120,1,20,14718112902856911591,0.7214684218549323,0.6595857848237807,0.5676577179658826,3.0134795662030514,1.110038982759317,51.0,0.47576233235613213,2.1568689009235276,4.0
10,Processed,Awake,120,1,21,10601535017599381586,0.6808364003510835,0.6868245831422963,0.570173818702246,3.1300133054552366,1.193444833881476,52.0,0.46240853165901064,2.170255410200157,4.0
10,Processed,Awake,120,1,22,17147837409134573608,0.6814079764268052,0.6894749170130839,0.5678539276563329,2.974786867404317,1.1048216950046925,53.0,0.48217377253526006,2.201312045526399,4.0
10,Processed,Awake,120,1,23,7394724394835206740,0.6432132385922471,0.7191956339026877,0.5692389372359825,3.03377006827828,1.1275719367167392,61.0,0.46812746704831376,2.1762891023233353,4.0
10,Processed,Awake,120,1,24,2920131834896459084,0.728327789719693,0.6556771867457469,0.5776413286858567,2.9849108367626886,1.0976712659284786,59.0,0.4725191015904527,2.1855648088831945,4.0
10,Processed,Awake,120,1,25,11016712069271880243,0.7387417819812422,0.6419203414940476,0.5750675192170079,3.041633599902326,1.1173510647952933,62.0,0.4684333233304864,2.175085077306466,4.0
10,Processed,Awake,120,1,26,13609188710680514898,0.6860780660203124,0.6848824962742139,0.5898755799727615,3.11349375571124,1.150035248572423,65.0,0.47875741557212437,2.1899268801309293,4.0
10,Processed,Awake,120,1,27,4381955730316917605,0.6800069445851933,0.6923849296740898,0.5725629602271416,2.976420471590568,1.0908931000305384,62.0,0.4902933911959558,2.1988146691166954,4.0
10,Processed,Awake,120,1,28,10804132048919050508,0.6966782534172167,0.6827302128761406,0.5896793702823111,3.1321113290828837,1.171693629979657,51.0,0.4818794579995845,2.184086629001883,4.0
10,Processed,Awake,120,1,29,14500980613099355772,0.7070256691022194,0.6750197848334288,0.5751713949354816,3.035696881091618,1.110857309995161,49.0,0.47520255765102376,2.1813245033112585,4.0
10,Processed,Awake,120,1,30,18183684697118028083,0.6801209941802535,0.6907157997768032,0.5823388195101683,3.076336808731175,1.1460613367410342,66.0,0.47961150481290826,2.1885763943750987,4.0
10,Processed,Awake,120,1,31,18327974032253727025,0.7170540820898982,0.6593438911788717,0.5702892361672168,3.09457005072963,1.1676929067630737,47.0,0.47570462362364674,2.157962250320689,4.0
10,Processed,Awake,120,1,32,3038148610706042602,0.6763738925432904,0.6985362430532481,0.5628101844371091,2.9213395638629285,1.0456149457362889,60.0,0.486715449781861,2.1930417598419054,4.0
10,Processed,Awake,120,1,33,16022963853342783509,0.7205057458025296,0.6684661339434373,0.5661688326677593,3.089626503747559,1.1454297508786067,70.0,0.4750409732000646,2.179832110796282,4.0
10,Processed,Awake,120,1,34,5505238819255087753,0.7091887696599238,0.6718102149182329,0.5766949054730962,3.0537831560933872,1.1233053875623895,59.0,0.4754103090879712,2.1649015846319606,4.0
10,Processed,Awake,120,1,35,11513849698159541214,0.7232938133661121,0.6574731509492331,0.5713857020844394,3.082181546507284,1.1408286255773115,64.0,0.4688545970776298,2.1939726175366583,4.0
10,Processed,Awake,120,1,36,2719118468075276886,0.70726012078715,0.6664365203954854,0.5868170171510353,3.1098538136889107,1.1591303507551367,55.0,0.4660557235520879,2.14907262034647,4.0
10,Processed,Awake,120,1,37,7687134778139934843,0.7167410535281372,0.6691163703560209,0.5587359479236398,2.9491318915625953,1.0807842136427372,44.0,0.4736213383809238,2.173432906967506,4.0
10,Processed,Awake,120,1,38,15719406339778720882,0.6734170374737647,0.6985220498602503,0.5692851042219709,3.03326978660599,1.1375916032967988,46.0,0.4952390295699545,2.203147463544876,4.0
10,Processed,Awake,120,2,0,13741068313231532366,0.7662749850033124,0.6171537441378983,0.5701045682232635,3.060977876928797,1.1223180885236537,58.0,0.42700999515246646,2.113329334818496,4.0
10,Processed,Awake,120,2,1,13491730980810126983,0.682616410531356,0.6907820669310513,0.5984164723806006,3.237060623087969,1.1711387294449573,56.0,0.46267976270169203,2.119517804742644,4.0
10,Processed,Awake,120,2,2,6462490137418851932,0.7226879469882206,0.6613216351693606,0.6018443710902334,3.163946362478005,1.1453725712761278,58.0,0.4596154290067173,2.1253135507285053,4.0
10,Processed,Awake,120,2,3,14934326214021487244,0.7103826263266279,0.6657395646595896,0.5774797442348977,3.044727073571472,1.1188087636282427,50.0,0.4295838046213153,2.0811317062260617,3.0
10,Processed,Awake,120,2,4,12155377029893398484,0.6879205166887297,0.6829468585071979,0.5684540984741812,3.1901029859446854,1.1902814904539534,55.0,0.42590775836199535,2.09930026169075,4.0
10,Processed,Awake,120,2,5,11464333958256908011,0.7001520568648728,0.6625853837067077,0.622573347798989,3.2067653528327686,1.1674457781353893,72.0,0.4100205443087648,2.0863309352517985,4.0
10,Processed,Awake,120,2,6,1626978290066191349,0.6802418959147416,0.6880765122154583,0.5864361395166316,3.1469094512572773,1.1434171796071442,55.0,0.4512938297823227,2.1121974935177183,4.0
10,Processed,Awake,120,2,7,3729983804799970889,0.6899504394449506,0.6755479481626129,0.565845663765841,2.988114829036387,1.0813625730248273,44.0,0.4231088848364534,2.09707682626852,4.0
10,Processed,Awake,120,2,8,2013121361969786785,0.6677900892787785,0.6960694108125905,0.6070150735209252,3.115514483739115,1.1569630341249562,62.0,0.4229992382447312,2.08289051177858,4.0
10,Processed,Awake,120,2,9,7337294094407658339,0.722516923043726,0.6507882307542233,0.574652016343113,3.0783356003462345,1.1468163287723812,55.0,0.4065984164723806,2.0926371439603195,3.0
10,Processed,Awake,120,2,10,15032337928606170834,0.6985435540325381,0.6676287253261871,0.5592322430230142,3.163141402271837,1.1793194694058455,50.0,0.41190761986103736,2.0819332633298333,4.0
10,Processed,Awake,120,2,11,2447791909187392745,0.687151878632659,0.6818221287127275,0.5836545786108354,3.1196175200493523,1.1350078285849108,63.0,0.42189700145426007,2.100020107431132,4.0
10,Processed,Awake,120,2,12,8636399139843305201,0.6610608868533245,0.6938611495515064,0.6035410078253042,3.2308928019771392,1.1808428919738794,56.0,0.41915006578795505,2.087126436781609,4.0
10,Processed,Awake,120,2,13,14808122436302259696,0.7342281308547892,0.6469835889136821,0.5873248539969068,3.0509622879069487,1.100057179069148,65.0,0.43287897324623165,2.1034463419421776,4.0
10,Processed,Awake,120,2,14,8058770858331639870,0.6749277332749191,0.6905868614304643,0.5877403568708017,3.092427278800024,1.1513969878422106,51.0,0.4455575817732739,2.113608365955816,4.0
10,Processed,Awake,120,2,15,5899613535895367072,0.697339893305879,0.677272886733753,0.5761062764017452,3.116570929070929,1.1412362502129907,57.0,0.42692920292698694,2.0997956403269753,4.0
10,Processed,Awake,120,2,16,7049567622921899295,0.6969850667470583,0.6768595145862234,0.5829389903280164,3.15156620491701,1.1530232981677586,58.0,0.43107846079268713,2.092877955844447,4.0
10,Processed,Awake,120,2,17,6022888459894158537,0.7135526593915509,0.6480573986069709,0.5810461439024953,3.03527071023755,1.0973887498503525,45.0,0.40684079314881927,2.085707523446052,4.0
10,Processed,Awake,120,2,18,5188961995180387137,0.7091728734274069,0.6626965594877068,0.5853858405853973,3.204384634824362,1.1817899393840479,50.0,0.427956418365227,2.098831121048312,4.0
10,Processed,Awake,120,2,19,16719919142392013798,0.7137314350110223,0.6619496587518233,0.5852357978809354,3.006225173415545,1.0783767471009698,53.0,0.41685902910828465,2.0955903684363215,4.0
10,Processed,Awake,120,2,20,15976959131927364783,0.6930602820973015,0.679312197243144,0.607857621015212,3.1642633982215815,1.169692583270506,49.0,0.4139331963712749,2.1005036898207803,3.0
10,Processed,Awake,120,2,21,4808367366830799518,0.7047992429434122,0.6719378990125374,0.5734170494679255,3.043494241607449,1.1213112283303257,44.0,0.4350661342074283,2.092306838365897,4.0
10,Processed,Awake,120,2,22,17845564239374477533,0.6767101800238446,0.6999623222777593,0.583031324299993,3.1294139511832486,1.1403397032836662,56.0,0.462818263659657,2.1430403762392114,4.0
10,Processed,Awake,120,2,23,5894134495535711807,0.7426736235646076,0.6390560388984173,0.5829389903280164,3.1370807453416147,1.1532435616352072,46.0,0.4073774843609335,2.0953398634609677,4.0
10,Processed,Awake,120,2,24,15722281621261717692,0.6593831622034565,0.7037062064257452,0.5699083585328132,3.109250047226245,1.1484914656724687,50.0,0.42830267076013945,2.1219693504117108,4.0
10,Processed,Awake,120,2,25,2961836955604641390,0.6490537207197522,0.712908617837065,0.5927263913575402,3.2110923529043958,1.1872622953151912,58.0,0.4524999422912675,2.139863002483421,4.0
10,Processed,Awake,120,2,26,5472714629395331894,0.7034443757115375,0.6684496435994433,0.5919877195817271,3.241137440758294,1.205696130543139,68.0,0.3989116133053254,2.081012734443207,4.0
10,Processed,Awake,120,2,27,16049812602242553836,0.6370898806110515,0.7091763620666351,0.5802151381547056,3.1476426022165174,1.162349644349953,65.0,0.4383497610858475,2.099126734096059,4.0
10,Processed,Awake,120,2,28,14675767956050707018,0.7272749426423334,0.6531113182612258,0.5627755591976178,3.0668595509151517,1.117128860979136,57.0,0.4282738163938967,2.1155359179019384,4.0
10,Processed,Awake,120,2,29,7320522372967738332,0.718099612272886,0.6535472492602317,0.5884559451536207,3.2601189334356415,1.2141017341363,55.0,0.40199325962004573,2.092678823564755,4.0
10,Processed,Awake,120,2,30,10817998345500471312,0.6851130369246251,0.6856265473993621,0.5850165046974908,3.0552742616033757,1.0998820281871646,77.0,0.449031647468895,2.118374125398165,4.0
10,Processed,Awake,120,2,31,12716262879358429687,0.6710192283486742,0.6963780960036379,0.5791879227164655,3.137551581843191,1.1480961025059457,92.0,0.44185268114771126,2.1343033952165915,4.0
10,Processed,Awake,120,2,32,16215921986923102664,0.700805760970604,0.6678551392454461,0.595161699868424,3.0302638537932656,1.0841353958230575,57.0,0.4355104914475659,2.0988708421403937,4.0
10,Processed,Awake,120,2,33,18001011604231012645,0.7147224812544644,0.6562909248026164,0.5880635257727199,3.171947954927473,1.1693929783038572,50.0,0.3958992174695875,2.101228215259273,3.0
10,Processed,Awake,120,2,34,2182727771614765290,0.6420506320424808,0.7186505446134083,0.5865515569816024,3.060892609769319,1.1113363867111885,53.0,0.4381131552826574,2.1272696704774714,4.0
10,Processed,Awake,120,2,35,14102143844438879605,0.6850204919590234,0.6854855095514903,0.5792917984349392,3.0938174197127535,1.1368198349367944,70.0,0.4543293091110547,2.095167127954013,4.0
10,Processed,Awake,120,2,36,9938530429705323467,0.7215756545583948,0.6550826725056266,0.5747212668220956,3.0724378355031776,1.1188436849642036,67.0,0.4291625308741719,2.1267158544955387,4.0
10,Processed,Awake,120,2,37,13123267463509351222,0.6913133892555005,0.6774224103773955,0.6166985988319753,3.213568292536236,1.1785223094169033,60.0,0.4333521848526119,2.1035042998403317,4.0
10,Processed,Awake,120,2,38,15301975087641062597,0.7029016319860196,0.66397927456079,0.576671821980102,3.0329003277892435,1.0996895755971081,66.0,0.41579141755730475,2.1106131177314937,4.0
10,Processed,Awake,120,3,0,17497358737629364122,0.6719560971128955,0.6996722249789178,0.6035756330647953,3.1107608113735052,1.1562028163962608,63.0,0.49632395374068006,2.155081687882129,4.0
10,Processed,Awake,120,3,1,13524666025434608259,0.6675105420427433,0.6889381004535401,0.6010364488354378,3.2234602290312595,1.192483426368978,57.0,0.5016562406223309,2.1480392399120314,4.0
10,Processed,Awake,120,3,2,5814255657994608550,0.6541454409128314,0.7032447358891807,0.5885944461115856,3.108246480160907,1.1513575966713419,53.0,0.4981360079407216,2.153613931788129,4.0
10,Processed,Awake,120,3,3,11460123853076498600,0.7327072190218386,0.6491210084525038,0.608134622931142,3.1515042765715653,1.1617546422385545,57.0,0.45057247062625516,2.142324049938263,4.0
10,Processed,Awake,120,3,4,257420338492413615,0.689349171925459,0.6796707161424067,0.5969506705754715,3.088558461722202,1.1160332601774647,47.0,0.49051268437940027,2.1243657994051635,3.0
10,Processed,Awake,120,3,5,8934982091090742842,0.6689458491433713,0.7008637279858418,0.5976662588582904,3.0675315443397904,1.1212082003494133,48.0,0.4821102929295261,2.154699267512638,4.0
10,Processed,Awake,120,3,6,14803221909307975164,0.7215713800760998,0.6539911588222593,0.5910874633549549,3.205219677055952,1.1964251576543234,57.0,0.47505828581981024,2.1426340447683496,4.0
10,Processed,Awake,120,3,7,4100142563915345754,0.6864874656093157,0.6849673875873505,0.6169294337619169,3.1466415494201447,1.1373466176093725,60.0,0.4839338888760647,2.148222153909212,4.0
10,Processed,Awake,120,3,8,3323826492473573902,0.724259252834836,0.6527652995944364,0.5939498164862307,3.123391599902889,1.1161378995960192,45.0,0.49733962743242305,2.1456206742020614,4.0
10,Processed,Awake,120,3,9,3462121006211431109,0.675788823597418,0.6948902485512942,0.6062302347591237,3.106701366297983,1.1414404988484455,60.0,0.49175919300108495,2.1383688833124217,4.0
10,Processed,Awake,120,3,10,833756175216914813,0.6730952212610124,0.694417145634278,0.5901064149027031,3.1251833740831296,1.1661417010857433,60.0,0.5065268576440987,2.163121965645563,4.0
10,Processed,Awake,120,3,11,5928017815579564437,0.7145868385204759,0.6536559593798724,0.5952078668544124,3.1884505997279584,1.1663683398871147,52.0,0.46886613882412687,2.146608893233639,4.0
10,Processed,Awake,120,3,12,6183491633252018068,0.6950646040321393,0.6768113406269551,0.6002285265806422,3.1940179339147523,1.1952948611168956,73.0,0.47172272108215413,2.1458535688971727,4.0
10,Processed,Awake,120,3,13,7994472967838036419,0.6755461200325747,0.6947919199991465,0.6031485884444034,3.1384301243168577,1.1556744397440768,58.0,0.49561990720435817,2.1681056245582147,4.0
10,Processed,Awake,120,3,14,18298283363972433702,0.7117366234863258,0.6625931370386765,0.5831929087509522,3.0137778838124776,1.1129243693184765,49.0,0.46914891161330535,2.1183521379993224,4.0
10,Processed,Awake,120,3,15,1243817754632951403,0.67746895811749,0.689562873799973,0.5970083793079569,3.0545647809141374,1.129114153784394,61.0,0.4639608965628679,2.13878691141261,4.0
10,Processed,Awake,120,3,16,561113898213090463,0.6936855292882946,0.6787410340130458,0.5926686826250548,3.0870506192136586,1.1213720918600445,59.0,0.45466979063271856,2.1452065238108204,4.0
10,Processed,Awake,120,3,17,9133766317023329610,0.6703696951648226,0.7010389840442443,0.5957041619537868,3.132427019481702,1.1553534041910891,59.0,0.5060363334179728,2.1421800947867298,4.0
10,Processed,Awake,120,3,18,18347399750932905099,0.7245635795350778,0.6521947061127963,0.6085039588190485,3.1592761265580056,1.161433958926842,53.0,0.4767318390618868,2.143320447292634,4.0
10,Processed,Awake,120,3,19,17855358750432721270,0.7205684930574692,0.6650221836002683,0.5929918515269731,3.061676896490078,1.1183822858367671,47.0,0.47856697675492255,2.157392231847863,4.0
10,Processed,Awake,120,3,20,8128990292019790916,0.6888460901336981,0.6839419416316499,0.5999630664112093,3.062448450571462,1.1221805651216041,55.0,0.4910320629717689,2.156200902133698,4.0
10,Processed,Awake,120,3,21,123721482097887400,0.717469837977572,0.6562742532571364,0.6005863207220516,3.1548441857645204,1.1477053409115459,68.0,0.4723171210267538,2.1308253059099194,4.0
10,Processed,Awake,120,3,22,4499840782214014913,0.6415524552743148,0.7050683766203907,0.5800535537037464,3.1299121878308527,1.149024680206391,58.0,0.5055054130791071,2.174785242564179,4.0
10,Processed,Awake,120,3,23,17939670885377083340,0.6660787145588897,0.6983925578312935,0.588363611181644,3.143623581647755,1.160082089659607,55.0,0.46555365757946493,2.1711971148670473,4.0
10,Processed,Awake,120,3,24,8612533192222225813,0.6632277248966745,0.6951931918636585,0.609588882989774,3.2112847327780143,1.1874608333104866,65.0,0.5006347960573394,2.1487627870111212,4.0
10,Processed,Awake,120,3,25,9602780547977997592,0.687122506015772,0.6816667709497786,0.6055031047298077,3.117171717171717,1.1599948569765661,56.0,0.4666732069896817,2.1174360451415253,4.0
10,Processed,Awake,120,3,26,6769639905020932738,0.6842904255906125,0.6914688927247061,0.6050760601094157,3.1549016067882287,1.1613009485089192,58.0,0.4818390618868447,2.174858690838999,4.0
10,Processed,Awake,120,3,27,1969752915589002641,0.6714042485806774,0.6921414023655497,0.605976316336188,3.1429512122119125,1.1592256625974051,60.0,0.4714053230534844,2.1261582509109838,4.0
10,Processed,Awake,120,3,28,15414042868835278707,0.6949041604619348,0.679964694523937,0.5880519840262228,3.0426993132278293,1.1177662475175958,63.0,0.46382816647815145,2.1363563872202436,4.0
10,Processed,Awake,120,3,29,7171295717149605420,0.6843250248600007,0.6915629816802074,0.5809768934235129,3.056469731009776,1.1188282066069721,58.0,0.507086632349207,2.155102641453903,4.0
10,Processed,Awake,120,3,30,10018852364517341658,0.7120952252480475,0.6547311047223485,0.593268853442903,3.021159045491948,1.078199540861323,68.0,0.4722651831675169,2.107925714138526,4.0
10,Processed,Awake,120,3,31,1872598468414550717,0.6682332421970058,0.6939962704886029,0.6039334272062048,3.1487543627391985,1.1570487672458685,59.0,0.5052514946561714,2.1434132249614413,4.0
10,Processed,Awake,120,3,32,7914558323781529698,0.7024049099854976,0.67330527471316,0.5920569700607096,3.1972700074794314,1.1834068350877631,58.0,0.48766187299462155,2.140046091118596,4.0
10,Processed,Awake,120,3,33,6642033547547846333,0.6975782727396331,0.6804135650327825,0.5974354239283488,3.180717709229446,1.1590072301693242,62.0,0.5048648461485192,2.1837947130625794,3.0
10,Processed,Awake,120,3,34,796032860858886181,0.7277649939405947,0.6521735414200013,0.5984164723806006,3.121868978805395,1.1348659114879613,55.0,0.4630087024768588,2.138721543956923,4.0
10,Processed,Awake,120,3,35,16813582873798667166,0.7466103278960706,0.636954933419086,0.614632626208998,3.132160922244442,1.163426947541429,71.0,0.5025680385956003,2.1339622641509433,4.0
10,Processed,Awake,120,3,36,11017404580265358785,0.7124920314807341,0.6593628797810992,0.6105699314420258,3.2582532643508255,1.2174190888933945,60.0,0.44581727106945823,2.1192494444901655,4.0
10,Processed,Awake,120,3,37,5491658005764141764,0.7084416407977422,0.6700337018167069,0.6003554857921101,3.1946935265937846,1.193065788095592,57.0,0.4637185198864292,2.1399467376830894,4.0
10,Processed,Awake,120,3,38,5233188369404546739,0.7489459973424932,0.6289406708031251,0.5924955564275987,3.129228893629991,1.154934843464101,58.0,0.4655478867062164,2.1297288735183084,3.0
10,Processed,Awake,120,4,0,8066834587213637803,0.6911802716787836,0.6657247694526807,0.6236467302232174,3.2879396373372276,1.2168705052932542,65.0,0.41968675700006924,2.077500999828601,4.0
10,Processed,Awake,120,4,1,16574990805456721494,0.7089573778467781,0.6688238973731363,0.6205073751760116,3.1783624002364763,1.170920237152255,50.0,0.4592980309780476,2.107034124904032,4.0
10,Processed,Awake,120,4,2,14407212296245135089,0.6820487742515933,0.6863403507506619,0.6284596385124998,3.2115010321439104,1.1829279449588557,50.0,0.4663846633272547,2.108507918286415,4.0
10,Processed,Awake,120,4,3,1149571759993836994,0.7865395957743989,0.593722284388535,0.6529512245793033,3.3604395604395605,1.231923139522416,59.0,0.3881893308095381,2.0655591721427253,3.0
10,Processed,Awake,120,4,4,14200672623084663513,0.6698264304906014,0.6889684020356089,0.6275824657787217,3.2563780093424364,1.1973139215542123,61.0,0.46554211583296784,2.11729350935671,3.0
10,Processed,Awake,120,4,5,6776938828135807859,0.7510759355754543,0.6241910775138978,0.6140439971376469,3.256932966023875,1.2117115401378868,62.0,0.4462327739433531,2.1039098849073543,3.0
10,Processed,Awake,120,4,6,15357248694424509956,0.682235921152555,0.6800276142218551,0.6358809815101221,3.367192274783034,1.2466083201643015,66.0,0.44531520509683525,2.0917863919761452,4.0
10,Processed,Awake,120,4,7,808660960774638207,0.6890030453977429,0.6831239842656358,0.6160984280141271,3.342726532657023,1.2241541400620206,71.0,0.4656806167909328,2.1145380221162413,3.0
10,Processed,Awake,120,4,8,11326260636890300020,0.6900002722002634,0.676941555687597,0.6179220239606658,3.395357686453577,1.2721956507207703,84.0,0.46690404191962326,2.097992946789752,4.0
10,Processed,Awake,120,4,9,9413916833479659699,0.7111764428251397,0.655944673296779,0.605687772673761,3.2984286612193587,1.2047702375899039,58.0,0.4580284388633688,2.0967136894383684,3.0
10,Processed,Awake,120,4,10,15420828834672629214,0.6733736996277889,0.687007899980669,0.6307795295584128,3.426672518653207,1.2830096272325775,93.0,0.4490893562013804,2.1258229300407026,4.0
10,Processed,Awake,120,4,11,17633331477788087911,0.7149412423823716,0.6642008887115349,0.6155559659287644,3.2677532013969732,1.2026039369693746,56.0,0.4608099997691651,2.106942135676403,4.0
10,Processed,Awake,120,4,12,7810037947188674254,0.7381062940241773,0.6337566324914317,0.6152327970268461,3.5336426914153134,1.324587758067859,66.0,0.40282426536783544,2.069095328432535,3.0
10,Processed,Awake,120,4,13,6153500639154570754,0.660618817651847,0.6972265594492776,0.6204842916830174,3.306476413063534,1.2085409806293077,63.0,0.476541400244685,2.1300299215848124,4.0
10,Processed,Awake,120,4,14,5224968634877890691,0.680531900517529,0.6884010649997117,0.6280441356386048,3.460193310441307,1.2806594487776668,56.0,0.4330809538099305,2.115401961889728,4.0
10,Processed,Awake,120,4,15,15471698509430862844,0.69155315736075,0.68678481342085,0.6177488977632095,3.296157162212095,1.2126138896876544,53.0,0.4778456175988551,2.1257701786814542,4.0
10,Processed,Awake,120,4,16,8542953520514810154,0.6656779729813549,0.7001428637049271,0.6245239029569954,3.222943594019894,1.1744832862568746,49.0,0.4954352392604049,2.140495661713374,4.0
10,Processed,Awake,120,4,17,12689626372382231344,0.716155663510886,0.6468977751456393,0.6325569585189631,3.341625510639595,1.2041367322269503,70.0,0.392719466309642,2.072733918128655,3.0
10,Processed,Awake,120,4,18,1633871419125022052,0.719998608399952,0.6470288940466303,0.6193301170333095,3.2438641034941362,1.1954356627098675,59.0,0.43604718265968007,2.087350479295008,4.0
10,Processed,Awake,120,4,19,5450100342537496722,0.7354865353604757,0.6419313418646615,0.6290828928233421,3.302532719340766,1.2296618010698848,58.0,0.41240968583366033,2.072501595035091,3.0
10,Processed,Awake,120,4,20,16726626686967341764,0.737018952428099,0.6304369549903803,0.6398859675446088,3.491027013412254,1.3320121878188607,60.0,0.43431014981186955,2.100329314579147,3.0
10,Processed,Awake,120,4,21,239616595308859939,0.6574399871794467,0.6995734362756214,0.6109161838369382,3.278882487765595,1.2041269957534775,67.0,0.47397913252233326,2.1317189649355033,3.0
10,Processed,Awake,120,4,22,14026030134507933717,0.6970136623027979,0.6740451333853071,0.6257011610996976,3.271695835847918,1.212068759103584,73.0,0.47161884536368043,2.1140255574525324,3.0
10,Processed,Awake,120,4,23,17879038902991299713,0.7334233254066612,0.6356256349078812,0.6157060086332263,3.330378324385067,1.247863158425961,60.0,0.4296819094665405,2.0849878188793367,4.0
10,Processed,Awake,120,4,24,5435354488552821917,0.7082581189722139,0.6570358345113767,0.6382354977955265,3.28665676077266,1.2189712960419807,56.0,0.41966367350707506,2.0929917973809182,4.0
10,Processed,Awake,120,4,25,11984080758489708803,0.6602974954868993,0.6977914595346543,0.6481036910505298,3.3283741331278525,1.1958619857456056,56.0,0.5317917407262067,2.1355472642580704,4.0
10,Processed,Awake,120,4,26,5434442494345436083,0.68686892835301,0.6783900016437046,0.5987742665220102,3.1707004033736705,1.154861342988268,66.0,0.4572205166085732,2.1217128166675594,3.0
10,Processed,Awake,120,4,27,15380273488006876607,0.7111676209706542,0.6658034206896208,0.6134207428268046,3.2966133234090065,1.2066185058357015,59.0,0.472640289928672,2.125035676292779,4.0
10,Processed,Awake,120,4,28,3149238824621020251,0.7306735075298456,0.6475125811698291,0.6213037556843102,3.297457886676876,1.2171296460992371,71.0,0.4235878673160823,2.0898866807129433,4.0
10,Processed,Awake,120,4,29,18276567357566182149,0.6687822141664054,0.6912278913751636,0.6177027307772212,3.3146909451257276,1.2155042414360773,57.0,0.4912340435354678,2.1573065031172387,4.0
10,Processed,Awake,120,4,30,3111313744504260352,0.7176701130589566,0.6479123879114602,0.6200918723021167,3.3692462059450645,1.2510505137977728,64.0,0.44922208628609683,2.1036942950571573,4.0
10,Processed,Awake,120,4,31,15671124235136568213,0.7352961942210571,0.6342153612054516,0.6357771057916484,3.3992594878124036,1.2411673194551927,58.0,0.42718312134992265,2.08125509601597,3.0
10,Processed,Awake,120,4,32,16955084823132182728,0.7060280782173202,0.6652691741644745,0.6252971999722998,3.4564884522138573,1.2720911502697263,60.0,0.44759470003000856,2.0920591249932565,4.0
10,Processed,Awake,120,4,33,18192450726727905613,0.6870643835911487,0.6733645034898298,0.608146164677639,3.365976747157276,1.252877829460748,74.0,0.44887006301793586,2.105573752740857,4.0
10,Processed,Awake,120,4,34,17998155723367856811,0.6885925382473791,0.6823912771610493,0.6048567669259712,3.271490105499719,1.2176288728534765,66.0,0.4767433808083839,2.112784839262423,4.0
10,Processed,Awake,120,4,35,17835138293871263853,0.6520364182147534,0.7036184119282962,0.6356963135661688,3.519585916032973,1.3035902194488946,73.0,0.48701553519078505,2.1145577549486343,4.0
10,Processed,Awake,120,4,36,1764510719552931593,0.6789155978812925,0.6768031344372112,0.6439948292975693,3.5296685222672064,1.3112678349834703,59.0,0.4297049929595346,2.0630887731353207,3.0
10,Processed,Awake,120,4,37,10027073814929365044,0.7119527841154109,0.6561097001911386,0.6330186283788463,3.261536631779258,1.1804332767169312,64.0,0.4424932480782992,2.0904877450312167,3.0
10,Processed,Awake,120,4,38,3071384927945977530,0.7224398936305965,0.6381709426884896,0.6226656817709656,3.2544489352717623,1.197859962079778,64.0,0.41670898640382265,2.0775383376010588,4.0
10,Processed,Awake,120,7,0,9739700508270525648,0.768556576452764,0.6076035716753918,0.5853742988389004,3.0632360934951985,1.118489661753652,49.0,0.39980609865884903,2.0644853686155313,4.0
10,Processed,Awake,120,7,1,4445054661805349034,0.7155669616662704,0.659514160117402,0.5949770319244708,3.067356896346543,1.1086099063606434,56.0,0.4261905311511738,2.0739118225217634,4.0
10,Processed,Awake,120,7,2,16543400912814495655,0.7490996517429209,0.6277334650908717,0.5839777475127537,3.050952725518572,1.1264595856336632,48.0,0.40835276193993675,2.075041787630861,4.0
10,Processed,Awake,120,7,3,3096691701446723322,0.6539368790644939,0.6927655476673298,0.6205420004155029,3.1539273772511294,1.1614094710209633,58.0,0.4576879573417049,2.0917842542529343,4.0
10,Processed,Awake,120,7,4,9782942903365346069,0.7365467809275738,0.642026332575502,0.5967890861245123,3.1957354758961682,1.169375791829111,72.0,0.4253826088963782,2.0886911677198152,4.0
10,Processed,Awake,120,7,5,4769679163426061622,0.6744773936734466,0.6933997923771043,0.5912028808199257,3.0345379146919433,1.0958096991328508,54.0,0.472565268576441,2.1034137319873625,4.0
10,Processed,Awake,120,7,6,13023492235480338286,0.7260322456941294,0.6571065564894192,0.5933842709078738,3.0113043987582735,1.0704345208371358,56.0,0.44622123219685605,2.0723359777015435,3.0
10,Processed,Awake,120,7,7,14402338131088616166,0.7313251891815444,0.6436263368730389,0.5998938159322269,3.169268292682927,1.1761640687754151,53.0,0.40695621061379006,2.0617179277277513,4.0
10,Processed,Awake,120,7,8,4977705106725497817,0.7232328400050875,0.649848256875964,0.5692043119964914,3.0803872579637726,1.1376502038257739,57.0,0.42670413887029385,2.1060411860206782,4.0
10,Processed,Awake,120,7,9,5670798466331796583,0.7076060085343581,0.6673913199021402,0.5972392142378985,3.1853493382579257,1.1922436317975331,67.0,0.4079718843055331,2.0793258625253683,3.0
10,Processed,Awake,120,7,10,4161332470497800000,0.6933127259641894,0.6860521370710795,0.6063571939705916,3.1346062052505967,1.1320022873652975,73.0,0.47249024722420996,2.111377585228738,4.0
10,Processed,Awake,120,7,11,17402262946906925896,0.7173353179432669,0.6606322340463441,0.5998361071997415,3.1880137406453195,1.1730789903315135,55.0,0.4248690011772581,2.0904934976432505,4.0
10,Processed,Awake,120,7,12,10580385478703434008,0.7621486873418144,0.6199453402138833,0.6058493571247201,3.1688499849079386,1.1860870681563873,53.0,0.38848941621846217,2.0619008239149745,3.0
10,Processed,Awake,120,7,13,16893507945784525115,0.7594409584482573,0.6188938346285318,0.5709471157175504,3.05395727867638,1.1143665417889055,62.0,0.374027607857621,2.0571637148479653,3.0
10,Processed,Awake,120,7,14,12990210527516656816,0.7287835033235496,0.6485286595352553,0.6003324022991159,3.2226765799256505,1.1678581252399751,52.0,0.40333210221370697,2.056282915060755,4.0
10,Processed,Awake,120,7,15,9656206835862321051,0.7435985360578864,0.633179849191975,0.6053068950393573,3.3069550413014692,1.2311547741363753,70.0,0.40735440086793934,2.045376836371012,3.0
10,Processed,Awake,120,7,16,107639860769887915,0.7466135627580184,0.63580535188146,0.6036333417972808,3.134739870534644,1.144691963493762,55.0,0.40624062233097114,2.080107558654926,4.0
10,Processed,Awake,120,7,17,6162074536457392528,0.763763403033142,0.6137523670319359,0.5835045359063733,3.083811150420886,1.1176642515907036,64.0,0.4138293206528012,2.0715853940374394,3.0
10,Processed,Awake,120,7,18,18012391580928458912,0.7354182198750632,0.6395153957038622,0.5882366519701762,3.1290520628683693,1.1325843903817259,62.0,0.3974688949931904,2.0658368326334733,3.0
10,Processed,Awake,120,7,19,6436327665516069882,0.769966361842778,0.6094641864434613,0.572470626255165,3.056634005053306,1.1202081283441614,49.0,0.3871794279910436,2.057531894013739,3.0
10,Processed,Awake,120,7,20,4296658647046995576,0.7021677737101059,0.6686136419855342,0.5931303524849381,3.101949658960584,1.1298673918557947,71.0,0.40400152351053764,2.0792099792099794,4.0
10,Processed,Awake,120,7,21,13875553190263306596,0.7231786625186849,0.6453637051305923,0.6021444564991575,3.1786388838116126,1.1676900527352099,54.0,0.422901133399506,2.0931733790345617,4.0
10,Processed,Awake,120,7,22,13450893192455038983,0.7287790600782266,0.6466705431271874,0.5793264236744304,3.1598363235757003,1.176812328011447,55.0,0.40802382216476996,2.0722157092614304,3.0
10,Processed,Awake,120,7,23,7055098217505091882,0.7175703375369388,0.6590307021480541,0.5988781422404839,3.1048348492101483,1.1159945781270328,71.0,0.4548833129429145,2.0999573742540494,4.0
10,Processed,Awake,120,7,24,10360414959250966280,0.7330400125512981,0.6440921060309674,0.5964659172225941,3.0919588369031947,1.1261251465745665,53.0,0.4276043950970661,2.080616628759161,4.0
10,Processed,Awake,120,7,25,6290789300705044852,0.7025284822806875,0.6660278197135575,0.5772142840654648,3.05915096647908,1.1203089745164834,51.0,0.4417545763024861,2.0970030681569143,4.0
10,Processed,Awake,120,7,26,15461245851804235804,0.7266489002663685,0.6518301204790243,0.584173957203204,3.0619479733817303,1.1135298217498875,67.0,0.42756976985757483,2.0760759919300606,4.0
10,Processed,Awake,120,7,27,13306040949435258793,0.6725485545320938,0.6897528631787986,0.6104198887375638,3.12115668338743,1.1405853446737413,54.0,0.44494009833568016,2.07489437283027,4.0
10,Processed,Awake,120,7,28,18137735513427590575,0.7214812844037111,0.6542575541597482,0.5665266268091688,3.0333086145099495,1.1002689187513623,56.0,0.42162577041157867,2.0787856370568485,3.0
10,Processed,Awake,120,7,29,17669463796869711467,0.7036774956301535,0.6690981195088943,0.5967198356455299,3.119780352401641,1.1470649884619835,55.0,0.43010895408693245,2.0916872474180512,3.0
10,Processed,Awake,120,7,30,9405758016820199297,0.7167687463665164,0.6488149181431522,0.5904526672976155,3.0941091085036896,1.1431858586428703,49.0,0.41456222155536576,2.0685613913844736,3.0
10,Processed,Awake,120,7,31,15448629408884201627,0.7233051885702252,0.6431503187097012,0.5912605895524111,3.064975469666148,1.1188676205308703,69.0,0.40412848272200547,2.051891353394474,4.0
10,Processed,Awake,120,7,32,4430086360847304755,0.7099782585618756,0.666935903256625,0.5986357655640452,3.0474148061104582,1.1067431159730434,56.0,0.4726576025484176,2.101341816968982,4.0
10,Processed,Awake,120,7,33,13031262237805143139,0.709269237801168,0.6554992432474467,0.5917915098912767,3.1497020701517293,1.1635543111339335,54.0,0.412865584820295,2.072268566794114,3.0
10,Processed,Awake,120,7,34,391205517539603747,0.6848995749249484,0.6814907275405612,0.5974123404353546,3.279125752296484,1.2112912673646177,65.0,0.44772743011472493,2.116369786409886,4.0
10,Processed,Awake,120,7,35,10247003613285969285,0.7351318171533295,0.6439728335833871,0.5884674869001177,3.1509795439095236,1.159880240284056,57.0,0.4052826573717135,2.075018466538632,3.0
10,Processed,Awake,120,7,36,3744039900656762884,0.7084696513194673,0.6607593260605091,0.5831582835114609,3.0938705529361337,1.1421726031616934,53.0,0.42494402252948915,2.09157529966483,4.0
10,Processed,Awake,120,7,37,8290947569862381107,0.77324715896102,0.611065748925419,0.5924263059486161,3.0027495027495026,1.073208327289431,56.0,0.4233166362734009,2.0760174336333277,3.0
10,Processed,Awake,120,7,38,5447821868094239009,0.6821582478934133,0.6795997282059182,0.5969852958149627,3.2047087980173483,1.1973051043031768,66.0,0.40725052514946564,2.0718102284070223,4.0
10,Processed,Awake,120,8,0,6639001315166920208,0.724214961777816,0.635201895708637,0.6214999653747605,3.350006221226826,1.237340939772587,63.0,0.37111908774035685,2.0500812904459815,3.0
10,Processed,Awake,120,8,1,13718847705166070873,0.7327209929681424,0.6385538592178307,0.6091849218623762,3.2161964535981964,1.197426760627538,78.0,0.41463147203434825,2.078603251750275,4.0
10,Processed,Awake,120,8,2,4168333433476086366,0.7471434023729873,0.6218328482047588,0.574501973638651,3.188725176169122,1.1876635193177336,53.0,0.39986957826458297,2.082061298076923,4.0
10,Processed,Awake,120,8,3,1632523470295089847,0.695837647435373,0.674952447796321,0.5887214053230535,3.1538984727632475,1.1600139317434113,51.0,0.4385401999030493,2.089529256489221,4.0
10,Processed,Awake,120,8,4,17018380231426438768,0.7510300847743691,0.628774912421974,0.5995821887768057,3.396025364450546,1.2967572727763135,84.0,0.40105837815378226,2.078073139371468,4.0
10,Processed,Awake,120,8,5,9113876737415942064,0.7635017705643773,0.6161794034525846,0.6055723552087902,3.2621238497886096,1.21693580944813,73.0,0.3965628678931696,2.069382961423796,4.0
10,Processed,Awake,120,8,6,11974238018061955009,0.741809865366696,0.6263579962982411,0.5924378476951132,3.1921641791044775,1.1697255442338093,71.0,0.39468156321414555,2.0702890873316178,3.0
10,Processed,Awake,120,8,7,10488278379121819230,0.6795348577622387,0.6792935914128759,0.6010018235959466,3.2278700719067692,1.1983442628745613,72.0,0.40917222594122943,2.0719149060518394,4.0
10,Processed,Awake,120,8,8,10275999302017383599,0.708518848739879,0.6559263952462405,0.596881420096489,3.1020934557015174,1.1323780954487814,52.0,0.4215565199325962,2.081168091168091,4.0
10,Processed,Awake,120,8,9,16486416278495102066,0.7227380912091674,0.6405210022489461,0.6099005101451952,3.219385890093822,1.1813742654865607,67.0,0.38299554488585213,2.0637146677446436,3.0
10,Processed,Awake,120,8,10,1066997798035580873,0.7252874719186541,0.6488189047731426,0.5924724729346045,3.2264613450659962,1.1787095101954357,49.0,0.40055054130791073,2.076621589277166,3.0
10,Processed,Awake,120,8,11,15265539202247932653,0.7699194258175053,0.5990126739531455,0.5785646684056232,3.095276319851806,1.1341330849517615,57.0,0.3937928487338704,2.0631292517006803,3.0
10,Processed,Awake,120,8,12,15984445123393179913,0.7549628226671415,0.6275201242963054,0.58750952194086,3.1960193382306774,1.1758117863781694,76.0,0.3991943860945038,2.0889023101313606,3.0
10,Processed,Awake,120,8,13,8254858448754434828,0.7219399856166548,0.6461533519340928,0.5988088917615013,3.2393856143856143,1.2149670889148194,52.0,0.3990212598970476,2.0798941162315003,4.0
10,Processed,Awake,120,8,14,8216074063508931459,0.7808940702568481,0.5962644933252135,0.5882020267306849,3.1323294406883835,1.159312782883517,64.0,0.3839188846056185,2.048245073891626,3.0
10,Processed,Awake,120,8,15,17593529426981525614,0.7376523045262152,0.6375310308071017,0.6122204011911082,3.192921206284235,1.1783664709445274,54.0,0.42746589413910113,2.085095003518649,4.0
10,Processed,Awake,120,8,16,2697643019452443593,0.779415340377971,0.5919525815905291,0.5936381893308096,3.2214706250782914,1.1851130111583912,75.0,0.396545555273424,2.0744150943396225,3.0
10,Processed,Awake,120,8,17,11194003684987523970,0.7751895094523573,0.6001988738592076,0.5984857228595831,3.272165078563766,1.217152706566395,88.0,0.39164608388541355,2.0666910286862783,4.0
10,Processed,Awake,120,8,18,1207382340160036464,0.7457017113948929,0.6254555572670275,0.604972184390942,3.2407567701248916,1.1762132987911373,61.0,0.4029627663258004,2.0558516119534813,3.0
10,Processed,Awake,120,8,19,14391939626453846007,0.7367866047933477,0.6333382746458401,0.6076614113247617,3.3160546702777602,1.2337549170490867,53.0,0.3982248793887491,2.0729370062182704,3.0
10,Processed,Awake,120,8,20,11938473987706282433,0.6928293383583435,0.675544430069939,0.6018789963297246,3.323857479762891,1.2671150078309874,52.0,0.3992347822072436,2.0850210970464134,4.0
10,Processed,Awake,120,8,21,17114665929076254205,0.7399073795180197,0.631017506782079,0.6126012788255119,3.2779767786561265,1.2169450379840863,73.0,0.37631287366404287,2.0516297508180217,3.0
10,Processed,Awake,120,8,22,201266459223825151,0.7747087962091084,0.604831444491782,0.6115048129082893,3.200362428269405,1.1916475516691722,69.0,0.3944795826504467,2.071738142142749,3.0
10,Processed,Awake,120,8,23,16151870507003843798,0.7609527671440884,0.6148917256926482,0.6028600447819764,3.2078241110360497,1.1716685721051043,62.0,0.3983402968537199,2.066028135288836,3.0
10,Processed,Awake,120,8,24,12267146955291401200,0.7243031107813488,0.6518948865841816,0.5856051337688419,3.279979313465641,1.2225560197886345,57.0,0.4157048544585767,2.0912442663879696,4.0
10,Processed,Awake,120,8,25,15742493720594413336,0.7118123668563654,0.6562627415005847,0.599339812100367,3.203454657618754,1.1835782883808177,52.0,0.42292421689250015,2.066315166210844,4.0
10,Processed,Awake,120,8,26,15743407620247156892,0.7657293494354261,0.6064870325697513,0.600932573116964,3.1823238188374794,1.1661842528280233,68.0,0.38349183998522657,2.0465338301869362,3.0
10,Processed,Awake,120,8,27,6786362585027365325,0.7426868183036116,0.632900208378849,0.6353731446642505,3.3552751874200037,1.2458566510388052,54.0,0.3909189538560975,2.0658737419945106,3.0
10,Processed,Awake,120,8,28,3086141290544262877,0.7730527395887317,0.6099592359972392,0.6091618383693821,3.228270842253349,1.1846292378400192,60.0,0.41022829574571223,2.068738723007974,4.0
10,Processed,Awake,120,8,29,2651358406138448844,0.7739235962143157,0.6043992176499448,0.5863668890376492,3.1254383266687173,1.154554965430424,54.0,0.39316959442302807,2.08642126538862,4.0
10,Processed,Awake,120,8,30,254014439262292883,0.7573942952092653,0.620203830207618,0.6031832136838946,3.262031084201985,1.201293543512122,63.0,0.40008310057477897,2.064746701611222,3.0
10,Processed,Awake,120,8,31,2089021757924640411,0.7186710034774566,0.655846493467537,0.6160638027746359,3.2678462103587607,1.2188871568686044,52.0,0.4125366450451282,2.0719378586748594,3.0
10,Processed,Awake,120,8,32,6831536462456875355,0.760004756090882,0.6182488534762103,0.6124396943745528,3.311263650546022,1.2461557801585614,54.0,0.39437570693197294,2.0746508803885853,3.0
10,Processed,Awake,120,8,33,1357783913926589467,0.7793198190314716,0.5946521176676643,0.6031370466979064,3.1434672762271414,1.1542243331507749,57.0,0.3823838323215069,2.0615083068881837,4.0
10,Processed,Awake,120,8,34,5657149930695538948,0.7216498414179509,0.6497043655569847,0.599766856720759,3.221037624744313,1.2016317672243237,68.0,0.4162300039241938,2.0805977038019963,4.0
10,Processed,Awake,120,8,35,18105184279865609742,0.7210407937506492,0.6569702367640176,0.5960504143486992,3.2498269460701024,1.2034976375794468,61.0,0.41727453198217956,2.0909458951447326,3.0
10,Processed,Awake,120,8,36,2167479426367559192,0.7116265099783329,0.668167254259877,0.5898178712402761,3.214227309893704,1.1999570845565262,46.0,0.4337619168532582,2.0773291324655223,4.0
10,Processed,Awake,120,8,37,8773430457713921672,0.7871215703045924,0.5842498835992312,0.6296138131622077,3.304318856381368,1.1963569883532,60.0,0.36492694074467347,2.053383556306014,3.0
10,Processed,Awake,120,8,38,15855101356881221654,0.7421963961377926,0.6358923584356234,0.5981394704646708,3.215686274509804,1.203931039801916,56.0,0.4030781837907712,2.076616619592686,3.0
10,Processed,Awake,120,9,0,14290531233952776768,0.6811189012655232,0.6950795065690513,0.5406961981487038,2.888224414303329,1.039977984151544,44.0,0.4759296876803398,2.151604487346726,4.0
10,Processed,Awake,120,9,1,9286670283678420853,0.6750533204786787,0.6956248107556616,0.5571431869070428,2.912513575479667,1.0410162074423317,54.0,0.49564876157060084,2.1659353406970294,4.0
10,Processed,Awake,120,9,2,12373723114416722440,0.6876203491397669,0.6958248052398965,0.559913206066342,2.890371782650143,1.0284987958467096,56.0,0.4914591075921608,2.162679668850627,4.0
10,Processed,Awake,120,9,3,10259238042233803148,0.6714169274031974,0.7012718218167004,0.5400152351053762,2.929376408715252,1.064403153090035,43.0,0.49043189215392075,2.1856338245505746,4.0
10,Processed,Awake,120,9,4,6699828064765672926,0.6516480067657898,0.7269462940854946,0.565407077398952,3.0230175871644556,1.1150762365319835,42.0,0.5070520071097159,2.180031758634379,4.0
10,Processed,Awake,120,9,5,2249963930310141417,0.6625728786201667,0.7204823082463367,0.5651531589760163,2.991568914956012,1.081329967735778,52.0,0.49546409362664756,2.2006459219767263,4.0
10,Processed,Awake,120,9,6,6749651131393131585,0.6637600698761953,0.7123398347017693,0.536529627663258,2.94737509510525,1.0725240688931699,52.0,0.47193624339235013,2.1634083754398032,4.0
10,Processed,Awake,120,9,7,15521774376622585613,0.6405122087570605,0.7150523547382108,0.5680501373467833,3.0756780402449695,1.1319455702410581,59.0,0.4414371782738164,2.160481274360278,4.0
10,Processed,Awake,120,9,8,14340573518237065014,0.6822926976926471,0.6971812503720517,0.5459476928048752,2.9046361682529938,1.0297221881056755,44.0,0.4722651831675169,2.146123990349313,4.0
10,Processed,Awake,120,9,9,12943899582361422987,0.710684213661842,0.67141294297248,0.5569123519771012,2.971182266009852,1.0779397239367448,56.0,0.4444726576025484,2.138078449879244,4.0
10,Processed,Awake,120,9,10,13400499465792764190,0.6904988121382363,0.6918671204884369,0.5366219616352347,2.868760412167582,1.0401177067424157,48.0,0.4541677246600956,2.1745137046861185,4.0
10,Processed,Awake,120,9,11,15586251088011443130,0.7149634478194267,0.6762490425488289,0.5533228688165093,2.89079835986493,1.0216473657905563,57.0,0.4936866646660973,2.1744700320268415,5.0
10,Processed,Awake,120,9,12,1932384462824000892,0.6924814062510144,0.6856860198379654,0.5776528704323538,2.9499587410114345,1.0460523078510746,57.0,0.46618845363680433,2.130690510101809,4.0
10,Processed,Awake,120,9,13,15801471048743402672,0.6221983453126777,0.7322236038125804,0.553138200872556,2.980225110378708,1.0867371852000232,52.0,0.4866750536691212,2.1651604621309373,4.0
10,Processed,Awake,120,9,14,11313764253126844666,0.6758980338911843,0.6990930687438889,0.5662265414002446,2.9557175563320883,1.0765967248132573,51.0,0.46261051222270955,2.1343788274136,5.0
10,Processed,Awake,120,9,15,3186112412289528480,0.7264480634718264,0.6589278029377083,0.532917061009672,2.9381482659879095,1.0566341631241472,53.0,0.47589506244084856,2.1654018853556707,4.0
10,Processed,Awake,120,9,16,5541415947455736727,0.6896766425952878,0.6805366046427017,0.5480713741603379,2.8511558090663462,1.0097831656574416,54.0,0.45948846979524943,2.142334391648281,4.0
10,Processed,Awake,120,9,17,5171542766356630029,0.6937329063053751,0.6898491798991944,0.5536922047044158,2.990648962034786,1.0956749934660985,41.0,0.46790240299162067,2.168958322187149,4.0
10,Processed,Awake,120,9,18,7475265400112263262,0.6999300247559703,0.686618007749438,0.545486022944992,2.90932594644506,1.0492812984568536,55.0,0.4704415872209783,2.186988598256204,4.0
10,Processed,Awake,120,9,19,6015155572580017666,0.674885216043163,0.6967876105678266,0.5891830751829367,2.953824788797593,1.065915468977429,46.0,0.5065787955033355,2.1817865486901624,5.0
10,Processed,Awake,120,9,20,4227036320592204319,0.6974229637526295,0.6817458181810132,0.5493178827820225,2.8612480461704943,1.022903283102535,49.0,0.45548925463401124,2.144052372803086,4.0
10,Processed,Awake,120,9,21,347835155761981191,0.6795650725174549,0.7033353213478639,0.5735440086793934,3.026185981365325,1.1190348229014369,49.0,0.49931326608342375,2.1860282971197575,5.0
10,Processed,Awake,120,9,22,14493433296410534847,0.6928066966266349,0.6887961586900293,0.5462246947208051,2.949027916251246,1.0748177733748974,50.0,0.4681101544285681,2.175683287289113,4.0
10,Processed,Awake,120,9,23,714674629344830901,0.6542010973218567,0.7133603612838382,0.5601440409962836,2.930499365980315,1.0669948670135616,45.0,0.46222386371505736,2.1739224839865376,4.0
10,Processed,Awake,120,9,24,3806941654639702701,0.7069218605954423,0.6748472741195013,0.5367604625931996,2.9585851517272093,1.089290438520162,49.0,0.4440225294891623,2.1556607738211975,4.0
10,Processed,Awake,120,9,25,6737326766284221380,0.661806224800788,0.703676787698035,0.5765102375291429,3.036843385214008,1.0750877791707154,47.0,0.4746774081854066,2.1611097974304405,4.0
10,Processed,Awake,120,9,26,2671388407380991782,0.6747173241019018,0.6992495642171357,0.5432815493640498,2.8357732393517683,1.0000864313574924,41.0,0.4842339742849888,2.149719468142341,4.0
10,Processed,Awake,120,9,27,9129343333185456344,0.6776479137039074,0.6998174762775582,0.5578818586828559,2.9355034616786106,1.0644379405966966,44.0,0.48038480182821264,2.157728297778584,4.0
10,Processed,Awake,120,9,28,4329030419171577706,0.708959434603563,0.6785494346426159,0.5586320722051661,2.931084600012112,1.0447645287486236,52.0,0.475162161538284,2.1559529732135845,4.0
10,Processed,Awake,120,9,29,5082494732398659366,0.7276576363589812,0.654726775805756,0.5613790078714711,2.9344796380090497,1.0506715782307408,55.0,0.4530193208836361,2.148828424395051,4.0
10,Processed,Awake,120,9,30,52650086689929516,0.6826052699564286,0.6871546117535794,0.5568084762586275,2.9624194043598404,1.0899410586056244,52.0,0.454086932434616,2.1442079734038204,4.0
10,Processed,Awake,120,9,31,6117718370625340810,0.7207288767611009,0.6708276390641866,0.5549387133261005,2.9159439626417614,1.0290625116309438,64.0,0.4688719096973754,2.1670756428037983,4.0
10,Processed,Awake,120,9,32,5195177128744806374,0.6480438752142689,0.7203379896291296,0.5422658756723068,2.961051238419361,1.0778142802103041,50.0,0.4719420142655987,2.165898617511521,4.0
10,Processed,Awake,120,9,33,8151908456588511862,0.6436695385947351,0.733070378359516,0.5617483437593777,2.9088572794644993,1.0181510484750407,53.0,0.5096431291983103,2.194111801242236,4.0
10,Processed,Awake,120,9,34,2083076607272941389,0.6470826152681285,0.7219433327123171,0.5719512476627964,3.0269989615784008,1.0856982297694155,54.0,0.46785623600563236,2.1546802742784243,4.0
10,Processed,Awake,120,9,35,471263941914382502,0.6268500582144457,0.7318571528472965,0.5470903257080861,2.981194968553459,1.0741756412985768,48.0,0.47340781607072785,2.1785685831894837,4.0
10,Processed,Awake,120,9,36,1048571132270444090,0.675669281199062,0.6960793924811726,0.5631333533390273,2.9399252832007714,1.0396215311905612,53.0,0.468450635950232,2.162648195017983,4.0
10,Processed,Awake,120,9,37,17552947179224317909,0.7145737423167736,0.6755877579475635,0.5593938274739734,3.04364481286109,1.0977304278602324,50.0,0.47884974954410103,2.1663881781630203,4.0
10,Processed,Awake,120,9,38,12166571006447663677,0.6833830734087205,0.6815995944898234,0.5510376030100875,2.9489190858554664,1.0752258571384339,49.0,0.4495106299485238,2.1338794071720133,4.0
10,Processed,Awake,120,10,0,5649471001178895086,0.7525771374961981,0.6254935775223147,0.5829389903280164,3.0525202465852774,1.0868205747950823,53.0,0.44023106576487153,2.1045299050982123,4.0
10,Processed,Awake,120,10,1,18266261616019975032,0.7461369711274787,0.6314802798077465,0.5638373998753491,2.9822355167572185,1.0725620639071625,45.0,0.41093811315528267,2.0874446691876996,4.0
10,Processed,Awake,120,10,2,1029572764371233710,0.7225235532597134,0.6482885805744938,0.5843586251471573,3.0223256924546322,1.0757798409475408,74.0,0.41330417118718404,2.0877740205223883,3.0
10,Processed,Awake,120,10,3,14586861835053952976,0.729358135637288,0.6457996869368275,0.565695621061379,2.991333536771437,1.0775584064412334,52.0,0.42826227464739963,2.0903918199487337,3.0
10,Processed,Awake,120,10,4,10207727484162359208,0.7018293278980401,0.6728192139753921,0.5966159599270562,3.107424105801022,1.1204634869737387,61.0,0.44458807506751924,2.1125370187561696,4.0
10,Processed,Awake,120,10,5,16653275561562869960,0.7166111908025353,0.6578143649841844,0.5760370259227626,3.0620896987545247,1.1236217439992746,51.0,0.4130213983980056,2.105495410684867,4.0
10,Processed,Awake,120,10,6,8475827895727836769,0.7237454732079117,0.6530069167795174,0.582719697144572,3.1254178531633032,1.1289980341699737,73.0,0.41502966228849747,2.084640134496652,4.0
10,Processed,Awake,120,10,7,8080275296277982929,0.7127393416841007,0.6613480140372425,0.5769834491355232,3.027005752346352,1.1003560652084767,47.0,0.4263578864753815,2.089158466236851,4.0
10,Processed,Awake,120,10,8,475029516255125774,0.7049689992516054,0.6593297117574433,0.5943884028531198,3.2395420519594893,1.1660824146934705,49.0,0.4243553934581381,2.093315873377363,3.0
10,Processed,Awake,120,10,9,6496287678159682981,0.74358083689699,0.6416609208549682,0.5789801712795181,3.0474454771885062,1.0702118782388512,55.0,0.43798042519794095,2.1096008450077828,4.0
10,Processed,Awake,120,10,10,18394743889102742264,0.7424317706975825,0.6387737485024038,0.5860898871217193,3.053150553150553,1.0909940555322253,51.0,0.4335714780360564,2.1023897470338033,4.0
10,Processed,Awake,120,10,11,16287861932073248546,0.7450203043254855,0.6356231537213035,0.5831352000184667,3.0138391791935097,1.0747643691020468,42.0,0.42930103183213686,2.0922795668682324,4.0
10,Processed,Awake,120,10,12,6626693016231356511,0.6690557193508115,0.6938309449959051,0.5615405923224303,3.033986031429284,1.092893519876743,53.0,0.4614909628124928,2.143711130173708,4.0
10,Processed,Awake,120,10,13,3318064315921812874,0.7211991713249319,0.6473212566334247,0.5790147965190092,3.0319714734679075,1.090276148118965,63.0,0.40663304171187187,2.091138414055081,4.0
10,Processed,Awake,120,10,14,9091438056636400160,0.7211924803498007,0.649057614694847,0.588352069435147,3.1648351648351647,1.14914972595898,54.0,0.41999261328224186,2.09252443933295,4.0
10,Processed,Awake,120,10,15,13357901278414495740,0.7226958267316307,0.6466775022743866,0.5563929733847326,2.954584456974749,1.0615557318220488,53.0,0.4427991043604718,2.1012706758681126,4.0
10,Processed,Awake,120,10,16,9125775196116005110,0.7118785948782663,0.6651536919524035,0.610015927610166,3.3438567632544602,1.2236908465001148,77.0,0.42608088455945153,2.0981244671781756,3.0
10,Processed,Awake,120,10,17,1876260549594708837,0.7199842870010099,0.6566558387682978,0.5726783776921124,2.9946285231456335,1.0429736566174055,56.0,0.4327750975277579,2.095596043145364,3.0
10,Processed,Awake,120,10,18,11738618300393597194,0.748963558059145,0.6264539260085294,0.6040719281641698,3.1775848460931333,1.1528537547031958,56.0,0.42385332748551513,2.086858928825117,4.0
10,Processed,Awake,120,10,19,907541905710273808,0.7035189877340229,0.6707677673346323,0.5809653516770158,3.0390629716838737,1.0783594676213077,53.0,0.43586828558897533,2.0985524158817483,4.0
10,Processed,Awake,120,10,20,4271203421205130328,0.7185806792280146,0.6486012492891996,0.5974700491678401,3.054221487993392,1.0999706967300351,55.0,0.42728122619514786,2.0803877493678,4.0
10,Processed,Awake,120,10,21,17058233630360294683,0.743259013556657,0.6319313725745415,0.5839315805267653,3.1174440815823528,1.1317011301448874,55.0,0.40471711179335657,2.0811620867707283,3.0
10,Processed,Awake,120,10,22,9174435326927689986,0.7160194331423457,0.6559228591374471,0.5702430691812285,3.1214935557240335,1.130411359117047,46.0,0.44759470003000856,2.1140123742811197,4.0
10,Processed,Awake,120,10,23,6743448881692998120,0.7333792971981007,0.6401189492034872,0.6126936127974885,3.1094775070290535,1.119512572526641,91.0,0.4355451166870571,2.084947097986132,3.0
10,Processed,Awake,120,10,24,7149586064601707392,0.7722885652047704,0.6049289585342587,0.5501604302763095,2.940773644271701,1.0413853990443331,42.0,0.4225202557651024,2.092543370773672,3.0
10,Processed,Awake,120,10,25,13885438150920504837,0.7389512257801043,0.6357334637816885,0.5927610165970315,3.0849351273426238,1.1269162535836386,49.0,0.4165358602063664,2.08188635708105,4.0
10,Processed,Awake,120,10,26,6292969618748147583,0.7604675850847017,0.6188991489713795,0.5928071835830198,3.1609329804911073,1.1438731880970827,70.0,0.41799589113824703,2.105153021187549,4.0
10,Processed,Awake,120,10,27,6559328094266408748,0.7597032603260588,0.6217353950691895,0.5782530412502019,3.1198082072358178,1.1307538949341909,58.0,0.41475843124581613,2.0866043432818486,4.0
10,Processed,Awake,120,10,28,17962176823856037021,0.7386278184989297,0.6390113626046019,0.5881904849841878,3.0668592405368,1.0961054078199954,56.0,0.44177188892223174,2.103481438738219,3.0
10,Processed,Awake,120,10,29,6919905828345623846,0.7578892876716821,0.6225934076646998,0.566699753006625,3.190590681655728,1.1826550924254486,71.0,0.4156356039795942,2.1046433476520265,4.0
10,Processed,Awake,120,10,30,4414931649885469331,0.7586934740542056,0.6260316214580662,0.5631102698460331,2.9782077890367478,1.050923634114584,58.0,0.4382689688603679,2.0808559607638983,3.0
10,Processed,Awake,120,10,31,13893523164396988284,0.7156977213537563,0.6490142606143426,0.5832506174834375,3.05877368198051,1.087672125119731,52.0,0.4255615059670829,2.08490245971162,3.0
10,Processed,Awake,120,10,32,9875804470779661259,0.7385441811288158,0.63494765303468,0.5692043119964914,2.978979160374509,1.0738665487120713,55.0,0.4222605664689181,2.0918551130678407,4.0
10,Processed,Awake,120,10,33,8121553639212855691,0.6799171030743282,0.6825838757532777,0.591826135130768,3.2114360869292917,1.1838919473688252,58.0,0.44378592368597214,2.121933721475677,4.0
10,Processed,Awake,120,10,34,8612999795344861291,0.7563462490016862,0.6218233181967258,0.5839084970337711,3.105647636586863,1.1281117528354885,56.0,0.39269061194339927,2.0742874561804605,3.0
10,Processed,Awake,120,10,35,2256934823471596116,0.7141145529726226,0.6669939902216334,0.5705085293506613,3.074196156477393,1.097457982565701,60.0,0.45449089356201383,2.1144820920367287,4.0
10,Processed,Awake,120,10,36,15349162392517905302,0.6764484379039852,0.6968237695276902,0.5783107499826874,3.0155272026961963,1.0588153509104874,55.0,0.48387040927033076,2.1258842321442155,4.0
10,Processed,Awake,120,10,37,9589862713928667555,0.7060209220527103,0.6713843590948186,0.5696198148703862,3.0917120841947003,1.1259041947361759,46.0,0.43786500773297016,2.106995084835189,4.0
10,Processed,Awake,120,10,38,187066746000728494,0.742832764022406,0.6344773539456809,0.5707393642806029,3.1694654531470325,1.1667176906571242,54.0,0.4275813116040719,2.105213808779656,4.0
10,Processed,Awake,120,11,0,17354738496061154244,0.6901653839672394,0.6626010584852086,0.6236236467302232,3.3837675350701404,1.2263143654940138,93.0,0.4767837769211237,2.1289167182024324,4.0
10,Processed,Awake,120,11,1,9206131860434186724,0.6837830147907299,0.6784099325496921,0.6637773827935644,3.552473902032244,1.2770114419028817,93.0,0.4774012603587175,2.117866926089962,4.0
10,Processed,Awake,120,11,2,5816615585889338582,0.7056787317434708,0.6571387900266193,0.6833291013596178,3.6839649057308197,1.2805056579225602,123.0,0.4895085524341543,2.152456354039789,4.0
10,Processed,Awake,120,11,3,5683665496757953172,0.7300045300452194,0.6418635541510721,0.6129359894739272,3.2844331745933575,1.195921911647888,59.0,0.43200757138570206,2.092756702356658,4.0
10,Processed,Awake,120,11,4,2801247372249815181,0.6979097677694859,0.658889592724628,0.6761155097989427,3.6635397123202003,1.2710817736778197,164.0,0.5217446504004986,2.1779244555791095,4.0
10,Processed,Awake,120,11,5,17030008901691419105,0.6994030232669445,0.6643702161972982,0.6174372706077884,3.3738647830474267,1.2208096854416748,67.0,0.44004639782091826,2.0975133410353743,3.0
10,Processed,Awake,120,11,6,14771769295594105382,0.6731447529588657,0.6941789485229439,0.6189376976524088,3.3640298601091523,1.2200137562965214,57.0,0.4737367558458946,2.142920538790853,4.0
10,Processed,Awake,120,11,7,13267794422373479283,0.6955054653823799,0.6694177077359661,0.6393665889522403,3.5347115875446655,1.2825966151844734,138.0,0.4634011218577595,2.11555180862555,4.0
10,Processed,Awake,120,11,8,13696132791644320,0.6806619039879384,0.6725146213475348,0.6205189169225087,3.3641824666791815,1.2349411029520827,64.0,0.42588467486900117,2.0909193936818244,4.0
10,Processed,Awake,120,11,9,2338960009164647860,0.6991924330332148,0.6722748173649975,0.6303986519240091,3.4168908351579605,1.2505560504161892,63.0,0.44918746104660556,2.1020551459666748,4.0
10,Processed,Awake,120,11,10,13397635598253331489,0.7294232814550655,0.6368022808994804,0.6073267006763463,3.2854645354645355,1.1961179951928917,57.0,0.431557443272316,2.094030017921147,3.0
10,Processed,Awake,120,11,11,11537346599119264678,0.6927649389567216,0.6738861378950198,0.6222040119110824,3.401627965673902,1.2389842696299718,56.0,0.4638454790978971,2.1359819293117193,4.0
10,Processed,Awake,120,11,12,6201303500117300082,0.7061835004442352,0.6574767310355122,0.6138939544331848,3.2875332220780025,1.2090551871591724,62.0,0.4007063548856213,2.0786109863792843,4.0
10,Processed,Awake,120,11,13,15030552350135935368,0.7051559140140646,0.646867512787866,0.6468225571893539,3.442171856765555,1.2335914866288498,80.0,0.4515477482052584,2.0929224843524312,4.0
10,Processed,Awake,120,11,14,17235909884740908564,0.7136380202793368,0.6575074237437544,0.6268553357494056,3.417138542846357,1.2425038333517175,61.0,0.4395904988342836,2.103440658308941,4.0
10,Processed,Awake,120,11,15,10489876864757384859,0.710867733377953,0.6569667901395821,0.6438447865931073,3.490645141105062,1.2453488399243082,162.0,0.45097066088040444,2.1161720103986137,4.0
10,Processed,Awake,120,11,16,594031960313493105,0.7460194463956037,0.631467140118916,0.6426098197179198,3.4130448108870226,1.237389689901271,74.0,0.4072043581634773,2.071514546575463,3.0
10,Processed,Awake,120,11,17,5798636925135250240,0.7278945026664275,0.6304263621770355,0.6954479351815517,4.232282081899276,1.3619074422432047,141.0,0.47955379608042287,2.1906205514841566,5.0
10,Processed,Awake,120,11,18,13999167992686810761,0.6568621115847154,0.6926528444567324,0.6488423628263429,3.4541935483870967,1.2228927430408199,55.0,0.49248632303040096,2.140832350801495,3.0
10,Processed,Awake,120,11,19,9568444347295719176,0.648088192680558,0.706411866076128,0.6243738602525334,3.3552688705575884,1.2414314996760667,57.0,0.4596731377392027,2.1162623874173065,4.0
10,Processed,Awake,120,11,20,17332999494817132018,0.7205693893344927,0.6417592494665684,0.617379561875303,3.311111111111111,1.2015915716027525,68.0,0.39564529904665174,2.077293661374379,3.0
10,Processed,Awake,120,11,21,11899676851178307972,0.6693218250178145,0.6902249311658231,0.6230696428983634,3.4014239808455673,1.2309144796783382,57.0,0.48262390064864613,2.127906976744186,4.0
10,Processed,Awake,120,11,22,9167723583923789371,0.6751231677101303,0.6826064076502507,0.6086424597770135,3.258403361344538,1.1926205600236988,73.0,0.46482075667690037,2.1215856710127747,4.0
10,Processed,Awake,120,11,23,12406506043503769396,0.6422379653303607,0.6973615280884355,0.645541423328178,3.4739751552795033,1.248935539069115,102.0,0.5185071905080677,2.151504992696535,4.0
10,Processed,Awake,120,11,24,10380498035819934274,0.7099938282824132,0.6599031282606693,0.6080076637196741,3.321291217451611,1.2262275333372417,58.0,0.44092357055469633,2.117537830497201,4.0
10,Processed,Awake,120,11,25,399594980286999082,0.7112248151497114,0.6615744132674227,0.6119433992751783,3.3158223889931207,1.187714032303134,63.0,0.45669536714295605,2.1165552286707676,5.0
10,Processed,Awake,120,11,26,17344624481247928752,0.6932575183799232,0.6701202914746958,0.6365965697929411,3.4944247339077545,1.281311136564681,74.0,0.48096188915306665,2.126965087790935,4.0
10,Processed,Awake,120,11,27,4634592105499182267,0.675798289278648,0.6865266248370647,0.6344036379584959,3.42445953523145,1.2580258957690174,65.0,0.4811119318575287,2.1323085579825056,5.0
10,Processed,Awake,120,11,28,11186906444125063513,0.6510826064697413,0.6950698647725047,0.6499388287435655,3.4064484907144155,1.2449187132130102,66.0,0.47580849934212044,2.1258766501650164,5.0
10,Processed,Awake,120,11,29,6170964947632769762,0.730473789372867,0.6444795440859536,0.6173449366358117,3.382319463766283,1.257082260041101,75.0,0.41080538307056624,2.083045590214783,3.0
10,Processed,Awake,120,11,30,6873911792199921673,0.6635123755323021,0.6970989068668808,0.6131668244038688,3.3289053198821983,1.2132747984405254,58.0,0.46921239121903924,2.128399780110468,4.0
10,Processed,Awake,120,11,31,12182166628244672338,0.7148691645111604,0.6554435874620236,0.6527780983818472,3.3934121317573647,1.222278146439182,143.0,0.48381270053784536,2.141047577700028,4.0
10,Processed,Awake,120,11,32,9467363376425489102,0.7028548929056179,0.6662460908617414,0.6537245215946077,3.3642195295794726,1.196000346936654,89.0,0.48489185383532235,2.118875299457824,5.0
10,Processed,Awake,120,11,33,5688138684205730750,0.6847497420001405,0.6759849788807061,0.6279633434131253,3.4450706008991325,1.2753359749221618,66.0,0.4628990558851365,2.1144853038091473,3.0
10,Processed,Awake,120,11,34,9930863885801631533,0.6721423085866114,0.6912477333972712,0.6436139516631657,3.3973437309613743,1.2136795911870548,145.0,0.5149177073474758,2.1717658512839235,4.0
10,Processed,Awake,120,11,35,12546908345701037242,0.6919803121153274,0.6671132173484831,0.6100967198356455,3.3989197530864197,1.243435863052543,63.0,0.42400337018997714,2.081506034336223,3.0
10,Processed,Awake,120,11,36,13204553820976648169,0.7063364009915694,0.6548797238481825,0.6672629902356825,3.5618877456718625,1.2567875478629942,132.0,0.5102548417626556,2.1994228999278627,4.0
10,Processed,Awake,120,11,37,6135401755815886630,0.7059248886939649,0.6596173450239828,0.5972507559843956,3.3365787607195823,1.2281320781765463,66.0,0.42823342028115696,2.091193462026208,4.0
10,Processed,Awake,120,11,38,16385619477121691539,0.6695914661566014,0.6790646017187876,0.6155675076752615,3.3231977070222443,1.215660607177221,55.0,0.4424239975993167,2.108324395676924,4.0
10,Processed,Awake,120,12,0,12157060787954931115,0.5793720295339837,0.7911175162919899,0.5275847741280211,2.947385389128893,1.1047145469780233,37.0,0.5310588398236421,2.3375923997256587,7.0
10,Processed,Awake,120,12,1,4965850951525348092,0.5296251461007873,0.8158070964053157,0.5214676484845687,2.8856741393625853,1.0779161222505853,38.0,0.5319764086701599,2.3104087821749917,5.0
10,Processed,Awake,120,12,2,9203427798289432735,0.5495127534305186,0.803422118748732,0.5177396643660118,2.861571829548354,1.041471777251122,46.0,0.5517416495464094,2.3088142960637525,5.0
10,Processed,Awake,120,12,3,6761070576595043558,0.5525172932575431,0.8015424525510273,0.5190092564806906,2.848780487804878,1.0478236299852262,53.0,0.5341635696313566,2.3184550646227833,9.0
10,Processed,Awake,120,12,4,501353317547245559,0.5657620973354878,0.8083054012417424,0.5098797350015004,2.868077647211582,1.068583706627876,48.0,0.5424390018697629,2.333449183258031,6.0
10,Processed,Awake,120,12,5,13796457084326707825,0.5443782110385939,0.8102782637323058,0.518328293437363,2.881737679671458,1.058521629316714,59.0,0.5368124004524365,2.3068395992461066,5.0
10,Processed,Awake,120,12,6,9663904469797408207,0.5378832406323109,0.7982482558659876,0.5036587336395744,2.8577603143418466,1.064008286853046,45.0,0.5121996260474135,2.2560113873214376,5.0
10,Processed,Awake,120,12,7,9895480876727656705,0.6072764822761065,0.7707001417683507,0.512719004639782,2.918917143044878,1.0717938625526584,47.0,0.5261535975623831,2.3103081289276304,4.0
10,Processed,Awake,120,12,8,18156311272982139437,0.5681081672439497,0.7902551258359428,0.5037395258650539,2.8522415370539798,1.055666570456689,39.0,0.5092333971976639,2.2683735636616027,4.0
10,Processed,Awake,120,12,9,7324093218188123257,0.5691734682934366,0.7886348852348979,0.5286235313127583,2.9172611464968154,1.1001757269820713,41.0,0.5302220632026038,2.3125849484017116,5.0
10,Processed,Awake,120,12,10,17397891979861866737,0.5983093735438411,0.7771918511767114,0.4931672860737287,2.857171514543631,1.054821410987854,36.0,0.5099836107199741,2.319353314786625,5.0
10,Processed,Awake,120,12,11,13647834634013386847,0.5684862274425027,0.7936255390267781,0.5163777382793564,2.867397295391912,1.0509142465678312,50.0,0.529818102075206,2.2701399535136737,5.0
10,Processed,Awake,120,12,12,5747053169053415243,0.5747666409253136,0.7958155089464931,0.5125805036818172,2.9150639973744665,1.0846126917572394,50.0,0.5382262643983288,2.3100510229355526,7.0
10,Processed,Awake,120,12,13,3217153996782569340,0.5640983163724456,0.7900219916658023,0.5149119364742273,2.9480605299676204,1.100411341786249,50.0,0.5343540084485584,2.2943406511720106,4.0
10,Processed,Awake,120,12,14,11251175047147683589,0.6191175787903197,0.7578293954448544,0.5055169548256042,2.8998278601694913,1.0762913416972641,45.0,0.5116109969760624,2.2945363252840543,5.0
10,Processed,Awake,120,12,15,1148402774230706527,0.6159609068614222,0.7631472739991776,0.5008194640012926,2.8993719096619004,1.0766718528190247,45.0,0.5084139331963713,2.2475636512066943,4.0
10,Processed,Awake,120,12,16,2993978922299636733,0.5728287236116187,0.7837054662447297,0.5177050391265207,2.8521014815285812,1.044655972803978,57.0,0.5265229334502897,2.255742082231068,4.0
10,Processed,Awake,120,12,17,16922473803547456179,0.5029139639157953,0.8214243446566754,0.5163431130398652,2.9374261326329614,1.080245566094604,54.0,0.5294949331732878,2.3009579697060887,4.0
10,Processed,Awake,120,12,18,3641223057159682559,0.5453478715436074,0.8071410783292928,0.5102721543824011,2.9145625947656404,1.1014229380155527,49.0,0.5396228157244755,2.3073013053026377,5.0
10,Processed,Awake,120,12,19,16678526693761142714,0.5374822160802295,0.804641217805083,0.5164700722513331,2.8717751251443975,1.0770869103023306,37.0,0.5135846356270631,2.2422211584490186,4.0
10,Processed,Awake,120,12,20,11664540907197995228,0.5972641056324848,0.7775763936036229,0.5118879988919923,2.9293923381770144,1.086900393515152,52.0,0.5229392211629463,2.252417290149387,5.0
10,Processed,Awake,120,12,21,15099833284698461896,0.5607462462204527,0.7900508617958827,0.5071789663211838,2.86909114651345,1.0746667446355314,55.0,0.49583920038780266,2.2563880354000894,6.0
10,Processed,Awake,120,12,22,3420504593342842607,0.5459991576383622,0.8071593798490462,0.5252879665751021,2.8984842695198063,1.08176015635003,57.0,0.5324092241638004,2.323469413453547,5.0
10,Processed,Awake,120,12,23,13920696879527447710,0.5943727173876167,0.768761332574315,0.5250917568846518,2.9169070975187537,1.0869242426206969,41.0,0.4982283419126982,2.260315216253011,4.0
10,Processed,Awake,120,12,24,14604753279432664323,0.4951115718898101,0.8276394612477078,0.4957872625285658,2.8053814002089865,1.0207193297384647,42.0,0.5339615890676577,2.3199027178818574,4.0
10,Processed,Awake,120,12,25,15362607845746896494,0.6185026468441044,0.7689848951267291,0.5098451097620091,2.941795418220565,1.1003494661098345,44.0,0.5208501650469749,2.3079578581291873,5.0
10,Processed,Awake,120,12,26,140909379469289344,0.5617123598555206,0.8054256279867975,0.5154197733200988,2.9574172185430463,1.128039221883038,40.0,0.5223390503450982,2.31065557030532,7.0
10,Processed,Awake,120,12,27,1013045084211433796,0.5640048218331905,0.7896222454431651,0.5143579326423674,2.9803383936333847,1.1394839106438936,47.0,0.5039819025414926,2.2746854895423647,5.0
10,Processed,Awake,120,12,28,16492512836928795553,0.5850368279192756,0.7849920398193585,0.5012349668751875,2.8518518518518516,1.0594718773223195,44.0,0.5270365411694098,2.300891867378817,5.0
10,Processed,Awake,120,12,29,8258049029954928571,0.5436253125119607,0.8064998494304388,0.5168624916322337,2.9454091028676666,1.0999597129189898,49.0,0.5336788162784792,2.298103923858751,8.0
10,Processed,Awake,120,12,30,4320982661010924952,0.5657574793577533,0.8010622536175511,0.5409732000646338,2.9915113607352564,1.1271690207900074,53.0,0.5296853719904896,2.2726057244726157,8.0
10,Processed,Awake,120,12,31,8034800396169402287,0.5720690751102482,0.7930645171210721,0.5130190900487062,2.888174139051332,1.0675532516796578,50.0,0.5227776367119873,2.327688987101084,5.0
10,Processed,Awake,120,12,32,8438093208290926851,0.6329029977328109,0.7504862030039028,0.5400614020913644,3.016114477246358,1.1348126554676037,58.0,0.5058747489670137,2.250057753022408,4.0
10,Processed,Awake,120,12,33,3442834666855823611,0.5679968992998816,0.8004432402566422,0.5268576440987051,2.918856704392864,1.0747055284358458,52.0,0.5439971376468687,2.2870660164495233,4.0
10,Processed,Awake,120,12,34,8544951830873459819,0.5614815999932629,0.7960075765678564,0.5153736063341104,2.8390768056968465,1.0481732521964051,53.0,0.5194478428475797,2.273949070331447,4.0
10,Processed,Awake,120,12,35,3340165781137142510,0.550946412196743,0.7995417223093993,0.5145195170933266,3.007420899952776,1.1384530245408069,53.0,0.4956545324438494,2.272075551558119,6.0
10,Processed,Awake,120,12,36,12710506822281934027,0.5626108414820845,0.7970083936988892,0.5236952055585051,2.885468998410175,1.0624704569181818,50.0,0.5290621176796473,2.3096767692036377,6.0
10,Processed,Awake,120,12,37,16874042257916407720,0.5662985125649028,0.788345809371452,0.5156621499965375,2.8588431021243923,1.0320670529639522,43.0,0.5197594700030008,2.2590483834558177,4.0
10,Processed,Awake,120,12,38,10514446553962515524,0.5149705450207054,0.8256054805742223,0.5175434546755615,2.9092973463958995,1.0834350972983708,49.0,0.5361372082823573,2.303195577261571,5.0
10,Processed,Awake,120,13,0,13319595453540677097,0.7388386062742617,0.6517302027009705,0.52802336049491,2.847034663015745,1.0358609177199756,40.0,0.4081103852634981,2.1061111442015608,4.0
10,Processed,Awake,120,13,1,8638872227111831894,0.6861184034365496,0.6889394415024414,0.5573971053299785,2.9584660622396473,1.0727346015017012,47.0,0.40621753883797695,2.087452922511195,3.0
10,Processed,Awake,120,13,2,10451164835563443246,0.671100124503048,0.7029439449824744,0.5276540246070035,2.991950261780105,1.1267432777341455,46.0,0.4334849149373283,2.137134403095482,4.0
10,Processed,Awake,120,13,3,5322470545987396224,0.6873145307094801,0.6905321307687473,0.5350292006186376,2.960153256704981,1.1028815400394918,49.0,0.42108330832621593,2.092663760468051,3.0
10,Processed,Awake,120,13,4,2664852038981047005,0.7441787328721614,0.6353825976633813,0.5209251863992059,2.855497912185246,1.035138970838327,47.0,0.42774866692827956,2.0987626355579465,4.0
10,Processed,Awake,120,13,5,17204165504065263402,0.679997277093443,0.6956216807738413,0.5524572378292283,2.9979957409495177,1.106534160139314,57.0,0.4515015812192701,2.1161419452558694,4.0
10,Processed,Awake,120,13,6,941337737841438401,0.6347792204025916,0.7243909584062412,0.5381685556658433,2.8846820094036127,1.0572920756643405,54.0,0.4225202557651024,2.098661392495772,4.0
10,Processed,Awake,120,13,7,12632801299874368855,0.6986808580742832,0.6780515286364666,0.5386533090187207,2.9519291587602785,1.0885607531415107,50.0,0.4361337457584082,2.0963938973647713,4.0
10,Processed,Awake,120,13,8,8801503227026228283,0.6974148563241926,0.6792846416346294,0.5318205950924494,2.8689371770126395,1.033766160679689,51.0,0.46031947554303915,2.115584553363038,4.0
10,Processed,Awake,120,13,9,15362472656670682695,0.7062691964806,0.6656751464625004,0.5499757623323561,2.925527996070727,1.0456535115819743,53.0,0.43411971099466773,2.0797898811169477,4.0
10,Processed,Awake,120,13,10,5177275280634953378,0.6817688709355443,0.6883425951188754,0.5581242353592946,2.9369571819010023,1.0919092988087171,49.0,0.42234135869439765,2.080774479699761,4.0
10,Processed,Awake,120,13,11,11315035863070484495,0.7128171333056778,0.6703415324808216,0.5469056577641329,2.987893309792547,1.1085556213282683,48.0,0.4087105560813462,2.0967818337922255,3.0
10,Processed,Awake,120,13,12,14313703675699402575,0.6877203980715118,0.6954555618196376,0.545901525818887,2.876832309470227,1.0532268576199093,47.0,0.45012234251286903,2.1132213492278513,4.0
10,Processed,Awake,120,13,13,11035215454532487011,0.6851162313659085,0.6967994476211731,0.5333094803905727,2.894812680115274,1.06227740660085,63.0,0.4468387156344498,2.1115928986337233,4.0
10,Processed,Awake,120,13,14,118994856551965130,0.7230747524566019,0.6578176118917226,0.5495718012049583,2.9514659393789127,1.0788105222520439,48.0,0.4410332171464186,2.085068070826399,4.0
10,Processed,Awake,120,13,15,13370925521687746525,0.6752450937310477,0.7027631447847419,0.5684656402206782,3.0796598511848936,1.146895000908291,51.0,0.4454248516885575,2.1017590676396907,4.0
10,Processed,Awake,120,13,16,16635002046941830447,0.707629150630668,0.6702666328204252,0.5410539922901133,2.8872875092387287,1.0508538323918477,47.0,0.42624246901041063,2.1024451339273007,4.0
10,Processed,Awake,120,13,17,1019596649080642293,0.7090382747962225,0.6718993273186147,0.530031624385402,2.927082669386194,1.0622390135193736,47.0,0.4587901941321761,2.1333387001556376,4.0
10,Processed,Awake,120,13,18,17702014571210909905,0.7310642484417833,0.6541045250974641,0.5386763925117148,2.9091815745184815,1.0697432473515367,51.0,0.4395501027215438,2.1050493325594895,4.0
10,Processed,Awake,120,13,19,7856858858413560313,0.7149813129958773,0.6722869375342033,0.5334018143625493,2.8871743612169674,1.0475491185271464,51.0,0.43525080215138157,2.11266106442577,4.0
10,Processed,Awake,120,13,20,15591666330447085716,0.7263650413466766,0.6621852259904881,0.5301239583573787,2.848434108527132,1.0167224230288572,52.0,0.43357724890930494,2.08081535436342,3.0
10,Processed,Awake,120,13,21,2921194951311377607,0.7170418806606388,0.6640041892938746,0.5531728261120473,2.973200992555831,1.0937251891008666,45.0,0.4137773827935643,2.0891899766899766,4.0
10,Processed,Awake,120,13,22,3101657808075324459,0.7121544090952834,0.6683015127084794,0.5426236698137162,2.84795250787497,1.0232791542360877,51.0,0.44012719004639783,2.111021922054916,4.0
10,Processed,Awake,120,13,23,16508964488245952985,0.6805523822284392,0.7007999100076907,0.5516723990674269,3.008623402782149,1.1208262564317482,56.0,0.4406119433992752,2.1041448492531556,4.0
10,Processed,Awake,120,13,24,1593604744261899257,0.715669697408759,0.6664375966782212,0.5540846240853166,2.903005381870956,1.0470344212353238,50.0,0.4380208213106807,2.071561135371179,3.0
10,Processed,Awake,120,13,25,2203084356865385296,0.7088110112614417,0.6684471704940742,0.5326977678262275,2.9572627667072466,1.0807427495659123,47.0,0.40248955471942016,2.0780323570598576,4.0
10,Processed,Awake,120,13,26,4284635232434785740,0.7016920698266648,0.6744536345543304,0.5503681817132569,2.9227704566349986,1.0639624895601332,55.0,0.42359940906257937,2.104624824382831,3.0
10,Processed,Awake,120,13,27,5571510568168650167,0.7203376230575187,0.6583614484451891,0.5283349876503313,2.856180195919386,1.0290170201533786,49.0,0.44094088317444197,2.1021817481497784,3.0
10,Processed,Awake,120,13,28,6014763598048204502,0.6749010773706772,0.6951656427900653,0.5617483437593777,2.9896191646191648,1.1181471356238326,47.0,0.41695713395350986,2.0867606284658042,3.0
10,Processed,Awake,120,13,29,16663524230060527122,0.713607194112726,0.6660870370961313,0.5320745135153852,2.956834070938362,1.0934934016056825,50.0,0.4204023452828882,2.0898789374031788,3.0
10,Processed,Awake,120,13,30,11696123069731687391,0.6969939096244893,0.6729646844301412,0.5390111031601302,2.932927212208755,1.073318903232437,50.0,0.42287804990651184,2.086444007858546,4.0
10,Processed,Awake,120,13,31,2555147525892211017,0.6880155642425717,0.6864201564495124,0.554003831859837,2.9837757195250822,1.1008433035460414,55.0,0.4108284665635604,2.0662932110411285,4.0
10,Processed,Awake,120,13,32,1142947401135662317,0.7402177540093215,0.6444485472384188,0.54533598024053,2.9345382274392895,1.0688725452720003,51.0,0.41096696752152534,2.064892136395268,3.0
10,Processed,Awake,120,13,33,3919546572833088416,0.6404488961670015,0.7110904301614567,0.5439740541538746,2.977321541377132,1.0995517805667854,43.0,0.4286893192677916,2.1026635342070255,4.0
10,Processed,Awake,120,13,34,14777268547804859743,0.6167569373735788,0.7350972717153792,0.5570623946815633,2.9336858740578653,1.08531095841057,54.0,0.44321460723436673,2.1159324462076756,4.0
10,Processed,Awake,120,13,35,208827714316744805,0.6943382752785204,0.6789817852357053,0.5410424505436162,2.8695519098922624,1.0447154764307274,57.0,0.4283719212391219,2.090161626400856,4.0
10,Processed,Awake,120,13,36,10064271896409306107,0.7190884065026353,0.6643679900606979,0.5330209367281457,2.922726409720904,1.061022494817255,50.0,0.44794095242492094,2.0894505908638186,4.0
10,Processed,Awake,120,13,37,6615149005228488287,0.6838381760773004,0.6946622055565579,0.5471249509475774,3.0195553856933564,1.1170529188735259,52.0,0.4241130167816994,2.091941590048675,4.0
10,Processed,Awake,120,13,38,12180266485839382767,0.685896993898511,0.6946400964865508,0.541584912628979,2.995276394740202,1.1201974163394137,57.0,0.42489785554350085,2.097066362859584,4.0
10,Processed,Awake,120,14,0,16687412547607233813,0.6970824180246521,0.6622405212706294,0.5974354239283488,3.2955370217100657,1.240416086154105,52.0,0.40766025715011195,2.0697626721359508,3.0
10,Processed,Awake,120,14,1,5302255893851532959,0.7060296441163965,0.6642483573016439,0.6009671983564553,3.3129095883438313,1.2323171061783926,58.0,0.4445592207012765,2.1108949416342413,4.0
10,Processed,Awake,120,14,2,9313123604297569344,0.6946910992267816,0.6626329326443596,0.5971353385194248,3.275945038941303,1.2036547738829175,63.0,0.452644214122481,2.0984536358285624,3.0
10,Processed,Awake,120,14,3,809180563021253746,0.6849281506525587,0.6805294560402186,0.5987858082685071,3.2561350655871464,1.21086012450416,72.0,0.448604602848503,2.1065524903799253,3.0
10,Processed,Awake,120,14,4,12608175976212390677,0.6664058586407045,0.6952545114807289,0.5905911682555804,3.26027397260274,1.2187131422265658,69.0,0.4506648045982318,2.111021003973725,4.0
10,Processed,Awake,120,14,5,13849179327625497442,0.7395417204591288,0.6335196255261755,0.6058839823642114,3.423214867949136,1.2713243084729604,54.0,0.3988769880658341,2.061838140977836,3.0
10,Processed,Awake,120,14,6,1805691299144876949,0.6864602697334882,0.6743723884359912,0.6039680524456961,3.2538863325457035,1.1849834169905682,51.0,0.4573590175665382,2.094534594851736,4.0
10,Processed,Awake,120,14,7,9699862391352377652,0.7023420677910672,0.6602564902113437,0.5880058170402346,3.2211684370257965,1.1639408321141247,74.0,0.44241245585281963,2.0867494147748924,3.0
10,Processed,Awake,120,14,8,8435780713204518870,0.6423676864818072,0.7064067015303988,0.6213614644167955,3.3365974589401923,1.2361202080120846,64.0,0.4458230419427068,2.09071473031853,3.0
10,Processed,Awake,120,14,9,6280799454057806060,0.7216495130096544,0.6498025984993334,0.5868285588975324,3.3022017276092743,1.2293702134916298,47.0,0.4155086447681263,2.0698269418731674,3.0
10,Processed,Awake,120,14,10,17405798263434391499,0.7519155082672153,0.6232399962227458,0.5791532974769742,3.226115468689726,1.1706765741778113,64.0,0.413367650792918,2.067363195566844,3.0
10,Processed,Awake,120,14,11,10908409997663731617,0.688022869791148,0.6754183493222792,0.5924263059486161,3.2894770571648295,1.2247010608194415,45.0,0.4325154082315736,2.0677592010152845,3.0
10,Processed,Awake,120,14,12,4830270327790694169,0.6842111868510056,0.6782218724804525,0.5918492186237622,3.255809523809524,1.2327766183020292,40.0,0.453509845109762,2.0898864452304338,4.0
10,Processed,Awake,120,14,13,11764604357810598698,0.7412063257902133,0.6294315670711395,0.5777913713903188,3.243132935993781,1.1752771227267667,57.0,0.42061586759308417,2.083230914339612,3.0
10,Processed,Awake,120,14,14,11429346230707406531,0.6741545070146778,0.683765855854891,0.5794649246323954,3.270323084940073,1.2283864741721977,59.0,0.44440917799681445,2.0674112056699507,4.0
10,Processed,Awake,120,14,15,4470611690561078828,0.6875797596942227,0.6726230961628036,0.5960734978416934,3.3112136949413347,1.2226845047592036,67.0,0.4360125574201888,2.074177785098556,3.0
10,Processed,Awake,120,14,16,12214763092159390662,0.6999713367939875,0.6613992859292165,0.6068304055769719,3.2541313362629203,1.199771653267576,65.0,0.43418319060040167,2.0729872706232437,4.0
10,Processed,Awake,120,14,17,2351422924596345358,0.7290091971321364,0.6460268964844247,0.5802382216476998,3.204346994709669,1.1780481422280933,53.0,0.4188557512522795,2.0783151504739,3.0
10,Processed,Awake,120,14,18,117684093201992178,0.6680059232709943,0.6871461531714634,0.5924724729346045,3.4532795156407667,1.2899400729927233,50.0,0.4256711525588052,2.0967622729469286,4.0
10,Processed,Awake,120,14,19,1979190116196608883,0.7297928562111345,0.646845576344909,0.5814039380439048,3.158640581891146,1.143357117537043,54.0,0.42345513723136585,2.066054735893682,3.0
10,Processed,Awake,120,14,20,7519768681231786838,0.7109972702839292,0.6606057494355305,0.5969391288289744,3.3469229275868764,1.2372950560918332,54.0,0.4214526442141225,2.081604150039904,3.0
10,Processed,Awake,120,14,21,8829166689776535673,0.6941846683491758,0.6642138962690995,0.6081115394381478,3.424856994279771,1.2694939647668066,58.0,0.4254576302486092,2.088467748788986,3.0
10,Processed,Awake,120,14,22,16134355615578938628,0.6650413510343781,0.6947154365711996,0.5859398444172572,3.3694166058273045,1.2572202862730693,66.0,0.4466829020567392,2.102428292046936,3.0
10,Processed,Awake,120,14,23,1003783582642200960,0.7131348947782392,0.6542457564414552,0.5959003716442373,3.3047430071049093,1.2367895664473607,49.0,0.4139331963712749,2.07853023848851,3.0
10,Processed,Awake,120,14,24,9538107976490593224,0.7256224767629098,0.6457094073967257,0.6014404099628355,3.3543611200514967,1.240106424421583,58.0,0.4194212968306364,2.0650963232369155,4.0
10,Processed,Awake,120,14,25,13270663902684308653,0.6968739618691188,0.6717771426097857,0.5892407839154221,3.2770396045959305,1.2150501275606904,62.0,0.4482641213268392,2.101707297275359,4.0
10,Processed,Awake,120,14,26,3961393719041749432,0.6679999999258937,0.6898141144567413,0.5921954710186745,3.3731510091381236,1.2543899272553523,65.0,0.4309688142009649,2.0844614396963186,3.0
10,Processed,Awake,120,14,27,1427094150891420746,0.7288379814817856,0.6420448387180359,0.5902218323676739,3.3627934503846912,1.2675189652571424,53.0,0.3926098197179197,2.0642332665817102,3.0
10,Processed,Awake,120,14,28,2126151253959511958,0.7325164641693662,0.6390127866096759,0.5856628425013273,3.2984269370774832,1.2294113652564043,68.0,0.4265829505320745,2.076112905490802,3.0
10,Processed,Awake,120,14,29,13247606731372743655,0.6922039093914479,0.6670372558397988,0.5894254518593753,3.3095068368867864,1.228035558880825,54.0,0.4513977055007964,2.085811045038799,3.0
10,Processed,Awake,120,14,30,10672330382921237767,0.7201005445768319,0.6514985357503001,0.6033101728953625,3.338144198224663,1.2342286995727785,58.0,0.4408254657094712,2.0956352363446817,4.0
10,Processed,Awake,120,14,31,17471645853854443414,0.7054952858386261,0.6648506119698682,0.5982087209436532,3.314150521133065,1.2194253364118923,57.0,0.4407446734839916,2.092782375184962,3.0
10,Processed,Awake,120,14,32,3309463035230394122,0.6723244393986179,0.6887742199586755,0.6211883382193394,3.3826283703098485,1.2460753447220794,64.0,0.4639608965628679,2.1017175123519722,4.0
10,Processed,Awake,120,14,33,4289102590786346854,0.7107657721751939,0.6587018294116807,0.5876133976593338,3.3448525064056236,1.244795356257193,69.0,0.4464001292675608,2.0879963289875025,3.0
10,Processed,Awake,120,14,34,13105760421587441301,0.6905279556483829,0.6735256056530522,0.5899909974377323,3.319781789842837,1.2352346659457816,70.0,0.4279102513792387,2.078253314274503,4.0
10,Processed,Awake,120,14,35,9214765802809104715,0.7103908158807886,0.661966728339936,0.5707624477735971,3.164928,1.1695200924303462,50.0,0.4344313381500889,2.0773773387052263,3.0
10,Processed,Awake,120,14,36,9253173204832459858,0.7115935616117652,0.6608002096157115,0.6048798504189654,3.2740675954270007,1.1917201915188715,53.0,0.44637127490131806,2.090005133886352,3.0
10,Processed,Awake,120,14,37,5499742211776019246,0.7074533097914105,0.6570520421424215,0.604683640728515,3.3066776066649837,1.2086414110239876,54.0,0.44492855658918307,2.0917846871778174,3.0
10,Processed,Awake,120,14,38,14160016824702994374,0.7113193287554006,0.6556714204755001,0.5910182128759723,3.2661691542288556,1.2146638373977914,52.0,0.423766764386787,2.07687303787086,4.0
10,Processed,Awake,180,1,0,17022420456091352548,0.7210954468917548,0.6421589271822303,0.6039798021747608,3.227093142826216,1.176791549762047,60.0,0.4071269758466829,2.092649719499655,4.0
10,Processed,Awake,180,1,1,13588869471469078399,0.7475458867838517,0.6229555048576211,0.63016404402194,3.255042511445389,1.19142684936219,58.0,0.41174340455919817,2.0877900332567187,4.0
10,Processed,Awake,180,1,2,6658096421056212813,0.7204212001314363,0.6471813849881897,0.6154613643154871,3.2301374232476543,1.1550134567424348,66.0,0.43088018556878555,2.0961133353865105,3.0
10,Processed,Awake,180,1,3,1704173210188768670,0.737249419837178,0.6247337678728719,0.600738426007992,3.285524347681569,1.1882950625840958,59.0,0.3683190932250173,2.072573635236616,3.0
10,Processed,Awake,180,1,4,13044783207870077525,0.7561740648056124,0.6154428105276861,0.6133797930583903,3.211018903942519,1.1733772455505012,60.0,0.38730646705191774,2.0748151665197043,4.0
10,Processed,Awake,180,1,5,16987372649739181091,0.7565701729733392,0.6115403632099443,0.6252412039686599,3.22430004178855,1.1607475811222059,67.0,0.38835484965585704,2.0845317384803588,3.0
10,Processed,Awake,180,1,6,5934075397613045233,0.7467631257580777,0.6255779725461555,0.6156234331238256,3.243143009605123,1.1790830153192793,94.0,0.4092667905817764,2.091236106258815,4.0
10,Processed,Awake,180,1,7,14065297030120809383,0.721221364854358,0.6442689113962902,0.6082999488470324,3.169886513591977,1.15644677888707,56.0,0.4119941047470967,2.096112964943247,3.0
10,Processed,Awake,180,1,8,6365376095615209497,0.7200728461093308,0.6424463090958286,0.6350666254741779,3.2516142416305787,1.1569966635536222,81.0,0.4139338657968974,2.0947279391034677,4.0
10,Processed,Awake,180,1,9,14709942599511952392,0.7742330217317414,0.5990991646466051,0.629926005459693,3.1720734506503443,1.1437982027511784,62.0,0.37234802250730575,2.0705786264486785,3.0
10,Processed,Awake,180,1,10,13731171419886429168,0.7251240509886028,0.6426762771063776,0.6194928259229059,3.2750615829495557,1.2035171720143913,79.0,0.40352854183654346,2.084000313873195,3.0
10,Processed,Awake,180,1,11,15711766200624094063,0.7375835098764933,0.6284485371389318,0.5969652615638628,3.1862514529775905,1.1491906926328306,78.0,0.3981600125603326,2.087589787166244,4.0
10,Processed,Awake,180,1,12,14400710450389183461,0.7541264603771336,0.6211935856689749,0.623281184317817,3.226918740330912,1.1708937324940851,58.0,0.39377909008493417,2.0806149482191123,3.0
10,Processed,Awake,180,1,13,16394432418157732651,0.7186502407945495,0.6460065696166117,0.6238636190977832,3.2699761083089993,1.2048452928402817,69.0,0.4248532517586998,2.096940305969403,4.0
10,Processed,Awake,180,1,14,8502136300896235696,0.7504786108571824,0.6215776363088357,0.627464585433053,3.2059569402753336,1.1626141057434407,77.0,0.3961620080325353,2.0769486079949018,4.0
10,Processed,Awake,180,1,15,14551288915077707711,0.7426805827363867,0.619008384723116,0.6268416334510021,3.3085086476516348,1.212981976519165,69.0,0.38862834076992814,2.068539310698063,4.0
10,Processed,Awake,180,1,16,10627957846790494937,0.7620027788217184,0.609943518742801,0.6264010088783319,3.248010714567084,1.1667918388199112,57.0,0.37612625160169566,2.0672521538226003,3.0
10,Processed,Awake,180,1,17,16291080614802005570,0.7170568519534769,0.6438503452729166,0.6181962754561984,3.288812846904133,1.2136652219208814,76.0,0.4160863421576423,2.1115466169761614,4.0
10,Processed,Awake,180,1,18,12295264642083011899,0.752099185043314,0.6175985245547824,0.6186419646791291,3.223694280963817,1.1664949759446366,72.0,0.4116319822534655,2.0843880233378216,4.0
10,Processed,Awake,180,1,19,17322909104342889499,0.7102313780014481,0.6560071319272106,0.6165958459738563,3.310627073475825,1.215322022706454,60.0,0.4087932457824125,2.086656411979887,4.0
10,Processed,Awake,180,1,20,5110459348290219642,0.7545734346659392,0.6177328666309687,0.6084164358030256,3.1308313786812616,1.1337275200848342,72.0,0.4004289758770708,2.0742591790956673,3.0
10,Processed,Awake,180,1,21,5075762744663620053,0.7347919864076746,0.6406705237847251,0.6102194512957908,3.271586836102965,1.1776614582648297,76.0,0.4264967307682568,2.0953097785518784,3.0
10,Processed,Awake,180,1,22,7168910628319829800,0.7279070960527807,0.6391571574207302,0.626902409254129,3.231431927946743,1.1801950843667406,66.0,0.39599993922419685,2.0849288037971307,4.0
10,Processed,Awake,180,1,23,17957931040868528632,0.7288111495362148,0.6377862893665601,0.6142509129032094,3.1112308244830946,1.1177045984888905,63.0,0.40013016151169684,2.087967122998044,3.0
10,Processed,Awake,180,1,24,4251709369254807000,0.745103002596816,0.626351335582458,0.6129492977862414,3.2488188553634703,1.182515546698792,67.0,0.40993025976591185,2.0982643974646464,3.0
10,Processed,Awake,180,1,25,9853466004502144297,0.713453852375923,0.6493148682941765,0.6224759049263853,3.20209467733111,1.1621514508990782,56.0,0.4157875277922683,2.094579596627078,4.0
10,Processed,Awake,180,1,26,17760850777785919839,0.7411419226830644,0.6237799633376138,0.6308173839055544,3.2858386535113175,1.205323559321413,66.0,0.3864783967343135,2.0722063815342837,3.0
10,Processed,Awake,180,1,27,14857777683755030096,0.7601955592826175,0.6147600774313775,0.6261781642668666,3.2676216401934615,1.1893341432231446,87.0,0.42313633532036443,2.0986171989801687,4.0
10,Processed,Awake,180,1,28,7051662311779534547,0.7230521113855877,0.6399146780382298,0.6217060780867777,3.1962193407280113,1.17488203740533,61.0,0.40807659777054095,2.0852085247344108,4.0
10,Processed,Awake,180,1,29,15447389225023757460,0.7177885369631585,0.6547243719194022,0.619335821764828,3.314882081865004,1.210827962023264,84.0,0.4256863867265646,2.1131489629164046,3.0
10,Processed,Awake,180,1,30,6935174798470756428,0.7500251244258456,0.6212529147514724,0.6122858286021059,3.1703249154275825,1.1582240626235185,73.0,0.41090014029081223,2.0828455535017456,4.0
10,Processed,Awake,180,1,31,18223825342274618132,0.7369321561201947,0.6338263687140295,0.6098497318267687,3.2769900666757383,1.1942316865666882,80.0,0.4105456147725719,2.078700379526105,3.0
10,Processed,Awake,180,1,32,7151779929258915205,0.7926575227811614,0.5802997632230937,0.6143825938099845,3.379806084921431,1.2339985352168896,88.0,0.386280875374151,2.0676661154336218,4.0
10,Processed,Awake,180,1,33,14638149163858460921,0.7061964919846554,0.6570573240175701,0.6281837657700547,3.433819661692644,1.256949319908125,75.0,0.42411634514578594,2.0953721427767142,4.0
10,Processed,Awake,180,1,34,13535858111342277953,0.7374274521891295,0.6383727796055746,0.6147978951313517,3.3438007878136795,1.2268932921734674,63.0,0.41648898185335814,2.111771654554326,4.0
10,Processed,Awake,180,1,35,5545175039029745549,0.7284399430280695,0.644267735549851,0.6055498437555394,3.2628534002838117,1.190667294767585,60.0,0.41684857202185904,2.1059964433299645,4.0
10,Processed,Awake,180,1,36,15731550473468667757,0.7354949908414338,0.6314888212016982,0.5977452177039915,3.1588202232154807,1.1535728546220194,59.0,0.42683859466084567,2.0962851493029215,3.0
10,Processed,Awake,180,1,37,9892623948846269037,0.7403185019078395,0.636155917186639,0.6101991926947484,3.215511489497985,1.1622895572310101,75.0,0.4201203360901913,2.095211032810487,3.0
10,Processed,Awake,180,1,38,11376026714283393738,0.7468954167477363,0.6288916987527563,0.6217364659883412,3.306310431199332,1.2144244782868243,66.0,0.4165345637057033,2.084277351174637,4.0
10,Processed,Awake,180,2,0,15259400542381979581,0.7076365084908829,0.6534343010341388,0.6150106104422959,3.3463403880070546,1.228086257563722,65.0,0.4415336773919077,2.1077706051594496,4.0
10,Processed,Awake,180,2,1,3726865351745501122,0.6686594741990827,0.6841701146899006,0.6224353877243007,3.2825320512820513,1.2053953721997408,73.0,0.47056678501066107,2.1095028891235,4.0
10,Processed,Awake,180,2,2,7685416682732082437,0.7227881128053047,0.6469290275131327,0.632817920758482,3.3900751553300594,1.246033131264562,80.0,0.4428302278586152,2.095442943932513,4.0
10,Processed,Awake,180,2,3,6517885978868494184,0.6862729182323475,0.670544809903331,0.6307920606542515,3.4223064875113347,1.2750726098407175,65.0,0.4675938353077028,2.1285547960207034,4.0
10,Processed,Awake,180,2,4,15898834523386818589,0.6972768632548304,0.6680572658861325,0.6243042436704533,3.3281224688158106,1.214756548928913,78.0,0.48247631009840614,2.1426788124156544,4.0
10,Processed,Awake,180,2,5,16301281056701493228,0.6888403342560097,0.671862882205522,0.6241371102118544,3.2597275492659703,1.199930015108981,73.0,0.45033097489452867,2.1013494351751194,3.0
10,Processed,Awake,180,2,6,8013518976842783244,0.6948067837454587,0.6680817345703145,0.6255704062355975,3.432457968598027,1.2714911738205958,79.0,0.461030048569996,2.1085926732375118,4.0
10,Processed,Awake,180,2,7,9199050555669033125,0.7182780050786521,0.6503682200241642,0.6377205022107199,3.3587452319347006,1.2357419119004447,75.0,0.44860646148080247,2.1392585436541482,4.0
10,Processed,Awake,180,2,8,487423988007360475,0.7363717954897012,0.6262970535103367,0.6261984228679088,3.255852534562212,1.20025333451023,64.0,0.4373933258038866,2.104003995468554,3.0
10,Processed,Awake,180,2,9,10152459549884276738,0.6842202814547085,0.6787745995346879,0.6393310609935831,3.3697445343156884,1.2372640545763431,60.0,0.4849985059281731,2.127276968189088,4.0
10,Processed,Awake,180,2,10,10813816432998907056,0.7115762884208856,0.6557401018585475,0.6322962617816427,3.3552366362976698,1.2287226934569584,71.0,0.43659564338784584,2.0976372396340275,4.0
10,Processed,Awake,180,2,11,4140586992178529601,0.7143666292705719,0.6578624078600179,0.6231495034110419,3.2519029495718366,1.1887828381338241,55.0,0.47942992296666953,2.1188794753276405,4.0
10,Processed,Awake,180,2,12,6077262211143836636,0.7077263203420376,0.6570262641361594,0.6357300946583133,3.398023822414727,1.2545233510486609,74.0,0.4555703555890948,2.1051264348986063,4.0
10,Processed,Awake,180,2,13,3914535002549806907,0.7173784999408527,0.6433725995779057,0.6420102609814279,3.328161100609116,1.2231397699335402,64.0,0.4426934823015797,2.098215250189037,3.0
10,Processed,Awake,180,2,14,17291367395890672045,0.7151690269651039,0.6521161766407082,0.6363783698916672,3.327357466302995,1.2273183028682824,85.0,0.46313187842813514,2.1173964387431403,4.0
10,Processed,Awake,180,2,15,8928683143191798431,0.7017049248523191,0.6630778113978794,0.6347627464585434,3.3270154760956703,1.2219708605303985,77.0,0.4616428712515257,2.119964647874221,3.0
10,Processed,Awake,180,2,16,7139183772769521534,0.6900719750010227,0.6687751422123891,0.6334915192431386,3.3180624452874232,1.2107929838625764,61.0,0.46214933627758337,2.1330559386614927,3.0
10,Processed,Awake,180,2,17,12886058033301652848,0.7099818898975634,0.6540712244956377,0.613324081905524,3.305193919048009,1.2268463173482351,67.0,0.44602855449816914,2.113464284428659,4.0
10,Processed,Awake,180,2,18,41494195511401258,0.7141903528048057,0.6501931361148272,0.627895080705202,3.3885259791729303,1.2615577112128165,86.0,0.4304243670453337,2.100987626852573,4.0
10,Processed,Awake,180,2,19,10991865833154409545,0.6869330748054657,0.6728743258370921,0.614423111012069,3.2486945344509013,1.1691049837530911,84.0,0.47918935207929214,2.1502073745809898,4.0
10,Processed,Awake,180,2,20,965165540163924976,0.7036447710659395,0.665264941035708,0.6354414095934605,3.33703920421299,1.2257658805461298,67.0,0.4397509205001849,2.1035831960461286,3.0
10,Processed,Awake,180,2,21,13414597093862608947,0.7322127480939216,0.6360132658027542,0.638900565721434,3.358867854194957,1.2325136489624522,67.0,0.44476745658328565,2.0882943939123715,4.0
10,Processed,Awake,180,2,22,12297524521908057168,0.69693342757759,0.6669166615035649,0.6468875191823629,3.344050268359733,1.2321196636086358,65.0,0.47373472374865155,2.1071750394232933,4.0
10,Processed,Awake,180,2,23,5479476769303591458,0.7238726545964503,0.6428683968268931,0.6330711532715109,3.253461738677772,1.1942140489286612,67.0,0.42403024609135614,2.0840738804669803,3.0
10,Processed,Awake,180,2,24,13195879489670568577,0.7005607251443627,0.6607925614328735,0.6326609166004041,3.3769565570003515,1.2414267387467106,64.0,0.4386518913936398,2.097944699456199,3.0
10,Processed,Awake,180,2,25,13877876123574518539,0.7420683943887076,0.6243110694033819,0.6218124357422499,3.1932740324594255,1.175918947525707,59.0,0.42059134856442487,2.1006374421369487,4.0
10,Processed,Awake,180,2,26,14464108938559101180,0.7288758819348978,0.6441586443640526,0.626973314357777,3.3177176855251522,1.2075022999165754,64.0,0.4738765339559477,2.118640038040894,4.0
10,Processed,Awake,180,2,27,52630621361675918,0.686375051300787,0.6773482845242859,0.6354363449431999,3.432507113153863,1.2804763187119776,62.0,0.4697564409689689,2.12278714225228,4.0
10,Processed,Awake,180,2,28,4761218271699621476,0.6928602695472882,0.6597917952478219,0.6455605808140918,3.4965710210127834,1.294833898987662,117.0,0.43771239877030294,2.082856350994734,4.0
10,Processed,Awake,180,2,29,15996526169049842348,0.6872482895204931,0.6703229437271457,0.6199385151458366,3.307706858347295,1.2372355398306902,96.0,0.46526916083809833,2.1219841773979327,4.0
10,Processed,Awake,180,2,30,6108160042100621798,0.7115886116765243,0.6511712128977307,0.6208349582419586,3.3352016107090385,1.2326859972261817,69.0,0.42990017574336403,2.1017282789016267,4.0
10,Processed,Awake,180,2,31,13623205101322915996,0.7567243644120835,0.6174052334530982,0.6214376516229672,3.334356911872605,1.2223594058765457,75.0,0.41515951115995686,2.094488591358561,3.0
10,Processed,Awake,180,2,32,2457166515662960394,0.6938389426432426,0.6678494360406988,0.6389056303716947,3.350597609561753,1.2562770591750603,74.0,0.47549975436446235,2.117363162761327,4.0
10,Processed,Awake,180,2,33,1838239493902387925,0.710360608657823,0.6519434425151062,0.6332028341782858,3.354547893748323,1.2457649117676253,73.0,0.45217450758937844,2.117759381374828,4.0
10,Processed,Awake,180,2,34,8444925821568448542,0.7270789514481275,0.6340177633989553,0.6325089770925869,3.4063497258816793,1.270428485249765,83.0,0.42742356176594226,2.080784545779553,4.0
10,Processed,Awake,180,2,35,13811494313955488239,0.7398348365556799,0.6321210070879442,0.6359022927671729,3.3971968938553534,1.2516125274428738,106.0,0.44098163051350486,2.100919312807644,4.0
10,Processed,Awake,180,2,36,6209018355775793824,0.6864677566375098,0.6662123765040773,0.6191838822570107,3.367191803459293,1.2466479809909425,69.0,0.4465502134750085,2.1250903832248733,4.0
10,Processed,Awake,180,2,37,5985068265006716616,0.6836057374305483,0.6755820846571843,0.6216756901852143,3.381115028646981,1.2347952267084112,63.0,0.45478280247357517,2.1201936131279147,4.0
10,Processed,Awake,180,2,38,167594409582962919,0.671964475016305,0.6741378348654702,0.6295056394880651,3.3444731460553223,1.2278323828275939,76.0,0.457629135920019,2.1288137589822123,4.0
10,Processed,Awake,180,4,0,11254454478565086638,0.720293945287242,0.6518549008964798,0.5767218544723394,3.0743810578039366,1.12327692202838,48.0,0.41794760112840407,2.077971948732153,4.0
10,Processed,Awake,180,4,1,16540527414367803852,0.7080495650617353,0.6675679229317475,0.590112789761303,3.1128209238331865,1.1334211884943144,72.0,0.45513479566668524,2.0992326290339536,4.0
10,Processed,Awake,180,4,2,17609138911025034589,0.7247215890113669,0.6482732944273261,0.5808191565331456,3.011659970062239,1.098042603407316,64.0,0.41795519810379494,2.0743272964922643,4.0
10,Processed,Awake,180,4,3,16536763692421846460,0.7491229203764156,0.6297704791795551,0.5796087051208679,3.0971286298070417,1.150636838192517,65.0,0.39592143714515793,2.0586058882393217,4.0
10,Processed,Awake,180,4,4,10794175763330798500,0.7300811339213821,0.6472371384171739,0.5793858605094026,3.082590067634933,1.1388362344550336,67.0,0.3959087755195065,2.065011227050588,4.0
10,Processed,Awake,180,4,5,11177746923217391265,0.7440968271935938,0.6337883070318342,0.5938353077028266,3.180809505724052,1.169954569928208,70.0,0.41051269454587813,2.0723955869756976,4.0
10,Processed,Awake,180,4,6,6479537651759616816,0.7230825660656193,0.6489965364505337,0.5975527609940896,3.066297624616664,1.1193389646584395,63.0,0.4362816350716901,2.0971491868731134,5.0
10,Processed,Awake,180,4,7,1318283960256857926,0.7062198049796305,0.6659851306439968,0.5891454415615329,3.102992957746479,1.1427680758889158,60.0,0.43026229823699524,2.088219750506975,4.0
10,Processed,Awake,180,4,8,13914442184886715128,0.7231998980182577,0.6589385553054937,0.587519688827888,3.0436060240331635,1.1085883049243606,68.0,0.44953835712874846,2.0948290104080622,4.0
10,Processed,Awake,180,4,9,1458999969757486293,0.7358490428273656,0.6443020357317519,0.5777702370762787,3.080219246138892,1.1258785397617246,66.0,0.44691233596863966,2.082518142663284,4.0
10,Processed,Awake,180,4,10,3312273966971791288,0.7039125234674077,0.6719300261213559,0.5915410211347856,3.1629431039618705,1.1563504564460976,74.0,0.4377250603959544,2.0930809842100166,4.0
10,Processed,Awake,180,4,11,7051320561407534287,0.7536451794742909,0.624543043183033,0.5827335943316434,3.0273107585444787,1.10846041661501,55.0,0.40782083293238186,2.081908086096568,3.0
10,Processed,Awake,180,4,12,7020394409805400597,0.7497688504267658,0.6285455288697201,0.569687055260399,3.011996251171509,1.1007837955203785,88.0,0.4224475428849261,2.0763983968534516,4.0
10,Processed,Awake,180,4,13,14267975402553693433,0.7589546110907083,0.6218143809785934,0.5549489230021221,3.0237043986975,1.0890362952945383,56.0,0.403014479835095,2.073967889908257,4.0
10,Processed,Awake,180,4,14,8349463922564721751,0.7308572012157569,0.6412781435723287,0.579487153514614,3.031181285930008,1.097922048766593,78.0,0.4228501825806419,2.0925724024712706,4.0
10,Processed,Awake,180,4,15,15013285941839956174,0.7327512549470526,0.6362454792971407,0.5798518083333756,3.1031305054885485,1.1365259833411787,69.0,0.4288062112870796,2.0879531442663377,4.0
10,Processed,Awake,180,4,16,14534371276475585344,0.7215674022029158,0.6498051023487478,0.5807482514294975,3.0703957585819097,1.1155041852194987,57.0,0.41355401702735417,2.073725111743194,4.0
10,Processed,Awake,180,4,17,16229702408976953856,0.7318452200939083,0.6427915787499453,0.5891454415615329,3.133924241607845,1.1470686084231567,69.0,0.4189909190820828,2.0887606832211882,4.0
10,Processed,Awake,180,4,18,4036283062092878111,0.7390811640025997,0.636352618309155,0.5816953410282253,3.1179824085134107,1.1496120705106871,58.0,0.41017083065328924,2.0632316412967326,3.0
10,Processed,Awake,180,4,19,3157162902939923973,0.7332757782307663,0.640380834810363,0.5751568775418213,3.0103647545329233,1.1089165249168202,57.0,0.4162838635178048,2.0815721828979523,4.0
10,Processed,Awake,180,4,20,12053055396052063911,0.7439863115494725,0.6347487933799562,0.5871600986593871,3.0642543743722577,1.1228730991426434,65.0,0.40906420457135334,2.0732198778171362,4.0
10,Processed,Awake,180,4,21,12027559270340607565,0.7463261524755959,0.6392965485693788,0.5829513742928482,3.0380341541953704,1.116878039466938,53.0,0.4213662400542931,2.082540675844806,4.0
10,Processed,Awake,180,4,22,7499563786045054975,0.7031521588380265,0.6598208876976249,0.583133701702229,3.0599835224705663,1.1221625413870124,54.0,0.4535875450120792,2.1125014742304518,4.0
10,Processed,Awake,180,4,23,6806227459387717329,0.7356119271294134,0.6349166649580187,0.5902292767172963,3.137998815229684,1.1638887050634084,63.0,0.3914949328174143,2.0741242604344152,4.0
10,Processed,Awake,180,4,24,5414402024886904148,0.7322333108448562,0.6488839288892184,0.5764939452106135,3.07466032792199,1.1409039569274975,81.0,0.4239998581897927,2.0799895649581357,4.0
10,Processed,Awake,180,4,25,13867562149412739251,0.7233108913874873,0.6547130902910401,0.5767370484231211,3.0997359610202246,1.1336342449816372,81.0,0.43407344755807886,2.089154042096796,4.0
10,Processed,Awake,180,4,26,16925793816141605065,0.704649043298504,0.6695067009605802,0.5876412404341418,3.1597178726069552,1.1765114954108014,60.0,0.43950022031228636,2.0884695915862435,4.0
10,Processed,Awake,180,4,27,13260589951762238071,0.7131663085479985,0.6555005351168897,0.608674732966315,3.1262128345862705,1.155101155634724,56.0,0.41728666426939887,2.0542279068027973,4.0
10,Processed,Awake,180,4,28,14641649595769736920,0.7112799525622686,0.6537270664353065,0.5645413705956536,3.014413975877549,1.0995220714510048,58.0,0.3959872775985454,2.0723733036471588,3.0
10,Processed,Awake,180,4,29,6263884720797369976,0.7517948032221374,0.6246319487954178,0.5830830551996232,3.0210979321927156,1.0899084575613585,59.0,0.41419722761044736,2.0627017756255044,4.0
10,Processed,Awake,180,4,30,8273985137247346289,0.7490139876496716,0.6302721435888926,0.5841466317543442,3.07363091272485,1.1178063985097655,72.0,0.43589418932675605,2.085159477171688,4.0
10,Processed,Awake,180,4,31,1745105672026906202,0.7362625890908537,0.6402766781245812,0.5912067542175875,3.117259059470719,1.1398688924822131,73.0,0.39953759743120937,2.078557689774194,4.0
10,Processed,Awake,180,4,32,3318289001076260062,0.7559999816093523,0.6216360122752164,0.5833616109639549,3.15621746040445,1.1532837787026202,65.0,0.4022952994980932,2.0732388484326467,4.0
10,Processed,Awake,180,4,33,1211036190480192963,0.7608928070019594,0.6160146609307166,0.5778158189286239,3.1069716775599128,1.1624558925856723,55.0,0.3907884141060639,2.069742489270386,3.0
10,Processed,Awake,180,4,34,10966985181604855425,0.6815066196993436,0.686552987071512,0.600702973456168,3.2111490145115877,1.2116588584867662,51.0,0.4466844267069138,2.0928905341591326,4.0
10,Processed,Awake,180,4,35,4600262159269040761,0.7413156860656188,0.6393073952181022,0.5889479202013705,3.1085863986313087,1.1389714590670128,64.0,0.43197415002507,2.1025748480851956,4.0
10,Processed,Awake,180,4,36,7041663381439142089,0.7170373604234754,0.6552008177459082,0.5900266907068732,3.1083806931881854,1.1398647113387121,57.0,0.43942931520863826,2.091353918094825,4.0
10,Processed,Awake,180,4,37,10301594351381308734,0.7449888188152477,0.6341188603401015,0.5687855475140164,3.029538710547613,1.094474524181032,66.0,0.42040902115504414,2.081352489845043,3.0
10,Processed,Awake,180,4,38,16891932353137821457,0.7095765734733308,0.6625766328196572,0.5802113985018764,3.0949049059866005,1.1417079090164775,53.0,0.42001651075984947,2.075012823239463,4.0
10,Processed,Awake,180,5,0,4728420695809111559,0.748628283344088,0.6358756677893651,0.584830359539522,3.2049125728559535,1.1708958447607334,57.0,0.42051537881051626,2.114566222256179,4.0
10,Processed,Awake,180,5,1,863220430869058793,0.7324333257464058,0.6456142814158801,0.579081981493768,3.215263912713366,1.201128824123255,65.0,0.4238479186819754,2.110895309682057,4.0
10,Processed,Awake,180,5,2,5548814268007305951,0.756949335566598,0.6198943331222001,0.5709278945742402,3.0434946947811765,1.1096253060195416,56.0,0.4128905478432187,2.1068082852011214,4.0
10,Processed,Awake,180,5,3,6911566578066947994,0.725241617417569,0.6495296791286931,0.5746098953136791,3.0090173717013657,1.0925009298726849,54.0,0.43734521162641116,2.1126252308896745,4.0
10,Processed,Awake,180,5,4,9935666330294406608,0.7452523792657402,0.6337251014985857,0.5580535536118554,3.0747293224690257,1.1354534870679711,54.0,0.4048478832294236,2.118267459886317,4.0
10,Processed,Awake,180,5,5,10770777540842491118,0.7503934984880097,0.6300572315843223,0.5734551550542677,3.040712194859951,1.0862355624009052,61.0,0.44637041839075803,2.1202742527214773,4.0
10,Processed,Awake,180,5,6,10949268620819675283,0.7244193949032645,0.6526558974909079,0.5733133448469716,3.122644892554688,1.150903715185752,67.0,0.4223133296530208,2.1144259052642256,4.0
10,Processed,Awake,180,5,7,11685811193737763067,0.7181435243896137,0.6604414828412524,0.5756937304694424,3.1990600022514917,1.1980945680015165,53.0,0.41716511266314504,2.1245018764266645,4.0
10,Processed,Awake,180,5,8,6369582296392281683,0.7554864359510827,0.6259149132234364,0.5707810197166835,3.0940013726835964,1.135178229830755,73.0,0.4317690316895167,2.1240127563096394,5.0
10,Processed,Awake,180,5,9,14862520206344393491,0.7708853929834509,0.6122300349650321,0.5782057969986882,3.0701895925776523,1.1033842470269137,60.0,0.43574731446919934,2.1168698561885666,4.0
10,Processed,Awake,180,5,10,3041991708384308945,0.7300383224828174,0.6480176213724677,0.551722740786135,3.1763470958712388,1.1743213250910056,77.0,0.44808733482909335,2.1399874222963984,4.0
10,Processed,Awake,180,5,11,4402669474958089824,0.7005532515802155,0.6779794190229016,0.5891555708620542,3.195445555433469,1.172765384224434,81.0,0.47983256266238533,2.158341971272682,4.0
10,Processed,Awake,180,5,12,2235342133857144589,0.7721353388777459,0.611307776518908,0.5861066514051873,3.1294788934259987,1.1384254574983366,73.0,0.4107102159060406,2.0983943796819813,4.0
10,Processed,Awake,180,5,13,14880430009742411907,0.719511859660747,0.6474520780401362,0.6033365915916676,3.177228356537046,1.1672529756855101,77.0,0.42652458634469,2.111364605009151,6.0
10,Processed,Awake,180,5,14,17370811655907441808,0.7162472797256926,0.6585375082112599,0.5864459829726458,3.0543919810076496,1.1207038399960165,57.0,0.44619822028189843,2.111101792389533,4.0
10,Processed,Awake,180,5,15,14919100996802443525,0.7411456428211142,0.6386907184998445,0.576367328954099,3.10552599263201,1.1302448467148756,67.0,0.41840341965185596,2.114690523729074,4.0
10,Processed,Awake,180,5,16,9565096923727465494,0.6779600791347529,0.6931743045684233,0.5924526581816892,3.1588356016418233,1.1665120377385507,57.0,0.4606907170025374,2.138445805367155,6.0
10,Processed,Awake,180,5,17,16740901704499846065,0.788607139388854,0.5968244765888273,0.5686488019569809,3.076699641027046,1.1202937375241382,56.0,0.42628908010757316,2.1362003984619875,4.0
10,Processed,Awake,180,5,18,13026023794765200861,0.7273691155565903,0.6516169376723898,0.5774663580606442,3.176901643911953,1.1749218565605577,71.0,0.4101125871752926,2.1143256263300128,6.0
10,Processed,Awake,180,5,19,2839683020665463810,0.7206121199931251,0.6542544196617804,0.5757646355730905,3.0526301656776136,1.1209931480509587,67.0,0.44254407511889265,2.1302079524122965,6.0
10,Processed,Awake,180,5,20,8588328168716761735,0.7325096975399051,0.6482283401046192,0.5721687338880813,3.0893106182832453,1.134732468548175,74.0,0.44589434126626387,2.1228133627497074,4.0
10,Processed,Awake,180,5,21,16526516131921911227,0.7625772978698085,0.6255936448992012,0.568658931257502,3.140172278778387,1.1522649647152448,66.0,0.4478518285919766,2.129847295149092,4.0
10,Processed,Awake,180,5,22,999074068352001991,0.7450778937720712,0.6307686943035549,0.5773144185528268,3.1443506565155026,1.1483747885826046,77.0,0.4267069137540707,2.121895935123155,6.0
10,Processed,Awake,180,5,23,16800346680940451770,0.7383577535654062,0.6434979302871832,0.5765395270629586,3.1058605260285934,1.1340224786337099,66.0,0.4233211950548755,2.112935436574144,4.0
10,Processed,Awake,180,5,24,11755504948259544957,0.7708861031736317,0.6129734368642383,0.5704366234989643,3.1318577426799767,1.1497665224001559,67.0,0.422789406777515,2.115120035472224,4.0
10,Processed,Awake,180,5,25,13744310298965892133,0.7482520566479148,0.6360245524435443,0.5615532269419136,3.1195172045128436,1.1426484515156183,59.0,0.4149898453762275,2.118587754679905,3.0
10,Processed,Awake,180,5,26,12561087496034735841,0.7062921176272979,0.6688169011627713,0.5888770150977224,3.2254771415889922,1.1956320763492976,59.0,0.4711390904901062,2.1534063288502048,6.0
10,Processed,Awake,180,5,27,11092934779586380072,0.7367722765795779,0.6494337667737882,0.562480057939599,3.046662826104847,1.1028683612242427,54.0,0.4538939563528441,2.1399746889849327,4.0
10,Processed,Awake,180,5,28,100183301992612383,0.721446986707865,0.660879817620959,0.5755012737595405,3.165208913649025,1.164824809756481,62.0,0.43930269895212387,2.1279377851920906,4.0
10,Processed,Awake,180,5,29,10700136425742997421,0.7392549351646119,0.6375388661543337,0.5868714135945342,3.1377200108313024,1.160882377670073,59.0,0.43784154735194764,2.1342640596454845,5.0
10,Processed,Awake,180,5,30,6018078283986320934,0.7237303436435867,0.6537720888702341,0.5848860706923883,3.1233839995672636,1.1658071139549468,54.0,0.42629920940809435,2.117442109102801,4.0
10,Processed,Awake,180,5,31,11114259263997777041,0.7422661961763761,0.6338991326166049,0.5949140782083293,3.1658042259594654,1.1620055905847178,58.0,0.43125750201319846,2.1107158792325618,5.0
10,Processed,Awake,180,5,32,15894811908003622006,0.7657360271800749,0.6206537879570528,0.5714647475018613,3.08601591773104,1.113635684781715,75.0,0.4343874558742346,2.1239026806166037,4.0
10,Processed,Awake,180,5,33,17222512968775777162,0.7602087947284747,0.6258479049266714,0.5871347754080842,3.1027487086154752,1.1338825358960907,54.0,0.44542079646689997,2.1161198734375186,4.0
10,Processed,Awake,180,5,34,1946815219341481763,0.7215306842329015,0.6587109773185889,0.5849215232442123,3.1139721742881794,1.1353872872306534,56.0,0.4589054277856843,2.14009542029807,4.0
10,Processed,Awake,180,5,35,17614200794523621503,0.750697175012951,0.6323494938777305,0.5901330483623454,3.1479980547900794,1.1516448121659777,66.0,0.4385733893146009,2.115788702111024,6.0
10,Processed,Awake,180,5,36,2897959592319674759,0.7160221297609524,0.6577917854550185,0.5848607474410854,3.1071976321808155,1.158679125707001,61.0,0.42326801622713944,2.1157721518987342,4.0
10,Processed,Awake,180,5,37,15332967099313088201,0.7408100104831349,0.6414127563830514,0.5687754182134953,3.0658749658749658,1.1127910039208724,63.0,0.4230907534680193,2.124837848149561,4.0
10,Processed,Awake,180,5,38,11640406677547974769,0.73988010969704,0.6430578256800634,0.5684816684983819,3.0898505244033365,1.151587449584199,57.0,0.42878848501116756,2.121454344993485,4.0
10,Processed,Awake,180,6,0,5215291506225730001,0.6632998629468692,0.694581348920841,0.5838933992413153,3.1153025103358822,1.1374783420250842,56.0,0.45934098770809384,2.125086401818246,4.0
10,Processed,Awake,180,6,1,85288633518256902,0.7524172309604471,0.6246941332751904,0.5891353122610118,3.144969854273123,1.1568022896493,65.0,0.4183299822230776,2.091247436514166,4.0
10,Processed,Awake,180,6,2,12568546122651048613,0.7405398744210692,0.6322919160799183,0.578889524783866,3.0161494616846105,1.0860383905535396,67.0,0.4288062112870796,2.0996813272657384,4.0
10,Processed,Awake,180,6,3,14161937045633648484,0.7368325423156191,0.6368690181080247,0.5774764873611653,3.001579487719483,1.0950488223530193,57.0,0.42352378106529853,2.103286089766968,4.0
10,Processed,Awake,180,6,4,4341147595240163284,0.7403605473683221,0.6374396304682378,0.5823233576605368,3.092718616348818,1.1311072272220206,64.0,0.42833773113797624,2.0845410628019323,4.0
10,Processed,Awake,180,6,5,11101924684212311258,0.6999729837476272,0.6670696192120601,0.5984137515383875,3.238187897390923,1.220949313770948,59.0,0.43951541426306806,2.103679821584408,4.0
10,Processed,Awake,180,6,6,2595156558443700713,0.7063456160977162,0.6663989942876336,0.5800594589940592,3.0808607935440486,1.1240586444118845,55.0,0.43253632620399396,2.105285214218804,4.0
10,Processed,Awake,180,6,7,10202032531251377370,0.6812464497571407,0.6827056882208005,0.5895202256808156,3.2528224904985468,1.2048382746916486,57.0,0.43115620900798696,2.099344035905403,4.0
10,Processed,Awake,180,6,8,10371122943647553923,0.7277439196101885,0.6504282916362342,0.5811888760021676,3.1448929814464632,1.1534473215429824,75.0,0.45056141648138487,2.109879163751497,4.0
10,Processed,Awake,180,6,9,5815664267029059186,0.7069950794528475,0.6617069888412916,0.5725131301058005,3.181117208386098,1.1713679599887374,54.0,0.42605610619558665,2.1076980895709365,4.0
10,Processed,Awake,180,6,10,15866485711018169602,0.7078042821358831,0.6639399653157626,0.5742553697954388,3.0212635561832184,1.0951138132391052,48.0,0.43882915415275997,2.1264264853854273,4.0
10,Processed,Awake,180,6,11,5360064904474618675,0.7215560183146589,0.6576278971833651,0.5747820934225387,3.1578229778235345,1.1675750611440219,46.0,0.434514072130749,2.112099950763171,4.0
10,Processed,Awake,180,6,12,11927239054823310493,0.7418972259002765,0.6366264726543047,0.5828450166373761,3.0650668513290364,1.1140392930557295,54.0,0.427737570082098,2.103237454862408,4.0
10,Processed,Awake,180,6,13,13955683429232633395,0.7403152676168485,0.6342579121496548,0.5825208790206993,3.1088196340243806,1.1213911578019813,61.0,0.42290082908324766,2.101751868911878,3.0
10,Processed,Awake,180,6,14,10992493804651349462,0.7521292073647478,0.6243135286966123,0.5814269145644148,3.100048606610499,1.124180234193132,59.0,0.4131209894300749,2.082847111394829,3.0
10,Processed,Awake,180,6,15,5657150830203967706,0.7477197746994394,0.6324709469778056,0.565863244313664,3.0577738854374776,1.102449329841418,76.0,0.4155140366781972,2.103020904092383,4.0
10,Processed,Awake,180,6,16,730059330136098693,0.7076523986639585,0.6588297056042591,0.5785451285661468,3.0542498863666747,1.1121319016831668,58.0,0.43584101049901997,2.1180285503322667,4.0
10,Processed,Awake,180,6,17,15311503021963194384,0.7343791862387341,0.6389195088917998,0.583731330432977,3.03313245085397,1.0922243534308083,61.0,0.430910573470349,2.106459359758362,4.0
10,Processed,Awake,180,6,18,15379980936631054131,0.7247802430390947,0.6545107025610997,0.5946152638429554,3.103899537343027,1.1270415214765375,80.0,0.45974362740380964,2.1282457065822635,4.0
10,Processed,Awake,180,6,19,494139665148891086,0.7092268866662654,0.656340870321244,0.5840504033993933,3.0748453498293515,1.1288337551717351,55.0,0.4206521243675518,2.0969097932288117,4.0
10,Processed,Awake,180,6,20,9885613139402385956,0.7152348361507465,0.6551338800818455,0.5951470521203158,3.268070194955085,1.2096250960761008,55.0,0.42059894553981575,2.0987111448066718,4.0
10,Processed,Awake,180,6,21,10743432539526260622,0.7090251889069874,0.6648086840521579,0.6157196614787765,3.2515445719329215,1.2125264595504737,68.0,0.42629667708296404,2.102645449776423,4.0
10,Processed,Awake,180,6,22,6823427564781966544,0.7112152219246363,0.6607041911928095,0.5821967414040223,3.1383913945615376,1.1481261108373342,55.0,0.43406331825755773,2.114985501881671,4.0
10,Processed,Awake,180,6,23,4825037357755027927,0.7665548638893468,0.6115522529865399,0.586456112273167,3.068610043725984,1.1155323497661132,54.0,0.4111635021043622,2.0891416513336507,4.0
10,Processed,Awake,180,6,24,10881802795218256878,0.726252232826569,0.6452662824539913,0.5926805674434152,3.1582597900304967,1.145571261325762,68.0,0.41812739621265455,2.0951414178583665,4.0
10,Processed,Awake,180,6,25,255598390759204188,0.7206058025859982,0.6534235582252407,0.5781602151463431,3.1018966360523885,1.1233506705829042,56.0,0.43407851220833943,2.1032515337423314,4.0
10,Processed,Awake,180,6,26,11496307652201617740,0.72756603307441,0.6521453284552216,0.5759267043814289,3.072547960010808,1.122812354403995,77.0,0.436025870233531,2.115464474831988,4.0
10,Processed,Awake,180,6,27,15924690560271114785,0.716179308925606,0.6532188830119404,0.5850430748504662,3.1862691013405415,1.1754977997800895,61.0,0.41748418562956136,2.1023757603580857,4.0
10,Processed,Awake,180,6,28,10704247489422597669,0.7378962033901095,0.6396062765639883,0.5680511732262329,3.0638111888111887,1.1129998019472451,66.0,0.4257674211307338,2.1044245572313662,4.0
10,Processed,Awake,180,6,29,627681724173182423,0.6912922988295047,0.6727598327275515,0.5726903928649207,3.0803345228690513,1.1291136339725223,55.0,0.43857085698947057,2.1178722103332315,4.0
10,Processed,Awake,180,6,30,15656302865058228051,0.696019332552262,0.6752200816280582,0.5792643089031487,3.0729177861364856,1.108930004350992,54.0,0.45291901117768313,2.1222782557104716,4.0
10,Processed,Awake,180,6,31,10554634873851328192,0.7759480536636963,0.602752683541251,0.6018070672129736,3.142437785946632,1.1381805358043116,70.0,0.40700542424042907,2.0829423809647234,4.0
10,Processed,Awake,180,6,32,13361646903995078595,0.7404855061259786,0.6308589852984742,0.5857673198377286,3.101582193617592,1.1377113631839546,59.0,0.4211256691669157,2.0880417859474663,4.0
10,Processed,Awake,180,6,33,6865931061954484013,0.7467675962565266,0.634186187323323,0.5780032109882652,3.131516847766436,1.13859611282726,74.0,0.4353472070986138,2.118836042742522,4.0
10,Processed,Awake,180,6,34,3167751320116506304,0.7519090402172546,0.6240417562315786,0.5849113939436912,3.2218998465615845,1.1986713306641221,73.0,0.408973040866663,2.093636163289646,4.0
10,Processed,Awake,180,6,35,13486722686644397793,0.6965235533122216,0.6790586729027571,0.5801911399008342,3.025725680779694,1.1034388457105118,57.0,0.45666938469563984,2.107442942118241,4.0
10,Processed,Awake,180,6,36,12989687429847537960,0.7620006906680059,0.6175555403117782,0.5783324132552027,3.106703667428447,1.138817822337609,62.0,0.4195404336353553,2.089047486949285,4.0
10,Processed,Awake,180,6,37,253156762917968768,0.7331461401046387,0.6442137814852861,0.5887959806935532,3.1184549356223177,1.1420061693952068,63.0,0.44446864221791166,2.1145473164267212,4.0
10,Processed,Awake,180,6,38,10100260212855863310,0.7353678269150827,0.6430750805913705,0.5837617183345404,3.067028551661744,1.110445449529914,70.0,0.4477404062862439,2.108294381379376,4.0
10,Processed,Awake,180,7,0,9871073362729032971,0.5354774168180421,0.7994405104495131,0.5510997888040842,3.047129655558667,1.116951205683291,56.0,0.5560226288573643,2.322926695090084,7.0
10,Processed,Awake,180,7,1,12956446638138424686,0.585975815231691,0.7736809361017689,0.5616747785481674,3.097879829045504,1.1592237300597508,57.0,0.5403348746752293,2.254501077722835,5.0
10,Processed,Awake,180,7,2,14535163559516121528,0.6174725222627389,0.7524319002591119,0.5656910462048044,3.1135951830067183,1.163873027365069,57.0,0.5275238418411017,2.257287129142015,4.0
10,Processed,Awake,180,7,3,10386028193212856063,0.6188564925118585,0.7545729598005131,0.5879805720016005,3.2188704355782294,1.2035604310487684,60.0,0.5284380112131357,2.237751064308923,8.0
10,Processed,Awake,180,7,4,8397257354322265458,0.5932296216932378,0.7643010526919102,0.5892821871185685,3.0770369978578795,1.1144970106338405,58.0,0.5512162757600774,2.241522412958634,8.0
10,Processed,Awake,180,7,5,984192117890956535,0.6000904558983596,0.7595015628484205,0.5651896458290073,3.184607042976999,1.2012345498353192,56.0,0.5163259001149676,2.257312401744791,4.0
10,Processed,Awake,180,7,6,4594276074933664710,0.5963018074437773,0.7666560779112659,0.5512162757600774,3.070213546221332,1.1397899163975134,68.0,0.5373340693958378,2.255660678218348,5.0
10,Processed,Awake,180,7,7,11842258921136678704,0.5945037818052465,0.7617128401775267,0.5543614235718952,3.0219209850639133,1.1200056637863418,49.0,0.5210537511332155,2.235099229841732,4.0
10,Processed,Awake,180,7,8,18271045291781800809,0.5754313039899874,0.773162621845296,0.5441561532968341,3.0614617466875624,1.1227227766035772,55.0,0.5247939953506511,2.254670075613338,5.0
10,Processed,Awake,180,7,9,17495897977931470183,0.6020251919673769,0.7535428822538293,0.5510187543999149,3.1249138327205883,1.1744857150426846,76.0,0.5092835039276363,2.2507946100814755,5.0
10,Processed,Awake,180,7,10,3250958502844004078,0.6416471271380009,0.7303119596208272,0.5601908360218185,3.0814319543111854,1.1433128181208039,72.0,0.5290786894710986,2.2574092682030837,7.0
10,Processed,Awake,180,7,11,14648321556725417434,0.6183445006293905,0.7411410573047928,0.5722497682922506,3.080398037077426,1.1497484127670066,68.0,0.5128186298095185,2.228532755224439,4.0
10,Processed,Awake,180,7,12,2517643610584808075,0.5660520070672497,0.7804960803357193,0.5567114212928026,3.073767512094181,1.1396188392301811,56.0,0.5326695265058471,2.2888045003971578,5.0
10,Processed,Awake,180,7,13,13749274569486126014,0.5515120772369995,0.7936967676459007,0.5739464261295436,3.1608836327122614,1.1809313211964498,57.0,0.564194442052804,2.319231770155624,6.0
10,Processed,Awake,180,7,14,683523913229293030,0.6256771052625383,0.7407194979438659,0.5708316662192893,3.085128513946295,1.141202169905004,70.0,0.5327860134618404,2.228726390610269,5.0
10,Processed,Awake,180,7,15,2375134570215284706,0.5548722924425485,0.7891103112832222,0.5603377108793752,3.0937893235647773,1.147362846998284,61.0,0.5508060390889707,2.289771770254337,5.0
10,Processed,Awake,180,7,16,12919343445320526455,0.5945964611659001,0.7674179564039257,0.5974615972893992,3.123960595307452,1.1517529590622884,73.0,0.5418492051031416,2.23631651006992,7.0
10,Processed,Awake,180,7,17,18423406196205632724,0.616596770700673,0.7510868211055334,0.5668711097155186,3.138462832627653,1.1600194406961688,76.0,0.5210132339311309,2.272872892777446,5.0
10,Processed,Awake,180,7,18,1569395393679248490,0.5827457935379058,0.7701078364736228,0.5809660313907024,3.088750067316495,1.143718219477362,62.0,0.535875450120792,2.2550992135382253,9.0
10,Processed,Awake,180,7,19,14258870224328445963,0.6038373898424264,0.7601068411926797,0.566602683251708,3.1404109589041096,1.1622779668761596,72.0,0.5407096587945119,2.278769703631765,5.0
10,Processed,Awake,180,7,20,2737452604560730036,0.61829170031348,0.751515824903685,0.5709177652737191,3.1629068462401797,1.1727186799240834,62.0,0.5349384898225853,2.2224747235636357,5.0
10,Processed,Awake,180,7,21,6765749094578396679,0.656920498762974,0.7212916024345664,0.5621609849731827,3.0408470768725,1.0981317760846414,55.0,0.5273187235055483,2.2387490055260497,5.0
10,Processed,Awake,180,7,22,9422579883684304828,0.6085575798548661,0.7579358947754891,0.5611126023692434,3.0323516531640027,1.1160486259903721,64.0,0.5486890152800499,2.288390858011913,5.0
10,Processed,Awake,180,7,23,14773952444422042534,0.6124374440264462,0.7503175257262718,0.5850532041509874,3.106715434472743,1.1410976336592276,69.0,0.5392459748692054,2.2262937794040774,5.0
10,Processed,Awake,180,7,24,883147603264541788,0.5999794319890195,0.7580203190592999,0.5795631232685227,3.0891936398239883,1.1349662117801125,61.0,0.543839612655548,2.2401063940753105,4.0
10,Processed,Awake,180,7,25,16671636031066066492,0.633584655991212,0.7417208894670119,0.5638728367612574,3.0686015103908275,1.1267064542817966,62.0,0.5340699023028965,2.2437231371547726,5.0
10,Processed,Awake,180,7,26,8963859548218664246,0.6345598993078725,0.7417671689743558,0.5622268254265702,3.0688635169878085,1.1366611924231074,67.0,0.5065789806884886,2.2390423531518624,5.0
10,Processed,Awake,180,7,27,4809818417496025015,0.5827403392163968,0.7656376574281064,0.5603427755296359,3.0936442692167883,1.1399804335520096,70.0,0.5348093412409406,2.2247234804592857,8.0
10,Processed,Awake,180,7,28,9004471261524176904,0.5975935839099423,0.7592087154798149,0.5638272549089123,3.1200358734340403,1.1547988103492128,84.0,0.5336495363312687,2.244129705553485,5.0
10,Processed,Awake,180,7,29,2573733791169326793,0.6053236168854412,0.7572769754008264,0.572148475287039,3.070978089490567,1.117240038791073,80.0,0.5335887605281417,2.2549200064208894,5.0
10,Processed,Awake,180,7,30,4850820697124701335,0.5908741030384603,0.7629570977356803,0.5906648366397058,3.2774561600719423,1.2067644096034875,70.0,0.5587195551211211,2.304402318658938,6.0
10,Processed,Awake,180,7,31,3544581717997380457,0.612567368769591,0.7503934703215396,0.5586663762933851,3.125641098297016,1.1734633635220835,85.0,0.5288761034606755,2.247680750769496,5.0
10,Processed,Awake,180,7,32,10497844837561053493,0.552848137184965,0.7831286404958608,0.5560580814091883,3.105504327657408,1.164341828436687,59.0,0.5286152739722558,2.2765363433120673,6.0
10,Processed,Awake,180,7,33,15647434906345554795,0.6436258053303243,0.7340482474007376,0.5499703717959756,3.0353598881900767,1.1154842842063835,71.0,0.5325884921016779,2.261705559737606,5.0
10,Processed,Awake,180,7,34,2865210948201335956,0.5993795098285974,0.7555137222613814,0.5714394242505584,3.058774093854203,1.1293195543501073,69.0,0.5319047643165001,2.233652711166881,5.0
10,Processed,Awake,180,7,35,8964119711353625345,0.5811832244357863,0.7663082304190123,0.5684968624491635,3.150909499214013,1.1645289466602653,72.0,0.5373644572974013,2.2621849814506843,5.0
10,Processed,Awake,180,7,36,615663186610393634,0.6254703749141002,0.7422314155846245,0.5655340420467264,3.080358620689655,1.1172966143827299,56.0,0.5249687257846409,2.2418353663811748,5.0
10,Processed,Awake,180,7,37,4109963637984140625,0.5936334413725857,0.7631678781933003,0.5783931890583296,3.111855908880351,1.1572481192430297,56.0,0.5475545336216807,2.2579048494214944,8.0
10,Processed,Awake,180,7,38,17470028490355287009,0.6070955926140461,0.7561827046526608,0.5488156315365642,2.9925160862721274,1.1043938898436751,58.0,0.5284278819126145,2.266361839390056,6.0
10,Processed,Awake,180,8,0,16783475663493911244,0.6667723244574749,0.6939870278713759,0.5822271293055858,3.1312033556681373,1.1392657359987672,59.0,0.46673790941366544,2.1090259978030024,4.0
10,Processed,Awake,180,8,1,17632195073888796673,0.6869516205795612,0.6759313001976732,0.5862991081150891,3.1510425172845555,1.1451564520554052,75.0,0.4623468576377458,2.1081449322217862,4.0
10,Processed,Awake,180,8,2,1137946194897953023,0.6971276195972744,0.676885298740753,0.5799632306391083,3.1594746716697935,1.1705427657794507,66.0,0.45099191175353387,2.084750722839383,4.0
10,Processed,Awake,180,8,3,10764878671182125646,0.6885321125261397,0.6741839582698805,0.5906800305904876,3.1348242124502743,1.1406296318615454,63.0,0.44660339230274454,2.088917052601656,3.0
10,Processed,Awake,180,8,4,5935346319398210857,0.6715946857427829,0.6843284167681571,0.5816801470774435,3.217204963724474,1.1999397752801149,91.0,0.4501511798102782,2.1016279867112777,4.0
10,Processed,Awake,180,8,5,880865911457403193,0.6878920829394942,0.6774971877324627,0.5803785319604755,3.1307269895910173,1.151847731155476,55.0,0.4446256463759895,2.0859916123130295,4.0
10,Processed,Awake,180,8,6,2569815596648892880,0.6513549805157012,0.70056525114481,0.5856812207832988,3.241150256453376,1.2258758769733884,58.0,0.44159192086990434,2.079590717198941,4.0
10,Processed,Awake,180,8,7,5527769264641667710,0.6783171957366864,0.6844411986750087,0.5831033138006655,3.19252419377201,1.1878521855275022,62.0,0.4470364199000238,2.1071151481874932,4.0
10,Processed,Awake,180,8,8,13273869108602693320,0.7241341367605627,0.6498394013587785,0.5775119399129893,3.143692104102338,1.1582036323868201,59.0,0.4391077099170917,2.08479813403227,4.0
10,Processed,Awake,180,8,9,17847529195092302857,0.6977182754604365,0.6639052988604672,0.5968386453073483,3.146366209216639,1.1358686269376153,70.0,0.43007237385222363,2.061680586578615,3.0
10,Processed,Awake,180,8,10,7676516274485329119,0.70076364129157,0.6572669765908644,0.5644350129401814,3.077598586104054,1.1252334673602709,58.0,0.4211206045166551,2.07781595551946,4.0
10,Processed,Awake,180,8,11,242185968759390074,0.7306339689556113,0.6376273866554389,0.5810318718440898,3.2059859154929575,1.1751363655346085,75.0,0.43387592619791643,2.078904581634634,3.0
10,Processed,Awake,180,8,12,18194790079285120662,0.7107737048759311,0.6558356939688125,0.581138229499562,3.180442374854482,1.1773067794039436,56.0,0.41938342947727747,2.0829864037128805,4.0
10,Processed,Awake,180,8,13,997578270703625029,0.6892396624723562,0.675513312038025,0.6001711851788075,3.1754649230934135,1.1699185145516138,65.0,0.4393584101049902,2.093817506003886,4.0
10,Processed,Awake,180,8,14,12930166281116654956,0.6860188966529853,0.6732529668633287,0.5743313395493475,3.164945576332682,1.1747115085268482,53.0,0.43994337721008675,2.096377546095183,4.0
10,Processed,Awake,180,8,15,12773028551106283011,0.7246912383254895,0.6441446048587268,0.582105577699332,3.0674691077957776,1.1201260309506194,56.0,0.4304826105233303,2.0842682164269686,3.0
10,Processed,Awake,180,8,16,12562464048258283932,0.6885496239101584,0.6729390319474645,0.5670838250264628,2.9654377880184333,1.047972451984934,52.0,0.45351410758330085,2.0903170082636913,4.0
10,Processed,Awake,180,8,17,1630262329541385529,0.6528340377319704,0.6905850957714994,0.5845467391249297,3.159512729263619,1.1854530937611254,68.0,0.44054607059109535,2.0945988248892315,3.0
10,Processed,Awake,180,8,18,17518973821595545346,0.6761801810621552,0.6843250874136357,0.5821005130490714,3.1446551205231335,1.160799829583724,54.0,0.4237364963762427,2.0890783789857426,3.0
10,Processed,Awake,180,8,19,2632848743932752436,0.696595854129671,0.6725919134192844,0.5827285296813829,3.1138836265223273,1.1478285330837064,74.0,0.45059433670807864,2.0902288318767033,4.0
10,Processed,Awake,180,8,20,5042673058654023958,0.6636756487828485,0.6898747779870096,0.5796036404706073,3.1431200219719857,1.1599887922054823,58.0,0.451318581695341,2.0878004779532358,4.0
10,Processed,Awake,180,8,21,569046887603548983,0.7152103944121071,0.6570177718942458,0.5835591323241174,3.149260666356903,1.169887863284835,53.0,0.42908983170167186,2.0895402752429337,4.0
10,Processed,Awake,180,8,22,3485664355540843876,0.6712154321857615,0.6876593888928143,0.6046280774081145,3.1759823352576553,1.1605710512232452,69.0,0.4588319903569059,2.09747062568733,4.0
10,Processed,Awake,180,8,23,5453476909799874723,0.7128511932144055,0.6530509799771654,0.5736324178133879,3.0318004175812407,1.093153204116182,70.0,0.44709213105289014,2.0832822013498844,4.0
10,Processed,Awake,180,8,24,3248914383868098917,0.6434384112878151,0.7020608419200569,0.5919259345545893,3.277913336137989,1.2311839663599768,67.0,0.4493560297193677,2.110265436209685,4.0
10,Processed,Awake,180,8,25,9054480841769765087,0.6826661312724213,0.6784241501521979,0.5826728185285165,3.139243614931238,1.157384045481999,57.0,0.45541081910588666,2.089717519376242,3.0
10,Processed,Awake,180,8,26,15304480170957225510,0.7042722162034325,0.6614629671917529,0.5766813372702548,3.1619227458276637,1.160447711295926,62.0,0.42652458634469,2.0859226968184577,4.0
10,Processed,Awake,180,8,27,4848800219006087972,0.6763771471914279,0.684413583235765,0.582475297168354,3.1203841875356106,1.1468037946514604,52.0,0.46186318353786077,2.0843752142808163,3.0
10,Processed,Awake,180,8,28,3893873345578879625,0.6972022352042215,0.6721305440162927,0.5838528820392308,3.0640017010418883,1.1177031135545,70.0,0.46488424741829454,2.099472787365195,3.0
10,Processed,Awake,180,8,29,13846965853370769740,0.6618025953028279,0.6955654319348217,0.5831590249535318,3.146327467482785,1.1703969282201916,53.0,0.44932564181780427,2.1079668306127783,4.0
10,Processed,Awake,180,8,30,1621927891085794770,0.7369105705403753,0.6419120827081344,0.5781298272447796,3.1332345191040845,1.1374295828950083,61.0,0.4291202196032353,2.086009724872284,3.0
10,Processed,Awake,180,8,31,2828773197615888047,0.6984297278616941,0.6637829162072048,0.5865168880762939,3.191742689413775,1.1716133278264576,54.0,0.43544343545356473,2.0781948708032196,3.0
10,Processed,Awake,180,8,32,7169608072455453134,0.7308363646615462,0.6436552803659868,0.5771675436952701,3.1696937668622924,1.1572327566487466,66.0,0.43181714586699216,2.092294478527607,4.0
10,Processed,Awake,180,8,33,2411648143239184985,0.7374478151290282,0.6340111647963308,0.5711912563877901,3.118398495824808,1.1352926125490046,53.0,0.4309713492734759,2.079571837043916,4.0
10,Processed,Awake,180,8,34,18386934583315319968,0.6699519525607457,0.6879951186647205,0.5871297107578236,3.172518540817164,1.1887303899715569,53.0,0.4491711699848567,2.093315552198645,4.0
10,Processed,Awake,180,8,35,4009302212812982762,0.6183799804375666,0.7205036429287172,0.5753290756506809,3.1703552789483966,1.1924487747084374,56.0,0.4482468713123015,2.1174458108043446,4.0
10,Processed,Awake,180,8,36,15947471980636694866,0.6764570050905374,0.6789596908199723,0.5897126823907175,3.1681813234653897,1.163367525406104,55.0,0.4378972585048139,2.0838364484291962,4.0
10,Processed,Awake,180,8,37,5982345378725873720,0.7008879115448056,0.6659110650589083,0.563508181942496,3.1703376549366005,1.1796293198209236,73.0,0.4297406392601559,2.0792481958415525,4.0
10,Processed,Awake,180,8,38,3185590917243989123,0.696333583996126,0.6646688716184963,0.5933339073270295,3.2515126283652513,1.2083074398709828,69.0,0.43631202297325355,2.079374849143133,3.0
10,Processed,Drowsy,60,10,0,4573445363203783869,0.6353472931192813,0.7438146508590735,0.5880405048711427,3.087953629032258,1.1322944159934523,60.0,0.5106541248740222,2.168432851029142,4.0
10,Processed,Drowsy,60,10,1,10116903777904928995,0.5654145720549979,0.7816615138812645,0.5607333109372751,3.186255794927734,1.2079413003810762,49.0,0.48339492249364113,2.1387620766535727,4.0
10,Processed,Drowsy,60,10,2,11277564782256795196,0.5990324657782089,0.7497994184059557,0.5687479003695349,2.971664994984955,1.1141578846880866,47.0,0.49068963862360226,2.129660487398459,4.0
10,Processed,Drowsy,60,10,3,130519751590313734,0.665916311722777,0.721423985236269,0.5577098430676201,2.993560020607934,1.1110192712313978,50.0,0.45750347938762775,2.1269522534582777,4.0
10,Processed,Drowsy,60,10,4,5776304299475047533,0.6300457131656608,0.7374765649263498,0.6031098526659308,3.2297609868928294,1.2175038074866293,64.0,0.46635792100590295,2.1143385552654483,4.0
10,Processed,Drowsy,60,10,5,1825300579619049465,0.5714833239582374,0.7637513332533026,0.5555022316072371,2.995600414078675,1.0887298617355858,43.0,0.469717329749964,2.1293375394321767,4.0
10,Processed,Drowsy,60,10,6,9091671013632679403,0.5560380647344622,0.7568866520452251,0.5293468349570476,2.980275601188868,1.1351856998347911,42.0,0.44061045256034936,2.127694090382387,4.0
10,Processed,Drowsy,60,10,7,4635404617914097818,0.6249903379961298,0.745234047417309,0.5704276047415655,3.0275089149261336,1.1375135264612375,55.0,0.49340116139559437,2.1268100951592883,4.0
10,Processed,Drowsy,60,10,8,8823432049073771707,0.5636973666522773,0.7807933218207859,0.5915438882756635,3.022560078469838,1.1425344949473248,55.0,0.5120458799251332,2.145917135961384,4.0
10,Processed,Drowsy,60,10,9,17463448545554774816,0.6450738239087886,0.7190950346604984,0.5443201996448626,3.0481053480247247,1.1839898493346352,48.0,0.42395738350050394,2.0768778652874103,4.0
10,Processed,Drowsy,60,10,10,12256662027143014184,0.6215029053516373,0.7268822408752852,0.5400489513845563,3.062874251497006,1.1581202767972019,54.0,0.3993137207851418,2.1209533520265103,3.0
10,Processed,Drowsy,60,10,11,4440248267868504377,0.6097093900853973,0.7535978746482351,0.5730671401833277,2.913860419716935,1.0574544008972506,37.0,0.4789317080193886,2.1056018567359427,3.0
10,Processed,Drowsy,60,10,12,5984527338592815079,0.6477463338150702,0.7193797968833072,0.5505111100446322,3.0459373340414233,1.1287672530337516,43.0,0.4648221912943322,2.127512355848435,4.0
10,Processed,Drowsy,60,10,13,11950918896789080554,0.6591401553291483,0.7243918448220091,0.5631808801650909,2.9581547769095033,1.1118011662563394,53.0,0.4785237798147526,2.127827571489543,3.0
10,Processed,Drowsy,60,10,14,11726057852479755107,0.6384518130764112,0.7291549430386257,0.5603973700628689,3.039302446642374,1.1500711399155752,49.0,0.4560637327830302,2.118604391929551,4.0
10,Processed,Drowsy,60,10,15,4210640412138854991,0.6803464658309983,0.6894801167432536,0.5753227431971973,3.0738461538461537,1.1504334038077086,38.0,0.4327638335652925,2.0844891354600095,3.0
10,Processed,Drowsy,60,10,16,9198345069927464776,0.6075686006670491,0.7496178625453703,0.590440082545472,3.124174707973591,1.1951129526776556,45.0,0.47338868359168784,2.1137897782063644,4.0
10,Processed,Drowsy,60,10,17,17728759622502188969,0.6587701021040223,0.7076069331906243,0.5367375341939818,3.0540688148552704,1.1315450080228007,57.0,0.4237654172865576,2.093657379964434,3.0
10,Processed,Drowsy,60,10,18,7184171415950902171,0.6930437496365166,0.6995761403984841,0.5370254835149014,2.830761447002277,1.0011424604850407,52.0,0.5110380573019149,2.131831831831832,4.0
10,Processed,Drowsy,60,10,19,16128007538408298417,0.5862108732397165,0.7634749969574046,0.5959591111964294,3.113060917523189,1.1671588053590827,47.0,0.5043432355905361,2.106223068443732,3.0
10,Processed,Drowsy,60,10,20,14618922118504794001,0.5639292893495528,0.7685595463204797,0.555982147142103,3.0559219203376418,1.148441866392926,49.0,0.44454575994624945,2.1073825503355703,3.0
10,Processed,Drowsy,60,10,21,10390042249207268300,0.663429382389296,0.7195675288018168,0.5748428276623314,3.1372446306966997,1.217478824203494,38.0,0.4976004223256707,2.1316817434210527,3.0
10,Processed,Drowsy,60,10,22,13098186949553970287,0.5784820797666191,0.7568227028554052,0.5851130201084609,3.026061057334326,1.1142656945808085,53.0,0.44284205979747565,2.1416966461645583,3.0
10,Processed,Drowsy,60,10,23,17054323283175987912,0.692499508807058,0.6990697833072685,0.5567500119978883,2.9632183908045975,1.0713654613070491,46.0,0.4529202860296588,2.1541885414288977,4.0
10,Processed,Drowsy,60,10,24,3027332697587137676,0.6688342124512693,0.7148047398139206,0.5416326726496137,2.9614274468643402,1.1076377573983738,59.0,0.47413255267072996,2.1058296919961634,3.0
10,Processed,Drowsy,60,10,25,755872710668869150,0.6585852358735294,0.7025053692816473,0.5789221097086913,3.0454430699318356,1.10965427704958,39.0,0.4581273695829534,2.1070522017437368,3.0
10,Processed,Drowsy,60,10,26,13277192656829437084,0.6998249642124121,0.6688367538359438,0.5234438738781975,2.8649855529288155,1.0445203789795294,32.0,0.44392186975092385,2.0878004739871345,3.0
10,Processed,Drowsy,60,10,27,10943445469586604297,0.5999518498124132,0.7357346946634384,0.5556462062676969,3.062152869611214,1.1376894029871496,48.0,0.44994480971349043,2.0682770791969998,3.0
10,Processed,Drowsy,60,10,28,11397887384868958239,0.646497304168226,0.7178178137733672,0.5337140663243269,3.002429805615551,1.1034221064454637,35.0,0.4427460766905025,2.122756557754257,4.0
10,Processed,Drowsy,60,10,29,1542055732607278262,0.6832768477594846,0.6982535301035753,0.5508470509190383,2.9050873196659075,1.081076125041861,44.0,0.46597398857801026,2.1209043250327655,3.0
10,Processed,Drowsy,60,10,30,8788368250622596567,0.68360170630964,0.6857111037566614,0.5808417718481548,3.096980552712385,1.1291079097116516,40.0,0.4211978691750252,2.0785079928952044,3.0
10,Processed,Drowsy,60,10,31,4131942345419127829,0.6034015544553598,0.7500919011018625,0.5614531842395738,3.1130920702501332,1.1777786044701828,46.0,0.44281806402073237,2.1090285714285715,4.0
10,Processed,Drowsy,60,10,32,8729650386776239226,0.7167148141016778,0.6746371699083717,0.5602054038489226,2.9657012195121952,1.08734160267464,57.0,0.45541584681096126,2.1174829856074977,3.0
10,Processed,Drowsy,60,10,33,12831006961051765549,0.6615857431030407,0.7088226939932503,0.5695157652253203,2.978664658634538,1.0873151951662376,48.0,0.486250419926093,2.1341758820431806,4.0
10,Processed,Drowsy,60,10,34,5209248074356025833,0.6193273724302183,0.7227782406270603,0.5609252771512214,3.1126498002663117,1.2086848371144279,38.0,0.43396362240245717,2.1206613508442778,3.0
10,Processed,Drowsy,60,10,35,10926454894978833170,0.7614207612799475,0.632581574805837,0.5345299227335989,3.0282762370853726,1.1481561490222554,44.0,0.4044248212314633,2.0833127317676143,4.0
10,Processed,Drowsy,60,10,36,11393176906218541108,0.648006626676382,0.7105289885671847,0.5611652349186543,3.0261387163561078,1.1000661371935272,51.0,0.43336372798387485,2.068491581720307,3.0
10,Processed,Drowsy,60,10,37,5234405639152224030,0.6806177501126005,0.6948494507591629,0.5271392234966645,3.0068436901177114,1.1093729332695523,43.0,0.44838508422517637,2.0929659498207887,4.0
10,Processed,Drowsy,60,10,38,3111307001839783372,0.6824282561469871,0.6838182107028192,0.5416806642031002,2.936264308012487,1.0597679154502526,41.0,0.44528962902529157,2.0766562220232765,3.0
10,Processed,Drowsy,60,11,0,14689854887443163343,0.633763407135959,0.7318511699575717,0.5484474732447089,3.0073684210526315,1.1228318644881023,49.0,0.4126793684311561,2.0909422492401215,4.0
10,Processed,Drowsy,60,11,1,7114181699416138319,0.6284206702687247,0.7395757759777782,0.5899121754571195,3.0830198143967897,1.1617753526598409,40.0,0.45008878437395017,2.100683167207974,3.0
10,Processed,Drowsy,60,11,2,11570023552378299712,0.7327324283502795,0.6503831279219283,0.5280990545663963,2.938317757009346,1.1003850721948494,30.0,0.4058885636128041,2.0721548450324634,3.0
10,Processed,Drowsy,60,11,3,6180485726774097183,0.6696630058593621,0.7093036084878561,0.5589096319047847,2.8635357757560858,1.1072996330364513,29.0,0.4232615059749484,2.101632312641487,3.0
10,Processed,Drowsy,60,11,4,8802459362231182309,0.7062255262626106,0.6830952172003806,0.552958679272448,2.9849740932642486,1.1368511108284554,34.0,0.42935643326774486,2.1145119357125974,4.0
10,Processed,Drowsy,60,11,5,5828653711369124176,0.6751763279347969,0.6893634213513262,0.5382252723520661,2.9404824331410593,1.0978091470367506,34.0,0.4126793684311561,2.079313263208802,3.0
10,Processed,Drowsy,60,11,6,9989057211375923216,0.6417023438820366,0.7185866612196503,0.5512789749004176,2.9674502712477397,1.119011644964203,47.0,0.3975380333061381,2.0949671219018717,3.0
10,Processed,Drowsy,60,11,7,3848006594378916784,0.7079667104456883,0.6766004320948589,0.539041128761338,2.8940994589023448,1.067469405681589,47.0,0.429860344579354,2.084235020360675,3.0
10,Processed,Drowsy,60,11,8,17041048068078206831,0.6603719401881457,0.7023951879931067,0.5480155492633296,2.9167305236270753,1.0865924736890598,45.0,0.43005231079330036,2.1037680478929452,3.0
10,Processed,Drowsy,60,11,9,2303594955061959775,0.6421150428907254,0.7236711077625034,0.5560301386955896,2.879940343027591,1.0201612172462438,45.0,0.4592071795364016,2.1034293251264016,3.0
10,Processed,Drowsy,60,11,10,312540538537041666,0.6879553183249201,0.6831623925282805,0.5462878533378125,2.9217145790554415,1.063737992326336,40.0,0.43689110716513896,2.0635838150289016,3.0
10,Processed,Drowsy,60,11,11,2576663095967267085,0.724470500110897,0.668199944619088,0.5544944089840188,2.9816774193548388,1.104710798034601,45.0,0.4493449152949081,2.0827494160827493,3.0
10,Processed,Drowsy,60,11,12,11756249957110906501,0.6357719839428516,0.7259831138466915,0.5586696741373518,2.9117058529264632,1.0577804513938345,48.0,0.44389787397418057,2.0832207207207207,3.0
10,Processed,Drowsy,60,11,13,11515959521527630338,0.6645248005815982,0.7072463697177533,0.5741709459135192,3.0015052684395385,1.0773010752494623,65.0,0.45364015933195756,2.096130391395942,3.0
10,Processed,Drowsy,60,11,14,11604291023985508789,0.6814516170009078,0.6851484273994874,0.5531026539329078,2.9370540265035676,1.123941545646794,43.0,0.35528147046119885,2.054106548279689,3.0
10,Processed,Drowsy,60,11,15,5827030677169386644,0.6327703394215108,0.725565700921399,0.5601094207419495,3.068086225026288,1.1557824273744255,47.0,0.420693957863416,2.076759061833689,3.0
10,Processed,Drowsy,60,11,16,10513346314293107847,0.6403710793929305,0.7151852148085448,0.5498392282958199,2.7521018496276723,0.9668606442243374,42.0,0.4543840284109997,2.0729064039408867,3.0
10,Processed,Drowsy,60,11,17,12986542532328237320,0.6742232740624717,0.6961408431902132,0.5324662859336756,2.8795743576433948,1.052839020553084,35.0,0.431492057397898,2.070227953027861,3.0
10,Processed,Drowsy,60,11,18,8143082451836297998,0.710901343436732,0.6760437061260816,0.5654364831789606,2.935958136057812,1.047976078731216,45.0,0.3982339108316936,2.0580357142857144,3.0
10,Processed,Drowsy,60,11,19,11847917042141667793,0.6506498939693126,0.7211421303577046,0.5484954647981956,3.246875,1.1758302829136684,41.0,0.45040072947161297,2.1026100593704493,3.0
10,Processed,Drowsy,60,11,20,864809660021552048,0.6802525337861824,0.6780043924682762,0.5265153333013389,2.9334224598930483,1.0601520095313817,54.0,0.419302202812305,2.081477069684336,3.0
10,Processed,Drowsy,60,11,21,5348592743805327051,0.7456469322085554,0.6280784380389804,0.5276191390315305,2.878764074365017,1.002646993557104,55.0,0.38724384508326537,2.0350567465321565,3.0
10,Processed,Drowsy,60,11,22,13674238688625325383,0.7533212655803055,0.6351347112085022,0.5565580457839421,2.938180896883709,1.1026164865625556,28.0,0.41215146134280367,2.09157330735509,3.0
10,Processed,Drowsy,60,11,23,18438768744444262750,0.6238537849296627,0.725427233844658,0.577098430676201,2.9935275080906147,1.0840167968421028,59.0,0.41301530930556224,2.08150925142097,3.0
10,Processed,Drowsy,60,11,24,13268136844263324115,0.6441962206961871,0.7204748431458631,0.5415366895426404,2.7909967845659165,0.9635988141130947,49.0,0.4654460814896578,2.104709201388889,3.0
10,Processed,Drowsy,60,11,25,9974096456307965846,0.6567544039647604,0.7173164057601579,0.5691798243509142,2.7912449988232524,0.9968151007080436,36.0,0.48685031434467535,2.102704943517463,3.0
10,Processed,Drowsy,60,11,26,7170936472934397523,0.7075044888906298,0.6717698327847614,0.5160531746412631,2.941192560175055,1.0913958121584268,39.0,0.40468877477563947,2.0602247740043977,3.0
10,Processed,Drowsy,60,11,27,5158658864581833621,0.7202817467357994,0.6570182818945451,0.5437922925565101,3.069068255687974,1.1890431744026548,40.0,0.39605029514805395,2.0667417981467566,3.0
10,Processed,Drowsy,60,11,28,9288930543949067890,0.7404948746128769,0.644970444159719,0.5663483226952056,2.9569030318215987,1.0875886125283225,47.0,0.434851466141959,2.067541357672561,3.0
10,Processed,Drowsy,60,11,29,1929773723238241783,0.7334313895347451,0.6554869319273317,0.5324182943801891,2.899634082592786,1.080794403854974,40.0,0.4274607669050247,2.067308808169897,3.0
10,Processed,Drowsy,60,11,30,1009047626807349424,0.6357754392434996,0.7184880918040377,0.5515189326678505,3.0075896362208847,1.1208026639275666,39.0,0.418150405528627,2.0745238095238094,3.0
10,Processed,Drowsy,60,11,31,16452652189664689893,0.7002630202302274,0.6808979350052913,0.5443681911983491,2.9623922695220686,1.0951211241852965,44.0,0.4422901569323799,2.0679905755637833,3.0
10,Processed,Drowsy,60,11,32,7878856562560844028,0.5123970507272739,0.7934565867499468,0.580697797187695,3.1330916623511134,1.2196536102744384,53.0,0.41618275183567693,2.0931692010620324,4.0
10,Processed,Drowsy,60,11,33,3959882818079396555,0.6174575113187326,0.7325317092608821,0.5453280222680809,2.8745256767012397,1.044114900515746,36.0,0.4757882612660172,2.1102596849723287,4.0
10,Processed,Drowsy,60,11,34,14749652343015616374,0.6711162991138465,0.7044869214782974,0.5703316216345923,2.984429934706178,1.0915496437849537,43.0,0.42873254307241926,2.0804611085235214,3.0
10,Processed,Drowsy,60,11,35,11210764252652214064,0.6593200759949813,0.7092930989481039,0.5341459903057062,3.0,1.115083155290636,36.0,0.4244133032586265,2.0674459380479253,3.0
10,Processed,Drowsy,60,11,36,14072302184426177429,0.7162792472996728,0.6652150477451652,0.5642846858952825,2.951305220883534,1.0670404886897367,51.0,0.43782694245812737,2.0919513872964917,3.0
10,Processed,Drowsy,60,11,37,15970059265072097102,0.7229231305976515,0.6510314872820374,0.5363536017660891,2.994640943193998,1.1073205535497206,42.0,0.39211498776215387,2.074784154393093,3.0
10,Processed,Drowsy,60,11,38,18135616636347337208,0.6423648485500298,0.7286135256773215,0.5577578346211067,2.9777094542659492,1.0965821589699605,50.0,0.4468493545136056,2.103705377315861,4.0
10,Processed,Drowsy,60,12,0,11911363558787597966,0.5293222676529354,0.7864252932532363,0.5662523395882325,3.1173051519154558,1.1823506746980894,47.0,0.47283678072659213,2.135348938014738,4.0
10,Processed,Drowsy,60,12,1,17028163447555831216,0.516878707820458,0.7948400601391756,0.5411047655612612,3.0268456375838926,1.1120883481969295,54.0,0.5126457743437155,2.1889344262295083,4.0
10,Processed,Drowsy,60,12,2,13092314479742563722,0.5391642999624113,0.7899163508424758,0.571291452704324,3.176941553242594,1.2133436215008095,84.0,0.45200844651341365,2.1160413390249384,4.0
10,Processed,Drowsy,60,12,3,2609411590461166526,0.6288666787562596,0.7234978231182047,0.539041128761338,2.9257619171659286,1.0478368312275317,50.0,0.4787877333589288,2.128547045018135,4.0
10,Processed,Drowsy,60,12,4,14112444256967404731,0.6331065582195553,0.7413267145839567,0.5202764313480828,2.830548302872063,1.0189544029853221,39.0,0.5013437634976244,2.1829484902309058,4.0
10,Processed,Drowsy,60,12,5,17512268073820327870,0.5029374063711215,0.8093803098617303,0.5494073043144406,3.045490822027135,1.137747407093748,44.0,0.4806354081681624,2.1708030779234853,4.0
10,Processed,Drowsy,60,12,6,14986479491627949343,0.6147716580762341,0.7535681768824781,0.5569899697653213,3.068746694870439,1.146305753647545,42.0,0.4626865671641791,2.1130958904109587,3.0
10,Processed,Drowsy,60,12,7,14426658425205031696,0.601388978319511,0.7478793135292291,0.5436003263425637,2.9768725361366624,1.098085314864427,34.0,0.4784997840380093,2.1155315085932527,4.0
10,Processed,Drowsy,60,12,8,10166237951199548233,0.5555598866010087,0.7755592484488868,0.5672121706579641,3.0603314344899015,1.1544591397403177,33.0,0.4627825502711523,2.168915879442195,4.0
10,Processed,Drowsy,60,12,9,72397495455725438,0.5668823173714925,0.7659629187854925,0.5499352114027931,3.2628132118451023,1.2679511156352437,48.0,0.43113212074674856,2.136131256687671,4.0
10,Processed,Drowsy,60,12,10,13228681466519207095,0.5593494060972519,0.7664769799154868,0.5448481067332149,2.976664918720503,1.0762080321750083,47.0,0.486658348130729,2.133494634967389,4.0
10,Processed,Drowsy,60,12,11,4515488201318019313,0.5759086569562752,0.7657626718257963,0.566540288909152,2.998475996951994,1.1234713029252008,44.0,0.41075970629169267,2.126195503664141,4.0
10,Processed,Drowsy,60,12,12,16746689545756921045,0.6219557030975602,0.7463606262794741,0.5686519172625618,3.1042703694000524,1.1751163538209994,47.0,0.46220665162931324,2.110441547058179,3.0
10,Processed,Drowsy,60,12,13,256546013808654735,0.6077641121353045,0.7581760922628508,0.5555502231607237,3.18021978021978,1.1702943046977174,51.0,0.45762345827134426,2.155889667646394,4.0
10,Processed,Drowsy,60,12,14,9493404355677776220,0.6122167686829253,0.7407990948227818,0.554014493449153,3.0816871329418047,1.1344674903301009,37.0,0.4316360320583577,2.105337078651685,3.0
10,Processed,Drowsy,60,12,15,1002647002460631661,0.5499832347398456,0.7739807103261866,0.560973268704708,3.163464140730717,1.184745226035491,67.0,0.47413255267072996,2.156860604737474,4.0
10,Processed,Drowsy,60,12,16,1788942934834871234,0.5175402953949383,0.7935113128680849,0.5672121706579641,3.1831403178023163,1.1976825157538273,53.0,0.44737726160195807,2.1193588723428443,3.0
10,Processed,Drowsy,60,12,17,10769431744039766429,0.5985633860519551,0.7624034909155079,0.5705235878485386,3.187131367292225,1.2324205869783944,45.0,0.43089216297931565,2.1306359753203608,3.0
10,Processed,Drowsy,60,12,18,2825690739613379236,0.5877976180342662,0.7536992529416224,0.547391659068004,2.950336264873254,1.1083034087801487,41.0,0.41781446465422084,2.118763689462156,4.0
10,Processed,Drowsy,60,12,19,16295452357635955609,0.5770599674286769,0.7662125841404126,0.5615011757930605,3.020914020139427,1.120711367491731,42.0,0.48711426788885154,2.137517110666526,4.0
10,Processed,Drowsy,60,12,20,16074910438964288410,0.608495799205209,0.7509059947065867,0.5604453616163555,3.0175710594315244,1.1190053685768169,45.0,0.46988530018716707,2.122019939315128,4.0
10,Processed,Drowsy,60,12,21,11775191406383334020,0.6735581789136436,0.7049326964128448,0.5366895426404953,3.02734163508392,1.1416475872707754,30.0,0.43144406584441136,2.102186367356483,3.0
10,Processed,Drowsy,60,12,22,1348042554072895814,0.5957389301103747,0.7517585085957518,0.5210922877573547,3.041456582633053,1.1027741167574652,57.0,0.4721648989777799,2.147440794499618,3.0
10,Processed,Drowsy,60,12,23,15651718268185752585,0.6088817092465876,0.7420573035010659,0.5495032874214139,3.033112582781457,1.1104189732447558,48.0,0.44524163747180495,2.1217838765008574,3.0
10,Processed,Drowsy,60,12,24,11666239887946497925,0.4782720408725958,0.8071905077472457,0.584873062341028,3.149909537348152,1.1961654955909669,47.0,0.4818112012285838,2.1725816922743997,4.0
10,Processed,Drowsy,60,12,25,14465667022747330329,0.6355851973330084,0.7377045294706908,0.5191246340644047,2.9227235882194003,1.0453258419407627,33.0,0.4755722992753275,2.1579921602787455,4.0
10,Processed,Drowsy,60,12,26,3937692979119365960,0.5999220626823222,0.7633004581859768,0.5692278159044009,3.009642222786095,1.1160409178131574,61.0,0.4504487210250996,2.133666742441464,4.0
10,Processed,Drowsy,60,12,27,13778109774325557249,0.5263406150702434,0.7836099933448631,0.5467677688726784,2.9840230487166055,1.0969978353251073,35.0,0.48641839036329604,2.151225724291627,4.0
10,Processed,Drowsy,60,12,28,5724405899546570029,0.564955425839488,0.7741753429414123,0.5668762297835581,3.3452279807419996,1.2390445331971842,46.0,0.42206171713778373,2.1034441521167184,4.0
10,Processed,Drowsy,60,12,29,17828400881960699793,0.547264352511952,0.7939482878534325,0.5753227431971973,3.0403246259193506,1.1243185911973221,33.0,0.488458031386476,2.15864262990456,4.0
10,Processed,Drowsy,60,12,30,17943291600409063243,0.6718827315495086,0.7069960504207645,0.5325142774871623,3.009492812584757,1.12997186921491,48.0,0.42582905408648075,2.1357564087134433,4.0
10,Processed,Drowsy,60,12,31,12886337879639427734,0.5457464720023888,0.769235171188413,0.5599174545280031,3.074308300395257,1.1479967359703938,47.0,0.4536641551087009,2.1601919561243146,3.0
10,Processed,Drowsy,60,12,32,5197477348180828949,0.6465558042575865,0.7180635027765566,0.5538705187886932,3.0547908946532556,1.173061856884817,36.0,0.451384556318088,2.1579671905472066,3.0
10,Processed,Drowsy,60,12,33,8274399909489645985,0.6033063205168437,0.7528708220350434,0.5644286605557421,3.0901208617971623,1.1250822544790664,71.0,0.47161299611268415,2.1388616824464033,4.0
10,Processed,Drowsy,60,12,34,4474590204648712879,0.6860800342956956,0.6968745765122057,0.5355377453568172,2.848136804492088,1.0115275213501143,46.0,0.47691606277295195,2.1331973811312652,4.0
10,Processed,Drowsy,60,12,35,4788617157409596427,0.5748985976031029,0.7762961593659484,0.5318903872918367,3.020714091032979,1.0871440448536898,46.0,0.44872102509958245,2.117540482391575,3.0
10,Processed,Drowsy,60,12,36,7036666576076617718,0.5382823538857173,0.7766335905367574,0.5630369055046311,2.958144225920323,1.0866872587826626,64.0,0.4587752555550223,2.1179793951478896,4.0
10,Processed,Drowsy,60,12,37,7982459202697758059,0.5089162713839279,0.7935198686611185,0.5686519172625618,3.0832682799895914,1.1363070828522306,36.0,0.4155588616403513,2.136969397828233,4.0
10,Processed,Drowsy,60,12,38,15195005197275769520,0.6215895823667621,0.7397603137610771,0.5317944041848635,2.992438563327032,1.0930763291742729,40.0,0.46537409415942793,2.1140178766078046,4.0
10,Processed,Drowsy,60,13,0,8692408289424803045,0.5153977070753748,0.7948028462814133,0.5725392330949752,2.976546906187625,1.0979292889621766,37.0,0.5113020108460911,2.1831967213114756,4.0
10,Processed,Drowsy,60,13,1,12035142865348012563,0.5830968079979464,0.7748008443992686,0.5766665066948217,2.9207583859990276,1.0374191614392727,52.0,0.5701876469741326,2.193482876396197,4.0
10,Processed,Drowsy,60,13,2,8210039064636150962,0.5834316006028077,0.7562499355067366,0.5869846906944378,2.991195891415994,1.0490960503092925,42.0,0.5489273887795748,2.1826161625799063,4.0
10,Processed,Drowsy,60,13,3,12708226738855812296,0.5609798738079533,0.7747095758540067,0.573163123290301,3.040478615071283,1.1106282188063685,32.0,0.5216441906224505,2.1460019743336622,4.0
10,Processed,Drowsy,60,13,4,13256442679442340948,0.5825836141434354,0.765749323971524,0.5836252819503768,2.968994140625,1.0541636315788447,53.0,0.5375053990497672,2.1764477263894286,4.0
10,Processed,Drowsy,60,13,5,13117897847353800134,0.5943631914699609,0.7753800467133776,0.6027739117915247,3.168516649848638,1.1486764879768812,53.0,0.49424101358160966,2.1893069727891157,4.0
10,Processed,Drowsy,60,13,6,3253897145074733767,0.5340685629826641,0.7886892062330987,0.5890003359408744,2.9941449133935105,1.111801772323202,34.0,0.5615251715698037,2.252478583116758,4.0
10,Processed,Drowsy,60,13,7,3894973234102929719,0.5171486341014655,0.8035790615106377,0.5934155588616403,3.1503184713375796,1.1418416840495338,37.0,0.579306042136584,2.274114544084401,4.0
10,Processed,Drowsy,60,13,8,9006849072128291538,0.5500692730647213,0.7915920899990982,0.5604453616163555,3.023039088791095,1.082504655502128,55.0,0.5435043432355905,2.2024504084014,4.0
10,Processed,Drowsy,60,13,9,485252489732890697,0.6507745273170952,0.7270803659953557,0.5661083649277727,3.001526717557252,1.0734228322531956,54.0,0.5242357345107261,2.174263535031847,4.0
10,Processed,Drowsy,60,13,10,9932316689169600418,0.6216133312914197,0.7383717470156342,0.5938474828430196,2.9745192307692307,1.0536871120651865,44.0,0.4782118347170898,2.08965083359547,4.0
10,Processed,Drowsy,60,13,11,12926756954125042674,0.5986450560070072,0.7623905992657978,0.5889523443873879,2.9866147481138965,1.068639098348298,49.0,0.5544944089840188,2.204961832061069,4.0
10,Processed,Drowsy,60,13,12,12537655797509000055,0.5519215620730149,0.7876270742234808,0.5680280270672362,3.008642602948653,1.0999066858850073,44.0,0.528147046119883,2.1968260305419705,4.0
10,Processed,Drowsy,60,13,13,126570301957703621,0.6003943751406795,0.7693397970351037,0.5887603781734415,3.0723766591535187,1.1008497558163615,49.0,0.565316504295244,2.2375344287206764,4.0
10,Processed,Drowsy,60,13,14,3111602725642578150,0.4916872846146758,0.8200911777239064,0.5793540336900705,3.1718339464004206,1.1973429488262,56.0,0.5285549743245189,2.197864697665137,4.0
10,Processed,Drowsy,60,13,15,8602251174007214289,0.5894238577946199,0.7613789487262417,0.5830013917550511,3.011403073872087,1.0851486379819228,50.0,0.48805010318184,2.1618835034013606,4.0
10,Processed,Drowsy,60,13,16,9251379112238166539,0.6459029259735559,0.7409379906253127,0.5539665018956663,3.0748534896110815,1.1032844019234562,68.0,0.5298747420454,2.234115742614326,4.0
10,Processed,Drowsy,60,13,17,16407109671648797344,0.5548124979663217,0.7859556382284145,0.6026779286845515,3.12,1.1029520566799162,54.0,0.5331621634592312,2.2130478087649403,3.0
10,Processed,Drowsy,60,13,18,17786220007492833939,0.6040821044275366,0.7596338395623092,0.5426884868263185,3.0098482832046844,1.0780313014549636,50.0,0.5074146950136776,2.1632736572890026,4.0
10,Processed,Drowsy,60,13,19,15958186216212539908,0.6953863216364604,0.7005875034390063,0.5646686183231752,3.037955073586367,1.1301378629358225,51.0,0.5072707203532179,2.1558229655313075,4.0
10,Processed,Drowsy,60,13,20,2627693528759876804,0.6294584222054871,0.7278728020538945,0.5866967413735182,3.149961350167483,1.1322876751029376,52.0,0.493449152949081,2.127677185721676,4.0
10,Processed,Drowsy,60,13,21,15236739929391590351,0.5564128590415847,0.7739869928046663,0.610740509670298,3.1360275998028584,1.1687762446941248,40.0,0.49978403800931037,2.144784265266193,3.0
10,Processed,Drowsy,60,13,22,3853954690913293206,0.5472730822200265,0.7873891516457638,0.5713874358112973,2.9914572864321607,1.0857481302890712,36.0,0.49378509382348706,2.1406428794340995,4.0
10,Processed,Drowsy,60,13,23,3216682491319572240,0.6414312808562638,0.736065446992289,0.6260498152325191,3.2083128381701917,1.133945680674638,47.0,0.55377453568172,2.174912826312317,4.0
10,Processed,Drowsy,60,13,24,11832384251217076469,0.6064042236101632,0.7577151821279036,0.5950472716801843,2.9769507803121247,1.0545522078080565,41.0,0.5438882756634832,2.163199083794617,3.0
10,Processed,Drowsy,60,13,25,7870252060068751518,0.5586373410966695,0.7808253935074106,0.6009022412055478,2.960047281323877,1.054343389687414,46.0,0.5639007534673898,2.200374531835206,4.0
10,Processed,Drowsy,60,13,26,2796596580539372014,0.529757700721303,0.8084422194539876,0.5775303546575803,2.9757665677546985,1.0864446151155196,49.0,0.5075106781206508,2.1645686214307647,3.0
10,Processed,Drowsy,60,13,27,14957022142527029822,0.6359306428240125,0.7292775333591016,0.5826174593271585,3.1846799580272824,1.112727388843511,48.0,0.5034793876277776,2.1386199164203443,3.0
10,Processed,Drowsy,60,13,28,2691569987158755185,0.5889666004492524,0.7687152445182438,0.5675961030858568,2.9820978315683306,1.085621884588697,50.0,0.5407448289101118,2.190203129555836,4.0
10,Processed,Drowsy,60,13,29,10475443874303583785,0.5467128946025661,0.7854255509205138,0.5787301434947449,3.036002014098691,1.127052077820445,37.0,0.5443681911983491,2.2149970708845927,4.0
10,Processed,Drowsy,60,13,30,4621415688494347491,0.5698788623017497,0.7786078870530078,0.5973508662475404,3.0801781737193763,1.1234418661673846,50.0,0.5332581465662043,2.197903273662348,4.0
10,Processed,Drowsy,60,13,31,14383043800118107534,0.6075363441725113,0.7548205681637848,0.5819935691318328,3.0531218529707957,1.1003086815437397,50.0,0.5220521188270865,2.18521494576135,4.0
10,Processed,Drowsy,60,13,32,16642862406490022505,0.5097875208827136,0.8103512003150697,0.5806018140807218,3.091745463838487,1.15463837402832,46.0,0.5087824542880452,2.19720207253886,4.0
10,Processed,Drowsy,60,13,33,3750136999956348686,0.5989456328364822,0.7697861205991484,0.6118923069539761,3.042959427207637,1.0334594940719235,49.0,0.5659643902673129,2.1918037357122944,4.0
10,Processed,Drowsy,60,13,34,811699745753338696,0.6613967240414578,0.7210418197426213,0.5637087872534434,2.924800796812749,1.0253464433164379,40.0,0.5293708307337909,2.166028473244968,3.0
10,Processed,Drowsy,60,13,35,1350248125008125669,0.5443141319749558,0.7899928147723669,0.5683639679416422,2.9026960784313727,1.0355406118720496,49.0,0.537001487738158,2.2227850615812477,4.0
10,Processed,Drowsy,60,13,36,14672441474512863355,0.6222939218219309,0.7515081736523146,0.5837212650573499,2.93437876960193,1.0358940041668931,49.0,0.5495272831981571,2.143485585922875,4.0
10,Processed,Drowsy,60,13,37,8950598139931469422,0.6220161437868457,0.7402115203133719,0.5835292988434035,3.0367132867132867,1.0758636693098138,43.0,0.4938330853769737,2.165631905713985,3.0
10,Processed,Drowsy,60,13,38,25127329827771933,0.6091949537994413,0.7628478486431302,0.5838652397178097,2.9608177172061327,1.068040412469371,39.0,0.510390171329846,2.133186240096279,4.0
10,Processed,Drowsy,60,32,0,10085579701840501629,0.5218975641849366,0.8109723706507597,0.5611652349186543,2.849171539961014,1.039218169301034,48.0,0.5089744205019916,2.154275848060126,4.0
10,Processed,Drowsy,60,32,1,3078498002580733413,0.5695274039778944,0.7706727132666286,0.5803138647598023,3.0902121134679272,1.1421418221849675,56.0,0.4964966165954792,2.1604886707737285,4.0
10,Processed,Drowsy,60,32,2,2692176652826311818,0.5985955035496542,0.7584181101489591,0.5738350050391131,2.929919137466307,1.1049736334136813,35.0,0.49412103469789315,2.115906288532676,4.0
10,Processed,Drowsy,60,32,3,17835940190444296410,0.5998282883912496,0.7659670006377035,0.5336180832173537,2.8106673407482305,1.0016136909640787,30.0,0.48922589624226137,2.148593107809042,4.0
10,Processed,Drowsy,60,32,4,16842809370764530213,0.5353525882009575,0.799978704510206,0.5472476844075442,2.9664412070759627,1.1367570668512395,43.0,0.5068867879253252,2.194017449106772,4.0
10,Processed,Drowsy,60,32,5,4230767696104230560,0.6159886687099791,0.7562586157741227,0.5573259106397274,3.0023267838676317,1.1227536636646114,43.0,0.4507606661227624,2.152515182766128,4.0
10,Processed,Drowsy,60,32,6,7575365807741206187,0.5165062384732458,0.8047197420073162,0.5792100590296108,3.1121712222795255,1.1862131172938806,39.0,0.49978403800931037,2.1565541519983435,4.0
10,Processed,Drowsy,60,32,7,16690425685046042558,0.5527150675390795,0.7871383339332748,0.5700916638671594,3.1285225177771925,1.176781807250996,41.0,0.4640783222152901,2.1476957245974457,4.0
10,Processed,Drowsy,60,32,8,9500081222608412843,0.5972280562817776,0.7615969132290368,0.5323703028267025,2.9238270954138113,1.0839055400841477,36.0,0.4576714498248308,2.1310614525139666,4.0
10,Processed,Drowsy,60,32,9,6892736186423446549,0.6100880665325362,0.7595094886336389,0.5471517013005711,2.9490429384376617,1.1096358734532958,33.0,0.5077506358880837,2.159183673469388,4.0
10,Processed,Drowsy,60,32,10,5081498751288283693,0.6040630068462571,0.7588602308420318,0.5647166098766617,2.9964349376114083,1.0922997092632325,43.0,0.5299707251523732,2.185434395408668,4.0
10,Processed,Drowsy,60,32,11,500029135765287867,0.4963838067682231,0.8205679054174015,0.5577098430676201,2.925730110775428,1.0866717394002794,47.0,0.509406344483371,2.1827061484680237,4.0
10,Processed,Drowsy,60,32,12,14760135823843939394,0.5783502418709016,0.7737237031164771,0.5457119546959736,2.928405871748648,1.0954444149136906,31.0,0.5144694533762058,2.1350328619796852,4.0
10,Processed,Drowsy,60,32,13,13552044376310552983,0.5749207184505793,0.7937528667060285,0.5547823583049384,3.004158004158004,1.131397761723231,41.0,0.5040072947161299,2.1378117048346055,4.0
10,Processed,Drowsy,60,32,14,2752929786678111035,0.5189986998943925,0.8009058558756972,0.54182463886356,3.0855424979502595,1.1448946020288215,47.0,0.4743965062149062,2.165151681086409,4.0
10,Processed,Drowsy,60,32,15,3655796459046610603,0.5362766216377662,0.7963338337883059,0.5709555118299179,2.992955974842767,1.1496750740434731,35.0,0.4881460862888132,2.148152059134108,4.0
10,Processed,Drowsy,60,32,16,5711951113327751275,0.5298680527208488,0.7877355776831525,0.5631328886116044,3.04304979253112,1.134201182787357,55.0,0.5228199836828719,2.1538157374456306,4.0
10,Processed,Drowsy,60,32,17,11301556847427843038,0.5081067601289945,0.8228128266342654,0.531506454863944,2.926797040169133,1.0815143537073932,30.0,0.5278111052454768,2.148886283704572,4.0
10,Processed,Drowsy,60,32,18,14252095223599995606,0.6280295745427661,0.7442363804297292,0.5675961030858568,2.883930748597903,1.065605397368427,39.0,0.49493689110716516,2.122453179666598,4.0
10,Processed,Drowsy,60,32,19,6065402466183389938,0.5651151796381064,0.7757302733494129,0.5628449392906848,2.9880254777070063,1.0863348933086416,43.0,0.48476268176800885,2.1370993335449064,4.0
10,Processed,Drowsy,60,32,20,16145576095265662644,0.5679651174352937,0.777701505628277,0.5902481163315256,3.0345423143350603,1.1461414867122715,44.0,0.5429284445937514,2.1930793835417273,4.0
10,Processed,Drowsy,60,32,21,16361402728270508822,0.5689582400098657,0.7685981726069074,0.5570379613188079,3.0329239613274104,1.1293780717269666,48.0,0.4570475596295052,2.1248326639892907,4.0
10,Processed,Drowsy,60,32,22,16850764076605010646,0.5588038213242166,0.7774452901077423,0.5627009646302251,2.882960413080895,1.083564380899958,32.0,0.4996640591255939,2.1260976107821117,4.0
10,Processed,Drowsy,60,32,23,6514976518443060662,0.5974690839222458,0.7769766657620452,0.5470077266401113,2.894362620619604,1.0443784185960383,36.0,0.500815856409272,2.156317801425767,4.0
10,Processed,Drowsy,60,32,24,15377204182372526193,0.5292725644973267,0.799880864396199,0.5835292988434035,3.0382308845577213,1.1599565278933341,40.0,0.529466813840764,2.1685503685503686,4.0
10,Processed,Drowsy,60,32,25,12559315230977564021,0.48011783137381187,0.8226965908430606,0.5300667082593463,2.928931317952798,1.087816211188505,50.0,0.5011517972836781,2.123106638202704,4.0
10,Processed,Drowsy,60,32,26,6291648381913187233,0.5518736729859532,0.7894157906424702,0.5833373326294572,3.1375838926174495,1.2179020082928642,38.0,0.5008638479627585,2.1598716887417218,4.0
10,Processed,Drowsy,60,32,27,1137214896719561449,0.4879626150359587,0.8021286632821133,0.5836252819503768,3.1222079589216944,1.1755464185709692,49.0,0.47336468781494456,2.147507075985195,4.0
10,Processed,Drowsy,60,32,28,17449405597184075519,0.516992968189825,0.7999575764322381,0.5330901761290013,2.9534698218558892,1.1117089090108265,35.0,0.43161203628161443,2.129395051497573,4.0
10,Processed,Drowsy,60,32,29,13225517017822491653,0.5102028699918423,0.8052076573785959,0.5663483226952056,2.9268353174603177,1.0906974921700219,42.0,0.5473196717377742,2.243655321660437,4.0
10,Processed,Drowsy,60,32,30,5909657082157384328,0.6854822786826726,0.7030736981042807,0.5407208331333685,2.8779054916985953,1.0510017349810696,40.0,0.4554398425877046,2.122093023255814,4.0
10,Processed,Drowsy,60,32,31,11326660714015650665,0.48292857485857266,0.816303261768917,0.5767144982483083,2.968626482213439,1.1163898945991324,38.0,0.5016077170418006,2.138079165388156,4.0
10,Processed,Drowsy,60,32,32,7079350862509117203,0.613919860892969,0.75522464131681,0.5490713634400346,2.9895479487849492,1.117864535748991,47.0,0.4662139463454432,2.188689872704743,4.0
10,Processed,Drowsy,60,32,33,4800358733526944848,0.5147962734753632,0.8138473937562952,0.5471037097470846,2.9702970297029703,1.1019449438252842,41.0,0.5026635312185055,2.150939521511449,4.0
10,Processed,Drowsy,60,32,34,4183843682988904119,0.6665167755508252,0.7123364971149999,0.5313624802034842,2.9392089195646403,1.09576497206546,39.0,0.444017852857897,2.112811144096826,4.0
10,Processed,Drowsy,60,32,35,2519679607731823875,0.5688981202815141,0.7689906665008935,0.5553102653932908,3.099651754620948,1.1910888088161586,41.0,0.4670058069779719,2.1175062561201177,4.0
10,Processed,Drowsy,60,32,36,6594963542657799169,0.5216132315317041,0.7954720610278296,0.5575178768536737,2.9802462801436636,1.131659368939641,39.0,0.4820271632192734,2.1542091152815015,4.0
10,Processed,Drowsy,60,32,37,4355624801563005894,0.5239111722992625,0.8068657076613004,0.5694197821183472,3.1297810604062253,1.195648945369074,45.0,0.5033354129673178,2.1595799444044066,4.0
10,Processed,Drowsy,60,32,38,1530624188589222310,0.6443352067001036,0.7350165477940102,0.5682679848346691,2.9338453914767095,1.0921612475582632,34.0,0.4658780054710371,2.1202358851152123,4.0
10,Processed,Drowsy,60,33,0,17576311630136578576,0.4493693972475874,0.8502128988068818,0.46710179008494507,2.727094424208462,0.9790021926238804,44.0,0.46966933819647744,2.2006970991679786,4.0
10,Processed,Drowsy,60,33,1,17603803795519863939,0.4334310853943731,0.8639696321347624,0.4985362576186591,2.710855949895616,0.9834441389228245,43.0,0.49325718673513463,2.2220300508053183,4.0
10,Processed,Drowsy,60,33,2,13507716297164887017,0.43562816106295127,0.851062705355551,0.5083745260834093,2.6933638443935926,0.9529699233412052,42.0,0.529538801170994,2.2161076521389838,4.0
10,Processed,Drowsy,60,33,3,11815750211324875272,0.46889446483592423,0.8532439871511243,0.5132696645390411,2.788787483702738,1.0322781592641281,29.0,0.4921533810049431,2.2295901728448744,4.0
10,Processed,Drowsy,60,33,4,12035786367409935987,0.5497928962207548,0.8130670374042916,0.5148533858040985,2.770661157024793,0.9788902505057706,44.0,0.4979363632000768,2.223877397920909,4.0
10,Processed,Drowsy,60,33,5,16338243207134596655,0.43438023813270177,0.8718375279643618,0.5122618419158228,2.776072821846554,0.9993652948871563,62.0,0.5126457743437155,2.2375366568914954,4.0
10,Processed,Drowsy,60,33,6,1110145732512348868,0.5670386733037572,0.8021280466490187,0.47329270048471467,2.6179984072206,0.9136322395784663,29.0,0.47065316504295246,2.202830188679245,4.0
10,Processed,Drowsy,60,33,7,2016979773034257452,0.46155393078999474,0.8535492977541114,0.4972404856745213,2.759254327563249,1.0042421137334225,53.0,0.4956087728559774,2.2179982817869415,4.0
10,Processed,Drowsy,60,33,8,1605105774030375861,0.5153250672105734,0.8301683634553412,0.4862024283726064,2.617829457364341,0.869476593675605,30.0,0.5123338292460526,2.2059097014154356,4.0
10,Processed,Drowsy,60,33,9,15015800495509723107,0.5120237870968501,0.8200986347641099,0.49426500935835294,2.67298209187646,0.9361153582018,35.0,0.5329222056917983,2.2403914052254614,4.0
10,Processed,Drowsy,60,33,10,13089683402416109025,0.5486022557738442,0.813140231921373,0.5021836156836397,2.831935047361299,1.0663144408844962,42.0,0.48927388779574793,2.239428885227897,4.0
10,Processed,Drowsy,60,33,11,8305083100808595270,0.5476402773145929,0.7945680888235175,0.5155732591063973,2.7817193164163645,1.0127197439389326,42.0,0.5256754811153237,2.2254164973587973,4.0
10,Processed,Drowsy,60,33,12,8181440920429283155,0.5228342163179021,0.8355510557304843,0.5121658588088497,2.8202959830866807,1.0600067947381158,33.0,0.5083985218601527,2.2386939983093828,4.0
10,Processed,Drowsy,60,33,13,15280697340110264891,0.4578517954703634,0.8328536918293609,0.4938330853769737,2.678989846394168,0.9179084095765088,33.0,0.47336468781494456,2.2031494304221577,4.0
10,Processed,Drowsy,60,33,14,4741983352202840625,0.46337498878760264,0.8588118361985073,0.5114939770600374,2.826306019623442,1.026737779865376,32.0,0.5204923933387724,2.2755979857322703,4.0
10,Processed,Drowsy,60,33,15,5619439739668331915,0.5541504564730554,0.8169693944088863,0.5225320343619523,2.6562576238106854,0.9502856640252244,34.0,0.5071747372462446,2.211572669247672,4.0
10,Processed,Drowsy,60,33,16,3821248915916918115,0.4656626705494593,0.8478928723842828,0.5252195613572012,2.8344988344988344,1.025457520569682,42.0,0.5153093055622211,2.209589463936619,4.0
10,Processed,Drowsy,60,33,17,9135857689269153839,0.5459066341831212,0.8113898554133474,0.5287709363152086,2.784432650998231,0.9815572139486932,37.0,0.48022747996352644,2.2283710054559625,4.0
10,Processed,Drowsy,60,33,18,3998920306741134718,0.4550245790550208,0.8498934886763448,0.46537409415942793,2.780103211009174,0.9748021773613985,54.0,0.45872726400153574,2.2154363193881097,4.0
10,Processed,Drowsy,60,33,19,17119722555241397709,0.5068165188682148,0.8443672754886253,0.4996400633488506,2.6619790334952698,0.9331044410493463,32.0,0.5040312904928732,2.2253416675495283,4.0
10,Processed,Drowsy,60,33,20,8642145702071723689,0.5662504351488096,0.7955716190254789,0.48159523923789416,2.6547619047619047,0.9227433193716976,30.0,0.47646014301482936,2.176477036062699,4.0
10,Processed,Drowsy,60,33,21,953186677142271014,0.4901316516561006,0.8450247665307082,0.5114939770600374,2.8010512483574246,1.0422398633306507,46.0,0.48617843259586313,2.214801049409707,4.0
10,Processed,Drowsy,60,33,22,5602515378094436703,0.5185700255136728,0.8293376411767236,0.49272927964678215,2.617797042325344,0.924829317159746,44.0,0.5122618419158228,2.221436004162331,4.0
10,Processed,Drowsy,60,33,23,8993379939846813771,0.512732638751602,0.8250461124225144,0.48562652973076736,2.7135961383748994,0.9760104063221277,32.0,0.5259874262129866,2.2429141512329887,4.0
10,Processed,Drowsy,60,33,24,5113710802803667060,0.508944157767308,0.817159153694484,0.47646014301482936,2.7616133518776076,1.0040648700806352,28.0,0.44171425829054084,2.2066650683289377,4.0
10,Processed,Drowsy,60,33,25,1713715700298412576,0.5450806821329643,0.813990931385215,0.4675337140663243,2.805067664843075,1.0364586028503537,36.0,0.4721648989777799,2.2291831879460746,4.0
10,Processed,Drowsy,60,33,26,3951727891952682664,0.4692856446574529,0.8455171923257564,0.5042952440370495,2.7293506493506494,0.9857924155671173,32.0,0.5076306570043673,2.231304714692543,4.0
10,Processed,Drowsy,60,33,27,576840323823762232,0.4441209485464941,0.8640644551414163,0.5157652253203436,2.772703818369453,1.0357085991427673,35.0,0.5187886931899985,2.2453006542735485,4.0
10,Processed,Drowsy,60,33,28,15739905615331855286,0.4949380611159907,0.8515954720276883,0.5237318231991169,2.718057285180573,0.9428333647136516,38.0,0.5483514901377358,2.2578796561604584,4.0
10,Processed,Drowsy,60,33,29,11493706391389031126,0.4829566457506551,0.8284382817814119,0.5112540192926045,2.68879353861686,0.9451498014765767,25.0,0.5148053942506119,2.2158644908076846,4.0
10,Processed,Drowsy,60,33,30,10243654513800138256,0.4088110097399877,0.877090288724228,0.49796035897682006,2.646938775510204,0.9240856089519704,31.0,0.5426644910495753,2.2896628530930445,4.0
10,Processed,Drowsy,60,33,31,7986224491803663207,0.5360041467559653,0.8233671232228659,0.49757642654892736,2.67354306343476,0.9710589166866014,34.0,0.49673657436291213,2.2278303917348254,4.0
10,Processed,Drowsy,60,33,32,1888598628566069535,0.47602510094026074,0.8538639232749846,0.49056965973988576,2.79671682626539,1.0317223141029308,45.0,0.46391035177808704,2.1724912911563097,4.0
10,Processed,Drowsy,60,33,33,6616422059738921552,0.4449028253255396,0.8584282185376446,0.5208043384364351,2.7854209445585214,0.9784935935050171,60.0,0.4902097230887364,2.2451917793164085,4.0
10,Processed,Drowsy,60,33,34,17671110246468798928,0.5183687680226085,0.8259180148207306,0.5096702980275472,2.7427685950413223,0.9991809974428923,35.0,0.4789557037961319,2.155042107536169,4.0
10,Processed,Drowsy,60,33,35,18407984144999053073,0.5586722046539945,0.8006712275014177,0.49234534721888945,2.6799895506792057,0.9415130685383515,34.0,0.5195085664922974,2.2243912462755575,4.0
10,Processed,Drowsy,60,33,36,12979843666761609524,0.4951840536702541,0.8483480888051432,0.5246916542688487,2.7643489254108724,0.9736893066349219,59.0,0.5209723088736382,2.239863819251006,4.0
10,Processed,Drowsy,60,33,37,15307025146628161132,0.4853910478124803,0.8306319592002338,0.4849066564284686,2.6872340425531913,0.965706474200977,31.0,0.49985602533954027,2.215828103393256,4.0
10,Processed,Drowsy,60,33,38,10164115942071299701,0.6061060098515947,0.7688754945890187,0.5139895378413399,2.656908955594145,0.9431514162771846,36.0,0.43333973220713157,2.139691943127962,4.0
10,Processed,Drowsy,60,34,0,1663873765853926856,0.373792349800332,0.9117002250017919,0.4747324470893123,2.689505165851006,0.9814997846054377,37.0,0.5437682967797668,2.3451309117251373,5.0
10,Processed,Drowsy,60,34,1,4435248256689071133,0.47693365439441604,0.8636613076361811,0.4662379421221865,2.690390473553032,0.9519553530061377,32.0,0.49136152037241443,2.2284252911089344,4.0
10,Processed,Drowsy,60,34,2,17117182764287738371,0.38447950629740774,0.8828233095511423,0.4803474588472429,2.69421265141319,0.9570018611890284,27.0,0.49061765129337237,2.253002754820937,5.0
10,Processed,Drowsy,60,34,3,13982369271415071827,0.4611372729559171,0.8755941137252694,0.45347218889475455,2.6601914414414414,0.9613288462165033,33.0,0.48778614963766376,2.22797018851381,4.0
10,Processed,Drowsy,60,34,4,7226426511459366335,0.48299076509421496,0.862883723155724,0.47655612612180254,2.754507628294036,1.0002801347591836,41.0,0.5019436579162068,2.2680255882034044,5.0
10,Processed,Drowsy,60,34,5,8420436361559461355,0.45787648120297525,0.8682407500269034,0.40701636511973893,2.6143649815043157,0.9189255895709088,38.0,0.4514565436483179,2.208993777151579,4.0
10,Processed,Drowsy,60,34,6,11130804330000151458,0.43008350587664057,0.8711488999962519,0.4554398425877046,2.672486623486342,0.9675097139408273,34.0,0.4631424869223017,2.243780516159033,5.0
10,Processed,Drowsy,60,34,7,5727287791606023139,0.32656919598297357,0.9218566740344156,0.4714210298987378,2.671471308131629,0.9452023527079827,31.0,0.5057829821951336,2.2794419811830866,4.0
10,Processed,Drowsy,60,34,8,12572500319517544309,0.43959290845726373,0.8687562347026565,0.4680136296011902,2.6703176341730557,0.9708268690323525,33.0,0.473892594903297,2.299604098742431,5.0
10,Processed,Drowsy,60,34,9,2626841153110508260,0.3323455403884472,0.923676722100282,0.4705571819359793,2.6929414995880254,0.9590107897503866,39.0,0.5158132168738302,2.3203799654576858,5.0
10,Processed,Drowsy,60,34,10,3654968567186842355,0.4074370633946071,0.8856209825815851,0.46844555358256945,2.609893048128342,0.8996401381942002,32.0,0.45695157652253204,2.205838063245685,4.0
10,Processed,Drowsy,60,34,11,2676069411889207424,0.4459103064537186,0.867378268286261,0.45380812976916063,2.597802197802198,0.9014831905112852,30.0,0.47415654844747324,2.261128275546401,4.0
10,Processed,Drowsy,60,34,12,15301052826458613905,0.4147889606955953,0.8896806895367801,0.43960262993713106,2.647398843930636,0.9400605360770141,41.0,0.5033834045208043,2.283692575658611,4.0
10,Processed,Drowsy,60,34,13,18169032137683107038,0.36538809023525154,0.9108764007456165,0.4475212362624178,2.706821480406386,0.9634835319280767,32.0,0.48454671977731917,2.275780457567903,4.0
10,Processed,Drowsy,60,34,14,14792437833085102022,0.3947143709765024,0.8816452340029668,0.47775591495896724,2.6941813261163734,0.947722319279589,36.0,0.43607525075586695,2.1748444231689805,4.0
10,Processed,Drowsy,60,34,15,13406807969363457439,0.347850146666638,0.9212005024874862,0.44075442722080915,2.7464114832535884,0.9963601455795338,58.0,0.4772040120938715,2.2545062918036503,4.0
10,Processed,Drowsy,60,34,16,1908671410318455973,0.40276442630253734,0.8972340298478978,0.47214090320103663,2.6227672620634497,0.927749842518058,27.0,0.4619187023083937,2.22235049642115,4.0
10,Processed,Drowsy,60,34,17,12342558175785859844,0.4009985815803709,0.893668824753482,0.4574074962806546,2.696943972835314,0.948786280470679,30.0,0.46789365071747374,2.252396904239344,4.0
10,Processed,Drowsy,60,34,18,9237567589044185057,0.3925722952785294,0.8838655167795213,0.4982962998512262,2.677411036616813,0.9405897919886631,38.0,0.494840908000192,2.2417654092836177,4.0
10,Processed,Drowsy,60,34,19,3138579804875890405,0.3327514526598732,0.9267577071563375,0.44564956567644093,2.663798049340218,0.9388520527162251,30.0,0.49385708115371696,2.243160762942779,5.0
10,Processed,Drowsy,60,34,20,143537861903491063,0.43291103818452153,0.8769326109205223,0.4335077026443346,2.5830712038890478,0.9079340714296961,29.0,0.4745644766521092,2.2858298659269534,4.0
10,Processed,Drowsy,60,34,21,13291046012309456631,0.4815941910216929,0.8517812706884526,0.4644622546431828,2.596030042918455,0.8624907867679511,27.0,0.4672697605221481,2.234936302077356,4.0
10,Processed,Drowsy,60,34,22,14012063972557110370,0.4494712874321764,0.8651033872815916,0.46719777319191824,2.660562995353922,0.943080939675181,36.0,0.463166482699045,2.2517498833411107,4.0
10,Processed,Drowsy,60,34,23,2526515545276670646,0.4194364530709321,0.8842310529731922,0.40274511685943276,2.618408736349454,0.910254367739791,37.0,0.46295052070835535,2.260986757295207,4.0
10,Processed,Drowsy,60,34,24,4606300036279349037,0.38092635424776405,0.8945417186652159,0.473484666698661,2.6715407527755213,0.9866196576892037,27.0,0.47103709747084516,2.2514049776350498,4.0
10,Processed,Drowsy,60,34,25,13729229390853468489,0.28258269417056403,0.9415516541763539,0.465134136391995,2.6692371247590194,0.9709553029355094,32.0,0.5438162883332534,2.303852800650605,5.0
10,Processed,Drowsy,60,34,26,5070727569356667169,0.3695495210342377,0.9094401819630613,0.47861976292172576,2.6910415542363735,0.9955392109379946,26.0,0.5250035993665115,2.3307766059443913,4.0
10,Processed,Drowsy,60,34,27,8617537916171580418,0.4667154785861002,0.8489679435476228,0.4549119354993521,2.7199426111908176,0.9741650716078465,30.0,0.4334117195373614,2.2042958262143033,4.0
10,Processed,Drowsy,60,34,28,4417780772596718061,0.35901653802373806,0.9031870945349725,0.48447473244708933,2.6337072788938167,0.9002994910432592,33.0,0.5466477899889619,2.2755968434721807,4.0
10,Processed,Drowsy,60,34,29,17956366748239138990,0.5093310638640852,0.8428564118099969,0.4659020012477804,2.702672605790646,0.9506530558711404,35.0,0.4678696549407304,2.2164374218483576,5.0
10,Processed,Drowsy,60,34,30,9560081528924942825,0.39960790337599184,0.8969422223757151,0.4788597206891587,2.675784392598552,0.9727647947695972,25.0,0.477491961414791,2.2293300470535513,4.0
10,Processed,Drowsy,60,34,31,13553747763851139719,0.33132381557186813,0.9216369110617845,0.4863464030330662,2.7045636509207367,0.9683541067695839,30.0,0.527739117915247,2.3172479190812347,4.0
10,Processed,Drowsy,60,34,32,12679610460504669537,0.3610092848253663,0.909094756000472,0.4696933339732207,2.6828399122807016,0.978651855254361,45.0,0.49109756682823824,2.2477759472817134,4.0
10,Processed,Drowsy,60,34,33,17865819416504399640,0.3799970271183584,0.8977319008241111,0.4325478715746029,2.6594865742106815,0.9611513460202373,28.0,0.45894322599222537,2.2623610125384435,4.0
10,Processed,Drowsy,60,34,34,5574769884508685471,0.4255976557029536,0.8801656674458967,0.4566876229783558,2.5781630994310487,0.9088386790789094,25.0,0.4921293852281998,2.227786226374104,4.0
10,Processed,Drowsy,60,34,35,1828412949916508784,0.4461420091454331,0.8626327584022708,0.47583625281950376,2.6418864908073543,0.947141158313668,31.0,0.503767336948697,2.2698670126500162,4.0
10,Processed,Drowsy,60,34,36,9968706497684834720,0.40951424151262356,0.8825153543473825,0.4271728175841052,2.6117957746478875,0.9207750724192408,37.0,0.48900993425157174,2.280040277466995,4.0
10,Processed,Drowsy,60,34,37,13199412866429366280,0.3173638957100782,0.9272905425823522,0.48548255507030763,2.835201793721973,1.0385481995347987,53.0,0.5565340500071987,2.2942922148580474,5.0
10,Processed,Drowsy,60,34,38,17998963448614344042,0.3724633070073697,0.9030724236258636,0.5012237846139079,2.7261811537457583,1.0109314883766294,30.0,0.522100110380573,2.2719014305105985,4.0
10,Processed,Drowsy,60,35,0,4523059965576798218,0.6273171362033572,0.7519448118224933,0.5021836156836397,2.71017871017871,0.9943278915301513,36.0,0.4287805346259058,2.1490078171978353,4.0
10,Processed,Drowsy,60,35,1,4876630661590107300,0.6589786075428365,0.7297492394319858,0.510966069971685,2.7908256880733946,1.0120050059408676,44.0,0.38256466861832317,2.125449940007999,4.0
10,Processed,Drowsy,60,35,2,17102404363523988141,0.5821338570264089,0.7758581284479076,0.510726112204252,2.7691907364038513,1.0367701364738218,29.0,0.40015357297115706,2.140418431523553,4.0
10,Processed,Drowsy,60,35,3,8651349916010000802,0.5608104213260706,0.784188161370369,0.5189326678504583,2.810761632440863,1.0502417855290913,47.0,0.4052646734174785,2.1100699650174914,4.0
10,Processed,Drowsy,60,35,4,13629920833773735175,0.6123131738767786,0.7534278378755433,0.5084705091903825,2.66742195367573,0.9402998873487713,38.0,0.3853001871670586,2.123380058185665,3.0
10,Processed,Drowsy,60,35,5,2189206073857114887,0.6653660924171745,0.7133839020576528,0.5173969381388875,2.776461498841102,1.0570874458462336,37.0,0.3659835868887076,2.0953427668635802,4.0
10,Processed,Drowsy,60,35,6,8685517028951012491,0.5545539403735398,0.793475350642266,0.5090943993857081,2.688291941206285,0.9770507822327857,39.0,0.4350194365791621,2.1597569692637597,4.0
10,Processed,Drowsy,60,35,7,18059766481975899406,0.5782834374480024,0.7766047804264801,0.5212362624178145,2.7820184426229506,1.0382856130247964,39.0,0.384676296971733,2.1329164449175093,4.0
10,Processed,Drowsy,60,35,8,8593869989904887370,0.576626683535317,0.7790855395664112,0.5065028554974325,2.6497614863168466,0.9487325926060849,27.0,0.40332101550127175,2.1718568290476807,4.0
10,Processed,Drowsy,60,35,9,3302803992695034841,0.5639356952940513,0.7823025925509097,0.5203724144550559,2.7053393213572856,0.9774948910654793,51.0,0.38556414071123485,2.110877561744614,4.0
10,Processed,Drowsy,60,35,10,18433986047161374597,0.6042332100421404,0.7578869757349085,0.49604069683735663,2.6763335059554634,0.9720361510418406,38.0,0.3911791524691654,2.0994204764971025,4.0
10,Processed,Drowsy,60,35,11,1685715459585065714,0.5582371454697399,0.8011536797975787,0.509574314920574,2.8067671160454664,1.039976257860164,37.0,0.43845083265345297,2.142086752637749,4.0
10,Processed,Drowsy,60,35,12,14595343109640487533,0.6600955871129929,0.7272278326616685,0.5090943993857081,2.731908318310585,0.9820752334597378,36.0,0.3845563180880165,2.0894393741851367,4.0
10,Processed,Drowsy,60,35,13,18435029684006057512,0.6368929601268773,0.7359987675962479,0.48970581177712724,2.600407747196738,0.918832035152483,51.0,0.39561837116667464,2.097849599185647,4.0
10,Processed,Drowsy,60,35,14,12178755878105614773,0.6581782693349243,0.7179041034122788,0.4960886883908432,2.5498273310310804,0.8734161000119353,31.0,0.38280462638575613,2.0878157309252714,4.0
10,Processed,Drowsy,60,35,15,10877386522821589572,0.6042900451761873,0.7675872554186642,0.5048711426788886,2.778658214474379,1.0019582341610436,35.0,0.3761338004511206,2.1245595012198426,4.0
10,Processed,Drowsy,60,35,16,16139105598036631502,0.6169089273522449,0.7527869325406324,0.485674521284254,2.689343608822748,0.9723081744504759,39.0,0.39914575034793875,2.082373560340511,4.0
10,Processed,Drowsy,60,35,17,11855097737563267728,0.6223257969736201,0.7527924710489078,0.5083745260834093,2.7379167743602997,0.9819278019061087,42.0,0.41594279406824397,2.1105564349202486,4.0
10,Processed,Drowsy,60,35,18,5341401272730672309,0.5881911433482514,0.7867329120403469,0.5060229399625666,2.818497727880246,1.0651056319964378,39.0,0.3593127609540721,2.1212636350757896,4.0
10,Processed,Drowsy,60,35,19,4227690530972200167,0.6242466587040745,0.7556669305845339,0.505159091999808,2.832615715823466,1.062954704919456,46.0,0.35768104813552815,2.096778731185821,3.0
10,Processed,Drowsy,60,35,20,10053980146897916792,0.6628901762804339,0.7057605355795834,0.5448001151797284,2.7912466191295797,1.0252462451444422,52.0,0.31120122858376925,2.0654562828475873,3.0
10,Processed,Drowsy,60,35,21,5102556001802540778,0.6395614353224616,0.7409833401652766,0.5090943993857081,2.7248908296943233,0.9929162278821826,44.0,0.37709363152085235,2.105439442658092,4.0
10,Processed,Drowsy,60,35,22,5477066314903152036,0.5951612216148413,0.76655455699594,0.4898977779910736,2.632284682826199,0.9158803590929478,26.0,0.4018092815664443,2.1084109796021155,4.0
10,Processed,Drowsy,60,35,23,1955562883435463317,0.6293843662624186,0.7497114450544322,0.5218121610596536,2.731223310725948,0.9933403097688926,40.0,0.36336804722368865,2.101443241742992,4.0
10,Processed,Drowsy,60,35,24,9605980845080190983,0.5044529743948,0.8124865541028516,0.5273311897106109,2.7635814889336014,1.021243943435598,38.0,0.3894514565436483,2.108887733887734,4.0
10,Processed,Drowsy,60,35,25,8189076892668840683,0.6215473911611658,0.7455189369768833,0.5036233622882372,2.7214730290456433,0.9939558216974974,37.0,0.36610356577242403,2.1125726945444474,4.0
10,Processed,Drowsy,60,35,26,5734957999866941570,0.6362170956219819,0.7338119773255188,0.4957527475164371,2.7694369973190347,1.0375855921624315,37.0,0.4063924749244133,2.100458886270619,4.0
10,Processed,Drowsy,60,35,27,151846734015839681,0.5950241220471766,0.7549692851582767,0.49488889955367854,2.7425531914893617,1.0139562480135633,32.0,0.36260018236790326,2.1090020935101186,4.0
10,Processed,Drowsy,60,35,28,1856053106821613655,0.5237128734852737,0.8166894012363334,0.4823631040936795,2.706246634356489,0.9562559514784965,26.0,0.4325478715746029,2.181268151016457,4.0
10,Processed,Drowsy,60,35,29,1837770902037319344,0.5559957019451668,0.791519055171087,0.48399481691222346,2.7367706919945727,1.0134737269904324,32.0,0.38095695157652254,2.1103283264655057,4.0
10,Processed,Drowsy,60,35,30,12146964992361740225,0.6087710607056511,0.7594652311288368,0.49594471373038346,2.7757185065807146,1.0109178815913211,49.0,0.3997456447665211,2.124872448979592,4.0
10,Processed,Drowsy,60,35,31,918100245933303846,0.5489306432874451,0.8027915936663736,0.5119259010414167,2.7649040953862105,1.0371639431096786,33.0,0.41447905168690313,2.1186066478596834,4.0
10,Processed,Drowsy,60,35,32,4324521610010316885,0.5491893583587492,0.7901230262962411,0.5185487354225656,2.8006739243131156,1.0247831438402832,41.0,0.40656044536161634,2.1608213238107385,4.0
10,Processed,Drowsy,60,35,33,616648019043583762,0.6300302463806894,0.7466680150516564,0.4925373134328358,2.7143612800846335,0.9892655748700486,39.0,0.3840044152229208,2.1246680828465214,4.0
10,Processed,Drowsy,60,35,34,7406872513088868010,0.6797434031434066,0.6983382689594596,0.49988002111628355,2.796241610738255,1.0492841989444484,44.0,0.35012237846139077,2.0895030789059144,3.0
10,Processed,Drowsy,60,35,35,11041188728817903267,0.6509066682635517,0.7276077377046315,0.5143734702692326,2.7730918499353168,1.0515325387712084,41.0,0.35595335221001106,2.099348995188225,4.0
10,Processed,Drowsy,60,35,36,12125123330811744279,0.6183964773504349,0.7429178518799348,0.5163411239621827,2.786583786583787,1.0140093022742895,34.0,0.37558189758602484,2.114849344683151,3.0
10,Processed,Drowsy,60,35,37,17376136884219706310,0.6073722297216728,0.7671130895079842,0.47727599942410137,2.726151315789474,1.0118034602412265,30.0,0.383452512357825,2.12697990150406,4.0
10,Processed,Drowsy,60,35,38,12389413436900195329,0.6433421228686966,0.7361442958470442,0.49988002111628355,2.7497360084477296,1.0286668001061219,35.0,0.3839084321159476,2.1076274535634303,4.0
10,Processed,Drowsy,60,36,0,9915520031051999374,0.5187538090911389,0.8198043343956894,0.5070787541392715,2.7915455746367237,1.0261305271822065,41.0,0.467341747852378,2.1777926870177793,4.0
10,Processed,Drowsy,60,36,1,15673405837771841140,0.5325273475328682,0.807061820237079,0.5362096271056294,2.800250626566416,1.0401993728362102,32.0,0.4189182703844123,2.1360577511317755,4.0
10,Processed,Drowsy,60,36,2,2888715262750071699,0.5295745490057973,0.8158456787489429,0.5192206171713778,2.66412213740458,0.9557796027845196,36.0,0.4240773623842204,2.1006775228812553,4.0
10,Processed,Drowsy,60,36,3,11637902100165672634,0.48835690685124816,0.8228394842889112,0.532082353505783,2.7634596211365903,1.0393956955657337,42.0,0.394010654124874,2.119803769687581,4.0
10,Processed,Drowsy,60,36,4,9311053183387333099,0.5964950592949798,0.7758607930971823,0.5279070883524499,2.8011204481792715,1.0508324803269626,48.0,0.397034121994529,2.1327661768497035,4.0
10,Processed,Drowsy,60,36,5,9802880644972987863,0.5729453796718528,0.7795636014459854,0.5240197725200365,2.805498458376156,1.0255199641955748,44.0,0.3716705859768681,2.1145392491467576,4.0
10,Processed,Drowsy,60,36,6,4973117837063334576,0.592830333420734,0.7666348523763807,0.5065028554974325,2.8348106365834003,1.0177096043436604,40.0,0.38088496424629265,2.106848951420228,3.0
10,Processed,Drowsy,60,36,7,14737043998470716554,0.6234978906491233,0.7583251058185421,0.5444161827518357,2.741420976317061,0.9947274345363688,33.0,0.4672217689686615,2.12148616256265,4.0
10,Processed,Drowsy,60,36,8,4409438541719955711,0.5540587714018536,0.8010765595542978,0.5089504247252483,2.860803884542757,1.0742785275685105,34.0,0.42004607189134713,2.1454835151366587,4.0
10,Processed,Drowsy,60,36,9,2589022551822355585,0.4416019734759259,0.854734208156625,0.5255555022316072,2.7865139949109414,1.0238127637546621,33.0,0.43645918318375965,2.111807732497388,4.0
10,Processed,Drowsy,60,36,10,10809825185300848869,0.5999771186473408,0.7811225046659491,0.5476316168354369,2.768988109682116,1.0166719587190223,31.0,0.44802514757402695,2.1446129106363427,4.0
10,Processed,Drowsy,60,36,11,13816589770794097266,0.5911831082265114,0.7852894268531287,0.5196045495992705,2.75146124523507,1.0208422997942506,31.0,0.39677016845035273,2.132447768893474,4.0
10,Processed,Drowsy,60,36,12,16859623646668289901,0.6391441877965673,0.7456652766754163,0.5377453568172001,2.6571022053592603,0.934931593751,33.0,0.4326918462350626,2.094308943089431,4.0
10,Processed,Drowsy,60,36,13,8017273430382487502,0.6127968771662881,0.7580317081833512,0.5008398521860152,2.64269435300076,0.9050297095586286,35.0,0.43046023899793634,2.1244670772145904,3.0
10,Processed,Drowsy,60,36,14,11951173347774331498,0.49569402988538047,0.835418790192156,0.5162931324086961,2.726996197718631,0.9964191663278015,38.0,0.4447617219369391,2.135614702154626,4.0
10,Processed,Drowsy,60,36,15,12585852416089660111,0.6085653613915641,0.7644720449527065,0.530450640687239,2.7204036426285993,0.9927445108190309,34.0,0.3913951144598551,2.1092719513772145,3.0
10,Processed,Drowsy,60,36,16,15711021005225981427,0.5821514492310328,0.7790583762134505,0.5022316072371262,2.750328515111695,1.0238796864293014,40.0,0.41966213946345443,2.1227090666343003,4.0
10,Processed,Drowsy,60,36,17,16506890112911629073,0.575931312387577,0.7732001591710638,0.5488314056726016,2.937580272283586,1.0800802961660336,33.0,0.3800451120602774,2.0988603233501193,4.0
10,Processed,Drowsy,60,36,18,1018636782304589453,0.5848842817641957,0.7900255684377386,0.5035273791812641,2.755975833990018,1.0284661384284621,35.0,0.43475548303498585,2.108215033744473,4.0
10,Processed,Drowsy,60,36,19,9876278245137509456,0.5256664438124997,0.8174331044861655,0.5246436627153621,2.7405364753070947,1.020486984547934,37.0,0.4360032634256371,2.1401648998822145,4.0
10,Processed,Drowsy,60,36,20,18326716346073439967,0.5942225114324114,0.7770357618042757,0.5231559245572779,2.6568364611260056,0.9574031460819099,37.0,0.38009310361376397,2.103865055120202,4.0
10,Processed,Drowsy,60,36,21,11720170156361891308,0.6432421401229846,0.7494823426753394,0.5165810817296156,2.7168096920747096,0.9665048009218323,43.0,0.4155588616403513,2.1588132635253054,4.0
10,Processed,Drowsy,60,36,22,18052683971869934355,0.5635083570672238,0.7980876307301686,0.5273311897106109,2.851063829787234,1.068478002922313,41.0,0.38614003935307384,2.1305441546405404,4.0
10,Processed,Drowsy,60,36,23,9595756496675983791,0.5791212655328641,0.7777235635580155,0.5300667082593463,2.8132959755476312,1.0116041844018835,34.0,0.4403464990161732,2.1313588850174217,4.0
10,Processed,Drowsy,60,36,24,103314659148620331,0.5290439704712319,0.8204630079243906,0.5112060277391179,2.6967088607594936,0.9481670918836845,51.0,0.4556798003551375,2.1203662349263066,4.0
10,Processed,Drowsy,60,36,25,12381253930912657235,0.5312198881257515,0.819670204950303,0.5492153381004943,2.757590361445783,1.0061641883975085,30.0,0.4453376205787781,2.147783821316977,4.0
10,Processed,Drowsy,60,36,26,6459973332972410120,0.5467647829861833,0.8117362477722297,0.5382732639055526,2.7707509881422925,1.0111173396304456,40.0,0.40963190478475786,2.1317432567432566,4.0
10,Processed,Drowsy,60,36,27,10584138292156530334,0.6292303742773557,0.7449584088883457,0.5197005327062437,2.760387458577619,1.0160605701126988,44.0,0.3670394010654125,2.1173864894795127,4.0
10,Processed,Drowsy,60,36,28,17193741792881032765,0.5598549826487969,0.7928102037103059,0.5321783366127562,2.717226170056359,0.9912041741801569,32.0,0.33925229159667897,2.100430842371119,4.0
10,Processed,Drowsy,60,36,29,1715706764549244643,0.5918747894357848,0.7831155259069338,0.5167730479435619,2.7788387096774194,1.0240295118811478,31.0,0.4003455391851034,2.10949551144266,4.0
10,Processed,Drowsy,60,36,30,11752668622432746366,0.5703735630235589,0.793810404387632,0.5211402793108413,2.7263369319608337,0.9933132469024484,40.0,0.42494121034697896,2.1488896978522023,4.0
10,Processed,Drowsy,60,36,31,15768056660151113214,0.6225623709986838,0.7554083659698256,0.5270432403896914,2.6837732160312804,0.9757721913670782,34.0,0.40423285501751693,2.1078578578578577,4.0
10,Processed,Drowsy,60,36,32,5073142666809034492,0.5557229422686096,0.7964206183144557,0.5256514853385804,2.6392771084337348,0.9291912348742608,31.0,0.39528243029226856,2.1258226867982963,4.0
10,Processed,Drowsy,60,36,33,13701079378334029202,0.5250071116652553,0.8068770305809254,0.5400489513845563,2.75,1.022934126705499,37.0,0.3799011373998176,2.1143162393162394,4.0
10,Processed,Drowsy,60,36,34,2100851737241834697,0.5780246263924855,0.7821893334254758,0.5478235830493833,2.6979437485228077,0.9692078608655513,35.0,0.4148149925613092,2.107656669105096,4.0
10,Processed,Drowsy,60,36,35,6124008888189536973,0.5259544781878378,0.8054043156303696,0.5406248500263954,2.69562096195262,0.9755870263487816,42.0,0.4323799011373998,2.1251326807406534,4.0
10,Processed,Drowsy,60,36,36,13470609587926202524,0.5743935164599279,0.7863680653894682,0.5200364735806499,2.7301587301587302,0.9899914921703373,42.0,0.36643950664683017,2.111003594138789,4.0
10,Processed,Drowsy,60,36,37,15593970363342561370,0.5727363740315307,0.7973511217521678,0.5197485242597303,2.7156469408224675,0.966002193715976,40.0,0.442626097806786,2.1339657565941694,4.0
10,Processed,Drowsy,60,36,38,1201694948282237104,0.5263071942757542,0.8193635938294224,0.5080385852090032,2.6313696246582152,0.9323198534935213,26.0,0.4363152085232999,2.1339044713061845,4.0
10,Processed,Drowsy,120,5,0,2842102765363529359,0.7075225464051459,0.6647641225214033,0.5570970199210544,2.9885456008915856,1.1112478488071988,48.0,0.4157279379515708,2.0902074568402726,3.0
10,Processed,Drowsy,120,5,1,9200186717692001302,0.6989141763949588,0.6736933656024257,0.5595900371644237,3.1191456510550695,1.1712094275313016,56.0,0.39487200203134737,2.070410602438803,4.0
10,Processed,Drowsy,120,5,2,2168928118051660104,0.6665782253407586,0.6986322909347109,0.5838392465547887,3.1108172929094153,1.1645575492447184,48.0,0.4080584474042612,2.0696013580752797,3.0
10,Processed,Drowsy,120,5,3,3356527894892556061,0.6843011864558399,0.6916140323958603,0.556012095750329,2.9541914515238856,1.0512666472528236,45.0,0.44020221139862886,2.0791539467945923,3.0
10,Processed,Drowsy,120,5,4,6181699870033526558,0.7170388534028688,0.6643700060492843,0.5473211606380277,2.960666791533995,1.0813012371367816,56.0,0.44791786893192675,2.1086991958269943,3.0
10,Processed,Drowsy,120,5,5,18307263201614219463,0.6802757778071153,0.6864510367047503,0.5780683733062487,3.17174339813818,1.2109426464192583,46.0,0.41062071512661297,2.073130936425616,3.0
10,Processed,Drowsy,120,5,6,6034048825980596230,0.6168611198026684,0.7227356425264837,0.5851434639089587,3.2209656925031767,1.218458946638381,64.0,0.43448327600932574,2.0986480836236936,4.0
10,Processed,Drowsy,120,5,7,14033173001289886731,0.6686486958168232,0.6973867351349025,0.5688118926155906,3.090424531259798,1.16357555892684,63.0,0.4383959280718358,2.0786679800798993,3.0
10,Processed,Drowsy,120,5,8,2607525225856807749,0.6144334513415312,0.7280866372125829,0.569296645968468,3.124406156964591,1.1948884737155856,65.0,0.43762840192978003,2.104746044962531,4.0
10,Processed,Drowsy,120,5,9,16974134187578298484,0.6288876162678998,0.7145095277040509,0.5529189076891116,3.121318738597863,1.1862058220126912,78.0,0.41617806606495694,2.099170426429923,3.0
10,Processed,Drowsy,120,5,10,1436189305462189722,0.6157205265874469,0.7253677095142355,0.5761986103737218,3.188541866257904,1.2141064536115531,79.0,0.4232358440479213,2.08009529752113,3.0
10,Processed,Drowsy,120,5,11,13178076642486443145,0.6914254747978581,0.6769295401043413,0.5764756122896517,3.1113810502709773,1.1730492998106536,56.0,0.3893839015719859,2.0768899285890177,3.0
10,Processed,Drowsy,120,5,12,17404115474567616161,0.6957505874040765,0.666541550073307,0.569746774081854,3.059815285439782,1.1395896175822873,53.0,0.40149119364742275,2.0524530194412485,4.0
10,Processed,Drowsy,120,5,13,12187624245026175682,0.7170665259983391,0.6620253012325832,0.5486715449781862,3.146128391793514,1.1654531551225662,46.0,0.4185094988573671,2.0525004952876915,3.0
10,Processed,Drowsy,120,5,14,12269988977039028668,0.7376835910723339,0.6386055476511694,0.5715703700283927,3.011005046513042,1.1157322506905434,49.0,0.40810461439024953,2.06838256800234,3.0
10,Processed,Drowsy,120,5,15,14048611270044184800,0.693334301602646,0.6713585858175942,0.5633064795364835,2.9417153878608886,1.0657887389965817,71.0,0.41826712218092843,2.0624608730294236,3.0
10,Processed,Drowsy,120,5,16,6685910164349564042,0.6843831979421462,0.6831133327163712,0.56209459615429,3.160965794768612,1.1823502443298777,68.0,0.40903372498326446,2.06849355045818,3.0
10,Processed,Drowsy,120,5,17,2664255761075544234,0.6972974041387705,0.6719831307648761,0.5616906350268923,3.174973903966597,1.2168197694333396,48.0,0.3939371205650839,2.0733507471753128,4.0
10,Processed,Drowsy,120,5,18,8737628096276721114,0.7194200049606768,0.6595376477136772,0.5741210960042473,3.0520922812615043,1.1135525558370851,57.0,0.43008587059393827,2.0711149399733215,4.0
10,Processed,Drowsy,120,5,19,7492608870299448205,0.6807625247811284,0.6819347539261371,0.5816809399598347,3.0766131493803797,1.1572996863986293,64.0,0.4104591306756538,2.0770960488274977,3.0
10,Processed,Drowsy,120,5,20,15582337768038732849,0.665659684899499,0.704070313904794,0.5697698575748482,3.092526467455992,1.1659590049751192,75.0,0.44595000115417466,2.091253518077506,3.0
10,Processed,Drowsy,120,5,21,17372553234790199094,0.6704296678969206,0.6910202238290453,0.5609404215045821,3.071541427036592,1.1678939165530102,45.0,0.403118579903511,2.0691350710900474,3.0
10,Processed,Drowsy,120,5,22,13148615903776283704,0.6428575353571834,0.7035890753953009,0.5927379331040373,3.1360527601367854,1.197012905237449,66.0,0.4260866554327001,2.0707895105875753,4.0
10,Processed,Drowsy,120,5,23,2098296967199866271,0.7123202163167225,0.6706261597752845,0.5549271715796035,2.944274341702388,1.059468038422859,48.0,0.45640105260728053,2.0984106768553157,4.0
10,Processed,Drowsy,120,5,24,7538837347734088875,0.613633682504615,0.7247291098464633,0.5725860437201358,3.1144453512461547,1.208932523580681,72.0,0.41542785254264675,2.0890623639687744,4.0
10,Processed,Drowsy,120,5,25,17312634195641700077,0.6845674579999391,0.6813147630214715,0.5655109531174257,3.019659805250832,1.1200560646855409,67.0,0.4256307564460654,2.0834745762711866,4.0
10,Processed,Drowsy,120,5,26,17081010210919337579,0.6639580089959642,0.7011781097984833,0.5898178712402761,3.1428659286592864,1.1792181835638789,48.0,0.43690127190046396,2.072545101152509,3.0
10,Processed,Drowsy,120,5,27,16147416299800190876,0.6908883879885342,0.6838056497486439,0.5803998060986588,3.14568997873139,1.191856219016928,70.0,0.41833060178666237,2.0813115507192284,3.0
10,Processed,Drowsy,120,5,28,350618673259052944,0.7132955742214863,0.6651347874708025,0.5473096188915306,2.9324098695195104,1.0573507047402806,48.0,0.4299242861429792,2.053049301402706,4.0
10,Processed,Drowsy,120,5,29,6590921342865672062,0.6386361019174255,0.7051343216663852,0.57782599662981,3.1463046757164403,1.1902513842975697,62.0,0.420442741395628,2.0722452926787645,3.0
10,Processed,Drowsy,120,5,30,12355468711916557870,0.7322697104960145,0.6428828401242525,0.5423812931372776,3.092662059888121,1.1650620145543742,49.0,0.3887087094019067,2.044466703089905,3.0
10,Processed,Drowsy,120,5,31,5856823264756465149,0.7014991510150782,0.6709106631270532,0.5571316451605457,3.0062278134147102,1.1036444852369296,49.0,0.4011564829990074,2.0744255446135482,3.0
10,Processed,Drowsy,120,5,32,1641399361487403813,0.6388423116072995,0.7150103056822501,0.5817848156783084,3.142189253210323,1.188565135313481,60.0,0.41415826042796794,2.0745505000867204,3.0
10,Processed,Drowsy,120,5,33,10617300377525259648,0.6786110586892863,0.6869607020438071,0.5645991551441564,3.0708097928436913,1.1485942343057114,78.0,0.40338981094619236,2.0728604471858136,4.0
10,Processed,Drowsy,120,5,34,10029391406284736441,0.7313028989366749,0.6412021882983694,0.5511645622215554,3.0335408461440734,1.1052763573317321,81.0,0.4142044274139563,2.055530099089295,3.0
10,Processed,Drowsy,120,5,35,4941429440723681966,0.6922843064266465,0.6694656202776782,0.5581357771057917,2.930610266044482,1.0718793905047868,50.0,0.4104937559151451,2.072671115125732,3.0
10,Processed,Drowsy,120,5,36,6660268238930707696,0.707058765080358,0.663239351108362,0.5623600563237229,3.0630540013830387,1.1417495653542054,47.0,0.39348699245169777,2.0452636630871677,3.0
10,Processed,Drowsy,120,5,37,2083226615494182207,0.7154720116349039,0.6617429164596724,0.5930957272454468,3.138904159794759,1.195243260432799,57.0,0.3840343020705893,2.0561408929399043,3.0
10,Processed,Drowsy,120,5,38,10218632613433835534,0.7030720744270194,0.6666074481743486,0.5705662380831468,3.0630770184026272,1.131556926432091,49.0,0.44691950785992934,2.0737448118891417,3.0
10,Processed,Drowsy,120,6,0,6722008114106377021,0.6280967226917363,0.7442831383599176,0.5720551233812701,2.9744943887655286,1.088830384764671,50.0,0.5148715403614875,2.158332728548274,4.0
10,Processed,Drowsy,120,6,1,4507381487506551346,0.6472747791234182,0.7280193130567283,0.5452667297615476,2.9370842399751322,1.06896194814181,55.0,0.5049629509937443,2.1636952597611336,4.0
10,Processed,Drowsy,120,6,2,15077481378898826681,0.5519034733233793,0.7693902581049694,0.5592553265160084,3.0440381957532354,1.135035942990589,72.0,0.4923651346921816,2.17767171188647,4.0
10,Processed,Drowsy,120,6,3,17204666323236470319,0.5438033241295693,0.7799472233101413,0.5633757300154659,2.9309475201152875,1.0546386798692806,59.0,0.505909374206505,2.1865116975108494,4.0
10,Processed,Drowsy,120,6,4,5216025817218031123,0.5662913062925794,0.7751808926820877,0.5541077075783107,2.931310294297228,1.0485396779836622,57.0,0.5105549271715796,2.1544137343236334,4.0
10,Processed,Drowsy,120,6,5,9663264444510518802,0.6127966728709097,0.7449676262817656,0.5537960804228896,2.937733423131084,1.0718499386401148,47.0,0.4855901294983957,2.146994284547867,4.0
10,Processed,Drowsy,120,6,6,3369702167286736887,0.6040935038911814,0.744000375109073,0.5722282495787262,2.948849104859335,1.0720239010687003,52.0,0.5056612266568177,2.1444164362105673,4.0
10,Processed,Drowsy,120,6,7,1531901867889393993,0.5858551999759023,0.7674573250850523,0.5479213314558758,2.9362320633349825,1.079743934102946,41.0,0.47830728745873824,2.1501245200788626,4.0
10,Processed,Drowsy,120,6,8,10586325370576320131,0.5411002416518403,0.777418643672886,0.5700122342512869,2.996602147927917,1.1080582175746307,49.0,0.4970106876572563,2.1580635461561593,4.0
10,Processed,Drowsy,120,6,9,15660251108007099854,0.6226104047740375,0.7321534194209288,0.5675076752614205,3.032564450474898,1.0925898289563551,57.0,0.4960123265852589,2.141173832893229,4.0
10,Processed,Drowsy,120,6,10,949876374980142189,0.64612631419608,0.7161440334734464,0.5358255811269361,2.975770783924107,1.0842690017670704,52.0,0.46111008517808916,2.1359298564516562,4.0
10,Processed,Drowsy,120,6,11,13657675420757656818,0.5562321139582861,0.7851524226147666,0.562660141732647,2.9231876236733227,1.0624608106100872,49.0,0.5255130306317952,2.1816199899379507,4.0
10,Processed,Drowsy,120,6,12,12380978468534063355,0.5508784592325061,0.7746910808152873,0.5463285704392788,3.001585288522511,1.1208464848918671,49.0,0.49560259458461253,2.178865913992135,4.0
10,Processed,Drowsy,120,6,13,1499546530016629860,0.6218008500147937,0.7315983917398982,0.5552618822280188,2.8807784431137726,1.0300551363552333,54.0,0.48044251056069803,2.1539675558200306,3.0
10,Processed,Drowsy,120,6,14,15900514555482314291,0.6033836629230248,0.7507574749215488,0.5694697721659241,3.059086118172236,1.159218779885229,40.0,0.4898201795895755,2.163213293574942,4.0
10,Processed,Drowsy,120,6,15,4027178224265918960,0.623850713775393,0.7406645900099733,0.5423812931372776,2.957953043368792,1.0971466172439708,54.0,0.47755707393642804,2.162685553000209,4.0
10,Processed,Drowsy,120,6,16,1390771949899364082,0.5977586523515763,0.7608948845121276,0.5624870155351908,2.9613538311964516,1.0865846508603938,48.0,0.5338750259689297,2.180652460871205,4.0
10,Processed,Drowsy,120,6,17,17657278152957911916,0.5838758167922766,0.7605094949837429,0.5574548140624639,2.945420173191853,1.0780404037810154,51.0,0.46905080676808014,2.1579450418160095,4.0
10,Processed,Drowsy,120,6,18,7502557038224769611,0.5716199740976695,0.7793143451838886,0.5498372613743912,2.9639146394574754,1.073562736907057,55.0,0.5198229496087348,2.208689895299512,4.0
10,Processed,Drowsy,120,6,19,9645820794981845920,0.576956210821924,0.7614506817200728,0.5638604833683433,2.9684044233807265,1.0762319996436216,49.0,0.5029200618637613,2.1914652852867955,4.0
10,Processed,Drowsy,120,6,20,17602284632364648529,0.6071183250709525,0.7496728146348699,0.5546732531566677,2.9639817441717033,1.0669216030820876,53.0,0.5000981048452252,2.1652299927541665,4.0
10,Processed,Drowsy,120,6,21,17767076178529763105,0.60957869373501,0.7451719818637108,0.5521686941668014,2.9624744566227013,1.0803314454111241,59.0,0.5020371182567346,2.1512648680729,4.0
10,Processed,Drowsy,120,6,22,8346004257524399811,0.6227790245819264,0.7469159450210439,0.552711156252164,2.9527685287951657,1.0814021037555677,56.0,0.4966355808961012,2.1516363727279546,4.0
10,Processed,Drowsy,120,6,23,14358609492009824787,0.594594107050693,0.7536161024655956,0.5530689503935735,2.9156677821721937,1.052628390432446,48.0,0.5293448904688257,2.1724930131211218,4.0
10,Processed,Drowsy,120,6,24,12402780425211111167,0.5981884121980331,0.7590740825658039,0.5446319337042081,2.9309316770186333,1.068098622455582,50.0,0.5003635650146581,2.168600870391676,4.0
10,Processed,Drowsy,120,6,25,15650118175201096669,0.6018312931164527,0.7499178637241791,0.5481752498788116,2.9673247532175435,1.0927153604424114,56.0,0.5001038757184737,2.186837589583123,4.0
10,Processed,Drowsy,120,6,26,13325834694532195180,0.6065498341976868,0.7534018404536845,0.5615290505759332,3.05583820111802,1.1223129194829946,79.0,0.5201749728768957,2.1827824191790772,4.0
10,Processed,Drowsy,120,6,27,12256538172303792093,0.607817319751602,0.7435047637908184,0.5531959096050414,2.96174998455169,1.0803013197817264,49.0,0.49271715796034254,2.162066345910357,4.0
10,Processed,Drowsy,120,6,28,15842654103265072561,0.6357213055768407,0.7361376026947184,0.5417580388264353,2.939750735892779,1.0779877617069389,50.0,0.49355393458138086,2.1597222222222223,4.0
10,Processed,Drowsy,120,6,29,5916882686039173000,0.5763805664206401,0.7741959940680014,0.5482791255972854,2.8703323262839877,1.0275653075620508,45.0,0.521288751413864,2.179591738249204,4.0
10,Processed,Drowsy,120,6,30,3441441901668576412,0.5498026076447369,0.7779607727837348,0.5532536183375268,2.93395764475456,1.0252543890713885,64.0,0.5380242838346299,2.18888080200972,4.0
10,Processed,Drowsy,120,6,31,17468903439287164969,0.5485025860272308,0.7830333300428783,0.5635142309734309,3.024843566073973,1.1079099970590771,48.0,0.4921169871424944,2.1827023983209193,4.0
10,Processed,Drowsy,120,6,32,8268804154297074655,0.5637984487965095,0.7663840708641726,0.5729900048475335,2.968488399904329,1.0870223075592336,58.0,0.5268691858452021,2.1612063251586022,4.0
10,Processed,Drowsy,120,6,33,2603036131977322094,0.6395848314844624,0.7297155257318577,0.5593938274739734,2.951885011267434,1.0698372610067115,50.0,0.4950601324992498,2.1541822564849458,4.0
10,Processed,Drowsy,120,6,34,18218840183604085623,0.6507144880267124,0.7216020635559519,0.5452090210290621,2.8844110642974905,1.035273865328753,44.0,0.4844763509614275,2.1126909429498957,4.0
10,Processed,Drowsy,120,6,35,11035407571147104965,0.5775392608549793,0.7668111924683989,0.5562890976662589,2.932108529018129,1.038515871077502,54.0,0.5261939936751229,2.163404275511899,4.0
10,Processed,Drowsy,120,6,36,11472905131095210555,0.5939606805123815,0.7556789169883158,0.5601094157567923,3.0073123876804857,1.1117368372617242,52.0,0.5026026638350916,2.1468398737921515,4.0
10,Processed,Drowsy,120,6,37,1697061739208577898,0.6403673780582015,0.7298520685035741,0.5413079107130491,2.9627289955780163,1.0944912754090763,50.0,0.49679139447381176,2.1579224425337777,4.0
10,Processed,Drowsy,120,6,38,7229606723868568445,0.5677157573988327,0.7720872926803688,0.5579164839223472,2.9323020928116468,1.0776411255879228,40.0,0.5131749036264167,2.1688495402551156,4.0
10,Processed,Drowsy,120,15,0,12736067367996170381,0.5986773195024581,0.7612739669397236,0.545901525818887,3.0387407645358175,1.1251888481917773,58.0,0.48505920915953005,2.1677111540941327,4.0
10,Processed,Drowsy,120,15,1,4953455312654121797,0.6502234368941765,0.7237094206844688,0.5394958565130076,3.003662768281712,1.1304628756483064,47.0,0.4294799289028416,2.1025539608995367,4.0
10,Processed,Drowsy,120,15,2,3154195581193314634,0.5823484431590829,0.7674259480017158,0.5711894923939891,3.0409856212363278,1.130219868687771,68.0,0.48662888668313287,2.1472041148910166,4.0
10,Processed,Drowsy,120,15,3,15857313214725251171,0.5842130134662412,0.7648568976518045,0.5373260081715565,2.8727014685918797,1.0411572584949584,53.0,0.4515592899517555,2.1212318369117327,4.0
10,Processed,Drowsy,120,15,4,7599546697069205668,0.5870844254648628,0.7554608730617037,0.5666305025276425,2.9766567634754137,1.089064956941355,46.0,0.4924459269176612,2.136583289516513,4.0
10,Processed,Drowsy,120,15,5,3750923527845537951,0.6241520287961217,0.7307904276048363,0.5454167724660095,2.936614466815809,1.081109713143018,57.0,0.43923847556612267,2.1086854134921733,4.0
10,Processed,Drowsy,120,15,6,7400480982868915123,0.5836915509183261,0.7632920686946574,0.5493986750075022,2.8968476144109054,1.062300454809461,54.0,0.48447058008817895,2.162069587164233,4.0
10,Processed,Drowsy,120,15,7,11021044669583928232,0.5396763829346285,0.7860129918266698,0.548509960527227,2.9750845123325402,1.11723768282729,59.0,0.4899529096742919,2.1523894029661554,4.0
10,Processed,Drowsy,120,15,8,17928646944992754866,0.6221586143247508,0.7308358207300283,0.5513261466725144,3.0240567232210687,1.1324328734012803,65.0,0.43692435539345814,2.113325517780383,4.0
10,Processed,Drowsy,120,15,9,10378344756399513122,0.559841907175539,0.7729270915551592,0.5412617437270608,2.870012239902081,1.050795564037832,54.0,0.4897566999838416,2.1540394426254474,4.0
10,Processed,Drowsy,120,15,10,9636201177332557688,0.6266693837651527,0.7378045200532122,0.536529627663258,2.9423381226659915,1.1119149573322809,54.0,0.46572101290367257,2.1186632012811426,4.0
10,Processed,Drowsy,120,15,11,2663113269156925201,0.5343921780042813,0.7854318088572424,0.5461554442418227,2.894720743867376,1.0476387855528198,46.0,0.501229196001939,2.1659600997506234,4.0
10,Processed,Drowsy,120,15,12,6505138289978568806,0.6118297822708112,0.7459345012247405,0.5444357240137577,2.8907341585978674,1.050047087852727,45.0,0.45250571316451604,2.13679965118814,4.0
10,Processed,Drowsy,120,15,13,11519257267088202387,0.6068931604262207,0.7513966573542856,0.5621753883797697,2.981088193891915,1.106881525768432,49.0,0.49746081577064244,2.1312861593235426,4.0
10,Processed,Drowsy,120,15,14,17017053517830716841,0.5151337703371685,0.7942610547981332,0.5711317836615036,2.909625448344799,1.0705228068892765,52.0,0.518403314789594,2.180311157496177,4.0
10,Processed,Drowsy,120,15,15,8211854315403083693,0.6040630008697134,0.7512612123499723,0.5550310472980772,3.024275202817433,1.1470806784372711,56.0,0.45547771288751415,2.141438532707491,4.0
10,Processed,Drowsy,120,15,16,4858414134186381299,0.5740767851198094,0.769322273928672,0.5628101844371091,2.9971112476951443,1.10727287056481,47.0,0.49118210567623094,2.1358594730238396,4.0
10,Processed,Drowsy,120,15,17,17695870026906704841,0.5712843198470354,0.7734346500145437,0.5481175411463263,2.914033257654783,1.0399564635855285,46.0,0.4981129244477274,2.154750611613161,4.0
10,Processed,Drowsy,120,15,18,1853293377743286838,0.5631062492044421,0.7689666376055405,0.5603287089402368,2.9851810859005106,1.143249545560923,54.0,0.4572032039888276,2.1388153987365692,4.0
10,Processed,Drowsy,120,15,19,4534961029239251657,0.5352868949815827,0.780240221418614,0.5521340689273101,2.924977071232039,1.0695001035845315,47.0,0.49872463701207265,2.1705093429776974,4.0
10,Processed,Drowsy,120,15,20,12824943843172421836,0.5661915356998963,0.7707203921730803,0.5414579534175111,2.9603710481479144,1.0971072255414984,48.0,0.46456106738071606,2.1565270968951755,4.0
10,Processed,Drowsy,120,15,21,17560573825124102173,0.5732364141699973,0.7758177823850819,0.5582281110777683,2.9231234135138404,1.0752857035598005,60.0,0.4768818817663489,2.145553680384266,4.0
10,Processed,Drowsy,120,15,22,7579956569586874947,0.5448904617447943,0.7902179936728437,0.5797650100413194,3.010427903631787,1.134777049924351,52.0,0.49570069942983774,2.167857052721904,4.0
10,Processed,Drowsy,120,15,23,3531890597882485989,0.6386639241481334,0.7333157370682634,0.535814039380439,2.920850635459922,1.0789721803203987,54.0,0.4648553819163916,2.1313435995131504,4.0
10,Processed,Drowsy,120,15,24,16056887521003151307,0.5797499980141456,0.7619196717365759,0.5635950231989104,3.1130307280377405,1.1844008769953869,65.0,0.49203619491701484,2.181450684405782,4.0
10,Processed,Drowsy,120,15,25,8392459091694390614,0.5906768064790959,0.7571188290871412,0.5665843355416542,3.057614450327001,1.1594134429156278,55.0,0.48376653355185706,2.144073865670878,4.0
10,Processed,Drowsy,120,15,26,15431241529204697320,0.6315607864356534,0.7339063188986708,0.5519494009833568,2.947063536081839,1.1092595580390283,49.0,0.45628563514230974,2.112170753860127,4.0
10,Processed,Drowsy,120,15,27,9833523538721627321,0.6346636185078149,0.7264106728811294,0.5443203065487869,2.937647938208546,1.0845587619936399,44.0,0.440438817201819,2.125755507896276,4.0
10,Processed,Drowsy,120,15,28,6913379690743868253,0.6011402879996849,0.7497413619123573,0.5491793818240576,2.9489928726371244,1.1024178086845797,53.0,0.44032917061009674,2.1217396140370393,4.0
10,Processed,Drowsy,120,15,29,15020293813202496740,0.6205430042303776,0.7434333548819394,0.548786962443157,3.022374777523519,1.1268332924908566,51.0,0.48356455298815815,2.1525380189066996,4.0
10,Processed,Drowsy,120,15,30,3262928879250969917,0.6034270482597531,0.7507594808313107,0.5457745666074191,2.894827058463422,1.0551348543381975,63.0,0.48328755107222826,2.136432051838057,4.0
10,Processed,Drowsy,120,15,31,8341881626796588622,0.5887099234568257,0.7640174950340435,0.5486946284711802,2.9801905717151453,1.0976639269863613,66.0,0.49138985711317834,2.139662277615841,4.0
10,Processed,Drowsy,120,15,32,14216512609576170848,0.527713548245981,0.7904047702567305,0.5689042265875672,3.012160840870203,1.1181583472873808,48.0,0.4808233881951017,2.1430335142364774,4.0
10,Processed,Drowsy,120,15,33,14618558304556511396,0.5793364341726097,0.7712584631451366,0.5674730500219293,2.8950715421303657,1.0495707868822097,48.0,0.5096258165785646,2.1563217268154515,4.0
10,Processed,Drowsy,120,15,34,9654763534723992447,0.5928701939210117,0.7531532951817987,0.5449089356201381,2.9150407508026674,1.0864049223931476,41.0,0.4626913044481891,2.1293089711584425,4.0
10,Processed,Drowsy,120,15,35,7052511496482356037,0.5627671024071295,0.7678604134959808,0.5583781537822303,3.0928909346630866,1.1783958299439221,46.0,0.4455518109000254,2.153011712214166,4.0
10,Processed,Drowsy,120,15,36,2242916660323264978,0.6313344401277301,0.7365617250693581,0.5585166547401953,2.9587893610516662,1.0710476384745968,53.0,0.4802059047575079,2.124597865495583,4.0
10,Processed,Drowsy,120,15,37,7835439552340289876,0.5845406658152563,0.7690636870725953,0.5653724521594607,2.9485944742069465,1.1029363718564853,50.0,0.47270376953440596,2.1267558094248993,4.0
10,Processed,Drowsy,120,15,38,1372922043554737437,0.5482475239253689,0.7798483592333725,0.5551695482560421,2.9883822067594434,1.1082890796016531,54.0,0.482739318113617,2.1503560319786126,4.0
10,Processed,Drowsy,120,16,0,5424899774445054175,0.5675396161942562,0.7930400194985562,0.5045820733593407,2.805673212681299,1.049165745232698,44.0,0.4374091087463355,2.1583233669343356,4.0
10,Processed,Drowsy,120,16,1,3411924588714308963,0.5009594951749343,0.8273701728000117,0.4977031924470811,2.6995117065231002,0.9745822249756608,45.0,0.46519586343805547,2.1872473205806537,4.0
10,Processed,Drowsy,120,16,2,14035296157119130093,0.57180868844284,0.7990925219660449,0.4673830243992521,2.655409836065574,0.9409522378355626,48.0,0.4309457307079707,2.193900934249956,4.0
10,Processed,Drowsy,120,16,3,12335484354598758354,0.5434302031294774,0.8085633049802129,0.4768587982733547,2.6779880736323567,0.9770130446088028,37.0,0.4558470487754207,2.1916983435531754,5.0
10,Processed,Drowsy,120,16,4,322028242387331942,0.4705717199823266,0.8390388341480031,0.4775282195701854,2.643537154175452,0.9366201336038944,37.0,0.44873733293321943,2.1886064904725715,4.0
10,Processed,Drowsy,120,16,5,3013296146627378593,0.48293554286432716,0.8360878081686942,0.4858267353015858,2.7251715654538393,0.9925650934852682,41.0,0.4488412086516932,2.1934965311072254,4.0
10,Processed,Drowsy,120,16,6,5344805076651584753,0.5446178650838834,0.8054336999161289,0.5030123958357379,2.7329278234150625,0.997312238276018,45.0,0.4178516193070335,2.160693503625675,4.0
10,Processed,Drowsy,120,16,7,6982823944266176788,0.5357542504497932,0.812244894451066,0.4556912351977101,2.6442970999933024,0.9329905641978502,49.0,0.44613466909812793,2.1846440783338514,4.0
10,Processed,Drowsy,120,16,8,2779410131545760832,0.5819634911484599,0.7912196939855618,0.4753699129752314,2.64885201620683,0.9365774454811227,31.0,0.48071374160337943,2.2124833997343956,4.0
10,Processed,Drowsy,120,16,9,14653944560941040359,0.5290000944696595,0.8157800087431311,0.47823226610650726,2.6944336064507737,0.9706560846744027,37.0,0.45126497541607996,2.1876346342145756,4.0
10,Processed,Drowsy,120,16,10,8505070937176533696,0.5735748534554241,0.7922577808197095,0.491770734747582,2.66716744913928,0.9564914735872856,39.0,0.43849980379030956,2.158910103420843,4.0
10,Processed,Drowsy,120,16,11,7085333644710504393,0.5199234310216049,0.8179552374475053,0.49332887052468777,2.766000129424707,1.0249395515361737,44.0,0.4541561829135985,2.171997902464604,4.0
10,Processed,Drowsy,120,16,12,11345076330197708018,0.5281140830466865,0.820911877302288,0.47764363703515617,2.7442970822281167,0.9980741591077963,58.0,0.4499549871886614,2.2091573638578796,4.0
10,Processed,Drowsy,120,16,13,8008905781954750333,0.5587357171941135,0.8007135939562886,0.4816370813231458,2.7072790969248737,0.9824081051394343,39.0,0.4388114309457307,2.169505549373734,4.0
10,Processed,Drowsy,120,16,14,2832184474296436217,0.5812991590402943,0.7869325976771151,0.49622584889545485,2.7313385426592975,1.0053616723723118,43.0,0.4280718358301978,2.173841690355479,4.0
10,Processed,Drowsy,120,16,15,2861239540026161522,0.5493754496389032,0.8161445460355665,0.4851457722582581,2.7293032919940265,0.9788015795679378,40.0,0.46197571616537014,2.2111645122085957,4.0
10,Processed,Drowsy,120,16,16,7395571148116361454,0.5507009434024808,0.8113588204636939,0.4948177558228111,2.6875626880641925,0.9677441796897301,60.0,0.46136977447427346,2.1772924099240174,4.0
10,Processed,Drowsy,120,16,17,1139684757443892489,0.4899188804842307,0.8369578725163659,0.49744927402414535,2.675356921166977,0.9646072781633936,39.0,0.45881327762517027,2.198882650662389,4.0
10,Processed,Drowsy,120,16,18,7441288660013167095,0.49311173655994317,0.8402083008766346,0.49807252833498766,2.663991604420026,0.9577527838297349,51.0,0.45260381800974125,2.1777969066725906,4.0
10,Processed,Drowsy,120,16,19,10860692449194145755,0.5704186024842071,0.7979408518071031,0.4850880635257727,2.7091014567487433,0.98163208392775,49.0,0.4184113940121419,2.1840527758532398,4.0
10,Processed,Drowsy,120,16,20,17152586428308291628,0.5571790639870975,0.7991033983070475,0.473142355901295,2.6500743422328528,0.9452998979028143,43.0,0.4479813485376607,2.191271947157455,4.0
10,Processed,Drowsy,120,16,21,279570278905857986,0.5234876154311604,0.8248875235698998,0.4949793402737702,2.728117048346056,0.9938369519975517,47.0,0.48714249440225293,2.2112956462513753,4.0
10,Processed,Drowsy,120,16,22,13326284735830950024,0.516785139397502,0.8257999126518176,0.48686549248632305,2.700230444245295,0.9841770355025402,30.0,0.438632533875026,2.2088927637314733,4.0
10,Processed,Drowsy,120,16,23,234931284818267810,0.5079088347176275,0.8197234075197186,0.4941829597654717,2.6707210578842315,0.9540873085667289,46.0,0.45810346021559983,2.2028527028527027,4.0
10,Processed,Drowsy,120,16,24,16543897511530202746,0.47179559114617575,0.8457807615718648,0.48902379908127697,2.676563487049905,0.9494313962839229,43.0,0.48349530250917566,2.2005620781130983,4.0
10,Processed,Drowsy,120,16,25,3933053652621717272,0.48914370628849674,0.8384879545540297,0.498557281687865,2.7061771707806037,0.9899463804016739,41.0,0.42153343643960206,2.16705728780372,4.0
10,Processed,Drowsy,120,16,26,4937557559219193646,0.46613197850024046,0.841719533111145,0.4937328316520856,2.6897635814889336,0.9675064046586636,49.0,0.47586620807460583,2.201046337817638,4.0
10,Processed,Drowsy,120,16,27,9707591641867929666,0.5098104459618193,0.8257491314177012,0.5006925047898247,2.703708320349018,0.9667776990857678,42.0,0.4840666189607811,2.240950014693703,4.0
10,Processed,Drowsy,120,16,28,1887089535082529467,0.5238074993117707,0.8147878037839517,0.4959257634865308,2.69611595657903,0.9761470755520035,42.0,0.4739733616490847,2.2119522770730655,4.0
10,Processed,Drowsy,120,16,29,10189199273387746803,0.56301755327318,0.7955102506698059,0.47511599455229564,2.609674147331051,0.9237889915047428,44.0,0.46391472957687957,2.189600697281691,4.0
10,Processed,Drowsy,120,16,30,14749086194719929010,0.5720342120350397,0.7954832659488275,0.46568638766418136,2.677905356076193,0.9730850988950657,45.0,0.4445130537152882,2.1863415741818284,4.0
10,Processed,Drowsy,120,16,31,13550407580804274722,0.5607293588544848,0.8072443238268504,0.46861799127443965,2.64249918646274,0.9352293260806998,34.0,0.4528750490524226,2.217024041585445,4.0
10,Processed,Drowsy,120,16,32,8295893662870208359,0.5491599954681452,0.806407041278049,0.49320191131321994,2.7645726855146537,1.011953566462791,40.0,0.4342928371921239,2.1719530145170136,4.0
10,Processed,Drowsy,120,16,33,4575698228852125781,0.5369080866259484,0.8129941694056539,0.5115648299900741,2.726897994339855,0.9882601643055526,49.0,0.4516689365434778,2.18812379434706,4.0
10,Processed,Drowsy,120,16,34,5461960869180589407,0.5024112484264471,0.8159779689507187,0.47861314374091085,2.692028044663724,0.9719257869780116,50.0,0.41703215530574084,2.175280695945336,4.0
10,Processed,Drowsy,120,16,35,16995799857005978094,0.5040200781194479,0.83377733619382,0.4785438932619284,2.701459473547042,0.9703246559609291,33.0,0.45688003508690933,2.212008605515353,4.0
10,Processed,Drowsy,120,16,36,15010098537445037086,0.539866494940527,0.8139864144455325,0.5014196348191409,2.731124662098447,0.9819900882107022,44.0,0.4675676923432054,2.190553437694325,4.0
10,Processed,Drowsy,120,16,37,8797539135114020335,0.4847845559219048,0.8397626791205419,0.49491008979478773,2.6999118498929606,0.9741616712903644,42.0,0.46675399921516125,2.1993473827328347,4.0
10,Processed,Drowsy,120,16,38,15046040198984055502,0.46101926870798265,0.8541932997983436,0.48065603287089403,2.696865690972672,0.9646621830304258,44.0,0.4995787262528566,2.2450466804979254,4.0
10,Processed,Drowsy,180,3,0,8888263788472865491,0.6738588776170539,0.6939214605939008,0.5515859952290995,2.884242584745763,1.0578350325908847,52.0,0.43196402072454887,2.107460990103903,4.0
10,Processed,Drowsy,180,3,1,1591760521889693221,0.696469180713249,0.6767408309781112,0.5466023793726924,2.971257880681662,1.095500999158978,51.0,0.4190263716339068,2.1001789589917372,4.0
10,Processed,Drowsy,180,3,2,15901766512673297180,0.6446497302132892,0.722827320891151,0.5647844738081612,3.045193883123976,1.1403551485489012,71.0,0.4409866951637655,2.112155540461867,4.0
10,Processed,Drowsy,180,3,3,9412246982053298334,0.695612137518178,0.686524072509738,0.5475342750206385,2.992139713819158,1.1223256287979626,62.0,0.43379995644400776,2.1098753571780473,4.0
10,Processed,Drowsy,180,3,4,10664542944943054340,0.6287219023258069,0.7189295401884469,0.5745592488110733,3.197164839500606,1.2120556265066131,69.0,0.43230841694226807,2.0682569874365466,3.0
10,Processed,Drowsy,180,3,5,10593947308952234706,0.7095092758978986,0.6682124154852401,0.5417048625707152,2.9666056470849282,1.0905392510584115,65.0,0.4275451133721961,2.089283504516768,4.0
10,Processed,Drowsy,180,3,6,4953133063419055975,0.6688715423213056,0.6949659715039146,0.5676156133038233,2.9546808678916983,1.076065418255783,68.0,0.46692530147330674,2.095700305740882,4.0
10,Processed,Drowsy,180,3,7,18292857454249213285,0.6790022481537645,0.6888951874608676,0.5567519384948872,3.0388113337940568,1.1529457581894165,66.0,0.4092034824535192,2.083955584787403,4.0
10,Processed,Drowsy,180,3,8,562334718960620992,0.6416307684002296,0.7132305476893517,0.5625205751416836,3.01684050412864,1.1388748173970231,57.0,0.4334277046498554,2.0891270383751586,4.0
10,Processed,Drowsy,180,3,9,17428950202303601118,0.64159581657342,0.7089057424410945,0.5585650832881736,3.0096878070079685,1.0923189072237753,62.0,0.4288163405876007,2.0856108285197,4.0
10,Processed,Drowsy,180,3,10,8991833721540786075,0.7048004436780445,0.6739585065552689,0.5549894402042067,2.9323253947016323,1.069050584233122,48.0,0.43854553373816774,2.0945694242864055,3.0
10,Processed,Drowsy,180,3,11,16327972506453002574,0.6213691567518718,0.7307096984464105,0.5633815656859815,2.9744371356757044,1.1106106402627578,46.0,0.46150359336935987,2.1008553511320147,4.0
10,Processed,Drowsy,180,3,12,5691207219212145430,0.6960506986829551,0.6763619772990702,0.5466884784271222,3.0474872953133825,1.1461035678230984,60.0,0.4133843512436249,2.094040227820822,4.0
10,Processed,Drowsy,180,3,13,2584929692832591477,0.6190581854630164,0.7308450276117475,0.5731259527873303,3.113379371062261,1.1729679926178638,59.0,0.4402776441272848,2.1047260489552815,4.0
10,Processed,Drowsy,180,3,14,6000583819487028193,0.6541147615537798,0.7080700581691483,0.5467897714323338,3.019916083916084,1.1376676721480907,64.0,0.42677781885771876,2.1124857418618936,4.0
10,Processed,Drowsy,180,3,15,8993092642187699566,0.6359495169401672,0.7289212140871192,0.5496259755782564,3.004817809281205,1.109085597352774,71.0,0.4638409294646158,2.106371968398901,4.0
10,Processed,Drowsy,180,3,16,18278141985873526656,0.6537591585552677,0.7047243113193608,0.5506085177288083,3.073330694860632,1.1490203377397188,59.0,0.425848455534903,2.119094723842887,4.0
10,Processed,Drowsy,180,3,17,7011090109257328269,0.6415659478826008,0.7212279044626124,0.5589246734566744,2.9558067280908507,1.0861044605326298,52.0,0.47245083490759543,2.1109992192715463,4.0
10,Processed,Drowsy,180,3,18,14456457356086399953,0.7178990102085784,0.6672562099267582,0.5459034576367329,2.9815772731044783,1.1191233474627622,54.0,0.4186667814654059,2.0936732264518905,4.0
10,Processed,Drowsy,180,3,19,2952959866275372767,0.6422917675611018,0.7175934636319291,0.5538043120432319,3.0567762495806776,1.1479292683679299,65.0,0.43414941731198753,2.1016095222918225,4.0
10,Processed,Drowsy,180,3,20,371637502328461817,0.6970678419306809,0.6894513875389269,0.5532421358643079,3.1216529020089734,1.1820639020367314,63.0,0.42177647672539975,2.087546687388765,4.0
10,Processed,Drowsy,180,3,21,12224498666644030909,0.6496805485737457,0.7203664401678626,0.5609404042603838,3.0487778022462013,1.1547517105551728,67.0,0.44981944521821043,2.1007497989498085,4.0
10,Processed,Drowsy,180,3,22,10209553527697185383,0.6717462016855793,0.6931814523952247,0.5493879370160094,2.908332886481849,1.0470698926896542,54.0,0.4340329303559943,2.0908957827577375,4.0
10,Processed,Drowsy,180,3,23,9548800402086606478,0.657957580118064,0.707473077035714,0.5630675573698258,3.084366763767513,1.1584125068238762,48.0,0.43608411371152767,2.0987544483985765,4.0
10,Processed,Drowsy,180,3,24,7110517630981221367,0.6318554347442422,0.7175866139616978,0.5576585108915304,2.9782261772740797,1.1224933317883197,51.0,0.42716273227752255,2.0950890528355317,4.0
10,Processed,Drowsy,180,3,25,2140843696843045451,0.611322046120784,0.7354350984817527,0.5665925539511869,3.1204708376335386,1.1905046501629817,79.0,0.43583341352362914,2.095530311331897,4.0
10,Processed,Drowsy,180,3,26,2328448617385114084,0.7178797854312684,0.6570052206462619,0.5327606902105375,2.897771411255888,1.04835582870871,61.0,0.42415939467300084,2.0676212813232935,4.0
10,Processed,Drowsy,180,3,27,6375953035350670695,0.636364679573453,0.715277093338809,0.5584334023813986,3.0830164411139696,1.1517212812287183,60.0,0.42121683287160605,2.075101674193468,4.0
10,Processed,Drowsy,180,3,28,13444550865645176078,0.6519824631111306,0.7141997215857782,0.5586916995446879,2.985035854417535,1.117591917938397,50.0,0.4362436501947358,2.1110484780157837,4.0
10,Processed,Drowsy,180,3,29,10378267229201420274,0.6576415167098283,0.7086174847786628,0.5485066878706691,2.997619640731822,1.105230170286891,59.0,0.45581345880160246,2.106496272630458,4.0
10,Processed,Drowsy,180,3,30,12283546730767878104,0.6630404816844186,0.699924529919581,0.5580231657102919,2.98057674619921,1.1246163651480678,56.0,0.4383758679544384,2.1052682784452985,4.0
10,Processed,Drowsy,180,3,31,393332000362474523,0.6647591504098544,0.7072760225147323,0.5690387800270452,3.095008539474409,1.1784547612148955,51.0,0.41970503476882404,2.0833260008798944,4.0
10,Processed,Drowsy,180,3,32,8009774469488197699,0.6669544836903826,0.696016724418054,0.5459490394890781,2.9810016315920467,1.114256011905748,83.0,0.42501785289216854,2.077010655017511,4.0
10,Processed,Drowsy,180,3,33,4186485038728655578,0.6714276953636767,0.6975994157826697,0.5496664927803411,2.952393906420022,1.0871011220370654,54.0,0.43646649480620114,2.088884041109172,4.0
10,Processed,Drowsy,180,3,34,3727442443628017145,0.656322248179134,0.7075193127971944,0.5619229464109355,3.0448981832153246,1.141450297544103,51.0,0.4287226445577801,2.0913627828836843,4.0
10,Processed,Drowsy,180,3,35,15456886467595006967,0.662298597852179,0.7016469504858492,0.5386762017148906,2.9327744995312415,1.0807528469350054,62.0,0.43266547478563866,2.107290420454125,4.0
10,Processed,Drowsy,180,3,36,17191402825750072125,0.6794236860841876,0.6892892639138475,0.5358298682684467,3.0089587895679872,1.1267739381687532,56.0,0.4344279730763192,2.09737878083967,4.0
10,Processed,Drowsy,180,3,37,7821088648338092357,0.6454772783577151,0.7099142717956151,0.5748428692256656,3.165202599068574,1.200833791514171,68.0,0.4322071239370565,2.096808275387602,3.0
10,Processed,Drowsy,180,3,38,18197077791833433266,0.637434055753459,0.7080222245242446,0.5398866531271683,2.9989871993247994,1.1130348881810188,50.0,0.434980019954722,2.092216808769793,4.0
10,Processed,Drowsy,180,9,0,1173194331490624313,0.5123054514549039,0.8067203371279695,0.5426266289181401,2.9700884317910905,1.1318627156918688,53.0,0.4981665966056714,2.2165971830985916,4.0
10,Processed,Drowsy,180,9,1,14173916741913076548,0.5215965494016257,0.7944318490363084,0.546414987313051,2.9109354342605833,1.0813448778137866,46.0,0.4723318156264719,2.1803591050429008,4.0
10,Processed,Drowsy,180,9,2,12856979034576009627,0.5759715119208595,0.7808208049864995,0.5423227499025055,2.8521201789899853,1.0420798906711597,55.0,0.5241609140680791,2.196089249148568,4.0
10,Processed,Drowsy,180,9,3,1345942592478828362,0.5448767789796028,0.7902066968146655,0.5347207098613805,2.871023005384239,1.0512997507691912,62.0,0.505044391659534,2.1940484048404842,4.0
10,Processed,Drowsy,180,9,4,12308161982637061878,0.542471309403049,0.7951861084352101,0.5232138244693513,2.8500055175457955,1.051858117520613,56.0,0.48083283108884917,2.2113807882232366,4.0
10,Processed,Drowsy,180,9,5,1061445925046372394,0.5105116876875261,0.8012975109437462,0.5503400912649977,3.0103889627659575,1.135657966753677,63.0,0.4891945686690606,2.191143777505558,4.0
10,Processed,Drowsy,180,9,6,14674960512499815797,0.504356380254105,0.8099500103262037,0.5413250138011719,2.948333885027033,1.1116119799689756,47.0,0.48459839855758763,2.2033205531184876,4.0
10,Processed,Drowsy,180,9,7,17935183766373677131,0.5693547888205162,0.7763170609340493,0.5430672534908102,2.899515967659068,1.0834637892462105,49.0,0.46959437216063044,2.1697517141319356,4.0
10,Processed,Drowsy,180,9,8,204579315659519333,0.5389656962787632,0.7972404952508604,0.5533586228203011,2.97198269999728,1.1158207158636462,51.0,0.494137667323383,2.1934062475411125,4.0
10,Processed,Drowsy,180,9,9,7225155656779395570,0.5240115177323347,0.8016680529805273,0.5157535946355224,2.838894929051323,1.0261567216060445,54.0,0.5018334033943286,2.2036629303442754,4.0
10,Processed,Drowsy,180,9,10,7550155655711440755,0.5177271132111603,0.8079533232284801,0.5470987150982289,2.973792154163799,1.1146497742069883,49.0,0.48476299969105635,2.211401836770057,4.0
10,Processed,Drowsy,180,9,11,15024168632279022944,0.552517963145147,0.7791587450917196,0.5361388119343419,2.887667421369923,1.0482082504074894,52.0,0.5032945549945048,2.183923960221966,4.0
10,Processed,Drowsy,180,9,12,6169381297866353885,0.520313335678573,0.8071906245270415,0.536113488683039,2.849904423444525,1.0435654792704798,50.0,0.48795626168034967,2.2028122320663046,4.0
10,Processed,Drowsy,180,9,13,14159791331211172983,0.5457639591931565,0.7950380051047972,0.5351360111827478,2.9250339119120783,1.0775357206786085,60.0,0.5074070510060927,2.21701944035672,4.0
10,Processed,Drowsy,180,9,14,5533395459202282418,0.5264905246838911,0.7984568474342614,0.5508566855915765,2.980843016882263,1.131879894025496,47.0,0.47851322126950524,2.1976669806822278,4.0
10,Processed,Drowsy,180,9,15,1264218586210575182,0.5503251433413128,0.7839126781914598,0.5285063839916535,2.909902122082485,1.0745088507437668,55.0,0.5024360967753372,2.207905367058745,4.0
10,Processed,Drowsy,180,9,16,17675019797791446758,0.5621901165030856,0.7696923876051411,0.5422417154983362,2.9009917086652575,1.072911481471451,54.0,0.4837044877865959,2.165939062694894,4.0
10,Processed,Drowsy,180,9,17,2737619505104957771,0.5684233491662734,0.7793551197412729,0.5535409502296819,2.960720574292293,1.094143589011488,54.0,0.5112916377559548,2.178763353836193,4.0
10,Processed,Drowsy,180,9,18,17526739154679767637,0.562999413184865,0.7801745448005646,0.5383571287484743,2.8823178502670896,1.0720857715647607,46.0,0.46896888785344926,2.1559389515593894,4.0
10,Processed,Drowsy,180,9,19,3579017479684339181,0.5300215705230714,0.799861696528076,0.5425962410165766,2.956562534496081,1.1048490461160192,65.0,0.49329440305499705,2.19155997569921,4.0
10,Processed,Drowsy,180,9,20,16729770729694343893,0.5119479026903174,0.8096257947990825,0.5289622025151053,2.8763184709867535,1.0694163983200244,51.0,0.5053558676505594,2.2170106872264315,4.0
10,Processed,Drowsy,180,9,21,12473863719057135268,0.5566735197519674,0.7778515306064746,0.536782022517435,2.86471876098062,1.0569982315735817,47.0,0.48483137246957414,2.1787177386317085,4.0
10,Processed,Drowsy,180,9,22,13520390232732256047,0.515976123573681,0.8094647571668239,0.5374100391497465,2.953900116919993,1.1024294193038258,48.0,0.4957507584313765,2.2061213220793565,4.0
10,Processed,Drowsy,180,9,23,3162496014875573755,0.5180808948262394,0.8021048556437089,0.543355938555663,2.9306963149124483,1.0808367098206493,65.0,0.5082275243483061,2.2133065716774927,4.0
10,Processed,Drowsy,180,9,24,9343362672946579912,0.5391687842887636,0.8018483987744891,0.5550147634555096,3.026234397437314,1.1589706371477762,60.0,0.4886298601650063,2.1894090682158582,4.0
10,Processed,Drowsy,180,9,25,14206261574793672642,0.5572742367364766,0.7797949861139997,0.5404083121040076,2.9844208877576706,1.1022506138962829,64.0,0.5019929398775368,2.1903825329826967,4.0
10,Processed,Drowsy,180,9,26,1588769256396383851,0.5371996128031303,0.7996071382255185,0.5465010863674808,2.997694188243138,1.1356128852125935,54.0,0.4962876113589976,2.183097179521454,5.0
10,Processed,Drowsy,180,9,27,11084685635253364188,0.5170645307936811,0.8055156694864559,0.5565341585336825,3.042416523617033,1.1665258488903214,60.0,0.5004051720208461,2.1970736371621395,4.0
10,Processed,Drowsy,180,9,28,12480037108810714676,0.4988385900841314,0.812608632195416,0.5371213540848937,2.909228068250398,1.0878333686664026,48.0,0.4848617603711376,2.2191071138823855,4.0
10,Processed,Drowsy,180,9,29,12613261797882205293,0.48769616901744595,0.8174632187875337,0.5527306061879896,2.9463297427175292,1.1003377268082273,50.0,0.49555830172147464,2.197908711083157,4.0
10,Processed,Drowsy,180,9,30,13808068255113707059,0.5453763765363349,0.7902544014690814,0.5436446236205159,2.885433187279912,1.066443908913966,67.0,0.49518098527706167,2.198754132277869,4.0
10,Processed,Drowsy,180,9,31,5478899770598548355,0.4972682801570793,0.8084920498908192,0.5587879278996389,2.9669239250275634,1.1136153985722548,58.0,0.511408124711948,2.20922625884721,4.0
10,Processed,Drowsy,180,9,32,2855215576695078756,0.5368052492025455,0.7969792665951845,0.5330240520240874,2.9197136991621817,1.0890016213922127,76.0,0.476173352849119,2.189339605067064,4.0
10,Processed,Drowsy,180,9,33,14491617293388699270,0.5137194611006943,0.8092965186810445,0.5436902054728611,2.913635870155249,1.0901899885691388,51.0,0.5088352823795753,2.2238749806317375,4.0
10,Processed,Drowsy,180,9,34,16049746737510819906,0.5388911933032617,0.7946868827084679,0.535586765055939,2.932124438529363,1.096759940140553,60.0,0.4995543107770693,2.1984219852228275,4.0
10,Processed,Drowsy,180,9,35,13287942210149009478,0.5698423671544465,0.7736885131212459,0.5382355771422205,2.8821359802565563,1.0639622064238181,47.0,0.45555769396344337,2.154455089820359,4.0
10,Processed,Drowsy,180,9,36,16489180622582828647,0.5340646527495154,0.794300730671918,0.546414987313051,2.9120354125617425,1.0875277430953674,57.0,0.5097064022243943,2.190492773811597,4.0
10,Processed,Drowsy,180,9,37,8858794158079109812,0.5446771426189725,0.7870080640845742,0.5469923574427568,2.949745998798274,1.1099828822891118,66.0,0.4885007115833616,2.1820711498218426,4.0
10,Processed,Drowsy,180,9,38,6446531243759157930,0.5174049432151444,0.8076890289615891,0.5416339574670671,2.9549071618037135,1.111383886451906,48.0,0.5084604982602926,2.214150235984297,4.0
