session,representation,state,window_size,window_id,surrogate_id,seed,CC,NRMSE,DET,Lmean,ENTR,Lmax,LAM,TT,Vmax
5,Processed,Awake,60,2,0,13724362864671472592,0.4540068501994188,0.8431313858936333,0.5557901809281567,3.1504352557127313,1.2069950967844763,43.0,0.5811297211690742,2.3747793685036283,6.0
5,Processed,Awake,60,2,1,1222294382524730340,0.4808867772522233,0.8239356493387358,0.53184239573835,3.0130505709624797,1.1289555712276804,43.0,0.5607333109372751,2.399424992299004,10.0
5,Processed,Awake,60,2,2,8494441122961799891,0.4393123031533926,0.8396708450487418,0.5603493785093824,3.0,1.1424981967991747,38.0,0.553030666602678,2.291409823026447,8.0
5,Processed,Awake,60,2,3,1159628709237190584,0.5117086680972749,0.8112245876321613,0.5340979987522196,2.895914650013011,1.0960217378431434,44.0,0.5808417718481548,2.4278836509528587,8.0
5,Processed,Awake,60,2,4,7442495057379904435,0.42256720752097204,0.8676064896217038,0.6319527763113691,3.166907166907167,1.191112375051557,40.0,0.6507654652781111,2.4216447897133673,8.0
5,Processed,Awake,60,2,5,6619056092963554086,0.4563538435031557,0.8640119887861705,0.5471037097470846,2.9835121695891127,1.1157381699176316,57.0,0.6071411431588041,2.413852318259874,9.0
5,Processed,Awake,60,2,6,17501141157150907980,0.4841212303187466,0.8267880506900206,0.5722032922205692,3.0784921249677253,1.1255499453152351,47.0,0.6008062580985747,2.3710227272727273,7.0
5,Processed,Awake,60,2,7,18318896811173283103,0.4968290738868619,0.8323368491017137,0.5560301386955896,3.034573074908329,1.1535864177217288,41.0,0.5526707299515285,2.313611250627825,7.0
5,Processed,Awake,60,2,8,8698181622988347875,0.3919451261486171,0.8563019610287284,0.6092527715122138,3.1937106918238993,1.1818992152288386,46.0,0.6079090080145895,2.314875730994152,6.0
5,Processed,Awake,60,2,9,8064758567682302586,0.4448558253708257,0.854561779380395,0.5415366895426404,3.0596529284164857,1.1431931741452175,55.0,0.5580697797187695,2.357048748353096,8.0
5,Processed,Awake,60,2,10,13025863338209126126,0.417726203105624,0.8683380227750115,0.536017660891683,2.9215275961286946,1.1005330590022848,42.0,0.5698037145462399,2.384136546184739,8.0
5,Processed,Awake,60,2,11,362879702168605416,0.4587953542453343,0.8367992613967004,0.5792580505830974,3.1140350877192984,1.1896979656456952,55.0,0.592239765801219,2.3316957959376476,5.0
5,Processed,Awake,60,2,12,5841291906084037508,0.5168620163211192,0.8178113884035486,0.5914479051686903,3.125538929748922,1.1540538869637595,51.0,0.5490473676632912,2.297058528260215,6.0
5,Processed,Awake,60,2,13,7278064513004685462,0.4925309164069884,0.8015137433312289,0.5717233766857033,3.0759101471727344,1.1694164230609188,43.0,0.5731151317368143,2.3528716382622403,6.0
5,Processed,Awake,60,2,14,16722967309602752941,0.37223615716768804,0.8807713472322121,0.5658684071603398,3.09718938796953,1.1956219548542089,41.0,0.6290492873254308,2.4552776997283883,7.0
5,Processed,Awake,60,2,15,2099465466100352047,0.47888950289012755,0.8450304909476781,0.5625569899697653,3.041515308770109,1.1471591526139342,48.0,0.5808897634016413,2.3024538710291043,7.0
5,Processed,Awake,60,2,16,9427284410237971365,0.560788512084773,0.7911460573716325,0.531266497096511,2.9798115746971736,1.1452016100357487,39.0,0.526683303738542,2.265586292320396,5.0
5,Processed,Awake,60,2,17,13919412541378644202,0.5109494869824942,0.7907134485968689,0.5559341555886164,3.18504261754193,1.1259173430078573,53.0,0.5303546575802659,2.273166718091124,4.0
5,Processed,Awake,60,2,18,14460439708430781854,0.43774811912906764,0.8492449079388548,0.5496472620818736,2.8589615576635046,1.0754604681285285,37.0,0.5723232711042856,2.361251361251361,8.0
5,Processed,Awake,60,2,19,1820071548232928974,0.4814708039877307,0.8418619644851044,0.550655084705092,2.972538860103627,1.1664351283649055,51.0,0.5573499064164708,2.3227,7.0
5,Processed,Awake,60,2,20,17731695770956608430,0.546667238558078,0.7978532386874131,0.5474396506214906,2.9900393184796856,1.123517045410332,46.0,0.5554542400537505,2.3178131571042355,5.0
5,Processed,Awake,60,2,21,6574617988562815004,0.4761490684890253,0.839563329204466,0.5564620626769688,2.9526355996944234,1.1272038809555567,34.0,0.5883284541920621,2.3838599902771027,8.0
5,Processed,Awake,60,2,22,11637737959704029818,0.48848123089969175,0.8273036980938214,0.5528147046119883,3.042525092445853,1.1726524864666383,36.0,0.5492393338772376,2.323756345177665,6.0
5,Processed,Awake,60,2,23,16242870321043272887,0.5587177783992413,0.7785390744863506,0.5436003263425637,2.9283867631851086,1.0942513685273014,36.0,0.5375293948265105,2.296831744078745,9.0
5,Processed,Awake,60,2,24,4610918992529365257,0.4460750419736754,0.8490164684168381,0.572107309113596,2.97950512371907,1.155616451667245,37.0,0.5720353217833661,2.3682694218160143,8.0
5,Processed,Awake,60,2,25,4976511992979204362,0.48356082379246323,0.8388248117772332,0.5364975764265489,3.0593869731800765,1.1496998406888008,49.0,0.5458799251331765,2.307903013087146,6.0
5,Processed,Awake,60,2,26,11813942160898722634,0.4316581279251356,0.8605406072826773,0.5666842635696118,2.943170488534397,1.096878169465709,75.0,0.59756682823823,2.367655447803765,7.0
5,Processed,Awake,60,2,27,167955405836399716,0.44919346798369947,0.8770348453046402,0.5597734798675433,2.9559047136340597,1.1446705916561801,36.0,0.6351922061717138,2.523932112890923,9.0
5,Processed,Awake,60,2,28,1089833207038788687,0.45960843309678423,0.8377120584875211,0.5956231703220233,3.1004246814888834,1.1997892338077436,42.0,0.5905120698757019,2.37952040224328,9.0
5,Processed,Awake,60,2,29,17307849368952126736,0.49552637504737007,0.8114180608587025,0.5603973700628689,2.9833929483903936,1.133733612337943,46.0,0.5555982147142103,2.325632784250703,6.0
5,Processed,Awake,60,2,30,10506999271353733876,0.48285552343523847,0.8147854145881429,0.5668762297835581,3.096199213630406,1.1900489658876263,45.0,0.5084945049671258,2.266659535779228,4.0
5,Processed,Awake,60,2,31,5426282411958971629,0.41155302933477594,0.8734802971470229,0.5710994864903777,3.048155737704918,1.1716884331942021,39.0,0.6238661995488795,2.4339075079573114,8.0
5,Processed,Awake,60,2,32,11820124763824369108,0.5158135690195267,0.824696584325163,0.5716753851322167,3.0535760061522685,1.1466299603164651,45.0,0.5869606949176945,2.323864715941478,5.0
5,Processed,Awake,60,2,33,13184438338258261872,0.5172032665874435,0.8059711847328267,0.5652925085185008,3.172367357931592,1.2292681277132644,53.0,0.5083265345299227,2.288183192914236,5.0
5,Processed,Awake,60,2,34,12202099196529852311,0.4646145376927708,0.8314556048100155,0.5530066708259347,2.9968790637191156,1.1197046033275848,38.0,0.6014781398473869,2.527324057269611,9.0
5,Processed,Awake,60,2,35,8148281034030707453,0.45351251068869225,0.8448785139391282,0.5497912367423333,2.9261813537675607,1.088197653073948,50.0,0.5770504391227144,2.415670517327976,13.0
5,Processed,Awake,60,2,36,12513675113874047401,0.4995106116571885,0.8247773283469618,0.5767624898017949,3.0942327497425333,1.2239753638509816,34.0,0.5851850074386908,2.4738283627510653,10.0
5,Processed,Awake,60,2,37,9219530647693702482,0.4465574718585182,0.8330489927554697,0.5862168258386524,3.132854578096948,1.2089388321102101,55.0,0.6343283582089553,2.6316575410652066,8.0
5,Processed,Awake,60,2,38,13797816225059575342,0.45194436900815294,0.8457729695648474,0.5677400777463166,3.024801840961391,1.1314201627116132,57.0,0.5932955799779239,2.3549861891608725,9.0
5,Processed,Awake,60,3,0,3878540389575025546,0.5753111234670524,0.7890831782772839,0.48855401449344915,2.823855755894591,1.0427838389443334,34.0,0.44855305466237944,2.1924700914848696,4.0
5,Processed,Awake,60,3,1,16502266476396304560,0.5568267314042296,0.796071290211892,0.48231511254019294,2.7221018418201517,0.9783839041457203,42.0,0.45335221001103804,2.219311641019617,4.0
5,Processed,Awake,60,3,2,14009230104542195209,0.49312284756360025,0.8312366032913551,0.4991601478139847,2.89238042269188,1.1252194870336665,36.0,0.4841867831261698,2.274859075535513,4.0
5,Processed,Awake,60,3,3,5092571464371850297,0.516285470724958,0.8210577036280705,0.5274271728175841,2.85158277114686,1.0734896678611456,49.0,0.48214714210298987,2.2165471594043025,4.0
5,Processed,Awake,60,3,4,6910563344709191908,0.5345054103822018,0.8095527246108941,0.4950808657676249,2.800217155266015,1.050667992033043,37.0,0.4475692278159044,2.2220633786037647,5.0
5,Processed,Awake,60,3,5,1630617989160610492,0.47561836911123556,0.8530618635689614,0.5163891155156692,2.8639872238488158,1.0815625314992394,32.0,0.5358736862312233,2.289052890528905,18.0
5,Processed,Awake,60,3,6,5515403246482614798,0.6088667947275735,0.7725949448447234,0.49325718673513463,2.8043656207366987,1.0514559397041559,30.0,0.4985362576186591,2.215397739390062,4.0
5,Processed,Awake,60,3,7,15123410338555196849,0.6186505817824304,0.7715067675362708,0.5307385900081586,2.8912418300653595,1.0939317081180833,41.0,0.5001679704372031,2.331543624161074,47.0
5,Processed,Awake,60,3,8,3560769733855697916,0.5144809461296762,0.8301305351371778,0.4754043288381245,2.7236733571624967,0.9963956440405967,38.0,0.5151893266785046,2.26,6.0
5,Processed,Awake,60,3,9,15965109674376466279,0.5901439117689705,0.7792403376130796,0.4890819215818016,2.816749585406302,1.0751550732207265,45.0,0.45263233670873926,2.2015639589169003,4.0
5,Processed,Awake,60,3,10,9986437985560568977,0.5820914423069085,0.780256640334194,0.5104861544368191,2.760705943420711,1.0509088253941763,40.0,0.482891011182032,2.2099714473973204,4.0
5,Processed,Awake,60,3,11,5201177647155936205,0.551955231323708,0.7998082539328624,0.49354513605605416,2.8159912376779848,1.05615967338644,38.0,0.48476268176800885,2.2765382014874915,8.0
5,Processed,Awake,60,3,12,7304043265960290155,0.5037041044230577,0.833319425760669,0.5068387963718386,2.8028131634819533,1.058475673926291,40.0,0.48401881268896674,2.2472147950089125,4.0
5,Processed,Awake,60,3,13,12515803656609353957,0.5951406578343341,0.7818792324192887,0.4915294908096175,2.7854228991025294,1.0551787217601163,30.0,0.4976004223256707,2.2508412026484317,4.0
5,Processed,Awake,60,3,14,4295372885945715447,0.5412364532512747,0.8095107139603887,0.5026635312185055,2.7716327070653612,1.0656969772165104,33.0,0.44185823295100063,2.198686567164179,4.0
5,Processed,Awake,60,3,15,16394512722772721175,0.5006203545593215,0.8265993260698798,0.5171089888179681,2.9137371552190374,1.1031774784503923,51.0,0.49308921629793157,2.271109637488948,4.0
5,Processed,Awake,60,3,16,16211231659662973016,0.4363333761843305,0.8518090744667575,0.5216201948457072,2.8041795665634677,1.065582095466168,34.0,0.5032634256370879,2.23307069846678,7.0
5,Processed,Awake,60,3,17,6644968123938384048,0.5150498925908376,0.8206267406048247,0.49464894178624563,2.7137967351237493,1.0054532757311134,35.0,0.518740701636512,2.244626726196657,4.0
5,Processed,Awake,60,3,18,11434587623656627456,0.5322255929919879,0.8198039782091546,0.5026635312185055,2.8861945439515018,1.1522292443644715,32.0,0.4809713490425685,2.2488499943902167,4.0
5,Processed,Awake,60,3,19,4527797811054851422,0.49113133188856817,0.8349763332222182,0.4859144790516869,2.760359869138495,1.0339757499489395,36.0,0.4577434371550607,2.2266837866230884,4.0
5,Processed,Awake,60,3,20,1492214891271963943,0.5983354776329565,0.790643206335446,0.5021356241301531,2.8642211880646045,1.0912696315560617,37.0,0.4654940730431444,2.2213443261193175,7.0
5,Processed,Awake,60,3,21,6516635881534721040,0.5022775131976662,0.8314567478432646,0.5053510582137544,2.9512331838565022,1.1456788187127336,41.0,0.5032874214138312,2.2815185467203305,10.0
5,Processed,Awake,60,3,22,5301763442228459809,0.544844858096246,0.8048193518742356,0.5257954599990402,2.74655302080722,1.0361430442589132,33.0,0.5239237894130633,2.229551720616767,4.0
5,Processed,Awake,60,3,23,10295377319012997614,0.5785725292243259,0.783242175839159,0.5112060277391179,2.8634408602150536,1.1254135412931048,32.0,0.45541584681096126,2.2117468826477102,4.0
5,Processed,Awake,60,3,24,1215762375584707253,0.4585920274278295,0.8488641866905998,0.5290108940826415,2.906142894806222,1.1178599631125645,31.0,0.4580793780294668,2.2413995538335096,4.0
5,Processed,Awake,60,3,25,1904783048513914100,0.555389910431322,0.8115413451016684,0.516869031050535,2.8076120959332638,1.0393055853450204,45.0,0.5105341459903057,2.2961364126915607,18.0
5,Processed,Awake,60,3,26,16243142557421568782,0.5598862001148059,0.8054094494307731,0.48601046215866006,2.8335198656966982,1.054244673284826,41.0,0.48010750107980993,2.2669385905279853,4.0
5,Processed,Awake,60,3,27,8394469679599028256,0.5954962574908781,0.7824404846334558,0.5147094111436388,2.8478491768454592,1.0575847902757247,49.0,0.4745644766521092,2.21839596186203,4.0
5,Processed,Awake,60,3,28,7957996404582859222,0.5265266725771469,0.8215472561057919,0.5178288621202668,3.027497194163861,1.155785398608961,52.0,0.5014397466045976,2.2976360637713027,17.0
5,Processed,Awake,60,3,29,10138673589428464501,0.5096429863402607,0.8207220356770308,0.475692278159044,2.7015535568274736,0.9918105590496606,38.0,0.4873782214330278,2.2438135218736193,4.0
5,Processed,Awake,60,3,30,6107472904678740614,0.5399320130478247,0.8110476604183705,0.4978163843163603,2.825660582947426,1.0829606364842133,30.0,0.48853001871670587,2.2737324100960463,4.0
5,Processed,Awake,60,3,31,10038670034105928176,0.46094112236075,0.8375810712617583,0.48404280846571,2.671080508474576,0.9614315052022226,27.0,0.4912175457119547,2.2336061102018547,4.0
5,Processed,Awake,60,3,32,4681939058913920606,0.45284880488374935,0.8632365850241925,0.5009358352929885,2.834872351982618,1.077489653282442,39.0,0.4904976724096559,2.280343596608657,5.0
5,Processed,Awake,60,3,33,4696900187091712575,0.5365909978700318,0.8284593353457542,0.49287325430724194,2.7019205472244145,0.9798864143867363,27.0,0.5181408072179297,2.2779829095896194,11.0
5,Processed,Awake,60,3,34,2026536712624248990,0.48395912664145446,0.8372611623020054,0.493449152949081,2.9648212226066897,1.1384770332625913,49.0,0.5267792868455152,2.302601216698133,4.0
5,Processed,Awake,60,3,35,11007486982580981625,0.6062907405214684,0.7659034146051158,0.48831405672601624,2.8629712999437253,1.0652372949921327,42.0,0.4440418486346403,2.1709291412482403,4.0
5,Processed,Awake,60,3,36,7433661875427898479,0.601712020624097,0.7664658525469954,0.5189806594039449,2.786395258953878,1.0639117794242632,33.0,0.4750443921869751,2.2161647822679953,4.0
5,Processed,Awake,60,3,37,15812681202403897079,0.5405554584979145,0.8029271079879506,0.5039113116091568,2.8532608695652173,1.063371674277396,39.0,0.4950568699908816,2.206288097529676,6.0
5,Processed,Awake,60,3,38,15995159473342404567,0.5332964347892701,0.817771403527597,0.5085664922973556,2.8772739614444744,1.1127711696114226,40.0,0.48217113787973315,2.2531957838080285,4.0
5,Processed,Awake,60,4,0,1151135390063149795,0.5193457205346139,0.8175247575671885,0.4939290684839468,2.6823038832421164,0.9826108668814711,52.0,0.4149109756682824,2.146883536131115,4.0
5,Processed,Awake,60,4,1,2921488214592728809,0.5378402847049761,0.8052430476859977,0.5117339348274703,2.8112312153967833,1.0159065568000663,38.0,0.4057205931756011,2.1646396108052746,4.0
5,Processed,Awake,60,4,2,11749380543233951890,0.5137043464253181,0.8219360930402372,0.5007438690790421,2.7200208550573515,0.9780097576248534,42.0,0.46532610260594137,2.179611104866809,4.0
5,Processed,Awake,60,4,3,4157648537244906555,0.535959186430575,0.8070998001349411,0.5048231511254019,2.776194246503035,1.014642955880423,57.0,0.4150549503287421,2.1610444777611195,4.0
5,Processed,Awake,60,4,4,7238038069747866559,0.4890650578829214,0.8344447374182208,0.5088064500647886,2.7826771653543307,1.0421611253686598,41.0,0.46172673609444737,2.1875852660300135,4.0
5,Processed,Awake,60,4,5,17982642436858624878,0.5002357121893002,0.8326469170625438,0.504247252483563,2.737623762376238,1.037624253930345,38.0,0.48176320967509717,2.236244152372466,4.0
5,Processed,Awake,60,4,6,14834054021843957424,0.5089146783803159,0.8331492846295763,0.5030954551998849,2.753611767796165,1.0438167634481839,29.0,0.4653980899361712,2.2042277531537673,4.0
5,Processed,Awake,60,4,7,2456888523296377773,0.6040776618162649,0.7804970317815015,0.4727168018428757,2.6435856146001075,0.9410193905072631,32.0,0.4233814848586649,2.156968215158924,4.0
5,Processed,Awake,60,4,8,8723733425078238792,0.5685189685005133,0.7988051743510236,0.48385084225176367,2.66860772895712,0.9615629932196392,33.0,0.41183951624514087,2.152910185649774,4.0
5,Processed,Awake,60,4,9,17466266488015451508,0.5355463203137124,0.8066829320278237,0.4925853049863224,2.642636457260556,0.9671769000060072,24.0,0.4548879397226088,2.189030023094688,4.0
5,Processed,Awake,60,4,10,4090954827008832565,0.5290925727504834,0.8138509533447027,0.5264193501943658,2.8285198555956677,1.0646255110773002,49.0,0.3913951144598551,2.152130887979945,4.0
5,Processed,Awake,60,4,11,3517503407009499620,0.42563430116625617,0.8737393350729248,0.5103421797763593,2.768549856808123,1.0447600954305425,41.0,0.47506838796371836,2.2290024769196126,4.0
5,Processed,Awake,60,4,12,8272098408954330103,0.5109148389794087,0.8372319549825098,0.4753563372846379,2.816320727893091,1.0758228194067982,25.0,0.47026923261505976,2.1933967543368773,4.0
5,Processed,Awake,60,4,13,14173699672908740008,0.518961879545565,0.8257559549167333,0.5076546527811105,2.7109174782162992,1.0074111412108449,41.0,0.46628593367567306,2.187056837366348,4.0
5,Processed,Awake,60,4,14,11754302743727331479,0.5225900012040255,0.81396493337787,0.5047271680184288,2.7793340380549685,1.0647278202167707,30.0,0.44800115179728367,2.1739636702375407,4.0
5,Processed,Awake,60,4,15,7509760802365419238,0.5462954094916215,0.8015844679036559,0.494840908000192,2.62834565383635,0.9157763015127354,33.0,0.42573307097950763,2.164714494875549,4.0
5,Processed,Awake,60,4,16,7354295148743390697,0.5942206259550451,0.78485343116732,0.4652301194989682,2.7199775533108865,1.0118697577471933,29.0,0.414143110812497,2.1952429407275504,4.0
5,Processed,Awake,60,4,17,16500313713499664996,0.46582859759980166,0.8369535873173124,0.5163411239621827,2.8968766828217554,1.1027992717148252,42.0,0.41186351202188415,2.178449041756568,4.0
5,Processed,Awake,60,4,18,13962215260868527078,0.4684082612992549,0.8622215466540373,0.5329462014685415,2.894188167839458,1.0795031815225617,32.0,0.4713970341219945,2.2097862767154104,4.0
5,Processed,Awake,60,4,19,2928980424027506493,0.5493561656046756,0.8142784039362733,0.49556078130249076,2.7145110410094637,1.0093916751339131,39.0,0.43122810385372173,2.185721235709073,4.0
5,Processed,Awake,60,4,20,14525962474769816194,0.5525692587969021,0.8036690441888621,0.48893794692134185,2.7483140005395197,1.0455031993907085,30.0,0.4317080193885876,2.1854956268221573,4.0
5,Processed,Awake,60,4,21,6057002749955604381,0.4882191408217109,0.8372049975439592,0.5139415462878534,2.8063417190775684,1.0540443334430007,35.0,0.46719777319191824,2.2150170648464163,4.0
5,Processed,Awake,60,4,22,1674498579474697383,0.48399172602278945,0.841206033865235,0.5059269568555934,2.7460276113571243,1.0390372849305993,26.0,0.422901569323799,2.152681079760596,4.0
5,Processed,Awake,60,4,23,7556228064491136210,0.4760941762163071,0.8554196632117116,0.5171089888179681,2.7692109997429966,1.0363121941034685,29.0,0.49625665882804626,2.2201825013419216,4.0
5,Processed,Awake,60,4,24,5177196560515410221,0.5334309595142775,0.7988781733570819,0.5432643854681576,2.8243512974051894,1.0529054904449902,42.0,0.4141671065892403,2.173529782143307,4.0
5,Processed,Awake,60,4,25,13693280277709020308,0.5052533351518604,0.8163545082055834,0.4978163843163603,2.7869425040300912,1.023608139747974,35.0,0.38093295579977926,2.1314446831364124,4.0
5,Processed,Awake,60,4,26,3043541648007374480,0.47382079539144645,0.8458450804199699,0.4994001055814177,2.7255107386066,1.0002448114279374,32.0,0.4745644766521092,2.179283746556474,4.0
5,Processed,Awake,60,4,27,3596610263528011416,0.6261298195118083,0.7568372293552899,0.5173969381388875,2.7259165613147913,1.0140834847093143,44.0,0.3789892978835725,2.1277111679913783,4.0
5,Processed,Awake,60,4,28,13307362999705993897,0.559887641583251,0.8031678383913001,0.517348946585401,2.863213811420983,1.0935058238407758,59.0,0.4304842347746797,2.1750727449078564,4.0
5,Processed,Awake,60,4,29,18355604530835011123,0.6223984418139411,0.7639422093879694,0.5141335125017997,2.785491419656786,1.03627143764691,30.0,0.41541488697989154,2.145761031234507,4.0
5,Processed,Awake,60,4,30,1417249154250714940,0.5668852262788355,0.7834250491191734,0.48855401449344915,2.6874340021119325,0.9809735423760547,41.0,0.4063924749244133,2.141087231352718,4.0
5,Processed,Awake,60,4,31,8786828650480805185,0.5121032655975597,0.8134089826651142,0.5093823487066277,2.8349358974358974,1.0779360663643909,42.0,0.4056726016221145,2.1552779194288627,4.0
5,Processed,Awake,60,4,32,3495178036561863708,0.5302028685046397,0.8260330240145162,0.504583193357969,2.7566858940744625,1.0252416773922062,42.0,0.4309401545328022,2.1898548957444213,4.0
5,Processed,Awake,60,4,33,17185021017476165391,0.6104982992974057,0.76871012823562,0.4922493641119163,2.741047568145377,0.9950180357489623,35.0,0.40128137447809187,2.1357598978288634,4.0
5,Processed,Awake,60,4,34,1536862472842799038,0.4907464323773676,0.8474989153907,0.510726112204252,2.745614035087719,1.0121450125083062,27.0,0.4749484090800019,2.173383111891951,4.0
5,Processed,Awake,60,4,35,4811419633098149731,0.5061544458092089,0.8272934781720835,0.5233958823247109,2.8202741143004912,1.0900517593188572,36.0,0.4295723952584345,2.14678018947116,4.0
5,Processed,Awake,60,4,36,7260686287857462387,0.47102687426568884,0.8483040360644458,0.5155252675529107,2.748720573183214,1.0146113628304498,42.0,0.4663099294524164,2.2065402520722155,4.0
5,Processed,Awake,60,4,37,445829788774134610,0.5373164675261103,0.8155285648601693,0.5067908048183519,2.7435697583787997,1.0074487447491465,38.0,0.5014397466045976,2.245781837721655,4.0
5,Processed,Awake,60,4,38,7286065280713860476,0.5131217873495326,0.8402939159359111,0.5131256898785813,2.6810431293881645,0.987731186738723,30.0,0.46321447425253154,2.199384755611257,4.0
5,Processed,Awake,60,5,0,9310694210470385104,0.41316538772646655,0.8977061685876042,0.44737726160195807,2.6934412019647502,0.9592704676490832,57.0,0.4931372078514181,2.2623293703214444,4.0
5,Processed,Awake,60,5,1,16274651352083682073,0.3683300420697408,0.9076952280798187,0.40159331957575467,2.5372953305033352,0.892829868795694,20.0,0.42513317656092525,2.223240055213954,4.0
5,Processed,Awake,60,5,2,7839972373833356994,0.47299091633680873,0.8602942255759681,0.42419734126793684,2.6212930011862396,0.9383350941166385,30.0,0.4458895234438739,2.2363702009868818,4.0
5,Processed,Awake,60,5,3,15103737264410660464,0.3455741160308064,0.9198187784786208,0.44776119402985076,2.599609919197548,0.8973798144782779,41.0,0.44171425829054084,2.23859905144108,4.0
5,Processed,Awake,60,5,4,12657126471105128745,0.43829673998456875,0.8816620293723586,0.4472332869414983,2.592932665553701,0.9205894517936218,25.0,0.49524883620482796,2.306033519553073,4.0
5,Processed,Awake,60,5,5,8936418703141460445,0.4773431165750476,0.8551251046687393,0.429284445937515,2.572620074777107,0.9063836249101214,25.0,0.4714690214522244,2.2764453713358823,4.0
5,Processed,Awake,60,5,6,2777024451098683242,0.402772693171063,0.8943886957395117,0.41781446465422084,2.550835042484618,0.9031203672655481,24.0,0.4832749436099247,2.292544109277177,4.0
5,Processed,Awake,60,5,7,17251944324439132636,0.39676001157016066,0.8977820629973038,0.4447377261601958,2.6001683501683504,0.9113089095268676,26.0,0.5206843595527187,2.2636136031712915,4.0
5,Processed,Awake,60,5,8,47526441100810646,0.36998991325415065,0.9087087448977589,0.435667322551231,2.670785525154457,0.9588925295624237,36.0,0.47281278494984885,2.276866189045528,4.0
5,Processed,Awake,60,5,9,2128838357877845679,0.36609747608118903,0.9070154978906194,0.4282286317608101,2.5803932909196066,0.9091029192253068,30.0,0.4714690214522244,2.273810901516028,4.0
5,Processed,Awake,60,5,10,10048048710297375023,0.4217458200149957,0.8794591870172505,0.3960262993713107,2.521234341582646,0.8321621758960615,35.0,0.4382588664395066,2.219737481769567,4.0
5,Processed,Awake,60,5,11,14612091808806252079,0.38635438239650577,0.904042231337503,0.43130009118395163,2.6316251830161055,0.9453051569122718,34.0,0.4943609924653261,2.2622158778961237,5.0
5,Processed,Awake,60,5,12,7821227621675160383,0.4580209145122533,0.8681557773328881,0.4439698613044104,2.714495305164319,1.00842827395817,25.0,0.47053318615923595,2.248222884659482,4.0
5,Processed,Awake,60,5,13,7276993003289831914,0.45510677058043936,0.8630949201034948,0.4633584489129913,2.60172460253301,0.9189730649647803,25.0,0.45018476748092334,2.1865967365967367,4.0
5,Processed,Awake,60,5,14,9752110750250450269,0.4704088322580167,0.8593178355363708,0.433459711090848,2.563724098779449,0.8977614652945158,23.0,0.4359552718721505,2.184178889156047,4.0
5,Processed,Awake,60,5,15,9794266822970304522,0.45211414784453524,0.8832687646991858,0.4162307433891635,2.672727272727273,0.9718333447136871,37.0,0.42479723568651917,2.249428208386277,4.0
5,Processed,Awake,60,5,16,10182616235572300042,0.36135510586589364,0.9071705332611182,0.427076834477132,2.505349099099099,0.8436551430070609,36.0,0.47120506790804817,2.243972117472289,4.0
5,Processed,Awake,60,5,17,10995577575470721562,0.37127837220366033,0.89465925267824,0.40730431444065845,2.5922419059254733,0.9208874207520632,24.0,0.4316360320583577,2.254135338345865,4.0
5,Processed,Awake,60,5,18,9972600098233287856,0.3694336290217456,0.9133063274246863,0.4208379325238758,2.558797782316895,0.8702579783545279,27.0,0.5054470413207276,2.2586317821145188,4.0
5,Processed,Awake,60,5,19,4469255035337868090,0.40180159283722505,0.8879607676224666,0.4267888851562125,2.4737134909596663,0.8273406993224407,26.0,0.4819551758890435,2.2928082191780823,4.0
5,Processed,Awake,60,5,20,201352017127189341,0.4304900035843513,0.8855057450498209,0.4215578058261746,2.5654205607476634,0.8761338522978981,37.0,0.5034793876277776,2.2428647781934794,4.0
5,Processed,Awake,60,5,21,1141656297431957030,0.5572774786175212,0.8072737041258805,0.41959015213322454,2.674518201284797,0.961602064968366,35.0,0.40622450448721026,2.1948658109684946,4.0
5,Processed,Awake,60,5,22,11154719786313856046,0.45072786976424717,0.878711133853859,0.4486250419926093,2.611173184357542,0.946810277721845,29.0,0.45680760186207225,2.247845082063998,5.0
5,Processed,Awake,60,5,23,3675788814437718785,0.3515629363191021,0.9089303267719637,0.4827950280750588,2.7905686546463246,1.0202191287037012,38.0,0.49061765129337237,2.240166538840802,4.0
5,Processed,Awake,60,5,24,17596731677623460471,0.4516798533465109,0.8740390007209778,0.3971780966549887,2.5709847778813297,0.8580107519407763,36.0,0.4082641455103902,2.2061721991701244,4.0
5,Processed,Awake,60,5,25,518766526577789966,0.4222288692339534,0.8839350552015922,0.4091759850266353,2.6306695464362853,0.9102045251449664,33.0,0.4304842347746797,2.2369077306733165,4.0
5,Processed,Awake,60,5,26,3462255289355629485,0.42216016747864116,0.8798186483771038,0.46398233910831693,2.765446224256293,1.0554111580845873,41.0,0.441642270960311,2.2519270769607242,8.0
5,Processed,Awake,60,5,27,10382942270503304687,0.5364013037331296,0.8327551236482829,0.42429332437491,2.553726169844021,0.8662294795861966,36.0,0.47065316504295246,2.2331777297051123,4.0
5,Processed,Awake,60,5,28,17405254265084739624,0.4342483219803327,0.8712557997809437,0.4335556941978212,2.6004605641911342,0.9376436947845823,27.0,0.4236454384028411,2.251338944146901,4.0
5,Processed,Awake,60,5,29,6399059746345146937,0.39937707358990004,0.899939708727486,0.44425781062532993,2.6509163802978235,0.9326839635750691,25.0,0.49308921629793157,2.2631057268722468,4.0
5,Processed,Awake,60,5,30,17035876345112101376,0.41139459801336575,0.8868473065279329,0.4978643758698469,2.882467352042234,1.1035153711034886,42.0,0.4718049623266305,2.2386428327450756,4.0
5,Processed,Awake,60,5,31,16901917452888324396,0.37289569353720936,0.9069850708637571,0.40485674521284254,2.4892298613160224,0.833845516053503,25.0,0.4626145798339492,2.2501167133520075,5.0
5,Processed,Awake,60,5,32,17316813745728959497,0.4684222693838781,0.8720571772188765,0.441234342755675,2.49159891598916,0.8470940731695404,23.0,0.4831309689494649,2.2215601897826325,4.0
5,Processed,Awake,60,5,33,9168893086278858349,0.368871521163569,0.90857431280721,0.47338868359168784,2.5747846515270165,0.8797370048606881,36.0,0.5172769592551711,2.254680472753896,4.0
5,Processed,Awake,60,5,34,10209113644735557289,0.47507668373558104,0.8642662731314982,0.45265633248548254,2.6331658291457285,0.9286320098425237,42.0,0.49440898401881267,2.2332538478213744,4.0
5,Processed,Awake,60,5,35,1108536943278848650,0.3809324408295065,0.91190494076765,0.4610068627921486,2.673531867520178,0.9802074324885208,26.0,0.4865623650237558,2.2338878484080644,4.0
5,Processed,Awake,60,5,36,10313169129916097137,0.4547423161052168,0.8707550950954999,0.4419542160579738,2.6154501562056236,0.9354167102244703,33.0,0.3976340164131113,2.1672770075856658,4.0
5,Processed,Awake,60,5,37,11726786705247819425,0.3829706059195092,0.9107373683563159,0.4626865671641791,2.6551914073258054,0.9579340451944216,27.0,0.5061669146230263,2.263304721030043,5.0
5,Processed,Awake,60,5,38,8480741534090046461,0.4153011198863481,0.8817871565745817,0.4766521092287757,2.6478272460677155,0.9327912020518886,37.0,0.5025435523347891,2.2533892834086506,4.0
5,Processed,Awake,60,6,0,11269706849793559504,0.45827534391077407,0.8525848499721946,0.4808753659355953,2.694272653939231,0.9401208160410611,35.0,0.4447137303834525,2.2034240875044584,4.0
5,Processed,Awake,60,6,1,7407118429111877210,0.6076491926806749,0.7805035721136655,0.4849546479819552,2.5778061224489797,0.9199078694116735,24.0,0.39422661611556364,2.1391927083333333,4.0
5,Processed,Awake,60,6,2,6398384066140303460,0.4816929390342921,0.8584834097589777,0.4666218745500792,2.703837597330367,0.9814887845700805,42.0,0.45464798195517586,2.1710782628623813,4.0
5,Processed,Awake,60,6,3,12231235658583684352,0.4747774453402147,0.845127725156166,0.4898017948841004,2.6724273369992146,0.9852467885315993,42.0,0.42136583961222823,2.172729522395447,4.0
5,Processed,Awake,60,6,4,9243261025655629834,0.48500860135325286,0.8432030084789035,0.4640783222152901,2.730095990965556,1.0164443892689605,40.0,0.43398761817920045,2.217236729189653,4.0
5,Processed,Awake,60,6,5,4640489102041923431,0.4195929081997802,0.8688303618419252,0.48221912943321976,2.649789029535865,0.9520750859429512,49.0,0.42429332437491,2.1669117647058824,4.0
5,Processed,Awake,60,6,6,15544569801578794458,0.42716767983327203,0.8727382150686442,0.4832749436099247,2.7786975717439293,1.0644928809552225,33.0,0.48687431012141863,2.2514425210830002,4.0
5,Processed,Awake,60,6,7,7069204039092666561,0.5022240274098247,0.8416772063187794,0.47732399097758793,2.619436397155649,0.9317790400489045,32.0,0.4293324374910016,2.186751405524322,4.0
5,Processed,Awake,60,6,8,16021036161656455870,0.43850204392233466,0.8668105157312648,0.49186543168402364,2.7200106157112525,0.9922423557975919,39.0,0.4471373038345251,2.1888875836955246,6.0
5,Processed,Awake,60,6,9,13981280421854503500,0.42765966820830736,0.8549239077980069,0.4778039065124538,2.641549482621385,0.9589988112721545,28.0,0.4652301194989682,2.2236495010895747,4.0
5,Processed,Awake,60,6,10,16298293982387563885,0.4986064775657238,0.8416757965214638,0.44670537985314585,2.5163557718302245,0.8453693435130237,30.0,0.4340836012861736,2.169585032381866,4.0
5,Processed,Awake,60,6,11,2313383692883388744,0.5340873926181395,0.8223482171750331,0.4250611892306954,2.540005735589332,0.8786171283034682,46.0,0.41894226616115565,2.1845595595595597,4.0
5,Processed,Awake,60,6,12,13376408252897326338,0.4524460376900824,0.8654989864571141,0.4579833949224936,2.6045305676855897,0.9434815041207107,24.0,0.43775495512789747,2.2096656976744184,4.0
5,Processed,Awake,60,6,13,12385132370070816388,0.4628840309060071,0.8570621102620093,0.46815760426164993,2.6472184531886023,0.9436150795898357,49.0,0.40267312952920287,2.1958911279769695,4.0
5,Processed,Awake,60,6,14,11061177810784318812,0.5238791652871988,0.8252254134670529,0.4972884772280079,2.771329232415084,1.0503166973966533,28.0,0.4450496712578586,2.1794359576968274,4.0
5,Processed,Awake,60,6,15,6517788865580550567,0.5103997737485796,0.827766827056985,0.4697893170801939,2.70863309352518,0.9755457034991197,28.0,0.4250131976772088,2.1529111462258417,4.0
5,Processed,Awake,60,6,16,3330834627556725940,0.41329026364840465,0.8783113438270385,0.47732399097758793,2.687381788705755,0.9842080219342159,32.0,0.408984018812689,2.1585612968591694,4.0
5,Processed,Awake,60,6,17,10168705875200647587,0.48214553158561696,0.8405410067334046,0.48922589624226137,2.7242116515232495,1.014672499866033,33.0,0.3922589624226136,2.1680371352785146,4.0
5,Processed,Awake,60,6,18,13566704107366107573,0.5153937258179832,0.8379850062860841,0.5148053942506119,2.7704028925619837,1.0397228059126422,43.0,0.420118059221577,2.18658673660547,6.0
5,Processed,Awake,60,6,19,17425477192532680157,0.5056209946326209,0.8299150097476327,0.4581273695829534,2.5558232931726907,0.9178230911224138,30.0,0.3857801027019245,2.1473220248430613,4.0
5,Processed,Awake,60,6,20,7154128644065237104,0.4791763674839377,0.8411799019848665,0.49248932187934924,2.566783391695848,0.8914792797118324,42.0,0.40908000191966215,2.1307336582927134,4.0
5,Processed,Awake,60,6,21,15612695586567745490,0.46284132702589087,0.8564915635013894,0.5133176560925277,2.793418647166362,1.0679383129014037,38.0,0.4640783222152901,2.2080146135403584,4.0
5,Processed,Awake,60,6,22,16742802318040140637,0.48591746039253686,0.84143055996094,0.490425685079426,2.775393807713199,1.0125568711048598,38.0,0.3778614963766377,2.149761092150171,4.0
5,Processed,Awake,60,6,23,11106801613428487954,0.48758206568584506,0.8426022894759984,0.4564476652109229,2.790786384976526,1.0463667745965584,38.0,0.4287805346259058,2.151854527938343,4.0
5,Processed,Awake,60,6,24,6492122406766638427,0.4978551476114776,0.8396030524529703,0.44253011469981285,2.6781876270694163,0.981585044463714,40.0,0.4035609732687047,2.1852910602910605,4.0
5,Processed,Awake,60,6,25,10899737811594937485,0.4908763555927127,0.8455343488978373,0.4873062341027979,2.772044772044772,1.0049678142074012,43.0,0.3906272496040697,2.1754643859414675,5.0
5,Processed,Awake,60,6,26,1950171971693744848,0.4873452004389769,0.8502196594165243,0.4767480923357489,2.6625569552398822,0.9672394516566876,28.0,0.4152229207659452,2.149832277301528,4.0
5,Processed,Awake,60,6,27,3804430573781028000,0.48201611856742843,0.8467923735168792,0.46537409415942793,2.666941694169417,0.9626920732600076,40.0,0.44217017804866343,2.202079349904398,4.0
5,Processed,Awake,60,6,28,9426070925921883487,0.4098806402257249,0.8740601476871661,0.4760282190334501,2.7385422418553285,1.0239378486187358,43.0,0.40020156452464367,2.185558904468615,4.0
5,Processed,Awake,60,6,29,14232371613559447455,0.4521120872033926,0.8550709333744921,0.4752603541776647,2.64998662028365,0.9226324468752201,38.0,0.41812640975188364,2.181670214097909,4.0
5,Processed,Awake,60,6,30,4652270325115864153,0.5556977057839262,0.80009241904411,0.4650861448385084,2.6521620142309796,0.9706022449751557,29.0,0.36651149397706,2.134730957372467,4.0
5,Processed,Awake,60,6,31,3972344711026253473,0.5018766455813733,0.8409405861416928,0.4864423861400394,2.6499346405228756,0.9412161407922247,41.0,0.4748044344195422,2.195140891945862,4.0
5,Processed,Awake,60,6,32,11350382115450783936,0.4661627913273618,0.8557790904582419,0.4827950280750588,2.716716176073454,1.002989545773258,33.0,0.4098958583289341,2.165019011406844,4.0
5,Processed,Awake,60,6,33,6554053450086365626,0.4198560507801019,0.8835640041674515,0.4986322407256323,2.721320062860136,0.9985684196212137,36.0,0.49256130920957913,2.232166159199652,4.0
5,Processed,Awake,60,6,34,16530513187570780172,0.45202050825528517,0.8760378738216248,0.4579833949224936,2.6383743433784903,0.959523607228018,31.0,0.48639439458655276,2.2309046885318073,4.0
5,Processed,Awake,60,6,35,13845630627561892242,0.47737077018916974,0.8509306433432856,0.48010750107980993,2.6986781764229835,1.0049498044835958,39.0,0.4089600230359457,2.188366718027735,7.0
5,Processed,Awake,60,6,36,18018562115172896861,0.48153501802863435,0.8620862862680051,0.4883620482795028,2.6410589151310666,0.9711423518408991,41.0,0.4595431204108077,2.180958888509281,8.0
5,Processed,Awake,60,6,37,12258625070986123451,0.5853792023308254,0.7884271100774698,0.4799635264193502,2.6112271540469973,0.9485527013570467,30.0,0.35554542400537503,2.1337845622119818,4.0
5,Processed,Awake,60,6,38,8181863509365848474,0.5128273591373828,0.8231475268471935,0.467341747852378,2.689312344656172,0.9792212275443459,41.0,0.37500599894418585,2.1612501728668234,4.0
5,Processed,Awake,60,7,0,1259031790309629919,0.5006033776057222,0.8282400522690824,0.5191726256178912,2.9388753056234718,1.1190994687013212,51.0,0.5195805538225272,2.319550080342796,6.0
5,Processed,Awake,60,7,1,14551859835174259011,0.44694074430251773,0.8524603098896408,0.50597494840908,2.9573632538569425,1.1152658130063333,48.0,0.4676296971732975,2.258954445346007,4.0
5,Processed,Awake,60,7,2,10758555653878662714,0.5410309535306441,0.796545211197652,0.4862984114795796,2.868912797281993,1.1119060059234604,31.0,0.4515045352018045,2.2058616647127782,4.0
5,Processed,Awake,60,7,3,8097423857269345211,0.44618348884191444,0.8534882516215825,0.5128857321111484,2.931157432803072,1.1393386737358187,46.0,0.4885060229399626,2.3144611186903137,4.0
5,Processed,Awake,60,7,4,10123078263316307899,0.4346316428482349,0.8609856687395805,0.5389451456543648,2.9221962008847253,1.1041503760661837,35.0,0.5358016989009934,2.309577989242863,4.0
5,Processed,Awake,60,7,5,15016181513776510293,0.4692985215278975,0.8470775342175945,0.5318903872918367,2.8115169964485034,1.0580639475547975,35.0,0.5382972596822959,2.30389236931293,4.0
5,Processed,Awake,60,7,6,2142542148143940596,0.4852055445343072,0.8539187185621075,0.4946969333397322,2.762057877813505,1.0592378397312072,32.0,0.528890915198925,2.280968643278485,4.0
5,Processed,Awake,60,7,7,15966160740240680727,0.4408791393451373,0.866548704302192,0.5262273839804195,2.8340656500387698,1.0599164925391913,32.0,0.5494073043144406,2.29764174611139,11.0
5,Processed,Awake,60,7,8,15408505828372735011,0.42847846080610696,0.8590330015734434,0.5497432451888468,3.0128879537085744,1.1628572324769304,44.0,0.554998320295628,2.3277979066022545,11.0
5,Processed,Awake,60,7,9,3728878559743553071,0.43419312509276753,0.8554565157458965,0.5319863703988098,2.88296488946684,1.076611940722226,44.0,0.5499832029562797,2.2756155679110406,4.0
5,Processed,Awake,60,7,10,3165999786591751615,0.5158152660763793,0.8215283670315737,0.5154292844459375,2.8480509148766906,1.0735971314072563,39.0,0.5020396410231799,2.265511640498105,4.0
5,Processed,Awake,60,7,11,6667863618171902240,0.4945152446986948,0.8433697842932153,0.5285789701012622,2.8168797953964195,1.0425678649043488,37.0,0.5409367951240581,2.2697341925090617,4.0
5,Processed,Awake,60,7,12,13207381642562764566,0.5782340226544825,0.7937369973364905,0.5198445073667035,2.8900747065101386,1.060320249933964,46.0,0.5199404904736766,2.2803620290465165,4.0
5,Processed,Awake,60,7,13,4008638171442245691,0.5273745207569194,0.8190370437429889,0.499016173153525,2.7457090044890413,1.0072450890141051,31.0,0.48039545040072945,2.22568093385214,4.0
5,Processed,Awake,60,7,14,8243434827157540775,0.5059198607205235,0.8389129638334705,0.5210442962038682,2.826607654256704,1.066375520791441,32.0,0.5156932379901138,2.2909071527555698,4.0
5,Processed,Awake,60,7,15,12727751713689165003,0.49573780798771266,0.8466980099611154,0.5256514853385804,2.8876878460321644,1.084505322093891,45.0,0.562772951960455,2.3518852787805855,13.0
5,Processed,Awake,60,7,16,12555124396149186926,0.5148342461251755,0.8375068059251112,0.48826606517252963,2.7564345705770794,1.021110428869956,33.0,0.5175889043528339,2.2873806998939554,4.0
5,Processed,Awake,60,7,17,6404096491933626483,0.5550264136314066,0.8025736022114941,0.49349714450256754,2.6848563968668406,0.9732164316044485,32.0,0.4967605701396554,2.2429035752979414,4.0
5,Processed,Awake,60,7,18,2802261914904292286,0.4777077664997167,0.8283618039584761,0.5118779094879301,2.9165983046212745,1.1053040019493083,31.0,0.5211642750875846,2.2616890555034885,4.0
5,Processed,Awake,60,7,19,17141893148508808264,0.5025282608909225,0.8200450979900918,0.5025195565580458,2.902966454116995,1.125263833494478,32.0,0.4939290684839468,2.2545454545454544,4.0
5,Processed,Awake,60,7,20,7645323827664552908,0.5145156380963105,0.8227732346579869,0.5140375293948265,2.8654360620652755,1.0650280448208358,49.0,0.5081825598694629,2.2715863992277163,4.0
5,Processed,Awake,60,7,21,14233894419330873131,0.4529936289184923,0.8605660019022913,0.5145174449296924,2.7162401824170255,0.9965340431406635,44.0,0.5121658588088497,2.2465003683822755,4.0
5,Processed,Awake,60,7,22,10573983416812105981,0.3996397330422339,0.8751457553248002,0.5257954599990402,2.832471561530507,1.0813598867435614,31.0,0.5493113212074675,2.2924093731223714,8.0
5,Processed,Awake,60,7,23,10972134862095279981,0.44253442964197676,0.8592154893844572,0.5077986274415703,2.8021716101694913,1.033879021253413,37.0,0.5093103613763977,2.258459246648223,4.0
5,Processed,Awake,60,7,24,4857564264975180058,0.5971784853822043,0.7799225223848834,0.5339540240917598,2.7884711779448623,1.0239419662331897,41.0,0.5268752699524883,2.2645420792079207,4.0
5,Processed,Awake,60,7,25,2656187606744267562,0.5285482069378493,0.8330591517251569,0.5156692422133704,2.866862326574173,1.055526482868617,40.0,0.5117579306042137,2.2477866779089375,4.0
5,Processed,Awake,60,7,26,9604616191792150940,0.5546007102520666,0.8132799179993387,0.5242117387339829,2.8981162111966037,1.1120140953708273,29.0,0.5134616307529875,2.2934619506966776,4.0
5,Processed,Awake,60,7,27,15055043576329092106,0.4749155992978453,0.846187142482234,0.5122138503623362,2.883036196650459,1.085791569844011,47.0,0.51588520420406,2.241346955796497,4.0
5,Processed,Awake,60,7,28,16376135385118679152,0.5528466956878053,0.8080044170266333,0.5086144838508423,2.857373955244001,1.0606860914177907,29.0,0.5096223064740606,2.2819383259911894,4.0
5,Processed,Awake,60,7,29,13529779329558023649,0.49128144137794005,0.8427427264295674,0.5074626865671642,2.8447672854452515,1.0807518789540351,31.0,0.4947209291164755,2.263117453347969,4.0
5,Processed,Awake,60,7,30,13071782735839606562,0.45412895690505706,0.8626752040186981,0.5128857321111484,2.89306984298863,1.0861330346225755,35.0,0.5469597350866248,2.3290078675794423,4.0
5,Processed,Awake,60,7,31,17485980611690580470,0.46733338571308736,0.8566803475158351,0.49805634208379324,2.79655079493398,1.0528424514526922,34.0,0.521692182175937,2.276544502617801,4.0
5,Processed,Awake,60,7,32,7838410841267591053,0.536113125735047,0.8085656812506595,0.522100110380573,2.8666666666666667,1.0701317814039344,31.0,0.5267312952920286,2.2683682959594917,6.0
5,Processed,Awake,60,7,33,4993192482283763805,0.5639617659122118,0.7994757587981481,0.5125977827902289,2.8452317527970163,1.065131984007863,44.0,0.5047271680184288,2.296288209606987,4.0
5,Processed,Awake,60,7,34,3214038768976405730,0.5147565710087982,0.819007644694017,0.4818831885588136,2.7532218261584864,1.0370329241575,27.0,0.5036713538417239,2.257231960425852,4.0
5,Processed,Awake,60,7,35,1909791592757460399,0.48853200048204215,0.8408070081751049,0.5162931324086961,2.857370517928287,1.0888590184407307,36.0,0.5175889043528339,2.2856840097488607,4.0
5,Processed,Awake,60,7,36,8431798179330461846,0.5648763665797486,0.7976148889315389,0.4937371022700005,2.87213847012842,1.1042013840212148,30.0,0.4644382588664395,2.2183381088825214,4.0
5,Processed,Awake,60,7,37,16593553979913474569,0.4878948491543082,0.8390203389403493,0.4901377357585065,2.7927262783702487,1.0449683874243574,29.0,0.4888419638143687,2.2325479452054795,6.0
5,Processed,Awake,60,7,38,7223339692692873171,0.48765624695303195,0.839858284694651,0.4944569755722993,2.7607181136120045,1.0284645457673813,29.0,0.48579450016797043,2.2457016084303936,4.0
5,Processed,Awake,60,8,0,18160129803457238928,0.38129282415201726,0.881714159962125,0.5160531746412631,2.8598404255319148,1.0728881251673754,35.0,0.5380333061381197,2.3177589414926607,4.0
5,Processed,Awake,60,8,1,17653272693968205481,0.39828721344921164,0.8766371587169863,0.5833853241829438,3.1574025974025974,1.1740300286792307,51.0,0.593799491289533,2.4046254008356818,4.0
5,Processed,Awake,60,8,2,15942000644636103847,0.4129450515490269,0.8724669786259627,0.5615011757930605,3.0162412993039442,1.1277788031890004,42.0,0.5702356385276192,2.3890620287523876,4.0
5,Processed,Awake,60,8,3,6946277409428259746,0.3507727373070565,0.9112009989918869,0.5297307673849403,2.8834900731452455,1.0852888593669294,42.0,0.6029178864519844,2.42646064703042,9.0
5,Processed,Awake,60,8,4,906094684130715330,0.4247459953799369,0.877589580224177,0.49983202956279693,2.9190022421524664,1.11242585429129,42.0,0.5349858424917214,2.3555203380876915,4.0
5,Processed,Awake,60,8,5,14770793035067798461,0.44637055960995325,0.8537933806529812,0.5161491577482363,2.9908231368186873,1.1327532401253302,45.0,0.5363775975428324,2.3589067116926974,4.0
5,Processed,Awake,60,8,6,2311942641213798872,0.4869339805037555,0.8461797952088441,0.5235878485386571,3.0238359201773837,1.191013912385616,31.0,0.5481355281470461,2.3571354865338976,4.0
5,Processed,Awake,60,8,7,4879934045071064079,0.42686760578668453,0.8445334640707745,0.5077026443345971,2.9272274488101826,1.106081510540032,46.0,0.47168498344291404,2.2635882081989864,4.0
5,Processed,Awake,60,8,8,3275555295800455851,0.39900556964538264,0.8780080015527898,0.5256514853385804,2.974741988049973,1.146033450688177,54.0,0.5534145990305707,2.373469177729752,4.0
5,Processed,Awake,60,8,9,18253995836477816358,0.35104733676454525,0.9013805273798382,0.5524307721840956,2.9260294865277072,1.1169473897121458,43.0,0.5606373278303018,2.3505030181086517,4.0
5,Processed,Awake,60,8,10,12491262311355752444,0.4386159605596959,0.8648699941296688,0.4939290684839468,2.9024252679075015,1.1171238490975686,43.0,0.5011757930604214,2.302756339581036,4.0
5,Processed,Awake,60,8,11,11300923427431040827,0.3855133672821329,0.8725889109353447,0.5293948265105342,3.0081810744477773,1.130895048189619,55.0,0.5470317224168546,2.3468190240889437,4.0
5,Processed,Awake,60,8,12,2469303551810831591,0.4357163784898705,0.8705721955834398,0.5244516965014158,3.0636389122511916,1.169303145570098,34.0,0.5423765417286558,2.342522541195979,4.0
5,Processed,Awake,60,8,13,10182374529080937021,0.48183651391153315,0.8321196285376851,0.5161011661947498,2.9422708618331055,1.0777822817814278,38.0,0.531506454863944,2.318643358107401,4.0
5,Processed,Awake,60,8,14,751731842267305933,0.47093279094792706,0.8407336230619179,0.5064548639439459,2.8762605614608887,1.1133886171357052,34.0,0.5313144886499976,2.290235829540753,4.0
5,Processed,Awake,60,8,15,12927309916204780941,0.45008527003600945,0.8551988550237763,0.4996400633488506,2.9916666666666667,1.1429454535819652,33.0,0.5021836156836397,2.314020344980097,4.0
5,Processed,Awake,60,8,16,5626453177146639637,0.3622601272284649,0.8935665057351356,0.5570379613188079,2.9876447876447876,1.1268153349602823,49.0,0.5881604837548592,2.3424120795107033,5.0
5,Processed,Awake,60,8,17,7332750253965758533,0.3714779096780043,0.8924924999112664,0.5292508518500744,3.0114691425450575,1.1637483626864373,42.0,0.5398089936171234,2.368249289398884,4.0
5,Processed,Awake,60,8,18,10886995493944648413,0.4052887982882208,0.8829370051304082,0.5369295004079282,3.082942959492973,1.1947667170908556,43.0,0.5729711570763546,2.3707307386814933,4.0
5,Processed,Awake,60,8,19,2060985775960548261,0.3999513043830929,0.8848817249273249,0.5335700916638672,2.9234814620036813,1.0512871402096888,53.0,0.5778902913087297,2.3903722084367245,4.0
5,Processed,Awake,60,8,20,8162571406010225962,0.40789222100296146,0.8742878096891806,0.5107741037577387,2.8827193932827737,1.0863442350872277,40.0,0.5609252771512214,2.3306081754735795,4.0
5,Processed,Awake,60,8,21,8555540408929756207,0.44106319785579795,0.8662404012872312,0.5305466237942122,2.8947368421052633,1.071274186067752,32.0,0.5723712626577723,2.3600474918373404,4.0
5,Processed,Awake,60,8,22,16431274832738348457,0.39726414969131385,0.8818938048514593,0.5231079330037913,2.9475392103839915,1.1164031283882152,38.0,0.5506790804818352,2.364170186463377,4.0
5,Processed,Awake,60,8,23,671133516956156579,0.4910776931395944,0.8226600867610028,0.5358256946777367,2.99009105516872,1.184151197734531,44.0,0.5215722032922205,2.307921002335952,4.0
5,Processed,Awake,60,8,24,8662220446698269400,0.44597359731426983,0.8523449622038858,0.5344819311801123,2.958034528552457,1.108393889074609,35.0,0.5488314056726016,2.3303107488537953,4.0
5,Processed,Awake,60,8,25,6606008692769345775,0.4294574171112294,0.8653088919330806,0.5058789653021069,2.753657262277952,1.006099919767865,37.0,0.5381052934683496,2.297172710510141,4.0
5,Processed,Awake,60,8,26,18085930686388535473,0.45709432991996074,0.8359568856523482,0.5573259106397274,3.017931392931393,1.1524172373968213,48.0,0.5461918702308394,2.348292582275869,5.0
5,Processed,Awake,60,8,27,1858420937408545573,0.42568208621271736,0.8664897358219473,0.5190766425109181,3.011974380395433,1.1437202108947961,38.0,0.5556941978211835,2.371045356813761,4.0
5,Processed,Awake,60,8,28,15440284548113205387,0.4494174169064123,0.8584755600058123,0.5259874262129866,2.9056203605514317,1.07371521913777,47.0,0.5407208331333685,2.3377943770100633,4.0
5,Processed,Awake,60,8,29,3954809119355372301,0.413297115290432,0.8662090896542102,0.5565580457839421,3.148791745859354,1.2025074020672935,40.0,0.5590056150117579,2.337313133340022,4.0
5,Processed,Awake,60,8,30,9415013341889048836,0.41625164637197526,0.8704097782815141,0.5419206219705331,3.0192513368983955,1.1180332825940895,39.0,0.5522628017468926,2.3482297724721968,4.0
5,Processed,Awake,60,8,31,8741744638746363288,0.48627488585213985,0.8367860976487947,0.5072227287997313,2.953059513830679,1.1247359002751443,28.0,0.5380333061381197,2.3684377310658076,4.0
5,Processed,Awake,60,8,32,9542261494181654889,0.4430991988234315,0.8598335525944769,0.5218121610596536,3.020277777777778,1.1374758808867096,44.0,0.5380093103613764,2.3519353823560265,5.0
5,Processed,Awake,60,8,33,5050523238805850351,0.49803784498243836,0.8343611760366779,0.5405288669194221,2.9954787234042555,1.1302372834857957,42.0,0.5554302442770073,2.337136510500808,4.0
5,Processed,Awake,60,8,34,8670332751798215789,0.4041173140043399,0.8696113326784529,0.5445601574122955,2.95264116575592,1.1356212419269154,37.0,0.5514229495608773,2.32661739394553,5.0
5,Processed,Awake,60,8,35,6081277079473191994,0.4577421325076762,0.8613918621600931,0.49604069683735663,2.8048846675712347,1.0485740068529443,34.0,0.5146854153668954,2.337765667574932,4.0
5,Processed,Awake,60,8,36,12762036112146354956,0.35786811886607056,0.8975899463444384,0.5040072947161299,2.925348189415042,1.1024538721497839,30.0,0.5214522244085041,2.323922575125655,4.0
5,Processed,Awake,60,8,37,3831481883379335155,0.4444529906860882,0.8571919821625851,0.50794260210203,2.876086956521739,1.0714294732206255,35.0,0.5295148053942507,2.3356265876375955,4.0
5,Processed,Awake,60,8,38,5611871482759773155,0.5064736883749812,0.8242175447287238,0.5021356241301531,2.868146929824561,1.0811592347009513,35.0,0.5179968325574699,2.323681377825619,4.0
5,Processed,Awake,60,9,0,17262259768541390936,0.6784261077090639,0.7056142729166974,0.5021356241301531,2.904775124930594,1.0976301005215996,34.0,0.4092959639103518,2.154477706201844,4.0
5,Processed,Awake,60,9,1,12370391184396189300,0.7350422031759682,0.6619032798078365,0.4666218745500792,2.7907577497129736,1.0242750466818045,47.0,0.410135816096367,2.130906370776711,4.0
5,Processed,Awake,60,9,2,15693796153592608072,0.6458535431359476,0.7423086478137987,0.510966069971685,2.9419729206963248,1.1165885391115786,37.0,0.4501127801506935,2.1814164437725316,4.0
5,Processed,Awake,60,9,3,3439022514599455241,0.5359913453002059,0.7921663904664328,0.5197485242597303,2.938941655359566,1.1266790979201924,42.0,0.4979843547535634,2.2157804825966263,4.0
5,Processed,Awake,60,9,4,16667830992966328608,0.6086748471504746,0.7452323387356007,0.5036233622882372,2.8369829683698295,1.0732524386607543,40.0,0.38556414071123485,2.175172600514417,4.0
5,Processed,Awake,60,9,5,12613803295140737501,0.6205894713287011,0.7432106470264548,0.5245476796083889,2.8522964509394573,1.063018311682413,38.0,0.42813264865383693,2.1537904394012553,4.0
5,Processed,Awake,60,9,6,13074865713407881614,0.6076284594252768,0.7637381589011025,0.508998416278735,2.8649378714208535,1.0447896635364762,66.0,0.45325622690406486,2.1634406139044784,4.0
5,Processed,Awake,60,9,7,10747168083380267465,0.6511196857186342,0.7302134158192991,0.5030474636463982,2.8608078602620086,1.0743168887568406,36.0,0.42798867399337714,2.1380963797650443,4.0
5,Processed,Awake,60,9,8,1242880962818151071,0.5455615287747697,0.7771102018905455,0.5352497960358977,3.051436388508892,1.2060708336400123,48.0,0.38172481643230793,2.13501543416991,4.0
5,Processed,Awake,60,9,9,6391737982515747557,0.6713623933991039,0.713873544919472,0.5351058213754379,3.007823037496628,1.1126324446140126,47.0,0.43684311561165234,2.1649423237007968,4.0
5,Processed,Awake,60,9,10,15799427704817353144,0.6206126649118688,0.7506296692416679,0.523491865431684,2.8303061754021797,1.0447345317986636,46.0,0.4324038969141431,2.136843353492233,4.0
5,Processed,Awake,60,9,11,3732910600315453645,0.6863157076525974,0.6968756114597403,0.4898977779910736,2.919073491564198,1.151489832333322,28.0,0.40444881700820656,2.1284253062255334,4.0
5,Processed,Awake,60,9,12,8555315462124294320,0.6573926231566023,0.7260319437572792,0.5003599366511494,2.9602498580352075,1.0974819702867882,42.0,0.43120410807697845,2.1650602409638555,4.0
5,Processed,Awake,60,9,13,4223574117424402345,0.6242120755841983,0.7430249398874711,0.5285789701012622,3.0375068946497517,1.1459811410615983,48.0,0.4084321159475932,2.1236431690580164,4.0
5,Processed,Awake,60,9,14,16342557356701865732,0.5146673488007675,0.8134555302100915,0.5401929260450161,2.843142207628189,1.0830439728022445,38.0,0.4869942890051351,2.212471383407827,4.0
5,Processed,Awake,60,9,15,10113009192256789506,0.5625230524668758,0.7767111626282701,0.5436483178960503,3.001589825119237,1.1584980105449862,46.0,0.4605269472572827,2.1683425601626936,4.0
5,Processed,Awake,60,9,16,3467379467551478453,0.5721571360806177,0.7906426712436402,0.5018476748092335,2.908762169680111,1.125335715567003,35.0,0.45008878437395017,2.2147833274294486,4.0
5,Processed,Awake,60,9,17,15017637936403457785,0.6794232876884158,0.7058619862270938,0.5092383740461679,2.909514669591445,1.087317805884755,48.0,0.4047367663291261,2.136144883485309,4.0
5,Processed,Awake,60,9,18,10673042708286853844,0.6047631115612692,0.7638947247409839,0.5181168114411864,3.001390047261607,1.1684724984649513,30.0,0.44636943897873976,2.17694558221182,4.0
5,Processed,Awake,60,9,19,8498326682314892265,0.5870902449857011,0.7714069568561517,0.5075586696741373,3.0045454545454544,1.1580460422856023,47.0,0.4127273599846427,2.1648835745752044,4.0
5,Processed,Awake,60,9,20,5600951214328828285,0.6011781850156117,0.7655394787733939,0.5034793876277776,2.879769420807027,1.0944894399485976,31.0,0.45265633248548254,2.183333333333333,4.0
5,Processed,Awake,60,9,21,9250452504136406728,0.5830058657872514,0.781812918569348,0.5352977875893843,2.903175429463821,1.103073186217025,45.0,0.4704372030522628,2.214253444770725,4.0
5,Processed,Awake,60,9,22,13298702338379271077,0.6136164206973099,0.753210724221356,0.5305466237942122,2.9246031746031744,1.12506380025489,31.0,0.4373230311465182,2.1675784966698384,4.0
5,Processed,Awake,60,9,23,14270577304834237926,0.6495004397156836,0.7269470827893088,0.5014157508278543,2.861681731032594,1.0842315731931278,39.0,0.45471996928540576,2.1585602004784143,4.0
5,Processed,Awake,60,9,24,14980151635852029725,0.5782956562434055,0.7593495106808763,0.5286269616547488,2.9842861013275535,1.1520153627278105,40.0,0.41325526707299515,2.178896761133603,4.0
5,Processed,Awake,60,9,25,2273286889621170940,0.6641847766122555,0.7254044284364776,0.5194125833853241,2.884594882729211,1.0634530822915997,35.0,0.4468253587368623,2.159958241503306,4.0
5,Processed,Awake,60,9,26,3087908095252714046,0.6323721977239182,0.7377254223130965,0.4741085568939867,3.058513931888545,1.1639924623382023,33.0,0.432475884244373,2.211411042944785,4.0
5,Processed,Awake,60,9,27,5350889760615132584,0.5286691928977176,0.8046400558267044,0.5505111100446322,3.1722898230088497,1.2703996377280518,35.0,0.40802418774295723,2.191237113402062,4.0
5,Processed,Awake,60,9,28,2682810895492117935,0.6645963456778026,0.7216051145957719,0.5149493689110717,2.83038776048536,1.0588748340899192,33.0,0.4335556941978212,2.1690276110444175,4.0
5,Processed,Awake,60,9,29,1920860458838579860,0.554773987807512,0.7782767512571431,0.5185967269760522,2.872408293460925,1.0365165557961402,54.0,0.4215338100494313,2.14179468422336,4.0
5,Processed,Awake,60,9,30,17788189183299170279,0.6718989329546801,0.71720212628653,0.5108220953112252,2.9966216216216215,1.1183243519749868,53.0,0.42666890627249604,2.1366258111031002,4.0
5,Processed,Awake,60,9,31,11160590706686721571,0.6608730544877193,0.729035278620097,0.5146614195901521,2.8897871193748315,1.0929057122072041,35.0,0.39228295819935693,2.155590717299578,4.0
5,Processed,Awake,60,9,32,6805153268471754973,0.624452379907019,0.7467625325233442,0.5083265345299227,2.9219310344827587,1.134053291513042,40.0,0.41109564716609875,2.1664137582195244,4.0
5,Processed,Awake,60,9,33,8930083367398365407,0.5880168973663872,0.7725264437783464,0.5182127945481595,2.9919645331116653,1.1711157430277432,36.0,0.4369630944953688,2.1588618850029637,4.0
5,Processed,Awake,60,9,34,7090528381838454188,0.5902785148321359,0.7689778542180367,0.5278111052454768,2.9532760472610096,1.1276195575753496,42.0,0.4587752555550223,2.173107524437372,4.0
5,Processed,Awake,60,9,35,214312035095525394,0.684510212923422,0.7156652557615506,0.49594471373038346,2.8043419267299865,1.0434124275035002,30.0,0.4473532658252148,2.1840440487347705,4.0
5,Processed,Awake,60,9,36,15343667423309218354,0.5854065857327717,0.7754217386733475,0.5191726256178912,2.962212486308872,1.1208307814850087,30.0,0.4606229303642559,2.176170502210634,4.0
5,Processed,Awake,60,9,37,3103622430045251333,0.5887809142868874,0.7753588950770545,0.5152853097854777,2.8173707688270797,1.070963573741179,46.0,0.4624466093967462,2.1751693002257335,4.0
5,Processed,Awake,60,9,38,10227313945744934125,0.6672731481982311,0.7147047307361389,0.5008878437395018,2.8855405031794303,1.0818424493861953,41.0,0.4294764121514613,2.1445003594536303,4.0
5,Processed,Awake,60,10,0,12826024589971878819,0.6112892524104716,0.7540257458116019,0.5037193453952105,2.891460055096419,1.1039046212582382,31.0,0.414143110812497,2.147175914406569,4.0
5,Processed,Awake,60,10,1,10222275123155498941,0.6289066939687113,0.7475314191207271,0.5264673417478524,3.083192804946599,1.212473043194216,50.0,0.44137831741613476,2.1455733115595472,4.0
5,Processed,Awake,60,10,2,15239717975843774818,0.6243453717421401,0.7411360291407039,0.5064548639439459,2.8186431623931623,1.0549520317135161,29.0,0.44116235542544513,2.1375421462620627,4.0
5,Processed,Awake,60,10,3,6603428932737780090,0.5839997942601455,0.7761390353821946,0.5177328790132937,2.99251040221914,1.162268235359798,38.0,0.43403560973268707,2.1569282136894823,4.0
5,Processed,Awake,60,10,4,8059013258618807497,0.5539883533762735,0.7888945602856755,0.527667130585017,3.029760264535685,1.1760764122536929,42.0,0.431492057397898,2.1525017955470434,4.0
5,Processed,Awake,60,10,5,922267468636970847,0.518600271435523,0.8076322051115797,0.5203244229015693,2.998340707964602,1.1610899843140474,46.0,0.454983922829582,2.17094114953057,4.0
5,Processed,Awake,60,10,6,12187414606800631283,0.6064132925059048,0.7694326331268048,0.5178288621202668,2.948893140202241,1.1588665012021395,39.0,0.43235590536065654,2.1473006792992493,4.0
5,Processed,Awake,60,10,7,9081295200882650422,0.5484915649150145,0.7897844315406055,0.5308345731151317,3.227604318646046,1.2690308158632413,41.0,0.44970485194605747,2.144279176201373,4.0
5,Processed,Awake,60,10,8,10752305445937605802,0.6632615178243966,0.7157678273603925,0.5383692470125258,3.1291492329149233,1.2281373028444764,40.0,0.3851562125065988,2.098444241077265,4.0
5,Processed,Awake,60,10,9,16625206240971612236,0.5388147185229725,0.8106150610832907,0.5229639583433315,3.003583241455347,1.1545431033414604,44.0,0.4589912175457119,2.180823167255729,4.0
5,Processed,Awake,60,10,10,10041320610940442152,0.6075114410418635,0.7569098491647651,0.5106781206507655,2.8024756386621017,1.0421297292589733,38.0,0.42842059797475646,2.108408124704771,4.0
5,Processed,Awake,60,10,11,10322872120044880962,0.6202762271194975,0.751103595622197,0.5264193501943658,2.9033880359978825,1.086409556283706,46.0,0.4479051686903105,2.1569216547261383,4.0
5,Processed,Awake,60,10,12,6854502206692195771,0.6529137774115044,0.7425206689599858,0.4933531698421078,2.983168891468369,1.1674440631950322,31.0,0.43513941546287854,2.195133761045878,4.0
5,Processed,Awake,60,10,13,4694969797732144258,0.6497338856949901,0.7253500784477258,0.5140375293948265,2.946629986244842,1.1417580048768434,51.0,0.41647070115659646,2.119687347337567,4.0
5,Processed,Awake,60,10,14,14259532148589385818,0.5698330417836242,0.7902293769444716,0.5127897490041753,2.9606539207536713,1.1542001699919249,52.0,0.4478091855833373,2.1883208255159476,4.0
5,Processed,Awake,60,10,15,10082616855621523400,0.6225195827971375,0.7564860967533564,0.5312185055430244,3.209336039431719,1.2458593508763178,67.0,0.42594903297019726,2.151897199660565,4.0
5,Processed,Awake,60,10,16,10548674865863581535,0.54747613501608,0.7954048000818591,0.5204683975620291,2.9590723055934514,1.1234317627613606,48.0,0.4427220809137592,2.1354166666666665,4.0
5,Processed,Awake,60,10,17,18372405139291666782,0.6764644154547692,0.7168852537651014,0.5082305514229496,2.832308103771062,1.0919111612594397,29.0,0.4067524115755627,2.1432545201668987,4.0
5,Processed,Awake,60,10,18,14016616744874074602,0.6985947843516116,0.6891803611290344,0.5020876325766666,2.796578454958567,1.0554232289074983,41.0,0.40840812017084993,2.11928775993027,4.0
5,Processed,Awake,60,10,19,8567116799969212358,0.5554139237704626,0.7890999778740199,0.5628929308441715,3.095539720242808,1.2228671028002092,46.0,0.42990833613284063,2.124258951861513,4.0
5,Processed,Awake,60,10,20,7247773061342185555,0.6599727643852534,0.7131378074617905,0.5012237846139079,2.993407853253081,1.1817087329957412,39.0,0.3804050487114268,2.1222222222222222,4.0
5,Processed,Awake,60,10,21,13605545848205421868,0.5960696524208872,0.7661877661004736,0.5143734702692326,3.066666666666667,1.2084316167965763,79.0,0.41824638863560015,2.146023147008126,4.0
5,Processed,Awake,60,10,22,16300122886232427030,0.5259468809966739,0.8031636149064927,0.5174929212458608,2.930163043478261,1.1223311500771707,45.0,0.43427556750012,2.159150560725364,4.0
5,Processed,Awake,60,10,23,4396571697176345486,0.6289800804784746,0.7459252804181085,0.537649373710227,2.776456009913259,1.0127478749161958,42.0,0.4732447089312281,2.1409031697785497,4.0
5,Processed,Awake,60,10,24,17864356040322312196,0.6255745159341862,0.7477577158708782,0.5444161827518357,3.1476137624861265,1.2144997459702425,48.0,0.40624850026395354,2.097113836244271,4.0
5,Processed,Awake,60,10,25,11791381232612350880,0.6359684857301382,0.7423214952755868,0.5278590967989634,3.195525857059849,1.2809973089114055,62.0,0.3894034649901617,2.112470710752408,4.0
5,Processed,Awake,60,10,26,2776176229442228676,0.6943525180852698,0.6951055568983551,0.5180688198876998,3.041701887855734,1.208282955841347,31.0,0.39573835005039115,2.0995544239338,4.0
5,Processed,Awake,60,10,27,14551553908712612214,0.6636784360421814,0.7123024287936915,0.5039113116091568,2.987197724039829,1.1615593742178356,28.0,0.38868359168786293,2.1594454072790294,4.0
5,Processed,Awake,60,10,28,2116816464238615682,0.5788611816950748,0.775784600199427,0.5189326678504583,2.7998446400828585,1.0089573893710486,40.0,0.4697413255267073,2.1259774109470024,4.0
5,Processed,Awake,60,10,29,10943852853419037841,0.6162272423656747,0.7518059181530211,0.5450400729471613,3.3640402843601898,1.3213881894148343,48.0,0.4025771464222297,2.1148367578469682,4.0
5,Processed,Awake,60,10,30,5772399601679640500,0.5842581283473898,0.7772104352107239,0.5197965158132168,2.901419769622288,1.0803543534470945,45.0,0.4763881556845995,2.1922482332155475,4.0
5,Processed,Awake,60,10,31,6196294821452231406,0.610513445460549,0.7557125353783755,0.5225800259154388,2.9169568711492095,1.1101619571579437,30.0,0.40893602725920236,2.152854977261243,4.0
5,Processed,Awake,60,10,32,17979775857502916773,0.6190969744611245,0.7413134775041518,0.4943130009118395,2.8555586359855836,1.0479545112859896,37.0,0.46849354513605607,2.1396164383561644,4.0
5,Processed,Awake,60,10,33,721251189186665256,0.5734138234182442,0.7758809528636323,0.5119738925949033,2.916347731000547,1.1409149300967147,37.0,0.4343235590536066,2.1196861459187257,4.0
5,Processed,Awake,60,10,34,479511648598129122,0.5454640676675012,0.7981061556642741,0.5254595191246341,2.805277991288752,1.0225899687038904,31.0,0.4907616259538321,2.1665254237288134,4.0
5,Processed,Awake,60,10,35,3693027882574922650,0.5939972802825629,0.7764427870159836,0.529538801170994,2.9967409016838675,1.1505964348202407,49.0,0.41949416902625136,2.1329917032698877,4.0
5,Processed,Awake,60,10,36,1632566984669063530,0.6169347918389482,0.7659701043015227,0.4949848826606517,2.923469387755102,1.1371956354418953,33.0,0.44430580217881654,2.1386001386001388,4.0
5,Processed,Awake,60,10,37,13590684849537288823,0.5594966373571789,0.7882393706816612,0.5224360512549792,2.9792008757526,1.1203621142703757,61.0,0.4370830733790853,2.1543465405085747,4.0
5,Processed,Awake,60,10,38,15209597979150267660,0.5485123410948565,0.7999035618023626,0.5232519076642511,3.0060656189688446,1.1547556264409444,40.0,0.451384556318088,2.1446813362216397,4.0
5,Processed,Awake,60,11,0,8473181319537383282,0.5530666214738542,0.8145371716859836,0.5112060277391179,3.1073512252042006,1.1940989043668349,47.0,0.3906272496040697,2.1414101552223097,5.0
5,Processed,Awake,60,11,1,2539923258025808484,0.4672227269473437,0.8324548553024346,0.5799299323319096,3.1395167575993765,1.215195580579391,53.0,0.45810337380621013,2.3230713068873206,9.0
5,Processed,Awake,60,11,2,15225751606920581730,0.40024648219185993,0.898183964279099,0.5440802418774295,2.9324883600620795,1.0622518112801977,32.0,0.5559581513653596,2.46452505052654,9.0
5,Processed,Awake,60,11,3,3160102518738204812,0.4978956885963714,0.8369454631535787,0.5509430340260114,3.0662393162393164,1.1479610377819418,61.0,0.4586792724480491,2.3474149576323224,8.0
5,Processed,Awake,60,11,4,10241288671949416537,0.5653707685930304,0.8028044593203578,0.51792484522724,2.87556621369571,1.0663973300360028,46.0,0.4187502999472093,2.1528497409326426,7.0
5,Processed,Awake,60,11,5,12148814464575250855,0.4932820936223071,0.8541643184299763,0.5396650189566636,2.9898963041744215,1.1160140319476624,56.0,0.4590632048759418,2.354874446085672,9.0
5,Processed,Awake,60,11,6,9043681697604711507,0.5630670496531476,0.8083633719323235,0.5233478907712242,2.781178270849273,1.027930427732304,44.0,0.39242693285981667,2.141977734119188,5.0
5,Processed,Awake,60,11,7,424241931628160483,0.5562903304912815,0.8126050894789689,0.5185487354225656,2.7790637860082303,1.032237494758163,35.0,0.4056486058453712,2.1133891736467056,4.0
5,Processed,Awake,60,11,8,8407477826579256452,0.43002177198209224,0.8636881907299415,0.5166770648365887,2.793461338868708,1.0032326786140493,38.0,0.41879829150069586,2.1398970083374205,5.0
5,Processed,Awake,60,11,9,5053903911396807531,0.5033403798142215,0.8205560902438784,0.49205739789797,2.761378938863453,1.0107534825374047,27.0,0.43367567308153765,2.1698883419378077,5.0
5,Processed,Awake,60,11,10,9791376074004069170,0.6077062625145294,0.7704950895456053,0.5174929212458608,2.774118857730898,0.9987227772875558,55.0,0.38124490089744206,2.133476567745401,5.0
5,Processed,Awake,60,11,11,12745084407314727896,0.4626441836268936,0.8597462190605861,0.5364015933195757,3.0463341509948214,1.1505745346274237,40.0,0.4539761002063637,2.278025285972306,10.0
5,Processed,Awake,60,11,12,8968960984143352894,0.5750135666992159,0.794009547986572,0.5859768680712195,2.9970544918998527,1.1293137719275261,52.0,0.41426308969621345,2.1615124577438336,6.0
5,Processed,Awake,60,11,13,7249992149386455479,0.5111895782291667,0.8346799638763963,0.5173009550319144,2.906957928802589,1.1216522982914905,36.0,0.3984018812688967,2.1212469656317876,4.0
5,Processed,Awake,60,11,14,15649064325882036781,0.3625819188060586,0.8912215316239727,0.5339540240917598,3.064169650234095,1.1726974437973319,50.0,0.5228439794596151,2.35837211819461,11.0
5,Processed,Awake,60,11,15,3143055902649290228,0.39568293244018193,0.8828141817249876,0.5628449392906848,2.9887869520897046,1.0528218728584793,55.0,0.6445985506550848,2.647905372104485,9.0
5,Processed,Awake,60,11,16,4255175132033502996,0.6129832220239287,0.7771691827036012,0.537073475068388,2.74558390578999,0.9944316973907332,40.0,0.4638623602246005,2.1984533151370407,9.0
5,Processed,Awake,60,11,17,17576187928397645278,0.39443913152763027,0.8891862010193898,0.5467677688726784,3.08085451595457,1.1575456633963892,45.0,0.520300427124826,2.4561622111463524,9.0
5,Processed,Awake,60,11,18,13780656324223979552,0.5259692197673255,0.8199556540807633,0.5021836156836397,2.828108108108108,1.0153371479518727,41.0,0.4485050631088928,2.245974525354482,9.0
5,Processed,Awake,60,11,19,6559791535158962939,0.532395439481848,0.8191135719684053,0.5365455679800355,2.864463233410197,1.0454705307109817,39.0,0.44387387819743723,2.1741889985895626,5.0
5,Processed,Awake,60,11,20,12966498469146163212,0.44387407508399723,0.8537501089671893,0.5304986322407257,2.9383306751727805,1.1082196206073684,36.0,0.4722368863080098,2.2368720163673563,9.0
5,Processed,Awake,60,11,21,9263994905466011813,0.3793835656883497,0.8853811920748191,0.47914767001007824,2.846066134549601,1.0512429774130618,50.0,0.44922493641119166,2.2316128263201813,6.0
5,Processed,Awake,60,11,22,17263779499735300157,0.449988613747252,0.874269091654645,0.5462878533378125,3.0010545742156602,1.1308353497864208,59.0,0.4953688150885444,2.3946177937594246,7.0
5,Processed,Awake,60,11,23,14833006846745613231,0.4352240929422729,0.8696538447395039,0.5225320343619523,3.0783149561775516,1.1222614503296426,36.0,0.49980803378605365,2.3897430013767784,9.0
5,Processed,Awake,60,11,24,11137954377087595580,0.4998412973017655,0.8551561987974485,0.4781878389403465,2.9314504265960575,1.0890426068433674,74.0,0.4387387819743725,2.218662783642762,6.0
5,Processed,Awake,60,11,25,1253210967858902912,0.4769595854754868,0.8528319074604399,0.5162451408552095,2.8465202434506485,1.079077161740005,40.0,0.39321879349234534,2.146018858040859,4.0
5,Processed,Awake,60,11,26,10692264686837340645,0.4881190729469033,0.8338329040200214,0.5373614243893075,2.962169312169312,1.1519923408320831,35.0,0.3577770312425013,2.113095238095238,4.0
5,Processed,Awake,60,11,27,6739160591099236943,0.461769954431843,0.8471984969584732,0.5138455631808801,2.8674343867166576,1.079269516647496,53.0,0.41858232951000623,2.1538461538461537,5.0
5,Processed,Awake,60,11,28,705757337717670540,0.517120088277951,0.8190803339625846,0.5449440898401882,3.136740331491713,1.1871561444112773,47.0,0.4146710179008494,2.137679366650173,5.0
5,Processed,Awake,60,11,29,16214806622703157384,0.542553515609918,0.8033683652051061,0.4994001055814177,2.9034598214285716,1.0844467440441004,39.0,0.3730383452512358,2.1240606640251403,5.0
5,Processed,Awake,60,11,30,1064581418815579587,0.44342180949239407,0.8533621731050125,0.47103709747084516,2.707586206896552,0.9419299179527986,37.0,0.41479099678456594,2.1478628230616303,4.0
5,Processed,Awake,60,11,31,3234489361390349940,0.4337476494236201,0.8772667843036961,0.5119738925949033,2.8646616541353382,1.0788949600066984,57.0,0.46436627153620963,2.2241121710148257,6.0
5,Processed,Awake,60,11,32,7938973836613314568,0.5064814680588692,0.8332031293974227,0.48548255507030763,2.806881243063263,1.0512074638271829,38.0,0.38496424629265247,2.142494658119658,4.0
5,Processed,Awake,60,11,33,9127141825864342195,0.3511592815931616,0.8936802499512093,0.5259394346594999,2.857627118644068,1.0265963003254057,41.0,0.5792100590296108,2.49669011170873,10.0
5,Processed,Awake,60,11,34,5956325224658222813,0.44382255205914445,0.8638137148133652,0.5022316072371262,2.795138888888889,1.028940205283507,38.0,0.3943945865527667,2.1454118261323587,4.0
5,Processed,Awake,60,11,35,18183103041751300126,0.4959561784257203,0.8327873505446303,0.5088064500647886,2.7790301441677587,1.0256550843845236,41.0,0.41457503479387625,2.155314371257485,5.0
5,Processed,Awake,60,11,36,2368888148811647776,0.40914256930145776,0.8949440825672172,0.513173681432068,2.899403470715835,1.0503975067779536,37.0,0.5163411239621827,2.4513556618819776,9.0
5,Processed,Awake,60,11,37,15943063017923542143,0.5147668987971307,0.8463540837254134,0.5184527523155924,2.8081622043150505,1.0242138469219702,37.0,0.48461870710754906,2.3031132398221006,9.0
5,Processed,Awake,60,11,38,3652222432639138836,0.4495052270685754,0.8702750902839296,0.5607813024907616,2.963479584073041,1.0646089769700624,42.0,0.5587176656908384,2.498283261802575,7.0
5,Processed,Awake,60,12,0,5150000997253494668,0.5728556433374793,0.7757270436375759,0.5716753851322167,3.4092730394962794,1.352081929961899,44.0,0.2837260642126986,2.053847490012159,4.0
5,Processed,Awake,60,12,1,13833876004907025979,0.6241573969657827,0.7504131186601355,0.5485434563516821,3.3006064106266244,1.3008966237758186,51.0,0.26928060661323605,2.0418486171761283,3.0
5,Processed,Awake,60,12,2,6124010398125041073,0.5761439528757952,0.7805641602315063,0.5718673513461631,3.150713907985193,1.1805211707955523,57.0,0.2925805058309737,2.081782482499573,4.0
5,Processed,Awake,60,12,3,4890256744233795714,0.6408372710242823,0.734676144981406,0.5543984258770457,2.989648033126294,1.1369466365773935,42.0,0.2681768008830446,2.0750092833271445,4.0
5,Processed,Awake,60,12,4,13668188546439448479,0.6223774192380085,0.7360576658928041,0.6032538273263905,3.275996872556685,1.2630562533707015,61.0,0.26340164131112925,2.0510089686098656,4.0
5,Processed,Awake,60,12,5,8935528532894468655,0.6046534133530709,0.7609721033988965,0.5739309881460863,3.1696262920752716,1.2310855873045845,49.0,0.30109900657484284,2.0906364545151614,4.0
5,Processed,Awake,60,12,6,3228708553942006629,0.6726033136638476,0.6989815364676416,0.6232183135768105,3.197734548140852,1.24155503519524,62.0,0.22467245764745405,2.0627891606080633,3.0
5,Processed,Awake,60,12,7,14792084748713233757,0.5953933521777898,0.7673767513246016,0.5844891299131353,3.2296473084062582,1.2501203093494788,51.0,0.29082881412871336,2.0900155199172272,3.0
5,Processed,Awake,60,12,8,7864042385024919604,0.7000595484038828,0.6810266417680082,0.5909199980803379,2.957012487992315,1.1227478008914178,56.0,0.27506358880836973,2.07400036185996,4.0
5,Processed,Awake,60,12,9,13137033293545705024,0.6456958528977597,0.7376506372357677,0.5528626961654749,3.076923076923077,1.149681021722429,54.0,0.27043240389691414,2.0644806741161386,3.0
5,Processed,Awake,60,12,10,2997807468942130051,0.642373740540672,0.7287196013771476,0.5886643950664683,3.1235039470333588,1.173360607115514,44.0,0.2921245860728512,2.0529510961214164,4.0
5,Processed,Awake,60,12,11,16228787534653748226,0.6076431628637757,0.7500691003613045,0.5815616451504535,3.3991584852734924,1.3451882634067531,50.0,0.2626097806786006,2.049054484178993,3.0
5,Processed,Awake,60,12,12,10318789445331292725,0.6579704695871613,0.7208559090839619,0.5801218985458559,3.199576495500265,1.2446993745755104,55.0,0.23957383500503912,2.0619578686493183,4.0
5,Processed,Awake,60,12,13,8962070925224286305,0.6891886988282664,0.7017064957445388,0.576522532034362,3.0520833333333335,1.1990303357205683,42.0,0.26193789892978836,2.03012832434443,4.0
5,Processed,Awake,60,12,14,604499812424031543,0.5932893815889718,0.7668380367644169,0.5250755866967414,3.008248556502612,1.1558889402886903,44.0,0.2994432979795556,2.0812208138759174,4.0
5,Processed,Awake,60,12,15,11912362626231738270,0.6043682158027652,0.7553388739834821,0.5582857417094591,3.267696629213483,1.3164101235480334,47.0,0.2572107309113596,2.0370581527936147,3.0
5,Processed,Awake,60,12,16,8556442813915635979,0.6625965304793904,0.7144220331952476,0.5865527667130584,3.1712506486766996,1.2160424443329108,51.0,0.2508998416278735,2.049392395139161,3.0
5,Processed,Awake,60,12,17,2653993172577884128,0.6078608798977547,0.7521927583996051,0.5574218937467006,2.909569138276553,1.1026679600213865,41.0,0.2657772232087153,2.059501673484567,3.0
5,Processed,Awake,60,12,18,18418961746662745449,0.6122512582281966,0.7505799219870789,0.6227383980419446,3.2908952574182093,1.2514817011590715,55.0,0.26001823679032493,2.041062346957996,4.0
5,Processed,Awake,60,12,19,9952922954130416635,0.6301506993494969,0.7322441149573274,0.542640495272832,3.041151156535772,1.181796681478789,44.0,0.29603589768200794,2.0850092952509716,4.0
5,Processed,Awake,60,12,20,361375006684296952,0.6515122953364856,0.7183614398263785,0.5586216825838652,3.0688109675718427,1.2066555307556832,46.0,0.22848778614963766,2.0411575562700963,3.0
5,Processed,Awake,60,12,21,5962961485660169712,0.5424169103011547,0.8081766070532362,0.6097806786005663,3.452717391304348,1.3429983260810063,43.0,0.29495608772855975,2.0572384937238493,4.0
5,Processed,Awake,60,12,22,3324934147973161981,0.6763686591210174,0.7002429744468972,0.57767432931804,3.1264935064935067,1.2114225098982692,52.0,0.24569275807457888,2.049439551641313,4.0
5,Processed,Awake,60,12,23,7160889971955977209,0.6003998337107643,0.7634768952942919,0.5262273839804195,3.019829248141008,1.1873550333960123,40.0,0.3078658156164515,2.0747089262613194,3.0
5,Processed,Awake,60,12,24,15599409316543573024,0.6788416348943961,0.7080881999176065,0.555406248500264,3.126992704674412,1.2135328322506471,38.0,0.2467245764745405,2.0498405103668262,3.0
5,Processed,Awake,60,12,25,17377102447280144437,0.7090888217630381,0.6731435493924555,0.5706675625089984,3.0702297960237543,1.1737035860738256,44.0,0.23299899217737677,2.045502422582684,3.0
5,Processed,Awake,60,12,26,10254424698790565783,0.7095484498021253,0.6750500330947761,0.5652445169650142,3.060810810810811,1.1539501979846951,40.0,0.23179920334021212,2.0566318926974665,3.0
5,Processed,Awake,60,12,27,14945286145587476869,0.7263998530507252,0.668024195278212,0.6172673609444738,3.37408184679958,1.2780870882110766,47.0,0.22503239429860344,2.0556773345024113,3.0
5,Processed,Awake,60,12,28,8525360929737578235,0.6973802473878261,0.6918409015791558,0.5586216825838652,3.1147979662831147,1.1932723785206671,58.0,0.26239381868791095,2.059709926539838,3.0
5,Processed,Awake,60,12,29,4292759620217501605,0.5681166694883315,0.771549625316398,0.5964870182847819,3.2828843106180665,1.3014033108568681,45.0,0.3430436243221193,2.0691851208568535,4.0
5,Processed,Awake,60,12,30,5473380484869929584,0.691935555173597,0.7018373330673953,0.5751787685367376,3.1815768516060525,1.2375161169895148,49.0,0.266737054278447,2.052437223042836,4.0
5,Processed,Awake,60,12,31,7449327148265025510,0.6107015906399517,0.7580731939262074,0.5706675625089984,3.224240780911063,1.2610985947181441,46.0,0.28792532514277486,2.068793103448276,3.0
5,Processed,Awake,60,12,32,16519842974822090644,0.6384812455629902,0.7317579782065515,0.5942314152709123,3.0557749259624876,1.185782812802081,41.0,0.24120554782358306,2.047667549399063,3.0
5,Processed,Awake,60,12,33,18446144758102172030,0.7130189095497215,0.6809568665960003,0.5846331045735951,3.1421201960278564,1.208906807898308,44.0,0.2557229927532754,2.0510007698229407,3.0
5,Processed,Awake,60,12,34,7701535194567800555,0.6786064073033853,0.7082930125795902,0.5842971636991889,3.1258023106546853,1.207834563418226,52.0,0.22654412823343092,2.0404149556948346,4.0
5,Processed,Awake,60,12,35,8943194026636603363,0.6657807455737944,0.7245923219744098,0.5538705187886932,3.075139888089528,1.1828237291432269,49.0,0.28883716465902,2.0664377682403434,4.0
5,Processed,Awake,60,12,36,3256708188445672297,0.5915217448436736,0.7706956953259891,0.5850170370014878,3.0574366691748183,1.20828115691563,33.0,0.2840380093103614,2.0697674418604652,4.0
5,Processed,Awake,60,12,37,17291309314138095581,0.6065563190078677,0.7507498586273775,0.57964198301099,3.259919028340081,1.2777142672512034,51.0,0.25838652397178097,2.0592847580799387,3.0
5,Processed,Awake,60,12,38,12086937135059644646,0.5912097906990054,0.7692573309785327,0.6134760282190335,3.398830098378091,1.343679684165078,50.0,0.250203964102318,2.0413077525450274,3.0
5,Processed,Awake,60,13,0,6003849417036867937,0.3633618036229232,0.9073991507487901,0.4879781158516101,2.773595199127114,1.0436665175325586,31.0,0.5443441954216058,2.3117293386324262,4.0
5,Processed,Awake,60,13,1,3587319921615416424,0.3396957772061995,0.9158979316009896,0.48888995536785523,2.7121938232161873,0.9879150837835904,28.0,0.5312425013197677,2.3102368778044453,5.0
5,Processed,Awake,60,13,2,13049198096019208112,0.3932269555359634,0.8941058717311479,0.5111580361856314,2.7060467479674797,0.9786727561234391,30.0,0.5650765465278111,2.265852015779852,10.0
5,Processed,Awake,60,13,3,15418712084446476310,0.43383734993893813,0.8868865157152908,0.4568315976388156,2.6237596471885336,0.916919318212461,35.0,0.4741085568939867,2.2544500228206297,5.0
5,Processed,Awake,60,13,4,11184976478877414509,0.4920257826072606,0.843694080151031,0.48615443681911985,2.635961488420505,0.9304424149843508,33.0,0.5066708259346355,2.196504733173827,4.0
5,Processed,Awake,60,13,5,9086048007546187505,0.5107892536453361,0.835065360760804,0.4644142630896962,2.5654825026511134,0.8694382308037786,29.0,0.5304266449104957,2.3009264078276255,4.0
5,Processed,Awake,60,13,6,53855032956378087,0.34182526639816313,0.9327599967603805,0.4964726208187359,2.742576882290562,1.0142623944120588,28.0,0.5746748572251283,2.411054062216853,7.0
5,Processed,Awake,60,13,7,8997791355861808098,0.5033612270194668,0.8402289814296342,0.4774199740845611,2.709888313810951,0.9735168548762317,28.0,0.5166050775063589,2.273389651531151,4.0
5,Processed,Awake,60,13,8,12466732374476981384,0.4519102670880375,0.8728493546812561,0.5053510582137544,2.709727225939269,0.9730234940713675,32.0,0.5308345731151317,2.2825010317787866,7.0
5,Processed,Awake,60,13,9,10510723550388290675,0.39078144938475046,0.9004033117920925,0.4838988338052503,2.717057396928052,0.987112336813411,35.0,0.5365695637567788,2.3682482524888795,10.0
5,Processed,Awake,60,13,10,5292134627204844958,0.41794213629168975,0.8855734006988426,0.4647022124106157,2.6696994761510893,0.9604109055487716,28.0,0.5330901761290013,2.3040862891516283,4.0
5,Processed,Awake,60,13,11,979936871496151977,0.3601200539928569,0.9251018999698838,0.49628065460478954,2.77387339055794,1.0402655587733405,44.0,0.5649565676440946,2.352753072849006,10.0
5,Processed,Awake,60,13,12,1335388887071887447,0.4245083751283913,0.8739634212625957,0.4612468205595815,2.643289328932893,0.9630631278895211,40.0,0.4872822383260546,2.2659004686453916,4.0
5,Processed,Awake,60,13,13,15076642818286199412,0.470127720593693,0.8654240988685289,0.46806162115467675,2.674252810529202,0.9628601353917648,38.0,0.5070547583625282,2.3096513280139908,10.0
5,Processed,Awake,60,13,14,8777087280636287822,0.4018974127389473,0.8953977150457122,0.44800115179728367,2.588023288051012,0.9060044371218566,28.0,0.5121658588088497,2.285224839400428,4.0
5,Processed,Awake,60,13,15,6310675301862204297,0.38586907021148126,0.9041377938322559,0.46911743533138167,2.751196172248804,1.0203427326083818,36.0,0.5061189230695398,2.2908656457043555,4.0
5,Processed,Awake,60,13,16,3468529269613028805,0.40039678570881265,0.8891657552239922,0.5126457743437155,2.7926797385620916,1.0292978181249648,37.0,0.5451840476076211,2.2843354112205914,4.0
5,Processed,Awake,60,13,17,1134029969170037687,0.4132504048374897,0.8917570756058352,0.49604069683735663,2.759946595460614,1.0239568246067898,32.0,0.5522628017468926,2.309815335206744,4.0
5,Processed,Awake,60,13,18,12350889729789869001,0.5014569689493021,0.8518123764569775,0.4974804434419542,2.6216489630753665,0.921714327726535,30.0,0.5368335173009551,2.265748430220782,4.0
5,Processed,Awake,60,13,19,12450294493553423177,0.3943703509905282,0.8994502805941649,0.4830349858424917,2.7440021810250816,0.9868237489846382,32.0,0.5575178768536737,2.3506677458518817,7.0
5,Processed,Awake,60,13,20,60585547243151098,0.45746276499696736,0.8656761992866977,0.4683495704755963,2.7123401889938856,1.0091124083509588,26.0,0.49796035897682006,2.2585981715280803,4.0
5,Processed,Awake,60,13,21,14238944203803609087,0.37076170381412793,0.9085732287977079,0.4897538033306138,2.6819973718791066,0.9738888463668722,31.0,0.5387531794404185,2.2759249873289407,4.0
5,Processed,Awake,60,13,22,12834442235791208678,0.39091870422294994,0.8876742534237072,0.49056965973988576,2.719340250066507,0.9803699847164805,35.0,0.5416326726496137,2.3039706032458915,4.0
5,Processed,Awake,60,13,23,9992499651743424532,0.38638792870213157,0.8944864460375302,0.4543840284109997,2.658803706823926,0.9651958806918588,40.0,0.5198924989201901,2.2958567341316094,4.0
5,Processed,Awake,60,13,24,5621439074547583363,0.3918054229775359,0.9027066492595451,0.514901377357585,2.824164253750987,1.090312655657658,26.0,0.5107501079809953,2.263157894736842,4.0
5,Processed,Awake,60,13,25,6429687796156039769,0.3856152565828259,0.8929745969525155,0.4943609924653261,2.8114082969432315,1.0651848976856466,37.0,0.509334357153141,2.2892579810181193,5.0
5,Processed,Awake,60,13,26,7467867406558871959,0.403114780235464,0.9010530944622486,0.4908576090608053,2.756130423066559,1.0105347240375513,33.0,0.504751163795172,2.2504546913448165,4.0
5,Processed,Awake,60,13,27,13416563693213572465,0.4521395819405616,0.8686436858998667,0.4874502087632577,2.707089552238806,0.9663115835594407,44.0,0.5306666026779286,2.2726338505806187,6.0
5,Processed,Awake,60,13,28,2975997540176419981,0.41525711246125224,0.8781195518121402,0.4838028506982771,2.636934344755428,0.925216810235495,62.0,0.5328502183615683,2.2815164902907634,4.0
5,Processed,Awake,60,13,29,17790977760608052595,0.34830555633523413,0.9118842567736611,0.4879781158516101,2.5262111801242235,0.8432770571354717,38.0,0.5718673513461631,2.325073170731707,4.0
5,Processed,Awake,60,13,30,4667238438008257222,0.4855765059924509,0.8413854685899251,0.4685415366895426,2.696961325966851,0.9506013655325873,35.0,0.4656380477036042,2.230716174272905,4.0
5,Processed,Awake,60,13,31,14626973610604888263,0.43524852742865133,0.8771390013592701,0.47521236262417815,2.656828548430373,0.9592538982515824,32.0,0.5078946105485435,2.285745140388769,8.0
5,Processed,Awake,60,13,32,1052977863689850219,0.4048854742032632,0.8773884926313792,0.4811153237030283,2.749588590235875,1.0458192028553903,38.0,0.4884340356097327,2.231907894736842,4.0
5,Processed,Awake,60,13,33,5240608009447008965,0.4613296476228077,0.860766194799784,0.4746364639823391,2.6408544726301737,0.9250900692635736,35.0,0.4634544320199645,2.2351579678277975,4.0
5,Processed,Awake,60,13,34,17946606722155482556,0.3469401814002147,0.9184504023517689,0.46575802658732063,2.628656554712893,0.9296308066003518,26.0,0.5317224168546336,2.308710147947489,4.0
5,Processed,Awake,60,13,35,16952849402354161371,0.3946109253915546,0.893870664201891,0.485434563516821,2.6604418726985797,0.9511911958754404,54.0,0.5319863703988098,2.309615584956766,6.0
5,Processed,Awake,60,13,36,11417141174557136824,0.4498075247812672,0.8744287935832616,0.4492009406344483,2.619647355163728,0.9485084283885521,32.0,0.4784038009310361,2.2790352080475538,4.0
5,Processed,Awake,60,13,37,8097242018603756179,0.3855866235326347,0.8924542459155104,0.47684407544272206,2.689039242219215,0.951349058269387,25.0,0.49985602533954027,2.2846018863785917,10.0
5,Processed,Awake,60,13,38,16958847266013083065,0.4217080308639105,0.8777190903048224,0.48332293516341124,2.6260756192959582,0.9208043579922639,33.0,0.5213562413015309,2.242902859502426,4.0
5,Processed,Awake,60,14,0,16919486042269675784,0.517531525525111,0.8325449304864455,0.5119738925949033,2.786106032906764,1.0179124385965634,32.0,0.5422085712914527,2.2930789527095596,4.0
5,Processed,Awake,60,14,1,6788416815326327082,0.4094921043209527,0.8869439739928011,0.5118299179344435,2.9740658114891243,1.1102292197588632,41.0,0.5642126985650525,2.3832353537401176,5.0
5,Processed,Awake,60,14,2,10013443734745080483,0.4595870954024827,0.8759276428685553,0.4647502039641023,2.7248171074845247,0.9601964086050039,35.0,0.514493449152949,2.3027601761357532,4.0
5,Processed,Awake,60,14,3,3380266021423929333,0.466432342194505,0.857985002518602,0.5048711426788886,2.894881673087507,1.0949862491442606,32.0,0.5307385900081586,2.2713082768535635,4.0
5,Processed,Awake,60,14,4,13241040377792610335,0.41473696018597656,0.8868501307198293,0.5119738925949033,2.8448,1.0560508860433395,33.0,0.5805778183039785,2.391519225066719,6.0
5,Processed,Awake,60,14,5,7409447825089781071,0.38869563000352175,0.9074370153172525,0.4999280126697701,2.800268817204301,1.0178795800797833,41.0,0.5469357393098815,2.2953675730110774,4.0
5,Processed,Awake,60,14,6,2162813775134420205,0.4727029926989917,0.859371967812629,0.472332869414983,2.7716136299633907,1.0027820333158108,47.0,0.5385852090032154,2.404907318118504,4.0
5,Processed,Awake,60,14,7,1620128139322217666,0.45106626941170536,0.8680814760552663,0.4845707155540625,2.8196034627199107,1.069224367882094,39.0,0.5315304506406873,2.2826669414674363,5.0
5,Processed,Awake,60,14,8,4142998430606677303,0.5029549089356028,0.8260204133164994,0.48701828478187836,2.7272238645525397,0.9938885591218104,27.0,0.507774631664827,2.309900665866172,5.0
5,Processed,Awake,60,14,9,9442454887830146749,0.4555953990858223,0.85711303158094,0.477084033210155,2.8467926689576175,1.0244638751338342,34.0,0.5223160723712627,2.3148995001595236,4.0
5,Processed,Awake,60,14,10,17029224612175818996,0.4837495696795631,0.8443952049374047,0.5171089888179681,2.8001559251559254,1.0243781883653376,34.0,0.5355377453568172,2.3113090306545154,4.0
5,Processed,Awake,60,14,11,3509938135070756635,0.5040065365481023,0.8284305262700591,0.5008398521860152,2.815214459131373,1.0383668404589634,41.0,0.5174209339156308,2.275298090112905,4.0
5,Processed,Awake,60,14,12,52956202777520405,0.5618120539569667,0.8113857921622672,0.4986322407256323,2.8614706692371246,1.0566505820097007,37.0,0.5408648077938283,2.344009983361065,5.0
5,Processed,Awake,60,14,13,17212590045190983513,0.39888921955347995,0.8901109236497281,0.5086144838508423,2.8029621793176407,1.035838912825624,29.0,0.5406728415798819,2.3293704124883696,5.0
5,Processed,Awake,60,14,14,14757664035114861466,0.516409454995558,0.8406157434146073,0.5056869990881605,3.0088520845231295,1.1631616468439832,34.0,0.5114939770600374,2.304183331531726,4.0
5,Processed,Awake,60,14,15,5956056414266277910,0.4230181170522704,0.8611425773769855,0.5148053942506119,2.8851533082302314,1.0677448272213637,28.0,0.5246676584921054,2.387269352549405,4.0
5,Processed,Awake,60,14,16,17769975663573661351,0.4070614259095102,0.890319577589912,0.48821807361904307,2.7288090128755367,0.9905171184522503,28.0,0.548375485914479,2.3302742938717245,4.0
5,Processed,Awake,60,14,17,6958797132275997290,0.49944407624015175,0.8334164432348689,0.47900369534961845,2.794232922732363,1.009662201414174,46.0,0.4955127897490042,2.2712274527056753,4.0
5,Processed,Awake,60,14,18,14612971937241810000,0.40599820432227873,0.87833352460748,0.5178768536737535,2.912550607287449,1.1051910785696104,31.0,0.533474108556894,2.3458900495937534,5.0
5,Processed,Awake,60,14,19,6605642300297867313,0.44909339136548065,0.8697215356655311,0.4877381580841772,2.866854724964739,1.0904436750467514,51.0,0.5142054998320296,2.339665902391091,4.0
5,Processed,Awake,60,14,20,15053547757911035828,0.48963105461092593,0.8627652871743781,0.5017516917022604,2.768069896743447,1.0198893167503988,33.0,0.5209243173201517,2.3190898408289713,5.0
5,Processed,Awake,60,14,21,2108181181360004408,0.4530199897903068,0.8609215010089044,0.5310745308825646,2.8991354466858787,1.084165783806707,31.0,0.5546863751979652,2.359497805450648,5.0
5,Processed,Awake,60,14,22,13533313853819781820,0.4186906987472791,0.886005801144466,0.4767960838892355,2.9126355907358548,1.105671895595667,34.0,0.513101694101838,2.312175605536332,4.0
5,Processed,Awake,60,14,23,11118777004357255814,0.43584139520323334,0.8826058738659356,0.5256514853385804,2.815681233933162,1.0477513151970477,37.0,0.5425685079426021,2.3188390934263152,5.0
5,Processed,Awake,60,14,24,15171097163028030879,0.4700860517651051,0.8594279385277968,0.5040552862696166,2.847885032537961,1.0874492272583474,35.0,0.5528147046119883,2.34626744067624,5.0
5,Processed,Awake,60,14,25,2957103309426155117,0.48794057866243484,0.8472523308073302,0.5030474636463982,2.7225974025974025,1.0045353251502194,28.0,0.5077986274415703,2.30071754729289,5.0
5,Processed,Awake,60,14,26,4385208433940971059,0.6072733021171259,0.7847761168926154,0.464558237750156,2.6896360100027787,0.9719353695667365,32.0,0.49109756682823824,2.2793184096224524,4.0
5,Processed,Awake,60,14,27,10793895397469930382,0.42073386505884103,0.8737818874481945,0.49589672217689684,2.8710752986940817,1.0830626520372963,36.0,0.55574218937467,2.341285887585928,6.0
5,Processed,Awake,60,14,28,3808733992455157519,0.44544424361308693,0.8734146837761877,0.5122618419158228,2.8911159263271937,1.1065018284933898,32.0,0.5563420837932523,2.3357848075760628,5.0
5,Processed,Awake,60,14,29,2793952314755088897,0.39860813864354344,0.8995084501630389,0.4957527475164371,2.8862810841017046,1.0980932884044046,30.0,0.5306666026779286,2.3298567214496417,4.0
5,Processed,Awake,60,14,30,16155558347799270459,0.43561874930649247,0.8670163205199247,0.5193645918318376,2.933586337760911,1.1088942432940194,36.0,0.5752507558669674,2.336549707602339,6.0
5,Processed,Awake,60,14,31,14140385593790885895,0.47065340578965326,0.8666296408233284,0.5455199884820272,2.8297236743838687,1.0533560843567824,43.0,0.5454719969285405,2.3167549938850387,6.0
5,Processed,Awake,60,14,32,4105144044975325093,0.4568436957344062,0.8658675430766851,0.49056965973988576,2.794423182066703,1.0320803386318984,35.0,0.5095983106973173,2.2892098738816427,4.0
5,Processed,Awake,60,14,33,8790684002150579737,0.4273701626498596,0.889629750604682,0.49949608868839085,2.7310417213329834,0.9848712975893323,30.0,0.5662283438114892,2.409578270192995,4.0
5,Processed,Awake,60,14,34,18376879471311057827,0.4959333883906944,0.8464067453123695,0.48437874934011615,2.724892008639309,0.984555428566324,42.0,0.5412007486682344,2.3803693931398415,5.0
5,Processed,Awake,60,14,35,1309372561636061278,0.4704982112167161,0.8591130975817683,0.4869702932283918,2.714553237025147,0.9885068433669153,30.0,0.546983730863368,2.307186234817814,4.0
5,Processed,Awake,60,14,36,6070990634399081465,0.3952596217098937,0.8882901590274709,0.5059269568555934,2.7596858638743456,1.0014973724113077,34.0,0.5462878533378125,2.3180938804602382,4.0
5,Processed,Awake,60,14,37,11514893620492183809,0.3999114754371206,0.8856356039253351,0.48860200604693577,2.800825309491059,1.0336949619295486,56.0,0.5410087824542881,2.3495206335973324,5.0
5,Processed,Awake,60,14,38,17539713374921772611,0.4943624881748428,0.8456421096697075,0.49493689110716516,2.7633976420150055,1.0219091042790425,37.0,0.5115659643902674,2.2742692553872415,5.0
5,Processed,Awake,60,16,0,10778279455101442806,0.6691670653656617,0.6895393109991705,0.5653405000719873,2.8188561856903567,1.0353020418498171,29.0,0.3367807265921198,2.0612424731972387,3.0
5,Processed,Awake,60,16,1,4070121879855287961,0.6790091080647636,0.6886308434245703,0.5691798243509142,3.066184074457084,1.1762030361081972,36.0,0.3230071507414695,2.0671068796068797,3.0
5,Processed,Awake,60,16,2,1140139268912016011,0.7316476248580402,0.6501841012047167,0.5703316216345923,3.037832310838446,1.1468586911167358,57.0,0.28869318999856025,2.0530716723549487,3.0
5,Processed,Awake,60,16,3,18240141351537002519,0.7824202541723234,0.5995976811561787,0.5793540336900705,2.8894207754906653,1.0750456553118752,43.0,0.3093295579977924,2.044243577545195,3.0
5,Processed,Awake,60,16,4,1683930499679277788,0.7858457789697495,0.5884487417259839,0.5835292988434035,2.893622084721561,1.0582157544036705,45.0,0.31182511877909486,2.0346015343666823,3.0
5,Processed,Awake,60,16,5,5239809454655695699,0.7615004348711293,0.619361258200868,0.5800739069923694,3.0323632714500754,1.1657108992309162,43.0,0.23511062053078657,2.0463659147869673,3.0
5,Processed,Awake,60,16,6,5059368656419725754,0.7170071260967342,0.6527844962401522,0.5690358496904545,2.9941919191919193,1.1116516747197849,93.0,0.3038345251235782,2.052853437094682,3.0
5,Processed,Awake,60,16,7,10336052969514191587,0.6923768660938436,0.6785078961544767,0.5822335268992658,2.843215373798922,1.0330826660401384,57.0,0.3198637039880981,2.0369804400977993,4.0
5,Processed,Awake,60,16,8,8777880848783101849,0.7162122302792839,0.6554936759896339,0.5613092095791141,2.998974358974359,1.131808426578622,56.0,0.2798627441570284,2.051178332747098,3.0
5,Processed,Awake,60,16,9,13755906929643221340,0.7812406065193481,0.6017548936057251,0.5742189374670058,2.9557806324110674,1.1223009415159433,61.0,0.30532226328166245,2.0348632656324965,3.0
5,Processed,Awake,60,16,10,7419133815661202126,0.767528322094813,0.6156749692796957,0.5761385996064693,2.883045148895293,1.0932673143675664,57.0,0.32111148437874937,2.0537139349294047,3.0
5,Processed,Awake,60,16,11,9686915631119280382,0.7683986390265671,0.6069814731124681,0.6187071075490713,3.039849092195237,1.1163718469710915,51.0,0.24060565340500073,2.014667470363673,3.0
5,Processed,Awake,60,16,12,15979947861934977488,0.7280421796319406,0.6560216102467731,0.5546863751979652,3.066595914035553,1.1641422042585297,45.0,0.33301338964342275,2.071652485445589,3.0
5,Processed,Awake,60,16,13,13178999636559442521,0.7403352369196424,0.6364278626961314,0.5686039257090753,2.9146371463714638,1.083777866872615,39.0,0.30066708259346353,2.057809164066349,3.0
5,Processed,Awake,60,16,14,10886169626724030313,0.8105950784599449,0.5660284615126538,0.5803138647598023,2.9067307692307693,1.1020303075365707,43.0,0.27311993089216297,2.0430802369413033,3.0
5,Processed,Awake,60,16,15,18234958070449655614,0.7162877557813245,0.6665981994492068,0.5545424005375054,2.880827723759661,1.0511845589188824,43.0,0.3496184671497816,2.0912874982058276,3.0
5,Processed,Awake,60,16,16,10279423695440100801,0.7413484907507182,0.6388948320045826,0.5639487450208763,2.9144345238095237,1.0848191277075967,38.0,0.2861976292172578,2.0588641463835664,3.0
5,Processed,Awake,60,16,17,9566078853393911615,0.6929416498443479,0.6820472888578377,0.5605893362768153,3.053856209150327,1.1627558741572857,66.0,0.34462734558717667,2.057003723861358,3.0
5,Processed,Awake,60,16,18,14612277009563666614,0.6820204568024796,0.6821206840807847,0.5736910303786533,3.017924766473113,1.141539726354964,59.0,0.31381676824878824,2.042799125273352,3.0
5,Processed,Awake,60,16,19,6391466838280168519,0.6754532905420016,0.6903725097127031,0.5649085760906081,3.0741708017759204,1.1746397781942584,45.0,0.3112972116907424,2.06412092283214,3.0
5,Processed,Awake,60,16,20,3286038930196220572,0.6703246092766477,0.6909409535508788,0.574074962806546,2.862407274467576,1.0909558794162781,43.0,0.3355089504247252,2.040274332409164,3.0
5,Processed,Awake,60,16,21,8683917798963797272,0.7234286184880566,0.657996432558154,0.5856889187502999,3.0178041543026706,1.1083677961259122,62.0,0.3399721648989778,2.0444444444444443,3.0
5,Processed,Awake,60,16,22,17424021953508922839,0.7029165587990375,0.6775123272615247,0.5548303498584249,2.867311507936508,1.0641891013968714,46.0,0.365119738925949,2.0812474353713584,3.0
5,Processed,Awake,60,16,23,10267026852261735316,0.735037857024254,0.6442908213714864,0.5433603685751308,2.919546157813306,1.1218170465132222,45.0,0.3233430916158756,2.0714834742505763,4.0
5,Processed,Awake,60,16,24,11597063201205426665,0.7088749297661137,0.6661620741806873,0.5517588904352834,2.9381548683874263,1.1143094649702925,42.0,0.3022747996352642,2.047294002925402,3.0
5,Processed,Awake,60,16,25,9908368889322746491,0.7001767499426631,0.6655301723460595,0.5568459951048615,2.8148956817079087,1.0263097167036217,55.0,0.33339732207131545,2.0762104004781827,3.0
5,Processed,Awake,60,16,26,15300912719925736582,0.7510436713206202,0.6264514282983948,0.5580457839420262,3.0591949486977112,1.1758061992195252,50.0,0.29896338244468973,2.0583181893276064,3.0
5,Processed,Awake,60,16,27,17739245322137334190,0.7385880958384292,0.6395578167679362,0.5471517013005711,2.8102045846684742,1.0208765993227442,30.0,0.3109852665930796,2.046100410483107,4.0
5,Processed,Awake,60,16,28,11641682373046538256,0.7654454246372238,0.6210569904762464,0.5640927196813361,2.91734921816828,1.1017584516252352,47.0,0.3345971109084801,2.051493305870237,3.0
5,Processed,Awake,60,16,29,16058032039296060217,0.7038539203296165,0.6714681414644234,0.5943753899313721,3.0678721823135993,1.1722714484162413,43.0,0.31967173777415175,2.037314574093898,3.0
5,Processed,Awake,60,16,30,10352631160787438154,0.7408834357434961,0.6413112086606728,0.5585736910303787,2.90975,1.0970935521538865,42.0,0.3100974228535778,2.0338369531004092,3.0
5,Processed,Awake,60,16,31,11361840115146917055,0.7003643112006492,0.675248280524425,0.5692758074578874,2.8840262582056893,1.065755595134847,40.0,0.32567068195997506,2.0610478359908884,3.0
5,Processed,Awake,60,16,32,13556212182346085441,0.7298845667726707,0.6437455504593997,0.57177136823919,2.8299287410926364,1.0435907025010747,43.0,0.2965158132168738,2.048574270557029,3.0
5,Processed,Awake,60,16,33,3568815276688181950,0.680009261443814,0.6914288498005509,0.5598214714210299,2.9323780794369028,1.1088423228470983,41.0,0.32660651725296347,2.067912488605287,3.0
5,Processed,Awake,60,16,34,8887809451805722499,0.7568249945512503,0.6254920128577569,0.5712434611508375,2.971293060409386,1.1557916002619781,44.0,0.3104093679512406,2.0517049960348928,3.0
5,Processed,Awake,60,16,35,2677681998292278468,0.7135848376465049,0.6600269813333075,0.5716753851322167,2.9595031055900622,1.0921492064821703,54.0,0.2808705667802467,2.0431139814976436,3.0
5,Processed,Awake,60,16,36,5785888000917613986,0.7212158895961515,0.662389744932157,0.5485914479051687,2.7914529914529913,1.0101533148202748,39.0,0.3710466957815424,2.0497083775185576,3.0
5,Processed,Awake,60,16,37,5369353751290782741,0.722287458704482,0.6575582500505439,0.5569419782118347,2.82360097323601,1.033522167873015,34.0,0.33687670969909295,2.0724830233244758,3.0
5,Processed,Awake,60,16,38,11070892520416573044,0.6798246421996521,0.6846612985870081,0.5651005423045544,2.99618320610687,1.143015556457239,40.0,0.3114651821279455,2.062609248371206,3.0
5,Processed,Awake,60,17,0,18278181258730807176,0.6298967336006824,0.7572354644211047,0.5407688246868552,2.961366622864652,1.1376596051992065,36.0,0.34258770456399673,2.1289889651058753,4.0
5,Processed,Awake,60,17,1,2157620637361293369,0.5749272824321416,0.7917675706353963,0.5149973604645582,2.7298397354362756,1.018650860719562,41.0,0.3894034649901617,2.1293793465424486,4.0
5,Processed,Awake,60,17,2,1583159389568290456,0.6315493608009246,0.7599271608672694,0.47204492009406346,2.7927314026121524,1.034538115171393,36.0,0.4116715458079378,2.202310654685494,4.0
5,Processed,Awake,60,17,3,4689063375068591333,0.43292690710785126,0.8578579197781127,0.4849546479819552,2.791436464088398,1.0248953565393994,56.0,0.4176944857705044,2.17778055798824,4.0
5,Processed,Awake,60,17,4,3610144774575752139,0.5103525366178068,0.8271049031454281,0.5068387963718386,2.8651654910472057,1.0666876133045924,46.0,0.39297883572491243,2.157423264392043,9.0
5,Processed,Awake,60,17,5,10415793637621801087,0.5386855280060073,0.8122174477730953,0.5281950376733695,2.8661458333333334,1.1116454572194605,37.0,0.36963094495368815,2.133222545353829,4.0
5,Processed,Awake,60,17,6,7571408476771669288,0.5739288471924078,0.7996626546129108,0.49844027451168593,2.8207495926127106,1.0589858867851178,41.0,0.3728223832605461,2.1606174384647474,4.0
5,Processed,Awake,60,17,7,4859411399679822479,0.5503141869609922,0.799515413854206,0.5111100446321447,3.0298719772403984,1.1675066733969024,44.0,0.3106493257186735,2.1282262041755713,4.0
5,Processed,Awake,60,17,8,16696411426664881956,0.5037468441186651,0.8324253528120108,0.5033354129673178,2.7563731931668856,1.0033105073102921,35.0,0.4336276815280511,2.173039923039923,4.0
5,Processed,Awake,60,17,9,25400721215165124,0.49524330534865474,0.8334301806445842,0.5211402793108413,2.8788441145281016,1.0950188758523618,41.0,0.42945241637471804,2.1477259090363616,4.0
5,Processed,Awake,60,17,10,269816763796083436,0.6561753606127508,0.7376414757700438,0.501799683255747,2.7639439598202484,1.0264168046841715,49.0,0.37452608340932,2.1157652162125524,4.0
5,Processed,Awake,60,17,11,8971393092375739025,0.6375501027174072,0.7521217616447238,0.48610644526563324,2.7090131051083177,1.0024925498098538,29.0,0.3802130824974804,2.122856377277599,4.0
5,Processed,Awake,60,17,12,8637855230495025752,0.48508916179915423,0.8301613704375036,0.464318279982723,2.6793132096372196,0.988231111835183,28.0,0.34155588616403515,2.1349932503374833,4.0
5,Processed,Awake,60,17,13,11698710034419205921,0.6212891799551541,0.7661273055731237,0.5055910159811873,2.822883172561629,1.076670182902096,32.0,0.362744157028363,2.1074864073609367,4.0
5,Processed,Awake,60,17,14,16903333997068425998,0.5708075353991339,0.7824753093034135,0.484858664874982,2.707853122487269,1.004801976374679,27.0,0.3554734366751452,2.1419895893580105,4.0
5,Processed,Awake,60,17,15,12243491296347991678,0.6041741519363352,0.7757880026918937,0.49493689110716516,2.820071096527208,1.08187219937336,36.0,0.3592887651773288,2.136863136863137,4.0
5,Processed,Awake,60,17,16,12463189987208347662,0.5400708321816317,0.799260954957542,0.5288669194221817,2.988069414316703,1.155806698901353,30.0,0.3617843259586313,2.0992759676970203,4.0
5,Processed,Awake,60,17,17,15642921410231883906,0.4724842458347256,0.8395532132374155,0.5213802370782742,2.794238683127572,1.0178526194736532,31.0,0.4131352881892787,2.1414179104477613,4.0
5,Processed,Awake,60,17,18,13115581874660663647,0.48032429255760106,0.8355337212810025,0.5015597254883141,2.918458531136554,1.1058719249458382,34.0,0.41685463358448915,2.1788536310046407,4.0
5,Processed,Awake,60,17,19,13445333566193610527,0.5234013600118286,0.8164651559758505,0.487642174977204,2.7081556503198296,0.9906867156385648,33.0,0.40552862696165476,2.146031746031746,4.0
5,Processed,Awake,60,17,20,13831290934132605142,0.5305836902799276,0.8247844337217056,0.4952248404280847,2.8372284850151224,1.0586292189098683,33.0,0.39847386859912654,2.1504791504791503,4.0
5,Processed,Awake,60,17,21,11359275683982032364,0.5613638648781856,0.7983110245147897,0.4644142630896962,2.779948290721057,1.033287995789279,32.0,0.3961942698085137,2.1554830287206266,4.0
5,Processed,Awake,60,17,22,13735920515524797594,0.5619312850287087,0.7965752191612661,0.5119259010414167,2.7620403935784568,1.0129196465385055,41.0,0.348994576954456,2.125073056691993,4.0
5,Processed,Awake,60,17,23,16456041630576409903,0.5411019780932607,0.8035485504544213,0.486250419926093,2.7069195832220143,0.995896894848567,26.0,0.36970293228391804,2.1148936170212767,4.0
5,Processed,Awake,60,17,24,11543618281176690777,0.5739786877828646,0.7927135605835148,0.5068867879253252,3.030703012912482,1.1828845946108721,40.0,0.35852090032154343,2.144230769230769,4.0
5,Processed,Awake,60,17,25,17493052439207430142,0.526954586626223,0.8202967478698426,0.4963766377117627,2.706174777603349,0.9988145999044624,39.0,0.4268368767096991,2.1439074364228032,4.0
5,Processed,Awake,60,17,26,643598280927364404,0.5207530123786851,0.8295904981336645,0.5169650141575083,2.7986489997401924,1.0219999690266086,42.0,0.45172049719249413,2.1672806815565275,4.0
5,Processed,Awake,60,17,27,15969055936172998257,0.6100665669589765,0.76835823573974,0.4999280126697701,2.8169280692266088,1.0224233773222873,35.0,0.360944473772616,2.0958617806883098,4.0
5,Processed,Awake,60,17,28,10265774929072912777,0.6363664546967959,0.7573772811657004,0.4866823439074723,2.780641623251988,0.9889345133794543,37.0,0.37735758506502853,2.13726556129383,4.0
5,Processed,Awake,60,17,29,8414002944926364066,0.5567385452569199,0.7995249589542934,0.49488889955367854,2.7810140237324705,1.0362959408039358,30.0,0.3825166770648366,2.1507015650296815,4.0
5,Processed,Awake,60,17,30,5651230087373376246,0.5611825892938127,0.8022423353373019,0.5084705091903825,2.8673883626522327,1.1135717238183853,38.0,0.3862840140135336,2.140122307896836,4.0
5,Processed,Awake,60,17,31,3826779353839087242,0.5761060603321367,0.7783798186877668,0.49148149925613094,2.717887473460722,1.0012628140642814,32.0,0.3971780966549887,2.1630946157867226,4.0
5,Processed,Awake,60,17,32,15266271125786467135,0.5935333102084889,0.7817639289507798,0.47813984738685994,2.6746308724832213,0.9417770356501705,41.0,0.3772376061813121,2.15090983718703,4.0
5,Processed,Awake,60,17,33,3979308200144798725,0.6058191293895514,0.7650727987230925,0.5052550751067812,2.9832813828279967,1.1415318011842503,43.0,0.3751499736046456,2.1653739612188367,6.0
5,Processed,Awake,60,17,34,4294191157626436462,0.5694253063688688,0.7818721327568025,0.5028075058789653,2.63970773494583,0.9324864582322528,35.0,0.362744157028363,2.13426514188903,4.0
5,Processed,Awake,60,17,35,9135306722064297575,0.5660278860464906,0.7945058847469364,0.536257618659116,2.8439806566556376,1.0853954994514916,49.0,0.37224648461870713,2.1244864420706655,4.0
5,Processed,Awake,60,17,36,14232744269348244601,0.4998963163829822,0.8162316917581393,0.5189806594039449,2.87912673056443,1.033487906070541,45.0,0.41387915726832075,2.1267570900123305,4.0
5,Processed,Awake,60,17,37,12905609997453353905,0.6224623715097719,0.7607176119261866,0.5065028554974325,2.8128997867803838,1.030090552955152,28.0,0.3556414071123482,2.1236566843387306,4.0
5,Processed,Awake,60,17,38,4652189293233532003,0.4967627943807023,0.8450933645244089,0.48500263953544176,2.7350473612990527,1.0230596600783182,33.0,0.46998128329414024,2.193035494345538,4.0
5,Processed,Awake,60,18,0,4094047610082494081,0.4330242414174117,0.8642461693171303,0.4518404760762106,2.655104342921602,0.9300394406800564,33.0,0.3960262993713107,2.1528828593790763,4.0
5,Processed,Awake,60,18,1,17656529461712674450,0.48771552922537126,0.8297825732850882,0.4970005279070884,2.7645488521089163,0.9826481949820973,48.0,0.40329701972452847,2.134764384605614,4.0
5,Processed,Awake,60,18,2,11319506276618099334,0.5508565383118473,0.806632465593258,0.4465134136391995,2.5462506841817185,0.8795841877666422,34.0,0.39883380525027595,2.159132242140816,4.0
5,Processed,Awake,60,18,3,17505902815177620906,0.48986028645765967,0.8429938041058619,0.4528003071459423,2.698026880183014,0.9102324232406123,32.0,0.3819887699764841,2.164377974167233,4.0
5,Processed,Awake,60,18,4,1394431126462720586,0.5011588750971744,0.8298684297966674,0.456783606085329,2.670594837261504,0.9255672074984375,42.0,0.3990257714642223,2.157089116616941,4.0
5,Processed,Awake,60,18,5,4913352668933577786,0.5916573944206663,0.7871007183229971,0.4594711330805778,2.623013698630137,0.9042988903772479,32.0,0.38781974372510436,2.1457780138077536,4.0
5,Processed,Awake,60,18,6,13125634603191223719,0.5559389515442734,0.7985089665513083,0.450976628113452,2.6175487465181058,0.8974602189060876,29.0,0.38047703604165667,2.1523008008687388,4.0
5,Processed,Awake,60,18,7,6394600826456397162,0.559857501047257,0.8068161133000209,0.4775639487450209,2.675,0.9427167250020343,38.0,0.37534193981859193,2.134261154318461,4.0
5,Processed,Awake,60,18,8,4325671818631190599,0.5102234992966314,0.8398491715437602,0.44992081393674715,2.6304713804713806,0.9244998358388121,48.0,0.4018812688966742,2.171398936859847,4.0
5,Processed,Awake,60,18,9,5694349482394700164,0.4282832802455635,0.8646727929037578,0.44516965014157506,2.6487721302113076,0.9119045617817136,30.0,0.4125113979939531,2.170854905922465,4.0
5,Processed,Awake,60,18,10,1211451370210350525,0.49356383334866405,0.8445645321240952,0.43461150837452606,2.6572769953051645,0.9151276705997723,29.0,0.41287133464510245,2.165911379657603,4.0
5,Processed,Awake,60,18,11,2659915447699896897,0.4718610229058121,0.855070399172639,0.4556798003551375,2.722190366972477,0.9594548138599764,43.0,0.387627777511158,2.1628062658990492,4.0
5,Processed,Awake,60,18,12,11844857636560557605,0.4611099582085348,0.8619214230394058,0.45582377501559723,2.693703913783324,0.9680983387167277,34.0,0.39638623602246004,2.1417088033190717,4.0
5,Processed,Awake,60,18,13,17712104537245010472,0.4658611251143872,0.8618304933600158,0.4429620386811921,2.7283476204552173,0.9821093092237511,40.0,0.3919710131016941,2.1547289275821133,4.0
5,Processed,Awake,60,18,14,17119078709144874982,0.5828980001571141,0.7942054429189032,0.4655180688198877,2.6040268456375837,0.8992037414723149,30.0,0.3907712242645294,2.1777213158598556,4.0
5,Processed,Awake,60,18,15,2806519585481241308,0.47400030646683167,0.8576215083970333,0.4250131976772088,2.6116189914479504,0.8816303335626787,32.0,0.44992081393674715,2.174417256175345,4.0
5,Processed,Awake,60,18,16,8998857037884630181,0.4859352498288708,0.8469373827588219,0.47943561933099776,2.6869284561592255,0.9647013716105235,39.0,0.42208571291452707,2.189172370877411,4.0
5,Processed,Awake,60,18,17,12369289791831796188,0.49508727588675416,0.8333503394489947,0.4697893170801939,2.744322960470984,0.986841949004554,35.0,0.3789653021068292,2.1822578416470915,4.0
5,Processed,Awake,60,18,18,9549336765858578326,0.538512233017417,0.8219764482961415,0.49834429140471276,2.65439672801636,0.9091764332297885,40.0,0.43537937323031145,2.1685191825026893,4.0
5,Processed,Awake,60,18,19,3528534317252106554,0.4554089538673959,0.8611231822906403,0.43504343235590537,2.578213879408419,0.8678593345615057,27.0,0.44185823295100063,2.168649157931928,4.0
5,Processed,Awake,60,18,20,8782658251369850444,0.5873041971769442,0.7887632131844922,0.4326918462350626,2.5361462728551336,0.8307544235160578,53.0,0.36439986562365023,2.1522108843537415,4.0
5,Processed,Awake,60,18,21,1646161890011293597,0.5336770306066275,0.8091902746357393,0.43729903536977494,2.597491448118586,0.9013607098247153,35.0,0.3659115995584777,2.1381099270891757,4.0
5,Processed,Awake,60,18,22,18335005804027410412,0.5436734658261888,0.8179102222117591,0.4528962902529155,2.6448991031390134,0.931841994134552,27.0,0.3866679464414263,2.147960543854972,4.0
5,Processed,Awake,60,18,23,8863233853476434092,0.5086574238798524,0.813913484439459,0.46187071075490715,2.649779735682819,0.9414876895733405,29.0,0.33416518692710084,2.105533716359238,4.0
5,Processed,Awake,60,18,24,3694108635407605882,0.5492927758973578,0.7983835468757374,0.4965206123722225,2.8875244208763604,1.0863958298810132,39.0,0.34973844603349813,2.1104836374167393,4.0
5,Processed,Awake,60,18,25,12211988719547585765,0.5348353659190427,0.8208326602035378,0.44872102509958245,2.625666947486661,0.901070212782789,33.0,0.4098958583289341,2.176605504587156,4.0
5,Processed,Awake,60,18,26,3841978320643271877,0.48438801544240895,0.8448208878311777,0.4532802226808082,2.6170684400110833,0.8949047272666191,39.0,0.3659595911119643,2.166950838306337,4.0
5,Processed,Awake,60,18,27,9548967307899792984,0.5033420973825398,0.822660508789794,0.4893698709027211,2.720651013874066,0.9652001238348373,38.0,0.3778375005998944,2.1350508474576273,4.0
5,Processed,Awake,60,18,28,8161711599266382925,0.4559438263533513,0.8630382947206598,0.44800115179728367,2.661819218705446,0.9207638721220941,30.0,0.42239765801218987,2.1572303921568627,4.0
5,Processed,Awake,60,18,29,12344406380119481299,0.5661561948723823,0.8035761675820801,0.47382060757306715,2.7609060402684564,1.0039281042918249,37.0,0.34925853049863226,2.136043439976519,4.0
5,Processed,Awake,60,18,30,7606184002481230886,0.5789042488354545,0.7810364127554641,0.4633104573595047,2.6565767749036873,0.8942458408464146,37.0,0.34297163699188943,2.1351956976396775,4.0
5,Processed,Awake,60,18,31,7339942506401438960,0.5395658325133124,0.8100120586630535,0.4348994576954456,2.6528103044496487,0.937458182172013,35.0,0.3859960646926141,2.145658263305322,4.0
5,Processed,Awake,60,18,32,6404866371421338364,0.5306363814217138,0.8225910648368441,0.4036569563756779,2.619433198380567,0.9271120120455448,30.0,0.3429956327686327,2.1296185935637664,4.0
5,Processed,Awake,60,18,33,13850575434389086807,0.49806339673930977,0.8352119544989852,0.4506886787925325,2.5920507866409053,0.8820971337142206,40.0,0.37956519652541154,2.1341068537506747,4.0
5,Processed,Awake,60,18,34,3737816340471966375,0.5751176188891609,0.7957312211381036,0.5005039113116092,2.75753569539926,0.9925338041098354,33.0,0.3822287277439171,2.157816309943105,4.0
5,Processed,Awake,60,18,35,3866334605700974371,0.6050261306258816,0.7848562023757554,0.45750347938762775,2.5876764386536375,0.9009129913212047,25.0,0.410135816096367,2.1851188954231655,4.0
5,Processed,Awake,60,18,36,13424531708151825392,0.6379127875716737,0.7509273979054792,0.475116379517205,2.731034482758621,0.960649191051812,38.0,0.3734462734558718,2.154346622369878,4.0
5,Processed,Awake,60,18,37,17130915689219987606,0.5193437645214185,0.8203322453988241,0.4638383644478572,2.646495071193866,0.9537562518915486,33.0,0.3616643470749148,2.131523122613492,4.0
5,Processed,Awake,60,18,38,17233789041826318856,0.43902055056407957,0.8650471082287156,0.47593223592647693,2.6651437785541523,0.9512679095678518,33.0,0.38803570571579404,2.1636339309606636,4.0
5,Processed,Awake,60,19,0,11836526230202142443,0.4265068918207686,0.8699288628404,0.5073187119067044,2.7950819672131146,1.0046501252521234,43.0,0.5066468301578922,2.2639931374651514,4.0
5,Processed,Awake,60,19,1,4199446564183538016,0.4803036537044884,0.8388840401060698,0.5353937706963574,3.007818819088703,1.0888372842692398,40.0,0.5742429332437491,2.3215948777648427,5.0
5,Processed,Awake,60,19,2,8124716368350293805,0.4363596474906369,0.8574196497434207,0.5380812976916063,2.9575309944605643,1.0960650884227672,50.0,0.5305706195709555,2.297963001454999,4.0
5,Processed,Awake,60,19,3,11740811763631984325,0.40994752949389096,0.8770115450732272,0.5490233718865479,2.8837912780438617,1.0703773211044718,27.0,0.5522388059701493,2.279968297998811,4.0
5,Processed,Awake,60,19,4,9294519685121274158,0.3958814412070821,0.88784909720304,0.5030954551998849,2.834009191673425,1.0431057532443968,37.0,0.5283390123338293,2.285921926910299,4.0
5,Processed,Awake,60,19,5,17856952903092696675,0.46168174984765137,0.8543272491541594,0.5242597302874694,2.962039045553145,1.103566344410806,38.0,0.5329222056917983,2.293370508054523,4.0
5,Processed,Awake,60,19,6,12632066408844211566,0.5008670556989575,0.8444905248095272,0.4898017948841004,2.804616652926628,1.0359980811812217,34.0,0.49532082353505785,2.235434264674031,4.0
5,Processed,Awake,60,19,7,9969485012667743735,0.4754105651676229,0.8479758907564411,0.5442722080913759,2.822548531607765,1.0227380590701511,35.0,0.5334501127801506,2.26523334012635,4.0
5,Processed,Awake,60,19,8,15661213434307320038,0.5143097887373402,0.8358944019147221,0.48437874934011615,2.727837837837838,0.9699857887880178,45.0,0.493617123386284,2.2887182910547397,4.0
5,Processed,Awake,60,19,9,12570119771894397555,0.4448472372490771,0.8722057749892665,0.5181168114411864,2.888948354294889,1.0768178770483576,50.0,0.5494313000911839,2.3311952759112198,6.0
5,Processed,Awake,60,19,10,17195616362284637610,0.36499084641031093,0.9071949033158597,0.5261314008734462,2.867643212137065,1.0696386508229934,33.0,0.5730431444065844,2.362116716122651,4.0
5,Processed,Awake,60,19,11,10207851054088520057,0.4777152137579225,0.851754133001649,0.5335221001103806,2.9558628024461577,1.0774478074737914,42.0,0.5393530738590008,2.2935714285714286,4.0
5,Processed,Awake,60,19,12,1852404722986830468,0.4286607573284877,0.8819392078423456,0.5366895426404953,2.9297877914592614,1.0781078922676959,47.0,0.595023275903441,2.3643211289092294,4.0
5,Processed,Awake,60,19,13,1728637200623416155,0.409783749421022,0.8856213607214853,0.5317944041848635,3.063588609344761,1.1522302338717572,34.0,0.5677640735230599,2.346623028860458,4.0
5,Processed,Awake,60,19,14,12455281552646107948,0.4598318000792934,0.8689321432270471,0.5310265393290781,2.822704081632653,1.0321774070339873,38.0,0.5860968469549359,2.342476263546562,5.0
5,Processed,Awake,60,19,15,12500323381339175357,0.43942404588067585,0.8580851228601143,0.5249316120362816,2.9466594827586206,1.0749411793287298,46.0,0.5236358400921438,2.308717731696995,4.0
5,Processed,Awake,60,19,16,6762786741214630223,0.4454121499555544,0.8558218845256564,0.5134616307529875,2.890840313428803,1.0848086145888838,34.0,0.5288429236454384,2.2737026720313627,4.0
5,Processed,Awake,60,19,17,13550394881477072534,0.4547382383940692,0.8603164898468166,0.5292988434035609,2.879634464751958,1.0406203304913029,40.0,0.5078946105485435,2.227765498368593,4.0
5,Processed,Awake,60,19,18,16091185230660156121,0.462352778584964,0.848998789476911,0.5489753803330614,2.893019726858877,1.0875228281592053,45.0,0.5356337284637904,2.2380188490074193,4.0
5,Processed,Awake,60,19,19,6660428956605981122,0.41816491712499615,0.8899668992087416,0.5250275951432548,2.970404561498778,1.117605051694156,48.0,0.5339540240917598,2.277584442169908,4.0
5,Processed,Awake,60,19,20,16116854245784300221,0.36226296135350944,0.911341685540265,0.5555022316072371,2.98863929770204,1.1307912428561266,52.0,0.601406152517157,2.3833206542411562,4.0
5,Processed,Awake,60,19,21,14993447577278540948,0.3467029350606043,0.9126638471005644,0.5195085664922974,2.8322867608581896,1.0397213575325948,32.0,0.5615251715698037,2.3476123595505616,4.0
5,Processed,Awake,60,19,22,3980708429802103236,0.507464079389713,0.8492247373378227,0.5253155444641743,2.7371842960740187,1.015278980144196,28.0,0.540840812017085,2.2824303797468355,4.0
5,Processed,Awake,60,19,23,6541240477256128890,0.4471441843422361,0.8728891640230687,0.5010318183999616,2.8823854224185532,1.0331821471867735,36.0,0.5402889091519892,2.321955243889863,4.0
5,Processed,Awake,60,19,24,12047687039465198788,0.42311210609032657,0.8697471701505077,0.524883620482795,2.898754306917572,1.0902183598348203,45.0,0.5191726256178912,2.31079782121115,4.0
5,Processed,Awake,60,19,25,11828526630033043101,0.4230446567494227,0.8852145321546879,0.5373614243893075,2.935762978500262,1.065387816515961,50.0,0.5540624850026395,2.3316166818135917,4.0
5,Processed,Awake,60,19,26,17144655623942323924,0.5101395765895929,0.8259401196276461,0.4978163843163603,2.892638036809816,1.0661849330899744,38.0,0.4968325574698853,2.270036180243394,4.0
5,Processed,Awake,60,19,27,14391624644763360795,0.46504895436154925,0.8349423711289737,0.5154292844459375,2.9991622451829096,1.1281029637044522,40.0,0.5392570907520277,2.2826815642458103,4.0
5,Processed,Awake,60,19,28,16338741967211415791,0.41709016481785555,0.896161805938936,0.512357825022796,2.89636462289745,1.0788417911160089,38.0,0.567932043960263,2.326093366093366,11.0
5,Processed,Awake,60,19,29,11389315112055814180,0.3868855120348453,0.8854964675709672,0.5255075106781206,2.9483037156704364,1.121558794907403,42.0,0.5359216777847099,2.2909016309365065,4.0
5,Processed,Awake,60,19,30,10303929938809246389,0.35832274074619463,0.9039775818995059,0.514901377357585,2.816749803097926,1.014776432223883,40.0,0.5542544512165859,2.3235087013378934,4.0
5,Processed,Awake,60,19,31,6999956813170941171,0.4430213503746907,0.856663108301192,0.5067908048183519,2.9563269876819707,1.1273723662642545,31.0,0.5071987330229879,2.266945516945517,4.0
5,Processed,Awake,60,19,32,8097834695335807620,0.43113809578723694,0.8770846975092341,0.5377453568172001,2.8026513256628314,1.0225494038819536,32.0,0.5589096319047847,2.3052256532066506,4.0
5,Processed,Awake,60,19,33,6926395628449632386,0.4253217237543602,0.8711634584976781,0.5305466237942122,2.8871768085662053,1.0757941686942325,36.0,0.5400489513845563,2.2813988849467814,4.0
5,Processed,Awake,60,19,34,9394672337350320797,0.44444505682517577,0.870317205037948,0.5331381676824879,2.8375478927203064,1.0469691254910185,32.0,0.5540624850026395,2.333501768569985,4.0
5,Processed,Awake,60,19,35,1940151679914894404,0.5158418740727819,0.8044167240603419,0.4803474588472429,2.934330108472589,1.1219025689142166,55.0,0.45373614243893073,2.203332556513633,4.0
5,Processed,Awake,60,19,36,165599465005635523,0.43747501745362116,0.8688906970186991,0.5295867927244805,3.06698165647582,1.1606044131024749,50.0,0.5439362672169699,2.309761565111066,4.0
5,Processed,Awake,60,19,37,6761748795290501768,0.408796959411472,0.8721253428763899,0.5200364735806499,2.9966814159292037,1.1234041060418334,37.0,0.5041512693765897,2.253083109919571,4.0
5,Processed,Awake,60,19,38,832737512423943827,0.43680547548835513,0.8778962136122758,0.5350578298219514,2.9393619825995256,1.0845972221950793,52.0,0.5329462014685415,2.314747264200104,4.0
5,Processed,Awake,60,20,0,6629518647219510478,0.5236463423576463,0.8284429618465913,0.4572155300667083,2.793841642228739,1.0517634441830497,32.0,0.4648221912943322,2.1718802556340395,4.0
5,Processed,Awake,60,20,1,9649327112886607237,0.47316767459593834,0.851305477296783,0.5170609972644814,2.75620363264262,1.0014429066178534,37.0,0.5154772759994241,2.224500362431397,4.0
5,Processed,Awake,60,20,2,17945532659330702168,0.45099233140899414,0.8480060516276949,0.45471996928540576,2.654805267581956,0.9391328423408294,44.0,0.47235686519172626,2.211549264127626,4.0
5,Processed,Awake,60,20,3,570366274382082447,0.5018923685119252,0.8331931071478214,0.46911743533138167,2.5811988381304465,0.8909706110427174,28.0,0.4697413255267073,2.21447963800905,4.0
5,Processed,Awake,60,20,4,1397653335869686206,0.4616471506107273,0.8614253269701089,0.46820559581513654,2.672876712328767,0.9714536644613797,35.0,0.4859624706051735,2.2245166959578206,4.0
5,Processed,Awake,60,20,5,13953083639907870585,0.4661719744803326,0.8566996957393739,0.4595191246340644,2.6649039799610352,0.938827570484529,44.0,0.49580073906992367,2.227708894878706,4.0
5,Processed,Awake,60,20,6,15560714068131612549,0.469657535101635,0.8489090220890355,0.45102461966693863,2.636185133239832,0.9274187420788824,29.0,0.4543840284109997,2.2000697107005927,4.0
5,Processed,Awake,60,20,7,6859843964934563705,0.5112210502769783,0.8354814242031601,0.47060517348946584,2.642414443546214,0.9369388109643229,28.0,0.4706291692662091,2.205194513154936,4.0
5,Processed,Awake,60,20,8,15863865316463470678,0.48255380913264406,0.8338696876062435,0.4591831837596583,2.6629557472863903,0.9578765084850576,30.0,0.44106637231847196,2.2047499100395824,4.0
5,Processed,Awake,60,20,9,1871419774734137462,0.56884148658964,0.7975347492733343,0.4595191246340644,2.606151333696244,0.9067121308130639,30.0,0.44526563324854823,2.186402733592553,4.0
5,Processed,Awake,60,20,10,7257027089562808318,0.44376676879187926,0.8677358774601365,0.46105485434563515,2.674554565701559,0.954847943553079,34.0,0.4831789605029515,2.2576522031617894,4.0
5,Processed,Awake,60,20,11,17315784890307308887,0.46717919389383433,0.8351918478828092,0.46671785765705237,2.594717182497332,0.890433741788508,30.0,0.4806354081681624,2.1802547077391967,4.0
5,Processed,Awake,60,20,12,15452251869245377960,0.4624240668032617,0.8730039979633455,0.4644622546431828,2.6100323624595467,0.9200534391869626,27.0,0.5051111004463215,2.249171920076931,4.0
5,Processed,Awake,60,20,13,17740194428478828505,0.5199820033891622,0.835282094215195,0.4909056006142919,2.676347462061748,0.9588187238939014,35.0,0.45971109084801076,2.172601496938081,4.0
5,Processed,Awake,60,20,14,5073590597724270960,0.4988970424237473,0.8491092474754025,0.45750347938762775,2.6643376187814423,0.9357892091684081,30.0,0.48339492249364113,2.194205424245725,4.0
5,Processed,Awake,60,20,15,17373617339567665906,0.5469118995913427,0.81519046756819,0.4796275855449441,2.6565656565656566,0.9441510987636051,45.0,0.49673657436291213,2.242795232936078,4.0
5,Processed,Awake,60,20,16,5343080175871246994,0.5781961799421277,0.7950385540538382,0.454000095983107,2.8096228096228097,1.0631118596031175,38.0,0.4716369918894275,2.188509074713284,4.0
5,Processed,Awake,60,20,17,16749791493602629512,0.5946191905045767,0.7684091367523893,0.46815760426164993,2.650095082857919,0.9304245133373541,33.0,0.4680136296011902,2.1687979539641944,4.0
5,Processed,Awake,60,20,18,8661573264201816761,0.40073630588076864,0.88439249638481,0.4775159571915343,2.6350635593220337,0.9116545311624249,29.0,0.5218841483898834,2.2636344712739382,4.0
5,Processed,Awake,60,20,19,15586419598737658017,0.48985661286085985,0.8404362901352799,0.45443201996448623,2.7015691868758918,0.9718179266785527,53.0,0.4673177520756347,2.2105561861521,4.0
5,Processed,Awake,60,20,20,17235366289103058404,0.5098052398498331,0.8358843083012956,0.46537409415942793,2.5714664545213473,0.8652819220197796,33.0,0.4926572923165523,2.215017801273061,4.0
5,Processed,Awake,60,20,21,9707103741884495075,0.49846987457649433,0.8372904712261499,0.48284301962854537,2.7354540511147363,0.998218513975141,36.0,0.44348994576954454,2.1779401366957343,4.0
5,Processed,Awake,60,20,22,11754010864527891949,0.4685998433815043,0.8491925740613177,0.49757642654892736,2.7744179823387745,1.0301219420402814,38.0,0.48680232279118874,2.232775698877394,4.0
5,Processed,Awake,60,20,23,8015387550491221641,0.550429840211148,0.8105669889706231,0.4697893170801939,2.629331184528606,0.9168761653345643,36.0,0.45416806642031005,2.182289865098582,4.0
5,Processed,Awake,60,20,24,14468913318202742143,0.5250693134143058,0.821708977562386,0.46705379853145845,2.5972778222578063,0.8969168467337102,29.0,0.46844555358256945,2.196691797006864,4.0
5,Processed,Awake,60,20,25,4037218087659772253,0.4664442360151326,0.8449267143303865,0.46081489657820224,2.6495584988962473,0.9513070236226993,28.0,0.45980707395498394,2.1974770642201835,4.0
5,Processed,Awake,60,20,26,321963008002024015,0.4467824586061633,0.8477776229647889,0.4898977779910736,2.818332413031474,1.0170776131702537,46.0,0.4836588760378173,2.2059757031848526,4.0
5,Processed,Awake,60,20,27,2478441907539033158,0.45419565267541384,0.8562036127184562,0.4408504103277823,2.612627986348123,0.8814281834966846,46.0,0.46105485434563515,2.21410463240378,4.0
5,Processed,Awake,60,20,28,12119595142947953409,0.4837664233316835,0.8409193462515007,0.46575802658732063,2.6293687347602277,0.9169668921048313,42.0,0.4772520036473581,2.1748496446145436,4.0
5,Processed,Awake,60,20,29,7727397419165567644,0.549155198488656,0.8006372408063949,0.4577914287085473,2.7215406562054207,0.9869711676975044,37.0,0.4479051686903105,2.174764068507515,4.0
5,Processed,Awake,60,20,30,4870193113930064885,0.5155464127073637,0.8392118398811067,0.46211066852234006,2.6287196287196286,0.9320486877800721,29.0,0.48437874934011615,2.207809252980422,4.0
5,Processed,Awake,60,20,31,2259836477172474275,0.4930149845386025,0.8259679355403091,0.4696933339732207,2.7561250352013515,0.9827363020669446,36.0,0.4563996736574363,2.185955637283071,4.0
5,Processed,Awake,60,20,32,8818106970866632093,0.5656514845937103,0.8041671204851338,0.4701732495080866,2.7221450402889693,0.9664938889820525,45.0,0.4732687047079714,2.212338754907459,4.0
5,Processed,Awake,60,20,33,17849376835940423076,0.5521464251274494,0.8218788669997221,0.47103709747084516,2.706839492553778,0.9711126372074855,41.0,0.47763593607525073,2.202611486112648,4.0
5,Processed,Awake,60,20,34,15560223199582485971,0.43428093891868325,0.8654460544623607,0.4691654268848683,2.7360761265043383,1.0152042944101627,39.0,0.4736286413591208,2.2252536640360767,5.0
5,Processed,Awake,60,20,35,3777304497165801797,0.45772223754527264,0.8538639276690578,0.4898017948841004,2.675930781331935,0.953132487599435,41.0,0.4832029562796948,2.219931650314188,4.0
5,Processed,Awake,60,20,36,6662380923679826968,0.5331789061086402,0.8202275732488618,0.4664778998896194,2.603106588109266,0.8969677795973858,32.0,0.5000959831069731,2.2304152397260273,4.0
5,Processed,Awake,60,20,37,2700585009975228374,0.5280126130478188,0.8279612877502764,0.4691654268848683,2.6336206896551726,0.926256754494347,36.0,0.46367039401065413,2.178221170104836,4.0
5,Processed,Awake,60,20,38,18273481239248310799,0.46038633805157025,0.8555228404091607,0.4991601478139847,2.72206228735933,0.9831288327866319,30.0,0.5329701972452848,2.25997150997151,4.0
5,Processed,Awake,60,21,0,3175097015564680878,0.5872570714634371,0.7824584917290183,0.4802034841867831,2.7587537910118556,1.011507539440795,37.0,0.4081921581801603,2.1758761831670506,4.0
5,Processed,Awake,60,21,1,5302198538253394007,0.5869779995484153,0.7885869967480823,0.48423477467965637,2.784984819210599,1.0287605326102587,39.0,0.4461054854345635,2.206908831908832,4.0
5,Processed,Awake,60,21,2,5410852916691030409,0.5279892590819175,0.8220001969046122,0.4690214522244085,2.6643947655398037,0.9970512635366968,24.0,0.3957143542736478,2.1707252862972224,4.0
5,Processed,Awake,60,21,3,4652801674761048709,0.5353720624073454,0.8100630893878243,0.46815760426164993,2.868274037047927,1.1064750235236833,29.0,0.36600758266545086,2.1684674438441855,4.0
5,Processed,Awake,60,21,4,31261597071338976,0.5180355240923592,0.8215894447724179,0.44416182751835676,2.642021124750214,0.9481024688525587,32.0,0.43473148725824257,2.232807493221592,4.0
5,Processed,Awake,60,21,5,3205710575813008603,0.5581019039836239,0.8117695245353314,0.46148677832701446,2.8265726043503823,1.0711488646781295,31.0,0.4226376157796228,2.1677538461538464,4.0
5,Processed,Awake,60,21,6,12969021012370926257,0.45754818746319004,0.8485740983080077,0.46081489657820224,2.7162659123055164,1.0066767127284526,35.0,0.4363632000767865,2.2301937699288694,4.0
5,Processed,Awake,60,21,7,15323764524996729920,0.4997813047513922,0.8263269545399954,0.46326246580601815,2.7619456366237483,1.0232419605382435,32.0,0.3782454288045304,2.1796183628318584,5.0
5,Processed,Awake,60,21,8,6578770353813886397,0.5052846394014967,0.8332820088338582,0.45486394394586555,2.715759312320917,1.0338780569309145,32.0,0.3719585352977876,2.1577115812917596,4.0
5,Processed,Awake,60,21,9,10227110490309748493,0.5910494648330771,0.7786477385173428,0.4566876229783558,2.7384172661870503,1.0102402991173822,42.0,0.4344675337140663,2.1994655004859087,4.0
5,Processed,Awake,60,21,10,14962424989188412230,0.6122041758009309,0.7777242646331952,0.45404808753659354,2.6794109317473804,0.9969347577566257,26.0,0.38052502759514323,2.1776984344960177,4.0
5,Processed,Awake,60,21,11,3443734641441973510,0.5015310545505849,0.8231481533236884,0.44420981907184337,2.7360331067100208,0.981471245675504,36.0,0.38057301914862984,2.1499254439474043,4.0
5,Processed,Awake,60,21,12,5873079029177823695,0.5459297940706606,0.8007442636154138,0.4419542160579738,2.754711337122345,1.0263219410127944,38.0,0.4015693237990114,2.170557717250324,4.0
5,Processed,Awake,60,21,13,11935377575762215768,0.5500430247039526,0.7911149591555217,0.43451552526755294,2.811801242236025,1.0893328548678158,30.0,0.40864807793828284,2.1824939125977187,4.0
5,Processed,Awake,60,21,14,1842340112482102617,0.5131051838942429,0.8299304781580581,0.4827470365215722,2.903030303030303,1.1076426683941965,40.0,0.3772376061813121,2.1880306193458594,4.0
5,Processed,Awake,60,21,15,14889299902370067741,0.5362765420578144,0.8227558625300713,0.44238614003935306,2.688247302420531,1.0087800053501872,29.0,0.4011853913711187,2.1969776609724048,4.0
5,Processed,Awake,60,21,16,6626716804046768803,0.5384740215433607,0.8139030104256861,0.444833709267169,2.650557620817844,0.9375269240867294,29.0,0.3923789413063301,2.192544918208635,4.0
5,Processed,Awake,60,21,17,5274741720714885123,0.5755806680346086,0.7931195811914837,0.46566204348034745,2.794642857142857,1.0444497515282392,42.0,0.39149109756682826,2.184947100575867,4.0
5,Processed,Awake,60,21,18,15652871356754260096,0.5469373355696663,0.8004365351506625,0.47050919038249267,2.742377622377622,1.0342819962351275,30.0,0.40771224264529443,2.1647343610651038,4.0
5,Processed,Awake,60,21,19,5250219613526359104,0.4628605431438417,0.8658864256001879,0.4556798003551375,2.7363112391930837,1.0227935611031433,36.0,0.4577434371550607,2.2106848997566346,4.0
5,Processed,Awake,60,21,20,9159273445767474613,0.5554822705877015,0.8013488711330845,0.4450256754811153,2.7598214285714286,1.0493052510881264,44.0,0.39461054854345634,2.226811103588355,4.0
5,Processed,Awake,60,21,21,4754401274281497917,0.5922782735108092,0.7837538689215118,0.47377261601958054,2.7887005649717516,1.0360511284977068,36.0,0.3941546287853338,2.1533822758259045,4.0
5,Processed,Awake,60,21,22,14419477433112687505,0.529457858838425,0.8042199233422104,0.47204492009406346,2.8183381088825215,1.0725745646628193,38.0,0.41678264625425926,2.1925018934612472,4.0
5,Processed,Awake,60,21,23,11627190863217490851,0.6444607234169769,0.7474241238263055,0.4659020012477804,2.7595224559408753,1.036796070943733,33.0,0.34287565388491625,2.123179791976226,4.0
5,Processed,Awake,60,21,24,13472256411068627198,0.5512526674296186,0.8102293772190159,0.4908096175073187,2.8623005877413936,1.0777120241576064,45.0,0.3993617123386284,2.151370217166494,4.0
5,Processed,Awake,60,21,25,13604872730911038748,0.5651244556306361,0.8124413814605427,0.4625425925037193,2.777521613832853,1.0596708714406073,32.0,0.4457215530066708,2.222421631969371,4.0
5,Processed,Awake,60,21,26,7030234064343322133,0.6226509544820105,0.7609833770464862,0.49656860392570906,2.75772921108742,1.0065985234114982,35.0,0.4158228151845275,2.165313007622142,4.0
5,Processed,Awake,60,21,27,7113641267797040914,0.5588351362643684,0.8078930807525402,0.45755147094111437,2.700084961767205,1.0037944773832825,47.0,0.4064404664778999,2.1734890286154243,4.0
5,Processed,Awake,60,21,28,10031493350425769042,0.5645915857104814,0.7976673201494902,0.4779478811729136,2.7904174838890445,1.0489996459321234,42.0,0.3985698517060997,2.2143714171443807,4.0
5,Processed,Awake,60,21,29,13799618309883013384,0.5217873782828865,0.8220774419708817,0.4862024283726064,2.7270524899057875,0.9978276373124593,39.0,0.40656044536161634,2.1805662805662807,4.0
5,Processed,Awake,60,21,30,6328020839122390737,0.5898490478834125,0.7772579916268633,0.4644622546431828,2.777044476327116,1.0490842285511441,44.0,0.35705715794020254,2.145019460862044,4.0
5,Processed,Awake,60,21,31,8021373961658987018,0.5606803215407334,0.7981423978783623,0.47833181360080623,2.7871923937360177,1.0532250896661046,39.0,0.41109564716609875,2.1874361593462717,4.0
5,Processed,Awake,60,21,32,4168512876578339484,0.4830483826788154,0.8405066390099954,0.4694053846523012,2.749789148158561,1.0134121472210351,36.0,0.4273887795747948,2.192123076923077,4.0
5,Processed,Awake,60,21,33,16022576236719265897,0.4974409935942929,0.8287906911488827,0.4502087632576667,2.73578302712161,0.9946503534177246,28.0,0.40771224264529443,2.1507594936708863,4.0
5,Processed,Awake,60,21,34,8423240390549048708,0.5542996449364556,0.8105970881644743,0.462350626289773,2.8536729857819907,1.0947927882201087,35.0,0.4015693237990114,2.193603355616726,4.0
5,Processed,Awake,60,21,35,12464364257538929193,0.5705706101869269,0.8006494193406655,0.4559197581225704,2.6359600443951163,0.9688378293612624,25.0,0.4072803186639152,2.1746316463805253,4.0
5,Processed,Awake,60,21,36,8797155793302947799,0.5616259104660339,0.8004752688760386,0.4147430052310793,2.6203759854457247,0.9442611344544237,40.0,0.3906272496040697,2.1889202635471294,4.0
5,Processed,Awake,60,21,37,3707647217190752857,0.6387559597471801,0.7398025112597097,0.474876421749772,2.777154083637384,1.0338027870993973,39.0,0.35938474828430195,2.142019450800915,4.0
5,Processed,Awake,60,21,38,1462452533906487522,0.47679051793733573,0.832365748521696,0.45803138647598024,2.719863208891422,0.9847249736411915,40.0,0.3927868695109661,2.185155519957282,4.0
5,Processed,Awake,60,22,0,4005538464623095431,0.585203803329502,0.7844440599391675,0.5058789653021069,2.920753671377113,1.1080075995437704,40.0,0.3708067380141095,2.1567341242149336,4.0
5,Processed,Awake,60,22,1,1439430333557268004,0.5241715217897357,0.8292763872702693,0.4391707059557518,2.705795387344766,0.9675813862612161,33.0,0.43953064260690117,2.222397476340694,4.0
5,Processed,Awake,60,22,2,12833734727100184960,0.5597458722476507,0.8040307356625894,0.49032970197245285,2.798411394138592,1.0182335900804114,46.0,0.4469213418438355,2.235357657225156,4.0
5,Processed,Awake,60,22,3,14268520085585596950,0.5495583191386344,0.7949078085215995,0.5022795987906129,2.8533260632497273,1.0710021014185331,45.0,0.38551614915774823,2.1778500745560527,4.0
5,Processed,Awake,60,22,4,5168532215133745688,0.4778701987786551,0.8536449009485375,0.4623986178432596,2.830493537015276,1.0479448448502242,28.0,0.48723424677256805,2.2481178033658105,5.0
5,Processed,Awake,60,22,5,7446352763743820961,0.4809282946479912,0.8485120179485274,0.4525123578250228,2.656056338028169,0.9235219414472379,44.0,0.46806162115467675,2.220881247865194,4.0
5,Processed,Awake,60,22,6,12919785068896902520,0.5915095913776232,0.7797761879301266,0.481259298363488,2.7770700636942673,1.0332638760072452,43.0,0.40137735758506504,2.1641868288264976,4.0
5,Processed,Awake,60,22,7,2788742952339778856,0.45320041725000276,0.8653760991828944,0.47343667514517446,2.715386732727773,0.9970928651209305,35.0,0.45301626913663195,2.2124692370795733,4.0
5,Processed,Awake,60,22,8,5453275190009824195,0.48957696426152036,0.8461321518804976,0.4613907952200413,2.667591564927858,0.9557913156547296,38.0,0.432883812449009,2.2346091911309305,4.0
5,Processed,Awake,60,22,9,5554977260164074086,0.5282056180835123,0.8268262541433455,0.4841387915726832,2.8955223880597014,1.061670559209725,30.0,0.4293084417142583,2.2178009173174664,4.0
5,Processed,Awake,60,22,10,10127886994111590091,0.5210947448766282,0.8346168441341653,0.45347218889475455,2.774221961244862,1.0155369915605263,42.0,0.45810337380621013,2.227654609101517,4.0
5,Processed,Awake,60,22,11,17401435722114275337,0.4549814262226335,0.8602834095523559,0.472332869414983,2.7817976257772754,1.051325337493837,31.0,0.420525987426213,2.223420451662015,4.0
5,Processed,Awake,60,22,12,3060322950173771656,0.517923358618542,0.8299764302758823,0.4494408984018813,2.834443099273608,1.080637067557699,30.0,0.39134712290636847,2.203025800351209,4.0
5,Processed,Awake,60,22,13,1362429902242516290,0.5717807300736488,0.7960106360291784,0.482651053414599,2.870967741935484,1.0975431826044668,42.0,0.4041128761338004,2.1948390460054736,4.0
5,Processed,Awake,60,22,14,1983803822990274186,0.47101650964482267,0.8354615997355606,0.49589672217689684,2.7881813275769023,1.046648584034323,31.0,0.4347794788117291,2.226742042521814,4.0
5,Processed,Awake,60,22,15,5076733034758304580,0.6133346800978976,0.7743005383951358,0.4771320247636416,2.835710211066743,1.036679442443742,61.0,0.4363392043000432,2.204121212121212,5.0
5,Processed,Awake,60,22,16,8864672627493875516,0.5713331036627418,0.798809740266915,0.4665738829965926,2.852699530516432,1.1143797860319415,34.0,0.3672793588328454,2.1750746056558192,4.0
5,Processed,Awake,60,22,17,7687453676630156678,0.4489826307355797,0.8528893242968063,0.4528962902529155,2.7473071324599707,1.0183470585981622,26.0,0.448433075778663,2.254282267792521,4.0
5,Processed,Awake,60,22,18,9644864794604416299,0.5469788748925244,0.8096275438192504,0.491241541488698,2.7266915290356954,0.9744206674239763,38.0,0.42280558621682585,2.2038774233896183,4.0
5,Processed,Awake,60,22,19,3761583813234582253,0.6318360121663642,0.7664427443662167,0.4925373134328358,2.7760346226670274,0.9946091322200856,64.0,0.43360368575130775,2.1881811576652943,4.0
5,Processed,Awake,60,22,20,13755965615706047956,0.4843548358879657,0.8448734198768179,0.4634544320199645,2.727966101694915,0.9937651181562178,34.0,0.4123674233334933,2.2458180867746993,4.0
5,Processed,Awake,60,22,21,4194812947209955465,0.5119040820093831,0.8298913961667226,0.45971109084801076,2.839905128965313,1.0938479929820417,42.0,0.3958583289341076,2.1655290102389078,4.0
5,Processed,Awake,60,22,22,2607440086709978800,0.44806121274110505,0.8634016862335447,0.48500263953544176,2.86207873123761,1.086691136292307,36.0,0.4319479771560205,2.2267441860465116,4.0
5,Processed,Awake,60,22,23,15591913350049611206,0.5284448615473528,0.8209633420522068,0.4661899505686999,2.734027582324796,0.9860183027720881,54.0,0.4548879397226088,2.2421052631578946,4.0
5,Processed,Awake,60,22,24,18345642156355774347,0.5589284192673348,0.8087565378864103,0.41570283630081106,2.6586863106200123,0.9520872196283564,27.0,0.41339924173345494,2.196048438495857,4.0
5,Processed,Awake,60,22,25,13578789026301585703,0.48197659155263867,0.8482174270864616,0.47813984738685994,2.8449457452884066,1.0625586421453455,36.0,0.4103517780870567,2.1929982046678638,4.0
5,Processed,Awake,60,22,26,2638292942903277630,0.47334324405046385,0.8550061497384859,0.49978403800931037,2.8831672203765226,1.1060130639405759,41.0,0.4366271536209627,2.194404245055475,4.0
5,Processed,Awake,60,22,27,18325301729646040719,0.48987971722802925,0.842921064621719,0.48653836924701255,2.8302624232272473,1.082887080599965,53.0,0.4277967077794308,2.176535221584666,4.0
5,Processed,Awake,60,22,28,13311232663976119767,0.5140363257366318,0.8245031523833326,0.4690214522244085,2.7986827033218784,1.0293656218743688,40.0,0.4754763161683544,2.197759538598048,4.0
5,Processed,Awake,60,22,29,15419922628528943759,0.43965957254474547,0.8591126732133179,0.44900897442050197,2.7436950146627566,0.9899236265536215,46.0,0.4676057013965542,2.272801492885468,4.0
5,Processed,Awake,60,22,30,1731096824533872983,0.5056674383824732,0.8406373445834969,0.487642174977204,2.764145810663765,1.0108648851365651,33.0,0.451216585880885,2.165112262521589,4.0
5,Processed,Awake,60,22,31,2813051805361895929,0.48663470155288313,0.8365906855870151,0.48682631856793207,2.8623024830699775,1.0598218879653223,46.0,0.44819311801123,2.2334090637331103,4.0
5,Processed,Awake,60,22,32,17909796390081898607,0.594560357210629,0.7961221044815585,0.4789077122426453,2.851142857142857,1.1082217173312767,43.0,0.4353313816768249,2.239200197482103,4.0
5,Processed,Awake,60,22,33,16585464954216371117,0.4832314672772305,0.8401153965566905,0.451792484522724,2.702842377260982,0.9688194699802831,48.0,0.4569995680760186,2.2400611620795106,4.0
5,Processed,Awake,60,22,34,6980091994157438831,0.5041933664749958,0.8149054509821712,0.4782838220473197,2.8646162690428283,1.090106970848147,33.0,0.4437059077602342,2.2302496683150403,4.0
5,Processed,Awake,60,22,35,6380555673736640438,0.4671572685911227,0.8460208835206956,0.5057349906416471,2.856600704798048,1.0619747078387842,56.0,0.4055046311849115,2.1670941266991535,4.0
5,Processed,Awake,60,22,36,7430736879428162010,0.42684790364651276,0.8791614878476948,0.46858952824302924,2.7746518897414036,1.0381698750427255,49.0,0.4538321255459039,2.2361078269094348,4.0
5,Processed,Awake,60,22,37,3303211646853472316,0.5311649802162616,0.8111359692846203,0.44161827518356767,2.762533773641549,1.0306238102538396,42.0,0.4110716513893555,2.178130959949142,4.0
5,Processed,Awake,60,22,38,2395159283525434846,0.47017258795686345,0.8422657376211616,0.46998128329414024,2.730897936419409,1.0233860562227726,30.0,0.4159667898449873,2.16471028971029,4.0
5,Processed,Awake,60,23,0,5911555235964175577,0.47507404603305237,0.839343085484336,0.5049671257858617,2.79320414122644,1.0475348772549795,56.0,0.4632384700292749,2.2284428027242296,4.0
5,Processed,Awake,60,23,1,3506463205379041675,0.5174562818983682,0.8281170546085822,0.4952248404280847,2.8474061810154527,1.0565703268798763,46.0,0.4584393146806162,2.1906891411535376,4.0
5,Processed,Awake,60,23,2,611250225546700387,0.4574093470457258,0.8587940838075785,0.49488889955367854,2.9245604083947816,1.120831491152946,32.0,0.48821807361904307,2.226039387308534,4.0
5,Processed,Awake,60,23,3,10508019858640379787,0.4850892966890046,0.8483794188892984,0.5011278015069348,2.8290436196152804,1.0385615987179178,32.0,0.5197725200364736,2.2870868968429945,4.0
5,Processed,Awake,60,23,4,5842919957428569566,0.45197240999256727,0.8541396067953473,0.48308297739597833,2.792233009708738,1.0442828720814956,35.0,0.4946729375629889,2.236385333044044,4.0
5,Processed,Awake,60,23,5,15659749156552497034,0.4646580332114411,0.8589217776604192,0.49767240965590054,2.868603042876902,1.1084628398574234,34.0,0.5001679704372031,2.2649136151255025,4.0
5,Processed,Awake,60,23,6,2576995403924612749,0.501398749993424,0.8381307324887133,0.4766521092287757,2.8215909090909093,1.0297311296876452,33.0,0.4953688150885444,2.254942654287275,4.0
5,Processed,Awake,60,23,7,14967466149755531384,0.4796332990953418,0.8418235259902364,0.503767336948697,2.855549510337323,1.0822394169962661,31.0,0.48368287181456066,2.258740475123263,4.0
5,Processed,Awake,60,23,8,1024296235779447271,0.49619218288888395,0.8521299457116035,0.49618467149781637,2.777061509535321,1.0116188830378066,35.0,0.4924413303258626,2.2450497757356964,4.0
5,Processed,Awake,60,23,9,12140924316811786952,0.4709127863051717,0.8528515813531067,0.5195085664922974,2.8562005277044853,1.0503731668532337,29.0,0.510558141767049,2.2895727967287205,4.0
5,Processed,Awake,60,23,10,1778247531445528877,0.42487660991737025,0.8547535606241807,0.5332821423429477,2.9203679369250986,1.1010199766825173,41.0,0.5177328790132937,2.2938549861790345,7.0
5,Processed,Awake,60,23,11,8388273689304974683,0.5582438531473546,0.8172073969883773,0.4831309689494649,2.7870985603543743,1.0103426425557895,53.0,0.5233958823247109,2.2619516747900033,4.0
5,Processed,Awake,60,23,12,5511066478306670697,0.5543275735039651,0.8087270213786023,0.504247252483563,2.7966462603140805,1.0110596250443133,42.0,0.5085664922973556,2.2506105978549433,4.0
5,Processed,Awake,60,23,13,9832929181874329481,0.4467537123379063,0.8679100475240996,0.4936891107165139,2.859088382434686,1.0634139225002763,49.0,0.4936891107165139,2.2893067764548793,4.0
5,Processed,Awake,60,23,14,13364809284858257978,0.50499252132314,0.8358576832349289,0.5064068723904592,2.8191290408763026,1.0436910809873192,61.0,0.5196765369295004,2.2604112305604844,4.0
5,Processed,Awake,60,23,15,7763725327243569006,0.510923535525996,0.8272525989216103,0.5088544416182752,2.7836702546600156,1.0123093031889765,54.0,0.4574314920573979,2.2246469833119384,4.0
5,Processed,Awake,60,23,16,10742643525190664371,0.42091643022826036,0.8659582474304681,0.5054950328742142,2.926646290636288,1.1223139100027677,38.0,0.5003119450976629,2.252592912705272,4.0
5,Processed,Awake,60,23,17,18084919006744138939,0.5571789394091099,0.8011136703644391,0.4879781158516101,2.784990413585319,1.0369173662869557,31.0,0.482483082977396,2.2383390849382168,4.0
5,Processed,Awake,60,23,18,18166798161712738733,0.4539117599689835,0.8461586055727135,0.48601046215866006,2.804486291885904,1.0388740238246805,29.0,0.4849546479819552,2.2206350950445004,4.0
5,Processed,Awake,60,23,19,720846028732490550,0.49368719954828116,0.8500271070812996,0.4896578202236406,2.7808667211774325,1.0174786467126269,46.0,0.4997120506790805,2.254763967085318,4.0
5,Processed,Awake,60,23,20,13871709887021860064,0.506123395927796,0.8463514887769724,0.5122618419158228,2.9036996735582155,1.0769913451758353,47.0,0.512525795459999,2.281700673005021,7.0
5,Processed,Awake,60,23,21,12358972360235932130,0.48148046434546543,0.8566511839261076,0.46638191678264623,2.6697802197802196,0.9465251284609926,32.0,0.5112060277391179,2.238050215358756,4.0
5,Processed,Awake,60,23,22,15324590413394922661,0.4943649844395426,0.8361374257702532,0.4963766377117627,2.845392022008253,1.0773147078426937,44.0,0.4880740989585833,2.2685701539147893,4.0
5,Processed,Awake,60,23,23,15268157285250656190,0.483047541932279,0.8314949698772147,0.5368335173009551,2.826174835775644,1.0419002084054387,53.0,0.5072947161299611,2.290962288686606,5.0
5,Processed,Awake,60,23,24,2001976064319608364,0.5045571143119671,0.8422169981450508,0.5001199788837165,2.921502663302495,1.1152726859193727,30.0,0.4961606757210731,2.305385215743115,4.0
5,Processed,Awake,60,23,25,12758293302806929463,0.4347154759077902,0.8709900283017497,0.5170130057109948,2.9163508391987008,1.086315031833003,32.0,0.5118539137111868,2.329474718794365,4.0
5,Processed,Awake,60,23,26,14494765895432272208,0.45611637056519005,0.8546499465315968,0.4673897394058646,2.6645690834473323,0.9614041388787439,30.0,0.5001439746604598,2.341383958660975,4.0
5,Processed,Awake,60,23,27,8566924131401789250,0.5076997374713448,0.8449860152022735,0.48476268176800885,2.6708090957165522,0.9620319155772005,28.0,0.48927388779574793,2.2391829562925545,4.0
5,Processed,Awake,60,23,28,15751216564290045042,0.5151826209385668,0.8181101004138562,0.49594471373038346,2.9109859154929576,1.1083261762029573,48.0,0.45757546671785765,2.2091056533827618,4.0
5,Processed,Awake,60,23,29,12285433516231653222,0.5458078826665285,0.8193069887800116,0.49066564284685893,2.7835556765586715,1.0355411156042071,28.0,0.5083985218601527,2.2375118808744325,4.0
5,Processed,Awake,60,23,30,4918252913114282587,0.5594904230507329,0.8044444018448169,0.4925853049863224,2.703898840885142,0.9606964791448919,39.0,0.4985842491721457,2.260443864229765,4.0
5,Processed,Awake,60,23,31,910957901696045338,0.5569945374143539,0.7983888749675088,0.47137303834525124,2.7102649006622515,0.9830982042273917,30.0,0.43329174065364495,2.190320232896652,4.0
5,Processed,Awake,60,23,32,1471716804561325620,0.4983890452789674,0.8283431426180192,0.48260306186111246,2.8438914027149322,1.0204115544561543,41.0,0.48447473244708933,2.2718577697760773,4.0
5,Processed,Awake,60,23,33,16530488672157827883,0.4884923597214863,0.8380259494823857,0.49844027451168593,2.7904352498656637,1.0352383755839794,32.0,0.47096511014061526,2.226293103448276,4.0
5,Processed,Awake,60,23,34,14489418156159918025,0.5444765559948298,0.8105211471307942,0.4651821279454816,2.757610241820768,1.0269875452214448,30.0,0.461366799443298,2.2331010452961673,4.0
5,Processed,Awake,60,23,35,2030920450650158159,0.45227942660207404,0.8511916570149207,0.4696453424197341,2.816115107913669,1.0544825849100008,45.0,0.4552718721505015,2.2360636417206834,4.0
5,Processed,Awake,60,23,36,13002631644115684094,0.43781005470538953,0.8713033833468624,0.5219561357201132,2.8749669574411842,1.0674833712658327,63.0,0.530042712482603,2.2923412204234124,6.0
5,Processed,Awake,60,23,37,235037988460237339,0.49337763863673817,0.8454990701745676,0.5405768584729088,2.9981368112856,1.1513030145524132,45.0,0.5183087776551327,2.247658688865765,7.0
5,Processed,Awake,60,23,38,13763760301594300974,0.5194253389745411,0.8204539805035385,0.49464894178624563,2.853543743078627,1.077410722519594,35.0,0.4804194461774728,2.2681545258864846,4.0
5,Processed,Awake,60,24,0,6206413117206670238,0.34399947145751125,0.9242356112212019,0.51595719153429,2.961707988980716,1.1155247028541384,35.0,0.6076210586936699,2.4111597790896973,13.0
5,Processed,Awake,60,24,1,15732202476942131986,0.35552624470407596,0.9187703350919243,0.48183519700532706,2.746922024623803,1.0054878002222802,28.0,0.5385372174497288,2.3201695440918018,5.0
5,Processed,Awake,60,24,2,5236303391518837683,0.42690249897732974,0.8878270056707177,0.47636415990785624,2.785072951739618,1.0418013277337665,38.0,0.5221960934875461,2.332475884244373,5.0
5,Processed,Awake,60,24,3,2311865645001641220,0.34049477045616955,0.9270643205181754,0.47492441330325863,2.851873198847262,1.0585638413660723,31.0,0.5345299227335989,2.3614968726810135,5.0
5,Processed,Awake,60,24,4,1383399164205068969,0.36723107841754,0.9127745742144572,0.5464798195517588,2.9973677283495657,1.1633800704561763,47.0,0.5818255986946298,2.3625645522751633,10.0
5,Processed,Awake,60,24,5,1486592362567029598,0.4140058123662907,0.8869091891836866,0.48740221720977106,2.826607291956582,1.05124936607643,38.0,0.555166290732831,2.338859684593611,19.0
5,Processed,Awake,60,24,6,8736042702757503929,0.4264909286371454,0.8815088057898797,0.4475692278159044,2.6072127481129437,0.9390022697845429,25.0,0.5131496856553247,2.289369446526068,5.0
5,Processed,Awake,60,24,7,3887209666985156618,0.38518194955740354,0.9046208379799935,0.5084705091903825,2.8704958005960446,1.027250904263936,35.0,0.586672745596775,2.3762270385848967,5.0
5,Processed,Awake,60,24,8,377789934547480301,0.45950314269665843,0.8688602996775203,0.5256514853385804,2.84789391575663,1.0144554042486236,43.0,0.4908096175073187,2.2843421934331025,9.0
5,Processed,Awake,60,24,9,4839171513113855341,0.46550545822470657,0.8703697207266442,0.4860584537121467,2.7439718233541046,1.0085933876126545,46.0,0.5136056054134472,2.2680936738370243,14.0
5,Processed,Awake,60,24,10,4251555216046361754,0.33477052819384856,0.918267578243538,0.5017037001487739,2.833830306316075,1.0373045847347622,34.0,0.5799539281086529,2.3927333927333927,6.0
5,Processed,Awake,60,24,11,2165318976991750415,0.4256296880957524,0.8975684534735068,0.4921533810049431,2.753020134228188,1.0209365584952586,28.0,0.5685799299323319,2.3296627666896077,6.0
5,Processed,Awake,60,24,12,1633727485370027331,0.2753440189534968,0.9479781589157285,0.5075106781206508,2.7748622408816583,1.0161136471594723,44.0,0.5997024523683832,2.4077071290944123,6.0
5,Processed,Awake,60,24,13,13196429273485769950,0.39681655566477025,0.8965349723388049,0.4926812880932956,2.8041518710734774,1.0344121157193764,46.0,0.5576858472908768,2.3802744776730846,9.0
5,Processed,Awake,60,24,14,7840404723196884592,0.37001918553329766,0.9030399676423322,0.46465422085712915,2.8096343586767265,1.0598885119029298,48.0,0.5253155444641743,2.326214004887897,10.0
5,Processed,Awake,60,24,15,18152643664868263498,0.4303670160102993,0.8775949170112223,0.5058309737486203,2.920476586311998,1.1031719781845453,36.0,0.5402889091519892,2.325792790001033,8.0
5,Processed,Awake,60,24,16,9203848871670883757,0.35129784039469203,0.900987245736715,0.49772040120938715,2.7924071082390953,1.01450917333742,52.0,0.5805778183039785,2.3701998432601883,12.0
5,Processed,Awake,60,24,17,13023900735873987677,0.3548848690863066,0.8991056200915989,0.45750347938762775,2.7136350697409624,0.9744192748626628,40.0,0.4999040168930268,2.328229772016093,4.0
5,Processed,Awake,60,24,18,15087336516706396823,0.39959146588331196,0.8916416981818487,0.4729567596103086,2.788624787775891,1.0279627212720626,45.0,0.5290828814128713,2.27661331956634,6.0
5,Processed,Awake,60,24,19,3489152389266822620,0.3560943768236737,0.9305764949527054,0.4939290684839468,2.73287307488051,1.0066630758875197,30.0,0.5576618515141335,2.321446408950155,6.0
5,Processed,Awake,60,24,20,6510918696710777114,0.3096852647911921,0.9309987706521358,0.48922589624226137,2.8586651710600113,1.052866444694099,59.0,0.5624370110860488,2.3963807381658317,9.0
5,Processed,Awake,60,24,21,2118763321514135010,0.319799694667678,0.9319621102434967,0.49272927964678215,2.7197350993377483,0.9848406895945014,45.0,0.5561261218025627,2.350268735422371,6.0
5,Processed,Awake,60,24,22,13870509589598389115,0.34505705367373496,0.9130043474921022,0.489849786437587,2.8817052512704686,1.0809286697826053,30.0,0.5540384892258963,2.3712642497689225,5.0
5,Processed,Awake,60,24,23,9838150597323626445,0.3598498144640674,0.9163794382612386,0.47238086096846954,2.6283044058744993,0.9139364638584345,30.0,0.5424245332821424,2.314189189189189,5.0
5,Processed,Awake,60,24,24,1146696447756966998,0.31587709141171794,0.9387669716516699,0.4136871910543744,2.700501253132832,0.9512832880192564,27.0,0.5245956711618756,2.385379159847245,14.0
5,Processed,Awake,60,24,25,490026053049544293,0.34066453552217757,0.920693041170591,0.47583625281950376,2.9221927497789566,1.1069385332109867,46.0,0.537073475068388,2.3036228900782216,5.0
5,Processed,Awake,60,24,26,8511848069673465436,0.340487129173212,0.9243208875004123,0.4954647981955176,2.7442849548112704,1.0138497175329335,32.0,0.5340740029754764,2.342348979162282,5.0
5,Processed,Awake,60,24,27,11162984571545984146,0.33350139189514283,0.9140462958363469,0.4651821279454816,2.786946520989074,1.009661436976864,45.0,0.544200220761146,2.3683166248955723,5.0
5,Processed,Awake,60,24,28,17838004517451681462,0.36820484011264887,0.9108841083960747,0.4532322311273216,2.706792777300086,0.979322010463382,24.0,0.5331141719057446,2.3053854934108124,4.0
5,Processed,Awake,60,24,29,4521488931418842071,0.34725491375658296,0.9244711191720385,0.4664778998896194,2.780320366132723,1.0174549668208563,29.0,0.5186207227527955,2.294860904650669,5.0
5,Processed,Awake,60,24,30,10538157763963385124,0.3646688920998828,0.9113579629903735,0.4764121514613428,2.792405063291139,1.0257709539667619,42.0,0.5141095167250563,2.2488716280046184,5.0
5,Processed,Awake,60,24,31,15794662519624358326,0.35009763418795764,0.9175633831139111,0.5035753707347507,3.0178314639056656,1.1462936339576772,51.0,0.5399769640543265,2.326131899937978,5.0
5,Processed,Awake,60,24,32,11415968723476635353,0.33019491603144496,0.9170714778652653,0.4715650045591976,2.7733559130680216,1.034899444680531,35.0,0.553198637039881,2.3469408530998677,6.0
5,Processed,Awake,60,24,33,916085759816571699,0.3851164807191486,0.9011916785316456,0.5140855209483131,2.8159831756046265,1.039346304115172,40.0,0.561957095551183,2.3219313900456076,9.0
5,Processed,Awake,60,24,34,9065583544324486017,0.3311872166437799,0.9221200822826544,0.49517684887459806,2.6869791666666667,0.9595546994055721,35.0,0.5961510774103758,2.343331446896812,5.0
5,Processed,Awake,60,24,35,17073177877434533106,0.3493080561174502,0.9148348973700143,0.4219417382540673,2.6011834319526628,0.9072640663416429,43.0,0.5051830877765513,2.299617695248498,5.0
5,Processed,Awake,60,24,36,14560805542929152361,0.4399331121105248,0.8854222744908776,0.4908576090608053,2.923120891683338,1.1484245695628665,49.0,0.5102222008926429,2.311698195259839,5.0
5,Processed,Awake,60,24,37,14795943325612159391,0.34133478368666126,0.9141352201096498,0.45548783414119115,2.6986067671310776,0.9941781556167673,28.0,0.5110620530786582,2.265262710061689,4.0
5,Processed,Awake,60,24,38,12363962184785974113,0.3545346358982056,0.907320834023212,0.49666458703268224,2.76489446967673,1.0018365568715746,54.0,0.5353697749196141,2.3519924098671727,6.0
5,Processed,Awake,60,25,0,17948219609754216708,0.39858786672826424,0.8840521747405486,0.544608148965782,2.9142270159219312,1.1217131217113012,42.0,0.5699716849834429,2.329410610964009,5.0
5,Processed,Awake,60,25,1,12558568198721540288,0.5829260897499515,0.7838431685505517,0.5392330949752844,2.864864864864865,1.0184419064813055,56.0,0.48682631856793207,2.2625181220028994,4.0
5,Processed,Awake,60,25,2,6553382363819061476,0.5271773069657724,0.8059926366433341,0.5410087824542881,2.8147315855181025,1.0266352349167995,33.0,0.534217977635936,2.254481012658228,4.0
5,Processed,Awake,60,25,3,5621467703582597663,0.4218409757585639,0.8706410086008121,0.5653884916254739,2.9298681919920417,1.0957645850704296,33.0,0.6038537217449729,2.3407124918612223,4.0
5,Processed,Awake,60,25,4,8665856768851859526,0.44972117178926374,0.8533152449577159,0.5238757978595767,2.814853017019082,1.0001796158437535,35.0,0.5462878533378125,2.2898813116073224,4.0
5,Processed,Awake,60,25,5,17224717181639174431,0.46076407521745494,0.8438986700007872,0.5524307721840956,2.8994962216624685,1.0726304706135397,48.0,0.5359936651149397,2.2919146316437513,4.0
5,Processed,Awake,60,25,6,16566844451067465412,0.4826081992756259,0.8478796453727201,0.5701876469741326,3.083571243187127,1.1578605816800742,52.0,0.5808417718481548,2.325710991544965,4.0
5,Processed,Awake,60,25,7,15739338920419466651,0.5421659165712049,0.8010221298984235,0.5220041272735998,2.9160857908847184,1.0617854692163864,35.0,0.5469357393098815,2.290753768844221,4.0
5,Processed,Awake,60,25,8,1182981569196734189,0.45790722828127767,0.8550226450053265,0.4999760042232567,2.788543897216274,1.009574492628558,47.0,0.5158372126505735,2.293747332479727,4.0
5,Processed,Awake,60,25,9,10879255972062383224,0.45645441392518954,0.8575972544487617,0.5363056102126026,2.9673393520977163,1.1209651394857594,41.0,0.5456399673657436,2.3160521491138724,4.0
5,Processed,Awake,60,25,10,8529970010449807593,0.46452725656442184,0.8414975755813889,0.5303546575802659,2.864437532400207,1.0628787706858507,38.0,0.522915966789845,2.2821237825950362,4.0
5,Processed,Awake,60,25,11,11908594584721662797,0.4693236230200546,0.8292488495569524,0.5232039161107646,2.8398020317791093,1.0721751825259693,32.0,0.5218361568363968,2.2410346248969497,4.0
5,Processed,Awake,60,25,12,2576367386933491831,0.4022920452699833,0.874166272662574,0.5615011757930605,2.9930928626247124,1.1348573867028735,37.0,0.5839372270480395,2.2981395788081973,4.0
5,Processed,Awake,60,25,13,34367880987747259,0.5090337346473037,0.8427965739232393,0.5210442962038682,2.866156282998944,1.047081847183366,37.0,0.5685559341555886,2.3587854654056746,4.0
5,Processed,Awake,60,25,14,16272700507849802694,0.4529384416879922,0.8442505539094626,0.549263329653981,3.0086750788643535,1.1472073886600105,37.0,0.5456639631424869,2.287956534862662,4.0
5,Processed,Awake,60,25,15,7306909186024466747,0.4885130711301865,0.8377795128970753,0.5719633344531363,3.000503524672709,1.136112275847757,34.0,0.5508470509190383,2.2999699428914937,4.0
5,Processed,Awake,60,25,16,1239637653468554658,0.4659522923680554,0.855676665345157,0.5088544416182752,2.8274666666666666,1.008747110118894,40.0,0.5552622738398042,2.330077534991441,4.0
5,Processed,Awake,60,25,17,2215686523555639532,0.4704684916679919,0.8514581908583081,0.5290108940826415,2.8646049896049894,1.04813954129062,41.0,0.5430244277007247,2.2768890230405474,4.0
5,Processed,Awake,60,25,18,8366013854693565740,0.5746132454084775,0.787662749676718,0.506550847050919,2.752999478351591,0.9717590726929582,34.0,0.5142774871622594,2.2756423869186664,4.0
5,Processed,Awake,60,25,19,10915869726385184408,0.5215787422175832,0.8297209101876258,0.5278590967989634,2.905176967776017,1.0853431908195459,46.0,0.5134136391995009,2.2603000211282485,4.0
5,Processed,Awake,60,25,20,207969287398451340,0.4073724782021157,0.8674661454443541,0.5261793924269329,2.897463002114165,1.0713448901503195,33.0,0.5703556174113356,2.3549985138214606,4.0
5,Processed,Awake,60,25,21,1625003557792476215,0.5583095488993269,0.8022290942709708,0.5273791812640976,2.7968948841944514,1.0000438434454468,33.0,0.5525987426212986,2.3068215967144146,4.0
5,Processed,Awake,60,25,22,6451135730086211387,0.6178783313977256,0.7691338135014854,0.5016077170418006,2.910609857978279,1.091771497881588,42.0,0.520540384892259,2.2904656319290466,4.0
5,Processed,Awake,60,25,23,10692106282371366146,0.5353268013496945,0.8251489367542941,0.524307721840956,2.848761408083442,1.0501428160170438,52.0,0.5407928204635984,2.281303775685798,4.0
5,Processed,Awake,60,25,24,10668624721510528641,0.5146923628238572,0.8216895712139582,0.5190286509574314,2.8809270111880663,1.0922090990694007,45.0,0.5168210394970485,2.2779481755684823,4.0
5,Processed,Awake,60,25,25,2374463158072901793,0.5341954706046927,0.8158325260292787,0.5327542352545952,2.9267070920116005,1.0892742650689806,34.0,0.5379613188078898,2.30909465444433,4.0
5,Processed,Awake,60,25,26,4415177776246936111,0.4304384288253764,0.8643638790121134,0.5217641695061669,2.889184161573213,1.0744381689052633,46.0,0.5421365839612228,2.286972365624051,4.0
5,Processed,Awake,60,25,27,13083113288573744699,0.4713545051744693,0.8277330579881825,0.558765657244325,2.9769879826131422,1.0902614857019917,38.0,0.5589336276815281,2.264534318491153,4.0
5,Processed,Awake,60,25,28,8628700894842060780,0.4467602168230611,0.8525803253038672,0.5765705235878485,3.0757808499743984,1.1689016158902705,47.0,0.5629889139511446,2.310844085491973,4.0
5,Processed,Awake,60,25,29,12305757065858000864,0.47559910740022615,0.8451218262554644,0.5327542352545952,2.9665954035275255,1.0910661361653164,49.0,0.537649373710227,2.3068053124678265,4.0
5,Processed,Awake,60,25,30,10273017554454076290,0.4554586735197068,0.8576246512049134,0.5500311945097662,2.9691709844559586,1.0994521353486395,48.0,0.5886164035129817,2.3451242829827916,4.0
5,Processed,Awake,60,25,31,5905843963572309050,0.4505028105043981,0.8572843655618467,0.5299707251523732,3.002446982055465,1.1637859853184136,31.0,0.5556222104909536,2.337472239047042,4.0
5,Processed,Awake,60,25,32,1407971494227137991,0.44694813981475723,0.8676932565565978,0.5306905984546719,2.943305829118978,1.1185016351468204,43.0,0.5670442002207612,2.3415576694411415,4.0
5,Processed,Awake,60,25,33,5471073486845956860,0.4899692890563279,0.8366457650002338,0.5479195661563565,2.9910924810060258,1.1207826370070841,39.0,0.5422085712914527,2.315638450502152,4.0
5,Processed,Awake,60,25,34,11844469352542977089,0.40387644966818137,0.8858727288581325,0.529058885636128,2.8493150684931505,1.0428290221550467,39.0,0.5747948361088449,2.353276353276353,4.0
5,Processed,Awake,60,25,35,13724630841278532079,0.5112862925825934,0.8362616112234874,0.5638047703604165,2.9569594764661464,1.074440525478999,36.0,0.5650285549743245,2.2788154456595375,4.0
5,Processed,Awake,60,25,36,6431738467241318397,0.3455924309292896,0.9047170668850202,0.5661563564812593,3.039680494717856,1.1366454291485162,40.0,0.6106445265633249,2.3964591769469816,4.0
5,Processed,Awake,60,25,37,202468826943232849,0.43877588655595806,0.8615157305524324,0.5178288621202668,2.9432624113475176,1.1011972534219545,35.0,0.5060949272927965,2.3035168195718656,4.0
5,Processed,Awake,60,25,38,5297645758318219526,0.42676841615976735,0.8702827238204122,0.552382780630609,2.9146619397315776,1.073771834192195,51.0,0.5697797187694966,2.3236128779724043,4.0
5,Processed,Awake,60,32,0,8356458330844708078,0.4709970192399307,0.8492041371883156,0.4820271632192734,2.6466403162055334,0.9124712362151977,40.0,0.3864039928972501,2.126089252706628,4.0
5,Processed,Awake,60,32,1,11603487919681341952,0.5214688980229664,0.8191656862148923,0.4455055910159812,2.5721806594624548,0.8755266866476946,28.0,0.35621730575418725,2.144921254154024,4.0
5,Processed,Awake,60,32,2,15524548994100254030,0.6010369800753756,0.7733552183945673,0.470941114363872,2.5926023778071334,0.873063534429587,36.0,0.3675913039305082,2.1033914595633667,4.0
5,Processed,Awake,60,32,3,16800681724550316450,0.5036680238830809,0.8395561869054832,0.4545280030714594,2.5514547413793105,0.8600410139284862,41.0,0.37416614675817056,2.13573483084509,4.0
5,Processed,Awake,60,32,4,5174549013590021029,0.5460332399907729,0.8256752077148426,0.4663339252291597,2.6621917808219178,0.9327143130047362,54.0,0.4106397274079762,2.1651062753036436,4.0
5,Processed,Awake,60,32,5,12585789201339791478,0.44328923938802334,0.8609231026027271,0.474876421749772,2.594389092815941,0.8814144816964735,39.0,0.4183423717425733,2.121440739839377,4.0
5,Processed,Awake,60,32,6,3344945580064109917,0.5929088137518209,0.7899210817386338,0.44670537985314585,2.5949261221076108,0.8743625174257657,30.0,0.38496424629265247,2.1473698300093695,4.0
5,Processed,Awake,60,32,7,8126459197249470066,0.424644081290877,0.8615324406677609,0.4450256754811153,2.589500139625803,0.8800903464182204,31.0,0.41608676872870376,2.1693982234455147,4.0
5,Processed,Awake,60,32,8,15544604943439692824,0.46337972719928405,0.8533828178430194,0.4806354081681624,2.689312567132116,0.9456474808748334,40.0,0.41111964294284203,2.1222593831289482,4.0
5,Processed,Awake,60,32,9,3174584121649694453,0.5339198566585804,0.8206652011919273,0.43470749148149923,2.6323743097936645,0.9096412408369833,40.0,0.3646638191678265,2.110401333148174,4.0
5,Processed,Awake,60,32,10,15692781070572334996,0.5330438354734721,0.8144861280554704,0.45654364831789607,2.6789636722050125,0.9487524842261107,33.0,0.3658876037817344,2.1322891903230317,4.0
5,Processed,Awake,60,32,11,1131320489023659132,0.5323449888960573,0.8224855143703075,0.466525891443106,2.663287671232877,0.9404709038739545,32.0,0.3718865479675577,2.0895240663340973,4.0
5,Processed,Awake,60,32,12,1940529559745607914,0.6427473346496487,0.7415922192194535,0.45942314152709124,2.6503322259136213,0.9222720794443502,40.0,0.3447953160243797,2.0988898626935435,4.0
5,Processed,Awake,60,32,13,16514207446579073655,0.4692783184323422,0.8483391401889042,0.4598550655084705,2.664627363737486,0.9119203382662822,36.0,0.35693717905648603,2.0968424020298846,4.0
5,Processed,Awake,60,32,14,3936389674862130186,0.43117707186728005,0.8661494121971509,0.4635504151269377,2.611952406706328,0.8826648573560658,38.0,0.42590104141671065,2.1420468259715184,4.0
5,Processed,Awake,60,32,15,8813901455712239901,0.4844865396989422,0.838090553689487,0.46777367183375723,2.5724465558194773,0.8436551222808434,44.0,0.40624850026395354,2.11625,4.0
5,Processed,Awake,60,32,16,4567445617435129260,0.5626786644631796,0.7941562232480881,0.4598550655084705,2.769364161849711,0.9884134109023532,39.0,0.3090176129001296,2.088211448029836,4.0
5,Processed,Awake,60,32,17,6311110571605486946,0.48271043147831566,0.8562512552877621,0.46959735086624754,2.6149118118653125,0.9252609877425978,34.0,0.40840812017084993,2.1245787042816127,4.0
5,Processed,Awake,60,32,18,18367778764625844589,0.5180273196852682,0.826187538930451,0.5171569803714546,2.7068575734740015,0.9705251158519119,37.0,0.39033930028315017,2.0959927844349955,4.0
5,Processed,Awake,60,32,19,2004703013435269395,0.5369942742914663,0.8100037633613643,0.48577050439122715,2.5775401069518717,0.9059816426569623,24.0,0.407760234198781,2.118035647513399,4.0
5,Processed,Awake,60,32,20,13761437622674823661,0.4698505951661826,0.8562194633920736,0.4827470365215722,2.661111111111111,0.933570422801219,33.0,0.3785093823487066,2.122157944302435,4.0
5,Processed,Awake,60,32,21,2462793101947071663,0.46022776035700896,0.8528606528332381,0.44468973460670924,2.6912576241649724,0.9651894927151827,38.0,0.3658156164515045,2.1007303293371917,4.0
5,Processed,Awake,60,32,22,7489375701474188762,0.5482004272493729,0.7984993724097608,0.477084033210155,2.731043956043956,0.9959308386572141,34.0,0.339828190238518,2.1121551081282623,4.0
5,Processed,Awake,60,32,23,12836574501278940655,0.5730316795259396,0.7984368024365772,0.4528482986994289,2.693691121895518,0.9207324244257715,40.0,0.37534193981859193,2.1203741358275723,4.0
5,Processed,Awake,60,32,24,5471866851039382502,0.5448839951757232,0.7983462397522803,0.49733646878149446,2.7656792100346945,0.9855902164222271,52.0,0.34251571723376684,2.083187390542907,4.0
5,Processed,Awake,60,32,25,6144720672028275571,0.5313861596404758,0.8141923108426175,0.47190094543360367,2.6829467939972713,0.9445973180793852,41.0,0.37051878869319,2.0982470444353853,4.0
5,Processed,Awake,60,32,26,3362814929277242237,0.3842478869865057,0.885573243896808,0.48687431012141863,2.727883839741866,0.9779413410630526,34.0,0.4038729183663675,2.1448961386517142,4.0
5,Processed,Awake,60,32,27,17988483593350966874,0.438845684663517,0.864888479658207,0.4480491433507703,2.582572614107884,0.881943718901587,32.0,0.3945625569899698,2.1337918505060993,4.0
5,Processed,Awake,60,32,28,4432614201806064620,0.5036016943299795,0.8266994712411093,0.45040072947161297,2.5939745715865117,0.9041715381574944,26.0,0.38448433075778665,2.131284916201117,4.0
5,Processed,Awake,60,32,29,8970703492572406593,0.4624684569766916,0.8538877434611065,0.4533762057877814,2.569912948857454,0.8714967464510259,36.0,0.395642366943418,2.1081703107019565,4.0
5,Processed,Awake,60,32,30,6007101281605233833,0.49810410489506296,0.8283881557939045,0.45980707395498394,2.6481481481481484,0.9263177438701844,34.0,0.37704563996736573,2.117654986522911,4.0
5,Processed,Awake,60,32,31,4496112411156160624,0.6010050199475202,0.7762872703803922,0.47458847242885255,2.6799457994579945,0.9334906335258063,43.0,0.3420597974756443,2.116869616869617,4.0
5,Processed,Awake,60,32,32,294197196725628023,0.4512073700108287,0.8652635141636931,0.4518884676296972,2.618464961067853,0.9105828890782498,53.0,0.4053366607477084,2.1322898258015655,4.0
5,Processed,Awake,60,32,33,7642366661413469492,0.4899068273854821,0.8276373092927378,0.4930652205211883,2.7857917570498913,1.0078347988353704,39.0,0.3615683639679416,2.1100686178406387,4.0
5,Processed,Awake,60,32,34,18172845099721975199,0.5682101835654271,0.7876942802613947,0.45654364831789607,2.585054347826087,0.8831514604378299,33.0,0.3525459519124634,2.087821514850078,4.0
5,Processed,Awake,60,32,35,18346273344980692707,0.5657997476466526,0.7992286089609062,0.44838508422517637,2.5988873435326845,0.8821972223506382,51.0,0.3368287181456064,2.09538737124944,4.0
5,Processed,Awake,60,32,36,220664648478662064,0.5040575121696369,0.8308071331633747,0.4444017852857897,2.6449585832619253,0.9264044648100014,36.0,0.3669434179584393,2.1227096057745696,4.0
5,Processed,Awake,60,32,37,1083100753421046935,0.5144349142005635,0.8253321257236048,0.4620146854153669,2.6704576976421635,0.9406273612954419,56.0,0.37795747948361086,2.110262593783494,4.0
5,Processed,Awake,60,32,38,263342798847496599,0.5229531663710066,0.826732383400247,0.46666986610356576,2.5731675046308546,0.868815055736099,34.0,0.3849402505159092,2.1449391629897043,4.0
5,Processed,Awake,60,33,0,3341505635998101257,0.6628164323702603,0.718462742305164,0.5174929212458608,2.726422250316056,0.99564051722502,31.0,0.3081777607141143,2.0821984435797667,4.0
5,Processed,Awake,60,33,1,15464142474069672494,0.6118012756987822,0.7527398021965889,0.5111580361856314,2.66408204102051,0.9663724799852772,40.0,0.35057829821951336,2.1155516941789747,4.0
5,Processed,Awake,60,33,2,16202124903732188637,0.6405701762511627,0.7526654532490471,0.48145126457743437,2.710618751688733,0.9851686586150387,39.0,0.37778950904640785,2.108194965184788,4.0
5,Processed,Awake,60,33,3,1339600016153287482,0.5949231781056566,0.7756729500199138,0.4924413303258626,2.7754936434947255,1.0250876975892782,32.0,0.3615683639679416,2.136092996881202,4.0
5,Processed,Awake,60,33,4,3508065701165713464,0.6272615989390393,0.7484971855818267,0.4571195469597351,2.5687702265372168,0.871344565001785,33.0,0.3649757642654893,2.1231155778894473,4.0
5,Processed,Awake,60,33,5,5670593943338395041,0.5936481164729193,0.7718395856314925,0.48404280846571,2.6088980858768753,0.9156290950534396,31.0,0.3397562029082881,2.09669776395676,4.0
5,Processed,Awake,60,33,6,8036048891651735461,0.5283768745284333,0.8183899779735413,0.49378509382348706,2.7466631073144687,1.0171614167706933,31.0,0.3751979651581322,2.142798410305605,4.0
5,Processed,Awake,60,33,7,6668583710903872300,0.5872569078285628,0.7707515113833341,0.484858664874982,2.73571621987544,1.0015191413763191,32.0,0.37008686471181074,2.1513460733714607,4.0
5,Processed,Awake,60,33,8,12608727339801106012,0.46588528794272627,0.8472369434571532,0.49695253635360176,2.818454001088732,1.0437556549332307,37.0,0.38266065172529634,2.1670063867373286,4.0
5,Processed,Awake,60,33,9,14648435978251646462,0.5200439114485864,0.8124133301869588,0.4648461870710755,2.666116157445637,0.9457532094620213,38.0,0.4003215434083601,2.1473806152658,4.0
5,Processed,Awake,60,33,10,17345522226694677201,0.5760022630304921,0.7789401909413944,0.5168210394970485,2.64920049200492,0.9338549772005397,35.0,0.3996736574362912,2.1312859884836852,4.0
5,Processed,Awake,60,33,11,9666865886886841320,0.5292521028739643,0.813290792931872,0.4652301194989682,2.647910406992625,0.9184177311245418,37.0,0.4344915294908096,2.1561085972850678,4.0
5,Processed,Awake,60,33,12,303722451329098124,0.5326099045267582,0.8029121143928795,0.4924413303258626,2.7016850974196944,0.9813288290096789,32.0,0.3578250227959879,2.1154773726769753,4.0
5,Processed,Awake,60,33,13,1582691130288920229,0.5837315217281812,0.7787074521797239,0.5113979939530643,2.7045685279187817,0.9814920640652549,39.0,0.388851562125066,2.0955644639855167,4.0
5,Processed,Awake,60,33,14,17512492037867470098,0.5977149634090962,0.7626016538449165,0.4955127897490042,2.628564154786151,0.9248581467749881,43.0,0.35137015885204204,2.079971590909091,4.0
5,Processed,Awake,60,33,15,13707036467300270818,0.5961128596987142,0.7767765584916236,0.47967557709843067,2.753443526170799,0.9699579210271627,39.0,0.3738302058837645,2.1414432989690724,4.0
5,Processed,Awake,60,33,16,5223588983139587251,0.6206589893476486,0.7611235902944451,0.4708451312568988,2.63029490616622,0.8916018510108101,28.0,0.3690550463118491,2.1155433287482808,4.0
5,Processed,Awake,60,33,17,15307806534295373078,0.5548294831754178,0.8022582455214491,0.4683975620290829,2.6478567552902876,0.9569772668517453,32.0,0.39528243029226856,2.1247259125499807,4.0
5,Processed,Awake,60,33,18,12917870871458425978,0.6462770321425348,0.7417472361809093,0.5110140615251716,2.8244031830238727,1.059451123555114,35.0,0.3406200508710467,2.074989036690542,4.0
5,Processed,Awake,60,33,19,2988780821278157134,0.5690611855759152,0.7845264072571538,0.5063588808369727,2.5828641370869034,0.9098950523276774,25.0,0.38158084177184814,2.106783253842077,4.0
5,Processed,Awake,60,33,20,8869872331036128077,0.5717401196080503,0.7879559492835218,0.4736286413591208,2.7862789384528517,1.0234651423480672,39.0,0.36891107165138937,2.131429363648967,4.0
5,Processed,Awake,60,33,21,8933568436445378501,0.5659686892765745,0.7870645983874105,0.5226760090224121,2.7234308577144284,0.9716085468559092,49.0,0.3435235398569852,2.092676509282269,4.0
5,Processed,Awake,60,33,22,9288255989026493002,0.6281986056291929,0.7459649073426063,0.4943609924653261,2.6514800514800516,0.9414483513245152,46.0,0.36922301674905217,2.098322651029592,4.0
5,Processed,Awake,60,33,23,11018532568508258235,0.5896433087882009,0.7752654944618457,0.48793012429812355,2.670606776989756,0.9841668739215341,31.0,0.3614963766377118,2.1081724041421777,4.0
5,Processed,Awake,60,33,24,9898877996354104525,0.5492962755439548,0.798273613912162,0.5161011661947498,2.7170288024254674,0.9882427353773191,34.0,0.42966837836540767,2.121563981042654,4.0
5,Processed,Awake,60,33,25,11320506803939379234,0.5500765317073302,0.7955440003652546,0.47127705523827806,2.67574931880109,0.9459622489774382,26.0,0.35801698900993423,2.1034823064993655,4.0
5,Processed,Awake,60,33,26,10183731073232812459,0.5605061655603046,0.8021791943533635,0.47833181360080623,2.7187670485542825,0.9459919446619475,33.0,0.3595767144982483,2.1330960854092527,4.0
5,Processed,Awake,60,33,27,13617760493305420184,0.6448975589908522,0.7455948028226997,0.4894178624562077,2.738453276047261,0.9647719935971406,37.0,0.35662523395882323,2.124053165642418,4.0
5,Processed,Awake,60,33,28,7690790597911330353,0.5710945200811343,0.7865184946793489,0.49364111916302733,2.7510029419630917,1.0127131468667694,34.0,0.35144214618227193,2.114030023094688,4.0
5,Processed,Awake,60,33,29,18226461278759438964,0.5990756248948241,0.7715068771579632,0.4563516821039497,2.6583729382163823,0.9612871164241507,27.0,0.38441234342755676,2.1340082589583056,4.0
5,Processed,Awake,60,33,30,10553606075890383257,0.6238256614228305,0.7511468140481743,0.4859624706051735,2.688080700822936,0.970210108425846,39.0,0.3353889715410088,2.0917390002993117,4.0
5,Processed,Awake,60,33,31,12644025003601207977,0.5163666833150415,0.8293862199595927,0.47482843019628546,2.636290967226219,0.9154014175145188,38.0,0.4107357105149494,2.1417667667667666,4.0
5,Processed,Awake,60,33,32,16493519441711518333,0.5573148798995384,0.8009991302505761,0.47276479339636224,2.606084656084656,0.9008321851695831,27.0,0.3604885540144934,2.112642385037266,4.0
5,Processed,Awake,60,33,33,11720322785518058501,0.5503773298431976,0.8014510501183453,0.4458895234438739,2.5137987012987013,0.8416734365272954,24.0,0.40970389211498776,2.1692288146360057,4.0
5,Processed,Awake,60,33,34,9087135723292137736,0.6008658722490176,0.7723014658669387,0.5204683975620291,2.7310501133215817,1.0067908855845218,41.0,0.36183231751211786,2.1074772886093642,4.0
5,Processed,Awake,60,33,35,13687023633954705503,0.6108386111048791,0.7559728704051357,0.47876373758218554,2.701326834551855,0.942561925551799,38.0,0.292436531170514,2.0818243935770413,4.0
5,Processed,Awake,60,33,36,8549999875395421821,0.49580066672065826,0.8200237038729269,0.4803474588472429,2.6992988133764833,0.985687855673556,40.0,0.3897873974180544,2.1481089658820416,4.0
5,Processed,Awake,60,33,37,17682304753199269321,0.668216286371378,0.7229206587487536,0.5379853145846331,2.8137550200803214,1.0445373909667948,45.0,0.35237798147526034,2.1184362377380266,4.0
5,Processed,Awake,60,33,38,2814669969278436139,0.6111415282558094,0.7615220860022924,0.5036233622882372,2.675675675675676,0.9818125242585075,44.0,0.3620962710562941,2.128049640389226,4.0
5,Processed,Awake,60,34,0,18357463995689798563,0.7734043952788406,0.602749563442898,0.5939914575034794,3.1082370668006027,1.155809180033198,39.0,0.19273407880213084,2.0231738035264484,3.0
5,Processed,Awake,60,34,1,7060977290274827832,0.8080142709340353,0.557435479992741,0.6262417814464655,3.1595641646489105,1.1983499441405403,54.0,0.17814464654220857,2.017939657515629,3.0
5,Processed,Awake,60,34,2,5699405879720679841,0.7682464283012269,0.6124015832478216,0.6094927292796468,3.022370299857211,1.1591929958161211,38.0,0.24684455535825695,2.03662641061176,3.0
5,Processed,Awake,60,34,3,18414632984540075677,0.7625493385373793,0.6024032628759796,0.6285933675673081,3.1141226818830243,1.2071303169419458,62.0,0.1541248740221721,2.0179076343072575,3.0
5,Processed,Awake,60,34,4,10377412762350233804,0.782527900992378,0.5879891527146675,0.6172193693909872,3.0490753911806543,1.1625197839442498,62.0,0.16175553102653933,2.0200779142942764,3.0
5,Processed,Awake,60,34,5,1138917436518502951,0.8439007017393029,0.5228186357684986,0.6047415654844748,3.112895256916996,1.1968766827819908,43.0,0.17934443537937322,2.0227334235453314,3.0
5,Processed,Awake,60,34,6,10119655029912404349,0.8000258862071494,0.5640118400983256,0.639295483994817,3.194484412470024,1.262292855089141,46.0,0.1554686375197965,2.010862818125388,3.0
5,Processed,Awake,60,34,7,16306734062105395293,0.7680421709220642,0.6011394508885757,0.6208187359024812,3.061050638902035,1.1531534566297064,36.0,0.17094591351922062,2.029051552264312,3.0
5,Processed,Awake,60,34,8,4273342230345727297,0.7956779867426461,0.5846133748432338,0.6126121802562748,2.9887614141887147,1.1212558435275242,48.0,0.16703460191006383,2.0153445280833817,3.0
5,Processed,Awake,60,34,9,7889499227434210311,0.7587127322628159,0.6164150344018691,0.6224984402745117,2.9499658858312485,1.1359032502977595,45.0,0.1825838652397178,2.0087117212249206,3.0
5,Processed,Awake,60,34,10,3274158757521545716,0.7484617860422152,0.6114880700802127,0.6184671497816384,3.159352782544741,1.2383984478397763,40.0,0.17108988817968038,2.020402380277699,3.0
5,Processed,Awake,60,34,11,6747054071230440651,0.7957683024684059,0.5791420897436925,0.5940394490569659,3.0308521057786484,1.1466993914000212,45.0,0.22109708691270336,2.0201710151282612,3.0
5,Processed,Awake,60,34,12,15889260451417727767,0.8291833374674998,0.5326372896496576,0.6426069011853913,3.0266726943942133,1.1419074535422773,68.0,0.13533618083217352,2.011412268188302,3.0
5,Processed,Awake,60,34,13,5999381295392773862,0.786381561690066,0.5847093274104879,0.6088208475308345,3.103228962818004,1.1461378703137506,50.0,0.18212794548159525,2.013262599469496,3.0
5,Processed,Awake,60,34,14,6222728465100583558,0.8379547906536603,0.5255612798718823,0.6068531938378845,2.8784429774641476,1.0588355180193483,42.0,0.21732974996400634,2.019848349687779,3.0
5,Processed,Awake,60,34,15,8920036964036949008,0.8561069112820368,0.5036371237257335,0.6318088016509095,3.0860290670417254,1.1876971726059182,43.0,0.16542688486826318,2.0099125364431485,3.0
5,Processed,Awake,60,34,16,357671521401329923,0.847923113322911,0.5129482203436111,0.6186111244420982,2.915629947975571,1.1092179372054924,46.0,0.1780006718817488,2.011388286334056,3.0
5,Processed,Awake,60,34,17,14079947517372499684,0.7891432484540675,0.5915352415310884,0.6095887123866199,2.898676403468736,1.0982766401294346,37.0,0.21646590200124777,2.0226457399103137,3.0
5,Processed,Awake,60,34,18,9278366000215552400,0.8233710723897198,0.5471017561294313,0.6089648221912943,3.1478541304887124,1.1743453706914395,60.0,0.18639919374190142,2.0192357681310114,3.0
5,Processed,Awake,60,34,19,690386648221965756,0.8081890367153557,0.5690563161460219,0.617363344051447,2.953168044077135,1.1240591820147516,40.0,0.21663387243845084,2.030132673712615,3.0
5,Processed,Awake,60,34,20,4059291073954647928,0.7972671995938537,0.5799709250136815,0.6074290924797235,3.063907044299201,1.1340547098818465,53.0,0.1903105053510582,2.0139664804469275,3.0
5,Processed,Awake,60,34,21,5116905399032211004,0.7837762671212238,0.5900372414065601,0.598790612852138,2.944772244512627,1.1216725297593593,48.0,0.19506166914623027,2.030726954783912,3.0
5,Processed,Awake,60,34,22,16357492514746132124,0.797850086701407,0.5648414566586706,0.6292172577626338,3.2380834774018274,1.228820939244931,71.0,0.16809041608676872,2.0181503889369057,3.0
5,Processed,Awake,60,34,23,4454447543024070651,0.8127115747383339,0.5538208391776895,0.6404952728319816,3.2385343363261345,1.2479964239927968,42.0,0.16319527763113692,2.027123695976155,3.0
5,Processed,Awake,60,34,24,5507955462786573895,0.7907970198138019,0.5748954403751406,0.6211066852234007,3.197134387351779,1.2403539236305916,54.0,0.15179728367807266,2.0210862619808307,3.0
5,Processed,Awake,60,34,25,4902712947277049983,0.8197649172447851,0.5453122308424612,0.6238422037721361,3.116518820426756,1.1774108272071704,48.0,0.1358400921437827,2.013157894736842,3.0
5,Processed,Awake,60,34,26,15568802570452278695,0.806248084442263,0.5587228179906317,0.592887651773288,2.912305516265912,1.1090816699828243,36.0,0.17053798531458464,2.0213310580204777,3.0
5,Processed,Awake,60,34,27,13860351714033053512,0.7421578366675143,0.617519657453362,0.6379997120506791,3.1346380570620136,1.2182635453632797,46.0,0.1742333349330518,2.0186266333055323,3.0
5,Processed,Awake,60,34,28,4758110482231849923,0.785517709937735,0.586345248073368,0.6252339588232471,3.121974598610113,1.200736752203208,64.0,0.1660267792868455,2.0136786961583235,3.0
5,Processed,Awake,60,34,29,11879276485748788830,0.8092470722816604,0.5652843302170303,0.6073331093727504,3.008081768481103,1.118236815087319,61.0,0.1682583865239718,2.0097449125824016,3.0
5,Processed,Awake,60,34,30,311205616373013498,0.7975104328874321,0.5720726965597024,0.6161155636607957,2.8098052090172905,1.0309000853552739,33.0,0.17620098862600184,2.018416712479384,3.0
5,Processed,Awake,60,34,31,388552869790853238,0.7854949021463888,0.5868793971832933,0.6250899841627874,3.0122571692876967,1.1560243286854097,56.0,0.16331525651485337,2.013013901212659,3.0
5,Processed,Awake,60,34,32,11791163710283579741,0.8236297324260741,0.5397129608216655,0.6245140855209483,3.1432367149758456,1.2102281731945543,46.0,0.14913375245956711,2.017857142857143,3.0
5,Processed,Awake,60,34,33,5139008081425288259,0.8067183723996937,0.5687620480050387,0.6133800451120602,3.039476813317479,1.1159226792650967,59.0,0.2131544848106733,2.0234624145785878,3.0
5,Processed,Awake,60,34,34,15180702018438016002,0.7951761504110001,0.5873952360281356,0.6214906176512933,3.0542452830188678,1.1760139844716848,40.0,0.19189422661611558,2.0123301459486664,3.0
5,Processed,Awake,60,34,35,17724630812307332930,0.7914631374895884,0.5910988795724723,0.6127561549167346,3.1020408163265305,1.1813074509183175,40.0,0.18282382300715075,2.0182781456953642,3.0
5,Processed,Awake,60,34,36,11959934556135691933,0.8510254363613846,0.5069312805108805,0.6307529874742045,3.070077084793273,1.1452911221616544,55.0,0.13531218505543025,2.019699140401146,3.0
5,Processed,Awake,60,34,37,14005999726265795552,0.7664965019762007,0.600849730920904,0.6213466429908336,2.9976846492243574,1.1233021956481166,45.0,0.1773047943561933,2.0160982264665757,3.0
5,Processed,Awake,60,34,38,13906583856898004027,0.7815783701011295,0.590614626166917,0.6093967461726736,3.1038865802982154,1.1795324803058682,49.0,0.18875077986274416,2.017957927142124,3.0
5,Processed,Awake,60,35,0,13698932338575795447,0.8219363251533746,0.548264522580576,0.6125161971493017,2.9917955930614157,1.1069711749567477,42.0,0.14193501943657916,2.0050847457627117,3.0
5,Processed,Awake,60,35,1,4752367455840992108,0.7229324234988659,0.6431524894000127,0.6287373422277679,3.0818630910374027,1.1755913552709238,48.0,0.14800595095263233,2.0097751710654936,3.0
5,Processed,Awake,60,35,2,2069269124372520651,0.77882361449067,0.5879220396168006,0.6283534097998752,2.967588395285585,1.140448254391978,60.0,0.14898977779910735,2.0029032258064516,3.0
5,Processed,Awake,60,35,3,10751422994587794848,0.7081553604629334,0.670531489278282,0.6023419878101454,2.929738562091503,1.1102597493185415,38.0,0.22901569323799012,2.022891055532005,3.0
5,Processed,Awake,60,35,4,5886195359745445844,0.7936205751473918,0.5849176587109769,0.6275375533906032,2.9922196796338674,1.1075171307875777,48.0,0.15460478955703796,2.0165884194053207,3.0
5,Processed,Awake,60,35,5,2668655902531279017,0.7692352060156811,0.6103712050883648,0.6028219033450113,2.8619275461380727,1.053631354595995,43.0,0.22755195085664923,2.028015397775877,3.0
5,Processed,Awake,60,35,6,16626690675134377911,0.8032465987779364,0.5614145628676509,0.629889139511446,2.968785342682651,1.138937890901695,42.0,0.14915774823631042,2.0109996764801035,3.0
5,Processed,Awake,60,35,7,9242902671330696203,0.7415141438999725,0.6231791815023483,0.6083889235494553,3.045159740571703,1.172816251045108,46.0,0.16900225560301388,2.0180515759312323,3.0
5,Processed,Awake,60,35,8,8760737566959970837,0.7338044583067463,0.6479908603876833,0.5978307817824063,2.8909259689022977,1.0784839119919347,38.0,0.20701156596439027,2.0104870659519927,3.0
5,Processed,Awake,60,35,9,6846203318280749181,0.7944140342003954,0.5795720652323546,0.5934155588616403,2.8366597843542096,1.0542264470872764,41.0,0.18306378077458368,2.0065754865860073,3.0
5,Processed,Awake,60,35,10,17610488045900514190,0.8085868732839603,0.5624599323405679,0.6246580601814081,2.9908088235294117,1.1437369917428102,38.0,0.15117339348274703,2.0076481835564053,3.0
5,Processed,Awake,60,35,11,14807977079179889836,0.78012488571326,0.5990149931063624,0.6175073187119067,3.054118205554237,1.1559617753028755,49.0,0.1843595527187215,2.010204081632653,3.0
5,Processed,Awake,60,35,12,6993255486526857676,0.7688382784980585,0.6080731266926788,0.6257618659115995,2.9553490480507705,1.1189700437406502,50.0,0.13742381340884005,2.003848845346396,3.0
5,Processed,Awake,60,35,13,10021682974022064251,0.737837452929262,0.634459003325508,0.6002303594567356,2.863979848866499,1.0874438959696877,55.0,0.19273407880213084,2.0201207243460764,3.0
5,Processed,Awake,60,35,14,9429571940796657181,0.7686705273369515,0.6065582057786297,0.6070451600518308,3.013101476893759,1.1568125697712945,44.0,0.17617699284925853,2.0153719461981883,3.0
5,Processed,Awake,60,35,15,8342996882032797579,0.7350804081322105,0.6378643446500829,0.5954791956615636,2.93541518807665,1.1259394184935183,49.0,0.1851034217977636,2.0130480167014615,3.0
5,Processed,Awake,60,35,16,8312577645402361941,0.7336146519989335,0.6325139280499529,0.6295052070835533,2.968990493435944,1.1171020114927352,55.0,0.1787685367375342,2.0075451360819185,3.0
5,Processed,Awake,60,35,17,2440311490006769641,0.7945193581431086,0.579626650044137,0.6200508710466958,2.952468007312614,1.1111524364443135,42.0,0.16072371262657772,2.008998200359928,3.0
5,Processed,Awake,60,35,18,8104439280667440860,0.7607591933172906,0.619090762390234,0.6031098526659308,2.8600364132908513,1.099972743780572,39.0,0.16403512981715218,2.005280140803755,3.0
5,Processed,Awake,60,35,19,14693615893985331789,0.7727543319773671,0.5992129008495516,0.61155636607957,2.993422598073761,1.1254142798610718,40.0,0.15054950328742142,2.0057544757033248,3.0
5,Processed,Awake,60,35,20,11335140002638129407,0.7747366707117371,0.6007169658002236,0.6241781446465422,3.072525395700449,1.1676414761239968,40.0,0.1879589192302155,2.007946680338375,3.0
5,Processed,Awake,60,35,21,5724458754469431068,0.7982450706359412,0.5717262952406775,0.6224984402745117,3.0715131423158892,1.160281546249317,43.0,0.12480203484186783,2.00578480524489,3.0
5,Processed,Awake,60,35,22,18048673295431165055,0.7828167306313876,0.597422796450761,0.6200028794932092,2.95764652014652,1.0803671452543773,49.0,0.16295531986370398,2.0044273907910273,3.0
5,Processed,Awake,60,35,23,5459034490280928791,0.7637931877873441,0.6077476816106214,0.633248548255507,3.0312428210429587,1.1527812371933235,52.0,0.17180976148197918,2.0123664980326024,3.0
5,Processed,Awake,60,35,24,7195225257941261285,0.755113287695514,0.6214372696708363,0.6245140855209483,2.9407909604519773,1.1105429814532823,47.0,0.17807265921197868,2.0122017353579174,3.0
5,Processed,Awake,60,35,25,9548645722141094893,0.7935685382189765,0.588152358702227,0.6234102797907568,2.973220416571298,1.0994227846739117,42.0,0.2020204444017853,2.0141148325358853,3.0
5,Processed,Awake,60,35,26,188262146305708987,0.7294467006692762,0.6413109746904327,0.6196189470653165,3.042177191328935,1.185135356372685,52.0,0.1801362960119019,2.0061464457509355,3.0
5,Processed,Awake,60,35,27,12856018997079420330,0.7375712845224047,0.6369784386796955,0.6088208475308345,3.064251207729469,1.1836605515312304,43.0,0.19928492585304985,2.020189734857699,3.0
5,Processed,Awake,60,35,28,14237151167841449600,0.7302847728415642,0.6428802761588924,0.6191390315304507,2.979445727482679,1.095319710291765,41.0,0.20501991649469695,2.0198581560283686,3.0
5,Processed,Awake,60,35,29,11364715498047243451,0.7808932641984477,0.5935632332521442,0.6366079569995681,3.1538278649548266,1.2116723925181168,73.0,0.136847914767001,2.0045694200351494,3.0
5,Processed,Awake,60,35,30,59900836394901530,0.7581733741154341,0.6148610434278213,0.6327206411671545,3.068901303538175,1.1663726360855926,50.0,0.15220521188270864,2.0136507936507937,3.0
5,Processed,Awake,60,35,31,6135586525359458749,0.7817815847369063,0.5895836441379215,0.6333925229159668,2.9913871260199456,1.1154049259451442,45.0,0.15441282334309162,2.0115661144107535,3.0
5,Processed,Awake,60,35,32,7587109446618258071,0.6949369488928021,0.6721386454390901,0.6261457983394922,3.006221198156682,1.1465567481531345,41.0,0.2333109372750396,2.0235171696149843,3.0
5,Processed,Awake,60,35,33,2276868919241796429,0.789292911603766,0.5822593421186985,0.6160195805538226,2.9809568044588945,1.1128467115280587,58.0,0.17447329270048473,2.011898173768677,3.0
5,Processed,Awake,60,35,34,10594498950690407759,0.7862482466024786,0.5907879965254402,0.6266257138743581,3.126676245210728,1.1703293876015468,41.0,0.15892402937083072,2.0087958750379133,3.0
5,Processed,Awake,60,35,35,3686784880970216447,0.6877384207079399,0.6677923517503328,0.6134280366655469,3.07333493628276,1.1432422231505333,43.0,0.20038873158324136,2.0225236134657303,3.0
5,Processed,Awake,60,35,36,524397753158688083,0.7962982362187897,0.5700183089956093,0.6311849114555839,2.9155397916204833,1.1163012050231607,57.0,0.14512645774343716,2.0053050397877983,3.0
5,Processed,Awake,60,35,37,17567846784154068326,0.7781577708057152,0.599267150675955,0.6082449488889955,2.934475573049317,1.102029599773944,43.0,0.17500119978883716,2.01575456053068,3.0
5,Processed,Awake,60,35,38,1807351022518474167,0.7948146003216275,0.5715121763844804,0.6372798387483802,3.1571564431764148,1.228346897643109,40.0,0.13504823151125403,2.0021344717182497,3.0
5,Processed,Awake,60,36,0,2974601778726657505,0.7365826492360956,0.6477350303188428,0.6098286701540528,3.0443219932918066,1.1666287822692631,66.0,0.1988290060949273,2.0219619326500733,3.0
5,Processed,Awake,60,36,1,13874319995181469694,0.7409993543426385,0.641526461224681,0.6242261362000288,3.1608748481166464,1.204609220861962,47.0,0.19045448001151796,2.010385005065856,3.0
5,Processed,Awake,60,36,2,13222948404448911650,0.7157482707435423,0.6620428642827088,0.5817056198109133,3.0076923076923077,1.168039844139425,54.0,0.22987954120074866,2.018541930046355,3.0
5,Processed,Awake,60,36,3,7302342826001116619,0.752196591234122,0.6307965674557079,0.6226424149349714,3.042682926829268,1.1350934252567602,49.0,0.19278207035561742,2.02367758186398,3.0
5,Processed,Awake,60,36,4,6891320285012551336,0.7115271562929987,0.6672917597752231,0.5878005471037098,3.0536025928696087,1.1677478245022717,57.0,0.2142822863176081,2.026781661370858,3.0
5,Processed,Awake,60,36,5,16611689484835919164,0.7755374425273719,0.6106811916953769,0.5775303546575803,2.887236084452975,1.0793589707125668,40.0,0.19050247156500455,2.0325140809011777,3.0
5,Processed,Awake,60,36,6,12514217832655551336,0.7698224672616794,0.6071374904652745,0.620146854153669,2.9822294022617126,1.158225929906635,37.0,0.16417910447761194,2.0141301148071826,3.0
5,Processed,Awake,60,36,7,14412358558262694855,0.7315697403614441,0.6399278917339314,0.5964390267312953,3.0946215139442232,1.1840383395966199,45.0,0.18927868695109662,2.017391304347826,3.0
5,Processed,Awake,60,36,8,6077911693159983803,0.7293401183408459,0.6426404116999723,0.6061813120890723,3.009530617107458,1.1183810409674058,42.0,0.18956663627201611,2.0183955033214103,3.0
5,Processed,Awake,60,36,9,18277720391988906594,0.676409484958761,0.6884055506400327,0.5954791956615636,3.018243736317198,1.1569437687566648,40.0,0.2247924365311705,2.018095648427402,3.0
5,Processed,Awake,60,36,10,13931843624245312579,0.7004629782818931,0.6669257503876793,0.5894802514757402,3.028353057199211,1.1173275831821883,38.0,0.16600278351010223,2.0151471016603555,3.0
5,Processed,Awake,60,36,11,18366158070559200428,0.6427549779158188,0.7096075722388668,0.6393434755483035,3.3480774063835135,1.2889384315219212,59.0,0.20929116475500312,2.021320973348783,3.0
5,Processed,Awake,60,36,12,4923960906459038492,0.7881846901079098,0.591928214567322,0.605173489465854,3.046629620681324,1.172667913845228,54.0,0.15150933435715314,2.0063552589768032,3.0
5,Processed,Awake,60,36,13,10156430154241490587,0.7278755479060562,0.6582705463371633,0.6400633488506023,3.124882849109653,1.2069553977193772,39.0,0.17392138983538896,2.0150125104253545,3.0
5,Processed,Awake,60,36,14,7179982020992751072,0.7415825488048953,0.6453371654599396,0.5827134424341316,3.0825082508250827,1.1722470553064115,45.0,0.22774391707059558,2.0384450171821307,3.0
5,Processed,Awake,60,36,15,15069991938764344936,0.7901409591013235,0.5888650971631667,0.6048375485914479,2.9460028050490883,1.1057256314782884,38.0,0.17915246916542688,2.0211153221440172,3.0
5,Processed,Awake,60,36,16,11731505358078533385,0.75049680008414,0.6355491765892259,0.634640303306618,3.0448998388210913,1.155101770809227,58.0,0.1805202284397946,2.0158092175777065,3.0
5,Processed,Awake,60,36,17,5663453359780290324,0.7519115653285309,0.6338207605482098,0.6134280366655469,3.176441351888668,1.2376293898263644,60.0,0.16962614579833948,2.0348301669545195,3.0
5,Processed,Awake,60,36,18,4438965138165461601,0.7447919173717098,0.6324963340472315,0.6038297259682296,3.1392215568862274,1.1825371110817748,51.0,0.18176800883044583,2.0259427654453064,3.0
5,Processed,Awake,60,36,19,7199204492314681070,0.7817447271596633,0.6026830560401686,0.6062293036425589,3.0667637776159262,1.1810377795562497,57.0,0.20458799251331766,2.0203791469194314,3.0
5,Processed,Awake,60,36,20,725569249774712251,0.734765561902293,0.6443124744922818,0.5940874406104526,2.9306344696969697,1.1267241419172433,40.0,0.18351970053270625,2.0168776371308015,3.0
5,Processed,Awake,60,36,21,16007698882002782951,0.6780637205595669,0.683179668735877,0.6122282478283823,3.111463414634146,1.2000395571000362,45.0,0.21867351346163075,2.0210689731647817,3.0
5,Processed,Awake,60,36,22,2270756036381779924,0.7179511339273295,0.6558413795288931,0.6428468589528243,3.1384723523898783,1.2171349017993138,42.0,0.19784517924845227,2.012448132780083,3.0
5,Processed,Awake,60,36,23,15589653667052530926,0.7575721763676451,0.6244641726296397,0.609348754619187,2.9882325253000706,1.1341741449687195,44.0,0.18136008062580986,2.0186965811965814,3.0
5,Processed,Awake,60,36,24,4766840774960554782,0.7438082175167684,0.6328937358583279,0.5983586888707587,2.9412597310686484,1.1051621955380184,50.0,0.21680184287565388,2.0321637426900585,3.0
5,Processed,Awake,60,36,25,16056479983514170081,0.6814946392344072,0.6973294956556301,0.6235542544512166,3.146766771615403,1.2408541414240704,40.0,0.20650765465278112,2.015456674473068,3.0
5,Processed,Awake,60,36,26,9343018784768494735,0.7127267271756114,0.6635942003235342,0.6285933675673081,3.1052631578947367,1.1601906280689325,56.0,0.18001631712818544,2.0275675675675675,3.0
5,Processed,Awake,60,36,27,7446641879658671958,0.7396379563391619,0.6458534641184023,0.5998944185823295,3.0652280529671407,1.1925355770524142,56.0,0.18671113883956425,2.0226150246945673,3.0
5,Processed,Awake,60,36,28,3971962767434165181,0.7276279918520313,0.6547554446039668,0.5735470557181936,2.907078569691073,1.0920086306188983,48.0,0.24727647933963623,2.0313424009461856,3.0
5,Processed,Awake,60,36,29,18381815627970243563,0.7814272124044496,0.6046702234861305,0.6137639775399529,3.1484490398818314,1.1680350495150214,74.0,0.1788165282910208,2.0162337662337664,3.0
5,Processed,Awake,60,36,30,4665483575131413646,0.7179705498291393,0.666518220785401,0.5616451504535201,2.864871481028152,1.0695071387440187,37.0,0.2434851466141959,2.0334669338677354,3.0
5,Processed,Awake,60,36,31,6197585722598624095,0.7364613177189046,0.6435780416770491,0.6185631328886116,3.1200677801984993,1.2181510306746057,90.0,0.20247636415990786,2.0157668418537984,3.0
5,Processed,Awake,60,36,32,12957457946021683733,0.7495611619576539,0.6212158187243477,0.6063252867495321,3.0996074582924438,1.1774493884809425,41.0,0.16002783510102223,2.0129791729550255,3.0
5,Processed,Awake,60,36,33,15538252241449967442,0.7795517843729856,0.5975366317115097,0.6464462254643183,3.188165680473373,1.209702241079555,50.0,0.17466525891443105,2.0152270210409746,3.0
5,Processed,Awake,60,36,34,6232944762470420167,0.7193844493112641,0.6714519050823244,0.6085328982099151,3.123922148312392,1.191830038145572,39.0,0.23309497528434994,2.032642812303829,3.0
5,Processed,Awake,60,36,35,16442834231099096574,0.7428512799327955,0.6410526768540804,0.6192830061909104,3.1086485184292942,1.1874336510389445,41.0,0.20041272735998464,2.025709434877516,3.0
5,Processed,Awake,60,36,36,6943166795693964459,0.7623318552982776,0.6132163887260819,0.6175553102653933,3.012877546242098,1.1533335925839698,41.0,0.18620722752795507,2.029819513471096,3.0
5,Processed,Awake,60,36,37,1006651373111870047,0.6531802311242786,0.695043026930989,0.6110284589912175,3.1351883772469833,1.1975018289428176,44.0,0.18627921485818497,2.0221411825996354,3.0
5,Processed,Awake,60,36,38,11334925285583345995,0.7592533339076204,0.6269031005338822,0.6033018188798771,3.074345805820494,1.1863952293416475,41.0,0.18971061093247588,2.0173513651441692,3.0
5,Processed,Awake,60,37,0,12965329835705444966,0.5721970855716567,0.7888603698780273,0.5042952440370495,2.6799285896454985,0.9700278864288858,30.0,0.35158612084273166,2.1100230414746544,4.0
5,Processed,Awake,60,37,1,223551921419792903,0.5916008389461327,0.7740493262919315,0.5132216729855545,2.799476439790576,1.049569166784406,41.0,0.30503431396074293,2.104287369640788,4.0
5,Processed,Awake,60,37,2,13297449043908446527,0.6309325027482028,0.7338927934844499,0.4816432307913807,2.665604249667995,0.9574576649985704,41.0,0.3036905504631185,2.0915551148570484,4.0
5,Processed,Awake,60,37,3,7435689285656956719,0.7055185224605955,0.6833069087928382,0.49565676440946393,2.700836820083682,0.9871473380881324,38.0,0.26054614387867736,2.0611237661351556,4.0
5,Processed,Awake,60,37,4,9210753781847514488,0.5731509673877345,0.7828468217999185,0.501799683255747,2.7537529628654203,1.0053270917995512,42.0,0.3455631808801651,2.095605355064028,4.0
5,Processed,Awake,60,37,5,14451842953113792048,0.6884125407234114,0.7008575604558753,0.5086144838508423,2.6514886164623466,0.9654335265998253,32.0,0.33584489129913137,2.1030803906836963,4.0
5,Processed,Awake,60,37,6,4026831597264046952,0.6142438089983346,0.757886895471241,0.481259298363488,2.632020997375328,0.9338867560288326,33.0,0.3161683543696309,2.094087730451367,4.0
5,Processed,Awake,60,37,7,385815707614963156,0.6834571380972325,0.7059671769734864,0.5052550751067812,2.8477143629970247,1.0736705463465162,50.0,0.2889811393194798,2.079247237569061,4.0
5,Processed,Awake,60,37,8,8732855073342582349,0.631621467716869,0.7417962975357336,0.5327542352545952,2.7600696171059176,1.026708480694245,26.0,0.29200460718913474,2.0695578231292515,3.0
5,Processed,Awake,60,37,9,15723175855253869517,0.6079778122600029,0.7647566584920918,0.5186927100830254,2.8167839457909825,1.0263686646632748,38.0,0.30035513749580073,2.0740679370339685,3.0
5,Processed,Awake,60,37,10,4558093055264570770,0.6267479284864409,0.7420069391405536,0.47151701300571097,2.704376548307184,0.9692454768879797,28.0,0.2676968853481787,2.0840650102746126,4.0
5,Processed,Awake,60,37,11,4722884864727314344,0.6167273179006247,0.7525044220209174,0.48783414119115037,2.709944014929352,1.0116244091418791,48.0,0.31158516101166195,2.0957069076823758,4.0
5,Processed,Awake,60,37,12,14530043825619183968,0.5876929702716445,0.7656476486143801,0.5479195661563565,2.7424933941868845,1.0136592608885961,39.0,0.3223592647694006,2.082790697674419,4.0
5,Processed,Awake,60,37,13,14653149341065186201,0.6264081879373434,0.740735626663603,0.496232663051303,2.75,1.0141454939738905,34.0,0.29617987234246773,2.0927433028145135,4.0
5,Processed,Awake,60,37,14,17602549860486568943,0.668958082125835,0.7149471448954373,0.5160531746412631,2.8304817057120295,1.0434490893037067,38.0,0.27643134808273745,2.0734341252699786,4.0
5,Processed,Awake,60,37,15,1365600534681826148,0.6946537810078375,0.6936160005368093,0.5052550751067812,2.668018246325393,0.9549720616734944,47.0,0.2785429764361472,2.0662157351370594,4.0
5,Processed,Awake,60,37,16,4165795537142254316,0.6245695381920726,0.7456971279526683,0.4933531698421078,2.686177162268095,0.9788763991118565,35.0,0.3174881220905121,2.0731745534315262,4.0
5,Processed,Awake,60,37,17,17867072801530821256,0.5832831170011945,0.7712146286564119,0.47478043864279884,2.820125427594071,1.0402872320909868,30.0,0.28351010222200895,2.108691772264858,4.0
5,Processed,Awake,60,37,18,11262692252854735346,0.6301954898637145,0.7501064118988672,0.5124538081297692,2.7163571610277284,1.003763601473248,36.0,0.36444785717713685,2.109151506735176,4.0
5,Processed,Awake,60,37,19,4383194207679666314,0.6762597049494982,0.7135785441394691,0.5126457743437155,2.8244315177154946,1.0346965652322007,44.0,0.2578346211066852,2.064361191162344,4.0
5,Processed,Awake,60,37,20,5105466649301880221,0.628988964152158,0.735750760140643,0.5175409127993473,2.619383045907214,0.9185724715484229,42.0,0.33171761769928493,2.0691513246519984,4.0
5,Processed,Awake,60,37,21,12327222619793352316,0.7435411951112298,0.6555412168060285,0.49311321207467484,2.642746913580247,0.9212789614467186,40.0,0.27775111580361855,2.0695512247452172,4.0
5,Processed,Awake,60,37,22,17113321162140830229,0.5458233858247785,0.7893433552435357,0.5278111052454768,2.866301798279906,1.0860627117666086,40.0,0.30172289677016845,2.073890813128814,4.0
5,Processed,Awake,60,37,23,13392188184984142613,0.5510626782286566,0.798390026892049,0.47684407544272206,2.6673825503355704,0.9591201322193399,38.0,0.374118155204684,2.1258521952549767,4.0
5,Processed,Awake,60,37,24,17726344232946472245,0.6413880703122132,0.7456333220942282,0.48927388779574793,2.8881019830028327,1.0888612771921498,54.0,0.29932331909583915,2.0887474882786337,4.0
5,Processed,Awake,60,37,25,2809823531901417387,0.6968953007098434,0.6966319377186632,0.5081345683159764,2.73309241094476,0.9824389620637174,37.0,0.3114171905744589,2.1037445290970984,4.0
5,Processed,Awake,60,37,26,16079557972986296974,0.6233063737555229,0.754564349666249,0.5143734702692326,2.8377018797987823,1.038581305696067,39.0,0.2772712002687527,2.091402714932127,3.0
5,Processed,Awake,60,37,27,6064103971363852317,0.6796181409106449,0.6997370802570138,0.5517588904352834,2.73217680608365,1.0098188328344815,42.0,0.2656572443249988,2.046395563770795,3.0
5,Processed,Awake,60,37,28,773142913231131276,0.6011281347879315,0.7564164562330946,0.48471469021452224,2.653704676826064,0.9358939803752613,39.0,0.3208715266113164,2.0864409424247152,4.0
5,Processed,Awake,60,37,29,13568782331988516465,0.6332528827827697,0.7461430419894198,0.4819791716657868,2.7121253038077233,0.9641261762229578,38.0,0.3219513365647646,2.086625194401244,4.0
5,Processed,Awake,60,37,30,328084904005078710,0.539437346283346,0.7902625582513735,0.48533858040984784,2.782118294360385,1.0255289841562414,39.0,0.31506454863943945,2.090764331210191,4.0
5,Processed,Awake,60,37,31,15872759654304223935,0.6016240328992496,0.7558032373071472,0.5027595143254787,2.7139896373056995,0.9704067171325378,52.0,0.33207755435043435,2.095230885692657,4.0
5,Processed,Awake,60,37,32,14730928398013989676,0.7124025652547821,0.6791378428255648,0.5263713586408792,2.746119178768152,1.0025014973561401,39.0,0.26412151461342803,2.0546947918611163,4.0
5,Processed,Awake,60,37,33,17045461365826765632,0.5369671571086778,0.7835879556323655,0.5425445121658589,2.7479338842975207,1.0172864606461007,38.0,0.3212314632624658,2.09106529209622,4.0
5,Processed,Awake,60,37,34,18003565864514295560,0.6728021059618494,0.7074545470693526,0.4970005279070884,2.7375099127676448,0.9823297223226316,34.0,0.3137927724720449,2.1003854802441375,4.0
5,Processed,Awake,60,37,35,6755547723376049927,0.6402521525893331,0.7409468884023237,0.5086624754043289,2.8430793991416308,1.0497988508272758,43.0,0.29646782166338725,2.093358183666554,4.0
5,Processed,Awake,60,37,36,12663609842903197427,0.6496839086076052,0.7283226817745168,0.5049671257858617,2.8096128170894525,1.038646010894784,41.0,0.29402025243557134,2.0531166219839143,4.0
5,Processed,Awake,60,37,37,17777789353625193928,0.6017405555706171,0.7679321781969141,0.5103421797763593,2.8849701573521433,1.1038945485490177,43.0,0.3345731151317368,2.085714285714286,4.0
5,Processed,Awake,60,37,38,17697103720280814725,0.595035578136303,0.7572252037954533,0.47655612612180254,2.7190580503833517,1.008266631627165,36.0,0.3047703604165667,2.0996858984956193,3.0
5,Processed,Awake,60,38,0,8233672923897514468,0.6976169034394084,0.6763759148039781,0.5783942026203388,2.9387954157522556,1.0874947028702324,50.0,0.21790564860584538,2.041591726618705,3.0
5,Processed,Awake,60,38,1,15417166469145249959,0.7093122770570459,0.6759219378083041,0.5625089984162788,2.920029895366218,1.0943507790837468,44.0,0.2002447569227816,2.019114444713283,3.0
5,Processed,Awake,60,38,2,1249484584620771418,0.7712189455629406,0.6126122397188947,0.5566540288909152,2.8016908212560385,1.0457544568604125,40.0,0.20178048663435236,2.0306689205505917,3.0
5,Processed,Awake,60,38,3,4197143293355676197,0.7527813605723052,0.6332003535415197,0.5791620674761242,2.8953934740882916,1.0863766032837179,70.0,0.19904496808561692,2.0167760758570386,3.0
5,Processed,Awake,60,38,4,11318788289414790121,0.771517703030612,0.6097409983748556,0.6158756058933628,2.9740440324449593,1.1355335266478224,43.0,0.16273935787301436,2.0130602552686256,3.0
5,Processed,Awake,60,38,5,16606741222856230179,0.7361361620045376,0.6514483811034757,0.5766185151413351,2.851887016377878,1.0763270417477047,35.0,0.19345395210442962,2.0317540322580645,3.0
5,Processed,Awake,60,38,6,17471384660470449462,0.7681695061961534,0.6073857929484933,0.6129001295771944,2.8589657488247147,1.0745792246318127,40.0,0.21418630321063492,2.017631103074141,3.0
5,Processed,Awake,60,38,7,7091883339775300527,0.7267578179103823,0.6600764720431738,0.5678360608532899,2.844914642943015,1.0765817715807917,42.0,0.22481643230791382,2.028361117124919,3.0
5,Processed,Awake,60,38,8,11168313575842598050,0.7614939600444429,0.6184710417119583,0.5656764409463935,2.8699780861943025,1.0909609215282379,43.0,0.20113260066228345,2.0153883144986775,3.0
5,Processed,Awake,60,38,9,8411734978034474390,0.7498997179887886,0.6386116562923617,0.5431204108076978,2.8054040654437284,1.0407127493888966,44.0,0.2090272112108269,2.0169020606621904,3.0
5,Processed,Awake,60,38,10,5632778905083938913,0.747167129348711,0.6377837541832434,0.5669242213370447,2.8575229801644895,1.0911169843042574,49.0,0.2318471948936987,2.0457336438704212,3.0
5,Processed,Awake,60,38,11,4436978599121162440,0.7286817721778918,0.6486708561825625,0.5941354321639392,2.887126865671642,1.116497821473931,39.0,0.17228967701684503,2.0151557676115632,3.0
5,Processed,Awake,60,38,12,17921691382647770508,0.7549303511526191,0.6270866394949457,0.554014493449153,2.8412503076544424,1.0721503159102075,58.0,0.20561981091327927,2.0368433563109103,3.0
5,Processed,Awake,60,38,13,1698684930225582831,0.791152430871418,0.5944955251254994,0.5586696741373518,2.761148007590133,1.0182948704015138,39.0,0.1805442242165379,2.017699115044248,3.0
5,Processed,Awake,60,38,14,12906009401098612521,0.7434647499990147,0.6455039490255033,0.58765657244325,2.9563013037180106,1.1322078982703654,39.0,0.22080913759178383,2.030002206044562,3.0
5,Processed,Awake,60,38,15,7881618243779414022,0.7827708115733647,0.6004534839878565,0.6236982291116764,2.9191374663072778,1.1165091282792499,47.0,0.1523491865431684,2.011723700887199,3.0
5,Processed,Awake,60,38,16,11166276313312168542,0.6986571891505924,0.6718113925710095,0.5780582617459327,2.947870778267254,1.114320993635698,39.0,0.21221864951768488,2.0256527714154835,3.0
5,Processed,Awake,60,38,17,5303413647896066640,0.7629608489847577,0.6222704892134123,0.5626529730767384,2.804113848361636,1.0279234671299986,41.0,0.21089888179680377,2.0172136791370208,3.0
5,Processed,Awake,60,38,18,2305396959861208967,0.7513425968624411,0.6293215008326709,0.595191246340644,2.841237113402062,1.038400674051146,42.0,0.1924941210346979,2.032429693438054,3.0
5,Processed,Awake,60,38,19,14357846754676288888,0.6978827409244371,0.6660620282501886,0.6041176752891491,3.078503301540719,1.185936864306211,56.0,0.16062772951960455,2.0096067247072953,3.0
5,Processed,Awake,60,38,20,842533669065084078,0.7234728881157435,0.6573316883291657,0.567932043960263,2.918372379778052,1.1051648416832456,55.0,0.21044296203868118,2.0179475379659455,3.0
5,Processed,Awake,60,38,21,16963886659160192552,0.7126050838987887,0.6706944863911146,0.5400009598310698,2.8414141414141416,1.062083324589472,41.0,0.23995776743293182,2.032520325203252,3.0
5,Processed,Awake,60,38,22,1832203397802750593,0.7674618098246373,0.6175202823940331,0.5761865911599559,2.9762022806147743,1.1342391399428848,39.0,0.188246868551135,2.0271317829457365,3.0
5,Processed,Awake,60,38,23,18228825142473193804,0.7431306733602641,0.6299730370593081,0.6258098574650861,3.091512565196776,1.2105292526420215,43.0,0.20180448241109564,2.02993000241371,3.0
5,Processed,Awake,60,38,24,6156005214001026154,0.7392484086238897,0.6517935153984687,0.5699956807601863,2.9010747435271127,1.0860567204623737,40.0,0.19654940730431444,2.020473606314751,3.0
5,Processed,Awake,60,38,25,13898125297559258990,0.7593336572099325,0.6219669875753246,0.6265297307673849,2.9833180987202925,1.127126199936323,46.0,0.1604837548591448,2.007202881152461,3.0
5,Processed,Awake,60,38,26,16582532508502261051,0.6401615909728312,0.7224534433391443,0.5750827854297643,2.897944377267231,1.0971406194056628,49.0,0.23640639247492443,2.025077081192189,3.0
5,Processed,Awake,60,38,27,1309074838206251193,0.7113452624612564,0.6601824824574679,0.5879925133176561,2.9680232558139537,1.1274815790374215,35.0,0.2048039545040073,2.0158242796410013,3.0
5,Processed,Awake,60,38,28,15572833471746953857,0.7202615696113804,0.6626673535521597,0.5630369055046311,2.9418254764292877,1.115729769424241,46.0,0.19760522148101933,2.0238387810272793,3.0
5,Processed,Awake,60,38,29,5649803102626576442,0.7655950915757282,0.613387636013011,0.5897682007966598,3.0097967180994365,1.1312747690740605,41.0,0.16734654700772664,2.0208635178209216,3.0
5,Processed,Awake,60,38,30,6422181903833433261,0.7748103069364389,0.6109420705497961,0.5756106925181168,2.91328637357299,1.081458117206611,56.0,0.20355617411335605,2.03185628742515,3.0
5,Processed,Awake,60,38,31,9262152775314755459,0.7401767230126745,0.6491846254350029,0.5582377501559725,2.874938210578349,1.0708083241733997,47.0,0.23710227000047993,2.035221421215242,3.0
5,Processed,Awake,60,38,32,3832692330178400412,0.7156699713245158,0.6657138799079867,0.5739789796995729,2.9170731707317072,1.1076316400058237,41.0,0.19100638287661373,2.015700177260066,3.0
5,Processed,Awake,60,38,33,16151282165434765715,0.7558533634544545,0.622048335964601,0.5736910303786533,2.8193396226415093,1.0462483786383225,40.0,0.1953016269136632,2.019101959811461,3.0
5,Processed,Awake,60,38,34,3999140488107596220,0.7755551444441532,0.6084039283745896,0.5795939914575035,2.738548752834467,1.0097701950300564,35.0,0.20885924077362383,2.017617060732499,3.0
5,Processed,Awake,60,38,35,7355135227345450303,0.808485999851234,0.5672987252175603,0.5821375437922925,2.8163454840956583,1.052969126766351,50.0,0.1738494025051591,2.0125,3.0
5,Processed,Awake,60,38,36,11396905617759893790,0.7306518854138238,0.659116804354619,0.5639967365743629,2.849660523763337,1.0790937321631036,39.0,0.21680184287565388,2.03125,3.0
5,Processed,Awake,60,38,37,18380306783363653471,0.7826169161468155,0.6024834872097224,0.5725872246484619,2.823905325443787,1.0510213807265132,37.0,0.21279454815952392,2.0292906178489702,3.0
5,Processed,Awake,60,38,38,2394909960371662003,0.7626118650809173,0.6248521029493614,0.599366511493977,3.029839883551674,1.1373985948822796,89.0,0.1808321735374574,2.022001609873893,3.0
5,Processed,Awake,60,39,0,18198487627704174046,0.49625726575929996,0.8522890097720279,0.455967749676057,2.7451603582779542,1.0061250568535554,36.0,0.48929788357249127,2.228281062178997,4.0
5,Processed,Awake,60,39,1,4780636240715526555,0.5214184994336144,0.8380094536690612,0.4232375101982051,2.6499399038461537,0.9230533639186582,46.0,0.4536881508854442,2.274936830706293,5.0
5,Processed,Awake,60,39,2,13362780149974461827,0.5288208018227208,0.8286983646876189,0.4793396362240246,2.737188270759112,0.9826467674452382,41.0,0.4851946057493881,2.275233487116012,5.0
5,Processed,Awake,60,39,3,10892626580775840485,0.34950972866168484,0.9106409984289157,0.4232855017516917,2.728960396039604,0.9795227999141449,29.0,0.47701204587992513,2.2862564692351928,5.0
5,Processed,Awake,60,39,4,13812935534579618122,0.5161891736145563,0.8277739667998519,0.4590872006526851,2.800351288056206,1.0381906208834752,41.0,0.4365791620674761,2.202396804260985,4.0
5,Processed,Awake,60,39,5,8406492214600624002,0.4497853389600686,0.8703665646328811,0.45404808753659354,2.734393063583815,0.9636022544111308,39.0,0.517516917022604,2.330811628660975,5.0
5,Processed,Awake,60,39,6,11516643331848201628,0.4789463834457238,0.8507325257852728,0.46143878677352784,2.6872554499720516,0.9642050285110607,31.0,0.44675337140663246,2.2729825418141862,5.0
5,Processed,Awake,60,39,7,8175879194846339783,0.47274592094906154,0.860009415816686,0.4400345539185103,2.787777439951353,1.0481819445703044,37.0,0.4644142630896962,2.2654805103593585,6.0
5,Processed,Awake,60,39,8,4304993485684649961,0.3950075431278477,0.8913241857099025,0.4641263137687767,2.72576099210823,0.9825739243814176,32.0,0.4897538033306138,2.263753327417924,4.0
5,Processed,Awake,60,39,9,10498563491759325392,0.34486916740030094,0.9170625962430687,0.4687814944569756,2.806896551724138,1.0342648625146342,29.0,0.5090704036089648,2.325441192590157,5.0
5,Processed,Awake,60,39,10,11466672465684110036,0.5340555880872909,0.831911239773768,0.47631616835436963,2.8076379066478077,1.0270662727392201,58.0,0.5194365791620674,2.348340203948796,7.0
5,Processed,Awake,60,39,11,17170243416523904879,0.4107936976781822,0.8885422093857183,0.45092863655996546,2.6945798680814455,0.992106998526565,40.0,0.4915774823631041,2.304646191922601,4.0
5,Processed,Awake,60,39,12,6602514161882790753,0.43794004695334726,0.8914187880755944,0.46220665162931324,2.957923832923833,1.1268840397610411,64.0,0.4987042280558622,2.2793375740293924,4.0
5,Processed,Awake,60,39,13,14625242897575667699,0.4450471912142027,0.8768202361353681,0.42587704563996737,2.734668721109399,1.0112450197486316,32.0,0.47636415990785624,2.270876229695722,5.0
5,Processed,Awake,60,39,14,2936282210919192371,0.414913620631018,0.8840706464958317,0.48217113787973315,2.811922753988245,1.0628865350520216,40.0,0.5140615251715698,2.3122504047490557,5.0
5,Processed,Awake,60,39,15,3634172044340856032,0.4055303961110665,0.8879172212363391,0.47727599942410137,2.9466666666666668,1.1051769733089325,37.0,0.4798915390891203,2.300586678937076,4.0
5,Processed,Awake,60,39,16,17085189979218605932,0.44042487971529526,0.8739613022358758,0.4302442770072467,2.674522673031026,0.9649344916931668,27.0,0.49037769352593946,2.320954003407155,4.0
5,Processed,Awake,60,39,17,2819632570893350728,0.4181306493819531,0.8923617566348171,0.4608628881316888,2.798076923076923,1.052700637739209,42.0,0.5263233670873926,2.3509110396570203,6.0
5,Processed,Awake,60,39,18,867965420880481015,0.510969510663669,0.8424258264119033,0.45404808753659354,2.710888252148997,0.993365253033664,35.0,0.469717329749964,2.261959787381558,4.0
5,Processed,Awake,60,39,19,10709345910508603416,0.421711784259738,0.894122325069125,0.4224696453424197,2.623845007451565,0.9284823765313447,31.0,0.48109132792628495,2.2952489982827706,7.0
5,Processed,Awake,60,39,20,6313886868119637795,0.3495326764972266,0.9134166401769428,0.5057349906416471,2.802659574468085,0.9417985299493492,59.0,0.5403369007054758,2.2972862681085493,4.0
5,Processed,Awake,60,39,21,6105039003098206053,0.4828080878873682,0.8500455994498526,0.44277007246724576,2.826593137254902,1.0615267810606588,29.0,0.4905456639631425,2.3999765203099317,4.0
5,Processed,Awake,60,39,22,15930795985332191504,0.38953847933541325,0.8970259561200908,0.4366751451744493,2.7808679706601467,0.9898272510951016,35.0,0.48015549263329654,2.302911727471516,5.0
5,Processed,Awake,60,39,23,5482929317255321100,0.4361545688861864,0.8770297225187066,0.48601046215866006,2.8486638537271447,1.0444404256442084,42.0,0.5183567692086193,2.3140867702196037,4.0
5,Processed,Awake,60,39,24,5917692720598359586,0.3824375464169985,0.8995396973737988,0.46350242357345106,2.778481012658228,1.0382166451066337,39.0,0.4603109852665931,2.2648170011806377,4.0
5,Processed,Awake,60,39,25,13248887101156128324,0.4134947249737909,0.8849614445691804,0.5222920765945194,2.779111338100102,1.0043282186736415,45.0,0.534050007198733,2.2535439449169705,4.0
5,Processed,Awake,60,39,26,9832311519036133603,0.5308770462803226,0.8306569565239621,0.4338916350722273,2.7716125076640097,1.0040905024061095,42.0,0.46602198013149687,2.268808411214953,5.0
5,Processed,Awake,60,39,27,17441870020529445563,0.49538542498660487,0.8527342923337167,0.4623986178432596,2.7694739867778098,1.0252102696069394,36.0,0.4771080289868983,2.3189876370422207,5.0
5,Processed,Awake,60,39,28,1226986032878885063,0.3463031528839049,0.9190767014116461,0.48005950952632337,2.7949147806649903,0.9987911236431335,37.0,0.5119738925949033,2.2946870294687027,4.0
5,Processed,Awake,60,39,29,1813604332831143940,0.3764337299617762,0.9038792426225304,0.43058021788165285,2.7370347773032337,0.9835734818045375,35.0,0.47552430772184096,2.272852391329281,5.0
5,Processed,Awake,60,39,30,2598306340009729135,0.5035439377157304,0.8492129562583791,0.46748572251283776,2.882805563776265,1.083705745440688,42.0,0.4443777895090464,2.257038391224863,4.0
5,Processed,Awake,60,39,31,10159187496526806697,0.3974842107227095,0.9017872037620047,0.45615971589000337,2.7784273604209297,1.0247181143771058,46.0,0.5037433411719537,2.3294496227252552,5.0
5,Processed,Awake,60,39,32,16324576506806770731,0.5381877581259906,0.833106666084478,0.44324998800211163,2.725287695485394,0.9845633504911109,33.0,0.46827758314536644,2.261559856298528,4.0
5,Processed,Awake,60,39,33,3829761032520774202,0.3735595997345398,0.9030694415351479,0.475116379517205,2.861271676300578,1.0777063047294786,43.0,0.5171329845947114,2.3321069148360567,4.0
5,Processed,Awake,60,39,34,6732375177555752314,0.4388895010885373,0.8838862836328,0.4910495752747516,2.8288636991982306,1.0627085530170253,51.0,0.5059269568555934,2.299738219895288,4.0
5,Processed,Awake,60,39,35,16168196693941966456,0.519464918234767,0.8343590794091426,0.44886499976004224,2.792773962376829,1.0087340306292738,43.0,0.47667610500551905,2.2770518110958275,5.0
5,Processed,Awake,60,39,36,15930349646456916351,0.5226571554642836,0.8439002024313051,0.4780918558333733,3.049280685644322,1.1256445046593018,40.0,0.46758170561981094,2.251415366839977,4.0
5,Processed,Awake,60,39,37,2834373134424963760,0.4353349806885222,0.8811256082717596,0.447617219369391,2.731985940246046,1.0216073018715588,28.0,0.49556078130249076,2.325413804751717,5.0
5,Processed,Awake,60,39,38,9473484929500156995,0.45405243323749495,0.8747926383997056,0.4862984114795796,2.821776663881927,1.0424077897619393,53.0,0.5090464078322215,2.2783804102674257,5.0
5,Processed,Awake,60,40,0,5321352622859352157,0.4220095382318823,0.8862473308180288,0.4960886883908432,2.7346560846560846,1.0098313756424626,36.0,0.5279550799059366,2.3036331274212123,4.0
5,Processed,Awake,60,40,1,1192947147947096841,0.417159766367363,0.8856076564454762,0.48917790468877476,2.8599887766554435,1.0796893766306013,33.0,0.4908096175073187,2.2714047751249304,7.0
5,Processed,Awake,60,40,2,6405928081642565430,0.4526014877076736,0.8618080752648214,0.4949848826606517,2.759229534510433,1.0407633109360397,28.0,0.5291068771896146,2.3135033050047213,6.0
5,Processed,Awake,60,40,3,15041718891133588421,0.3608579391586109,0.9133235888485779,0.45755147094111437,2.7062162929321603,0.9885311566019781,28.0,0.5087104669578154,2.308362369337979,4.0
5,Processed,Awake,60,40,4,3953913820991375491,0.4260239762200649,0.873369805772642,0.48260306186111246,2.67589143161256,0.9767749321052703,36.0,0.5330661803522581,2.2539569805194803,4.0
5,Processed,Awake,60,40,5,3608920062261893136,0.4937851861044926,0.8540113750014124,0.4816432307913807,2.7286568787384446,1.0007915491900552,43.0,0.4849546479819552,2.290344514959202,4.0
5,Processed,Awake,60,40,6,7551260458329884047,0.4265411788832656,0.8725613081526551,0.49032970197245285,2.7267147050974114,1.0164203456807555,47.0,0.5349858424917214,2.2927807486631018,5.0
5,Processed,Awake,60,40,7,16263380568048115856,0.4859850689581269,0.8503825800487484,0.5231559245572779,2.8544121497774286,1.0623849512108106,46.0,0.5224360512549792,2.2447675018043096,4.0
5,Processed,Awake,60,40,8,14450833824950098245,0.4594203562461712,0.864558115977379,0.5087104669578154,2.878088514797719,1.0869714542284528,43.0,0.5232279118875078,2.270408163265306,5.0
5,Processed,Awake,60,40,9,2814256270777396376,0.3970273656576131,0.8947616534875377,0.493209195181648,2.7715749730312838,1.0301742551001107,35.0,0.5322983154964727,2.368207537098324,7.0
5,Processed,Awake,60,40,10,2563542324872424273,0.37998165633912023,0.9027199483472269,0.5175409127993473,2.8259958071278826,1.0481102586314066,35.0,0.5786341603877717,2.3459480494211498,9.0
5,Processed,Awake,60,40,11,18029274686389092971,0.3984400740622846,0.8863788069077556,0.4535201804482411,2.708512467755804,1.0176880003222462,31.0,0.48200316744253013,2.2852104664391355,4.0
5,Processed,Awake,60,40,12,8325866218519635841,0.4147076407143,0.8862491597331655,0.5030474636463982,2.7774244833068362,1.0448426944771505,27.0,0.5215482075154773,2.2785407275395744,6.0
5,Processed,Awake,60,40,13,9755502263258864902,0.47197725412485375,0.8628528646654116,0.4518884676296972,2.6568848758465013,0.9190546586891709,54.0,0.524307721840956,2.332408198121264,7.0
5,Processed,Awake,60,40,14,3314329399926640282,0.45804696115711885,0.8661048126984761,0.5113979939530643,2.8019984222981855,1.0607063813381195,43.0,0.5566060373374286,2.294362017804154,5.0
5,Processed,Awake,60,40,15,7488783552942979535,0.3084758493833995,0.9289681750130652,0.5182127945481595,2.8438240716355017,1.0973932989943513,39.0,0.57964198301099,2.3576029670115166,5.0
5,Processed,Awake,60,40,16,1169367060452702500,0.3875998445044211,0.8919247153880178,0.4735806498056342,2.761052042529379,1.019019941110317,41.0,0.507606661227624,2.273157102944337,4.0
5,Processed,Awake,60,40,17,6315111937203874312,0.4095656982028221,0.8767102523290693,0.46815760426164993,2.7903318077803205,1.05650523706139,34.0,0.5071507414695013,2.313375656742557,5.0
5,Processed,Awake,60,40,18,8106363838414009575,0.44489930486246265,0.8667733305789467,0.49311321207467484,2.8220269156825046,1.0490071918691273,43.0,0.5333541296731775,2.3228132511234194,4.0
5,Processed,Awake,60,40,19,15921255263629017633,0.3870134760941916,0.9005604994371303,0.44819311801123,2.765472312703583,1.0530333810293202,30.0,0.5113500023995776,2.368830591373944,5.0
5,Processed,Awake,60,40,20,7856921968800849433,0.37593260545006163,0.8918972743817645,0.5269472572827183,2.8067484662576687,1.0534221971019695,40.0,0.5593175601094208,2.329735132433783,5.0
5,Processed,Awake,60,40,21,6881502479633523492,0.37497294635726314,0.8997434643620303,0.4729567596103086,2.637847965738758,0.9378201276298763,34.0,0.5271152277199213,2.28775255155176,5.0
5,Processed,Awake,60,40,22,2011310938118062329,0.4639542482078752,0.8648104708505305,0.48044344195421607,2.741988496302383,1.001633846090975,32.0,0.5053750539904976,2.207651991614256,4.0
5,Processed,Awake,60,40,23,14412409931349883195,0.3587127828969285,0.9188949270584617,0.48927388779574793,2.7391187533584094,1.0066131155086644,39.0,0.538873158324135,2.303754616331555,7.0
5,Processed,Awake,60,40,24,12456905743595073625,0.4366103503514869,0.8711057739130362,0.484282766233143,2.770730367929709,1.009220992982594,30.0,0.4871382636655949,2.248421752132019,4.0
5,Processed,Awake,60,40,25,3837848378290770837,0.38646071987278696,0.9012473705520354,0.5233958823247109,2.7992813141683777,1.0461078893949276,33.0,0.5399529682775831,2.3097926503797988,7.0
5,Processed,Awake,60,40,26,13434235523151537913,0.34320600653515754,0.9251579958056766,0.49604069683735663,2.964152566676226,1.160379340671202,30.0,0.5568939866583481,2.3667142565776054,6.0
5,Processed,Awake,60,40,27,13048522224439618409,0.40244481959564415,0.8893059071667915,0.5173969381388875,2.7771767130345184,1.0396821260777305,36.0,0.5453040264913376,2.3125063600284927,8.0
5,Processed,Awake,60,40,28,9250818335183733123,0.389434226365055,0.8990968516866269,0.47492441330325863,2.734457032329373,1.031989780911077,31.0,0.5250035993665115,2.319410579879148,6.0
5,Processed,Awake,60,40,29,8715837600406534364,0.39497999394162603,0.8904182421985707,0.48476268176800885,2.6715154720973286,0.9629665268767876,30.0,0.5461678744540961,2.302346752984018,6.0
5,Processed,Awake,60,40,30,2857548305901625302,0.4380015325573356,0.8611810125897055,0.495416806642031,2.667441860465116,0.9587408636017699,29.0,0.5160051830877765,2.2463177687245377,4.0
5,Processed,Awake,60,40,31,10421888177642181635,0.38750519237628883,0.8939700322716067,0.47804386427988677,2.6849056603773587,0.9676083712689798,32.0,0.5619091039976964,2.343809428485637,5.0
5,Processed,Awake,60,40,32,8820154618478325350,0.3585757399010846,0.9126326015059794,0.5141815040552863,2.7076067728076825,1.0122103289614044,35.0,0.5370974708451313,2.283047735618115,4.0
5,Processed,Awake,60,40,33,4210903598647763681,0.36688159092142675,0.9068365562132092,0.473724624466094,2.637894174238375,0.9801388855701757,25.0,0.5382492681288094,2.310330621073231,5.0
5,Processed,Awake,60,40,34,14276017975234263398,0.44345500522269415,0.869204799801067,0.47977156020540385,2.662316910785619,0.9756124783517315,28.0,0.46326246580601815,2.223937334408478,4.0
5,Processed,Awake,60,40,35,1356496556667253069,0.39361372421298674,0.9067865105556692,0.4972884772280079,2.8058489033306255,1.0596425600450068,58.0,0.5266593079617987,2.329194524036931,9.0
5,Processed,Awake,60,40,36,11849794607465258611,0.4439000548482959,0.8622230106948101,0.47694005854969523,2.577950713359274,0.8689417023470148,38.0,0.4936651149397706,2.231344902386117,4.0
5,Processed,Awake,60,40,37,3817458755343072808,0.3757869408517437,0.89447326832842,0.4767480923357489,2.6169652265542678,0.9473940704764203,35.0,0.519316600278351,2.2918564015672986,4.0
5,Processed,Awake,60,40,38,2763419753340387710,0.4647652531281739,0.860816660816535,0.460382972596823,2.6662034463590882,0.9680206971286583,26.0,0.48701828478187836,2.2959276018099546,4.0
5,Processed,Awake,60,49,0,5381435077535361020,0.2517976894316084,0.9839758365130229,0.5186927100830254,2.643835616438356,0.95449774776889,26.0,0.685703316216346,2.913242940156999,35.0
5,Processed,Awake,60,49,1,3270478215941395632,0.3009755482823318,0.9434010257489689,0.5689398665834813,3.049909956264471,1.1907463516985308,35.0,0.6759610308585688,2.9282744282744284,46.0
5,Processed,Awake,60,49,2,6831910522910334537,0.21458673816294768,0.9864051224503242,0.5307865815616452,2.6975609756097563,0.9856398984864618,35.0,0.6899265729231655,2.9507389162561575,26.0
5,Processed,Awake,60,49,3,529985621759312986,0.37221333971978493,0.9010049715688189,0.6081969573355089,3.1129943502824857,1.1889910497870266,45.0,0.7350626289773,3.3666336960105507,30.0
5,Processed,Awake,60,49,4,13717049957354840963,0.3987881463782943,0.8687651352364789,0.6237462206651629,3.267219708396179,1.2184217633517698,38.0,0.7323031146518213,3.745918743095618,53.0
5,Processed,Awake,60,49,5,4109367279398349114,0.36559732469620254,0.9215555971813948,0.5902001247780391,2.812900274473925,1.0358682206579095,36.0,0.727287997312473,3.076431181485993,44.0
5,Processed,Awake,60,49,6,3932620769160080086,0.28616341095984466,0.9621207850310454,0.5710994864903777,2.8974920866812757,1.1297319812458362,33.0,0.7188894754523204,3.1052031509121063,25.0
5,Processed,Awake,60,49,7,17156219469049814542,0.37705160289588774,0.925272230820561,0.5827614339876181,2.923910426197929,1.1464619368060338,27.0,0.6982291116763449,3.2202301903497124,34.0
5,Processed,Awake,60,49,8,16106499964021877031,0.3824894074401622,0.9051179859353837,0.6628113452032443,3.366073604679503,1.2933746684779528,34.0,0.7305754187263042,3.50114995400184,31.0
5,Processed,Awake,60,49,9,11787021192914699731,0.2979855841915605,0.9571800811911353,0.6059413543216394,2.9680300893276916,1.111707154631072,41.0,0.7342947641215146,3.273884668877715,38.0
5,Processed,Awake,60,49,10,9139651348015439781,0.3232940807532135,0.948873710774715,0.6198589048327494,2.9988390991409335,1.1654278085803227,52.0,0.7156980371454624,3.1770345121431616,47.0
5,Processed,Awake,60,49,11,5584767529829028599,0.23202920383591408,0.9771819446771447,0.5292028602965878,2.75743935983996,0.9965201850571985,53.0,0.6793204396026299,2.9557318855711006,27.0
5,Processed,Awake,60,49,12,5006100208061071393,0.2981207695451291,0.9419575482212935,0.620146854153669,3.3818372153886416,1.3081224812703578,49.0,0.7206411671545808,3.549881796690307,33.0
5,Processed,Awake,60,49,13,14103417593525230124,0.2610827412801045,0.9767940216797137,0.46311849114555836,2.504541915390605,0.8301044262390432,27.0,0.6542208571291452,2.810721649484536,27.0
5,Processed,Awake,60,49,14,14227393837231430533,0.20394746982353076,0.9761734186584654,0.5448481067332149,2.8676433442788585,1.1129288429163162,36.0,0.6971732974996401,3.1850471387853543,35.0
5,Processed,Awake,60,49,15,10563529291739098947,0.33875821792310423,0.9140266664590357,0.5697077314392667,3.070615623383342,1.2279280399900057,34.0,0.649613667994433,2.9561039528281285,25.0
5,Processed,Awake,60,49,16,17737364490680909224,0.265330770771083,0.9342434867560436,0.5672121706579641,2.906073272682567,1.1041576211894584,25.0,0.7041560685319384,3.4169771774569164,26.0
5,Processed,Awake,60,49,17,14863725255405711860,0.27521094101186205,0.9704205517699241,0.5148053942506119,2.73578168834481,0.9803589432817105,25.0,0.6780006718817488,3.1559253881380545,32.0
5,Processed,Awake,60,49,18,8065441739941341979,0.187943657417799,0.9551983556742822,0.4321159475932236,2.512977951437343,0.8689728771753429,24.0,0.6273695829534002,2.8219104155423635,27.0
5,Processed,Awake,60,49,19,8763859004368801611,0.281742028679999,0.9492415938686123,0.5291068771896146,2.7432197063946253,1.014023626832104,26.0,0.697989153908912,3.030315657881029,27.0
5,Processed,Awake,60,49,20,17324017578849842614,0.33261119145070134,0.95185500702339,0.5902961078850122,3.100579783211495,1.1870708579945437,48.0,0.7016605077506359,2.9932439348960997,23.0
5,Processed,Awake,60,49,21,566887453534756690,0.3082223017167902,0.95376930454155,0.5881844795316025,2.8973995271867614,1.101655159352884,31.0,0.702164419062245,3.1716887058313463,39.0
5,Processed,Awake,60,49,22,528296323754019697,0.3222394906487962,0.9462189541297309,0.6266257138743581,3.05355472404116,1.2246160953639305,33.0,0.7298075538705188,3.4269295774647888,31.0
5,Processed,Awake,60,49,23,2706191914585408231,0.3218933368570175,0.9634089523697426,0.526755291068772,2.7794378323626234,1.0271031483799056,30.0,0.6873110332581466,3.066045814600728,27.0
5,Processed,Awake,60,49,24,8404083935209920224,0.3310407488298642,0.9223329387219932,0.5900081585640927,2.847810979847116,1.0168837354127769,33.0,0.709603109852666,2.8760941451079556,20.0
5,Processed,Awake,60,49,25,7648075715813209322,0.39214690737800995,0.9023294984092285,0.6794164227096031,3.4179140511830033,1.3555609821073953,66.0,0.7500839852186015,3.5328887884267632,70.0
5,Processed,Awake,60,49,26,9394493965618810564,0.3971711240135341,0.9223605686137049,0.5926956855593416,2.86476455578752,1.0639980279120134,37.0,0.7137063876757691,3.148740207495236,50.0
5,Processed,Awake,60,49,27,10306524962534545313,0.225365068645278,0.9959515076083947,0.5271872150501512,2.856214248569943,1.025594138108333,35.0,0.6840955991745453,3.3119191449814127,41.0
5,Processed,Awake,60,49,28,14671469737710273828,0.24887607388927735,0.990817860625483,0.48005950952632337,2.663205537806177,0.9458817889623999,40.0,0.6648509862264241,3.0067281606077048,23.0
5,Processed,Awake,60,49,29,860380745465938886,0.36722843777003206,0.9169804910054248,0.6232183135768105,3.165772793759142,1.2246058159749387,42.0,0.713946345443202,3.1852050101702174,24.0
5,Processed,Awake,60,49,30,13781226044600533693,0.41475156176344835,0.8878957453951535,0.580697797187695,3.0962128966223132,1.1674129000151054,77.0,0.7067956039737007,3.1638023630504835,35.0
5,Processed,Awake,60,49,31,507001253564090199,0.27325609577502985,0.9531700073749144,0.5078946105485435,2.8123837363805473,1.0577407891573165,33.0,0.67130585017037,2.9790224683207325,16.0
5,Processed,Awake,60,49,32,13394701149958783936,0.3520346741375697,0.9168409760408862,0.6624754043288381,3.492914979757085,1.2891582728765387,45.0,0.746844555358257,3.784993311443512,50.0
5,Processed,Awake,60,49,33,17278006096285499325,0.3153303573450802,0.9572002504437314,0.6231703220233239,3.1833782789899483,1.2571081504963129,37.0,0.7274799635264193,3.4256497175141245,36.0
5,Processed,Awake,60,49,34,11457903879874936520,0.3100339491609201,0.9524824662331007,0.5543984258770457,2.8916145181476844,1.0946788072949987,30.0,0.7036761529970725,3.0936807680135034,24.0
5,Processed,Awake,60,49,35,15054093813981441124,0.435058432074366,0.9058658934437447,0.6336804722368863,3.22599560224774,1.2724451021077046,46.0,0.7383020588376445,3.346894376155771,30.0
5,Processed,Awake,60,49,36,16525662968767781645,0.3388967813193414,0.9339782738534524,0.5704755962950521,2.8526517878569715,1.0681635589095884,37.0,0.6789844987282239,2.9716446124763705,31.0
5,Processed,Awake,60,49,37,185921763990184466,0.23548036572747724,0.9810958888766059,0.4743965062149062,2.643048128342246,0.9264389748741364,28.0,0.6578682151941259,2.8249356002060795,21.0
5,Processed,Awake,60,49,38,4003033132657281059,0.28851505792764953,0.9373246412068474,0.5471517013005711,2.7957332025502697,1.0391116099515785,24.0,0.6839996160675721,3.111899563318777,20.0
5,Processed,Awake,120,1,0,3300761846233638412,0.5037922906869615,0.8097483967450989,0.5331825211791048,2.9875185927698378,1.1709071921647085,51.0,0.49675676923432055,2.2492226490031615,4.0
5,Processed,Awake,120,1,1,7853890796533182859,0.5092631465513467,0.8205311517799768,0.5379838877218901,2.9415625394421303,1.1264341553379822,60.0,0.5089044574224971,2.2892707873627374,10.0
5,Processed,Awake,120,1,2,7618397609618704637,0.5725907746817915,0.7808042619085638,0.5353177442810646,2.9057135697281042,1.1144159394927844,45.0,0.47823226610650726,2.2347769807453752,8.0
5,Processed,Awake,120,1,3,8738281830444151490,0.5650592267602792,0.7915107129347363,0.503023937582235,2.914665953320404,1.1251425038231784,44.0,0.484407100482445,2.238579086326906,7.0
5,Processed,Awake,120,1,4,7272318536191191602,0.5205934964457113,0.8069309057213938,0.5425775028277279,2.9621928166351608,1.1567710632841688,43.0,0.5104510514531059,2.271870344685879,9.0
5,Processed,Awake,120,1,5,1574197379938946127,0.48394732107114735,0.8285723431934136,0.5418157475589206,2.909090909090909,1.1144620300309374,43.0,0.541157868008587,2.297199970603366,13.0
5,Processed,Awake,120,1,6,5836611869961253862,0.5371925989886925,0.7934847739935044,0.5418849980379031,2.9118084842470853,1.1296705123117325,43.0,0.5131518201334226,2.2384704460779377,4.0
5,Processed,Awake,120,1,7,12666900306807456179,0.5518716860070847,0.7869519295320386,0.536518085916761,3.0175267770204477,1.168929679934634,52.0,0.49629509937443733,2.2541413294191655,9.0
5,Processed,Awake,120,1,8,1167905845035028842,0.5807270181531384,0.7683020503953668,0.5484407100482445,2.953630034808553,1.1264035971023825,74.0,0.48292398605757025,2.218237243207422,4.0
5,Processed,Awake,120,1,9,3324555761515462336,0.5375166505074659,0.7814942858920153,0.5467094480736825,2.970525523642293,1.1454055716802831,59.0,0.48142932988619835,2.256532323505545,11.0
5,Processed,Awake,120,1,10,11369460116998223360,0.5565958892393827,0.7850783153837252,0.5325477251217654,3.020291942135236,1.1670153129551588,58.0,0.4945580665266268,2.2566621023804507,11.0
5,Processed,Awake,120,1,11,13835785544207222227,0.5618242889568015,0.7762561908698129,0.5362872509868193,2.994264724835675,1.1724182260117497,50.0,0.4728018743796311,2.2651092065247442,6.0
5,Processed,Awake,120,1,12,4095541027047398142,0.4817076430568828,0.821463798805976,0.5315435931765194,2.949154713114754,1.140676444448995,41.0,0.5251840908566284,2.2876750207385435,7.0
5,Processed,Awake,120,1,13,18179108390471815919,0.5140777532506742,0.8058338542920842,0.5471826596800627,3.124563369142556,1.221867147136875,66.0,0.5331132707001224,2.3224476456243557,13.0
5,Processed,Awake,120,1,14,1570774552644460273,0.5562001017409096,0.7923174699556407,0.5268691858452021,2.9422494360296487,1.1394525159144604,58.0,0.45822464855381917,2.2382804792107116,5.0
5,Processed,Awake,120,1,15,7919361350838976103,0.5661849295599154,0.7860902313928533,0.5444126405207635,3.0088027045990944,1.1734518668997915,46.0,0.48913921654624776,2.231935959553402,5.0
5,Processed,Awake,120,1,16,4556962610808881424,0.5881257670153518,0.762556779238764,0.5246185452782715,2.885968253968254,1.1218185618527778,41.0,0.5036010249070889,2.2678274428274428,29.0
5,Processed,Awake,120,1,17,16393908190601462925,0.47603460729693786,0.829444643309893,0.5193324253826089,2.980854587611792,1.1519503246109162,70.0,0.5113166824403869,2.3013766233766235,7.0
5,Processed,Awake,120,1,18,1732313501135053727,0.5253966470531767,0.8023975142114561,0.5270538537891554,3.0326072519590914,1.190408853462261,44.0,0.48672122065510953,2.242217200584873,5.0
5,Processed,Awake,120,1,19,9902359093506561535,0.5556955132448608,0.7910032459052792,0.5518109000253918,2.905676431262915,1.1080532461738395,47.0,0.5198864292144687,2.2786897685595044,9.0
5,Processed,Awake,120,1,20,6917451687952243862,0.5484526275569552,0.793807676058099,0.5279771935089218,2.9929992148652187,1.1475141993575766,49.0,0.5038491724567762,2.294465468306528,8.0
5,Processed,Awake,120,1,21,18019402786111771227,0.5029215390388764,0.7985980848444381,0.5574548140624639,3.0300501882057715,1.181535331077555,44.0,0.5083562244638858,2.2613852235970633,7.0
5,Processed,Awake,120,1,22,5326488257128769223,0.4984209153614548,0.8233104711912547,0.5253572170540847,2.907198058376445,1.1209083366556845,44.0,0.5273250848318367,2.2914138121269874,7.0
5,Processed,Awake,120,1,23,5389607573233084275,0.5628212293386528,0.787559742563078,0.5169202003647192,2.855585309869931,1.1006220031021448,44.0,0.5069654440109878,2.2392750630878644,4.0
5,Processed,Awake,120,1,24,1859457922210981412,0.518109346470099,0.8113829809496517,0.5403961127397798,3.009061696658098,1.1698192059283492,46.0,0.5157314004755199,2.2721448184684228,9.0
5,Processed,Awake,120,1,25,12822941872648627042,0.5340896946614371,0.7913288722050855,0.5416772466009556,2.908167059115132,1.130942373263331,55.0,0.5072366750536691,2.2702172172430717,7.0
5,Processed,Awake,120,1,26,7908634682853302747,0.5392860213440877,0.8052638310936682,0.5290621176796473,2.952402421744171,1.1421004144595404,50.0,0.5259631587451813,2.3334784167136053,14.0
5,Processed,Awake,120,1,27,15052817978308982775,0.6031528537109971,0.7563393873695493,0.5168855751252279,2.991783018237691,1.1567942314570867,56.0,0.44350892177004225,2.211342579271451,6.0
5,Processed,Awake,120,1,28,14304149817911682392,0.5941647539651098,0.7558476443180254,0.5588282818956164,3.0367536377320623,1.1807217753355004,49.0,0.4927690958195794,2.2626195712657995,7.0
5,Processed,Awake,120,1,29,6582380768778144011,0.5662575744207171,0.7863076762672488,0.5304702107522911,2.9547412407585987,1.1376174334741191,57.0,0.4994806214076314,2.2684908528594643,6.0
5,Processed,Awake,120,1,30,16473635847148243468,0.5344925549217998,0.7892870165006759,0.5474365781029985,3.015512747154937,1.1601708859340008,59.0,0.48373190831236584,2.2550644319496382,4.0
5,Processed,Awake,120,1,31,16478204579499377577,0.5375975555618322,0.793054364326681,0.5391726876110893,3.0383739837398376,1.188443711611179,44.0,0.48265275501488886,2.2445989103888784,5.0
5,Processed,Awake,120,1,32,4109318823853816296,0.5449514185768423,0.7923186141899436,0.5447358094226818,2.994923535757345,1.1531048227999836,52.0,0.5186976293252695,2.269117164424024,6.0
5,Processed,Awake,120,1,33,1738190426864712103,0.5867837201066846,0.7779956248099137,0.5233143279241015,2.896633233246023,1.118538232281095,55.0,0.5254437801528127,2.261462421141523,11.0
5,Processed,Awake,120,1,34,5589507105986270569,0.5619000899582043,0.7925601792433592,0.5267537683802312,2.921456919728588,1.142909711149155,43.0,0.49590845086678514,2.2706566257101333,8.0
5,Processed,Awake,120,1,35,10523305195432267295,0.5486932722235308,0.7902107115759294,0.5396228157244755,2.9623012101628334,1.1497131152101367,51.0,0.5050956810784608,2.2470539909116582,8.0
5,Processed,Awake,120,1,36,12283378077900394377,0.519316316982886,0.805094779985816,0.5302740010618406,2.9243205397492202,1.1384945594396434,49.0,0.4827046928741257,2.255859111626527,7.0
5,Processed,Awake,120,1,37,2503248520557726727,0.5070420433265519,0.8094845185540466,0.532928602756169,2.991706621744201,1.1620694085218295,52.0,0.49189769395904986,2.2640176365906135,6.0
5,Processed,Awake,120,1,38,16597638947894261480,0.552944784650473,0.7879575217716906,0.5579164839223472,2.9859163629625054,1.161375117869279,48.0,0.5059151450797534,2.243729524979525,6.0
5,Processed,Awake,120,2,0,2649859314418528581,0.5416248423920802,0.809708238032776,0.4741118626070497,2.8104816639299397,1.054407096372832,49.0,0.43638766418134395,2.1983545554974127,4.0
5,Processed,Awake,120,2,1,3063076091092882485,0.5395815697352906,0.8162348651725028,0.4858613605410771,2.7071382636655947,0.9900186011522704,39.0,0.46046374737425266,2.1984019837443176,4.0
5,Processed,Awake,120,2,2,4020127878180638419,0.5754400390122622,0.7995606082074505,0.47356940052168695,2.675469483568075,0.9841551881360875,49.0,0.4359490778144549,2.2021630130597014,4.0
5,Processed,Awake,120,2,3,3737271380554722762,0.503486067338472,0.83271171011843,0.47697421573832555,2.744090305444887,1.0413927898557511,35.0,0.4433761916853258,2.209345794392523,4.0
5,Processed,Awake,120,2,4,7354276323750302561,0.4961529684244515,0.8385637681661531,0.49455229565337827,2.660271931458372,0.9628811970693364,57.0,0.480217446504005,2.19898525447915,6.0
5,Processed,Awake,120,2,5,18266932900314808452,0.5447162583647521,0.8097054486756181,0.4680639874425798,2.6263843015348747,0.9303613090081451,43.0,0.45988666004939865,2.2195577094474155,4.0
5,Processed,Awake,120,2,6,7438951010976512923,0.510420853646795,0.8299030714475003,0.4873156205997091,2.745253576072822,1.0301801969050326,44.0,0.43849980379030956,2.2021446167222143,4.0
5,Processed,Awake,120,2,7,14058056968683497311,0.5254833900898236,0.8130122559041613,0.4631241199418296,2.7844008049406703,1.048495349900238,37.0,0.4443687818840747,2.2118113402654105,4.0
5,Processed,Awake,120,2,8,7925852488286673029,0.5454413112326607,0.813912722823415,0.4923593638189331,2.720252518811376,0.9905480957678469,44.0,0.4554315459015258,2.2007529280535416,6.0
5,Processed,Awake,120,2,9,13894251507050119643,0.5509375777692358,0.8024552463522929,0.4697952494171418,2.713961861581544,0.9841130904629961,45.0,0.45048013665427855,2.2375383380628886,4.0
5,Processed,Awake,120,2,10,4041868442405844610,0.46693108418939044,0.8487848814835843,0.48962396989912516,2.82888770338757,1.076464506284761,48.0,0.4559162992544032,2.220120837431502,7.0
5,Processed,Awake,120,2,11,745676931834403478,0.5235917893182078,0.8190979983462674,0.47678954779437227,2.753082305898034,1.0168656496960282,43.0,0.4404157337088248,2.2053749458170784,4.0
5,Processed,Awake,120,2,12,11821976252559287765,0.5421777730886647,0.8097554272689406,0.4695990397266914,2.7262798177432326,1.006895418225854,43.0,0.4345352138685626,2.20698751392227,4.0
5,Processed,Awake,120,2,13,4590313794596522343,0.47994918972901,0.8461574254213083,0.46626347498903536,2.755661664392906,1.0157197742905817,50.0,0.44416103044712724,2.2090640337533367,4.0
5,Processed,Awake,120,2,14,3974230252516497244,0.5977234232072082,0.7738978721936701,0.47931719027723274,2.6973889321901794,0.9826070772832088,42.0,0.41123819856420674,2.178635849460393,4.0
5,Processed,Awake,120,2,15,4050100866311300094,0.4496515617926232,0.8498531789412065,0.46977216592414767,2.7544156459362523,1.0338603843654819,39.0,0.4231088848364534,2.1931797786419382,4.0
5,Processed,Awake,120,2,16,6666098222899175362,0.46156531810802703,0.8415647463186912,0.48057524064541446,2.770326014637392,1.0263699976429033,43.0,0.43304055769719074,2.216023861555726,5.0
5,Processed,Awake,120,2,17,17647485539445088109,0.5138219183796114,0.8314417949079437,0.48409547332702385,2.816478646253022,1.0675525195037532,42.0,0.45387341012442,2.2081871016649353,4.0
5,Processed,Awake,120,2,18,5440256308090665489,0.5135676839116056,0.8234100210192713,0.484984187807299,2.6979133226324237,0.979824768548251,48.0,0.4584843378500035,2.201019503546099,4.0
5,Processed,Awake,120,2,19,15039285679796652955,0.5849272517887995,0.7889253413568998,0.47568154013065256,2.6473535457348407,0.9579092139628258,53.0,0.43119964913090647,2.19583872105325,4.0
5,Processed,Awake,120,2,20,8616028897162732301,0.551532111958921,0.8130924995357336,0.4867616167678493,2.66687745036044,0.9567669838614606,56.0,0.4339754391634542,2.1905330614622778,4.0
5,Processed,Awake,120,2,21,5550788247813399587,0.5583198750299565,0.8035305305020239,0.49036264167493826,2.695128140065973,0.9744435813203128,45.0,0.4407792987234828,2.2094301417413944,4.0
5,Processed,Awake,120,2,22,3246929523704362634,0.4998983510777897,0.828563414544935,0.4746889499319037,2.765465303926842,1.0394759106612648,39.0,0.4408600909489624,2.2163103078128175,4.0
5,Processed,Awake,120,2,23,12116007423241712942,0.5352517315751605,0.8100618744691022,0.4905703931118857,2.711233016521018,0.9894980108679285,49.0,0.44275870824773206,2.1929628994454924,4.0
5,Processed,Awake,120,2,24,11243104775024839381,0.5055013177001828,0.8226544215878926,0.46874495048590753,2.7880140042561954,1.050877701693202,43.0,0.4339292721774659,2.210648556476745,4.0
5,Processed,Awake,120,2,25,4118112201706260824,0.48869947600940733,0.8429323219552382,0.46448604602848503,2.712042590471056,1.0192937005827394,37.0,0.4418988481336996,2.2252121353016387,4.0
5,Processed,Awake,120,2,26,17120968278468504812,0.5593527334129639,0.8072392882970877,0.4836568869601348,2.6611418047882136,0.9604322852544993,36.0,0.4448015973777152,2.178300926972643,4.0
5,Processed,Awake,120,2,27,10033626135960581016,0.5001455410043004,0.829344917644947,0.47360402576117816,2.743097800655124,0.9990627733589602,39.0,0.4314881927933335,2.194148545940077,4.0
5,Processed,Awake,120,2,28,7523190529067456494,0.46101849057284827,0.8530446691382042,0.4913783153666813,2.7595281306715065,1.0314770127831392,43.0,0.44051960942729856,2.188754444317009,4.0
5,Processed,Awake,120,2,29,4043961584932769057,0.5326221033904125,0.8165482977238714,0.48919692527873315,2.7437208700155358,1.0238226738684968,43.0,0.4345467556150597,2.1834314379331343,4.0
5,Processed,Awake,120,2,30,15763096207427361017,0.5431878014092544,0.8043945754352232,0.46770619330117036,2.619287699566932,0.940187467662939,47.0,0.42538837976962673,2.200716524854456,5.0
5,Processed,Awake,120,2,31,1834386019587813132,0.5471575546156093,0.8067179083060334,0.45998476489462387,2.7050838254259144,0.9994579104427197,36.0,0.43649153989981765,2.2109617071031864,4.0
5,Processed,Awake,120,2,32,4362761958588559665,0.520871935859886,0.8269496087820604,0.48299900740980123,2.783557270187575,1.0560141779601764,43.0,0.445205558505113,2.2125444533669842,4.0
5,Processed,Awake,120,2,33,9180408477929774867,0.508514580011833,0.8172615008892388,0.47489670136885115,2.693858845096242,0.9843895645718814,47.0,0.41535860206366426,2.1776950773047714,4.0
5,Processed,Awake,120,2,34,2789726179217764404,0.49987633458798686,0.8357371447117308,0.47084554834837605,2.6914956785643596,0.9827616775712212,41.0,0.4510399113593869,2.2297092973497277,4.0
5,Processed,Awake,120,2,35,13991289871757019289,0.5851512467939555,0.7831881289640643,0.48275663073336256,2.7771728304893433,1.0441783880113815,44.0,0.3992809491932319,2.175754716981132,4.0
5,Processed,Awake,120,2,36,13152903059912437817,0.5212669000804006,0.8213633118507313,0.4616814016296946,2.70003374957813,0.9783526457420997,44.0,0.447300385494333,2.203240477544059,4.0
5,Processed,Awake,120,2,37,11273834399658491124,0.5455515870461185,0.8154006342388161,0.48621915468248655,2.743893701556699,1.01452025217,73.0,0.4645668382539646,2.201312551271534,4.0
5,Processed,Awake,120,2,38,7374373674326627226,0.5521228850521352,0.8116892323234839,0.4703492532490016,2.744796928672459,1.0222877547459908,59.0,0.42706770388495185,2.2009933676352498,4.0
5,Processed,Awake,120,3,0,10564677447218789391,0.554348077407981,0.8005669856464197,0.49123981440871634,2.7100923272843045,0.9948576003284784,47.0,0.4573590175665382,2.2278975627582716,4.0
5,Processed,Awake,120,3,1,3286624121953988924,0.45924257728745577,0.8463952946229001,0.5135500103875719,2.8351599337326365,1.0757717477248283,54.0,0.5318667620784377,2.3021431782984463,9.0
5,Processed,Awake,120,3,2,3596492602133385355,0.5786144553680113,0.7879857611929294,0.5017428037210591,2.8024755028365136,1.0663564782051072,40.0,0.4681678631610535,2.2360464154791764,6.0
5,Processed,Awake,120,3,3,3033656375010583831,0.4700286721376243,0.8442965821495998,0.5191131321991643,2.9192574803660674,1.1351196273413329,59.0,0.48994136792779486,2.254354753053638,10.0
5,Processed,Awake,120,3,4,7981979729507497833,0.5090007700823944,0.8352981361389273,0.5071443410816925,2.8866114833793195,1.0950403236801771,43.0,0.4969414371782738,2.2648536335183187,7.0
5,Processed,Awake,120,3,5,16113404206293933471,0.4943520462526674,0.8374735390415439,0.5147849772627594,2.8943543153796236,1.1171280140392292,52.0,0.4967625401075691,2.252014441188782,5.0
5,Processed,Awake,120,3,6,14115780928979253558,0.4787327591838233,0.8395291700734159,0.49662981002285267,2.8901800107469104,1.1133475921543892,46.0,0.491407169732924,2.2403378147280906,4.0
5,Processed,Awake,120,3,7,10769982113051422993,0.5122510954029406,0.823899376981439,0.5148196025022507,2.8090559858933184,1.0633333188645298,45.0,0.4860229449920362,2.221987705458671,8.0
5,Processed,Awake,120,3,8,4709735612630165267,0.4673973308175186,0.8421564456442042,0.5143117656563791,2.8819686974518173,1.0998546397841382,63.0,0.48080607557535604,2.2550139388854307,4.0
5,Processed,Awake,120,3,9,7658701742026939769,0.49278372722407343,0.8341407866329401,0.4928672006648046,2.8415624168219322,1.1021785984266956,44.0,0.45887098635765566,2.2148408122336427,6.0
5,Processed,Awake,120,3,10,5433052093801654149,0.4848509850746497,0.8317072163548942,0.49381362387756517,2.8611073960144444,1.109120645227644,42.0,0.464763047944415,2.241407141465587,4.0
5,Processed,Awake,120,3,11,11969287123037004772,0.5165197147883885,0.8287423717855087,0.5390803536391127,2.884038283420809,1.1200119474862045,44.0,0.518328293437363,2.2804549840044688,9.0
5,Processed,Awake,120,3,12,7485660741067028212,0.4783436829959601,0.842607673532981,0.5236952055585051,2.8616296670030272,1.0799341156898887,65.0,0.501431176565638,2.2509779539390173,7.0
5,Processed,Awake,120,3,13,18112275492113131825,0.5065107896747603,0.8273681364830657,0.5212021883151359,2.8659008694548453,1.1008314523460825,46.0,0.49478313058331985,2.247156261466688,4.0
5,Processed,Awake,120,3,14,10979406749750743933,0.520103292125032,0.8243765859817179,0.5177050391265207,2.875320512820513,1.0985239130062083,44.0,0.4900106184067773,2.2462039045553146,8.0
5,Processed,Awake,120,3,15,13239023925895029944,0.5329217029024815,0.8172471859831275,0.5101221116779391,2.810147507629705,1.0520546287557995,49.0,0.44921054453959974,2.203629260559393,10.0
5,Processed,Awake,120,3,16,4774224241242728428,0.5295786259970146,0.8148204133976313,0.5141386394589229,2.791452562977817,1.0600971321792483,44.0,0.4941945015119688,2.2484902588877804,7.0
5,Processed,Awake,120,3,17,14639593809025707141,0.5041797423821489,0.8260829709503754,0.4727383947738972,2.7783882783882783,1.0544894069164454,45.0,0.46026176681055375,2.252739803412044,4.0
5,Processed,Awake,120,3,18,10112224954883613842,0.5312475687738799,0.8139969165901744,0.5109415756792318,2.795289511902507,1.0661769146127795,45.0,0.491407169732924,2.2774880312391343,9.0
5,Processed,Awake,120,3,19,16359608919176835967,0.5022971598937903,0.832417068605626,0.5271692712541262,2.890639832921967,1.1217359156517732,47.0,0.48623069642898364,2.2509083137422525,10.0
5,Processed,Awake,120,3,20,12929707692111328614,0.5399188097409815,0.8133451946824601,0.5008310057477897,2.8009940614510715,1.061018374533957,53.0,0.45019736386510006,2.2151801686685406,4.0
5,Processed,Awake,120,3,21,4698680148792147880,0.505023804980997,0.8320159488678761,0.48773112347360403,2.746879875195008,1.0259822817926716,42.0,0.4853592945684541,2.2504816440115594,7.0
5,Processed,Awake,120,3,22,4436875892312575329,0.5147730450839972,0.8255217541817432,0.5330093949816487,2.9688846030215363,1.1525916620311454,48.0,0.49126289790171046,2.2630795406210122,11.0
5,Processed,Awake,120,3,23,4765783919311695837,0.46222825992279964,0.8549484920138561,0.5028046443987905,2.8291985972204183,1.0723595347976254,38.0,0.49782438078530045,2.2387304388446267,8.0
5,Processed,Awake,120,3,24,5215951837905364976,0.4831052253994242,0.8392584991020225,0.5002770019159299,2.7975345294952887,1.0563041905926265,41.0,0.4822083977747513,2.2779292295948967,8.0
5,Processed,Awake,120,3,25,13192392696935223313,0.408912600712385,0.8770832102484227,0.512418919230858,2.8399539435808867,1.063538833920084,46.0,0.4941945015119688,2.2555377037954014,10.0
5,Processed,Awake,120,3,26,6426560106318693554,0.4575326109267356,0.8477980178249118,0.5146926432907828,2.851825797787299,1.0961529228761482,42.0,0.468237113640036,2.2472787702534274,4.0
5,Processed,Awake,120,3,27,2736160343530024723,0.5191513818554456,0.8237656665989106,0.5018351376930357,2.7727823480645366,1.032761905989015,35.0,0.4783015165854897,2.23383553890521,8.0
5,Processed,Awake,120,3,28,69683208279319202,0.4898184142703713,0.8420076870819566,0.49909974377322774,2.8389574579831933,1.085714683814294,41.0,0.4920188822972692,2.2469692177946445,7.0
5,Processed,Awake,120,3,29,1888717355982076467,0.46773387576085956,0.8361747949470034,0.5146695597977886,2.8834141610087296,1.1166088688596587,37.0,0.46138131622077055,2.205760635656348,6.0
5,Processed,Awake,120,3,30,4724709084955389224,0.44013181210039937,0.8670740565604683,0.5157544839685141,2.7879960069877714,1.047126246060268,43.0,0.5138096996837561,2.2691013813140324,10.0
5,Processed,Awake,120,3,31,2571043763506039091,0.5212535238270015,0.8245062897237223,0.522667990120265,2.8322596785289886,1.0898462931216015,46.0,0.5211791048221417,2.247853249371531,8.0
5,Processed,Awake,120,3,32,8506086580173604433,0.4562060922049987,0.845877158898229,0.5492717157960343,2.8734452360825986,1.080306108909665,46.0,0.5212195009348815,2.2502678326730945,10.0
5,Processed,Awake,120,3,33,8738332025620986509,0.4780423457442687,0.8472337708964687,0.5006925047898247,2.833877711000784,1.0722983830879003,44.0,0.5013965513261467,2.281437911929207,4.0
5,Processed,Awake,120,3,34,4834752367031083265,0.5244870764728071,0.8171541461020038,0.497980194363011,2.8113637844529875,1.074706377226964,42.0,0.46851411555596595,2.2370835744399438,8.0
5,Processed,Awake,120,3,35,14176474451594012626,0.5075037222060358,0.824981724374219,0.5103067796218924,2.804033485540335,1.0621612874923585,57.0,0.47023383578403083,2.234274746366877,4.0
5,Processed,Awake,120,3,36,1410623945811576906,0.5347093186874188,0.8123264593870556,0.5143579326423674,2.844513946511776,1.082584442547068,60.0,0.4754276217077168,2.2221502940065814,4.0
5,Processed,Awake,120,3,37,16454439289901898237,0.5394377705642648,0.8050327537114378,0.5121419173149281,2.82163296451736,1.0672587662240867,67.0,0.464336003324023,2.2319556171983357,6.0
5,Processed,Awake,120,3,38,9900549745021891646,0.4876339879892487,0.8370854779741759,0.5084716419288566,2.817176109476915,1.05683706863564,45.0,0.5082754322384063,2.251604161873354,5.0
5,Processed,Awake,120,4,0,2891319788710837791,0.524469107764268,0.813063754959422,0.5107915329747698,2.8620578154303824,1.082185785381347,43.0,0.49308072297500055,2.272118069405664,4.0
5,Processed,Awake,120,4,1,11805455627475485057,0.4559877052216215,0.8516771626621273,0.5081138477874472,2.9139528726502517,1.1283681566344284,39.0,0.5012753629879273,2.279210726561885,4.0
5,Processed,Awake,120,4,2,17495007609154220144,0.5111143553576755,0.827113913033443,0.4936174141871148,2.8246483059243115,1.0394533845246257,56.0,0.4932769326654509,2.2745948535086087,4.0
5,Processed,Awake,120,4,3,17137970317904715663,0.4903919008712707,0.8281863397837967,0.4908358532813185,2.7609556579887036,1.0386558477962848,43.0,0.49016066111123935,2.2640810342529654,4.0
5,Processed,Awake,120,4,4,15121626980539717437,0.4736632230662983,0.833319672652068,0.5000115417464971,2.855579724474326,1.0894313118873051,49.0,0.5182878973246232,2.277328397190456,4.0
5,Processed,Awake,120,4,5,8039622639305563520,0.5323638742758371,0.8166063955638668,0.49133214838069295,2.9004564965592423,1.1042381226540274,54.0,0.4933230996514393,2.2696136997212264,4.0
5,Processed,Awake,120,4,6,3567229615767199185,0.5167367416448359,0.8272585832326634,0.4768241730338635,2.8242411812961445,1.0658749224309647,36.0,0.5095277117333394,2.30885698595748,4.0
5,Processed,Awake,120,4,7,10049457728810440720,0.5615440252311283,0.7984567013975249,0.5020428891299832,2.8339305492214475,1.041504164480163,62.0,0.4995383301401168,2.267445515507125,4.0
5,Processed,Awake,120,4,8,11781163322075011002,0.4865993540789327,0.8384693288064684,0.5168855751252279,2.919045756746187,1.1014663987608073,39.0,0.544331848295284,2.294262155522584,4.0
5,Processed,Awake,120,4,9,11532049041723844981,0.5287419644484826,0.8111539239014998,0.5005540038318599,2.809782960803369,1.0406740984132568,49.0,0.48919692527873315,2.2329636751573902,4.0
5,Processed,Awake,120,4,10,13459717845758345573,0.5143546676198869,0.8138691929760102,0.49886890884328616,2.7632655670630353,1.00827995755652,38.0,0.5012061125089449,2.259802773658054,4.0
5,Processed,Awake,120,4,11,9759678906626969881,0.4999479078245553,0.8304184458787535,0.5152120218831514,2.9420022408225135,1.1274511866365222,55.0,0.49802636134899936,2.2649729672983043,4.0
5,Processed,Awake,120,4,12,10761265889866088633,0.4995034751315008,0.8303088185319882,0.4979109438840285,2.794222423732107,1.0221965376863749,36.0,0.5056381431638235,2.2690405282921144,4.0
5,Processed,Awake,120,4,13,13751609169822941516,0.4747503648604601,0.8322990188617418,0.4963758915999169,2.801211489611151,1.0457318328328638,54.0,0.49185152697306156,2.2833949525799713,4.0
5,Processed,Awake,120,4,14,16231883293171802690,0.4889222203386941,0.8384440276808317,0.5104799058193485,2.921527181451879,1.104779890133802,41.0,0.5211040834699107,2.2603003754693365,4.0
5,Processed,Awake,120,4,15,14643973728042148512,0.541984553425165,0.8079406065879746,0.5193208836361118,2.819588920917408,1.0316463091706847,37.0,0.5146926432907828,2.2621046490983336,4.0
5,Processed,Awake,120,4,16,1103626687558065913,0.5032226816272058,0.8316814242359095,0.5256111354770204,2.9006369426751593,1.102150057077542,37.0,0.5119053115117379,2.2680900025568906,4.0
5,Processed,Awake,120,4,17,13167376818167099270,0.545691624581545,0.8043815359426719,0.49965374760508763,2.832624484721586,1.0660258237988882,44.0,0.48476489462385447,2.2346900771481777,4.0
5,Processed,Awake,120,4,18,16356659943009363039,0.5232189564881822,0.8126807244671261,0.4936751229196002,2.8116084927364753,1.0368951400319435,46.0,0.4880427506290252,2.2739372428813422,4.0
5,Processed,Awake,120,4,19,6947446797815439644,0.49458995637488,0.8299998172377763,0.4986149904203504,2.8078122968932795,1.03790775452491,52.0,0.49456383739987536,2.2608558011924234,4.0
5,Processed,Awake,120,4,20,7806222807399727845,0.5162294077624554,0.8230866597194925,0.514727268530274,2.8694505211684467,1.0860375526924317,42.0,0.5016389280025854,2.278293232688578,5.0
5,Processed,Awake,120,4,21,16639603211383365262,0.4931687643426677,0.8257543081666926,0.5013388425936612,2.8366094168353686,1.059992746257978,46.0,0.5014484891853835,2.2892483599863005,4.0
5,Processed,Awake,120,4,22,17259765334298794601,0.5362730296688272,0.8148696462760765,0.5018351376930357,2.8886526707414295,1.0917997959611336,32.0,0.4966355808961012,2.2591814769117686,4.0
5,Processed,Awake,120,4,23,8238509735691394001,0.48868200270924433,0.8328844323719536,0.5184552526488309,2.7914491672880937,1.0335942451060653,43.0,0.5036760462593199,2.2428688903736442,4.0
5,Processed,Awake,120,4,24,3252430389242351185,0.511015282386984,0.8177026607049251,0.5149581034602156,2.8023993467747,1.0438613546869884,37.0,0.5068211721797743,2.278302376258172,4.0
5,Processed,Awake,120,4,25,3382710472710391705,0.5024953862235217,0.8301986772777101,0.5288081992567115,2.920326343297852,1.1029934579602365,46.0,0.5277579003254772,2.2767943834491,4.0
5,Processed,Awake,120,4,26,1353818591758871906,0.5286857391220476,0.814959109100958,0.5012695921146788,2.8703324301103694,1.080995727482809,49.0,0.5096027330855705,2.2735839340885686,4.0
5,Processed,Awake,120,4,27,9622654492001148676,0.5335068262961167,0.8116245021652353,0.5069019644052538,2.8007780116064027,1.0505185320483985,49.0,0.4796865261651393,2.257952353788064,4.0
5,Processed,Awake,120,4,28,11617602375455745694,0.5183659705941864,0.827090896632414,0.5072828420396575,2.8717412610258086,1.0949235709818284,48.0,0.5012811338611759,2.2861353826718602,4.0
5,Processed,Awake,120,4,29,4824839414414719633,0.4914033977274428,0.8270469032012666,0.5208328524272293,2.886770726714432,1.0835690982510076,51.0,0.4916091502966229,2.2620887437265993,4.0
5,Processed,Awake,120,4,30,3494720870865292832,0.5293235347160619,0.8067203131154775,0.503324022991159,2.903202183609613,1.1017270129108723,41.0,0.47520255765102376,2.2605484942487717,4.0
5,Processed,Awake,120,4,31,6041685585918001396,0.5113674446965063,0.8158911568314308,0.5050783684587151,2.776184736408044,1.0101055941604935,51.0,0.4936058724406177,2.264361730290676,4.0
5,Processed,Awake,120,4,32,4518267991154741503,0.5511019913769499,0.8026599778478656,0.5092680224371552,2.90595363540569,1.0995308557072963,53.0,0.4942695228641998,2.2808106092884533,5.0
5,Processed,Awake,120,4,33,12350064305434183053,0.5282536815243858,0.818153846662602,0.4957872625285658,2.8166021900203266,1.0379401248068056,43.0,0.5256515315897602,2.286320281124498,4.0
5,Processed,Awake,120,4,34,1745088949655999360,0.5697445897553189,0.7961474422588986,0.5074444264906166,2.7696862794506742,1.005411395245143,32.0,0.5380935343136123,2.2948168930891906,4.0
5,Processed,Awake,120,4,35,2117772691257093845,0.5006382594852543,0.830325630500807,0.4928094919323192,2.8009708737864076,1.040299492603463,46.0,0.49596615959927054,2.2521160346951077,4.0
5,Processed,Awake,120,4,36,2801295259617868538,0.5023653419756283,0.8224443085356672,0.5283696128898225,2.9177182919056723,1.1191056745027184,37.0,0.513284550218139,2.279504856608319,4.0
5,Processed,Awake,120,4,37,18360636086565960191,0.5573476025186943,0.7996908713943404,0.4986611574063387,2.854830183692348,1.07685725510336,47.0,0.503260543385425,2.2782538272637023,4.0
5,Processed,Awake,120,4,38,13867168696896256714,0.4406248711281517,0.8466578222713007,0.4908473950278156,2.911680131452828,1.1166730125546112,48.0,0.5114955795110916,2.3222070844686646,6.0
5,Processed,Awake,120,5,0,3117467772423009465,0.517991999696986,0.8300021728901537,0.537833845017428,2.8415757058357216,1.0290180838974907,60.0,0.5557639482006417,2.297352099236641,9.0
5,Processed,Awake,120,5,1,3701741909077604032,0.46570370588222026,0.8489235276607214,0.494367627709425,2.743770418294792,1.0261233432028105,34.0,0.4813600794072159,2.226516829938873,4.0
5,Processed,Awake,120,5,2,9394193631075492917,0.5378408417758938,0.8082085629578768,0.5009695067057547,2.8846281650827406,1.0912805065153004,41.0,0.4965143925578819,2.222342761203668,5.0
5,Processed,Awake,120,5,3,4261421249711280670,0.4322875838905118,0.8661805431800068,0.5152466471226426,2.865156280084719,1.0858756664122664,44.0,0.4936058724406177,2.2474643964475276,6.0
5,Processed,Awake,120,5,4,12643209272704259576,0.45631303236330534,0.8607827187223072,0.5348329909281873,2.9361931314155365,1.1185024354698296,75.0,0.5250571316451605,2.30024776255246,10.0
5,Processed,Awake,120,5,5,17513053079404524330,0.4923364541071972,0.8330544636597472,0.5600401652778099,3.0106719612831174,1.1287758992199328,100.0,0.5480598324138408,2.3929147349324733,11.0
5,Processed,Awake,120,5,6,9593303115625766944,0.4369902964422585,0.8610839757800569,0.555596592876434,2.881134785731386,1.0903494446064683,44.0,0.5343482375753099,2.254101952383271,9.0
5,Processed,Awake,120,5,7,6724659146948338217,0.5593178382364329,0.8004874370311358,0.5031393550472057,2.7869198312236287,1.051967974970967,46.0,0.455818194409178,2.220641569906379,7.0
5,Processed,Awake,120,5,8,3567129476616045377,0.4264734941041158,0.8649646606216407,0.5751598531889845,3.060807075732449,1.1387395611031095,55.0,0.6040603864176727,2.4991404832394233,16.0
5,Processed,Awake,120,5,9,11880815315119178362,0.5242620970633148,0.8238643318884333,0.502596892961843,2.813049095607235,1.0580296774277238,46.0,0.4921746958749798,2.237890317501968,7.0
5,Processed,Awake,120,5,10,13097392635167327717,0.4684453146000496,0.842840122955087,0.5098797350015004,2.8978025582158087,1.0894603187636265,50.0,0.4649015489023799,2.1900231072448006,4.0
5,Processed,Awake,120,5,11,10332381496672324676,0.5460913510026585,0.8148265042163878,0.5076752614205582,2.8221480816117026,1.0739148821844042,55.0,0.47636250317398027,2.2295267934312877,5.0
5,Processed,Awake,120,5,12,4225190427732886209,0.4997400242647114,0.8361944693842995,0.5122227095404076,2.7948863278543987,1.0399259183108756,46.0,0.4742792179312574,2.214990297542044,4.0
5,Processed,Awake,120,5,13,15173706913462227372,0.43147247549085066,0.8691450982202351,0.5172895362526257,2.846554461733884,1.0681295117642202,48.0,0.5354447034925325,2.3031326018964404,9.0
5,Processed,Awake,120,5,14,11056772291380380841,0.46846930560455147,0.8499243108449124,0.5027584774128021,2.871267549930789,1.0930297608151531,43.0,0.5031335841739571,2.2524931535162507,4.0
5,Processed,Awake,120,5,15,7421080751595176876,0.49320441453510977,0.8462236074248838,0.5042935296969138,2.7829936305732486,1.0545358033770778,44.0,0.4789016874033379,2.200694794346177,4.0
5,Processed,Awake,120,5,16,16560722189642073794,0.5197439317591014,0.8222412795005972,0.5325592668682625,2.825251040901298,1.0697664991910285,45.0,0.5129382978232266,2.2368632977652507,8.0
5,Processed,Awake,120,5,17,11968096538151970525,0.45539105729295415,0.8508187226232388,0.4809907435193093,2.8048189527527256,1.0685085543048722,41.0,0.4772627594007525,2.229524990564512,4.0
5,Processed,Awake,120,5,18,10656028565775245012,0.5335551664632789,0.8186609511539298,0.5158929849264791,2.8214871859613684,1.0661218261642094,46.0,0.47673760993513536,2.20654932022757,4.0
5,Processed,Awake,120,5,19,15890390775173374022,0.41192354316839896,0.885105446803588,0.5455091064379862,2.9845920687042184,1.1204021358477951,42.0,0.5609750467440733,2.397415345155005,11.0
5,Processed,Awake,120,5,20,5906501527180094877,0.45695515247028506,0.8610836682599767,0.5247685879827335,2.8802103129355126,1.0808528824242778,56.0,0.5272616052261028,2.2687226857369884,5.0
5,Processed,Awake,120,5,21,4532991523749585148,0.5365375249654385,0.8198339442921215,0.5386533090187207,2.9577286266556815,1.1149734382144707,60.0,0.4950255072597585,2.2436702238962125,8.0
5,Processed,Awake,120,5,22,10072894106416928928,0.4939066442165725,0.8381616118939232,0.5460861937628402,2.882363691745355,1.0987462378453194,42.0,0.5380993051868609,2.327608587119321,11.0
5,Processed,Awake,120,5,23,16597704107547818719,0.4262727742816229,0.872323437215762,0.5400036933588791,2.8390169902912623,1.0654440255749158,45.0,0.5534382862814801,2.300801305119716,7.0
5,Processed,Awake,120,5,24,12388970967143646743,0.4943197537230907,0.8252154162350922,0.5193555088756031,2.753855569155447,1.0199423304354003,58.0,0.4514842685995245,2.165494906997343,4.0
5,Processed,Awake,120,5,25,1419061220799465915,0.4736829410616104,0.8513550941467931,0.504339696682902,2.729868182670082,0.9910991712472725,50.0,0.504616698598832,2.220974829188997,4.0
5,Processed,Awake,120,5,26,15305385345975189753,0.5523921969002608,0.8154459153155332,0.5211213960896562,2.8863389375439494,1.0980525624682385,46.0,0.49912859813947047,2.2374534354304636,9.0
5,Processed,Awake,120,5,27,3183136276051859300,0.5170790334611931,0.830517830107749,0.5142078899379054,2.7981409370682075,1.0502063734559075,45.0,0.4853419819487085,2.2170612115780037,6.0
5,Processed,Awake,120,5,28,12606857396981939661,0.4613415818717674,0.847711346523503,0.5060940421504582,2.810473016279964,1.054969902262422,40.0,0.47679531866762076,2.2332414315061087,9.0
5,Processed,Awake,120,5,29,3106097921296941271,0.4421147297264379,0.8658924927858307,0.5284042381293137,2.8538835556663757,1.0780334136043508,46.0,0.531987950416657,2.2763976689055707,13.0
5,Processed,Awake,120,5,30,9665791593815091813,0.47991162144667804,0.8434248373432054,0.5039819025414926,2.8339823468328142,1.079692744549098,44.0,0.4988573670967891,2.2277658943896093,6.0
5,Processed,Awake,120,5,31,5598465713577857402,0.47337387326819047,0.8421773383260254,0.5103183213683895,2.8825216767716277,1.1100058646960527,47.0,0.4688430553311327,2.207090464547677,4.0
5,Processed,Awake,120,5,32,15100221406743109051,0.46713827651319595,0.8488469529840046,0.529593038018513,2.8574542284219704,1.0714885065860904,47.0,0.5235682463470372,2.269909179614201,7.0
5,Processed,Awake,120,5,33,5314900243817429698,0.475205014757454,0.8353613334499639,0.5187553380577549,2.873050370749169,1.0955689310856507,47.0,0.46742342051199187,2.2017233880613243,6.0
5,Processed,Awake,120,5,34,15580337737300086951,0.42387701354894014,0.8673592606229069,0.5388726022021653,2.9417806061369793,1.1134303884227534,47.0,0.5482271877380486,2.429020710815648,11.0
5,Processed,Awake,120,5,35,18224624591088009707,0.43610745861907574,0.8690912015384552,0.5093949816486231,2.854232684472612,1.0781855553301403,49.0,0.5139597423882182,2.264800122062862,10.0
5,Processed,Awake,120,5,36,1317989721714925450,0.4921968968016567,0.8324344092306211,0.504316613189908,2.857937078945647,1.1014719406693363,40.0,0.4803213222224787,2.2275987581629377,8.0
5,Processed,Awake,120,5,37,17461851824046786721,0.4744292143559179,0.8506070602875151,0.5007848387618015,2.8318104686072316,1.07898552646144,46.0,0.49418873063872026,2.2462817721585395,6.0
5,Processed,Awake,120,5,38,3262144987386181150,0.4418325136600962,0.8569236929892136,0.5444588075067519,2.9717147536852715,1.1393670552166695,50.0,0.48773112347360403,2.247228057113989,8.0
5,Processed,Awake,120,6,0,953662856188703440,0.487141437528659,0.835916548244971,0.5170817848156783,3.070033577742753,1.1964254294666303,60.0,0.40872786870109185,2.1673245815355426,9.0
5,Processed,Awake,120,6,1,14913363730541347036,0.5021670790276134,0.8206576825651408,0.518189792479398,2.956278395996576,1.1447048959895896,53.0,0.3871563444980494,2.150187493990577,4.0
5,Processed,Awake,120,6,2,7558734535029861100,0.5293857164373095,0.8067611236362628,0.5021352231019598,2.8938406279100706,1.1105793740139005,38.0,0.3927367789293876,2.1643238773692914,4.0
5,Processed,Awake,120,6,3,17657686642718089523,0.5630477287297599,0.7898888999000714,0.5124997114563375,2.9377439629507114,1.114578956379884,55.0,0.3849980379030955,2.1488066479853125,6.0
5,Processed,Awake,120,6,4,14689275667610841502,0.5818435619194823,0.7888115849026411,0.5170125343366958,3.0250540248514315,1.1662138379682814,55.0,0.384490201057224,2.1454885038964386,4.0
5,Processed,Awake,120,6,5,5133753709591035760,0.5789181833935167,0.7879412625577621,0.5301701253433669,2.9224456037663824,1.1241153513158433,58.0,0.4382343436208767,2.188128511741824,7.0
5,Processed,Awake,120,6,6,10505160416478162597,0.5808642961482268,0.7792602495111117,0.5388956856951594,2.983641127228577,1.1437799073194985,46.0,0.3944795826504467,2.1163157894736844,4.0
5,Processed,Awake,120,6,7,9340817906979403930,0.5755097241940127,0.7706800341568023,0.5163431130398652,2.8411660104153436,1.0675203177681103,58.0,0.3399736848179867,2.1129043827558998,4.0
5,Processed,Awake,120,6,8,13948534472881536366,0.5211888986393729,0.8164157633867712,0.5189284642552111,2.8666794185156848,1.08219668666416,52.0,0.4398501881304679,2.184864554966318,4.0
5,Processed,Awake,120,6,9,9883796286229399373,0.5244485766812712,0.8066070308340695,0.516308487800374,2.903108572911935,1.1030457238657085,61.0,0.37823457445580666,2.144698952879581,7.0
5,Processed,Awake,120,6,10,691897624072098583,0.536253083260932,0.8014032509189154,0.5124073774843609,3.017672648178358,1.1784584587866105,48.0,0.38620415041204037,2.1632026376183857,4.0
5,Processed,Awake,120,6,11,9071088186491921686,0.5708003648033206,0.7821062009569996,0.5212714387941183,2.957113861062005,1.121207550502493,62.0,0.40493063410355257,2.152062567090937,7.0
5,Processed,Awake,120,6,12,8716040050837853929,0.5666762921926677,0.7800594081336656,0.5281964866923663,2.840191150003103,1.0741058787991178,52.0,0.3684644860460285,2.1123168028583716,4.0
5,Processed,Awake,120,6,13,10906099520502619653,0.5132036754111189,0.8250191891132758,0.5283465293968284,3.0110504505689666,1.1665471719094835,46.0,0.3987384871078692,2.1499471031178046,4.0
5,Processed,Awake,120,6,14,14927529346001009568,0.590922476222587,0.7716004721766097,0.5361025830428661,3.0311276429130776,1.171987495919938,45.0,0.39103437132106833,2.1505649358892978,7.0
5,Processed,Awake,120,6,15,14150493373731249314,0.5964372848271176,0.766373503475542,0.5196555942845271,2.9677674510579397,1.132211967160318,52.0,0.39934442879896587,2.13501172405282,4.0
5,Processed,Awake,120,6,16,16344581086654391048,0.5810008913654701,0.7809961065590172,0.5341866531243508,2.9178539906695247,1.1258286958744075,45.0,0.3963089494702338,2.1435839810219433,6.0
5,Processed,Awake,120,6,17,17471181132564756445,0.5279072785493023,0.8074198373661962,0.546063110269846,2.911866075824717,1.1128688142507968,48.0,0.40436508852519565,2.1308883009457773,4.0
5,Processed,Awake,120,6,18,7194627538397362867,0.5926807549245628,0.7739664808755689,0.5412271184875695,3.0487614589428516,1.1602635801251298,48.0,0.38461716026869186,2.1358800153826434,4.0
5,Processed,Awake,120,6,19,2617365225715450102,0.49888291311462674,0.826025701548102,0.5193208836361118,2.900657555440949,1.1039213358240487,49.0,0.40033701899771473,2.1333415339196753,4.0
5,Processed,Awake,120,6,20,6645622583459590276,0.5650053639954451,0.7851509983633974,0.5443549317882782,2.905260564247875,1.111467445538504,43.0,0.3784884928787424,2.1407448509971605,8.0
5,Processed,Awake,120,6,21,992793146399961575,0.5330703611274699,0.8107776295024594,0.5529766164215969,2.9991236306729263,1.1640986574239323,51.0,0.42732739318113616,2.159177722700102,8.0
5,Processed,Awake,120,6,22,9700696755571280770,0.5584363682353228,0.7871949600374,0.5441471803513308,3.0756083240915912,1.2071245776601083,65.0,0.36376699522171696,2.1381567789423697,4.0
5,Processed,Awake,120,6,23,16665111820666744742,0.6076247633768443,0.7629614062541292,0.5285311973407816,2.968944502074689,1.1408685800662899,43.0,0.3508517808914845,2.129641305870814,4.0
5,Processed,Awake,120,6,24,8156145196775972026,0.6033687198934914,0.7690832702263116,0.534798365688696,2.97846628527351,1.1376459926371612,60.0,0.3681240045243646,2.1269714247607614,4.0
5,Processed,Awake,120,6,25,8363117318478955720,0.6292746212407028,0.7512279306037801,0.5281156944668868,2.9262006778793888,1.106435404871836,45.0,0.3733697283072875,2.125459921156373,4.0
5,Processed,Awake,120,6,26,5857001635206416041,0.62614551960831,0.7550585440392182,0.5180397497749359,2.879209699146834,1.094929761825167,80.0,0.36722951917084096,2.140862602610685,4.0
5,Processed,Awake,120,6,27,9992609126171542052,0.630791074842024,0.7571020685902384,0.5260612635904065,2.9131407388469897,1.1137630430288323,42.0,0.38649269407446735,2.146708122315533,4.0
5,Processed,Awake,120,6,28,5393501023187375235,0.591877108065216,0.7719098694003986,0.531774428106461,2.938580266598635,1.1288506176302358,58.0,0.3527734816832483,2.130559040847623,4.0
5,Processed,Awake,120,6,29,7812882028838815375,0.5995988864832286,0.7715331502088568,0.5208674776667205,2.907047152795671,1.1017189127102114,42.0,0.38464024376168604,2.1359397532446724,4.0
5,Processed,Awake,120,6,30,4912659340547474751,0.5806696449719707,0.7810098817167607,0.530320168047829,2.9573276694342536,1.1180016751343833,50.0,0.3710382955148773,2.1244011234098794,4.0
5,Processed,Awake,120,6,31,1850448459371238586,0.5803903763379182,0.7792236634067788,0.5314050922185545,3.0499470058293587,1.1804440175029178,53.0,0.3767110639181921,2.147302631578947,4.0
5,Processed,Awake,120,6,32,7030105378440997570,0.5797993033061731,0.7684748607112798,0.5413194524595462,2.9687935181668568,1.1292610144518875,59.0,0.38542508252348745,2.1324393358876117,4.0
5,Processed,Awake,120,6,33,4837585511898694995,0.611080288766278,0.7647681056482549,0.5287504905242262,3.0181171355161736,1.1720557813613741,52.0,0.39048036748920845,2.1362631811580477,5.0
5,Processed,Awake,120,6,34,2892325370731951570,0.599201305588049,0.7687692596468083,0.523245077445119,2.886292735722926,1.093195416479198,60.0,0.37794025992013114,2.1440825012276967,4.0
5,Processed,Awake,120,6,35,257003998139637702,0.5385491569163551,0.8049014298475465,0.532339973684818,2.95338413267593,1.1225126406682178,53.0,0.39727268530274,2.151617440225035,8.0
5,Processed,Awake,120,6,36,7935562775155646395,0.5526290109804588,0.7943624216098675,0.5186630040857783,2.9837328198658786,1.1562253881467335,61.0,0.35550310472980773,2.1462964253362133,4.0
5,Processed,Awake,120,6,37,4957948742204410719,0.6070197586956897,0.7635582955987439,0.5134923016550864,2.9204411185506105,1.1362935322018848,39.0,0.36223771381085385,2.1262109613169837,4.0
5,Processed,Awake,120,6,38,2243995631928538863,0.6139715364211865,0.751586405603124,0.5462477782137993,3.026086956521739,1.175952955707192,45.0,0.3760589552411071,2.133759004584152,6.0
5,Processed,Awake,120,8,0,8113217347014883907,0.6834288571271041,0.6977425996466572,0.5349253249001639,2.8418051382672145,1.0525853426496794,54.0,0.3706805013734678,2.088334742180896,4.0
5,Processed,Awake,120,8,1,18067472789770593027,0.6924770849762262,0.6926597881145461,0.5319821795434085,2.860192367359603,1.083419440915769,45.0,0.3567149881120011,2.097346634093377,4.0
5,Processed,Awake,120,8,2,9714657944611365579,0.6600035822906121,0.7118383373692612,0.5556889268484106,2.935731707317073,1.094084693070084,48.0,0.3694339927517832,2.100777737669412,4.0
5,Processed,Awake,120,8,3,14232597250052266621,0.6962898816301253,0.6871970944866415,0.5277463585789802,2.8936210606252373,1.103709306746542,65.0,0.36983218300593246,2.0998722107539565,4.0
5,Processed,Awake,120,8,4,17852200049084063835,0.7103293425492385,0.6673140272808502,0.553853789155375,2.906013443953249,1.0891908874389273,64.0,0.28996906811938783,2.068714232780271,4.0
5,Processed,Awake,120,8,5,6935133333190639158,0.6911759789522246,0.6920395953713361,0.5678077606703447,2.9933678125950713,1.160190177229901,46.0,0.33621684633318716,2.0678994817917227,5.0
5,Processed,Awake,120,8,6,12828272816972678826,0.685097661921317,0.6944685094983107,0.5221139862884051,2.824311668851845,1.055741434513685,47.0,0.3462870201518894,2.075398609621969,4.0
5,Processed,Awake,120,8,7,1723078614415779742,0.6469285834569002,0.7178795743357319,0.5200480136654279,2.8861132462208556,1.1047715538145784,46.0,0.33845594515362065,2.0845566020970323,4.0
5,Processed,Awake,120,8,8,13367164186152588334,0.693747334631256,0.6879478469074595,0.5181667089864038,2.855371112383133,1.0774999668242882,45.0,0.3274797442348976,2.0746170438343143,4.0
5,Processed,Awake,120,8,9,11778562739650021538,0.6915367555248406,0.6832878635364845,0.571039449689527,2.917733089579525,1.1081888231339543,44.0,0.3158976016250779,2.0700347905006806,4.0
5,Processed,Awake,120,8,10,1002178488180238401,0.7054884046909967,0.6818595547548232,0.5292698691165947,2.820927657480315,1.0551683449313922,61.0,0.32021998568823434,2.09812076984157,4.0
5,Processed,Awake,120,8,11,18412466736384878200,0.675996626721663,0.6943949842036683,0.5471364926940745,2.791978326167619,1.014592823958301,46.0,0.3655675076752614,2.0939080421776355,4.0
5,Processed,Awake,120,8,12,14811667108782395843,0.6695872486888808,0.699464472635717,0.5734516747074168,3.0028405656956365,1.1749151642257274,56.0,0.30149350199672215,2.0719413047789015,4.0
5,Processed,Awake,120,8,13,398875000146509263,0.6421090291968887,0.7334376688657893,0.5322360979663443,2.8656475267213524,1.0806699148453804,49.0,0.38826435216176913,2.1102154753316813,4.0
5,Processed,Awake,120,8,14,9101759202962982344,0.6473859552584839,0.718956328837455,0.5390111031601302,2.923746321918237,1.1124543850724238,56.0,0.34624662403914963,2.0848187914798983,4.0
5,Processed,Awake,120,8,15,9933026262164327306,0.6753231710138131,0.7062685738337827,0.5496064264444496,2.888801261829653,1.0904230551756076,71.0,0.3509671983564553,2.095331610680448,4.0
5,Processed,Awake,120,8,16,9798779906008044335,0.6989981122810537,0.6804531767705929,0.5688349761085848,2.9784855260772347,1.1277861787709145,48.0,0.33330255534267444,2.0692175408426485,4.0
5,Processed,Awake,120,8,17,5562836004397803086,0.7166079738874648,0.6737260474111868,0.5467325315666767,2.9304051964120013,1.1212287625576225,62.0,0.33691512199626045,2.081206331099387,4.0
5,Processed,Awake,120,8,18,17944555911366613919,0.6992658536567017,0.67983579817975,0.5496295099374437,2.8725419230305222,1.0549811127987363,64.0,0.33568592599432145,2.06083044001984,4.0
5,Processed,Awake,120,8,19,3145451152180125783,0.6829048157316238,0.6970661089675506,0.5376145518339835,2.8576687116564417,1.073739246765157,64.0,0.36063341104775976,2.086822947973018,4.0
5,Processed,Awake,120,8,20,5739742452849892262,0.6798762762337938,0.6964604030811548,0.5755753560628795,2.979922318494174,1.137512385324386,64.0,0.31514161722951917,2.068209362217846,4.0
5,Processed,Awake,120,8,21,11237140646107182238,0.6925221020060425,0.6910995261935674,0.5237298307979964,2.8926499649391215,1.091561368182065,57.0,0.3526984603310173,2.089541522787104,4.0
5,Processed,Awake,120,8,22,14019479513370044717,0.6608790824790295,0.7065174990334568,0.5432238406315644,3.0035737077217615,1.1485723765143043,83.0,0.33305440779298723,2.080797519469282,4.0
5,Processed,Awake,120,8,23,13922674881838369106,0.6827943480522416,0.6991745864347434,0.538837976962674,2.9213440961141357,1.1011311495326142,44.0,0.31998915075829276,2.0782204565046287,4.0
5,Processed,Awake,120,8,24,9912514478036104624,0.6385167303440502,0.7176719546700266,0.5855589667828536,2.9845285016765692,1.1443403026334353,47.0,0.31095196325107916,2.0661451742781547,4.0
5,Processed,Awake,120,8,25,12723877750733190845,0.678096164994412,0.6953102007607537,0.5635373144664251,3.0336129232680955,1.1742060567982011,47.0,0.30484637935412384,2.075149277184161,4.0
5,Processed,Awake,120,8,26,10024841566022539646,0.707804565488156,0.6797180969440002,0.562071512661296,2.981449736745439,1.1588054517523294,45.0,0.3218877680570624,2.0797166293810587,4.0
5,Processed,Awake,120,8,27,10934347871486564382,0.7298952934099316,0.6559570308946417,0.5920454283142125,3.0597077244258872,1.172130329210622,49.0,0.29619006948131393,2.0521791283486603,4.0
5,Processed,Awake,120,8,28,14261300053498433787,0.6560901537539555,0.7152304190545717,0.5413079107130491,2.9279560494443753,1.104834538868458,43.0,0.35806537245215947,2.0894059806034484,4.0
5,Processed,Awake,120,8,29,11093025396756672165,0.6639323166206565,0.7064461454279933,0.5508067680801458,3.0139573070607555,1.1816719623568341,52.0,0.3242826804552065,2.0989466606902734,4.0
5,Processed,Awake,120,8,30,17263043969601270822,0.6682514457391708,0.7047604674211829,0.531612843655502,2.8474282888229476,1.0789518931668014,60.0,0.33283511460954274,2.0790526657294257,5.0
5,Processed,Awake,120,8,31,12368605891956410632,0.6995591472232369,0.6781926248126973,0.5215368989635512,2.8530748831923223,1.068573215171677,48.0,0.3362399298261813,2.0601442613676544,4.0
5,Processed,Awake,120,8,32,125023944724369502,0.6876951060450023,0.6831226963556574,0.5694120634334388,2.9689474634410544,1.143907010452172,39.0,0.3030458669005794,2.053695737192022,3.0
5,Processed,Awake,120,8,33,13392760059383331022,0.6825396709701343,0.695613447167574,0.5420234989958681,2.9143601836912003,1.1003333212896758,41.0,0.3461889153066642,2.0695139200331183,4.0
5,Processed,Awake,120,8,34,17171113718481821730,0.6904689348090943,0.6850465624795492,0.5508413933196371,2.998240985048373,1.1569254540977303,82.0,0.32261489808637844,2.0676850242260607,4.0
5,Processed,Awake,120,8,35,8677603960909466275,0.7147440191402469,0.6614969163111781,0.553138200872556,3.0228964299230476,1.1647117547422774,45.0,0.31214653401352693,2.0785459017023404,4.0
5,Processed,Awake,120,8,36,2462287453532264973,0.7205811374411322,0.6632190956199225,0.5539807483668429,2.964120298894584,1.149813813985445,44.0,0.29298723482837424,2.0674349472655456,4.0
5,Processed,Awake,120,8,37,17928947659682733661,0.708780253897414,0.6737332695864169,0.5348906996606727,2.8421439960750643,1.0491673860601594,46.0,0.3695782645829967,2.0939022396599642,5.0
5,Processed,Awake,120,8,38,6932902107438830044,0.7175432078909769,0.666416985649385,0.5465824888622146,2.834730037112415,1.0542762629726457,62.0,0.34426144364165184,2.078281772575251,4.0
5,Processed,Awake,120,9,0,1810146502541936227,0.4232513973299162,0.8654219210305764,0.5112070358486647,2.9009693476552267,1.1000746938030088,51.0,0.5179358740564622,2.2901834698512338,8.0
5,Processed,Awake,120,9,1,2700999016393072068,0.4308938412380133,0.8674068417695796,0.4986842408993329,2.8191961372830483,1.0486476635564972,48.0,0.5183513769303572,2.2802670660810844,5.0
5,Processed,Awake,120,9,2,6752354185428402528,0.4399837765855433,0.851567305393017,0.48628840516146904,2.87322695035461,1.0896951734593272,47.0,0.4842743703977286,2.2336767015358405,4.0
5,Processed,Awake,120,9,3,2631814097105005772,0.4117893733172824,0.8686630449006353,0.5022506405669306,2.8621415416995526,1.075632218495861,42.0,0.47949608734793747,2.2446779770909875,4.0
5,Processed,Awake,120,9,4,6828512865312632828,0.4319943435974022,0.8674423584700861,0.48110616098428016,2.8189626022857914,1.0366367500689355,45.0,0.4979224856305256,2.2424888242021,4.0
5,Processed,Awake,120,9,5,13445647354779561004,0.38953774635649263,0.8866083606700426,0.5052861198956626,2.9530522765598652,1.1109036107969805,53.0,0.48437247524295374,2.246747684565555,6.0
5,Processed,Awake,120,9,6,4168657572328319018,0.4112643537440407,0.8745488646148696,0.49888045058978325,2.8773798428970845,1.0832467472567056,40.0,0.49733385655917456,2.2515414358867174,4.0
5,Processed,Awake,120,9,7,8178378195595461221,0.44360498627565753,0.85267599037611,0.48650769834491353,2.8063914780292945,1.0291545765182681,46.0,0.4717919715611366,2.216276295814357,4.0
5,Processed,Awake,120,9,8,8513068046507100496,0.4702924275008773,0.8494949984222032,0.5002192931834445,2.8354596009159305,1.0569656968549181,54.0,0.46049837261374393,2.197295957704593,7.0
5,Processed,Awake,120,9,9,16775878032826173263,0.44476151627760413,0.8532390897630447,0.5021929318344451,2.878473141042604,1.0951348515832053,51.0,0.5018120542000416,2.2827291103352323,4.0
5,Processed,Awake,120,9,10,14102891092864524529,0.3877826223424376,0.8721161888369942,0.5,2.849690830153927,1.0702018706387155,51.0,0.4781514738810277,2.233074601121173,4.0
5,Processed,Awake,120,9,11,16485580555341941743,0.4075885423871148,0.8697568013214413,0.518189792479398,2.926601916433088,1.1085224991064582,46.0,0.46968560282541955,2.224776535549299,4.0
5,Processed,Awake,120,9,12,55767551116662402,0.42388720662424734,0.8707620095094827,0.5101798204104245,2.7527089301282848,1.023385638353085,47.0,0.5178839361972254,2.26716014450648,7.0
5,Processed,Awake,120,9,13,3494700701132753602,0.37487152960795145,0.883751862338666,0.5019043881720182,2.8852176220806793,1.0751406829926324,47.0,0.5155467325315667,2.2901381732420725,4.0
5,Processed,Awake,120,9,14,10193551153133725861,0.41102954547843784,0.8739792110566554,0.518778421550749,2.8660332844481284,1.0773419140055545,65.0,0.5062902518409086,2.2572942932125764,4.0
5,Processed,Awake,120,9,15,2796411105488076255,0.38765525021255925,0.8808258229062456,0.48184483276009327,2.8321009429482396,1.0570002321750251,44.0,0.4918342143533159,2.2632445494861515,6.0
5,Processed,Awake,120,9,16,3680291141344171465,0.40264269792633106,0.8667267058999102,0.4993767456891577,2.8530827563468515,1.0452860768921841,48.0,0.49886890884328616,2.2579600365678463,9.0
5,Processed,Awake,120,9,17,10225686123733728965,0.4203805651447816,0.869143237154241,0.48715403614875,2.835225364411903,1.062202901622237,36.0,0.5040338404007294,2.2589163326005433,4.0
5,Processed,Awake,120,9,18,12969352084028746890,0.4125792764932854,0.8746139996234198,0.5279194847764364,2.8025243551252985,1.0355914562482507,51.0,0.5130825696544401,2.252343314586817,4.0
5,Processed,Awake,120,9,19,342423355811854189,0.3916172795014226,0.8720281397363568,0.4921631541284827,2.8782990212622344,1.0796469058529963,46.0,0.49179381824057616,2.2542588085916835,5.0
5,Processed,Awake,120,9,20,9159000551605880701,0.4234864273042695,0.8676609661006506,0.4837261374391173,2.7671332364980854,1.0157407866282495,62.0,0.49382516562406226,2.2400460720923534,4.0
5,Processed,Awake,120,9,21,14221801941069934439,0.41275197730944563,0.8731942505007958,0.5118879988919923,2.8855562784645414,1.071069806907172,49.0,0.4870328478105307,2.2490339773484345,4.0
5,Processed,Awake,120,9,22,7840013089416888921,0.43628857305476265,0.8534104720211146,0.5177858313520002,2.9290937581614,1.0940179239208705,56.0,0.506197917868932,2.27237636330665,4.0
5,Processed,Awake,120,9,23,1393378965102370967,0.4164667091285435,0.8602475301612238,0.5132499249786477,2.810047393364929,1.0342843106865884,44.0,0.4904722882666605,2.2525509527974346,4.0
5,Processed,Awake,120,9,24,5246092893399447055,0.43452922868109334,0.8644786743858448,0.4980609865884906,2.8261837710393607,1.0414159603776474,47.0,0.48961242815262807,2.2476488197737567,4.0
5,Processed,Awake,120,9,25,8817209287660831403,0.41667436719445516,0.8658494117046022,0.49675676923432055,2.787745320292765,1.0256750724414594,45.0,0.5042762170771681,2.2622259041603026,6.0
5,Processed,Awake,120,9,26,4798332683890848717,0.41192229055195195,0.8615160141565953,0.4971722721082154,2.806254071661238,1.045458509467615,56.0,0.5146003093188061,2.269873997709049,5.0
5,Processed,Awake,120,9,27,18303624627612703129,0.428558808740125,0.8677899608608198,0.5055515800650955,2.907534019249917,1.097245392342733,54.0,0.47378292283188295,2.233986394557823,4.0
5,Processed,Awake,120,9,28,4249986452094125678,0.4215989039982628,0.8671486224898936,0.5099836107199741,2.850709677419355,1.0665995474351786,48.0,0.5042993005701623,2.260573764130688,4.0
5,Processed,Awake,120,9,29,2494091424648811883,0.4067869487248108,0.8787187372834023,0.4969414371782738,2.858584517328376,1.0433719972866746,46.0,0.49918630687195586,2.2685811696826645,4.0
5,Processed,Awake,120,9,30,6649907406467299347,0.40921280164887763,0.8724264772656729,0.5191823826781469,2.901941810205793,1.1047183850957554,39.0,0.4886890884328617,2.231527353220196,9.0
5,Processed,Awake,120,9,31,13781368793933750118,0.39932003603116845,0.8688862837323988,0.499134369012719,2.7626165836207996,1.0244683722618746,40.0,0.4835241568754184,2.2353929886345445,4.0
5,Processed,Awake,120,9,32,16886321300868027664,0.40931934159635874,0.8718665334865591,0.5161238198564206,2.8822429906542055,1.0812481323739156,40.0,0.46757346321645393,2.217681675106063,4.0
5,Processed,Awake,120,9,33,9544961393046536878,0.4438183213506154,0.8592553990377315,0.507086632349207,2.899234525537812,1.083541338448625,50.0,0.4527019228549664,2.2285162353342236,4.0
5,Processed,Awake,120,9,34,15553200916106980663,0.409113977685905,0.864387525124783,0.4986380739133446,2.9122345803842267,1.092261138592272,55.0,0.49404445880750675,2.24586164379968,5.0
5,Processed,Awake,120,9,35,12710520352102051792,0.4103363730294245,0.8729174190171698,0.5090141040142194,2.871597864305248,1.0494468964889765,41.0,0.5154601694328386,2.279003903758324,4.0
5,Processed,Awake,120,9,36,10692300136383669566,0.4246818557774721,0.8681269895011562,0.4829182151843217,2.7884705098300566,1.018456192116877,62.0,0.4789593961358233,2.2508000216955035,4.0
5,Processed,Awake,120,9,37,16014208615009492451,0.41307444960293804,0.868789347106596,0.491770734747582,2.7826541274817136,1.0238947486811465,39.0,0.49539484314766513,2.236685773840542,5.0
5,Processed,Awake,120,9,38,10201128517091422860,0.3971038435736211,0.8777404448263436,0.511403245539115,2.9233357524576102,1.1056823881932318,50.0,0.5032836268784192,2.2727177963672376,4.0
5,Processed,Awake,120,10,0,11141280272388430693,0.5397157322802384,0.8066887199507385,0.48117541146326265,2.717908598996023,0.9893691914283372,36.0,0.4627663258004201,2.1754700089525514,4.0
5,Processed,Awake,120,10,1,17898257524583923050,0.6097931059565145,0.7758532196947882,0.451339996768311,2.635640628159331,0.9332901490816664,44.0,0.4349680293622031,2.1884036931653212,4.0
5,Processed,Awake,120,10,2,10541648811722240674,0.5185917871689504,0.8301017105742212,0.46343574709725077,2.6426879031196524,0.9320170150693043,43.0,0.4873502458392004,2.235664742944883,4.0
5,Processed,Awake,120,10,3,11915455812261430884,0.4956958642802858,0.8340773477057662,0.45883059024491585,2.668411867364747,0.9642822123942323,31.0,0.4619987996583643,2.229751559714795,5.0
5,Processed,Awake,120,10,4,1574386632955202302,0.49069658413862893,0.8396697804429512,0.43261928395004734,2.7573194056201267,1.0237565591862665,51.0,0.4088028900533229,2.2095757953836554,4.0
5,Processed,Awake,120,10,5,1931175364542821393,0.4914644150684244,0.8373956764408922,0.45975392996468223,2.7153374233128833,1.0086968370858271,34.0,0.42740818540661574,2.2045840154784937,4.0
5,Processed,Awake,120,10,6,6819933404748762235,0.5583340294637187,0.800482523702644,0.46723298169479005,2.703125,0.9963729463686842,51.0,0.43903649500242375,2.196817879934163,4.0
5,Processed,Awake,120,10,7,16022222746069330529,0.5144983440344565,0.8292199448929936,0.46217769672906905,2.6388138385502473,0.9326654856178709,54.0,0.4726979986611574,2.208319853337647,4.0
5,Processed,Awake,120,10,8,13744237611810991864,0.5166496004129381,0.8316147054080231,0.45474481198494954,2.6892362296089005,0.9788133375295593,40.0,0.4564645322130145,2.2093796262674226,4.0
5,Processed,Awake,120,10,9,1490981070069360281,0.5792022756887649,0.7936712595222124,0.48271046374737425,2.693739533685431,0.9658012808590652,40.0,0.42805452321045223,2.188440431934856,4.0
5,Processed,Awake,120,10,10,18265957048068417731,0.5264916847710698,0.8195554975025944,0.45297892477089635,2.6292624103972666,0.9380867410608389,34.0,0.4787054777128875,2.1961822562283233,4.0
5,Processed,Awake,120,10,11,12260814334611577916,0.5229484866539722,0.8239315578712569,0.45746866415826043,2.70885729907053,0.9922381449520163,33.0,0.43656079037880013,2.2003141269887436,4.0
5,Processed,Awake,120,10,12,1278502572796575435,0.5285487571807482,0.8228823388503601,0.47415802959303804,2.6728692257644764,0.9588903639962749,46.0,0.46288174326539094,2.2092767035751666,4.0
5,Processed,Awake,120,10,13,16847389211578354348,0.5649580334210271,0.798484636149787,0.45947692804875234,2.621148274953911,0.9091293080994831,38.0,0.4820583550702892,2.212208686440678,4.0
5,Processed,Awake,120,10,14,108323856472117998,0.5037107227908186,0.8308160868587814,0.45756099813023704,2.648229792919172,0.9531684112751163,33.0,0.4450843701668937,2.1976349907394215,4.0
5,Processed,Awake,120,10,15,18394090464417500472,0.5232856590490974,0.8213690200935804,0.44968952701922854,2.656801909307876,0.9468326981432038,36.0,0.4523845248262967,2.197981214075424,4.0
5,Processed,Awake,120,10,16,6507844056968191517,0.5620042934867512,0.7973994189063561,0.47868239421989334,2.7337683738712015,0.9928351800851954,70.0,0.44948754645552963,2.1850085561197297,4.0
5,Processed,Awake,120,10,17,466462384406526196,0.5785650604289203,0.7906800699216805,0.4499549871886614,2.707667731629393,0.9970610860233312,38.0,0.4363818933080954,2.1830306879528854,5.0
5,Processed,Awake,120,10,18,4380955178142518503,0.5057804588918616,0.828301529726707,0.4598116386971677,2.6910970008105917,0.9822733400435845,31.0,0.45753214376399437,2.21090351366425,4.0
5,Processed,Awake,120,10,19,7467218639186155939,0.5073079804619078,0.8155947744512724,0.4476581796357425,2.658031798245614,0.9553777829008296,44.0,0.44584612543570096,2.185330806437926,4.0
5,Processed,Awake,120,10,20,13532364432375882609,0.5068325937928637,0.8358717218244172,0.45517185660534154,2.6580171193637527,0.9487614323042631,43.0,0.4559509244938944,2.2112790372236217,4.0
5,Processed,Awake,120,10,21,3204627296485526512,0.5560803953347586,0.7951396546032251,0.4435839431222733,2.607925629368257,0.9124957558855399,39.0,0.42736201842062743,2.2111910662566063,4.0
5,Processed,Awake,120,10,22,9825533363812563231,0.528587601848907,0.8134892092207703,0.46734839915976084,2.656781051112132,0.9417263313405007,33.0,0.45588744488816046,2.196585474363252,4.0
5,Processed,Awake,120,10,23,11579847839081904167,0.5155395460954896,0.8300295758636652,0.46779852727314697,2.7409887062960707,1.0329388332241047,44.0,0.4203273239306572,2.184053494857417,4.0
5,Processed,Awake,120,10,24,14271680326304393044,0.5087033497751173,0.831062607110079,0.4675561505967083,2.6145604750225893,0.9234717491099691,39.0,0.4785842893746682,2.191390973470035,4.0
5,Processed,Awake,120,10,25,6691670148931686485,0.48905170905132017,0.8455201095967073,0.4641513353800697,2.708263182705906,0.9971073676090922,46.0,0.48139470464670714,2.245679211759005,4.0
5,Processed,Awake,120,10,26,12207970325072115260,0.5249350635155872,0.8205709243415245,0.4605272269799866,2.6517578254801624,0.9491858607343482,42.0,0.4467406107892246,2.1922575894879928,4.0
5,Processed,Awake,120,10,27,5090607272945484089,0.5788371514368609,0.7796188780355505,0.4536829713072182,2.6095731262032795,0.9094199461603052,51.0,0.4433588790655802,2.1697638951649343,4.0
5,Processed,Awake,120,10,28,12074851256895113130,0.5238489961544698,0.8285743835112762,0.46229311419403984,2.6898126385064804,0.9679093877728397,41.0,0.45292121603841096,2.190516062407547,4.0
5,Processed,Awake,120,10,29,3446611518065515346,0.4994854932427832,0.8295960956310826,0.46977216592414767,2.6327296248382925,0.9270231598831604,50.0,0.4811407862237714,2.2194596033541862,4.0
5,Processed,Awake,120,10,30,7684426027687005874,0.540374242901465,0.8149967037066967,0.4561990720435816,2.626312292358804,0.9376025062402744,29.0,0.45182475012118833,2.205526916251162,4.0
5,Processed,Awake,120,10,31,17450558912880289459,0.5092278076401564,0.8269637572845193,0.46648276817247986,2.693748333777659,0.9531653830341738,46.0,0.4747639712841347,2.203830699169569,4.0
5,Processed,Awake,120,10,32,6903140867609233556,0.5409219282859615,0.8177061504875567,0.4669675215253572,2.7493204675183476,1.0209053499716765,57.0,0.42309157221670785,2.1987464011516313,4.0
5,Processed,Awake,120,10,33,248266009106358665,0.5067430495762103,0.8289033472080369,0.4422104752891208,2.6427093392192025,0.9457630522840191,38.0,0.4572782253410586,2.2059855233853005,4.0
5,Processed,Awake,120,10,34,3681518487118256717,0.5318128512428587,0.8108888236454934,0.44830451743957894,2.6030022785149445,0.9197773926704731,42.0,0.4513515385148081,2.1993757205927844,4.0
5,Processed,Awake,120,10,35,9681766403436865188,0.5310437625791447,0.8183087650708676,0.4521017520371183,2.712109672505712,0.9722816174005027,48.0,0.4467867777752129,2.1916152408990546,4.0
5,Processed,Awake,120,10,36,4949416036716747580,0.5809999888044131,0.7902201942407625,0.46010018235959466,2.6576,0.9436094680003906,48.0,0.44777936797396184,2.1891098885597406,4.0
5,Processed,Awake,120,10,37,7243845144033426588,0.5626504309478556,0.7984991037212252,0.4625701161099698,2.6858329982576064,0.9761841080755822,35.0,0.4522691073613259,2.1959427274510355,5.0
5,Processed,Awake,120,10,38,9744412358884202703,0.4963821747048389,0.8324497468114075,0.478197640867016,2.670103757169556,0.9680822507793824,49.0,0.461525588051984,2.1936200559547974,5.0
5,Processed,Awake,120,11,0,2811938137387852602,0.44623477363454966,0.8550310967486638,0.49232473857944187,2.83033640767036,1.074979732306903,40.0,0.4842282034117403,2.251079812206573,5.0
5,Processed,Awake,120,11,1,12741815417967291882,0.46194137311449546,0.8525488994104623,0.4910205212252718,2.8016463615409943,1.0515222394239216,40.0,0.4628355762794026,2.2498948018066036,4.0
5,Processed,Awake,120,11,2,14882927194093936271,0.4735054967333217,0.8437017313746951,0.4852150227372406,2.755998426642192,1.0026028558801576,37.0,0.47245562198471874,2.2375915600743412,4.0
5,Processed,Awake,120,11,3,3350135263851822894,0.4694124877562176,0.8462863458767278,0.4788439786708525,2.7305515335000656,1.00486375155666,40.0,0.49343851711641007,2.2535712403141637,6.0
5,Processed,Awake,120,11,4,15395072112166691182,0.46298021275586115,0.8495096010137254,0.4674753583712287,2.746524716891571,1.004495729914052,38.0,0.4819429376053184,2.2441888587321634,4.0
5,Processed,Awake,120,11,5,8348208753406186211,0.5350027494586824,0.8181750327856414,0.4711110085178089,2.7352409033036253,1.0230882457190709,64.0,0.4607176657971884,2.25427078921361,4.0
5,Processed,Awake,120,11,6,11173625750411355972,0.5295186045263545,0.8218237338842319,0.45503335564737657,2.7195281782437744,1.020631410665821,40.0,0.44820064172110524,2.225641907381935,5.0
5,Processed,Awake,120,11,7,11899690691827963191,0.573516131191036,0.7924546929963022,0.478924770896332,2.770211629614794,1.029857398466576,41.0,0.45953463678123774,2.2128049797143334,4.0
5,Processed,Awake,120,11,8,6011085962133177110,0.5153622838497395,0.8228455532527845,0.4838415549040881,2.711052189096553,0.9932770998202808,42.0,0.4550679808868678,2.218670868268527,7.0
5,Processed,Awake,120,11,9,3047261738893195478,0.4603600184764756,0.849159792658929,0.4814754968721867,2.7698028019387824,1.0208218248718033,63.0,0.4867616167678493,2.2326689430636066,4.0
5,Processed,Awake,120,11,10,7426547294938696215,0.45689450589679975,0.8554089975797737,0.4839454306225618,2.7259134052788974,1.0061178608117107,68.0,0.49927864084393253,2.2644872533109983,5.0
5,Processed,Awake,120,11,11,12484706190965558747,0.4818968049725281,0.8452081479300434,0.4618199025876596,2.7949846325789327,1.0474161943843603,40.0,0.48093880566007247,2.2677895997169992,5.0
5,Processed,Awake,120,11,12,1755445255745218611,0.4464541439400629,0.8538139633622198,0.4732116063802775,2.7713938083006626,1.0441190083507852,44.0,0.4775166778236883,2.252020793076232,6.0
5,Processed,Awake,120,11,13,15886939653459803389,0.48528944594877477,0.842610531099998,0.46493617414187116,2.8013212795549376,1.0394052681411334,42.0,0.4633895801112624,2.2256160093128967,4.0
5,Processed,Awake,120,11,14,404320567324584741,0.5274953584416806,0.8121897349676328,0.49915745250571314,2.828700372817058,1.060469327235008,47.0,0.4429837723044251,2.2214440746635797,4.0
5,Processed,Awake,120,11,15,8733745087406522234,0.5748481148661418,0.7954367062921013,0.44973569400521685,2.834097025238199,1.0836341964862217,42.0,0.4463770457745666,2.2367127407321727,4.0
5,Processed,Awake,120,11,16,9495003006665443085,0.4733937165342148,0.8537992529898222,0.47305002192931833,2.767080745341615,1.0321392813470416,46.0,0.4722478705477713,2.2672817443825672,4.0
5,Processed,Awake,120,11,17,14727793226378397063,0.466520400091125,0.8479952544333137,0.466932896285866,2.7166263765780285,1.0026497402108339,43.0,0.44642898363380346,2.2252617650442987,4.0
5,Processed,Awake,120,11,18,3790974473835189194,0.4692037682720589,0.8439038005511288,0.4838530966505852,2.7262795083566367,1.0059529590139484,46.0,0.49208236190300314,2.260005300821627,4.0
5,Processed,Awake,120,11,19,3040489039519178203,0.46320667180710917,0.8550516556639748,0.4790517301077999,2.8485347608262988,1.0742558323484404,41.0,0.4640012926756077,2.258412448738835,4.0
5,Processed,Awake,120,11,20,3621022138381623521,0.5063575546580308,0.8292957326850986,0.4650169663673507,2.711852998586525,1.0039440009852156,71.0,0.46109854343159207,2.213078883226235,6.0
5,Processed,Awake,120,11,21,16648276936523013451,0.5609617432735842,0.8019103808404939,0.456256780776067,2.7913430306453892,1.0565200631737008,43.0,0.4580168971168717,2.2587870336112927,4.0
5,Processed,Awake,120,11,22,14280758636770099870,0.5228613534090368,0.8283805022538676,0.47678954779437227,2.733046642408204,0.9950686560417675,39.0,0.4774185729784631,2.251987151567944,4.0
5,Processed,Awake,120,11,23,862692401267183117,0.4712657311053168,0.8511607794471748,0.4688949931903696,2.714190272581507,0.9973466219459819,42.0,0.46925278733177905,2.246056956605806,4.0
5,Processed,Awake,120,11,24,257300641959316368,0.5257956355329033,0.8179779162266985,0.4815909143371575,2.733263461286519,1.0017074498345413,58.0,0.4648553819163916,2.243975819706382,6.0
5,Processed,Awake,120,11,25,3449821650551527663,0.4659637250668214,0.8543096568555796,0.4879850418965398,2.70367054610564,0.9905512624054997,36.0,0.5377761362849426,2.2872149817146505,4.0
5,Processed,Awake,120,11,26,3955223190089429263,0.5161008800518675,0.8266910239601369,0.48673853327485517,2.770281810418446,1.034235304259039,46.0,0.452067126797627,2.225517770391204,4.0
5,Processed,Awake,120,11,27,319709599407595569,0.4139757469463431,0.8708050289112678,0.45654532443849405,2.7713865340152735,1.0389927931334815,51.0,0.4854631702869278,2.2798178812433942,4.0
5,Processed,Awake,120,11,28,1999978424399786957,0.4633560229260406,0.8475591292377642,0.4638858752106369,2.7034371426649626,0.9924529514163503,46.0,0.46853142817571153,2.2521845266165497,4.0
5,Processed,Awake,120,11,29,3990799171527135995,0.4805279718378768,0.847945673674017,0.44253364419103897,2.776997175345839,1.0340344952136729,46.0,0.47827843309249557,2.2543248830377545,4.0
5,Processed,Awake,120,11,30,12440571405576911666,0.5103158747391267,0.8290258990243836,0.4752891207497518,2.7471647765176783,1.0383713618116701,43.0,0.48247962881743267,2.276975870145433,4.0
5,Processed,Awake,120,11,31,10715230492398968158,0.4909324449795415,0.837027919839375,0.4653170517762748,2.736627749117567,1.0254873452416469,39.0,0.47076475612289653,2.2459115687462146,4.0
5,Processed,Awake,120,11,32,16194780656747192987,0.514651632762067,0.8089462057993713,0.46924124558528196,2.756712774613507,1.018383171644108,36.0,0.4684679485699776,2.246395660956914,4.0
5,Processed,Awake,120,11,33,16979620388855927084,0.4829027436149832,0.8417211152603336,0.4822141686479998,2.7734997344662773,1.0170315736910231,59.0,0.5079118672237483,2.2534500857720765,6.0
5,Processed,Awake,120,11,34,11911861662877774196,0.530895787635647,0.8187791092486272,0.48343759377669027,2.7356802299000718,1.003052133321873,40.0,0.46782161076614115,2.219648431082635,4.0
5,Processed,Awake,120,11,35,15083129644954642719,0.5431481167728223,0.809497071274008,0.45723782922831885,2.7063806530946852,1.0043373290326936,46.0,0.4416218462177697,2.222525557620818,4.0
5,Processed,Awake,120,11,36,14753443732375455044,0.4724375604337589,0.8476349143766365,0.48294129867731583,2.8099523201934056,1.0769549143045634,45.0,0.4497068396389742,2.223436430038804,5.0
5,Processed,Awake,120,11,37,16738024617919469995,0.5374564625356828,0.8234794378566281,0.48415318205950925,2.8000801014618517,1.0544628146917743,47.0,0.47025114840377646,2.2469874534675305,4.0
5,Processed,Awake,120,11,38,16191311865321021290,0.49213826109865916,0.8352058888598234,0.49489854804829064,2.7988903394255873,1.0615074453880153,60.0,0.4886544631933704,2.263882576263936,5.0
5,Processed,Awake,120,16,0,11157366970626958687,0.5485697561382001,0.8054058159284275,0.4985919069273562,2.7118016321406153,0.9766518927607066,43.0,0.37336395743403894,2.120203178764542,4.0
5,Processed,Awake,120,16,1,12869428930007034355,0.5805021328208126,0.7730764178747547,0.5045936151058378,2.6955422652444665,0.9772450833527089,48.0,0.3316751690865862,2.0857163594135577,4.0
5,Processed,Awake,120,16,2,13301989857416395487,0.5569873553616039,0.8037376367013499,0.4772165924147642,2.713235776625763,0.9849192717198729,43.0,0.38238960319475546,2.127874116891458,4.0
5,Processed,Awake,120,16,3,3198246550475024160,0.6191709974559539,0.7559302857552709,0.4882043350799843,2.64915137471034,0.9475149035475312,41.0,0.3481279287181736,2.101696686757482,4.0
5,Processed,Awake,120,16,4,17371567433831659199,0.5797030543160939,0.7849653496717982,0.48911613305325363,2.7149721314626176,0.9745274664364867,51.0,0.3467948569977609,2.1095236423631833,4.0
5,Processed,Awake,120,16,5,17145154531419613571,0.5153173055984639,0.8167940163467312,0.4908127697883244,2.7085987261146496,0.9782405101065623,56.0,0.37956187530297086,2.1291638341264445,4.0
5,Processed,Awake,120,16,6,810104350470010522,0.5820162807742535,0.7813561141386883,0.49771473419357815,2.703466867281048,0.9723820676433146,43.0,0.36720066480459823,2.130873045109005,4.0
5,Processed,Awake,120,16,7,3293181941366797888,0.6075897248845263,0.7624754185219865,0.5000923339719766,2.74147421701993,1.0154953297819118,46.0,0.35227718658387386,2.098164570014436,4.0
5,Processed,Awake,120,16,8,13220088711605710377,0.6428136458959207,0.7425693353964903,0.495960388726022,2.7271054134670307,0.9915835623514552,47.0,0.3619664827681725,2.129379413362303,4.0
5,Processed,Awake,120,16,9,12224259329949158115,0.5579742116700473,0.7920150336301742,0.49496779852727313,2.726839193743244,0.9925373079481278,54.0,0.36033909651208423,2.0958278790319875,4.0
5,Processed,Awake,120,16,10,16592899740900970544,0.5538183354066093,0.7963016066348595,0.48535352369520557,2.713032258064516,0.9966514536335886,55.0,0.36447104175803885,2.1225676356914804,4.0
5,Processed,Awake,120,16,11,15596033676166671363,0.6244610029582728,0.752088648438785,0.500588629071351,2.7146523126995055,0.9856425056120751,51.0,0.37443156898501884,2.1273812256139544,4.0
5,Processed,Awake,120,16,12,6811147139388194017,0.6009595730419606,0.7671897769874572,0.4977378176865723,2.7097078228086713,0.9811031266538863,54.0,0.34534059693912883,2.1070384845604027,4.0
5,Processed,Awake,120,16,13,638605709507889914,0.5965029438517582,0.7752546729192655,0.5001500427044621,2.724894673960888,0.9914869993966086,47.0,0.37032270723205835,2.1359717737909,4.0
5,Processed,Awake,120,16,14,3411395284638829708,0.6032288688095746,0.7673322144908629,0.5094988573670968,2.774432782351832,1.0125770644471361,42.0,0.3333948893146511,2.088345864661654,4.0
5,Processed,Awake,120,16,15,13084280613981390609,0.6146852063820606,0.7586612273835107,0.5024930172433693,2.735423473234481,0.9615899747576699,40.0,0.3339315805267653,2.0920857587042194,4.0
5,Processed,Awake,120,16,16,15142879204202014614,0.5735775156593144,0.7780126471606833,0.497253064333695,2.703162253733216,0.978287793085684,53.0,0.3485145772258258,2.1272278971468825,4.0
5,Processed,Awake,120,16,17,15321743716891448708,0.6338093564313535,0.741111942761115,0.5030701045682232,2.745119032623756,1.003190058035247,54.0,0.3462177696729069,2.111869895803999,4.0
5,Processed,Awake,120,16,18,10854580990734746668,0.6053714728467997,0.7698105994064864,0.4692181620922878,2.669687417914368,0.9467119615691748,59.0,0.347897093788232,2.1343600637280935,4.0
5,Processed,Awake,120,16,19,432403728123617542,0.5728898560934579,0.7827593301112651,0.4928787424113017,2.6547308218326493,0.9470372436147013,38.0,0.3580422889591653,2.118231478320246,4.0
5,Processed,Awake,120,16,20,5194357736619454777,0.5939985494910976,0.7612355435683353,0.5006694212968307,2.6684916338582676,0.9543527909532468,40.0,0.34649477158883685,2.107920235921921,4.0
5,Processed,Awake,120,16,21,5381737728715939957,0.5945826533799875,0.77694007270928,0.49322499480621407,2.6523088381330684,0.9354696101581359,40.0,0.3753260543385425,2.140252731341319,4.0
5,Processed,Awake,120,16,22,15743634473526368994,0.5833813151222964,0.7748103060613373,0.5025276424828605,2.745963673057518,1.0134780233207625,54.0,0.3414279448766187,2.1160228898426325,4.0
5,Processed,Awake,120,16,23,8868376868917247060,0.583092554614673,0.7832523158544579,0.5012465086216846,2.7143125,0.9891718498543414,50.0,0.3707324392327047,2.113710393840687,4.0
5,Processed,Awake,120,16,24,8933747188178550616,0.6024661919665767,0.763984044509273,0.5078714711110085,2.7394011081367116,0.9891966244761139,53.0,0.3390445742249717,2.0908573258834835,4.0
5,Processed,Awake,120,16,25,1137038651976798772,0.6364221053273688,0.7506065138795205,0.48296438217031,2.7050875945439268,0.9797594488634112,43.0,0.34430761062764015,2.1021422028045946,4.0
5,Processed,Awake,120,16,26,11589494904526572091,0.612453896437302,0.7584786232129554,0.5015581357771058,2.745340830121928,1.0000106572646212,56.0,0.32745088986865495,2.095037660611431,4.0
5,Processed,Awake,120,16,27,6102049322407211230,0.5144331524740222,0.8117423452442636,0.518628378846287,2.800910054229259,1.0333600719994205,56.0,0.374166108815586,2.1258032786885246,4.0
5,Processed,Awake,120,16,28,12609417440377343146,0.6179844857120865,0.7523367817665215,0.502458392003878,2.711385151968112,0.989895458526069,38.0,0.3438690242607511,2.097542945649113,4.0
5,Processed,Awake,120,16,29,10005638695077476550,0.5913204457689871,0.7752211981824909,0.48489185383532235,2.6858457997698504,0.9502406794935716,56.0,0.3713037556843102,2.1200369040166067,4.0
5,Processed,Awake,120,16,30,1239631903403488300,0.5135069288331882,0.8182828515228648,0.501731261974562,2.7469826224328595,0.9955363908782002,46.0,0.3712575886983218,2.1288219722038386,4.0
5,Processed,Awake,120,16,31,651808205565534968,0.5525803677669487,0.8010891619231003,0.5019505551580065,2.723572144288577,0.9977467313841525,40.0,0.3711248586136054,2.1146953405017923,4.0
5,Processed,Awake,120,16,32,14691462341788282780,0.6054009321930667,0.7653576571808212,0.511841831906004,2.7347681302417364,0.9841718170238262,43.0,0.3338277048082916,2.092418433046372,4.0
5,Processed,Awake,120,16,33,12893982867415456911,0.5968280602635274,0.7695891441801626,0.4732000646337804,2.6697271602526533,0.9515015412850821,42.0,0.3434881466263475,2.106938053097345,4.0
5,Processed,Awake,120,16,34,10460287759546781039,0.5932733984639815,0.7722799439331134,0.493640497680109,2.7695395972285177,1.0057050695281966,54.0,0.34695067057547146,2.1122509925166004,4.0
5,Processed,Awake,120,16,35,12359591602277637449,0.5428582013995511,0.8059122353584202,0.48626532166847486,2.7484506490964837,1.005671109054793,44.0,0.3809872809953602,2.139375870896659,4.0
5,Processed,Awake,120,16,36,13502469597325851534,0.5204505598775325,0.8126703024303452,0.5047205743173057,2.7609066228928594,1.0130591339839647,40.0,0.38532120680501375,2.1281953209664053,4.0
5,Processed,Awake,120,16,37,16612258662532417797,0.5602427790171649,0.7951260203396266,0.5040857782599663,2.8330954852101713,1.0509929637012727,53.0,0.35150388956856954,2.1152243367134322,4.0
5,Processed,Awake,120,16,38,10489371643517658386,0.5511249593015497,0.8023577499273488,0.48753491378315367,2.7328071423950315,0.9987893295800153,43.0,0.3531197340781607,2.126868265554397,4.0
5,Processed,Awake,120,17,0,16539964247809257216,0.7641883987815391,0.610643062984165,0.6136631195032433,3.079404610216611,1.1953225768010767,60.0,0.17988389003023939,2.0185856754306437,3.0
5,Processed,Awake,120,17,1,15818644840760255987,0.7797111639908447,0.5866238715875145,0.6409016412363518,3.2032881453706374,1.2386361144191207,59.0,0.15035433161746034,2.0114259244962556,3.0
5,Processed,Awake,120,17,2,8771623707239082065,0.786268095761415,0.5875840349821049,0.6118510653032017,3.0449167145318783,1.1695143847680247,57.0,0.18918076683363727,2.0202132248721267,3.0
5,Processed,Awake,120,17,3,13835974453356018966,0.7938339673038306,0.5801555963700342,0.6198148703861869,3.0657075983330477,1.1623118476576615,60.0,0.1703734909166455,2.013984582850126,3.0
5,Processed,Awake,120,17,4,15395047917497775748,0.8097742956956737,0.5555005678205088,0.6367350707509061,3.0720570219400822,1.1652479559735376,76.0,0.1457260912721313,2.005878147589165,3.0
5,Processed,Awake,120,17,5,3652094783692304405,0.7757449679054982,0.5967970887145938,0.6350499757623324,3.1323010360924513,1.226434848857615,85.0,0.169652131760578,2.0134237381001303,3.0
5,Processed,Awake,120,17,6,12933426481690265109,0.7990787850947396,0.5735642746764087,0.6309757392488632,3.102843521198706,1.2041462260539273,56.0,0.1709967452274878,2.013522696384887,3.0
5,Processed,Awake,120,17,7,14393743327607432460,0.7948399172776229,0.5713534109356196,0.6514392557881858,3.093559879419019,1.176702813446874,74.0,0.135142309734309,2.0044509115809297,3.0
5,Processed,Awake,120,17,8,1557893629797991376,0.7725590129409343,0.5930484967560586,0.6268668774959026,3.1075065797001944,1.1886183195100093,60.0,0.16822672606818864,2.0161145307420982,3.0
5,Processed,Awake,120,17,9,1222106985548596942,0.7966452203617495,0.57665839746103,0.6309411140093719,3.0611490648448876,1.174835046206126,54.0,0.1565984164723806,2.010074074074074,3.0
5,Processed,Awake,120,17,10,9248859007864172265,0.7680695888965431,0.5989463659576962,0.620692043119965,3.086078273843682,1.18373399978461,56.0,0.16900579395674153,2.0123685837971554,3.0
5,Processed,Awake,120,17,11,2799783263118539036,0.7948055100468219,0.578332602337539,0.6283095958080377,3.100113895216401,1.1900836222378723,60.0,0.1540880866092657,2.0077449432288144,3.0
5,Processed,Awake,120,17,12,17355955681209544498,0.8053030953008071,0.5669194737691187,0.6255164931557443,3.016922734357604,1.154543393350446,60.0,0.17129105976316336,2.0211085387443823,3.0
5,Processed,Awake,120,17,13,6973295601395672025,0.8013940945809269,0.5635231157876317,0.6389164608388541,3.197054576956396,1.2528448014830198,64.0,0.1526453682971307,2.011329936886929,3.0
5,Processed,Awake,120,17,14,15247593671207549665,0.7862019527894715,0.5823943556876806,0.619260866554327,3.155932003999765,1.221344861076352,57.0,0.13855866669744465,2.0087007445829497,3.0
5,Processed,Awake,120,17,15,11156664267170685908,0.774315764938113,0.5986978457667974,0.6219039265021583,3.0749871597329226,1.170695313699404,77.0,0.1723932965536345,2.014770351385985,3.0
5,Processed,Awake,120,17,16,2894437355723993138,0.7878451785512569,0.579801137676372,0.6138593291936936,2.973610645197361,1.132407752101955,43.0,0.16438909535790955,2.023153409090909,3.0
5,Processed,Awake,120,17,17,556334856022637144,0.782426613542916,0.5901167919392829,0.6279056346806399,3.046762992831541,1.1643139345951623,60.0,0.17511714872694537,2.019230769230769,3.0
5,Processed,Awake,120,17,18,14462249943986774856,0.7985749167189955,0.5728616543903254,0.6356847718196718,3.1010078261359157,1.1881276119089432,69.0,0.16415826042796797,2.022035825988058,3.0
5,Processed,Awake,120,17,19,9809175276749363858,0.7992047091298129,0.5698911817135363,0.6167447658179636,3.1051194142599803,1.1904221417792806,68.0,0.15913760070173819,2.0134345794392523,3.0
5,Processed,Awake,120,17,20,14256818018272503825,0.7980305135378587,0.5731556985336022,0.619122365596362,3.0656074979997716,1.187373977055916,58.0,0.1528011818748413,2.0094103361918494,3.0
5,Processed,Awake,120,17,21,1465400641570377985,0.8144411394527292,0.5551667299014674,0.60743057639482,3.0222234983346734,1.1462382279438077,66.0,0.1602513792387064,2.014874473951531,3.0
5,Processed,Awake,120,17,22,16509378003759163161,0.8007907715679389,0.5745893705170704,0.6416633965051591,3.162760268517465,1.2076906477313127,57.0,0.15457283996214308,2.0077205606776105,3.0
5,Processed,Awake,120,17,23,12157367187561735716,0.7782778845052933,0.5939797154059214,0.6270746289328502,3.0875149173154517,1.2148186194410426,71.0,0.18029362203088573,2.0156129032258066,3.0
5,Processed,Awake,120,17,24,3705313244370521223,0.7914764541177088,0.5804848467965198,0.6292791025137924,3.090816326530612,1.1950725333512522,49.0,0.16607996121973176,2.0081641197404227,3.0
5,Processed,Awake,120,17,25,2870728946880494188,0.8056659285049248,0.5658018359589845,0.6275709240322246,3.1323232905121263,1.1945756993743382,64.0,0.1611747189584728,2.0214968152866244,3.0
5,Processed,Awake,120,17,26,5949324801740812576,0.7548899153899603,0.6150054178499127,0.6114240206828098,3.000566411781365,1.1509296569025955,58.0,0.1998857367096789,2.024608370353051,3.0
5,Processed,Awake,120,17,27,1100996149644530520,0.7702126093398486,0.5954419893425126,0.6159599270561621,3.0506459357493996,1.1695083663969468,59.0,0.16604533598024054,2.0173175348804597,3.0
5,Processed,Awake,120,17,28,2669719946069391485,0.8054723605811538,0.5619305260579925,0.640059093742065,3.0815736830406757,1.1700853321747395,51.0,0.1563964359086817,2.010459940652819,3.0
5,Processed,Awake,120,17,29,3171866551402942691,0.7960598333787497,0.5649172689138393,0.6418365227026154,3.0563341577356415,1.1628965714709563,61.0,0.1388414394866231,2.009605746742399,3.0
5,Processed,Awake,120,17,30,17647283261490613814,0.7717438599820379,0.5989065401437861,0.633999676831098,3.098719467478987,1.1801710924734474,58.0,0.16902310657648714,2.012021707769458,3.0
5,Processed,Awake,120,17,31,9539824750699839704,0.817193780984186,0.5548848008805723,0.649581034602156,3.201786323813858,1.2351636624554931,54.0,0.15681193878257657,2.0117716739468423,3.0
5,Processed,Awake,120,17,32,1076122191647947393,0.7890230577238986,0.5766354562554175,0.6450220447358094,3.0906979316447294,1.1887108174067174,63.0,0.1623000392419381,2.01173104434907,3.0
5,Processed,Awake,120,17,33,3256303967744898881,0.7501523891090814,0.6196780715696846,0.6160753445211329,3.1022898988724865,1.1853873688893637,64.0,0.17164885390457285,2.013266549343441,3.0
5,Processed,Awake,120,17,34,14655525991175789569,0.7540345981489225,0.6249104153182858,0.6302832344590383,3.1199794320973546,1.2146436021813973,56.0,0.20189400060017082,2.014220738096609,3.0
5,Processed,Awake,120,17,35,2958508393668813140,0.7761632972239696,0.5878992489452394,0.6384201657394797,3.171310629514964,1.2201653127124463,55.0,0.12950416657048544,2.007604222580068,3.0
5,Processed,Awake,120,17,36,8371355279274402575,0.8087783597567455,0.5556189133803442,0.6436139516631657,3.095936042638241,1.2016225173091548,59.0,0.15237413725444934,2.0088253195374315,3.0
5,Processed,Awake,120,17,37,11753319048189625755,0.8124378488204971,0.5541414568330716,0.6474804367396875,3.0971677800474797,1.2006289232767702,61.0,0.1371217192585582,2.007858712185229,3.0
5,Processed,Awake,120,17,38,9797128033778796231,0.7920058313950065,0.5747310515028551,0.6420096489000715,3.123070012913368,1.2069193618392955,58.0,0.1523799081276979,2.009818846095296,3.0
5,Processed,Awake,120,18,0,1114290841173452091,0.7416770519665526,0.6418436777350217,0.5991205189169225,3.0414835647741256,1.1630572569472368,59.0,0.2172098982017959,2.03289224952741,4.0
5,Processed,Awake,120,18,1,11889290048339010363,0.7012298134363211,0.67427424343821,0.5937651485422775,3.0203135090706277,1.1464008403318449,53.0,0.23018282126451375,2.0383789860997545,4.0
5,Processed,Awake,120,18,2,4331162178664526137,0.7940845905651152,0.5825715043354787,0.6208305440779299,3.1430407853219586,1.205630431432091,65.0,0.15141617229519172,2.016136468418626,3.0
5,Processed,Awake,120,18,3,3392018908663285799,0.7604560495188576,0.6186412971242377,0.6105583896955288,3.0280480824270177,1.1514108193488997,56.0,0.22749359433069413,2.0316961294645157,4.0
5,Processed,Awake,120,18,4,7071678620323395164,0.7557275559455585,0.6223762399751541,0.6068996560559544,3.0253149991369885,1.1501802512822845,56.0,0.2027423189677062,2.023849300074889,4.0
5,Processed,Awake,120,18,5,7991821963136446740,0.7050689312440948,0.6646220407323866,0.597885552041735,3.02087707021227,1.1774580058084165,54.0,0.21924124558528196,2.0275924641084484,4.0
5,Processed,Awake,120,18,6,15630299822595506349,0.7212910754088745,0.6486313515779313,0.6048798504189654,3.0369125572231557,1.1613190496998116,70.0,0.20660880404422796,2.02717852896212,3.0
5,Processed,Awake,120,18,7,16814610488047717569,0.7660248156291095,0.612443911411807,0.6017174118787655,3.107098158412301,1.1928837034096769,68.0,0.21139862884051613,2.0361291756989606,3.0
5,Processed,Awake,120,18,8,15662111746834807085,0.7354214678928969,0.6396576819081401,0.6127282380369797,3.1362911325101908,1.213347150774475,57.0,0.1819383209067196,2.021998460749102,3.0
5,Processed,Awake,120,18,9,10593991306220785299,0.7603036226151029,0.6221184430270263,0.6268784192423997,3.1539399570292086,1.2221778721752103,84.0,0.17746589413910113,2.0211633256654618,3.0
5,Processed,Awake,120,18,10,10579008476265553331,0.7345226965746442,0.6484722975207994,0.5893446596338958,3.0559578670177747,1.1705129002961834,65.0,0.22302116756307563,2.042600422832981,4.0
5,Processed,Awake,120,18,11,10783550048418005420,0.7944335457719292,0.582868091794091,0.6069342812954456,3.0080082370438164,1.1486292143336678,51.0,0.1857067011380162,2.026448362720403,3.0
5,Processed,Awake,120,18,12,9078212177425702096,0.7447798952718957,0.6307368280827581,0.5934419796403592,3.052722199133171,1.1710306713201817,56.0,0.18964243669352046,2.019666892016471,3.0
5,Processed,Awake,120,18,13,12887261338024946383,0.7584909673060012,0.621443456049358,0.6133284088548279,3.1378801299084738,1.217777504717346,44.0,0.19661365157775676,2.03003038789251,3.0
5,Processed,Awake,120,18,14,6669610763712757712,0.7345580635575675,0.6464669386844836,0.5873710209828952,3.095371327778116,1.192171735482384,59.0,0.21435908681701715,2.0467820145470577,4.0
5,Processed,Awake,120,18,15,17805602030235131994,0.766514395116369,0.610663575416354,0.6149096281249279,3.1594022415940226,1.218996424406303,61.0,0.17444195655686617,2.021804561567788,3.0
5,Processed,Awake,120,18,16,1124403796564772599,0.7312773662383214,0.6441720799112186,0.5871863530389418,3.061992175744809,1.1764963459279998,66.0,0.2152189469310496,2.0345881069285325,3.0
5,Processed,Awake,120,18,17,16073977592249243615,0.773142454242347,0.6056110929781795,0.5834237436808938,3.0545048039156444,1.1746068934523863,61.0,0.18972899979224855,2.0304471343873516,3.0
5,Processed,Awake,120,18,18,5657321344423977648,0.7367353199265837,0.6331648493396356,0.6211883382193394,3.072851841278904,1.183631883687356,70.0,0.179324115325131,2.0215991152169672,4.0
5,Processed,Awake,120,18,19,8045551884793706859,0.7160371203660432,0.6558800176959142,0.6041873456291406,3.0000573098744914,1.147342802470525,61.0,0.21948939313496918,2.033142673865398,3.0
5,Processed,Awake,120,18,20,5156265661179080217,0.7037472317777531,0.6670005573414488,0.6085039588190485,3.153418266642742,1.2067686563824562,60.0,0.20688003508690936,2.0349094624510418,4.0
5,Processed,Awake,120,18,21,6281698099943331911,0.7568798250530879,0.6171575644669257,0.5904180420581242,2.9908208606173994,1.14301853269552,62.0,0.18168440248378384,2.0233290488431876,3.0
5,Processed,Awake,120,18,22,14897112279666855971,0.686530428342983,0.6776059409462803,0.6075344521132938,3.0137409824802472,1.154086930868878,50.0,0.2151727799450613,2.028287004297449,3.0
5,Processed,Awake,120,18,23,2564044008589636377,0.7833535412063796,0.5980245951442356,0.5878096073497842,2.9692747201492535,1.1166500920848321,61.0,0.19622700307010457,2.0320922727544373,4.0
5,Processed,Awake,120,18,24,1183307178356850071,0.7688583168612749,0.609500195017089,0.6055608134622931,3.245314529597328,1.25539552343412,56.0,0.17889707070473904,2.0246881327150414,4.0
5,Processed,Awake,120,18,25,8407122361268812549,0.72271985326308,0.6521638528482182,0.5803767226056646,3.0378179182021388,1.1499995143124346,79.0,0.22069550564391405,2.04617442482611,4.0
5,Processed,Awake,120,18,26,15998107957088167528,0.716991513418078,0.6573991758303255,0.5931303524849381,2.9772319100863216,1.1431306735762383,61.0,0.22827843309249557,2.0297090666529836,4.0
5,Processed,Awake,120,18,27,1875950701463422122,0.7268230163121046,0.6467617165289531,0.6173449366358117,3.033231257797437,1.1418185704650665,58.0,0.19165070058401237,2.0224103282382315,3.0
5,Processed,Awake,120,18,28,14904293573362121292,0.7757555404158125,0.6079908108138347,0.5843355416541631,3.095377842993397,1.179637254502934,58.0,0.21808707093557397,2.034727830722016,4.0
5,Processed,Awake,120,18,29,3797820505419676376,0.7280108769643144,0.6437697159821367,0.6073497841693405,3.1082102776137033,1.198202029389466,60.0,0.18813046790240298,2.0232110718053744,3.0
5,Processed,Awake,120,18,30,17672189999142515915,0.7683457824271884,0.6081045569397701,0.6131783661503659,3.0741233653512325,1.1856325159740806,59.0,0.17058701322684147,2.022856360774653,3.0
5,Processed,Awake,120,18,31,4918334733994087085,0.7256838470933668,0.6427699305168156,0.6073036171833522,3.094448365090567,1.1855820316042847,55.0,0.18689550102721544,2.0286895514908543,3.0
5,Processed,Awake,120,18,32,716391527498622998,0.7015854899795317,0.6658934412418753,0.6349576417903557,3.1779793195078274,1.2136981045865145,62.0,0.20194593845940767,2.0253501562680865,4.0
5,Processed,Awake,120,18,33,7114307438572761577,0.7445017362457237,0.6263260304230972,0.6119549410216754,3.0795725155369693,1.1754309669073166,56.0,0.17226056646891807,2.0144418949925766,3.0
5,Processed,Awake,120,18,34,11983855698945534608,0.7338298854732463,0.6414606352092024,0.607719120057247,3.046401295996297,1.1564321095357588,42.0,0.19135638604833682,2.0209044368600684,3.0
5,Processed,Awake,120,18,35,1584253039294212187,0.7941646479003985,0.5847947387311098,0.6145749174765125,3.0194499574709384,1.1521648498588777,53.0,0.18077837538376307,2.022206442450455,3.0
5,Processed,Awake,120,18,36,5545799552033741182,0.7298965643448211,0.6445787073538588,0.604972184390942,3.043372234802299,1.1625016359386537,51.0,0.184304378938621,2.0224811601545185,3.0
5,Processed,Awake,120,18,37,12982011309184770673,0.7303515251702016,0.6458274980589077,0.5933150204288913,3.018732750014681,1.150292627106181,54.0,0.20579511091618383,2.0350967300119844,3.0
5,Processed,Awake,120,18,38,8724735473618881020,0.787933325930729,0.5919460155728535,0.603679508783269,3.020035798833651,1.147364458675662,58.0,0.1968675700006925,2.0388477169495576,4.0
5,Processed,Awake,120,19,0,4785085305397004964,0.48784113382657046,0.8453498984175135,0.4860921954710187,2.7971043368532906,1.0273749396353387,52.0,0.5020140347637404,2.2674573178678483,6.0
5,Processed,Awake,120,19,1,8739838784468345429,0.5313348373742944,0.8251429379612133,0.4715842201241892,2.7680373958403903,1.0214863400702374,47.0,0.46087347937489903,2.2483038202753303,4.0
5,Processed,Awake,120,19,2,2978151363131889264,0.4435522027258336,0.8677862022857336,0.4697606241776506,2.7667051865950647,1.0264297184294586,41.0,0.481308141547979,2.280639868744873,5.0
5,Processed,Awake,120,19,3,14364902825983302106,0.48537914592342307,0.8443364719068122,0.49330578703169364,2.7307053411704576,1.0223201715557662,42.0,0.49615659841647236,2.2688552277405396,6.0
5,Processed,Awake,120,19,4,9764087570558734939,0.4313061901898747,0.8666997246715367,0.4937212899055885,2.8159436508458957,1.0454815903422305,44.0,0.5133884259366127,2.315573023764283,7.0
5,Processed,Awake,120,19,5,228214118900337696,0.450095449051811,0.8681512477407871,0.5019505551580065,2.8497477229539347,1.0714495380880131,37.0,0.5130364026684517,2.3100769150815923,6.0
5,Processed,Awake,120,19,6,5226503435125717572,0.4103919033160501,0.8763991450458044,0.49417141801897463,2.8519283287817223,1.0727038217522562,57.0,0.5111666397359248,2.284561023418962,6.0
5,Processed,Awake,120,19,7,7202447702489406337,0.5197991852964807,0.8295608446572025,0.49748389926363656,2.8102099361064026,1.0523743593961492,42.0,0.49604118095150157,2.272645550208873,7.0
5,Processed,Awake,120,19,8,18301732838989983381,0.39315952767891843,0.8815318065126622,0.47378869370513144,2.798227675528289,1.0470930543755204,48.0,0.5042242792179312,2.3026485702991173,6.0
5,Processed,Awake,120,19,9,140236561493193845,0.392133825266544,0.8886814855424556,0.4571570370028393,2.803184713375796,1.063376361775234,35.0,0.4573013088340528,2.295235336712527,5.0
5,Processed,Awake,120,19,10,13920225571017354896,0.5052836361723007,0.838582787367639,0.46793702823111194,2.801091612546635,1.0417086795389139,49.0,0.47550841393319637,2.268729865910405,9.0
5,Processed,Awake,120,19,11,210160113681325566,0.47808933125908876,0.8514947647256671,0.47823226610650726,2.8430767119527927,1.0792155958942093,38.0,0.4786304563606565,2.2793580124769837,7.0
5,Processed,Awake,120,19,12,17691516801441839656,0.4760002458351484,0.8497530614407527,0.4647053392119295,2.8010992069013496,1.0557651685976333,42.0,0.45142078899379057,2.2531251800218906,4.0
5,Processed,Awake,120,19,13,11843748566723307451,0.3651864614720867,0.8975893359149674,0.478059139909051,2.775209380234506,1.0380036746313905,41.0,0.5087082477320468,2.29291195213942,5.0
5,Processed,Awake,120,19,14,11087604814105140180,0.46502905047718124,0.8514046501641164,0.4877426652201011,2.786430172754846,1.0384075465444518,42.0,0.47855543500842546,2.254587966613197,4.0
5,Processed,Awake,120,19,15,15424115418228237676,0.3992700180340402,0.8807623712017251,0.49051268437940027,2.8754397834912044,1.0791036595425576,61.0,0.5138327831767503,2.305395888353788,7.0
5,Processed,Awake,120,19,16,1875664239623119625,0.4550611654731605,0.8559669799232396,0.44904318921539205,2.6781854477868796,0.9660765244554308,39.0,0.4665116225387226,2.2761931578206394,8.0
5,Processed,Awake,120,19,17,17992980444778683742,0.5092446096978276,0.8374506842845152,0.47356940052168695,2.8055384615384615,1.0586434055841776,46.0,0.4785842893746682,2.284789376532496,9.0
5,Processed,Awake,120,19,18,9909506183458721626,0.44981345050685906,0.8658173575321408,0.4726345190554235,2.7925531914893615,1.0378165362364764,49.0,0.5011945707624478,2.301489294042824,8.0
5,Processed,Awake,120,19,19,2518202783868972188,0.41683843649179597,0.8780003471927416,0.50837930795688,2.9120058177971706,1.1178742673280744,51.0,0.49789363126428293,2.285483443708609,4.0
5,Processed,Awake,120,19,20,3715922097282334273,0.47819247210758486,0.8497198851018671,0.4838992636365735,2.8422479831875807,1.0750689080262459,40.0,0.4917303386348422,2.2895182309159794,9.0
5,Processed,Awake,120,19,21,14972234473792339722,0.4337285279893966,0.8639194451114353,0.47156113663119503,2.8579322887520986,1.0876052980539113,44.0,0.5009117979732693,2.3254567861544233,7.0
5,Processed,Awake,120,19,22,4260339167657276329,0.429483121645713,0.8738548083956155,0.49329424528519655,2.8196331969916875,1.062872986011505,41.0,0.474810138270123,2.269146970407347,6.0
5,Processed,Awake,120,19,23,14698701018293598550,0.5121404314512122,0.8316847414943044,0.48816970984049307,2.850326841431363,1.085856155917326,39.0,0.46072343667043697,2.261578992096541,8.0
5,Processed,Awake,120,19,24,11359734251763480666,0.47887021132062113,0.8358177366734193,0.47016458530504834,2.8179302711676812,1.054758273694328,46.0,0.4682255718935389,2.2701099577516017,4.0
5,Processed,Awake,120,19,25,8450501832825287676,0.44355290900772615,0.8620698268956618,0.5012465086216846,2.8351612482047264,1.0768606540467829,43.0,0.5111089310034395,2.3042120873117047,7.0
5,Processed,Awake,120,19,26,14243010130310947578,0.4600845818324766,0.8571471289474953,0.5061055838969553,2.723771662836201,0.9974245918634121,44.0,0.5177338934927633,2.2608487475429664,4.0
5,Processed,Awake,120,19,27,4976166153413199803,0.49040956864276986,0.8410876039662568,0.4626739918284435,2.7732272570044967,1.0242890377121194,46.0,0.4780014311765656,2.269750363083331,8.0
5,Processed,Awake,120,19,28,6762596705376491759,0.41310038379165603,0.8816930247722922,0.48466101890538077,2.771932140735362,1.0241901392984911,49.0,0.4991055146464763,2.293902341988701,6.0
5,Processed,Awake,120,19,29,4717141975132095867,0.4154931897245255,0.8739735366668295,0.4718035133076337,2.7226588517383776,0.9997176466390636,41.0,0.5084254749428684,2.3088736306934328,5.0
5,Processed,Awake,120,19,30,7916513704803701767,0.46620787506427636,0.8520025630119386,0.47205743173056947,2.779287849959228,1.0516076128410257,44.0,0.4913956279864269,2.289928734704854,5.0
5,Processed,Awake,120,19,31,17724245598013216036,0.44364600779804514,0.8653164895508255,0.48680778375383765,2.863991308481021,1.0801704015190372,44.0,0.4827970268461024,2.2820163116117946,6.0
5,Processed,Awake,120,19,32,13308156345819941644,0.47463063427197255,0.8508816706487842,0.4844186422289421,2.773108688470433,1.0183027782158198,52.0,0.49526788393619725,2.2794082494488856,7.0
5,Processed,Awake,120,19,33,16201144661673972216,0.46659558861251377,0.8576756068976139,0.4798134853766072,2.8575749243882322,1.0718146395493868,52.0,0.4914591075921608,2.273533023653158,7.0
5,Processed,Awake,120,19,34,12501721196777864680,0.5047101370023879,0.831905784031514,0.47126105122227097,2.6800787659993435,0.9691038361550968,40.0,0.4770146118510653,2.2545003272965305,4.0
5,Processed,Awake,120,19,35,12268020399166270650,0.5032710847440822,0.8402234335483343,0.4921169871424944,2.7877084014383784,1.0400234733366231,44.0,0.46243738602525336,2.2581581468748237,7.0
5,Processed,Awake,120,19,36,7321748585582946482,0.45882859017513955,0.8525113997353921,0.43916345421389164,2.7033747779751334,0.993414100936399,40.0,0.44813139124212276,2.2535840733646757,10.0
5,Processed,Awake,120,19,37,5651744197584641120,0.5273829048995169,0.8311375217940026,0.48848133699591423,2.7956271880573356,1.0407200228490365,53.0,0.45579511091618385,2.2422143364088005,6.0
5,Processed,Awake,120,19,38,8367607410927638082,0.4272814422957849,0.8744818835000233,0.4715265113917038,2.767323714692136,1.0339652965613984,40.0,0.47650100413194524,2.2697160449709997,4.0
5,Processed,Awake,180,1,0,968612951311063311,0.5169602716436337,0.8263370790959607,0.4889717240575952,2.6899030424607155,0.9850323771000199,46.0,0.4480746732034419,2.2020036089851285,4.0
5,Processed,Awake,180,1,1,15889391662400464958,0.5191038562151028,0.8301984537398952,0.473651157019352,2.660625889046942,0.9533843630152209,40.0,0.471111234913673,2.2363682261864692,4.0
5,Processed,Awake,180,1,2,5510249731719223726,0.48664374416410755,0.8353646698494361,0.47367141562039433,2.725008012587046,1.017986315120492,44.0,0.4668974458968736,2.2388920595985478,4.0
5,Processed,Awake,180,1,3,16983718057947897492,0.5813512238936089,0.7821180771489038,0.4565528977396466,2.706731924093202,1.0006042635961165,42.0,0.43516234736410275,2.201816877226251,4.0
5,Processed,Awake,180,1,4,1684976426548006583,0.48139721435864125,0.8347959249454303,0.46393209316930617,2.703240276220268,0.9947634207732163,47.0,0.468852400897456,2.247638818073664,5.0
5,Processed,Awake,180,1,5,14815094919361177635,0.5363884342912777,0.8146141426183333,0.47394490673446543,2.7105491831769206,1.0057679447313612,35.0,0.4686827351137267,2.221475382288691,4.0
5,Processed,Awake,180,1,6,16565001130489054921,0.5122913016919723,0.8277421837752976,0.46934113964760166,2.656823394495413,0.959882215365276,47.0,0.4631192168024837,2.232703788257987,4.0
5,Processed,Awake,180,1,7,16656475126789405081,0.5355595230507867,0.813584051422559,0.476938115038466,2.7094602370813674,0.9905204572853974,54.0,0.47117454304193024,2.2327233455330893,4.0
5,Processed,Awake,180,1,8,729138558017206506,0.4970660181866615,0.8324999954177409,0.46925504059317186,2.717176456787589,0.9943091701425102,48.0,0.4578519805314844,2.2100624625652436,4.0
5,Processed,Awake,180,1,9,11557878055308909523,0.5218719079882349,0.8211252569335261,0.464484140047709,2.678397243071172,0.9704259997210027,53.0,0.46172390565569493,2.219338818832465,4.0
5,Processed,Awake,180,1,10,6246868452960967593,0.44724758110812285,0.8460846081487989,0.5057205224693209,2.760047542705512,1.033578532185788,41.0,0.4454613136689846,2.213846134484451,4.0
5,Processed,Awake,180,1,11,10419937845307298002,0.4295829622227228,0.8622442721629631,0.48057453392555977,2.686599280840341,0.9697476627525687,42.0,0.5115651288700259,2.252232565917833,5.0
5,Processed,Awake,180,1,12,5738137462387405427,0.5214967877041574,0.8269714356515939,0.47979457778543105,2.695595265194628,0.9881470541156314,44.0,0.480637842053817,2.250160047421458,5.0
5,Processed,Awake,180,1,13,1813468306078832950,0.5366080500302446,0.8119950938725536,0.5005748378045755,2.7578826943467827,1.0257851716902076,51.0,0.44602348984790857,2.2146889813778623,5.0
5,Processed,Awake,180,1,14,15460967468929735434,0.47641897060310523,0.840615475588184,0.48145578307090003,2.742542265304945,1.0208345881221257,45.0,0.4564262814831322,2.2496536402101874,4.0
5,Processed,Awake,180,1,15,3027077943221850580,0.5280427289557639,0.8229146144863825,0.4720405982364888,2.7191119409516586,0.9921604628802885,47.0,0.44273399950366427,2.2322050993960905,6.0
5,Processed,Awake,180,1,16,4267021093766073033,0.5524967897284523,0.8052958694915447,0.469599436810891,2.6448640785007274,0.9683112708649622,43.0,0.4500220312286335,2.202883280444268,4.0
5,Processed,Awake,180,1,17,9875523560594602804,0.5416644843720528,0.8035752789346072,0.4870522216088368,2.755975239296154,1.039820120568414,43.0,0.41156107714981743,2.2017909881594275,4.0
5,Processed,Awake,180,1,18,13570614997081255607,0.4939021614357466,0.8359208409875123,0.4856442488363966,2.693889591234724,0.9854796154047004,40.0,0.49909342760335684,2.248565332968249,4.0
5,Processed,Awake,180,1,19,4818212789708527830,0.5232374636530426,0.8253507575348726,0.48646978682887054,2.7331758813988563,1.0056354916070533,47.0,0.47620627307581276,2.228541293862508,5.0
5,Processed,Awake,180,1,20,7554138233590034897,0.5147015287051724,0.8223756431428796,0.48093918874432123,2.7146165061033134,0.9982918817599068,50.0,0.4432683201061551,2.2172343470936196,4.0
5,Processed,Awake,180,1,21,11235971865386826834,0.5836710390899725,0.7864537899251095,0.4762594519035488,2.697300863379514,0.9866703353906938,41.0,0.44280237228218206,2.174118466205799,4.0
5,Processed,Awake,180,1,22,16884313722770284670,0.49933818173615,0.8316278093659958,0.47654813696840165,2.716702757326404,0.9996416595674193,47.0,0.47949069876979644,2.2497237569060773,4.0
5,Processed,Awake,180,1,23,15604114653762065067,0.5056779586631241,0.8354636396615713,0.4947758132562156,2.6986740331491714,0.987587793238325,50.0,0.47665449462387377,2.2413965562409204,4.0
5,Processed,Awake,180,1,24,4218571159198390327,0.4986234324612706,0.8313970744180719,0.496695315704974,2.7678652065929104,1.0360479964234002,47.0,0.46631754344203763,2.2352969738167783,4.0
5,Processed,Awake,180,1,25,4157041352512334491,0.4577305113284825,0.8498974734095576,0.476173352849119,2.7213233378679558,1.003192735503409,46.0,0.47350174983666504,2.2473648153267387,4.0
5,Processed,Awake,180,1,26,16654494512174217727,0.4619139504857124,0.8521692765466411,0.4768722745850785,2.754175563810805,1.0341119814588184,52.0,0.4603488531099485,2.239001379446251,4.0
5,Processed,Awake,180,1,27,11283373826435016651,0.570787827476182,0.797705566379442,0.4750186125897076,2.677677220429954,0.9767790191848357,46.0,0.46739124929727976,2.2316128018184678,5.0
5,Processed,Awake,180,1,28,11385106859291668858,0.472388617381665,0.8476934832576879,0.47106312073619755,2.7236522299335264,1.0105133316499226,42.0,0.47302820503730114,2.242879784832621,4.0
5,Processed,Awake,180,1,29,2174736369849761560,0.5644542066145702,0.7994652544588349,0.4706934012671755,2.7323964366565723,1.017952613575183,55.0,0.4709415691299437,2.2527315454126997,4.0
5,Processed,Awake,180,1,30,8990190625138439901,0.5614461057479944,0.7993475214491471,0.47301301108651944,2.6486770085930633,0.9520571126994375,44.0,0.459500524191302,2.2051892811569545,4.0
5,Processed,Awake,180,1,31,10909463226238969116,0.51586525263221,0.8258036581068953,0.4613086043343277,2.661484966250767,0.9661019453481736,48.0,0.44818356318404434,2.208640634944405,4.0
5,Processed,Awake,180,1,32,5187025056657800196,0.5361644217100939,0.814384663534541,0.4676799343621326,2.69595936003737,0.988594182969713,51.0,0.4598423880838909,2.215418588195105,4.0
5,Processed,Awake,180,1,33,17942329582952880280,0.4709749365603113,0.8387005035021903,0.4856594427871783,2.685824720611713,0.9747819300534994,42.0,0.4897542125228542,2.231283962296803,4.0
5,Processed,Awake,180,1,34,11766452016687684189,0.4973353936125744,0.8269584004465835,0.4858215115955168,2.703226715513597,1.003139200720741,46.0,0.47144803415600134,2.2319035173951614,4.0
5,Processed,Awake,180,1,35,9343619123552203408,0.4649147988635025,0.8424362246873179,0.48623174826662346,2.772947836635665,1.0382529260980589,47.0,0.45715812344578544,2.220310424558469,8.0
5,Processed,Awake,180,1,36,12436843866655762735,0.5220068787095414,0.8231462490086537,0.4799161293916849,2.721523349991384,1.0159112947792448,48.0,0.45343560550426193,2.202664468828421,4.0
5,Processed,Awake,180,1,37,12796903575373064159,0.47041839645233297,0.8474292358901994,0.4728610715787021,2.68846463948399,0.9856232352055293,44.0,0.4745501324406043,2.238083863801937,5.0
5,Processed,Awake,180,1,38,9442883323220286858,0.5016712978046377,0.8324000873515689,0.48196731274721827,2.7244696384093445,0.9958538307257273,41.0,0.4446889545042467,2.218075028419856,4.0
5,Processed,Awake,180,2,0,3768757995658625480,0.5026243004444854,0.8278600181516543,0.5033907833494558,2.8080291558368176,1.0663811071025178,47.0,0.49761961437752916,2.257403790924756,7.0
5,Processed,Awake,180,2,1,15379711392952372434,0.46386247991749585,0.8454482456582658,0.5030666457327789,2.81640580696382,1.067533857954655,53.0,0.5031071629348636,2.2617971516069173,5.0
5,Processed,Awake,180,2,2,7374879846674082561,0.46081978513088306,0.8463113837914455,0.5117170683778431,2.7702621188857206,1.0335768686752695,52.0,0.5322846130860434,2.2945909066099013,4.0
5,Processed,Awake,180,2,3,13821377297303217216,0.49282880089408526,0.8329900494507458,0.49765253460422293,2.7917945221047846,1.0474653213694403,44.0,0.4934969890654201,2.260147986639451,4.0
5,Processed,Awake,180,2,4,345187315633766385,0.4786691795855791,0.8377496837785929,0.5051937988422209,2.856173405108235,1.0912451363384534,68.0,0.5287089700020765,2.3051461252249568,7.0
5,Processed,Awake,180,2,5,6580423932000847765,0.4708139789440089,0.8399914066025181,0.5013699878954859,2.8164101396910297,1.0614597128474577,53.0,0.48616084316297536,2.2490862230552953,4.0
5,Processed,Awake,180,2,6,13271420351367745808,0.4649430920760962,0.8425244648024702,0.49928335198812845,2.8074042432009114,1.0647284526509124,50.0,0.5139885640197116,2.284757477177302,6.0
5,Processed,Awake,180,2,7,5471684397740314067,0.4582799711216119,0.8571487471273518,0.4956570624015559,2.8038620215448087,1.0504308927941837,61.0,0.5191697012362811,2.3036135643497606,8.0
5,Processed,Awake,180,2,8,6697132134033006089,0.4492797958260384,0.8501273626452447,0.5057255871195815,2.803391448384289,1.0651758934996498,44.0,0.5192659295912321,2.2842772480171107,6.0
5,Processed,Awake,180,2,9,2208236013016689561,0.4614198622018152,0.8430369538949323,0.5224541269302648,2.8931175678707652,1.1223260303302338,49.0,0.5204763810035098,2.2916188161312983,7.0
5,Processed,Awake,180,2,10,11003021446608795401,0.4510016896300279,0.8533725732664034,0.5297219000541917,2.832552471225457,1.076276717468031,45.0,0.5356222176077631,2.287651824051742,5.0
5,Processed,Awake,180,2,11,16361176181884216722,0.4732515023898687,0.8324132729793912,0.5033452014971106,2.8327442708927144,1.067215602002025,47.0,0.5176984203355838,2.271561590257561,4.0
5,Processed,Awake,180,2,12,1269026873083465165,0.4650631709190576,0.8531004255831255,0.5058977852284411,2.8547585024292657,1.0806927547322307,46.0,0.5240621533879978,2.294029619119408,4.0
5,Processed,Awake,180,2,13,3199674767275217045,0.44818864692823557,0.8505601785732773,0.5091239674444281,2.800763401315056,1.0390919849852656,54.0,0.5419910153104377,2.326958620539694,10.0
5,Processed,Awake,180,2,14,8986369502221508027,0.5063802831973111,0.8339574519517056,0.5218159809974322,2.8445100908312857,1.0713059975076382,44.0,0.5179871054004366,2.2998650775803915,12.0
5,Processed,Awake,180,2,15,8269414680611460237,0.4491172938523326,0.8549971379053003,0.5123552143106758,2.8374330350882113,1.0734940741423187,51.0,0.518465714850061,2.286973325588669,13.0
5,Processed,Awake,180,2,16,3680682613377364727,0.448302820039177,0.857799667515844,0.49772850435813154,2.865410968889407,1.0893439873091693,52.0,0.5087770389015787,2.3054229586450634,10.0
5,Processed,Awake,180,2,17,13669143951543236272,0.43944114448709215,0.8594931130324921,0.5031932619892934,2.7329592341970623,1.0032566939710599,64.0,0.534725774511641,2.3150208851808403,6.0
5,Processed,Awake,180,2,18,11496844796947063231,0.4691386698407325,0.842051739176371,0.5122741799065066,2.829682473073157,1.0812270134356585,47.0,0.48949085070930426,2.2559287614957286,8.0
5,Processed,Awake,180,2,19,5574875128146183268,0.4412512573868497,0.8544362661749886,0.507584313765213,2.843713645262889,1.080946810166107,51.0,0.5245584891135343,2.297985400812052,8.0
5,Processed,Awake,180,2,20,10793969788530512250,0.4771393907474907,0.8407403883454108,0.499982273724088,2.741536838012719,1.0199958612854378,48.0,0.5002861527397225,2.282452978418596,11.0
5,Processed,Awake,180,2,21,16238527990066651912,0.49455566377431354,0.8386211361999253,0.51256792962162,2.8144553519285855,1.069581618198982,46.0,0.5073310812521842,2.267954174968303,8.0
5,Processed,Awake,180,2,22,10634867511369767643,0.4513502470342778,0.8650664224371909,0.5077919644258966,2.7805757390870265,1.055552621515195,61.0,0.5146849534305409,2.2763734109872877,9.0
5,Processed,Awake,180,2,23,4637859452466670177,0.4687373784592988,0.8402277915914311,0.49707009982425665,2.7505464940306035,1.0195036167926304,46.0,0.5048190147229383,2.2679180887372015,5.0
5,Processed,Awake,180,2,24,9166032127919240040,0.473565352029081,0.8487557196893686,0.4980779652261113,2.800148059565502,1.0557434983889205,46.0,0.5342876822641013,2.3132763932592892,8.0
5,Processed,Awake,180,2,25,63750469016033193,0.5102062978348282,0.8302459447400834,0.4936818487999311,2.8249818866830894,1.0653133278547477,49.0,0.5177642607889712,2.277544473282613,6.0
5,Processed,Awake,180,2,26,3281180434249876390,0.46499812094084636,0.851418727661856,0.49657882874898074,2.7614487692221035,1.039767723991117,43.0,0.5093265534548512,2.2702952862560952,4.0
5,Processed,Awake,180,2,27,14705856210679959888,0.5247330187543361,0.8136261060406521,0.5043682608497471,2.756705882352941,1.0268583775239697,48.0,0.4964395508668149,2.246888252148997,4.0
5,Processed,Awake,180,2,28,5972430586705161416,0.47499857416281255,0.8432915817715904,0.5096962729238732,2.76850705620203,1.0364184071733138,46.0,0.5262804702021302,2.3115809845838986,7.0
5,Processed,Awake,180,2,29,11187448770370766088,0.4339454390364895,0.8622408019417648,0.5197799915926805,2.8578708473726713,1.082950730909698,49.0,0.5193824165472253,2.2896102881255653,7.0
5,Processed,Awake,180,2,30,16463559395046874738,0.4183874131993728,0.8726756446023104,0.49740943139171523,2.7657561250352014,1.0344588637004242,48.0,0.5102103349253218,2.2619536784435237,8.0
5,Processed,Awake,180,2,31,9036869222426574642,0.44127796540752035,0.8570219469473991,0.5001392778821658,2.7896550750021185,1.0675413231130269,58.0,0.5085364680142013,2.276280292897463,4.0
5,Processed,Awake,180,2,32,13193432943073046388,0.47852830937264584,0.8401184856558476,0.5174249292215126,2.868325004211354,1.091270036523813,46.0,0.5183568248694587,2.285293231068091,9.0
5,Processed,Awake,180,2,33,355378191271448432,0.48621385926782806,0.8398102584881124,0.5109117889864115,2.876147573701317,1.095224353923761,65.0,0.5270553616919984,2.3114366309804097,4.0
5,Processed,Awake,180,2,34,9826852201755644672,0.5092548704749594,0.8284070601229347,0.49997214442356686,2.8399067920945886,1.0910998256786424,60.0,0.4946618586253526,2.286378107589307,5.0
5,Processed,Awake,180,2,35,11083788369479502207,0.46074028564389113,0.847915603745939,0.4990453134258814,2.7729779929082006,1.0515532802700214,44.0,0.5122210010787706,2.274749496744301,5.0
5,Processed,Awake,180,2,36,10762421440351138440,0.44031030312435093,0.8618616079407343,0.49855404235060546,2.8194420576273127,1.0635392209503152,45.0,0.5213247099221563,2.304036888227328,6.0
5,Processed,Awake,180,2,37,2050452310740262731,0.4686354337609448,0.8502764432173204,0.5011370139834994,2.8417001723147615,1.0840427472670202,43.0,0.512621108449356,2.2824557447288307,8.0
5,Processed,Awake,180,2,38,12452689514339647415,0.4824005570297907,0.8400967204539684,0.49224855277618806,2.77424787349432,1.0425970798281239,63.0,0.49853884839982376,2.2745075385592974,7.0
5,Processed,Awake,180,3,0,10841423045947844106,0.5322156560467509,0.8082906417031089,0.49521643782888575,2.7711208728921637,1.0368626002615127,46.0,0.4551018754399915,2.207825552825553,5.0
5,Processed,Awake,180,3,1,18139042698962768125,0.5117060949548649,0.8250194366598146,0.4966446692023682,2.8164689663095612,1.069808436187944,48.0,0.4470794694272387,2.2055667295463914,4.0
5,Processed,Awake,180,3,2,10855582780173406971,0.550034539938774,0.7942689543998884,0.5103090956054029,2.889064112856979,1.1111509754555755,57.0,0.43301240332848817,2.1850313709955658,4.0
5,Processed,Awake,180,3,3,17382202004657721668,0.6099019872133341,0.7643039486754711,0.49263346619599185,2.816941789748045,1.0742480320876604,46.0,0.43904186946370416,2.191208624546592,4.0
5,Processed,Awake,180,3,4,9505014248562573850,0.5645429992792474,0.7942151155332995,0.5293065987328245,2.921558761042156,1.0953923057140749,85.0,0.47737873961113614,2.27089732933396,8.0
5,Processed,Awake,180,3,5,17417169009042908060,0.5704101766069382,0.7890118220050216,0.49425415427937625,2.830553702468312,1.0836809640222853,45.0,0.4514527949272463,2.2006937500771517,4.0
5,Processed,Awake,180,3,6,6274754650050739658,0.516517557693048,0.8213484987656012,0.5070626547883735,2.864524620182541,1.0978434307171034,64.0,0.47508192071796485,2.2254685646500594,5.0
5,Processed,Awake,180,3,7,11733610529709848042,0.48306763967436595,0.8278926699464348,0.5354753427502064,2.880244088482075,1.064993333656266,45.0,0.5320389775484053,2.317719996911163,16.0
5,Processed,Awake,180,3,8,6540559192262187713,0.559042554348353,0.7936710604597369,0.5148368929383581,2.8169650279886937,1.0510117433409851,49.0,0.4745703910416466,2.2002348106838863,6.0
5,Processed,Awake,180,3,9,14184923621832251840,0.48128148374838375,0.8355674612469636,0.5265109117889865,2.8760582083771373,1.090273290030635,52.0,0.501529524378694,2.238344955414157,5.0
5,Processed,Awake,180,3,10,1001684349250023836,0.5568592814724868,0.798223246043644,0.5225300966841735,2.876355627422008,1.1066374217018211,59.0,0.46285332266380347,2.202861171706459,6.0
5,Processed,Awake,180,3,11,1885493217520960508,0.5446830040882854,0.8009226518184828,0.485436598175713,2.819058823529412,1.0685726820064745,47.0,0.46409669430277495,2.2113106011245445,4.0
5,Processed,Awake,180,3,12,2530913700509832087,0.5059898731434331,0.8197448787396499,0.5122741799065066,2.8119040338050096,1.0559453236497855,58.0,0.47162023226486094,2.2020431328036323,4.0
5,Processed,Awake,180,3,13,5665021641513605895,0.5851588481438875,0.7809646057122364,0.5143253632620399,2.796728264162375,1.0531551171261195,47.0,0.46313187842813514,2.1975127665965757,6.0
5,Processed,Awake,180,3,14,17405521187736648736,0.5428945142053881,0.8072016625796857,0.5143051046609977,2.9006255534291183,1.1097161383559795,59.0,0.45709987996778884,2.198477559222946,6.0
5,Processed,Awake,180,3,15,6224323918032409825,0.49668304834115723,0.8280787855748718,0.5200990645590968,2.831008435794233,1.070227230477298,45.0,0.4759251849863508,2.2314834603785236,10.0
5,Processed,Awake,180,3,16,7522031778094322697,0.5112214424000752,0.8256285058269408,0.5010559795793301,2.8416487146344966,1.0709987262224037,86.0,0.4710150065587221,2.240301114122252,10.0
5,Processed,Awake,180,3,17,7056820480906354583,0.526429363458643,0.8128856940313355,0.5355614418046362,2.9670314253647585,1.1342805049550804,54.0,0.5031426154866876,2.288030585688293,8.0
5,Processed,Awake,180,3,18,17399090137143108776,0.5040262756982334,0.826116617711648,0.512699610528395,2.8816111585539423,1.099225707741541,45.0,0.503489544029537,2.2431630488740466,9.0
5,Processed,Awake,180,3,19,4860423018216210765,0.5363517642867859,0.8107809441264036,0.504069446484373,2.8411932629174994,1.074678282678031,45.0,0.4569403434845807,2.1933558613312587,4.0
5,Processed,Awake,180,3,20,7993578437720856232,0.5394036942314991,0.8097631958205979,0.5138239628862429,2.832537621799704,1.0769295920749558,51.0,0.4668543963696587,2.2099976024934067,7.0
5,Processed,Awake,180,3,21,15131481233251248321,0.5634742079908791,0.7892860945545237,0.5188734191960375,2.8808030818547365,1.0773632186201556,49.0,0.4645955623534417,2.187269757627058,4.0
5,Processed,Awake,180,3,22,715511905584873868,0.5382768800407334,0.8014369589721372,0.5224237390287014,2.839122536606848,1.0875937697865057,48.0,0.4534305408540013,2.1875969749911426,4.0
5,Processed,Awake,180,3,23,16885019430743404370,0.6009953581097014,0.7709656922785008,0.5182352732632048,2.8826097980110994,1.098247879376761,65.0,0.44312904222398924,2.186679162761637,5.0
5,Processed,Awake,180,3,24,4722836713975396175,0.5242000324887225,0.8098404258194657,0.5227022947930331,2.9415151342415777,1.1336860789176046,60.0,0.44952063085283644,2.2002107089737235,7.0
5,Processed,Awake,180,3,25,14984578597569511983,0.5310302906369961,0.8033184593984269,0.5015573799551272,2.8174628012176735,1.0648105334523925,50.0,0.4565073158873014,2.2049732744596793,4.0
5,Processed,Awake,180,3,26,8331221753451229383,0.6189873354327866,0.7622103053118624,0.5172375371618713,2.862624733714542,1.078219563338573,61.0,0.4460082958971268,2.1784291898577615,4.0
5,Processed,Awake,180,3,27,11709029192913252313,0.5686934233893167,0.7904213344864194,0.5188835484965586,2.8587532786427814,1.081916788425552,45.0,0.463754830410186,2.202347451716093,4.0
5,Processed,Awake,180,3,28,13573145016737207469,0.5555734993420827,0.7979021601312656,0.4934590041884658,2.857830053090077,1.0869871754302838,48.0,0.4311460797074658,2.1782301088750433,4.0
5,Processed,Awake,180,3,29,13482220269557742911,0.5776116709913234,0.7845760877319978,0.490085947114922,2.833060077292423,1.08236912309936,58.0,0.4291227519283656,2.1781513901206955,4.0
5,Processed,Awake,180,3,30,7148791595334159667,0.5305592854791923,0.8167398291228211,0.5467644481810309,2.9380851295449597,1.1143736068613954,64.0,0.520856229773053,2.2989560513256135,12.0
5,Processed,Awake,180,3,31,18360528709074198839,0.5306963186368416,0.807731821207139,0.5151306426534715,2.919625685334558,1.1188896259719674,46.0,0.4834791108500002,2.2350565428109856,10.0
5,Processed,Awake,180,3,32,12046200095547610209,0.5356446535015225,0.8060614595598196,0.4958393898109366,2.8214645955214848,1.0702216596346832,43.0,0.4287808880357767,2.1942694969286993,4.0
5,Processed,Awake,180,3,33,12382947621067879786,0.6060178360502966,0.7683669126479113,0.517921264947049,2.8580771380659584,1.0643969369352753,72.0,0.4473605575167007,2.1829819835405186,4.0
5,Processed,Awake,180,3,34,1350549625015873685,0.5418693158734218,0.8061457404650862,0.5094278464600627,2.8580967806097806,1.0740237867493612,47.0,0.4707085952179572,2.2125410655620628,6.0
5,Processed,Awake,180,3,35,10128593999827138799,0.5208647850618607,0.8141612817793731,0.5121779515515557,2.885085016546845,1.0903917571247532,59.0,0.4945327100437079,2.264313707302368,10.0
5,Processed,Awake,180,3,36,1885885834851342325,0.5173977017544114,0.814507576373075,0.5096253678202252,2.849569551427277,1.0787513012454897,62.0,0.4802352023581012,2.209867623753146,4.0
5,Processed,Awake,180,3,37,10688947030102001711,0.5642372090717065,0.7885205846559277,0.5226516482904273,2.8536349307303044,1.083157177216921,44.0,0.4403004350534574,2.180103819244176,5.0
5,Processed,Awake,180,3,38,10841376230027893401,0.5667520308244879,0.7917561681350905,0.510141962146804,2.839191588916763,1.0725360106869484,51.0,0.4516047344350636,2.2017061939036284,4.0
5,Processed,Awake,180,4,0,2375568376401126530,0.45787696510743037,0.8532086499008632,0.5183973420715432,2.897961494903737,1.1109373031878451,57.0,0.49898200529762415,2.266734921602687,10.0
5,Processed,Awake,180,4,1,10658449193651375228,0.5052688422226402,0.8416425809302425,0.49615339812709236,2.838631161079076,1.0689740700446206,48.0,0.48825760837085397,2.2593421530601483,4.0
5,Processed,Awake,180,4,2,5380580401712278238,0.47339704416302353,0.8508069502113461,0.48518843031294473,2.826179307903354,1.0823576831787363,47.0,0.4655553135778209,2.2517606711984812,8.0
5,Processed,Awake,180,4,3,18437844778344674959,0.4781100004567981,0.8455552703455307,0.509149290695731,2.90330965170681,1.0952917407546496,57.0,0.49504423972002615,2.248510501253709,10.0
5,Processed,Awake,180,4,4,3339562347355895184,0.48513073281272523,0.8401935258031631,0.49574822610624625,2.8041367061047926,1.048687447121361,58.0,0.48335249459348584,2.238296824428913,5.0
5,Processed,Awake,180,4,5,4281866933852563304,0.4849513876968209,0.8388081081178812,0.49214219512071594,2.7767395342191743,1.0312500057381226,59.0,0.5034768824038856,2.2545017462693338,5.0
5,Processed,Awake,180,4,6,8368790776835645964,0.49621951728199704,0.8318175317453058,0.4810404817495328,2.76241165692348,1.0362472134709821,46.0,0.46048053401672345,2.2289079832808305,4.0
5,Processed,Awake,180,4,7,5201192917891248184,0.5343945815041423,0.8192768994019188,0.5006963894108293,2.866699530244157,1.086483706242447,59.0,0.4854973739788399,2.2538324085394525,9.0
5,Processed,Awake,180,4,8,10270949422584611313,0.4625960145928235,0.8379382858632858,0.49310447867022544,2.8582919883744826,1.083659843332509,57.0,0.4674317664993644,2.2560009777560497,4.0
5,Processed,Awake,180,4,9,7884810838104827487,0.5340081893686741,0.8205671654099677,0.4825244242758816,2.8047042892048633,1.0570984562269958,49.0,0.4892958616742721,2.238570799638529,4.0
5,Processed,Awake,180,4,10,5653449879253506878,0.45899411417589114,0.8529693244694689,0.48934650817687786,2.8429353263108337,1.0732426265669897,60.0,0.48073660273389823,2.2489426983995355,6.0
5,Processed,Awake,180,4,11,512053496101161669,0.5019381898960946,0.8368343512479507,0.49113939436912185,2.8127973082724216,1.059819417434676,48.0,0.4841147244577026,2.2530819092516206,8.0
5,Processed,Awake,180,4,12,430873404976110997,0.4874325948726821,0.8373608452869461,0.4797338019823041,2.8050817341862118,1.0616496104940771,55.0,0.470926375179162,2.2530136538205254,4.0
5,Processed,Awake,180,4,13,2845789839795313698,0.44330537902241307,0.864818257416764,0.4911242004183401,2.8691342682998995,1.0939406258369329,43.0,0.4656338156568598,2.228610905741331,7.0
5,Processed,Awake,180,4,14,12073417388651723535,0.4268618674806011,0.8616263066563787,0.5003114759910254,2.8375894062562836,1.0687112304677522,58.0,0.5042036597162783,2.2814795292823504,5.0
5,Processed,Awake,180,4,15,17876073055508178424,0.49255097572859274,0.8441209064715149,0.48800437585782513,2.723354342726322,1.006614748077215,49.0,0.4928259229058937,2.265746152234149,9.0
5,Processed,Awake,180,4,16,2626440665327908988,0.439193194203517,0.8629256675274901,0.4962496264820433,2.7889957873164066,1.0371190629527136,42.0,0.5197268127649445,2.277020880023077,9.0
5,Processed,Awake,180,4,17,11397877868598772597,0.45950733095917684,0.8539492191770592,0.48056440462503863,2.8007320168836154,1.0426546864910915,47.0,0.5050849088616186,2.256508015521942,5.0
5,Processed,Awake,180,4,18,16182920763491506067,0.43609162983743976,0.8617976815387933,0.4863786231241802,2.8105592788785154,1.0520455425521456,53.0,0.4869205407020618,2.234797768479777,5.0
5,Processed,Awake,180,4,19,5452606719774713047,0.45732141904806717,0.8509671827495482,0.5049912128317979,2.9045968305756236,1.1206169596065079,46.0,0.47470966892381244,2.2540461246182333,6.0
5,Processed,Awake,180,4,20,13765278453921312981,0.4463859318770412,0.8516101836142378,0.48872862084508756,2.895490143127194,1.1071943264568573,61.0,0.48017189422984397,2.2465670651517127,5.0
5,Processed,Awake,180,4,21,9875473575382079947,0.4574577297747751,0.8529352748866091,0.4847832582920986,2.897327239156098,1.11290534031932,44.0,0.4745779880170375,2.25426114151681,5.0
5,Processed,Awake,180,4,22,11358111604900866836,0.4884824608535113,0.8376938726737757,0.4886982329435241,2.761174383334287,1.0272488262190171,62.0,0.45486890152800497,2.2333917714200453,4.0
5,Processed,Awake,180,4,23,3282104370469963003,0.47815808328205034,0.8401946186212639,0.5021702026366569,2.8678197489442936,1.0872692723677593,52.0,0.5006938570856989,2.2499487926443478,5.0
5,Processed,Awake,180,4,24,9383937812610917034,0.4492418613009483,0.8576885316459858,0.4926841126985976,2.8459963137415523,1.0814339135254254,49.0,0.4837019554614656,2.2505508229943563,4.0
5,Processed,Awake,180,4,25,3298715689080248561,0.433293109188421,0.8536291094152205,0.4943453179840666,2.808834532374101,1.0514609794378322,42.0,0.4928765694084995,2.262028729487239,5.0
5,Processed,Awake,180,4,26,6748624365741627600,0.4342892859527999,0.8635675634259933,0.49819951683236513,2.794386682574854,1.045777583636723,49.0,0.49981767259061927,2.2546578174798095,5.0
5,Processed,Awake,180,4,27,5316696998895967543,0.48546610832961373,0.8399612727888477,0.47729264055670634,2.827822120866591,1.0659530637231558,43.0,0.47578590710418495,2.2376851984183697,4.0
5,Processed,Awake,180,4,28,17109865563383066317,0.4826165063859047,0.8460370788779722,0.4915141784884045,2.8249403271816966,1.0696110428718326,44.0,0.46004244176918363,2.232561569090105,5.0
5,Processed,Awake,180,4,29,9574376982357010244,0.47211802923729845,0.8389333865575282,0.5012383069887109,2.8535017155378717,1.0849682597613914,49.0,0.4938819024852239,2.2577474734612135,8.0
5,Processed,Awake,180,4,30,5828802113567937484,0.494411530797978,0.8372302325363731,0.4830156953511575,2.8500134476884917,1.076049000806989,71.0,0.464035918499648,2.2346406185214995,4.0
5,Processed,Awake,180,4,31,15325810662242762808,0.5135046054562341,0.8227666976240027,0.5007419712631744,2.8670436421632592,1.1051975041394158,48.0,0.4494269348230158,2.2218383034127043,5.0
5,Processed,Awake,180,4,32,16736853897348653507,0.47693788680635774,0.8396833771229882,0.49984046351679184,2.8810976499781056,1.1047173076338395,50.0,0.4549094187300896,2.2286859212942285,8.0
5,Processed,Awake,180,4,33,7395371956375606327,0.4194496927010683,0.8675002863867953,0.49478594255673675,2.844406917836138,1.0811396549150192,50.0,0.5084225133833383,2.268749646872705,8.0
5,Processed,Awake,180,4,34,5649691263882163302,0.46635695415346273,0.8406269626166236,0.49337796978429654,2.8089965397923877,1.0436581407562722,45.0,0.4895718851134735,2.21654188784811,8.0
5,Processed,Awake,180,4,35,15545269042635303268,0.48404464996260216,0.8477214604779344,0.4902581452237816,2.8302438453891585,1.0755816847580892,58.0,0.48527452936737453,2.259038772118026,8.0
5,Processed,Awake,180,4,36,11848043155717996949,0.46190001598642577,0.8476729693925786,0.4987566283610285,2.8884261160321465,1.0985572126466256,64.0,0.488776735022563,2.242404879465582,8.0
5,Processed,Awake,180,4,37,13241401195045391749,0.46851930625176164,0.8433202959988925,0.47080988822316877,2.8544231891178184,1.0941878434964933,45.0,0.4552082330954636,2.249856066484768,5.0
5,Processed,Awake,180,4,38,5899482498836466579,0.4378443051329015,0.8533472057246759,0.4893819607287019,2.890773649255071,1.1016198653555764,57.0,0.46814334986097533,2.2297310336509466,4.0
5,Processed,Awake,180,5,0,17468155092990579013,0.6449135030638998,0.7196438811462096,0.5234467983813378,2.8130919978225366,1.0488850347940304,61.0,0.384434810354171,2.1092770900198685,4.0
5,Processed,Awake,180,5,1,17371011716087795063,0.6810093497510743,0.7002220993289997,0.4971764574797287,2.704297520661157,0.975323467610608,50.0,0.3746676323266497,2.109409751924722,4.0
5,Processed,Awake,180,5,2,9729848257957167501,0.6396756611654615,0.7300958193791371,0.5249003530061231,2.9110724116622664,1.1175422142139428,73.0,0.36449528227828226,2.117966450853443,4.0
5,Processed,Awake,180,5,3,17483322314891395657,0.6112291222109423,0.7417097258505039,0.5358146743176649,2.960128707330722,1.137663730841233,51.0,0.36693391137874976,2.115174074885045,4.0
5,Processed,Awake,180,5,4,17632543971842861234,0.6496336567656638,0.7204896217256008,0.5386610077641089,2.8770017312270073,1.0921145297862491,50.0,0.3598737889155064,2.0949657256578464,4.0
5,Processed,Awake,180,5,5,2634528065687229162,0.6387953816200501,0.7294145558051025,0.5254777231358289,2.843666063695664,1.0717387344298968,58.0,0.3911049547473499,2.1206524873333423,6.0
5,Processed,Awake,180,5,6,3399983203934205578,0.6615015631963692,0.7143396887286113,0.527017376815044,2.865822087579179,1.0717932449286405,53.0,0.356855257360203,2.102593178359345,4.0
5,Processed,Awake,180,5,7,3431051223644665359,0.6700044374704377,0.7136120498849957,0.5236645783425425,2.7847773977214576,1.0304084918620557,70.0,0.3935410515226871,2.1330707148347425,4.0
5,Processed,Awake,180,5,8,11985547195008056799,0.6366718763097678,0.729767107885361,0.5303093994844186,2.8582191406889774,1.08215472084366,62.0,0.36422938813960204,2.1055158683686614,4.0
5,Processed,Awake,180,5,9,11216722512156730050,0.6710224405481992,0.7108381851173595,0.5347814856645074,2.8566674782890997,1.0826153676197976,65.0,0.37188460700846304,2.127778260743574,4.0
5,Processed,Awake,180,5,10,15090274051328245932,0.6694616400461648,0.7079859313692315,0.5169387227964973,2.876370297308722,1.100570718241029,48.0,0.34129665175971274,2.113735453718516,4.0
5,Processed,Awake,180,5,11,4773940474006688597,0.6580025088313656,0.7149411746168964,0.5156219137287474,2.808651511807548,1.0518832745218096,59.0,0.3496431953891424,2.0947930574098796,4.0
5,Processed,Awake,180,5,12,14820398146230191732,0.6091376163414858,0.7484091742009036,0.5441764118978764,2.8992444684295737,1.0915692858461938,70.0,0.37410039149746516,2.1089523048152006,4.0
5,Processed,Awake,180,5,13,4320913382185530512,0.6498267520120845,0.722557345233287,0.5322592898347405,2.8550122249388754,1.0705571539351995,63.0,0.36032454278869774,2.118577192799607,4.0
5,Processed,Awake,180,5,14,17476108108151156700,0.6331089880598043,0.7369924322489881,0.5337077798092653,2.8672217233967294,1.0944712414085256,48.0,0.37692140169260613,2.1219171442420097,4.0
5,Processed,Awake,180,5,15,1067035521118154570,0.6797755068172455,0.6908168501942547,0.5502489275603073,2.869272415159118,1.078168740145557,57.0,0.3374019357093296,2.095266551344551,4.0
5,Processed,Awake,180,5,16,9865129689023822533,0.6896940625686903,0.6975631034512824,0.5163461587160099,2.757966780284586,1.0195565322734752,43.0,0.3392935825816548,2.0985324290882894,4.0
5,Processed,Awake,180,5,17,11568325752000888506,0.6319871075009122,0.7382515896656882,0.5205903356343727,2.943809605636223,1.133868267016573,52.0,0.36117540403247456,2.1361430625449316,6.0
5,Processed,Awake,180,5,18,12133817558453189834,0.6941437250817878,0.6908090812855391,0.5227782645469418,2.8333287584749254,1.0704688646235612,55.0,0.34327186536133747,2.119751677117703,5.0
5,Processed,Awake,180,5,19,12519065003680852375,0.6818715821988044,0.6959636686368841,0.5175110282759424,2.776355830887947,1.0117168496486448,54.0,0.3657006690402994,2.099087182766941,4.0
5,Processed,Awake,180,5,20,10388787744757619500,0.7096288444109897,0.6752671027865694,0.5339762062730758,2.869366427171783,1.0845347264726677,62.0,0.3512486895217451,2.105753757400941,4.0
5,Processed,Awake,180,5,21,51953387869420998,0.6537486677134091,0.7197988532904089,0.5304309510906724,2.9131873939528803,1.1173899828824652,46.0,0.35579927778087284,2.11231884057971,4.0
5,Processed,Awake,180,5,22,9491089369687142532,0.6514993368930317,0.7226942551376669,0.5274022902348479,2.8250454409809826,1.0659424232280499,61.0,0.3855085162094132,2.1243772763427806,4.0
5,Processed,Awake,180,5,23,8432616872413075860,0.6876798035470532,0.6933005924865303,0.5336773919077018,2.8589684456141304,1.0724829013217247,45.0,0.3678176928492203,2.097155645394167,4.0
5,Processed,Awake,180,5,24,16410386196173651462,0.7014279337251014,0.6812161236243227,0.5298789042122696,2.8844807146204956,1.089491187498672,53.0,0.3420740755747112,2.100073068731247,4.0
5,Processed,Awake,180,5,25,3465990601848590683,0.6452748820728353,0.7266017276349028,0.526850243356445,2.811638466944159,1.0564124173112501,60.0,0.3507320951951663,2.0999469335152754,4.0
5,Processed,Awake,180,5,26,402842436448398046,0.639701838614859,0.7354516276912852,0.5199471250512796,2.7938278996353345,1.032597522862819,47.0,0.39856771690630904,2.1242492543155223,4.0
5,Processed,Awake,180,5,27,12475613129299350189,0.6114603653983866,0.7453161060669363,0.5228795575521532,2.8865682491751943,1.0969959577309387,63.0,0.3898337275319453,2.1314069725583584,6.0
5,Processed,Awake,180,5,28,11569415078730289959,0.5969046324521463,0.7601381935050336,0.5261259983691826,2.859399944949078,1.0805148129320412,47.0,0.3847184307687633,2.1137407129142667,6.0
5,Processed,Awake,180,5,29,3181325889542698129,0.6752420618637981,0.703166040709104,0.526384295532472,2.7937476479759153,1.0254404292315058,61.0,0.35086884075220187,2.103955660162478,4.0
5,Processed,Awake,180,5,30,70346112333080408,0.6403470244285413,0.7230191041063916,0.5413250138011719,2.822440518630014,1.046075275437666,51.0,0.36245422822327006,2.1005121732877416,4.0
5,Processed,Awake,180,5,31,1677551810241186741,0.66101924408447,0.7169814190210082,0.5410008761844951,2.8890301292800347,1.1056427397314599,50.0,0.3542317685252245,2.0993516628646898,6.0
5,Processed,Awake,180,5,32,3747922855872217756,0.6750322691721131,0.7053914044007479,0.5214310675776285,2.7666406900814233,1.0373058163713522,43.0,0.33994692246526914,2.1126988873325883,4.0
5,Processed,Awake,180,5,33,17527964694794571370,0.6709029269314982,0.7126395039077983,0.5215121019817976,2.8092704752550883,1.0489372843554,59.0,0.37101095483851365,2.1181147896486916,4.0
5,Processed,Awake,180,5,34,920757164155772134,0.6785648048280452,0.7063258631542256,0.5153788105162398,2.838731274583647,1.0654150733624597,60.0,0.3787016262591987,2.1148146053115364,4.0
5,Processed,Awake,180,5,35,16219931481038733522,0.6616352890238004,0.7161024956425286,0.5397093903680481,2.932658172111071,1.1254101165191042,57.0,0.3430363591242207,2.1093584553098723,4.0
5,Processed,Awake,180,5,36,12318506060699796184,0.6355640663685961,0.7363815718843907,0.5118639432353999,2.8116062983363936,1.0418968301358826,46.0,0.36908638773949465,2.112716888689173,4.0
5,Processed,Awake,180,5,37,8048241333248935579,0.6662736428544052,0.7125326240437291,0.5229403333552801,2.7986393451509732,1.041069880464719,46.0,0.3790992013046539,2.1177535719337954,4.0
5,Processed,Awake,180,5,38,8260078548477658856,0.6517945902646334,0.7253732851355741,0.5286532588492102,2.8224812070737118,1.0491456602906961,55.0,0.3580277238955264,2.107080582422987,4.0
5,Processed,Awake,180,6,0,18189128398374997627,0.5145248951431092,0.8067408459445318,0.5143101693112582,2.893133903133903,1.0678545787039386,57.0,0.4786879517034951,2.1924263511946185,4.0
5,Processed,Awake,180,6,1,6087779950742639224,0.5018732574258562,0.804095065801287,0.5344725419986123,2.9187410111738026,1.1073299749359182,48.0,0.45630979452713893,2.2053679611294013,4.0
5,Processed,Awake,180,6,2,10360709243598137563,0.4989543376272979,0.8190263838003468,0.5174806403743789,2.926141245203047,1.1046220863192493,64.0,0.4739930209119409,2.2079789555636817,5.0
5,Processed,Awake,180,6,3,18330663354432868562,0.45063015179996885,0.8341899627130007,0.5302030418289465,2.966645885286783,1.1140977544521742,53.0,0.5054318374044681,2.225478062106261,5.0
5,Processed,Awake,180,6,4,1531955041412401446,0.5037483179295291,0.8099151631096128,0.5377848232690292,3.0283774919430737,1.1270646651799194,50.0,0.48160519025358706,2.2065552848358276,4.0
5,Processed,Awake,180,6,5,895374420691849968,0.49066417340673874,0.8210544151070487,0.5268553080067055,2.9289897510980967,1.081839236257754,48.0,0.5007445035883047,2.2342858434177373,6.0
5,Processed,Awake,180,6,6,14317190907342041830,0.5192168294873278,0.8008850160715186,0.5390712444352155,2.9458098084800177,1.1053236595223888,65.0,0.46846495515252196,2.1727446766028917,4.0
5,Processed,Awake,180,6,7,16527208298661337988,0.4761844793770236,0.8177053056211312,0.5486383687774441,3.0691882702932425,1.1623082429949543,62.0,0.5032540377924203,2.2377209773674136,4.0
5,Processed,Awake,180,6,8,13129013296643118201,0.47997768079482583,0.8270113234400794,0.531104549575329,2.903962781423943,1.0626684775195827,60.0,0.5126135114739652,2.2325550617066097,4.0
5,Processed,Awake,180,6,9,3092910652064445223,0.48650400785135367,0.8241639645244666,0.5336875212082229,3.029322984044847,1.1442166557465248,50.0,0.4846363834345419,2.2028338263561964,4.0
5,Processed,Awake,180,6,10,14173955940953770130,0.4633271752652253,0.8299128675948445,0.5308817049638637,2.9436659271532477,1.1127212535585769,57.0,0.49574822610624625,2.2197931785195935,4.0
5,Processed,Awake,180,6,11,13546520740523064561,0.502781209608965,0.8168804369903973,0.5293825684867332,2.9369204832818205,1.1009652739130218,51.0,0.47707232827037127,2.1860154790499067,4.0
5,Processed,Awake,180,6,12,8619900536095982404,0.5115060121847711,0.8025637691965701,0.550755392586365,3.0254006231916315,1.1133531986630256,68.0,0.5010661088798513,2.2099267333809864,4.0
5,Processed,Awake,180,6,13,13292585694371280722,0.5158881431838851,0.8046261454055865,0.5408793245782413,3.026125641098297,1.1315654913567852,68.0,0.4867736658445051,2.190037825274575,4.0
5,Processed,Awake,180,6,14,6120962038894008405,0.5025935191438273,0.8073760459575684,0.5277517511028276,2.960733058673107,1.094694631965386,55.0,0.48193945717078507,2.195123357824196,4.0
5,Processed,Awake,180,6,15,1304688885900049008,0.4918632046535303,0.8138565457074443,0.5276605873981373,2.968825691733394,1.1237273802424743,65.0,0.4835804038552118,2.20221648176765,4.0
5,Processed,Awake,180,6,16,8228204553708806645,0.46390090188299016,0.8335673549840541,0.5290634955203168,2.982072509277762,1.1377776960694195,71.0,0.49098998718643483,2.2206455011911306,5.0
5,Processed,Awake,180,6,17,9099704216276935360,0.521495692670292,0.8060725733771196,0.5227022947930331,2.90418437121873,1.0798262151144282,57.0,0.4790500741971263,2.1996976744186045,4.0
5,Processed,Awake,180,6,18,6722114281037100855,0.50058434993553,0.8126865627013777,0.5267844029030575,2.937860128799006,1.113763290434292,63.0,0.48242819592093067,2.2217194570135748,4.0
5,Processed,Awake,180,6,19,12511134642405007544,0.46974247575702816,0.823907762204755,0.5229859152076254,3.000406787540679,1.1472585318955326,69.0,0.4722862337741267,2.2071360946745564,7.0
5,Processed,Awake,180,6,20,16023598882938454561,0.49267939370658603,0.8146503172561533,0.5293065987328245,2.9647385889761995,1.0950089581459477,52.0,0.49495814066559635,2.210915672190487,4.0
5,Processed,Awake,180,6,21,15997362367028152062,0.46059885810887935,0.8375419983962051,0.5273719023332843,2.98480765923293,1.141059737099677,50.0,0.4831017944055873,2.209234189894966,6.0
5,Processed,Awake,180,6,22,11094419501067822028,0.5145817549226683,0.8045860192991626,0.5448955922348783,2.9572579093482863,1.1163103807979995,87.0,0.46078441303235806,2.165222875365906,4.0
5,Processed,Awake,180,6,23,7877728091007295041,0.4913417301241034,0.8168621582814853,0.5288406509088515,2.925201703272075,1.0913345160239982,56.0,0.4766241067223103,2.2077087292091866,4.0
5,Processed,Awake,180,6,24,10505390381615418390,0.48489560601690695,0.82155463001049,0.5146646948294985,2.9083025671846827,1.0775343126198125,56.0,0.4958216635350246,2.2128205417989895,4.0
5,Processed,Awake,180,6,25,10033397013135490381,0.4667045903809688,0.8366953234624694,0.5156016551277052,3.0049293072404732,1.152375274614002,59.0,0.4846262541340208,2.228230116315624,7.0
5,Processed,Awake,180,6,26,12267416348173903062,0.5278792514083952,0.807459425103355,0.5226719068914696,3.0164854437039637,1.151987926366241,58.0,0.4711390904901062,2.2013843696385256,6.0
5,Processed,Awake,180,6,27,2068768684643026900,0.5174537389359756,0.8094104195022889,0.507584313765213,2.9665226142552688,1.1206441806424925,62.0,0.4782523917810856,2.2179565472695244,10.0
5,Processed,Awake,180,6,28,11589678056114055369,0.49676846528306434,0.8196572010040135,0.5394713518058011,2.9677086816003566,1.1010582255146824,61.0,0.49924789943630443,2.2133033960145942,5.0
5,Processed,Awake,180,6,29,1745357195419660648,0.46386885659547616,0.8329910029487205,0.5186252513332692,2.9786782244458667,1.1344823385820608,67.0,0.47210897101500654,2.239139573149494,4.0
5,Processed,Awake,180,6,30,2971180311375702660,0.4623062652746415,0.8333673678337684,0.5387774947201021,3.039254899720016,1.1575350411485155,58.0,0.49433772100867573,2.2275460717749755,8.0
5,Processed,Awake,180,6,31,6025627271855278439,0.4734283110303208,0.8335344349475826,0.5080705201902282,2.8874017787755806,1.0906229129648588,89.0,0.4806479713543381,2.2450174463303565,7.0
5,Processed,Awake,180,6,32,776631325475696619,0.5064626554125492,0.810845421090953,0.5456907423257887,3.0013370845984566,1.1422351318899047,62.0,0.4771558949996708,2.1834847501622323,4.0
5,Processed,Awake,180,6,33,13161157665091487074,0.45378878093275304,0.830307086862346,0.5498083029876372,2.9633127695583337,1.0900877841021461,60.0,0.5295724928715048,2.224805046969584,7.0
5,Processed,Awake,180,6,34,18342645259050056958,0.49796727681037595,0.8181798537255449,0.5341433397316748,2.9875924194782018,1.1292376949450669,53.0,0.4606679260763648,2.1802154867627848,4.0
5,Processed,Awake,180,6,35,4494305860858036603,0.4386059123931363,0.8438673837835654,0.508647890319934,3.008267185861914,1.1484483458629995,58.0,0.4736410277188309,2.2348906679412117,4.0
5,Processed,Awake,180,6,36,6146785995856245360,0.4562985047828812,0.8256371704357743,0.5345991582551267,2.9696159797439865,1.093698679717355,50.0,0.49715113422842583,2.241348997043075,4.0
5,Processed,Awake,180,6,37,13341770352552594524,0.4807683152948346,0.8179974183058467,0.550527483324639,3.0315707273538597,1.1539455537339498,62.0,0.47781936418380627,2.191931043295424,4.0
5,Processed,Awake,180,6,38,16010637131072094814,0.496050306252149,0.8172876706589474,0.5408894538787624,2.966336138655112,1.1009702536068786,55.0,0.5037934230451716,2.197801590808661,5.0
5,Processed,Awake,180,7,0,687606492952983593,0.5497643262402245,0.7971467271320258,0.4915901482423131,2.846589242770837,1.0868965290213097,49.0,0.4335365946304578,2.2041249855162026,4.0
5,Processed,Awake,180,7,1,17293547712058618420,0.552790986799007,0.8026632616029493,0.4914331440842353,2.8352862110276713,1.0765812794984257,45.0,0.41842114592776797,2.1954239855438336,4.0
5,Processed,Awake,180,7,2,17686697784162894093,0.6044306958750459,0.764917170855558,0.48586709344786194,2.768389461229908,1.0342717075500818,48.0,0.40841086468773896,2.1679907515694103,4.0
5,Processed,Awake,180,7,3,13128131649429289201,0.5111502414165506,0.8181828318468,0.49070889909697285,2.785527412816606,1.043454268082498,48.0,0.45476507619766315,2.212279491475313,4.0
5,Processed,Awake,180,7,4,13893506678326664498,0.6101252774267076,0.7639859970369499,0.4854163395746707,2.7805047867711052,1.0390916152256655,55.0,0.4240783602688316,2.1871539024135407,4.0
5,Processed,Awake,180,7,5,3569939448379331228,0.5142256882268533,0.8073762415620497,0.5039124423262952,2.9123905980153966,1.1289889926828427,61.0,0.44441546339017557,2.225932878415058,5.0
5,Processed,Awake,180,7,6,12014215623509369199,0.5985655507051242,0.7688060638826547,0.48729532482134447,2.779816248699873,1.0353352752426939,46.0,0.44143744903695675,2.2018289525204935,5.0
5,Processed,Awake,180,7,7,3281735743812355674,0.5545969337148754,0.7910756904484147,0.4888451078010808,2.845883948578842,1.0762864542961692,45.0,0.4401307692697281,2.2015960478814365,4.0
5,Processed,Awake,180,7,8,3124807625608167272,0.5173037806113946,0.8157581757309974,0.49943529149594573,2.8429914086374906,1.0712075933257046,56.0,0.4466489741550897,2.2128420339493395,5.0
5,Processed,Awake,180,7,9,17718917094313026354,0.5410776657717037,0.8000336837367403,0.4925423024913015,2.859398429919732,1.0801841830683727,47.0,0.42721084645499807,2.2097452354443643,4.0
5,Processed,Awake,180,7,10,17601378064711293195,0.5915617743385612,0.7778805146571547,0.4923245225300967,2.7437410031330267,1.0112773042603267,46.0,0.4514654565528977,2.206857708733057,7.0
5,Processed,Awake,180,7,11,16458226323842802918,0.556578091531895,0.7944066084738667,0.48000729309637524,2.8528083799891637,1.0813242910073493,50.0,0.43142970012205806,2.2075100094587765,4.0
5,Processed,Awake,180,7,12,8116915909684946027,0.5827062025367833,0.7762530133556256,0.4958799070130212,2.754846515292198,1.0167838463635654,45.0,0.4370641235369492,2.19186467368528,4.0
5,Processed,Awake,180,7,13,6837681100667336433,0.5610724714677555,0.787577245727301,0.4750338065404893,2.74419965475877,1.016749740144727,46.0,0.40665089872218874,2.172843515323726,5.0
5,Processed,Awake,180,7,14,16160942014094235418,0.5858838363372204,0.7855924819900425,0.48304608325272097,2.8093078055964655,1.0587298980485302,49.0,0.4111559051289713,2.1723708857372226,4.0
5,Processed,Awake,180,7,15,3609543284692163893,0.5644679248298137,0.7973126580549845,0.4842565346649987,2.9057010879474867,1.126487589269199,45.0,0.42271850167386693,2.2061004136545654,4.0
5,Processed,Awake,180,7,16,11937520893415225080,0.6220061101837002,0.7570156118938042,0.4962496264820433,2.8231480681130607,1.0637948794688767,48.0,0.41930239507310824,2.1891691786979743,4.0
5,Processed,Awake,180,7,17,2488138774222824373,0.5105450993437863,0.8146001231988999,0.4980374480240267,2.8134584573128865,1.0631218279376649,42.0,0.44972068453812925,2.2151374544728832,5.0
5,Processed,Awake,180,7,18,14082808670594582137,0.5930652582161207,0.7721459497628468,0.47226344284795413,2.7982774660144645,1.0562313264797183,46.0,0.41442007222191274,2.1907604985207696,4.0
5,Processed,Awake,180,7,19,7387935773069298203,0.5930519007083342,0.7727020946742407,0.48606461480802443,2.781635847197264,1.0276095423999096,50.0,0.4354257091776527,2.1970126750485535,4.0
5,Processed,Awake,180,7,20,13222005572278185567,0.5661463013346323,0.7842564902373469,0.4834107380714825,2.7642850936893626,1.0350775684618336,50.0,0.4268107390844125,2.191144160892344,5.0
5,Processed,Awake,180,7,21,4662472834612407467,0.5460831260884178,0.8067494424460274,0.49971384726027746,2.8835666481573488,1.121075017112742,45.0,0.4143390378177435,2.204081632653061,5.0
5,Processed,Awake,180,7,22,1154244310323633959,0.5716246563898761,0.7889065018314467,0.5073969217055716,2.8558722919042188,1.0887553165661132,46.0,0.43685647287626556,2.1958148770429204,4.0
5,Processed,Awake,180,7,23,4144444764925108180,0.5464409758706302,0.8040132106008291,0.5017245134137263,2.858247497042615,1.0935369904181105,59.0,0.4241138128206557,2.1897390303854403,5.0
5,Processed,Awake,180,7,24,16593275171013783427,0.561152982475508,0.7907127836624753,0.49933399849073423,2.8357925619121582,1.0850144785076565,51.0,0.4240454400421379,2.204431162949896,4.0
5,Processed,Awake,180,7,25,5933062054997363491,0.532823021373027,0.8071297275047207,0.5010661088798513,2.8527681660899655,1.0837803019781853,45.0,0.44546891064437544,2.2092129554045736,5.0
5,Processed,Awake,180,7,26,512689147070796827,0.562645011038552,0.7912129987479866,0.501608026457733,2.834683305189044,1.079048059388172,45.0,0.4201329977158427,2.177927720965646,4.0
5,Processed,Awake,180,7,27,16856616422330971393,0.587238344394979,0.7811577691967667,0.4753782027582085,2.791019922688076,1.0601214214494965,40.0,0.4152911920667318,2.190468557995405,4.0
5,Processed,Awake,180,7,28,11997382489972040939,0.5882247509036155,0.775258194435147,0.49278540570380913,2.819361942569036,1.0607304034347407,48.0,0.4193074597233688,2.2002205774878085,4.0
5,Processed,Awake,180,7,29,15024468830909828330,0.5688061527935058,0.7811124196172776,0.5144469148682937,2.886747946684855,1.109930955300923,46.0,0.41763865746250894,2.1751625539098667,4.0
5,Processed,Awake,180,7,30,10527810095625612984,0.5398165253614905,0.7970308627024214,0.4787512598317523,2.837315404010085,1.0744661201629568,51.0,0.4282490997584162,2.192627839435743,4.0
5,Processed,Awake,180,7,31,2524600230159469056,0.5210806673552577,0.8118474552975904,0.46913348898691803,2.8020994040596547,1.063998024649587,40.0,0.4302850891631678,2.209583875162549,4.0
5,Processed,Awake,180,7,32,18150524443035688685,0.5410222777624503,0.8046565722948726,0.48936170212765956,2.8578231292517007,1.0810395624344977,41.0,0.40886415088606054,2.1811279972982103,4.0
5,Processed,Awake,180,7,33,6994340850096871301,0.5675281517197941,0.7886684138615254,0.4859937097043764,2.8373151981076288,1.0779071568976166,48.0,0.4186642491402756,2.192475499622051,5.0
5,Processed,Awake,180,7,34,11686367475092432617,0.5603631226745388,0.7963311304022522,0.4920257081647227,2.7691978792543184,1.0348180092001664,45.0,0.43651967363393723,2.2050681812367285,4.0
5,Processed,Awake,180,7,35,941514839777406639,0.5431543717449214,0.7990651321969784,0.4994403561462063,2.804054822565969,1.0573939914978752,62.0,0.43971293562323055,2.203525335972894,4.0
5,Processed,Awake,180,7,36,17958373907913505261,0.5938631812582482,0.7663914480246079,0.49111913576807953,2.853569536813607,1.0752159302845892,55.0,0.4195227073594433,2.182269643680432,5.0
5,Processed,Awake,180,7,37,10984630322177932212,0.5624053090298914,0.7850891020846007,0.4716860727182484,2.7813349260863074,1.0390930779932666,50.0,0.4186921047167088,2.18410589027886,4.0
5,Processed,Awake,180,7,38,15869951132996235997,0.5805225748252373,0.7842301769431486,0.4732155970969425,2.8454182781618296,1.0837002618165883,49.0,0.4227007753979549,2.2037944100444924,4.0
5,Processed,Awake,180,10,0,15265689439933071363,0.6634900407863618,0.7106144106436334,0.5374556210020917,2.8439459720212255,1.056959721616284,55.0,0.3009187275572685,2.0841328024975008,4.0
5,Processed,Awake,180,10,1,16307938341313271827,0.6923827664239985,0.6877552135218805,0.5479900935440903,2.885691425523403,1.0901412084909696,58.0,0.26228557536959285,2.06740653506058,4.0
5,Processed,Awake,180,10,2,2835188406817809154,0.6939409864682764,0.6881750723270988,0.5355259892528121,2.8473946411740947,1.0655295183985019,47.0,0.30403095514239264,2.069571812728401,4.0
5,Processed,Awake,180,10,3,6838096666504946357,0.7007504102482742,0.6880873526568637,0.5462883710565367,2.9061051837482488,1.0978553637810922,61.0,0.2821086164894883,2.0713422456910178,4.0
5,Processed,Awake,180,10,4,6943812704980031229,0.6594156038710238,0.7143694784962685,0.5586765055939062,2.927443539184204,1.1089832698104234,59.0,0.2766717144347597,2.070732724309162,4.0
5,Processed,Awake,180,10,5,9932011567423780856,0.6712830612299099,0.7092021591088299,0.5654833955441207,2.9108139110485425,1.0902794114399326,64.0,0.2934812886496123,2.0699792812745588,4.0
5,Processed,Awake,180,10,6,12771795177139968883,0.64156713083814,0.7315874948018682,0.552882545695807,2.885520194544301,1.0902561384716987,67.0,0.30978693016353753,2.087202061046561,4.0
5,Processed,Awake,180,10,7,579422188186160520,0.6624526293839992,0.7122882166877212,0.5517075468353533,2.8616875952293386,1.0616403651494097,49.0,0.29663150111169073,2.0727620193583776,4.0
5,Processed,Awake,180,10,8,5190914671695259063,0.6661636197619735,0.7134664257901228,0.5663291921376369,2.915775749674055,1.0933148943408935,68.0,0.28756324482012896,2.071640974185898,4.0
5,Processed,Awake,180,10,9,12644759305735512883,0.6438563733383229,0.7230050873649655,0.5665621660496234,2.929196124639958,1.0950827942500194,72.0,0.3238185437104641,2.07992843201041,4.0
5,Processed,Awake,180,10,10,2724555562286354875,0.6990950299610553,0.6880796490548404,0.5566050636373305,2.897748246585456,1.1050511015096898,58.0,0.2856690656226734,2.0563444466723784,3.0
5,Processed,Awake,180,10,11,15967825289063075092,0.6758797493527147,0.7077277824914375,0.5534953683773367,2.851038296984243,1.0717371461095149,49.0,0.2970923842854032,2.069062819653628,4.0
5,Processed,Awake,180,10,12,2074285600495022842,0.6657056195029392,0.7096235283274338,0.5400385926349855,2.837991057170233,1.059225622596216,58.0,0.28082219532330194,2.07288122920483,4.0
5,Processed,Awake,180,10,13,4851960951805553188,0.6729675250876478,0.7096588018096532,0.5549084058000375,2.8630971046305005,1.07517312815074,53.0,0.309948998971876,2.086514038287789,4.0
5,Processed,Awake,180,10,14,3797218479850070082,0.7106702593986427,0.6757578241835918,0.5701479384341114,2.8787623066104078,1.0749231795726522,71.0,0.26649176741100145,2.045800933125972,3.0
5,Processed,Awake,180,10,15,8840096128335027882,0.6651211886796042,0.7136046169993908,0.551353021317113,2.801631623645675,1.044126663885497,45.0,0.28903959037108695,2.0748954735502636,4.0
5,Processed,Awake,180,10,16,14604752780319707616,0.6269086868306468,0.7421309223023083,0.5321225442777049,2.859872611464968,1.068517019106554,56.0,0.323580505148217,2.0811074918566774,4.0
5,Processed,Awake,180,10,17,14627006472922624609,0.6165017747378682,0.743872992469254,0.5624395407375143,2.9116937598321972,1.1026320139176733,49.0,0.3071127948259533,2.0806869456311015,4.0
5,Processed,Awake,180,10,18,14747257724304497401,0.6773398992774834,0.6937791587105206,0.5557542023935537,2.813857476216119,1.0432400196620313,63.0,0.2932660410135378,2.0677224682188258,4.0
5,Processed,Awake,180,10,19,12149486944117109433,0.6416872560948955,0.7271712635317429,0.5576534462412698,2.9024409531843105,1.1140269205205056,53.0,0.2955907154831423,2.061221967155218,4.0
5,Processed,Awake,180,10,20,14244050629183261412,0.7014289063601227,0.6816635379123756,0.5500463415498843,2.901239514879521,1.1136261149782083,54.0,0.28062467396313945,2.0663248181987695,4.0
5,Processed,Awake,180,10,21,7866053714175403602,0.6470192768387402,0.726255024287322,0.5428950553819506,2.8091144946146387,1.0514186802043504,57.0,0.31542135357842865,2.0783914566994826,4.0
5,Processed,Awake,180,10,22,5625339234825569973,0.698565552207791,0.688660876752185,0.556731679893845,2.8844135397533455,1.0836335392692795,60.0,0.2796522611131088,2.0645927199985046,4.0
5,Processed,Awake,180,10,23,11147004221875360481,0.6498039716491848,0.7159655555881667,0.5557440730930325,2.894181568813631,1.080777129204611,62.0,0.2899233718415575,2.070288059890418,4.0
5,Processed,Awake,180,10,24,14433098434692859222,0.635026612028422,0.7347364631383597,0.5589803846095408,2.9020798822013623,1.086236128684774,57.0,0.31233951389486797,2.068438705349656,4.0
5,Processed,Awake,180,10,25,16761650444532044063,0.6753497901125396,0.7048741945578532,0.5504565782209909,2.8459282534694945,1.0699584495834793,53.0,0.29333694611718586,2.064830659536542,4.0
5,Processed,Awake,180,10,26,17008336490092460783,0.6640535131179123,0.7112922577277949,0.5443080928046514,2.830817858553931,1.062549129254029,63.0,0.30855115549995693,2.0755472276637423,4.0
5,Processed,Awake,180,10,27,3869202377583832029,0.6865415386449258,0.6965575085022899,0.542424042907717,2.7857254330749623,1.0301117412253733,51.0,0.2934863532998729,2.0666559674744556,3.0
5,Processed,Awake,180,10,28,16300561556227345714,0.6108580890059128,0.7438366673374825,0.535647540859066,2.851112009704812,1.0642146280102274,59.0,0.31653557663575543,2.073347929936306,4.0
5,Processed,Awake,180,10,29,7621620579899708859,0.6853684703185056,0.6986844936882712,0.5633511777844181,2.922543352601156,1.1054221628636594,57.0,0.26476472167214493,2.070991383579281,4.0
5,Processed,Awake,180,10,30,5952707735476155233,0.6989759931436134,0.6905188074741121,0.5383925813002983,2.8216807347242128,1.0658647307935063,52.0,0.2937623767390743,2.072998570407434,4.0
5,Processed,Awake,180,10,31,9627453230333262585,0.6393711514299538,0.7267107782399218,0.547969834943048,2.902382102044101,1.096979418487995,59.0,0.29154405992494187,2.0661689488702644,4.0
5,Processed,Awake,180,10,32,13323711510215343882,0.6872563879944454,0.6957838151441913,0.5489270538422969,2.817144490941699,1.0503016601235906,48.0,0.2905589854492598,2.0640402950170893,4.0
5,Processed,Awake,180,10,33,12977738399816019844,0.6493404448865494,0.7200838873253951,0.5511403060061687,2.8829046016902007,1.0856466260782838,63.0,0.29569200848835386,2.066160597374102,4.0
5,Processed,Awake,180,10,34,18318216975797831607,0.7108559335087099,0.6693819662498747,0.5579168080548198,2.856524219479307,1.089997226468525,52.0,0.26346310655517685,2.055070517125588,4.0
5,Processed,Awake,180,10,35,444286417849935349,0.7208677847753443,0.6646163375161207,0.5601098016176493,2.9096266673682547,1.108320461255716,57.0,0.26540033527984724,2.0630905511811024,4.0
5,Processed,Awake,180,10,36,13631160875127867354,0.6321846416924671,0.7284626390284588,0.5471240383495318,2.8480134981940894,1.0646282477773719,57.0,0.27611207058096604,2.0775694523836745,4.0
5,Processed,Awake,180,10,37,2071854301353581665,0.6766602246532354,0.7032447403519906,0.559886957006184,2.84053651266766,1.0554370226035883,50.0,0.29502853930421835,2.0682217606646427,4.0
5,Processed,Awake,180,10,38,6208762243002242266,0.689589017051637,0.6913865382325193,0.5510997888040842,2.8930394554929277,1.0998179213319572,55.0,0.2635618672352581,2.0574258208630676,3.0
5,Processed,Awake,180,11,0,6280204830409771215,0.7702496349550438,0.6116773156531626,0.5819029916889089,2.911977899432279,1.1005535652006673,50.0,0.20407248527452937,2.0298481146570615,3.0
5,Processed,Awake,180,11,1,5623678952783521131,0.7777425755228703,0.5996317282858348,0.5860408109517997,2.9730729701952723,1.1352883728820697,58.0,0.20447512497024517,2.0240136361357597,4.0
5,Processed,Awake,180,11,2,13982903183134055042,0.7718771677357782,0.610145326319283,0.5913941462772289,2.9424705170849714,1.1086176023373242,60.0,0.21303691623574933,2.0251558701042343,3.0
5,Processed,Awake,180,11,3,15369739939461835415,0.7306912226117233,0.6514024917647793,0.5880869296570725,2.9619161798841924,1.1312282888080152,57.0,0.2202793661083734,2.0207917111926776,3.0
5,Processed,Awake,180,11,4,6652788802281641039,0.7420253038893274,0.6335726647606484,0.602733898210659,3.015227140287314,1.1469179495644755,60.0,0.18846070084630306,2.019647751635051,4.0
5,Processed,Awake,180,11,5,4142139137059674757,0.7373562480809044,0.6409224772891691,0.6050940252320876,3.055679173380393,1.1717397310085755,78.0,0.21946902206668117,2.0286744224152056,3.0
5,Processed,Awake,180,11,6,14249220830714646556,0.7614533667611032,0.6141787442818504,0.5852811134127133,2.9205923978972907,1.1124343901551703,58.0,0.19309232350960004,2.027898194196963,3.0
5,Processed,Awake,180,11,7,2352342238600920519,0.7362484363988905,0.6391462483008795,0.5951875693224005,3.0068058540579266,1.1461971962828787,52.0,0.21199106595694034,2.031695951849335,3.0
5,Processed,Awake,180,11,8,2592567824240377995,0.7704109556904533,0.6094899743783743,0.5940986695163766,2.9407355411266263,1.1118347476304535,57.0,0.20599958469867863,2.0252446037792216,3.0
5,Processed,Awake,180,11,9,7377075725519171487,0.7371157509172555,0.6302848108976756,0.6113134157520752,3.063502538071066,1.165465909453793,69.0,0.19347470460427355,2.0199344331641287,4.0
5,Processed,Awake,180,11,10,17938266581209540572,0.7661693795640261,0.6122771126775414,0.6106702051689821,3.0245829675153644,1.1541504362127175,67.0,0.19461931556316378,2.021303455893956,3.0
5,Processed,Awake,180,11,11,16753869884661682746,0.7461001690254923,0.6327453378304142,0.6026477991562292,2.972397082334133,1.131806769989937,71.0,0.1846140989733954,2.0213774746298454,3.0
5,Processed,Awake,180,11,12,806054589971237064,0.7475670178542714,0.6276475987385518,0.6050687019807847,2.9984940893005043,1.1353910695891403,60.0,0.193953314053898,2.0278800074134873,3.0
5,Processed,Awake,180,11,13,11848477539786812860,0.7501223458772905,0.6245111319124509,0.6011942445314439,3.0108050525034242,1.147716546613292,65.0,0.18215774359701592,2.0168507822576123,3.0
5,Processed,Awake,180,11,14,5250296010075567405,0.765785659117081,0.610427107578687,0.6029162256200398,3.019352220559515,1.1545662477856773,57.0,0.173712439287505,2.0155726626314863,3.0
5,Processed,Awake,180,11,15,12237574759734487372,0.7326108804317689,0.6437816387595192,0.5896721651886329,3.0128609874754164,1.1465347491262208,55.0,0.20059307054551348,2.0231138580987893,3.0
5,Processed,Awake,180,11,16,17168674683656488232,0.7216360355335822,0.6524465913603696,0.5962764691284244,3.061021267744787,1.164668982335502,58.0,0.21400932908578,2.0297579018157363,3.0
5,Processed,Awake,180,11,17,14479216999766685103,0.7615910841344162,0.6210632823158384,0.5759976094850771,2.951240398588333,1.1227733887143938,63.0,0.2055817510521811,2.027446181509415,4.0
5,Processed,Awake,180,11,18,13954868815629917667,0.7314095740422771,0.6476126550592969,0.5818928623883878,2.8975335418137798,1.08366022709449,57.0,0.23254848136461936,2.0328057553956835,4.0
5,Processed,Awake,180,11,19,1347919717786212532,0.742720108579105,0.6343597524490197,0.5954458664856899,3.0127357523575236,1.1413134886681997,62.0,0.19420401424179654,2.020124858414772,4.0
5,Processed,Awake,180,11,20,6012728619639194391,0.7908404809540929,0.5882014020997203,0.6022173038840802,3.0060167863282437,1.1369383127367498,74.0,0.18444443318966608,2.0212571111419453,3.0
5,Processed,Awake,180,11,21,15501729754993845180,0.7542617179427292,0.6214794229186561,0.5828652752384184,2.9046465258322605,1.0964705021645589,53.0,0.21236838240135328,2.0282729097637073,3.0
5,Processed,Awake,180,11,22,4627055570225334185,0.7459411228564341,0.6263023372619184,0.5998115950103066,3.037549052296802,1.1690609188333605,70.0,0.18376830237987915,2.021139117114608,3.0
5,Processed,Awake,180,11,23,3821416722312899999,0.7396775883331341,0.6359185831425119,0.5782513788510334,2.974908152896115,1.1341756938995167,54.0,0.2005905382203832,2.0279569892473117,3.0
5,Processed,Awake,180,11,24,15329949951721334491,0.7655577805952248,0.6083135197747532,0.6059702097271673,2.948350213153939,1.1192988837833344,52.0,0.19441672955274072,2.023776887389287,3.0
5,Processed,Awake,180,11,25,3732660459862041727,0.7160364103449859,0.6541725139754193,0.5907863882459596,2.997225005781238,1.148161723562748,67.0,0.2127862160478508,2.030152210678908,3.0
5,Processed,Awake,180,11,26,13901211562000099591,0.739115467804767,0.6321511970207068,0.618236792658283,3.0621362632952036,1.1710662160729708,61.0,0.1843532694849757,2.019809671780928,4.0
5,Processed,Awake,180,11,27,18333992789170501054,0.7488986567749374,0.6322896578479944,0.5975274377427867,3.02776779756711,1.158586027055639,57.0,0.20670357108489873,2.0249063531046114,4.0
5,Processed,Awake,180,11,28,6877539224900865913,0.7841978848173832,0.5935900660833132,0.6083354013988564,2.999625402692106,1.1466387049148745,61.0,0.1790480483370221,2.0214712525373817,3.0
5,Processed,Awake,180,11,29,11045319994146258658,0.7665334496519924,0.6100565385837066,0.5980237734683231,3.0408179032216527,1.1664719520548505,69.0,0.18738446266593062,2.018577118227945,4.0
5,Processed,Awake,180,11,30,7366978734245464943,0.7729269905518233,0.6048834902464497,0.5890390839060609,2.97574455019957,1.137852935448311,64.0,0.18872659498498331,2.0214549202560486,3.0
5,Processed,Awake,180,11,31,8772963202916604387,0.7412713154250836,0.635890258452102,0.588021089203685,2.946701860358874,1.1121604136174932,56.0,0.20620976768449253,2.025042275937531,4.0
5,Processed,Awake,180,11,32,3156542676222573907,0.7353848655811928,0.6418101742850658,0.594990047962238,3.0203362813656933,1.1444113228805977,60.0,0.21373837029683915,2.0293325639546067,4.0
5,Processed,Awake,180,11,33,2244340836671280313,0.739026522622276,0.6410088479158365,0.5948077205528572,3.0079653724003688,1.1659012841521061,55.0,0.2076531930087568,2.028472479901051,3.0
5,Processed,Awake,180,11,34,3084896616559422963,0.7421147629022742,0.6355882001332522,0.5932224850212968,2.9859535524001326,1.1277811966506508,58.0,0.20281391968477616,2.024263869581701,3.0
5,Processed,Awake,180,11,35,3391611766925053856,0.7334443099409269,0.6468259737903777,0.5770713153403192,2.936850787432018,1.1139475811423585,55.0,0.22807386285940023,2.0345855829398873,4.0
5,Processed,Awake,180,11,36,2710253119527428326,0.7321440290402403,0.6409071748810744,0.5917537364457297,3.050891714755725,1.1685227237581646,57.0,0.22649875662836103,2.035895568251656,3.0
5,Processed,Awake,180,11,37,6398675128117300808,0.7532663828903776,0.6252345634917407,0.5996495262019681,3.0140776946184005,1.14338973057213,56.0,0.19371780781678122,2.018150639757288,3.0
5,Processed,Awake,180,11,38,12995147481788951857,0.73951130416507,0.6377429630367069,0.5959422022112263,2.941895642173163,1.115745151760338,55.0,0.2011831023008706,2.028702024973826,3.0
5,Processed,Drowsy,60,26,0,14162837890849075046,0.30146920074902106,0.956191283649681,0.4216057973796612,2.6540785498489425,0.939894537247825,27.0,0.5125017996832557,2.2857448630136985,5.0
5,Processed,Drowsy,60,26,1,6050971211402589000,0.23993250630506646,0.9707245822600883,0.4041848634640303,2.5482602118003026,0.8820029298906661,34.0,0.512765753227432,2.2893721877008786,5.0
5,Processed,Drowsy,60,26,2,8402868075096561160,0.25953224970300254,0.9514525389460702,0.39669818112012284,2.5309246785058175,0.8748014950234184,24.0,0.47130105101502134,2.2648754612546127,5.0
5,Processed,Drowsy,60,26,3,5958406394653455513,0.27133505310170325,0.9580342953866866,0.3916110764505447,2.5531914893617023,0.880787382231642,25.0,0.46489417862456206,2.2683526519142956,5.0
5,Processed,Drowsy,60,26,4,6240322302513088749,0.24371484675711472,0.9689193888122843,0.407352305994145,2.4804208065458795,0.791823605905112,31.0,0.49978403800931037,2.325072560839473,5.0
5,Processed,Drowsy,60,26,5,12306462743482419478,0.210965363927463,0.9903008981337096,0.3852281998368287,2.5242138364779874,0.8690616106950141,25.0,0.4996160675721073,2.30601395503378,6.0
5,Processed,Drowsy,60,26,6,2857908797201051228,0.24239369599811042,0.976802848613332,0.3675673081537649,2.4939759036144578,0.7776896139432798,33.0,0.472332869414983,2.271143417560863,5.0
5,Processed,Drowsy,60,26,7,852774680115405771,0.2555719585619585,0.9613367387500532,0.3930508230551423,2.500763358778626,0.8444549256805094,25.0,0.4988482027163219,2.356762271851264,7.0
5,Processed,Drowsy,60,26,8,14631408319451950008,0.2467231657383554,0.9605577557648893,0.37625377933483706,2.60551678298438,0.8935084502512087,42.0,0.453760138215674,2.3690804309696816,5.0
5,Processed,Drowsy,60,26,9,6564460716071439725,0.24547608618339994,0.9705832645889269,0.4074482891011182,2.5103489059727973,0.8510160999825284,24.0,0.5228679752363584,2.32600341588386,6.0
5,Processed,Drowsy,60,26,10,12419994695797290605,0.21945101633581368,0.989669550181069,0.35768104813552815,2.555022283167638,0.8620533179014332,26.0,0.4419782118347171,2.2745122252408003,5.0
5,Processed,Drowsy,60,26,11,2127465459940702441,0.2531678725841525,0.9715953207408303,0.377069635744109,2.4919124643196957,0.8240732106314705,27.0,0.47658012189854587,2.297663118926423,5.0
5,Processed,Drowsy,60,26,12,14300489622632346298,0.2339793632623951,0.970140789769788,0.41339924173345494,2.619829683698297,0.9081517309380269,32.0,0.5025435523347891,2.29110600590745,5.0
5,Processed,Drowsy,60,26,13,16755643524651467930,0.25469012433901156,0.9712124582667061,0.3732783030186687,2.4865728900255752,0.784573918372987,30.0,0.484450736670346,2.2679173219501236,5.0
5,Processed,Drowsy,60,26,14,14272096766850034554,0.24422661302459117,0.9690694743356405,0.40600854249652063,2.6167646149087536,0.9130734483809316,40.0,0.49980803378605365,2.2992604040181037,5.0
5,Processed,Drowsy,60,26,15,3281060247581007772,0.25768099156411395,0.9711900118440541,0.35873686231223306,2.530467163168585,0.8339034934789135,39.0,0.45788741181552045,2.2762734104735776,5.0
5,Processed,Drowsy,60,26,16,17665048786381487344,0.27574788148002066,0.959244024937571,0.40836012861736337,2.5973748473748475,0.9112275000147058,39.0,0.514973364687815,2.3557628979143796,5.0
5,Processed,Drowsy,60,26,17,17549022501942314550,0.2537592298210536,0.9691172138083343,0.36583961222824785,2.51169686985173,0.8351917579901831,22.0,0.5015117339348275,2.3777019340159273,6.0
5,Processed,Drowsy,60,26,18,10935115867866081873,0.2609536466317893,0.9601078481767653,0.40677640735230597,2.4805384840503364,0.8124911405141844,31.0,0.5162931324086961,2.297000106757767,5.0
5,Processed,Drowsy,60,26,19,17972020458201122600,0.2271383477075106,0.9785419925385386,0.3793732303114652,2.4788334901222955,0.8015993911708246,20.0,0.46364639823391085,2.278269072043391,5.0
5,Processed,Drowsy,60,26,20,2364500261927519185,0.2407926753194688,0.9840301821109472,0.4219417382540673,2.5904537418974662,0.9031990171610761,35.0,0.522100110380573,2.361662867686964,6.0
5,Processed,Drowsy,60,26,21,2374809842557682872,0.21025759702266872,0.988856389474949,0.3870998704228056,2.4918134074760583,0.799318747517452,36.0,0.5162211450784662,2.3645856232138933,8.0
5,Processed,Drowsy,60,26,22,13433527792691759073,0.2706738562476279,0.9632720745585578,0.38258866439506645,2.5396623128384834,0.8551062627835687,31.0,0.47514037529394826,2.2978995009864223,5.0
5,Processed,Drowsy,60,26,23,14853055856879487842,0.2514323663444861,0.9826958997492814,0.34563516821039497,2.545775892541534,0.8757612627738962,32.0,0.4670058069779719,2.3268770923003346,5.0
5,Processed,Drowsy,60,26,24,14768896917131960652,0.33144448925094916,0.9438799419362311,0.3655036713538417,2.5539906103286385,0.8896959697349647,42.0,0.4633584489129913,2.3070489844683393,6.0
5,Processed,Drowsy,60,26,25,7338746433325571805,0.26585313011312395,0.966001716682302,0.36953496184671497,2.5008119519324454,0.8097243077419771,29.0,0.48262705763785574,2.2996798536473815,5.0
5,Processed,Drowsy,60,26,26,5782042562003887653,0.2978370856159559,0.950112032074398,0.36622354465614054,2.512676983865657,0.8388826391466567,27.0,0.4483610884484331,2.266221952698605,5.0
5,Processed,Drowsy,60,26,27,13617100274027396551,0.24485104659498713,0.9666897725659361,0.39257090752027646,2.5976500476341697,0.8911178430887221,28.0,0.484858664874982,2.319329660238751,6.0
5,Processed,Drowsy,60,26,28,6698656718007415587,0.2682729170596632,0.9654767558840349,0.3898833805250276,2.5089561457689933,0.8068730018452119,30.0,0.49308921629793157,2.260616061606161,5.0
5,Processed,Drowsy,60,26,29,3683787334217797017,0.28650347798893433,0.9520627437081719,0.41210346978931706,2.638095238095238,0.9512646979409581,30.0,0.48092335748908194,2.3194074759865755,6.0
5,Processed,Drowsy,60,26,30,14591189474027970004,0.25097233613684916,0.9806258898391204,0.37634976244181023,2.4982478496336413,0.8370733371089704,24.0,0.47799587272640015,2.3010280697701284,6.0
5,Processed,Drowsy,60,26,31,241065370334581336,0.20801059543975078,0.9847928341305282,0.37116667466525893,2.559232296492389,0.8791820595117815,25.0,0.4744205019916495,2.308617468472676,5.0
5,Processed,Drowsy,60,26,32,2898000519750774623,0.20513481722332744,0.9851291443159064,0.41080769784517923,2.562107153546842,0.8671996292743264,28.0,0.516365119738926,2.2865795345871853,5.0
5,Processed,Drowsy,60,26,33,15326540554329536976,0.2971819605724648,0.9464726251089337,0.43427556750012,2.7092814371257483,0.9891052506667397,32.0,0.5071027499160148,2.3243510778706553,4.0
5,Processed,Drowsy,60,26,34,10956590326712339293,0.23981818771601868,0.9818872976500899,0.34913855161491575,2.4686121479470646,0.7949346408400519,26.0,0.47528434995440805,2.2953992351373276,5.0
5,Processed,Drowsy,60,26,35,6401267049426907673,0.2313469866098353,0.9763525426572147,0.39530642606901184,2.5414995371798828,0.8741032538891076,23.0,0.4896818160003839,2.323730357549533,5.0
5,Processed,Drowsy,60,26,36,12899115748987287642,0.3006480283109418,0.9468495686219564,0.3762057877813505,2.5542521994134897,0.8559935359569314,24.0,0.4476652109228776,2.2715207597710947,5.0
5,Processed,Drowsy,60,26,37,9038139454404280214,0.30195475144223755,0.9535627900603547,0.3716465902001248,2.5340314136125652,0.8270658617368268,32.0,0.4699332917406536,2.2320492363802145,5.0
5,Processed,Drowsy,60,26,38,4515796422169476333,0.2386970447480972,0.9752960382404245,0.396794164227096,2.6390041493775933,0.9473462219172044,25.0,0.5154532802226808,2.2895971008313794,5.0
5,Processed,Drowsy,60,27,0,4991966010280231745,0.34665012040013493,0.9168600353541336,0.4332677448769017,2.6773428232502967,0.9608181773968301,24.0,0.4489609828670154,2.237770601602679,4.0
5,Processed,Drowsy,60,27,1,5917038389054296078,0.3381909287031857,0.92411154141308,0.44516965014157506,2.6314893617021275,0.8937466019255077,38.0,0.4887219849306522,2.2472691161866933,4.0
5,Processed,Drowsy,60,27,2,4127949199972889888,0.43058267151768403,0.889453994889545,0.47122906368479145,2.6718367346938776,0.9321582242843269,33.0,0.46321447425253154,2.2023958927552765,4.0
5,Processed,Drowsy,60,27,3,2810905967006447840,0.29766391462883324,0.946485537859344,0.43365167730479437,2.679715302491103,0.9675662366255533,36.0,0.47161299611268415,2.2080665093809686,4.0
5,Processed,Drowsy,60,27,4,9016872819469812632,0.3919683240935699,0.9053580221987622,0.46580601814080724,2.714965034965035,0.9545533503670889,35.0,0.49270528387003887,2.242083424328456,4.0
5,Processed,Drowsy,60,27,5,8006005951126111445,0.3764952069466059,0.9093916319407591,0.42520516389115515,2.514902072097644,0.8041317652146596,35.0,0.4838988338052503,2.1938642297650133,4.0
5,Processed,Drowsy,60,27,6,18224220991639869101,0.3608559970035318,0.9150220845429273,0.40020156452464367,2.5579754601226994,0.8488091763378246,34.0,0.42126985650525506,2.187118475146381,4.0
5,Processed,Drowsy,60,27,7,671314828811251086,0.38937511281195025,0.9148104665735899,0.4158948025147574,2.4612326043737576,0.7762235953212594,58.0,0.48785813696789365,2.2224529951902054,4.0
5,Processed,Drowsy,60,27,8,10160882154517834292,0.4175824875746577,0.896389307152682,0.44032250323942984,2.62067980576978,0.9319685268249596,45.0,0.4581273695829534,2.205892547660312,5.0
5,Processed,Drowsy,60,27,9,11148840161213142017,0.4221110153246956,0.8776763027890122,0.38690790420885923,2.5146600124766065,0.8179367160658386,36.0,0.4348754619187023,2.2141722663408676,4.0
5,Processed,Drowsy,60,27,10,672465092105904056,0.3240618566269709,0.9218559099267889,0.4352833901233383,2.6191163730869187,0.9159324707024354,32.0,0.4763881556845995,2.217716711349419,4.0
5,Processed,Drowsy,60,27,11,1130397203358250367,0.29391191416759505,0.9428907334966681,0.40692038201276576,2.6065170611743005,0.8817329849248021,49.0,0.4784038009310361,2.2365941216064615,5.0
5,Processed,Drowsy,60,27,12,357286213233749061,0.35652409199640506,0.9250627692758714,0.4127273599846427,2.5686977299880525,0.8624728678053533,45.0,0.46914143110812495,2.2336341825659773,4.0
5,Processed,Drowsy,60,27,13,4598988807491155740,0.3262317572822651,0.9330836879171484,0.4690214522244085,2.673871409028728,0.922518308257913,58.0,0.5210922877573547,2.2846922672277747,4.0
5,Processed,Drowsy,60,27,14,15356777717945304441,0.3202093429647212,0.932869593777452,0.44147430052310793,2.678800232964473,0.9519950727487203,36.0,0.48392282958199356,2.2651915084802874,4.0
5,Processed,Drowsy,60,27,15,9186634299585559370,0.39720939940336364,0.9062929585845484,0.4251571723376686,2.6780532043530836,0.9341822395860093,32.0,0.4564716609876662,2.2243919550982225,5.0
5,Processed,Drowsy,60,27,16,17479515307752690238,0.490397062861795,0.8517672748375982,0.4488170082065556,2.698989898989899,0.9458862669980833,42.0,0.4242453328214234,2.1883896521846764,4.0
5,Processed,Drowsy,60,27,17,3479613552838272080,0.33597738356675977,0.9228751069454826,0.41008782454288045,2.55991611743559,0.8163569820650954,36.0,0.4531602437970917,2.1898191094619666,5.0
5,Processed,Drowsy,60,27,18,5447004204757325775,0.34380816809563935,0.9197667093085813,0.39813792772472045,2.572403100775194,0.8500041029673763,35.0,0.43816288333253345,2.202122527737578,4.0
5,Processed,Drowsy,60,27,19,7742988523017629528,0.40332630077812953,0.9009660945989266,0.4337956519652541,2.5533898305084746,0.8513539341983902,35.0,0.47036521572203294,2.234355408640146,4.0
5,Processed,Drowsy,60,27,20,12393949901182829684,0.2896156157345629,0.9387151710928973,0.4183903632960599,2.578527062999113,0.8529060877525307,28.0,0.45224840428084656,2.2230478886529843,5.0
5,Processed,Drowsy,60,27,21,3736027812652494942,0.282893241925274,0.9500356845760428,0.4100398329893939,2.658369632856254,0.9110801505291364,43.0,0.48368287181456066,2.228524046434494,5.0
5,Processed,Drowsy,60,27,22,165600332988905754,0.29944494913585556,0.9480113078661871,0.4478091855833373,2.6621968616262484,0.9325334471844449,43.0,0.49659259970245234,2.2610073200043703,5.0
5,Processed,Drowsy,60,27,23,15431506288323194589,0.33546822626140027,0.9320777995188685,0.4184383548495465,2.6631032376298105,0.9115710311564169,45.0,0.47091711858712865,2.257044278320874,4.0
5,Processed,Drowsy,60,27,24,17845028816348502273,0.34827477593424205,0.9121631722730387,0.42395738350050394,2.5189620758483033,0.8182979178263532,26.0,0.4446417430532226,2.16573165030388,4.0
5,Processed,Drowsy,60,27,25,1230263376293883843,0.3729460925340396,0.9171058981249504,0.43936267216969815,2.5971631205673757,0.8761318788160617,34.0,0.48577050439122715,2.234190486701247,4.0
5,Processed,Drowsy,60,27,26,2133730136383489084,0.3240196771270197,0.9359408025474278,0.4460334981043336,2.679930795847751,0.9576274339144853,45.0,0.4690454480011518,2.1938271604938273,4.0
5,Processed,Drowsy,60,27,27,7479042774266404156,0.31361957671377066,0.9342985568220209,0.4485770504391227,2.5784827586206895,0.857569858080484,32.0,0.5194125833853241,2.255496509325831,4.0
5,Processed,Drowsy,60,27,28,1460194917991118077,0.3079908707310714,0.9312232342593371,0.42698085137015884,2.6879154078549847,0.9459637136950643,38.0,0.4351874070163651,2.225549147134618,5.0
5,Processed,Drowsy,60,27,29,9485419941929921348,0.32451304922395396,0.9312527264918491,0.43451552526755294,2.569968776610843,0.8843144093694999,29.0,0.49496088688390844,2.258760402978537,4.0
5,Processed,Drowsy,60,27,30,14732648586814377023,0.3584410554424208,0.9112553956348397,0.42496520612372224,2.5937316930287055,0.8646136689305342,34.0,0.4566876229783558,2.209683037269244,5.0
5,Processed,Drowsy,60,27,31,6301372657769095990,0.30646757781897394,0.9346264349713231,0.42942842059797476,2.65361803084223,0.9210192946937474,30.0,0.4588472428852522,2.2078281953585037,5.0
5,Processed,Drowsy,60,27,32,8306000098958006291,0.2971355047911658,0.9452701627370771,0.40063348850602293,2.569405971068021,0.8454278568788273,24.0,0.4643902673129529,2.2412275622466704,4.0
5,Processed,Drowsy,60,27,33,8483956398372532643,0.3449899040246248,0.9296615479760908,0.4408984018812689,2.6211126961483595,0.9202618335613402,40.0,0.4851946057493881,2.2504173622704506,5.0
5,Processed,Drowsy,60,27,34,113243098386376896,0.2986863083490605,0.9461541126611238,0.453184239573835,2.6972293630391317,0.9328943255660127,46.0,0.5099342515717233,2.263875572600405,4.0
5,Processed,Drowsy,60,27,35,717290890727720074,0.3643163042171413,0.9054995703849964,0.44708931228103854,2.6044171093094772,0.897970988890383,37.0,0.49071363440034554,2.242570457286983,4.0
5,Processed,Drowsy,60,27,36,6690030046019686388,0.3373737923586808,0.9300077667222448,0.41469501367759276,2.584031100478469,0.8424611038701703,33.0,0.49234534721888945,2.251261795040597,4.0
5,Processed,Drowsy,60,27,37,6438473544050275104,0.353064644632225,0.9159682852964472,0.4704132072755195,2.62015503875969,0.8935538244859029,37.0,0.5091183951624514,2.1952405587170203,4.0
5,Processed,Drowsy,60,27,38,18054868818756857675,0.39411656799921074,0.9056828312001239,0.4249172145702356,2.585109489051095,0.8844280414813485,42.0,0.4704611988290061,2.207882882882883,4.0
5,Processed,Drowsy,60,28,0,5635512385226654376,0.4306279132585775,0.8620918462496749,0.48994576954456015,2.739200429299705,1.018967294865628,42.0,0.4172865575658684,2.1680588455304823,4.0
5,Processed,Drowsy,60,28,1,12449349552680911106,0.44900201641487225,0.858740363276819,0.4611508374526083,2.574069113313689,0.8666715461646919,34.0,0.4173825406728416,2.148733786287832,4.0
5,Processed,Drowsy,60,28,2,12753339986004919549,0.4162248502773,0.8776042965275145,0.47694005854969523,2.6758212170166935,0.9528903769544739,30.0,0.4862984114795796,2.214379370629371,4.0
5,Processed,Drowsy,60,28,3,8715656551210463417,0.5018923401249066,0.8481221137449639,0.48183519700532706,2.635862431084274,0.9229312963137358,31.0,0.47398857801027017,2.230969053535125,4.0
5,Processed,Drowsy,60,28,4,17504013868916852035,0.4504389684569276,0.861921407053152,0.5062628977299996,2.739288496494417,1.0024728010803814,30.0,0.40099342515717235,2.1895964360587,4.0
5,Processed,Drowsy,60,28,5,4570663698787344191,0.3958587485800835,0.8869255475052626,0.46882948601046215,2.59468791500664,0.8912965289270577,27.0,0.4777799107357105,2.1969546507778883,4.0
5,Processed,Drowsy,60,28,6,404786362495747948,0.5122376307054237,0.8324033544637794,0.4686375197965158,2.5977653631284916,0.8838497886531834,30.0,0.44284205979747565,2.155454333099743,4.0
5,Processed,Drowsy,60,28,7,8335152167373677836,0.4538561941192488,0.8697194885528395,0.47242885252195616,2.658385093167702,0.9502494046660248,32.0,0.47610020636368,2.214150206450173,4.0
5,Processed,Drowsy,60,28,8,18010039590870038743,0.4012732407455899,0.8778755330772428,0.46436627153620963,2.668505239933811,0.9293703528991352,26.0,0.4443777895090464,2.1944543192321366,4.0
5,Processed,Drowsy,60,28,9,12630663117455071319,0.4452802982592886,0.8720372982425756,0.4665738829965926,2.5939167556029883,0.9091567803606619,35.0,0.43605125497912367,2.185185185185185,4.0
5,Processed,Drowsy,60,28,10,12452521560455495337,0.48401955594229995,0.8522002919864943,0.4808753659355953,2.602597402597403,0.9043891449065119,26.0,0.4407304314440658,2.1901979489625565,4.0
5,Processed,Drowsy,60,28,11,17715436151076585787,0.36938504709567355,0.899911619326928,0.4472332869414983,2.6250704225352113,0.9131256063736263,34.0,0.4493689110716514,2.2167376893939394,4.0
5,Processed,Drowsy,60,28,12,3028139303091613335,0.5090002920408098,0.8424667163817736,0.44910495752747515,2.646493212669683,0.9393028583226276,25.0,0.43691510294188224,2.1423696905518295,4.0
5,Processed,Drowsy,60,28,13,18166704673046275843,0.40396867887555216,0.8839320639761439,0.4233814848586649,2.5645348837209303,0.8727222830484752,24.0,0.4074482891011182,2.162506367804381,4.0
5,Processed,Drowsy,60,28,14,7819266232934136512,0.42098339622654357,0.8890001619861629,0.4528003071459423,2.624478442280946,0.9107863473769859,35.0,0.4734126793684312,2.2343148357870897,4.0
5,Processed,Drowsy,60,28,15,16308411514539797469,0.5022935521578586,0.8526087236050253,0.45155252675529106,2.687517852042274,0.9533373676262158,35.0,0.41047175697077315,2.1411941419451748,4.0
5,Processed,Drowsy,60,28,16,16808854205046467162,0.4143193190371661,0.8771851997287171,0.4515045352018045,2.5988950276243092,0.8803072619719567,42.0,0.4407304314440658,2.177216690374585,4.0
5,Processed,Drowsy,60,28,17,10105430083956241839,0.5040634575088955,0.8422506710728656,0.4872102509958247,2.6164948453608248,0.9112123931016323,39.0,0.46575802658732063,2.1679883837819727,4.0
5,Processed,Drowsy,60,28,18,14805129367591429530,0.5303151980827466,0.8275883104376917,0.4471852953880117,2.6240495635032386,0.9125239606630744,34.0,0.4382588664395066,2.148705882352941,4.0
5,Processed,Drowsy,60,28,19,19350925068921360,0.49295249106707534,0.8419394099579183,0.453760138215674,2.645495243424734,0.8870211039141451,33.0,0.4211498776215386,2.1697366794412165,4.0
5,Processed,Drowsy,60,28,20,11607045646690792193,0.5033749935292977,0.8407377286148496,0.4606709219177425,2.645081289611463,0.921220941825713,30.0,0.41743053222632814,2.188451377531765,4.0
5,Processed,Drowsy,60,28,21,16172527055592381658,0.39183183020462864,0.8906904587310532,0.43374766041176754,2.548068790527206,0.8514149321375877,22.0,0.4525843451552527,2.2057069348614196,4.0
5,Processed,Drowsy,60,28,22,4628999843479070675,0.4033832347703559,0.8868335000691732,0.48826606517252963,2.7691888949373977,1.0118867045470754,54.0,0.45587176656908385,2.215251865671642,4.0
5,Processed,Drowsy,60,28,23,988854850665721322,0.5010290545524669,0.8355080585400895,0.45759946249460093,2.5440234791889007,0.8517330922069173,31.0,0.452608340931996,2.196320447135538,4.0
5,Processed,Drowsy,60,28,24,16938520186320498872,0.49359521604467815,0.8436816656062943,0.4939770600374334,2.6651993785603314,0.9483249928473506,29.0,0.4619906896386236,2.190579133007168,4.0
5,Processed,Drowsy,60,28,25,15648711620461434540,0.3955055458065819,0.8845104363261893,0.47775591495896724,2.7861740834033024,1.0213078720213997,44.0,0.4675337140663243,2.1584136479450535,4.0
5,Processed,Drowsy,60,28,26,5415550823084474008,0.48574023393573207,0.858883749909838,0.4752603541776647,2.6393923240938166,0.9003740238357386,33.0,0.4217737678168642,2.1561579980372914,4.0
5,Processed,Drowsy,60,28,27,8366311008563449073,0.5048401884457738,0.8304288888004545,0.48346690982387097,2.7037037037037037,0.9928235870386598,28.0,0.43084417142582904,2.1808575245961377,4.0
5,Processed,Drowsy,60,28,28,17226698450418288295,0.5386140414549128,0.8154876727013625,0.47022124106157315,2.56089911134344,0.8657635288457747,43.0,0.42028602965878004,2.1782116652157693,4.0
5,Processed,Drowsy,60,28,29,1337087106578418465,0.4839748327678659,0.8547817669605641,0.44948888995536784,2.562517099863201,0.8509201326884166,36.0,0.4543120410807698,2.231875515737357,4.0
5,Processed,Drowsy,60,28,30,9759996782612557025,0.44105463741860107,0.8617642577696711,0.43451552526755294,2.5504225352112675,0.8706138502767029,36.0,0.42518116811441187,2.179190751445087,4.0
5,Processed,Drowsy,60,28,31,1832784186353676868,0.43891262608864084,0.8612470672685195,0.44315400489513845,2.6106870229007635,0.8970981413525241,36.0,0.444017852857897,2.1981468282252314,4.0
5,Processed,Drowsy,60,28,32,9253320104116711713,0.45537783419611777,0.8717042694760615,0.41709459135192206,2.6067786442711456,0.8616788824279532,41.0,0.42810865287709365,2.1591431683407962,4.0
5,Processed,Drowsy,60,28,33,9158897819841064701,0.4675754277105486,0.8506441001955459,0.45966309929452415,2.6105205778141185,0.9287989080552632,28.0,0.4383308537697365,2.187402706262723,4.0
5,Processed,Drowsy,60,28,34,11533141579640135605,0.5642722274437723,0.8061541859534148,0.4690694437778951,2.6559782608695652,0.943043826970502,33.0,0.3584009214378269,2.1769421367147648,4.0
5,Processed,Drowsy,60,28,35,7277929478221400946,0.4511617021214121,0.8720329968660776,0.46451024619666936,2.6678610804851157,0.9210469123562733,39.0,0.45685559341555887,2.188390804597701,4.0
5,Processed,Drowsy,60,28,36,15160308572484281060,0.44864797696773007,0.8664716015870497,0.4640783222152901,2.511036094520904,0.8331592708592322,33.0,0.46225464318279985,2.1903354178510517,4.0
5,Processed,Drowsy,60,28,37,2373670908596583044,0.5123266440363733,0.8444256363586107,0.4612948121130681,2.6219312602291325,0.8855727429421503,43.0,0.44185823295100063,2.1658433309809455,4.0
5,Processed,Drowsy,60,28,38,17521581282005114119,0.4139633925623605,0.8748311316178426,0.4348034745884724,2.6796805678793256,0.976992829832981,35.0,0.48080337860536543,2.2236155809566087,4.0
5,Processed,Drowsy,60,29,0,4353809520586332125,0.4668941715023037,0.8516928348633503,0.47943561933099776,2.929618768328446,1.0954779372546433,36.0,0.37562988913951145,2.113406237343054,4.0
5,Processed,Drowsy,60,29,1,12754740745747708364,0.5364347870784649,0.816684326102562,0.4634064404664779,2.7223005356639414,0.939917927011179,36.0,0.4323319095839132,2.161348368522073,4.0
5,Processed,Drowsy,60,29,2,9384316814041604094,0.4822389730328786,0.8422127329545523,0.49234534721888945,2.8584563945388686,1.0126823377954899,56.0,0.40737630177088835,2.1552621556430114,4.0
5,Processed,Drowsy,60,29,3,1013861287935426639,0.47317362255023443,0.8513505126261944,0.48361088448433076,2.7829328914664457,1.0320098525187242,31.0,0.41301530930556224,2.1617683998995227,4.0
5,Processed,Drowsy,60,29,4,13639132305498346112,0.45789131789177834,0.8461069314320322,0.5211882708643278,2.9551020408163264,1.066963778132602,47.0,0.437874934011614,2.129536702065585,6.0
5,Processed,Drowsy,60,29,5,11867420973905151733,0.46793403936268974,0.8493664397945377,0.5203244229015693,2.861441013460016,1.016118485338491,53.0,0.42750875845851133,2.123986647591798,4.0
5,Processed,Drowsy,60,29,6,9797542480497130865,0.50667022480749,0.8196619071882433,0.5078946105485435,2.935644937586685,1.0913618936207903,38.0,0.3419638143686711,2.094195444526084,4.0
5,Processed,Drowsy,60,29,7,13881339499059808313,0.4665193685325867,0.8482300823365038,0.507606661227624,2.792238648363252,1.0045458272848131,42.0,0.43113212074674856,2.1471080305927344,5.0
5,Processed,Drowsy,60,29,8,15351779567230131598,0.44636897720047686,0.8522698360965858,0.4676296971732975,2.7217877094972067,0.9555256214832772,39.0,0.4066564284685895,2.1693548387096775,4.0
5,Processed,Drowsy,60,29,9,8395877440854776364,0.5663614162096102,0.7862018809426693,0.4942170178048663,2.8661285833565264,1.0186163239841737,42.0,0.3655036713538417,2.1137940605051346,4.0
5,Processed,Drowsy,60,29,10,16804460729117767349,0.4648508946650687,0.8577421087014829,0.5012717761673945,2.8829699144355505,1.0557222754429914,41.0,0.40231319287805345,2.1338933435153367,4.0
5,Processed,Drowsy,60,29,11,17193091705572777805,0.5596660846981946,0.7941034891884081,0.49186543168402364,2.7185676392572944,0.9529550931723132,37.0,0.3498344291404713,2.091378568354612,4.0
5,Processed,Drowsy,60,29,12,11757447795056578150,0.4459319854641505,0.8614513514878926,0.5423525459519125,2.8056107249255215,1.0094951153686227,34.0,0.43369966885828093,2.1183778715424286,4.0
5,Processed,Drowsy,60,29,13,41723074279553895,0.5265515531203847,0.8023943139609669,0.5201804482411095,2.9004549103559003,1.076569576874128,37.0,0.3455391851034218,2.09668025626092,4.0
5,Processed,Drowsy,60,29,14,8332135623726470372,0.5082575530881002,0.831302700543143,0.4894658540096943,2.805777166437414,1.0077119047285414,40.0,0.389835388971541,2.114263404476835,4.0
5,Processed,Drowsy,60,29,15,7998424504348668202,0.47142733584570923,0.8378813224924349,0.5141335125017997,2.9064026044492675,1.0157105552991406,55.0,0.35693717905648603,2.0956607495069033,4.0
5,Processed,Drowsy,60,29,16,13010455252155780485,0.4901444264656258,0.8436472415821918,0.4911935499352114,2.7835191732390534,1.009135879546328,36.0,0.39844987282238326,2.1187954574454513,4.0
5,Processed,Drowsy,60,29,17,10495975700875830455,0.5208081848496997,0.8000190345566807,0.5506070931516053,2.9823238887444763,1.1176581044556837,44.0,0.37702164419062245,2.1241043666351223,5.0
5,Processed,Drowsy,60,29,18,2773622460535308526,0.4948625011673943,0.8245293999823744,0.4770360416566684,2.8845037724898432,1.0515924572945141,44.0,0.3721265057349906,2.1128065395095366,4.0
5,Processed,Drowsy,60,29,19,3496526597822580616,0.4687678790100151,0.8430862363323007,0.4728607765033354,2.83457997698504,1.0203209515347547,44.0,0.391227144022652,2.1606148953087727,4.0
5,Processed,Drowsy,60,29,20,17839387635046989238,0.41457537570769043,0.8629078582846282,0.5067908048183519,2.742857142857143,0.9675475422018331,54.0,0.41803042664491047,2.1177972283005104,4.0
5,Processed,Drowsy,60,29,21,3584648247849620001,0.5524803035315626,0.7962100375441281,0.4700292748476268,2.801487414187643,0.9766454582303832,41.0,0.3701828478187839,2.115896310519819,4.0
5,Processed,Drowsy,60,29,22,14529717930711381186,0.45264837145649345,0.8496114068538696,0.49464894178624563,2.933959578707657,1.0309455082226906,39.0,0.4208139367471325,2.149405564407403,4.0
5,Processed,Drowsy,60,29,23,12504017167101794564,0.44839224407141665,0.8453486387204019,0.4978643758698469,2.76271637816245,0.9698709944811852,45.0,0.4656140519268609,2.169256567915036,4.0
5,Processed,Drowsy,60,29,24,4433602116634998991,0.4713633091213163,0.848085136072916,0.5152373182319911,2.915806626833243,1.0552316261337686,46.0,0.4046647789988962,2.1239294710327457,4.0
5,Processed,Drowsy,60,29,25,8994443137684593589,0.4971163725636726,0.8273418706038175,0.5344819311801123,2.9857908847184986,1.0867526738740585,68.0,0.40545663963142486,2.13372900618765,4.0
5,Processed,Drowsy,60,29,26,8327107591342844543,0.37424983132521983,0.8920539518278505,0.5231559245572779,2.8984312682797126,1.0395362184016836,41.0,0.46880549023371887,2.1698134162594402,7.0
5,Processed,Drowsy,60,29,27,12300916181883312309,0.47311081549936973,0.8477800715762993,0.4746844555358257,2.8187517811342264,1.008399560127953,38.0,0.40531266497096513,2.1429840142095915,4.0
5,Processed,Drowsy,60,29,28,6917278082988066729,0.4942402890107584,0.8393707129416871,0.51595719153429,2.982246879334258,1.0818993019430503,38.0,0.39441858232951,2.1230948075432705,4.0
5,Processed,Drowsy,60,29,29,13974668245537456428,0.5166598482685085,0.819992061477627,0.49205739789797,2.776333604115895,0.9737328783240461,40.0,0.3815328502183616,2.113237639553429,4.0
5,Processed,Drowsy,60,29,30,11830048426730254757,0.5120016345848815,0.81309240987949,0.5015117339348275,2.6753712237583205,0.8919422407835781,38.0,0.3965302106829198,2.093362047124398,4.0
5,Processed,Drowsy,60,29,31,14500507208363854169,0.46854906401343993,0.8491330791594547,0.5053990497672409,2.7727751448130595,1.0260785150517897,65.0,0.3928588568411959,2.158470665787739,4.0
5,Processed,Drowsy,60,29,32,9471123103501683715,0.5056457788883665,0.8405719931999812,0.4958487306234103,2.8644302744663155,1.0022867366012322,43.0,0.39072323271104287,2.0956241956241954,4.0
5,Processed,Drowsy,60,29,33,16723379781793095601,0.46373094182130586,0.8422530718451452,0.5457599462494601,2.9507005708354956,1.0633874042027338,69.0,0.40824014973364686,2.144315603730779,5.0
5,Processed,Drowsy,60,29,34,7761985687177979451,0.4262580993553109,0.8755572774739961,0.529538801170994,3.146278870829769,1.184838915894049,46.0,0.45793540336900707,2.1770476842345428,4.0
5,Processed,Drowsy,60,29,35,13022672321854272141,0.5137298916679702,0.8149236093643034,0.5138935547343667,2.8901484480431847,1.0694563964221844,38.0,0.3508422517636896,2.1013222190284564,4.0
5,Processed,Drowsy,60,29,36,16266371999184378541,0.5199392581811755,0.8265568928335002,0.4813552814704612,2.790762381747357,1.005496835344892,50.0,0.39384268368767095,2.1088269304895286,4.0
5,Processed,Drowsy,60,29,37,15559769541178462385,0.5415250056414774,0.8209526964631747,0.4644142630896962,2.834504979496192,1.0323028888017292,47.0,0.399001775687479,2.1631325614674126,4.0
5,Processed,Drowsy,60,29,38,13237201282966320940,0.4800778240137181,0.8372413767934433,0.5096702980275472,2.832,1.0279760610352229,38.0,0.37162259442338147,2.1062151502787976,4.0
5,Processed,Drowsy,60,30,0,18125000868828514607,0.5482183044218791,0.8172833135306682,0.4804914335077026,2.6209424083769632,0.876136260541415,34.0,0.37318231991169554,2.0956744374073577,4.0
5,Processed,Drowsy,60,30,1,14780434448896944406,0.5308080284314844,0.82212750661515,0.49503287421413833,2.8376891334250343,1.0324705961938132,46.0,0.3426836876709699,2.076934264107039,4.0
5,Processed,Drowsy,60,30,2,15108808265544528864,0.5858934271828851,0.784808678542814,0.4789557037961319,2.623554153522608,0.8871638885266151,34.0,0.333445313624802,2.0786836200448766,4.0
5,Processed,Drowsy,60,30,3,8241208046027377565,0.48742247073568457,0.8375079259060935,0.4855305466237942,2.702912102591504,0.914120192931444,37.0,0.366343523539857,2.0916563912864774,4.0
5,Processed,Drowsy,60,30,4,12883087081877964426,0.513536968089033,0.8218524806129777,0.4790996784565916,2.8736327000575703,0.9743558393285677,47.0,0.351610116619475,2.081983518044899,3.0
5,Processed,Drowsy,60,30,5,12100105230883733809,0.5304829706026131,0.8278840579508135,0.4465614051926861,2.581853496115427,0.852452993252778,29.0,0.38743581129721166,2.093348891481914,4.0
5,Processed,Drowsy,60,30,6,6651037210024625899,0.4938088433939271,0.8300194382242954,0.4929692374142151,2.6897093479968577,0.9007120839524521,36.0,0.38419638143686713,2.0815132605304214,4.0
5,Processed,Drowsy,60,30,7,8033591665812518300,0.5125417007776866,0.8390657372706811,0.45193645918318376,2.7006022368798392,0.9109319757820306,34.0,0.3614963766377118,2.0759266914703045,4.0
5,Processed,Drowsy,60,30,8,11452644788615807899,0.5059271607602552,0.8278685044028772,0.5064548639439459,2.7474615985420465,0.9552921010347213,36.0,0.3922349666458703,2.1195539419087135,4.0
5,Processed,Drowsy,60,30,9,4987872536158948783,0.4942627544243736,0.8439849201442233,0.4768920669962087,2.6741119483315394,0.9065721461020971,36.0,0.39389067524115756,2.0836506727595836,4.0
5,Processed,Drowsy,60,30,10,7160773649572938771,0.4664221033596248,0.8539682937632465,0.4663339252291597,2.673177441540578,0.9124065824990255,47.0,0.3894034649901617,2.109450149486546,4.0
5,Processed,Drowsy,60,30,11,893174077275299754,0.5240422959457027,0.8239335808148104,0.5176848874598071,2.8171846435100547,1.0277901315015998,37.0,0.36039257090752025,2.0903270702853165,4.0
5,Processed,Drowsy,60,30,12,17941278644918598705,0.5446951622962446,0.8100203460525138,0.4880261074050967,2.7550799241397996,0.9731449319997576,53.0,0.35033834045208045,2.0907919232421595,4.0
5,Processed,Drowsy,60,30,13,14837182262042959736,0.47808066347677997,0.838930961564643,0.4669578154244853,2.6856196522219156,0.9170801690713196,37.0,0.3596007102749916,2.08835005574136,4.0
5,Processed,Drowsy,60,30,14,17105367189313181959,0.46201371954587306,0.8719042790074226,0.4816912223448673,2.6630405943221014,0.9143746055307629,35.0,0.3868599126553727,2.1000390777647517,4.0
5,Processed,Drowsy,60,30,15,1684101035813623764,0.4426739934643584,0.8599484453733887,0.4489609828670154,2.65014164305949,0.9084515797851604,38.0,0.4082161539569036,2.1396050811218714,4.0
5,Processed,Drowsy,60,30,16,15137217697131500334,0.5048249815958672,0.8203185780774133,0.4936891107165139,2.7705359547535684,1.0215884440990246,42.0,0.365359696693382,2.099269267889149,4.0
5,Processed,Drowsy,60,30,17,12867033261157129234,0.597649817784697,0.7703224914489963,0.5140375293948265,2.640128173527237,0.9205561403036487,37.0,0.3472428852521956,2.0806613946800865,4.0
5,Processed,Drowsy,60,30,18,14009031213263767777,0.5126872823592533,0.8232230245196521,0.47228487786149637,2.6778231292517005,0.9620979229234394,29.0,0.37224648461870713,2.1023173871798346,4.0
5,Processed,Drowsy,60,30,19,10793285512489208490,0.5051872048975832,0.8404121787992023,0.490425685079426,2.767126997021392,0.9811370544902208,37.0,0.37776551326966457,2.100747264478249,4.0
5,Processed,Drowsy,60,30,20,8930291691315777707,0.5833112227446511,0.777879994859928,0.4885060229399626,2.745145631067961,0.9469820539248706,42.0,0.36471181072131303,2.084339001645639,4.0
5,Processed,Drowsy,60,30,21,10940515831191213958,0.5540228248530898,0.8013678985832327,0.5121658588088497,2.8757747237941254,1.013285664534082,35.0,0.3364207899409704,2.066322770817981,4.0
5,Processed,Drowsy,60,30,22,4614386155343742123,0.47353233151016055,0.8444329795928291,0.4922013725584297,2.783930510314875,1.0072838678977036,63.0,0.398185919278207,2.0904509952129,4.0
5,Processed,Drowsy,60,30,23,6593924185177195062,0.5143696618355329,0.8351746304481885,0.46350242357345106,2.6081555495544153,0.890571439303371,36.0,0.39249892019004656,2.1226317155463277,4.0
5,Processed,Drowsy,60,30,24,14517236025892141771,0.5046874121226603,0.8362109491571328,0.4956087728559774,2.7076560041950706,0.9344165979846459,54.0,0.3622642414934971,2.0855090482110787,4.0
5,Processed,Drowsy,60,30,25,4619785041546982457,0.5460084265187422,0.8100096540558949,0.4599030570619571,2.6523664544699694,0.9224878723725216,44.0,0.3543216393914671,2.0823579184882246,4.0
5,Processed,Drowsy,60,30,26,3103185353276937239,0.4810173411937948,0.8612778770402281,0.44632144742525315,2.5382096069868996,0.8443662687897209,33.0,0.4057205931756011,2.1283987915407856,4.0
5,Processed,Drowsy,60,30,27,17926856063749068074,0.5221653106734748,0.8211061547290108,0.4644622546431828,2.746311010215664,0.9730091505281848,38.0,0.393026827278399,2.1260384215991692,4.0
5,Processed,Drowsy,60,30,28,2027720365726774121,0.6023275164124084,0.7824697998208482,0.4364831789605029,2.624062319676861,0.864992404092959,52.0,0.37078274223736624,2.0926327193932828,4.0
5,Processed,Drowsy,60,30,29,14636071668585928281,0.5148796143146075,0.8338874751232299,0.46388635600134376,2.8673983981014537,1.0590520590248504,31.0,0.374286125641887,2.1297105406881487,4.0
5,Processed,Drowsy,60,30,30,7993136414554879244,0.6007309462707334,0.7813617014417786,0.4760762105869367,2.665233745298227,0.8898289775283965,53.0,0.3610164611028459,2.0954038997214486,4.0
5,Processed,Drowsy,60,30,31,17333530625958740777,0.45630918996544995,0.8489506742773417,0.4880740989585833,2.83365840066871,1.0004488178174087,41.0,0.39713010510150215,2.107206518971225,4.0
5,Processed,Drowsy,60,30,32,17008167125010270885,0.5312357657945362,0.8215354706578318,0.46071891347122906,2.6044492674986435,0.9047619164432187,55.0,0.3726784086000864,2.1191158411788784,4.0
5,Processed,Drowsy,60,30,33,13798158109115914675,0.4607514368789018,0.8581702098232618,0.48879397226088206,2.7616594360086766,0.9501486679207649,52.0,0.3963382444689735,2.1126886671783063,4.0
5,Processed,Drowsy,60,30,34,15220507938471707669,0.5579820974404645,0.8011364476231497,0.4897538033306138,2.728609625668449,0.9922673470478179,50.0,0.33046983730863366,2.0650772229719596,4.0
5,Processed,Drowsy,60,30,35,12231507059244830849,0.5247254016443346,0.822813668711499,0.46571003503383407,2.7281416924374473,0.9544274903419209,34.0,0.35976868071219464,2.0757303059670495,4.0
5,Processed,Drowsy,60,30,36,4018590845190645082,0.5275762274849898,0.8199689130816168,0.48577050439122715,2.6963239211507726,0.9479127342405098,32.0,0.3898593847482843,2.1056246759979262,4.0
5,Processed,Drowsy,60,30,37,14123450736103113956,0.5886796501259516,0.7929033794220418,0.450976628113452,2.612454823463998,0.8783746357768313,25.0,0.3690310505351058,2.0695734086933117,4.0
5,Processed,Drowsy,60,30,38,14551493741632295456,0.5377581686795669,0.8163160751185248,0.4855305466237942,2.7469454249253324,0.9551672905997908,35.0,0.3321015501271776,2.079014571128136,4.0
5,Processed,Drowsy,60,31,0,14045198504825277126,0.578029924787876,0.7756923973378155,0.5653405000719873,3.0470770822555613,1.1557910475883957,53.0,0.31004943130009116,2.058795411089866,4.0
5,Processed,Drowsy,60,31,1,1494617985496956389,0.5967671693624077,0.7578089567981584,0.5770024475692278,2.9381720430107525,1.0690147527665028,41.0,0.3804290444881701,2.1040477770404777,4.0
5,Processed,Drowsy,60,31,2,5501784308794830482,0.5322784620192227,0.790035360789234,0.5417286557565868,2.8995633187772927,1.0752356958560203,41.0,0.34289964966165953,2.068316688377479,4.0
5,Processed,Drowsy,60,31,3,717967059809580418,0.5858875534315742,0.7706848897904373,0.5499352114027931,2.8726497869140135,1.0348577493071605,45.0,0.32029562796947736,2.0643365295391276,4.0
5,Processed,Drowsy,60,31,4,1731787871350087951,0.6023993804428938,0.7555032070650345,0.560973268704708,3.067979002624672,1.1373421184524302,55.0,0.3475548303498584,2.0723994849048504,4.0
5,Processed,Drowsy,60,31,5,16812181638136050213,0.624419133473608,0.7414735431959614,0.5468637519796515,2.8782520838595604,1.0597766101019521,49.0,0.35036233622882373,2.0728279386712094,4.0
5,Processed,Drowsy,60,31,6,4825056133900769219,0.5857762041910325,0.7700594370218441,0.5655324662859337,2.891069676153091,1.0677134855488655,46.0,0.31712818543936266,2.056324879414968,4.0
5,Processed,Drowsy,60,31,7,12155466902167474534,0.5944663851306167,0.7645636690807396,0.5321303450592696,2.80070724930538,1.0116204763776941,40.0,0.33378125449920815,2.0754998507908087,4.0
5,Processed,Drowsy,60,31,8,13812997488731503572,0.4782640805298199,0.8273541750780361,0.5646206267696885,3.0283140283140284,1.1485962619079784,43.0,0.3716705859768681,2.0908477321814254,4.0
5,Processed,Drowsy,60,31,9,12911802890475301576,0.5524194744216536,0.793114998485238,0.5354417622498441,2.8851823118696664,1.0828019335390522,46.0,0.4144310601334165,2.117063005638637,4.0
5,Processed,Drowsy,60,31,10,4777174686103839703,0.5790696737842203,0.781048854858405,0.5577578346211067,2.9011482775836246,1.025045149095683,48.0,0.309377549551279,2.0765018521501046,4.0
5,Processed,Drowsy,60,31,11,13396738346448025568,0.609096644427283,0.7561360121701721,0.5300187167058598,2.8080345792016272,1.0262458769468816,36.0,0.3097134904256851,2.0503574265289912,3.0
5,Processed,Drowsy,60,31,12,1971113834045467106,0.5109348104777122,0.8035891884062101,0.57373902193214,3.028882695718267,1.1651459010190683,46.0,0.30426644910495754,2.0756261253887707,4.0
5,Processed,Drowsy,60,31,13,11164977717038973342,0.5451868383457641,0.7804070230316202,0.5426884868263185,2.9828541281983645,1.1102251449948861,45.0,0.29409223976580123,2.0751777853030817,3.0
5,Processed,Drowsy,60,31,14,12542689871110816963,0.5951085453620728,0.7662241831948968,0.5145174449296924,2.8058099973828843,0.9918270202755601,46.0,0.34004415222920764,2.1047081538690033,4.0
5,Processed,Drowsy,60,31,15,236190308219457761,0.5778672814262468,0.7685056382407232,0.5304026491337525,2.8129294986001527,1.02429182070784,39.0,0.2990593655516629,2.0654623798475304,4.0
5,Processed,Drowsy,60,31,16,2299242055735441947,0.5850933122290775,0.7689474950208078,0.5271392234966645,2.7892331132554595,0.9790005462292461,41.0,0.3542976436147238,2.102377901181831,4.0
5,Processed,Drowsy,60,31,17,17906825888953601198,0.6049389862652418,0.7495611304994061,0.5430244277007247,2.8674607197161683,1.0357724561110921,50.0,0.2858136967893651,2.0689595275317005,4.0
5,Processed,Drowsy,60,31,18,6431696274298782433,0.5260276219561282,0.8001838199399851,0.5628449392906848,2.9789179578359155,1.131177274535075,59.0,0.3601046215866008,2.111283061339336,4.0
5,Processed,Drowsy,60,31,19,4132344181561389479,0.576898691574701,0.7639659429345937,0.5600614291884628,3.0390625,1.118673348729019,45.0,0.33138167682487885,2.069223853760863,4.0
5,Processed,Drowsy,60,31,20,8888745680547454568,0.5093936567181373,0.8034676436438715,0.5270432403896914,2.812291933418694,0.9941890153548825,36.0,0.33517300955031915,2.070867309117865,4.0
5,Processed,Drowsy,60,31,21,2474946405423700589,0.5800784592693966,0.7752142955628729,0.5404808753659356,2.8839948783610754,1.0623012011952955,46.0,0.3532658252147622,2.102542130819766,4.0
5,Processed,Drowsy,60,31,22,17797302309012688612,0.6070729386030544,0.7590812467762986,0.568507942602102,2.9119960668633236,1.032004859640966,42.0,0.2865095743149206,2.051546391752577,4.0
5,Processed,Drowsy,60,31,23,15490133707080537918,0.516699523088057,0.793760378443779,0.5459039209099199,3.043885469628044,1.1351869152430472,48.0,0.3224072563228872,2.104306969459671,4.0
5,Processed,Drowsy,60,31,24,15923559771769693933,0.656387466291015,0.723603668158813,0.5350098382684647,2.8315976631953266,1.0202842838104564,48.0,0.31792004607189134,2.066604273904227,4.0
5,Processed,Drowsy,60,31,25,11662438135417088035,0.6336026210562282,0.7444411886122377,0.555166290732831,2.9427626558127704,1.084778873191927,35.0,0.32075154772759995,2.0912077596996244,4.0
5,Processed,Drowsy,60,31,26,5629908615412862033,0.5583531862404325,0.7804106454148906,0.5571819359792677,3.057677113510666,1.1173809445515726,42.0,0.3100974228535778,2.0412257147370085,4.0
5,Processed,Drowsy,60,31,27,13912941769490174216,0.547712885896233,0.7772370542493772,0.5568459951048615,2.849459724950884,1.021212275938137,45.0,0.29747564428660556,2.052823315118397,3.0
5,Processed,Drowsy,60,31,28,4508407368172831832,0.6337327934220737,0.7409677797364334,0.5450880645006478,2.7010701545778835,0.905372584919586,38.0,0.3602485962470605,2.0593964334705075,3.0
5,Processed,Drowsy,60,31,29,14763302104794407935,0.5421737616061308,0.7730670312862182,0.5636607956999569,3.026281886111827,1.1273422403266746,51.0,0.39297883572491243,2.1514713610089333,4.0
5,Processed,Drowsy,60,31,30,4261930903194805186,0.5943066725574142,0.7638265543261226,0.5628449392906848,2.859790295049988,1.022098138641675,59.0,0.3459471133080578,2.068732960252547,4.0
5,Processed,Drowsy,60,31,31,11617139088020940508,0.6152768386924818,0.751651417514704,0.5301626913663195,2.902522333158171,1.0424151989408525,50.0,0.3536497576426549,2.0979359430604982,4.0
5,Processed,Drowsy,60,31,32,3793137983024135300,0.585922730107276,0.7771349958411458,0.5331381676824879,2.7940140845070425,1.0172236949511528,53.0,0.3764217497720401,2.0921579087756736,4.0
5,Processed,Drowsy,60,31,33,2585001504608891948,0.5492650558181535,0.7844683377150756,0.5452320391611076,2.893048128342246,1.06996465228816,45.0,0.32319911695541587,2.1002650865429597,4.0
5,Processed,Drowsy,60,31,34,8895619626359715468,0.6285772477324486,0.7335437288389585,0.5464798195517588,2.8581827309236947,1.0438934078470172,37.0,0.2657772232087153,2.0281999633766707,3.0
5,Processed,Drowsy,60,31,35,1893413759549142703,0.627785540381879,0.7424089073852017,0.57177136823919,2.900194741966894,1.0437354419760272,37.0,0.3324134952248404,2.07411289115137,4.0
5,Processed,Drowsy,60,31,36,11816197589325023462,0.5051150455720078,0.7960443712225138,0.5361136439986562,2.8910455486542443,1.057520052817024,36.0,0.3222872774391707,2.065989847715736,4.0
5,Processed,Drowsy,60,31,37,8425352205488657070,0.6582252986270393,0.716029259843951,0.5471517013005711,2.866013071895425,1.0438746690174259,36.0,0.289653021068292,2.0421248519709017,4.0
5,Processed,Drowsy,60,31,38,4580596991433522032,0.6172521717488406,0.7523907552556532,0.5361616355521428,2.884585592563904,1.041143131710326,41.0,0.32077554350434323,2.067109942786454,4.0
5,Processed,Drowsy,60,41,0,15638957647792225553,0.2260938853188049,0.9824934458920198,0.41287133464510245,2.545266272189349,0.8561127553034505,31.0,0.5681720017276959,2.517061762517274,11.0
5,Processed,Drowsy,60,41,1,15084439558872442046,0.20369079370336382,0.9912793825866056,0.4041848634640303,2.565336582394152,0.9135934776598766,27.0,0.5468877477563949,2.505056056276105,17.0
5,Processed,Drowsy,60,41,2,1274530698292473025,0.18990772410091955,0.9989452724598527,0.4450256754811153,2.578698553948832,0.8799051254779227,33.0,0.5913279262849739,2.476683417085427,8.0
5,Processed,Drowsy,60,41,3,9162286002998917844,0.18504436874770422,0.9945349415821779,0.45750347938762775,2.5530262453133368,0.8888759682710996,32.0,0.6105965350098382,2.4757734967892584,7.0
5,Processed,Drowsy,60,41,4,12516472508896395126,0.22176569062294302,0.9902525680719569,0.38302058837644576,2.5192550505050506,0.8354624964169957,24.0,0.5512069875701876,2.534031991174848,8.0
5,Processed,Drowsy,60,41,5,1280815924681703011,0.17985879825405446,1.010223256195969,0.4132072755195086,2.5124015173621244,0.8377177163110126,30.0,0.5726592119786917,2.5713823941385625,9.0
5,Processed,Drowsy,60,41,6,11992573668638662675,0.18404288847722253,1.0045802064666631,0.41325526707299515,2.6205112598904443,0.9325941543712855,36.0,0.5853049863224072,2.5581541688515994,7.0
5,Processed,Drowsy,60,41,7,2260532093175681964,0.25874636551641284,0.9635061522793751,0.42842059797475646,2.5920441347270615,0.9023483464768416,30.0,0.5754427220809137,2.4912736339081656,7.0
5,Processed,Drowsy,60,41,8,18311234067235160589,0.2510270815819151,0.9651511552342034,0.4573115131736814,2.6308669243511873,0.946672132654167,25.0,0.5817056198109133,2.4608669170642576,7.0
5,Processed,Drowsy,60,41,9,4035493712834021626,0.19042311111744847,1.0051321441790573,0.4460334981043336,2.5982667039418508,0.9195734621028488,26.0,0.6120602773911792,2.5803743045017704,8.0
5,Processed,Drowsy,60,41,10,16685225294075910701,0.22004347641629216,0.9883422496256773,0.4504487210250996,2.5821182943603853,0.8935848964082835,34.0,0.5998704228055862,2.4899402390438246,7.0
5,Processed,Drowsy,60,41,11,17696937038723117660,0.1979008589514839,0.9979229517012084,0.3602725920238038,2.4169349645846747,0.7496994216733068,33.0,0.5467437730959351,2.4934340118187786,16.0
5,Processed,Drowsy,60,41,12,5431765684429760386,0.19275541171966087,0.9984395955131521,0.4070643566732255,2.55944477972239,0.8830752443913173,28.0,0.572107309113596,2.46913835956918,8.0
5,Processed,Drowsy,60,41,13,7548559874384801640,0.17140614156258394,1.0164018086108615,0.3868599126553727,2.4236319903788335,0.7564421756437849,26.0,0.559173585448961,2.511640439749946,10.0
5,Processed,Drowsy,60,41,14,3927817411527113882,0.1653132193285238,0.9959144746271633,0.4012573787013486,2.5070464767616194,0.8234542429859447,23.0,0.5803138647598023,2.4878098961012243,7.0
5,Processed,Drowsy,60,41,15,11571813804580039907,0.20255664223001732,0.998243080863608,0.37217449728847724,2.4847805190644023,0.8356848962130872,27.0,0.5394970485194606,2.4509974926414477,10.0
5,Processed,Drowsy,60,41,16,15050614167668254727,0.21131320735540748,0.9908929606721476,0.42419734126793684,2.5377548090726387,0.8582748934460048,28.0,0.5579977923885396,2.434463986599665,8.0
5,Processed,Drowsy,60,41,17,16424862716178790906,0.16616625424941933,1.01510566078271,0.40562461006862793,2.4627039627039626,0.8205401432689375,21.0,0.5872726400153573,2.5314439387670666,8.0
5,Processed,Drowsy,60,41,18,14263068146869238681,0.2379874632730275,0.9633629218729473,0.42942842059797476,2.5355624822896004,0.8440586104625466,36.0,0.5567740077746317,2.4556037675944546,11.0
5,Processed,Drowsy,60,41,19,12150338029393465974,0.2260317744130101,0.9816317410779885,0.42851658108172963,2.493437587266127,0.8364071838892192,29.0,0.5645006478859721,2.4098545380045073,8.0
5,Processed,Drowsy,60,41,20,4430134009141034117,0.21796649623151518,0.9935759957221989,0.4313480827374382,2.5240101095197978,0.868522102876311,26.0,0.5963430436243221,2.4782608695652173,9.0
5,Processed,Drowsy,60,41,21,12361047121985864402,0.21529624786165508,0.9980915481405292,0.4199260930076307,2.5428654460912528,0.8679958496422121,29.0,0.5734510726112204,2.472377405338299,8.0
5,Processed,Drowsy,60,41,22,15142868169673832255,0.2411996980756744,0.978180576684293,0.4102317992033402,2.5832577818071925,0.8800846680046068,32.0,0.5661803522580026,2.474826935179358,6.0
5,Processed,Drowsy,60,41,23,8653762771981861841,0.2853713799058267,0.9622056647235779,0.44977683927628737,2.5152979066022545,0.8583746852507691,27.0,0.5885684119594952,2.4396260194947286,9.0
5,Processed,Drowsy,60,41,24,2211811642594974861,0.16923701961094395,1.010821477280563,0.40053750539904975,2.4714243411311814,0.7971372547237867,25.0,0.5661563564812593,2.443961052413507,8.0
5,Processed,Drowsy,60,41,25,10620468312146796905,0.2688585672718504,0.9529741473540698,0.40663243269184624,2.5528773727026213,0.8591906616331307,29.0,0.5556462062676969,2.4341427520235466,6.0
5,Processed,Drowsy,60,41,26,12132742085236153660,0.19114854751218438,0.9874032920871808,0.4053366607477084,2.571863580998782,0.9135768243746033,27.0,0.5513509622306474,2.482658022690438,12.0
5,Processed,Drowsy,60,41,27,17020376858084077102,0.2873874206236527,0.9562952617583088,0.43154004895138454,2.575766256087081,0.8838639329686173,27.0,0.5567500119978883,2.4389782403027436,6.0
5,Processed,Drowsy,60,41,28,7102544223852481614,0.19026431587229675,1.002643199958803,0.40260114219897297,2.504179104477612,0.8514515213166898,23.0,0.5587416614675818,2.5008054988723014,8.0
5,Processed,Drowsy,60,41,29,8029861609738991753,0.21939227348274015,0.9975427496046648,0.4282286317608101,2.5508862206975413,0.8648789389143906,25.0,0.5642606901185392,2.4039051318748723,7.0
5,Processed,Drowsy,60,41,30,11536368147773128259,0.2199975918719493,0.9842311394764176,0.437874934011614,2.507282220390217,0.8405760230214914,34.0,0.5731391275135577,2.4672038012602004,9.0
5,Processed,Drowsy,60,41,31,5704640915064510508,0.2592209387227229,0.9706038795193521,0.415126937658972,2.544866137099147,0.8768860131138035,31.0,0.5600374334117195,2.483400723558204,11.0
5,Processed,Drowsy,60,41,32,8856924794365748134,0.2549588392682503,0.9678923609961294,0.37740557661851515,2.445273631840796,0.7796895553676487,26.0,0.5502231607237126,2.4081075404326824,7.0
5,Processed,Drowsy,60,41,33,5561374461490910209,0.21212153828066363,0.9977224508751633,0.43907472284877863,2.576457335961701,0.8899079512761171,32.0,0.5964870182847819,2.5050891867378815,9.0
5,Processed,Drowsy,60,41,34,10687321475602490112,0.25198257184025497,0.9824656900766517,0.4415702836300811,2.515996718621821,0.854719679398505,27.0,0.5866487498200317,2.422272862379867,12.0
5,Processed,Drowsy,60,41,35,2358315099528415842,0.1913106738999366,1.0060343616610348,0.38604405624610066,2.521630094043887,0.8482616967714397,24.0,0.5600614291884628,2.481658692185008,9.0
5,Processed,Drowsy,60,41,36,10166615520156692110,0.234870936760105,0.9870079308606035,0.39429860344579354,2.4717208182912156,0.8304752704507203,21.0,0.5301386955895763,2.4506932889628397,10.0
5,Processed,Drowsy,60,41,37,4468298146118477455,0.19533499009874963,0.9892703388997338,0.4044248212314633,2.439073806078148,0.7880131030565465,20.0,0.5659643902673129,2.5255380661741085,11.0
5,Processed,Drowsy,60,41,38,5569301785643484243,0.18037719484477355,1.0019438566831051,0.44492969237414215,2.5420893885385247,0.875754144075701,27.0,0.6094687335029035,2.670206055508831,17.0
5,Processed,Drowsy,60,42,0,16969991062068330782,0.511618305668089,0.8303661221031315,0.47914767001007824,2.802919708029197,1.0572063238150309,26.0,0.49565676440946393,2.2330810810810813,8.0
5,Processed,Drowsy,60,42,1,9563608467920346349,0.441092820615488,0.8856955775640585,0.4999280126697701,2.6813384813384813,0.9697676225382907,44.0,0.5473676632912607,2.369481666147294,9.0
5,Processed,Drowsy,60,42,2,7754069815189435308,0.39654908688745377,0.8878495542627121,0.48346690982387097,2.7547169811320753,1.0225892859240373,37.0,0.4819551758890435,2.2468956259089383,4.0
5,Processed,Drowsy,60,42,3,12006981054418356898,0.5084625963951038,0.8283489740373957,0.4784277967077794,2.623421052631579,0.9322314598029653,37.0,0.473484666698661,2.2268367001467104,4.0
5,Processed,Drowsy,60,42,4,3038269665271357061,0.410847742674666,0.8763901703468888,0.46110284589912176,2.6137105549510338,0.9033992859553635,34.0,0.4795555982147142,2.2124432635890625,4.0
5,Processed,Drowsy,60,42,5,6326127489513080428,0.39763715831942026,0.8876708974503831,0.4655660603733743,2.7591012514220705,1.0119735124837506,39.0,0.5105101502135624,2.307734027551795,4.0
5,Processed,Drowsy,60,42,6,2565709339551041109,0.48663297926975535,0.8511674860616637,0.5006958775255556,2.6958656330749355,0.9972361109211225,34.0,0.5041272735998464,2.2744397531666127,9.0
5,Processed,Drowsy,60,42,7,988997362618630374,0.5066780940060828,0.827871789209943,0.5310265393290781,2.7436151748078355,1.0320436157532837,39.0,0.5219801314968565,2.2873817034700314,8.0
5,Processed,Drowsy,60,42,8,12302850826328421613,0.38490916012916754,0.8953623003228365,0.44061045256034936,2.58984485190409,0.8920245856812808,34.0,0.4965206123722225,2.2666228502574213,4.0
5,Processed,Drowsy,60,42,9,8601818078487198090,0.3880674876511993,0.8843723442543542,0.4686855113500024,2.6566920565832426,0.944297209022163,42.0,0.49517684887459806,2.2570272339494695,4.0
5,Processed,Drowsy,60,42,10,17945848375515955968,0.420808195735498,0.8757371828735117,0.4816432307913807,2.6452293094359516,0.9601759600659519,39.0,0.4895378413399242,2.243593973386121,6.0
5,Processed,Drowsy,60,42,11,2275907850052264911,0.4031622301041921,0.8927760918478681,0.48298699428900516,2.687316421895861,0.9894840225439057,33.0,0.5242357345107261,2.3229133439659755,8.0
5,Processed,Drowsy,60,42,12,8297798052777362631,0.40023192158502896,0.8811066872325315,0.5243557133944425,2.787956111252871,1.0145044403576815,42.0,0.5078706147718002,2.2861309138042776,9.0
5,Processed,Drowsy,60,42,13,18257604163761005292,0.44382499995042973,0.8549613219003654,0.4925853049863224,2.657690315898498,0.965758169110081,28.0,0.48785813696789365,2.240330578512397,7.0
5,Processed,Drowsy,60,42,14,7637923917213003539,0.3910386024110706,0.8799149772039678,0.4925853049863224,2.7385272145144075,1.0135281080641092,35.0,0.5021356241301531,2.263248972528661,5.0
5,Processed,Drowsy,60,42,15,8659821178500537311,0.405225903419569,0.8886538750024643,0.5316024379709171,2.6984165651644334,0.982690521040336,40.0,0.5480875365935596,2.3224199288256226,6.0
5,Processed,Drowsy,60,42,16,882541159892967584,0.41124819691189574,0.8871961429309864,0.4979123674233335,2.685041407867495,0.9638280098326949,35.0,0.5391611076450544,2.315675564258477,8.0
5,Processed,Drowsy,60,42,17,1053158231017069702,0.38989048008761806,0.8860403612368015,0.48159523923789416,2.5957061562338333,0.9234553071770878,30.0,0.4865143734702692,2.2304730473047303,4.0
5,Processed,Drowsy,60,42,18,3061143411956429544,0.4123361966678828,0.8779896375044487,0.47482843019628546,2.7069767441860466,0.9913554768837157,33.0,0.5174929212458608,2.2942553191489363,7.0
5,Processed,Drowsy,60,42,19,3221058546081169764,0.5496308180326673,0.8279035136094378,0.4750203964102318,2.576933090341057,0.8784612971423602,41.0,0.47206891587080674,2.2032702430283346,4.0
5,Processed,Drowsy,60,42,20,17274722762998904379,0.43680423547661335,0.8678478501527688,0.4683495704755963,2.575613618368963,0.9002019826076096,26.0,0.5167490521668187,2.2846382346700613,5.0
5,Processed,Drowsy,60,42,21,1510242672633198040,0.4308394203781158,0.8800514972828262,0.5018476748092335,2.753291205897841,1.0109497944352264,51.0,0.5435523347890772,2.3706959706959707,9.0
5,Processed,Drowsy,60,42,22,8572899721979408076,0.32245515794815854,0.9243836269759065,0.49071363440034554,2.685136554621849,0.9793702761900784,39.0,0.5279070883524499,2.2650056625141564,6.0
5,Processed,Drowsy,60,42,23,17684173213645897016,0.45056817777389013,0.8785325855501034,0.4926812880932956,2.635010266940452,0.9265724675634669,34.0,0.5007198733022988,2.2554042369217466,4.0
5,Processed,Drowsy,60,42,24,9906934221772668406,0.44014897351596877,0.847598138032348,0.4942170178048663,2.713570487483531,0.9710334447708949,40.0,0.5434323559053607,2.266966966966967,4.0
5,Processed,Drowsy,60,42,25,7955730492192761678,0.4134082154074472,0.8694292110253035,0.5003599366511494,2.684346035015448,0.9505752449617089,31.0,0.5416086768728704,2.2336467095497277,7.0
5,Processed,Drowsy,60,42,26,4478726882354227746,0.41341236005666127,0.8798034841093787,0.5019436579162068,2.7258274693771174,0.9759052661801033,45.0,0.5356577242405337,2.293537449912668,7.0
5,Processed,Drowsy,60,42,27,9077263860467011437,0.5070588561744247,0.8350002359045074,0.4975284349954408,2.6602514754939697,0.9849278187359384,31.0,0.4901137399817632,2.2564074237737515,6.0
5,Processed,Drowsy,60,42,28,13820328594048220615,0.5236940137201109,0.8227351511283619,0.4898017948841004,2.7420741536808166,1.0146718160166397,35.0,0.47701204587992513,2.254621753430872,4.0
5,Processed,Drowsy,60,42,29,9089843085945376323,0.45114064891101857,0.8709148576514258,0.499016173153525,2.752249867654844,1.0056672967825953,32.0,0.5339540240917598,2.308298755186722,11.0
5,Processed,Drowsy,60,42,30,1888461527391306307,0.4191881569175883,0.8686653560434289,0.4864423861400394,2.6694759020279166,0.9553665203159654,33.0,0.48298699428900516,2.2439241917502786,4.0
5,Processed,Drowsy,60,42,31,10418301650472342241,0.3509221736533493,0.9021694175756824,0.4986802322791189,2.7395201687318744,1.0091382686615933,38.0,0.4972884772280079,2.268140527525446,4.0
5,Processed,Drowsy,60,42,32,9094559352501598360,0.35290723466845986,0.8979928316022843,0.5112540192926045,2.68202416918429,0.9631159486851805,36.0,0.5173969381388875,2.2737530317410104,4.0
5,Processed,Drowsy,60,42,33,17581812955576735736,0.3626872696923528,0.9019898231430273,0.5480635408168162,2.783329271264928,1.033112190534688,61.0,0.5614531842395738,2.327232942112592,7.0
5,Processed,Drowsy,60,42,34,10342399935905617893,0.45011220597440615,0.8670081249280441,0.4916734654700773,2.7385725741780274,0.9576038124775527,38.0,0.47691606277295195,2.239941395243999,9.0
5,Processed,Drowsy,60,42,35,2818648831591895271,0.422274582875924,0.8771194769686689,0.475116379517205,2.648475120385233,0.9762061290295257,27.0,0.5030954551998849,2.2931204199934374,6.0
5,Processed,Drowsy,60,42,36,10242013567336972978,0.385488542608028,0.8800171172281236,0.5187886931899985,2.8158374576712686,1.0552941647421554,44.0,0.5435523347890772,2.341050020669698,10.0
5,Processed,Drowsy,60,42,37,115555199042351395,0.35290171198866316,0.9064942837978176,0.5339060325382733,2.8554928131416837,1.0803204937410336,39.0,0.5420406008542497,2.29376523151909,4.0
5,Processed,Drowsy,60,42,38,11049659137172232578,0.39426996893299093,0.8940319537658143,0.5334261170034074,2.8580611982514785,1.0818996025639416,41.0,0.568507942602102,2.3170660146699267,7.0
5,Processed,Drowsy,60,43,0,17730618449804425466,0.5076407031399814,0.8317711368196558,0.4950808657676249,2.788861854555285,0.9369504415950946,40.0,0.4648461870710755,2.2289725002876537,5.0
5,Processed,Drowsy,60,43,1,10569377766653937187,0.3948726433578636,0.8833160256685757,0.4590872006526851,2.7238041002277904,0.9557059864568245,43.0,0.47590824014973365,2.2311846101923725,4.0
5,Processed,Drowsy,60,43,2,9160185368979529223,0.523552194145658,0.8219585089937241,0.5397130105101502,2.7536728697355533,0.9469061079282739,53.0,0.509166386715938,2.194085409988626,4.0
5,Processed,Drowsy,60,43,3,2550835359118493449,0.3927015209758443,0.8880252988125324,0.5021836156836397,2.7399842890809114,0.9387666730239919,46.0,0.475116379517205,2.193176783340718,4.0
5,Processed,Drowsy,60,43,4,6161957900045884180,0.5237820043327772,0.8231173112628015,0.4862984114795796,2.656094364351245,0.9049208340775862,53.0,0.41824638863560015,2.1240555690957836,4.0
5,Processed,Drowsy,60,43,5,6458667800804422209,0.41137411131927476,0.8735500582908151,0.4914335077026443,2.843654540405443,1.0068713917884367,63.0,0.49037769352593946,2.2691538974017322,5.0
5,Processed,Drowsy,60,43,6,15336802518892359219,0.5002362594956574,0.8392683047854907,0.5007438690790421,2.7595874107379,0.9445303482026162,55.0,0.49032970197245285,2.1845199914475093,4.0
5,Processed,Drowsy,60,43,7,2830399144038408007,0.42689437300428396,0.8765946652420684,0.4816432307913807,2.7616951018161804,0.9698196693103402,35.0,0.40869606949176945,2.130597948461346,4.0
5,Processed,Drowsy,60,43,8,49422349654965838,0.572077722533065,0.7960453293348143,0.5491673465470077,2.774060606060606,0.9590581440373975,43.0,0.5482795028075059,2.2038001543209877,4.0
5,Processed,Drowsy,60,43,9,13934913112366601017,0.4822766222483039,0.843368030767384,0.45342419734126793,2.6825667234525836,0.9258569582670246,51.0,0.41438306857992996,2.1414930555555554,4.0
5,Processed,Drowsy,60,43,10,7910748724137431520,0.4814292820900517,0.8305207723510597,0.5451840476076211,2.9308565531475748,1.053163168062306,41.0,0.5442482123146326,2.232162188760949,4.0
5,Processed,Drowsy,60,43,11,16638053331492899094,0.5040898855772057,0.8359616053715232,0.46710179008494507,2.6107832618025753,0.8921582014694296,38.0,0.39350674281326486,2.131401091759813,4.0
5,Processed,Drowsy,60,43,12,2610920530999859886,0.549714488510372,0.8119735235621777,0.4719489369870903,2.734705228031146,0.9321901477787937,42.0,0.3866679464414263,2.1083344236556325,4.0
5,Processed,Drowsy,60,43,13,11144480416799667830,0.46029907755813604,0.864236315833476,0.4767960838892355,2.587913519145611,0.8484994638174282,65.0,0.47161299611268415,2.177728531855956,4.0
5,Processed,Drowsy,60,43,14,9857294644120939767,0.47083327851562373,0.8382838133914645,0.47391659068004033,2.7522296544035676,0.9516637694681245,33.0,0.4373470269232615,2.1439830608163746,4.0
5,Processed,Drowsy,60,43,15,16633384615683655202,0.5325755533755794,0.826508668157387,0.466525891443106,2.6567368133369773,0.8953234897897719,51.0,0.4455775783462111,2.1611964618249533,4.0
5,Processed,Drowsy,60,43,16,2444169086131729027,0.4627753647339002,0.8432119055968709,0.49935211402793106,2.72667714884696,0.960931403508731,34.0,0.43576330565820415,2.142014626091059,4.0
5,Processed,Drowsy,60,43,17,11751782670430156968,0.43094447102313455,0.8597695180896314,0.5093823487066277,2.7611862643080123,1.01182464255661,41.0,0.4468973460670922,2.1782456140350877,4.0
5,Processed,Drowsy,60,43,18,13332927296614553757,0.45797816746329034,0.8585826620547304,0.47583625281950376,2.8016388810398416,0.9756585907261017,36.0,0.4015213322455248,2.146632456703015,4.0
5,Processed,Drowsy,60,43,19,15738649442141999749,0.4665022130489986,0.8545721307510973,0.47314872582425493,2.563442537701508,0.793227594113373,57.0,0.49200940634448337,2.1594523433385993,4.0
5,Processed,Drowsy,60,43,20,17461806983447337423,0.4738883116459258,0.8517991789263473,0.48471469021452224,2.7393544887442367,0.9739134365162638,36.0,0.41793444353793735,2.1614544551998014,4.0
5,Processed,Drowsy,60,43,21,14875049232834264299,0.4771300970595158,0.8501792309656973,0.5075586696741373,2.698647614187293,0.9740657237745939,57.0,0.4397226088208475,2.165563696525644,4.0
5,Processed,Drowsy,60,43,22,15738744051807988951,0.5100108128773114,0.8352515053568648,0.5033354129673178,2.66938152201578,0.9447780932387402,35.0,0.4400345539185103,2.148564733450498,4.0
5,Processed,Drowsy,60,43,23,11041476827119744882,0.6262722917592404,0.7602023089320951,0.4554398425877046,2.622271345675601,0.9131531773794133,35.0,0.38520420406008543,2.1484207708779444,4.0
5,Processed,Drowsy,60,43,24,16181786551053343904,0.6347201842527322,0.7354161011120033,0.5009358352929885,2.6867438867438866,0.9178456320425478,36.0,0.386236022460047,2.0903896103896105,4.0
5,Processed,Drowsy,60,43,25,14448588539061553592,0.5324366549887771,0.8110240940643982,0.5516149157748236,2.7412353923205344,0.8854442230147777,45.0,0.509742285357777,2.1875193080012356,4.0
5,Processed,Drowsy,60,43,26,11404212013755919517,0.5450025684577189,0.8189138843142967,0.4424341315928397,2.6698523023457863,0.9193958659632696,35.0,0.3655036713538417,2.1076518610765187,4.0
5,Processed,Drowsy,60,43,27,1920611796636914510,0.4069719643467007,0.8674046984993115,0.49095359216777845,2.6977848101265822,0.9604286440743882,37.0,0.5127177616739453,2.256282998944034,7.0
5,Processed,Drowsy,60,43,28,9215645697309199593,0.6028022153990453,0.7810233402185673,0.4402745116859433,2.6084731305089566,0.8736321836598917,33.0,0.41932619858904835,2.152888998398423,4.0
5,Processed,Drowsy,60,43,29,2604752326914085956,0.4499872244924089,0.8641956933044772,0.48500263953544176,2.657375755982119,0.9018266467954049,35.0,0.4692374142150981,2.184428060768543,4.0
5,Processed,Drowsy,60,43,30,15619270594928535892,0.5495460730509008,0.7856300660227878,0.5091903824926813,2.810596026490066,1.010216227830871,51.0,0.39521044296203867,2.088246481551921,4.0
5,Processed,Drowsy,60,43,31,12230729193897931766,0.44397283410569605,0.8618638422065327,0.49848826606517255,2.6619682214249103,0.9010163475562292,40.0,0.47936363200076787,2.178754498854837,4.0
5,Processed,Drowsy,60,43,32,12212423824696221386,0.3854605208746387,0.8994412185952564,0.4969045448001152,2.722587430975546,0.9856933772476507,41.0,0.4767001007822623,2.218921032056294,4.0
5,Processed,Drowsy,60,43,33,1568893916120965639,0.4835541457026694,0.8449901618958813,0.5199404904736766,2.8653795292250726,1.0228465154359097,44.0,0.5184767480923358,2.211339678640876,5.0
5,Processed,Drowsy,60,43,34,3379205442299557950,0.4899889743205194,0.8318433155403523,0.470941114363872,2.590549102428722,0.8788624275917677,33.0,0.441642270960311,2.1619875484553037,4.0
5,Processed,Drowsy,60,43,35,10339325477235893675,0.5071429975404359,0.8168842414038683,0.5218601526131401,2.8069179143004646,0.9986577199601102,49.0,0.43650717473724626,2.152526328245178,4.0
5,Processed,Drowsy,60,43,36,14214704078130197143,0.4682858740642216,0.8334554254831535,0.5188846762969718,2.8475111930471426,1.0067743520589714,75.0,0.4662619378989298,2.173246840398166,4.0
5,Processed,Drowsy,60,43,37,5402041275422451668,0.4187749695162776,0.8552305656287036,0.48116331525651485,2.767319900634833,0.9795115313372357,35.0,0.409967845659164,2.1369606003752346,4.0
5,Processed,Drowsy,60,43,38,8098745788932634117,0.5013385801715128,0.810754051150846,0.5184047607621058,2.9313432835820894,1.0885845464773407,37.0,0.4405624610068628,2.172266919072409,5.0
5,Processed,Drowsy,60,44,0,16010620390893294860,0.693631142877281,0.6864998878323325,0.6032538273263905,2.879725085910653,0.9696811366563612,58.0,0.3241829438018909,2.023363786131496,4.0
5,Processed,Drowsy,60,44,1,11978758976466178726,0.628363511480154,0.714344193078228,0.5101982051158996,2.9448753462603876,1.027983934502818,47.0,0.2636176033018189,2.031059345535219,3.0
5,Processed,Drowsy,60,44,2,10508635974797152040,0.6084803860965748,0.7135816226688454,0.5957191534289965,2.9303588290840414,0.9924933157808161,70.0,0.354801554926333,2.0613411403875643,4.0
5,Processed,Drowsy,60,44,3,3347324925798539381,0.6096140371450061,0.7556567868884485,0.5815136535969669,2.8625088589652727,0.9299662589471386,44.0,0.3687910927676729,2.045926517571885,4.0
5,Processed,Drowsy,60,44,4,393677856611080489,0.6599459852341751,0.7095960821642582,0.5026155396650189,2.738755230125523,0.8934518726072121,40.0,0.2886451984450737,2.0261074616809838,3.0
5,Processed,Drowsy,60,44,5,7344113134493601324,0.7589380754209873,0.6343297747841999,0.524307721840956,2.761627906976744,0.9036290651090775,38.0,0.2462206651629313,2.0127500980776776,3.0
5,Processed,Drowsy,60,44,6,7940118157852606712,0.7145014350253185,0.6795909102078335,0.5310745308825646,2.871302542812662,0.9939928199346553,51.0,0.28351010222200895,2.038123167155425,3.0
5,Processed,Drowsy,60,44,7,1863764281552352897,0.578040459544574,0.7594725372083614,0.5309785477755915,2.8574380165289255,1.0057351305311726,51.0,0.27436771128281423,2.030905861456483,3.0
5,Processed,Drowsy,60,44,8,15972393573802351166,0.5870230702576209,0.7542210916148182,0.5496472620818736,2.824414303329223,1.0017567747502396,43.0,0.35168210394970484,2.063063063063063,3.0
5,Processed,Drowsy,60,44,9,8021986329365485876,0.6897067193352766,0.6894414067320065,0.5399529682775831,2.7414717348927877,0.8821965954036189,40.0,0.29824350914239095,2.0180224062347785,3.0
5,Processed,Drowsy,60,44,10,2320144856471003473,0.7061328350785705,0.679040124652205,0.5024715650045593,2.803963577932512,0.9675453966851255,60.0,0.2555310265393291,2.033027873234059,3.0
5,Processed,Drowsy,60,44,11,5855267091858454962,0.5480506504658429,0.7783181315266801,0.5824734846666987,3.0327336331834083,1.091245105915212,58.0,0.3582569467773672,2.058742415885273,4.0
5,Processed,Drowsy,60,44,12,11492901537141540859,0.6994171657147059,0.6724103794393514,0.5749868023227912,2.937959784207945,1.047693787047915,64.0,0.242837260642127,2.026026026026026,3.0
5,Processed,Drowsy,60,44,13,10093259130497186627,0.6289454594224726,0.7434995695827518,0.5366415510870087,2.855464759959142,1.0002291243709147,54.0,0.3687670969909296,2.075074264110181,4.0
5,Processed,Drowsy,60,44,14,160155833201685594,0.6091793717066543,0.7477197582633031,0.5282430292268561,2.7579553996492105,0.9461530912104154,40.0,0.3307577866295532,2.04571089344019,4.0
5,Processed,Drowsy,60,44,15,4142370738507225302,0.6756997724372241,0.6948541873325299,0.5437443010030235,2.9073646394662562,1.0191728727682392,52.0,0.29392426932859816,2.0310064665892886,3.0
5,Processed,Drowsy,60,44,16,11984876216001254061,0.6521412863326984,0.7183384936078205,0.5223400681480059,2.8672286617492095,0.9931045713301333,39.0,0.3065220521188271,2.0500722195474244,4.0
5,Processed,Drowsy,60,44,17,13080113858604845697,0.6278565391466915,0.737844235959463,0.5274751643710707,2.9601400484783196,1.004749450497776,50.0,0.2768392762873734,2.0286618603833304,3.0
5,Processed,Drowsy,60,44,18,3468431762400551579,0.623527846051947,0.7209116198921917,0.5672121706579641,2.921878862793572,1.0158064420699209,39.0,0.30496232663051304,2.037025164289149,3.0
5,Processed,Drowsy,60,44,19,16002117437649777234,0.6089478077559304,0.7275528046589304,0.6056534050007198,3.1068439192516,1.0627762698301602,68.0,0.35005039113116093,2.0692198581560284,4.0
5,Processed,Drowsy,60,44,20,13464410869184222826,0.6455022579994728,0.7308546127040181,0.5941834237174257,2.885341412258215,0.9767850992034696,51.0,0.29339636224024573,2.0263506794829302,3.0
5,Processed,Drowsy,60,44,21,7532620145812489245,0.6331969416105374,0.7346847886172483,0.5366415510870087,2.6649189704480456,0.8614688743884874,37.0,0.3201516533090176,2.053247152970145,3.0
5,Processed,Drowsy,60,44,22,10470729648044723125,0.7065427139260714,0.6818134493305469,0.5828574170945914,2.879326695116169,0.9859453210177292,38.0,0.2984354753563373,2.0285434676235523,3.0
5,Processed,Drowsy,60,44,23,12627263648503202594,0.6442921444912435,0.7336215316902286,0.5607333109372751,2.918810891831127,1.0178460791053991,59.0,0.3378125449920814,2.04860302677532,3.0
5,Processed,Drowsy,60,44,24,1190831633098992191,0.6642027115641763,0.7105416270380763,0.5113500023995776,2.7711313394018204,0.9287782678097749,49.0,0.3082017564908576,2.0239520958083834,3.0
5,Processed,Drowsy,60,44,25,13402949172254981727,0.638541484382115,0.7227693162010802,0.5436483178960503,2.704225352112676,0.9036270082354855,48.0,0.3261266017180976,2.0221693200416606,3.0
5,Processed,Drowsy,60,44,26,4794879728944268573,0.6740396649438921,0.7007980839430652,0.516869031050535,2.7757731958762886,0.8916532355382074,35.0,0.3018428756538849,2.048363458720078,5.0
5,Processed,Drowsy,60,44,27,14678061398559311220,0.6595961118035183,0.7173646685585718,0.5517588904352834,2.7690269749518306,0.9318732154831791,54.0,0.34325958631280895,2.056497987349051,3.0
5,Processed,Drowsy,60,44,28,3661449980680534939,0.6862259371825514,0.6768508053058411,0.5794980083505303,2.975603745687531,1.0675948556722983,69.0,0.31434467533714067,2.0395453837770514,4.0
5,Processed,Drowsy,60,44,29,12376645382781554318,0.6828950231574632,0.7036548771809323,0.5340979987522196,2.8734830880454427,0.9667302601793726,36.0,0.33346930940154534,2.0548573118438562,3.0
5,Processed,Drowsy,60,44,30,2058729092347598846,0.6661577342176721,0.6925768498040632,0.54182463886356,2.748965181397614,0.899709551574192,40.0,0.29262849738446034,2.027094414893617,3.0
5,Processed,Drowsy,60,44,31,4360126124027194737,0.6503053236142948,0.7253663012130593,0.6123242309353554,3.183383233532934,1.090839122754053,79.0,0.3474588472428852,2.047221829492436,4.0
5,Processed,Drowsy,60,44,32,12269766445850598547,0.594063682149837,0.7427457253928811,0.5557901809281567,2.9687259677005895,1.0367868135695537,53.0,0.29260450160771706,2.02996504078575,3.0
5,Processed,Drowsy,60,44,33,7596990068973404331,0.6433479262178784,0.7254436708990587,0.5187886931899985,2.7618804292284107,0.9166927665228227,36.0,0.2755675001199789,2.0296924708377517,3.0
5,Processed,Drowsy,60,44,34,17892568770116479328,0.6236290246364887,0.7301643748185634,0.4968565532466286,2.841888553390063,0.9741560306448068,37.0,0.23986178432595864,2.033360455655004,3.0
5,Processed,Drowsy,60,44,35,10234594732409153862,0.6743641939864611,0.706620362824379,0.5488793972260883,2.7545761078998074,0.9757947616483889,37.0,0.2787349426500936,2.0353951287892063,3.0
5,Processed,Drowsy,60,44,36,4888788846863570260,0.5918967198645801,0.7376560233741922,0.534289964966166,2.814206268958544,0.9673754558838276,60.0,0.3031386475980227,2.052477660438668,3.0
5,Processed,Drowsy,60,44,37,3598645051583782783,0.6496317264499799,0.6955498995956134,0.5269472572827183,2.7706283118849355,0.9259782636819253,35.0,0.26520132456687623,2.022323879231473,3.0
5,Processed,Drowsy,60,44,38,2967768626803940891,0.589247607074853,0.7420052510215872,0.5633248548255507,2.89612632617814,1.0086949560267384,37.0,0.29677976676105006,2.025548640681297,3.0
5,Processed,Drowsy,60,45,0,13745757633357995483,0.3272888376609497,0.9303235837616527,0.461774727647934,2.559723330673051,0.8560088205871936,34.0,0.5072707203532179,2.2486969471332836,4.0
5,Processed,Drowsy,60,45,1,7967383347930965636,0.29984886739306604,0.9344404666003275,0.45879925133176563,2.6343345274180217,0.9204811834325954,35.0,0.49913615203724143,2.24487373192316,4.0
5,Processed,Drowsy,60,45,2,5740163111556625835,0.3309845155369876,0.9253174161256285,0.4388827566348323,2.5178964757709252,0.8288585381989836,37.0,0.5180688198876998,2.231755220177796,4.0
5,Processed,Drowsy,60,45,3,15081500623526931251,0.31157742491015583,0.9289112831466257,0.47876373758218554,2.6252631578947367,0.905035901112772,33.0,0.5285309785477756,2.2813050233039878,4.0
5,Processed,Drowsy,60,45,4,13179065861391819425,0.3596957448709039,0.9182802001687888,0.45932715842011806,2.578394396551724,0.8634881831062046,35.0,0.5056630033114172,2.265426789937648,5.0
5,Processed,Drowsy,60,45,5,11747119594925644732,0.40065549628405345,0.8962940267545133,0.4922013725584297,2.5918625221127116,0.8869125994862809,27.0,0.5211882708643278,2.1979356405585913,4.0
5,Processed,Drowsy,60,45,6,16732125505337956330,0.34171001098948284,0.9199661686703026,0.419542160579738,2.528782181081863,0.7948185675152022,31.0,0.43120410807697845,2.1674104450609093,4.0
5,Processed,Drowsy,60,45,7,14723803187135870924,0.4179174022371242,0.8947729243970861,0.44348994576954454,2.502979414951246,0.7715725331360948,32.0,0.492633296539809,2.221380653538195,4.0
5,Processed,Drowsy,60,45,8,16213432587304441678,0.33244985714438263,0.919125652448307,0.4710850890243317,2.5449831475239826,0.8349164327174462,25.0,0.5530546623794212,2.3015777910924706,4.0
5,Processed,Drowsy,60,45,9,11615071359095391368,0.3613124863817038,0.9167306514880066,0.4606229303642559,2.631030701754386,0.8899366602522982,29.0,0.4857465086144839,2.2600200960142907,5.0
5,Processed,Drowsy,60,45,10,11188860804192913211,0.41717919545227045,0.8754240422742526,0.48524259730287467,2.562341611758743,0.879166411170192,26.0,0.4978643758698469,2.217140414618508,4.0
5,Processed,Drowsy,60,45,11,8908346348684012849,0.4023145773361413,0.8962160294858523,0.4425781062532994,2.532820653666575,0.8382185985857078,28.0,0.504991121562605,2.270471464019851,4.0
5,Processed,Drowsy,60,45,12,9339427664222865669,0.36281366604573245,0.9063563597713868,0.45256034937850936,2.638500279798545,0.9018085361014595,37.0,0.47384460334981043,2.2142857142857144,4.0
5,Processed,Drowsy,60,45,13,9441144028098610829,0.35187106573659854,0.9116907620384548,0.4661419590152133,2.634391103878492,0.9007990595062124,34.0,0.5182607861016462,2.244181213632585,4.0
5,Processed,Drowsy,60,45,14,9334566360039327876,0.30385528269698264,0.9404463913928977,0.49973604645582376,2.6557000765110943,0.9561454640563558,38.0,0.5768344771320247,2.3219356708200523,5.0
5,Processed,Drowsy,60,45,15,9698833496070452416,0.38315983430192485,0.8999333573593683,0.46326246580601815,2.6266666666666665,0.9071766503157953,34.0,0.4952248404280847,2.192732681682958,4.0
5,Processed,Drowsy,60,45,16,11262034975605964185,0.31412523557908006,0.9240166096608632,0.4525123578250228,2.5804597701149423,0.8752082273774444,34.0,0.5159811873110333,2.242465324851392,4.0
5,Processed,Drowsy,60,45,17,1857288743116608160,0.357196201240533,0.9139374068044579,0.4401305370254835,2.6262886597938144,0.8854880915793044,34.0,0.45395210442962036,2.217299578059072,4.0
5,Processed,Drowsy,60,45,18,13009193121795680363,0.32007173072240486,0.9400664647220395,0.4091279934731487,2.5631389055923033,0.8417005138872639,30.0,0.49517684887459806,2.2614794520547945,4.0
5,Processed,Drowsy,60,45,19,6941359697675542258,0.33707375039939746,0.9202292192456398,0.46758170561981094,2.5639473684210525,0.8952392420129652,39.0,0.5013677592743677,2.286495950973955,4.0
5,Processed,Drowsy,60,45,20,4649640426014803021,0.30069277769260294,0.9460447747170204,0.4781878389403465,2.6857142857142855,0.9262174242991318,40.0,0.550247156500456,2.3270752993708137,4.0
5,Processed,Drowsy,60,45,21,17587547519250047851,0.42048191429648535,0.8948112559950891,0.4246292652493161,2.5909224011713032,0.8869307522790161,32.0,0.4522963958343332,2.1864052894095813,4.0
5,Processed,Drowsy,60,45,22,7959826747204502222,0.3354538293810181,0.9189156894065338,0.45040072947161297,2.5635072384594375,0.8187310704690298,32.0,0.5066468301578922,2.1998332986038758,4.0
5,Processed,Drowsy,60,45,23,444351348518213504,0.36732495579321534,0.9192424954285472,0.44939290684839467,2.5896017699115044,0.8921623426079299,39.0,0.4915294908096175,2.2316156444057085,4.0
5,Processed,Drowsy,60,45,24,6001529755594701485,0.3019164845567179,0.9255009917579622,0.40653644958487306,2.5430801561092764,0.8466842409302714,30.0,0.48262705763785574,2.263193428603578,4.0
5,Processed,Drowsy,60,45,25,8877962907866085791,0.3249276831404886,0.9283135321737035,0.4437299035369775,2.577641483133538,0.8705323457451166,37.0,0.5253395402409176,2.3300340570455513,5.0
5,Processed,Drowsy,60,45,26,3763162184156782987,0.29169392636404834,0.9460193917234443,0.4838028506982771,2.610305541170378,0.8799046225982274,35.0,0.5553102653932908,2.226691042047532,6.0
5,Processed,Drowsy,60,45,27,16364335318790457802,0.29778939308677277,0.9352724991693608,0.4525123578250228,2.5896731667124415,0.8843744814226281,36.0,0.5006718817488122,2.254700669980549,4.0
5,Processed,Drowsy,60,45,28,18370686573175869929,0.28581073231200516,0.9478434037961936,0.47420454000095985,2.6202598780164412,0.881777580063214,30.0,0.5316264337476604,2.265105817401084,4.0
5,Processed,Drowsy,60,45,29,13383619908259183306,0.2971661409312527,0.9348287160800702,0.4591831837596583,2.597882161281564,0.8990837430737502,24.0,0.5413207275519508,2.320407323595968,5.0
5,Processed,Drowsy,60,45,30,1338724155634003920,0.3072854629504211,0.9372502091057375,0.47833181360080623,2.6771420897125973,0.9222306754338788,44.0,0.5323942986034458,2.2776922287239505,4.0
5,Processed,Drowsy,60,45,31,6333724840030000569,0.3167861085482061,0.9331986255767397,0.46887747756394876,2.531743975123089,0.8073744301580128,30.0,0.5146374238134088,2.2417685794920037,5.0
5,Processed,Drowsy,60,45,32,5862033686764563210,0.3729033418136934,0.911916009563889,0.4750203964102318,2.5843342036553523,0.8648363900685574,34.0,0.5214762201852474,2.254356846473029,4.0
5,Processed,Drowsy,60,45,33,17105581525805193917,0.40231568669689155,0.9118232562690173,0.4790996784565916,2.566323907455013,0.827773304944571,37.0,0.5354177664731007,2.263211279034385,5.0
5,Processed,Drowsy,60,45,34,7490924844467079857,0.33059325580845844,0.9338447994492325,0.4524643662715362,2.549486208761493,0.8326728565404282,32.0,0.5374334117195374,2.2652978658844947,5.0
5,Processed,Drowsy,60,45,35,5831819646955198563,0.3634695342416976,0.9034977108243667,0.48682631856793207,2.630023334197563,0.9066234464662585,24.0,0.4829629985122618,2.246066287244727,4.0
5,Processed,Drowsy,60,45,36,2542159707310661473,0.33064127088609396,0.9280008603426224,0.48269904496808563,2.620635747785305,0.8568316348205577,34.0,0.5173969381388875,2.2164884868421053,4.0
5,Processed,Drowsy,60,45,37,13951950575409471983,0.33268105063079223,0.9282062040550692,0.4606709219177425,2.495191057967247,0.7835896364899393,35.0,0.5217161779526803,2.2304062371768567,4.0
5,Processed,Drowsy,60,45,38,10364944095542921522,0.3517137317143904,0.9041903950135336,0.43192398137927723,2.6611472501478417,0.9142558579888603,33.0,0.4583673273503863,2.2154952447228022,4.0
5,Processed,Drowsy,60,47,0,9999829261928067485,0.6091965635855089,0.7549374431770954,0.482651053414599,2.641018907563025,0.9244671106395643,40.0,0.34844267408936025,2.104187798869729,4.0
5,Processed,Drowsy,60,47,1,7670377622707640827,0.6095537974606077,0.761303596049047,0.5066948217113788,2.7338166752977733,0.9778432051717514,36.0,0.3047463646398234,2.050040355125101,3.0
5,Processed,Drowsy,60,47,2,12952351849536721637,0.6562951344945467,0.7222221527118843,0.47252483562892933,2.6539083557951484,0.931239163206271,39.0,0.2940442482123146,2.0716821639898564,4.0
5,Processed,Drowsy,60,47,3,15039353306947222698,0.6426028745261796,0.738953282641112,0.48956183711666745,2.7224446223645584,0.9961779759460525,32.0,0.29231655228679754,2.089178528554279,4.0
5,Processed,Drowsy,60,47,4,12597221295061228261,0.7225670397192272,0.6695378479487984,0.520132456687623,2.764795918367347,1.0133294914728022,39.0,0.274103757738638,2.066015554349792,4.0
5,Processed,Drowsy,60,47,5,1361694360758975305,0.6709362367235072,0.7123975920967548,0.4950808657676249,2.5732102768770266,0.8822113118853445,32.0,0.3473868599126554,2.099637418419144,4.0
5,Processed,Drowsy,60,47,6,17449536350370499320,0.6882083025116744,0.7002010212993428,0.4749724048567452,2.7354892205638475,0.9747868086450308,56.0,0.320343619522964,2.0813844714686622,3.0
5,Processed,Drowsy,60,47,7,17601304425477609486,0.7188780099680145,0.6760881329116502,0.5174929212458608,2.7140699723131134,0.9748687225285947,34.0,0.2963718385564141,2.066075610572098,4.0
5,Processed,Drowsy,60,47,8,15351083038765762380,0.6270465532799036,0.7469913217452138,0.47981955175889046,2.7316939890710383,1.0034539986105018,37.0,0.3335892882852618,2.1089199029126213,4.0
5,Processed,Drowsy,60,47,9,15831168498489215698,0.6575850392469929,0.7191304933312282,0.5289149109756682,3.0169723514919244,1.1218389395359698,45.0,0.2605221481019341,2.0687881097560976,4.0
5,Processed,Drowsy,60,47,10,13384947352835418240,0.6657616235185236,0.7133611184500972,0.5150453520180448,2.6743084973835036,0.9117783314503592,54.0,0.3339252291596679,2.0957831325301206,4.0
5,Processed,Drowsy,60,47,11,2742617174896710908,0.6517482859057631,0.7302788751975579,0.5031434467533714,2.6772216547497445,0.9797014347207241,36.0,0.2985314584633105,2.1065018625126988,4.0
5,Processed,Drowsy,60,47,12,5655138242669092286,0.6067696752493478,0.7716876568339263,0.48500263953544176,2.7217883113385404,0.9720796443808792,46.0,0.33414119115035756,2.0839568991319966,4.0
5,Processed,Drowsy,60,47,13,16575845700619310265,0.6466004339004908,0.7316471045094223,0.5061189230695398,2.824317086234601,1.0559764591332192,64.0,0.3341891827038441,2.0798984468339308,4.0
5,Processed,Drowsy,60,47,14,7045454980579995469,0.660185121568621,0.7248489089249025,0.4655180688198877,2.7486540096344574,0.9985568823750137,39.0,0.31372078514181506,2.0894997602684993,4.0
5,Processed,Drowsy,60,47,15,14792093749228016384,0.6282001967566441,0.7468768563659937,0.5173009550319144,2.899919289749798,1.0632661498168825,44.0,0.27359984642702884,2.081416575392479,3.0
5,Processed,Drowsy,60,47,16,6390606806999530751,0.6413694435586716,0.7366962295913714,0.48509862264241493,2.8085579327590997,1.0016416276994498,67.0,0.2985314584633105,2.073845640940157,4.0
5,Processed,Drowsy,60,47,17,11887577081447724389,0.680872290539062,0.709991449975808,0.5272831981571243,2.7942522889114954,1.0174961489949572,74.0,0.25833853241829435,2.067601305934319,4.0
5,Processed,Drowsy,60,47,18,11342457835752262084,0.5816352540629582,0.7658508530716098,0.50597494840908,2.6957299923293276,0.974377066886951,38.0,0.3049863224072563,2.0754408883082953,4.0
5,Processed,Drowsy,60,47,19,6315830799532701469,0.6227980219050928,0.7435737259691404,0.48754619187023085,2.7301800591238914,1.01074976702162,39.0,0.2921245860728512,2.0707603333900324,3.0
5,Processed,Drowsy,60,47,20,9558490771910472029,0.6628938762902026,0.7229186178059563,0.4743485146614196,2.685139907633795,0.9633370446684217,33.0,0.3219513365647646,2.116579902192775,4.0
5,Processed,Drowsy,60,47,21,3545401166081079638,0.6124791413713208,0.7654213327779562,0.4939290684839468,2.7062845122271892,0.9600795678737482,36.0,0.3340452080433844,2.085855558885226,4.0
5,Processed,Drowsy,60,47,22,13741075350942529613,0.6333812694062261,0.7446388225218441,0.4760762105869367,2.7456407417658455,0.9989036665408169,37.0,0.31758410519748526,2.0773818866739915,4.0
5,Processed,Drowsy,60,47,23,9064958859441139386,0.6804766677324627,0.7036318780319893,0.5209003215434084,2.761832061068702,1.0011418994037478,37.0,0.2951480539425061,2.0721024258760106,4.0
5,Processed,Drowsy,60,47,24,15343212899083618227,0.6394354912253006,0.7315912215406627,0.47761194029850745,2.751451479126348,1.0342374999885466,46.0,0.29253251427748717,2.1047997237569063,4.0
5,Processed,Drowsy,60,47,25,5868846604204188984,0.6575952346452882,0.7255539441111749,0.5361136439986562,2.7306282082620386,1.0030072595496426,26.0,0.27674329318040025,2.057260078487335,4.0
5,Processed,Drowsy,60,47,26,11322781166846006857,0.6687041947629618,0.7168381330286656,0.5200844651341364,2.7851452068876896,0.9889066248182846,43.0,0.31012141863032106,2.085188770571152,4.0
5,Processed,Drowsy,60,47,27,15358041584548159760,0.6177106106768834,0.7687271585200318,0.5033354129673178,2.6906105695228324,0.9787516512437782,54.0,0.36238422037721363,2.101586418035068,4.0
5,Processed,Drowsy,60,47,28,14498192487416137302,0.6313222121111058,0.7394893716204605,0.4849546479819552,2.833707234997196,1.0405384045681811,54.0,0.33793252387579786,2.1041386523233228,4.0
5,Processed,Drowsy,60,47,29,13021707516703390252,0.6545515826339644,0.7194163752648893,0.4947449248932188,2.6839364748763344,0.9533522234595607,42.0,0.2920525987426213,2.08586118251928,3.0
5,Processed,Drowsy,60,47,30,4960989380155523145,0.567696393446398,0.787092581204173,0.5264673417478524,2.804909230375863,1.053425583592877,63.0,0.33193357968997456,2.0987710514337734,4.0
5,Processed,Drowsy,60,47,31,4456929204289863247,0.6074784378033535,0.7473596291216189,0.5202764313480828,2.7300428103752203,0.9892817416588366,37.0,0.2810865287709363,2.052207428170988,4.0
5,Processed,Drowsy,60,47,32,3656759797568233454,0.6357663818434827,0.7378218894483397,0.5205163891155157,2.830375782881002,1.020202983040364,41.0,0.31381676824878824,2.0614754098360657,4.0
5,Processed,Drowsy,60,47,33,14049486215288296283,0.6872223404707021,0.6954536222501106,0.5166770648365887,2.9120908845009468,1.0760587858115704,41.0,0.28322215290108943,2.0886568748894003,4.0
5,Processed,Drowsy,60,47,34,2569065304963632115,0.7360540334505797,0.6606402619972829,0.4753563372846379,2.664783427495292,0.926156477469284,39.0,0.29301242981235304,2.0605804927438407,4.0
5,Processed,Drowsy,60,47,35,11766021455317308573,0.6990275581169977,0.6902452445441161,0.491817440130537,2.7183023872679044,0.9628107438342236,38.0,0.30311465182127945,2.086209744013212,4.0
5,Processed,Drowsy,60,47,36,11505619436104840842,0.6107518619851908,0.7510356401232872,0.5138455631808801,2.703105276445342,0.9783347262560863,40.0,0.3071459423141527,2.0870699494537748,4.0
5,Processed,Drowsy,60,47,37,7548623077340119181,0.6573499238380524,0.7273224038284339,0.46364639823391085,2.649026597203181,0.9637811809636082,37.0,0.32607861016461104,2.1156780320722404,4.0
5,Processed,Drowsy,60,47,38,7135422842011263282,0.6626739457471964,0.7208182128563363,0.5130776983250948,2.7469167523124356,0.9860771610552914,36.0,0.3086336804722369,2.0849408331982495,3.0
5,Processed,Drowsy,60,48,0,4495312829457457523,0.30428810129748474,0.9313538842197754,0.4672457647454048,2.688017669795693,0.9804902228009527,27.0,0.5698517060997265,2.5077085533262937,27.0
5,Processed,Drowsy,60,48,1,14881701254177134011,0.30374166075122677,0.939168809912711,0.5149493689110717,2.771177685950413,1.0192879711157978,30.0,0.6208427316792244,2.636604504229084,27.0
5,Processed,Drowsy,60,48,2,8966151857247726329,0.25709978241819476,0.9620277994514286,0.47876373758218554,2.6652417846647074,0.9590574959653793,26.0,0.589048327494361,2.4516129032258065,13.0
5,Processed,Drowsy,60,48,3,14575487176805308545,0.2884658993333702,0.9339384475725575,0.4687814944569756,2.7201336675020884,0.9997446712949554,42.0,0.5725872246484619,2.427466937945066,19.0
5,Processed,Drowsy,60,48,4,12776350613491328853,0.2598220737825047,0.9592927610193266,0.4620146854153669,2.763996554694229,1.018591818781281,31.0,0.569491769448577,2.504009284659211,15.0
5,Processed,Drowsy,60,48,5,7859710097702020289,0.29852422827230546,0.9355596169796981,0.5476316168354369,3.0798920377867747,1.2085603698938248,35.0,0.6468781494456975,3.1046873200506737,38.0
5,Processed,Drowsy,60,48,6,4096192380377849683,0.2344386823007923,0.9690773215238296,0.49378509382348706,2.7190803382663846,0.9775587186352489,35.0,0.6203148245908721,2.599658085277554,30.0
5,Processed,Drowsy,60,48,7,9724041367708149868,0.2794531902395583,0.9546187519968021,0.48860200604693577,2.684155022409702,0.9777820404251738,44.0,0.5849690454480011,2.4412177047867014,11.0
5,Processed,Drowsy,60,48,8,15880701628749686293,0.27298648976662787,0.9602085830328373,0.47833181360080623,2.693783783783784,0.9563201370783687,33.0,0.5848490665642847,2.5383253488856488,15.0
5,Processed,Drowsy,60,48,9,8036516891221570020,0.2686451623819401,0.9517854061778976,0.484858664874982,2.694851960522806,1.002638007423635,29.0,0.6139079522004127,2.5378434679099295,27.0
5,Processed,Drowsy,60,48,10,3135945034617160803,0.2645853137208488,0.9650569066836321,0.45486394394586555,2.6526728239574586,0.9481359343322844,26.0,0.5818016029178864,2.4750918742343813,16.0
5,Processed,Drowsy,60,48,11,7133715097508852933,0.32638217413524967,0.9363433091579191,0.5823295100062389,3.14841722885314,1.241821899537835,36.0,0.6704659979843548,3.3518474088291748,33.0
5,Processed,Drowsy,60,48,12,16508441298327854948,0.2782837757594787,0.9593712145256763,0.5516149157748236,3.3364296081277214,1.236019333510678,44.0,0.6646590200124778,3.3132775119617226,51.0
5,Processed,Drowsy,60,48,13,10126654051395045897,0.3519786049456804,0.9119953127711588,0.5331381676824879,2.831039755351682,1.068103403708241,42.0,0.5915198924989202,2.456991926642081,20.0
5,Processed,Drowsy,60,48,14,6536109747957835940,0.28840302001285634,0.9623861574452476,0.5126937658972021,2.8465227817745804,1.0673418265768035,38.0,0.5944473772616019,2.439968482222003,14.0
5,Processed,Drowsy,60,48,15,9443019532347580809,0.286833911936101,0.9484672396658532,0.48653836924701255,2.723804406233208,1.015128530013183,42.0,0.5847050919038249,2.4130520895226777,10.0
5,Processed,Drowsy,60,48,16,17642875578282460494,0.35268935015619984,0.9166822987429816,0.48562652973076736,2.7341259119156986,0.9985409587642836,31.0,0.5880884964246292,2.4424955152481562,15.0
5,Processed,Drowsy,60,48,17,10652185994665353303,0.21663623292528097,0.9917101761133114,0.5159091999808034,2.9877709838799333,1.1549325351796742,37.0,0.6286173633440515,3.0121881108428195,44.0
5,Processed,Drowsy,60,48,18,14619442135849911995,0.3076334526061994,0.9513555844635648,0.4994001055814177,2.75,1.0228422393315932,35.0,0.6160675721073091,2.8216287504121333,30.0
5,Processed,Drowsy,60,48,19,9641518730029530658,0.26336871748071145,0.9533815351359262,0.5656764409463935,3.2417491749174916,1.2464351977367258,47.0,0.6465182127945481,3.0728786496350367,44.0
5,Processed,Drowsy,60,48,20,13364184393823457155,0.21927017999485635,0.9850790954253227,0.489849786437587,2.7298742979406256,0.9963333842678386,32.0,0.6168834285165811,2.532807881773399,20.0
5,Processed,Drowsy,60,48,21,16222315244107799448,0.31222003750303085,0.94451124106945,0.49388107693046024,2.8761878144214643,1.0875206607615306,48.0,0.5773143926668907,2.6896590273896033,55.0
5,Processed,Drowsy,60,48,22,9513284264250362296,0.2913594255385205,0.9531529791997365,0.513749580073907,2.7287789956665818,0.9979493846285032,35.0,0.6204108076978452,2.4430690730416704,22.0
5,Processed,Drowsy,60,48,23,16295415886374582916,0.32880543308751187,0.9412795223508217,0.5041992609300763,2.817377312952534,1.0753988809115929,30.0,0.6093007630657005,2.7067476814838503,27.0
5,Processed,Drowsy,60,48,24,10302373138842614936,0.24932879170877836,0.9596941334897582,0.5216681863991938,2.79722079258878,1.0541005377442791,34.0,0.6073331093727504,2.5014825064241943,17.0
5,Processed,Drowsy,60,48,25,18218506264941604055,0.29035060843512145,0.9559928492596179,0.5192206171713778,2.8411239495798317,1.0298857051448214,46.0,0.6178192638095695,2.695738666108261,40.0
5,Processed,Drowsy,60,48,26,4965200212049824610,0.3110815944113571,0.9408554174593751,0.48322695205643806,2.69296603369885,1.0030904675516905,31.0,0.5585496952536354,2.4178871922717358,18.0
5,Processed,Drowsy,60,48,27,11989903114149572746,0.2516568043123253,0.9607540604945619,0.48860200604693577,2.687697993664203,0.9899612380035386,30.0,0.6051974852425973,2.6171007574971465,19.0
5,Processed,Drowsy,60,48,28,6735068951845579796,0.29899067833432275,0.9629370968578974,0.5203244229015693,2.857670005271481,1.0953465080514362,38.0,0.6283054182463886,2.6223335002503756,36.0
5,Processed,Drowsy,60,48,29,330180294676055798,0.23220709828494213,0.978341677250616,0.5832893410759706,3.3162346521145976,1.2845173199302489,47.0,0.66933819647742,3.325861452247526,65.0
5,Processed,Drowsy,60,48,30,11927033098864777581,0.25530608889613154,0.9745905847281028,0.5109180784181984,2.8374200426439233,1.0763477531944317,30.0,0.622858376925661,2.554320015744932,26.0
5,Processed,Drowsy,60,48,31,13060065578579946750,0.28205843717435974,0.9514217628623274,0.5010318183999616,2.81174252625909,1.0562572234444991,32.0,0.563924749244133,2.4017373530914665,31.0
5,Processed,Drowsy,60,48,32,16188133653699983447,0.33620337880531415,0.9444590528046256,0.4893698709027211,2.7853045615951926,1.030320407089878,34.0,0.5784181983970821,2.5483666349508405,18.0
5,Processed,Drowsy,60,48,33,499211231256667879,0.34491696329215277,0.9110271148704876,0.4703172241685463,2.735901730876605,0.9981014824959449,30.0,0.5495512789749004,2.3641994425518735,19.0
5,Processed,Drowsy,60,48,34,8141836631346218644,0.3304656710804021,0.9418091454814095,0.505639007534674,2.7545098039215685,1.017237873324095,37.0,0.6105485434563517,2.5625944203847317,17.0
5,Processed,Drowsy,60,48,35,173559808497305829,0.3498982791317012,0.9248662254654493,0.5104861544368191,2.8380469583778014,1.0767716045500382,42.0,0.5829054086480779,2.391415632998622,15.0
5,Processed,Drowsy,60,48,36,10796951319950656669,0.34174925960038993,0.9284210573895866,0.5296827758314536,2.795592705167173,1.0508454911545981,31.0,0.5895522388059702,2.411089303238469,9.0
5,Processed,Drowsy,60,48,37,11926221770904416372,0.3486584131877072,0.9255413358205868,0.5011757930604214,2.6100974756310924,0.8902460748921898,33.0,0.5961030858568892,2.3575970390054093,12.0
5,Processed,Drowsy,60,48,38,3897689927704600395,0.3254448221110209,0.9411181022105678,0.5242117387339829,2.842310694769711,1.0592269905853515,50.0,0.6453424197341268,2.6891310868913108,28.0
5,Processed,Drowsy,60,52,0,12937449734334831269,0.34172461685987854,0.924345939572336,0.4713250467917646,2.72125242449432,0.977203306594671,50.0,0.5467437730959351,2.369241967349485,7.0
5,Processed,Drowsy,60,52,1,17804240920447445153,0.4018071637116729,0.8843862442673759,0.5202764313480828,2.763446342085139,1.0364945190725108,42.0,0.5629169266209147,2.2976493633692456,6.0
5,Processed,Drowsy,60,52,2,6993802130068985257,0.4360346192725987,0.8881872421889094,0.49234534721888945,2.8030054644808744,1.0333449344436962,43.0,0.5380333061381197,2.3522870331514896,5.0
5,Processed,Drowsy,60,52,3,2265964925836470893,0.37701895322975765,0.9059555645731088,0.5354417622498441,2.869598765432099,1.0966172215842531,37.0,0.5634448337092671,2.318424170616114,6.0
5,Processed,Drowsy,60,52,4,2549975216195808248,0.4007692276903212,0.9039527743251514,0.481259298363488,2.65501720942547,0.964592192625937,29.0,0.538057301914863,2.30239244275593,8.0
5,Processed,Drowsy,60,52,5,8305022356464594020,0.31689628248790513,0.9371792910447877,0.49580073906992367,2.7578750667378538,0.9821169834351068,43.0,0.5964390267312953,2.393682588597843,8.0
5,Processed,Drowsy,60,52,6,15879436784891199499,0.40969793364808427,0.8844675061473676,0.4580793780294668,2.661740100390407,0.9518858200629144,32.0,0.5313624802034842,2.2966189587222567,5.0
5,Processed,Drowsy,60,52,7,1394362212930185524,0.32969920006997977,0.9276942395413244,0.4789077122426453,2.6688954265846485,0.9759921817532665,26.0,0.5226520132456688,2.3290205303678357,5.0
5,Processed,Drowsy,60,52,8,13235465223184370888,0.3181963411978331,0.9359359724150345,0.4661419590152133,2.658182813355227,0.9576193544857157,33.0,0.5700196765369295,2.337400373905343,6.0
5,Processed,Drowsy,60,52,9,3958750375684656974,0.3314844286260963,0.9254346801513829,0.4779478811729136,2.6872638963842417,0.9953376033288072,40.0,0.5724912415414887,2.3762948207171313,4.0
5,Processed,Drowsy,60,52,10,4058079192228566539,0.41902841045331163,0.8878748974969911,0.49138551614915776,2.7465128755364807,1.0117912001851852,41.0,0.5471277055238278,2.334493703286577,5.0
5,Processed,Drowsy,60,52,11,16225251891765144722,0.36627835529921854,0.907151153487152,0.4659020012477804,2.62520281233099,0.9415184249107315,30.0,0.5707875413927149,2.3584176085663295,5.0
5,Processed,Drowsy,60,52,12,6537848390849799869,0.4359811509073104,0.8901660874377814,0.47722800787061476,2.707323713585625,0.9744395176635627,41.0,0.5680040312904929,2.363554667998003,8.0
5,Processed,Drowsy,60,52,13,6665525284633424264,0.35303684013418224,0.9185259708092643,0.4732447089312281,2.829555236728838,1.0717347059898126,36.0,0.5541584681096127,2.31960626757734,6.0
5,Processed,Drowsy,60,52,14,13259025579115013561,0.465692913019177,0.8699684638037319,0.4714690214522244,2.6162450066577896,0.9055602406853366,35.0,0.4950568699908816,2.29055179304985,5.0
5,Processed,Drowsy,60,52,15,11023027851675017463,0.32117429554262594,0.9184288492178361,0.44200220761146036,2.6595437481952064,0.9603433069925513,32.0,0.5171329845947114,2.350163576881134,6.0
5,Processed,Drowsy,60,52,16,10657046437414328545,0.28307747558610397,0.9494896165038552,0.4985362576186591,2.65,0.9534331709310333,37.0,0.5825214762201852,2.3649293716512423,6.0
5,Processed,Drowsy,60,52,17,14285213464884394533,0.39633132721868064,0.9054377054816825,0.5308825646686183,2.8197807800152943,1.0699100303180993,28.0,0.5659883860440562,2.309281378500098,4.0
5,Processed,Drowsy,60,52,18,15622392250532367438,0.3561670299252584,0.9072773909503938,0.4721888947545232,2.685316593886463,0.9620588416259953,34.0,0.5695877525555503,2.3390815924320063,6.0
5,Processed,Drowsy,60,52,19,11438624458746772862,0.4037124302351161,0.8964887706044821,0.5049671257858617,2.7083655083655085,1.010513988085803,28.0,0.5624130153093055,2.3374887802932083,6.0
5,Processed,Drowsy,60,52,20,14038306785903862570,0.3139447641798292,0.9235188056104869,0.480683399721649,2.664538441074754,0.9558880064241425,33.0,0.580625809857465,2.4136658354114715,9.0
5,Processed,Drowsy,60,52,21,1680446358478804383,0.40456923330745004,0.9040668494363054,0.4818831885588136,2.733732643615573,1.0190096177270689,36.0,0.5700436723136728,2.3329077874889523,10.0
5,Processed,Drowsy,60,52,22,3835352315051064127,0.3681740622243204,0.9069146013570223,0.48260306186111246,2.751299589603283,1.031129889440811,62.0,0.5529106877189615,2.3279450394018992,7.0
5,Processed,Drowsy,60,52,23,4720939744897723965,0.38566821706422183,0.9006066326865034,0.4863464030330662,2.6937799043062203,0.9781003782886879,42.0,0.5514949368911072,2.3973088557421507,7.0
5,Processed,Drowsy,60,52,24,18203587095765254547,0.38474141596391975,0.8971415947743129,0.49248932187934924,2.615188583078491,0.9344284600276345,28.0,0.5329701972452848,2.324298869820008,5.0
5,Processed,Drowsy,60,52,25,13638039937556920985,0.5331721005515632,0.828628424574739,0.5134616307529875,2.7993197278911564,1.080279802526753,43.0,0.5190766425109181,2.286439065637882,4.0
5,Processed,Drowsy,60,52,26,5028885845315841295,0.2963277040931292,0.9368973204293819,0.4888419638143687,2.706163655685441,0.9971416574038373,30.0,0.5822335268992658,2.368143665820808,5.0
5,Processed,Drowsy,60,52,27,8828752621599471020,0.28707986295434734,0.9487007354871868,0.5297787589384269,2.744654400795624,1.0087922625458194,30.0,0.5729951528530979,2.3431459130605434,7.0
5,Processed,Drowsy,60,52,28,4439157084885646832,0.4019934348216922,0.8976030437602316,0.5321783366127562,2.778501628664495,1.0420100493714703,34.0,0.6007102749916015,2.331563751513458,7.0
5,Processed,Drowsy,60,52,29,13260460627403703690,0.3766040573547154,0.9052000692336427,0.4714210298987378,2.7354497354497354,0.9935713921310818,38.0,0.5363056102126026,2.339579189783314,6.0
5,Processed,Drowsy,60,52,30,13950803240195132738,0.3620683147981351,0.9100849833679232,0.5050631088928349,2.8420199837969213,1.0510401793751634,31.0,0.5744348994576954,2.335967993754879,6.0
5,Processed,Drowsy,60,52,31,13909499627537259904,0.40660747010355636,0.8921479182678662,0.5102461966693862,2.802319451765946,1.0235667416347303,34.0,0.5658684071603398,2.3890183365413837,5.0
5,Processed,Drowsy,60,52,32,4240881961447551961,0.45764010599009897,0.8575804964847626,0.46921341843835485,2.7355903749300503,1.0160284440526035,31.0,0.5208763257666651,2.314672638089145,4.0
5,Processed,Drowsy,60,52,33,6861082031654773998,0.4249337464417444,0.8782791528157938,0.4930652205211883,2.755901287553648,1.036661997015994,34.0,0.5341699860824495,2.3464741224833983,7.0
5,Processed,Drowsy,60,52,34,14346320994686979493,0.38126418611917373,0.8978211622541159,0.4848106733214954,2.7054097482592394,0.9753885615024659,45.0,0.5222680808177761,2.3154255319148938,5.0
5,Processed,Drowsy,60,52,35,2440359730687709252,0.36355416354389664,0.9222158446133188,0.5169650141575083,2.8059390466267256,1.0459005529837933,43.0,0.5469597350866248,2.314581640942323,5.0
5,Processed,Drowsy,60,52,36,6136475271315775896,0.35151209179926557,0.9299525466254556,0.4680136296011902,2.653605442176871,0.9712513973078761,36.0,0.566132360704516,2.366161869421322,8.0
5,Processed,Drowsy,60,52,37,11944507912989218677,0.3121854826771463,0.9275150144473715,0.4957527475164371,2.6637441980402268,0.959328700311587,29.0,0.5495512789749004,2.3255483346872463,5.0
5,Processed,Drowsy,60,52,38,5655345897675298462,0.3794615817209841,0.9119010364293951,0.514565436483179,2.8126967471143756,1.0466161134163625,40.0,0.5731391275135577,2.3740184872279095,7.0
5,Processed,Drowsy,60,53,0,562452407219516930,0.5073264266599645,0.8357623076634204,0.5245476796083889,2.690792712949286,0.9837523430118198,51.0,0.5621010702116428,2.3106135332412703,5.0
5,Processed,Drowsy,60,53,1,5928384556206679862,0.3896086213034326,0.882180735654948,0.5549263329653981,2.9755532681420482,1.1547625973300952,37.0,0.5664683015789221,2.3237523378285263,9.0
5,Processed,Drowsy,60,53,2,807271062258861178,0.4888799968048257,0.8426302752041477,0.5002639535441762,2.750395778364116,1.0206292605429745,28.0,0.499592071795364,2.2486229614429205,6.0
5,Processed,Drowsy,60,53,3,13812539722474829386,0.45305118827414126,0.8628188244507344,0.5417286557565868,2.803079215296747,1.0588819287826685,43.0,0.5455679800355138,2.2717825739408473,4.0
5,Processed,Drowsy,60,53,4,5581838814719112811,0.4849578990694897,0.8526578487674574,0.538465230119499,2.9784974780992832,1.124457880483651,50.0,0.5269472572827183,2.2953904045155222,7.0
5,Processed,Drowsy,60,53,5,2174183016645733403,0.4200222110825184,0.8742836627058381,0.5140375293948265,2.707532861476239,0.9931480397942362,28.0,0.5636847914767001,2.319411532385466,5.0
5,Processed,Drowsy,60,53,6,7225118743800380492,0.5434007841428482,0.8076540159620813,0.49032970197245285,2.6732077446363163,0.9872337458100453,25.0,0.48682631856793207,2.199479618386817,4.0
5,Processed,Drowsy,60,53,7,14745078912409719615,0.5185146716313134,0.8188241821533783,0.497384460334981,2.7331223628691985,0.9801720023591913,59.0,0.4286365599654461,2.1950110592283116,4.0
5,Processed,Drowsy,60,53,8,5851190625188309990,0.5158438256715686,0.81935338833615,0.5571819359792677,2.788854191688686,1.0713849425750115,37.0,0.5272112108268945,2.2753728251864125,4.0
5,Processed,Drowsy,60,53,9,274523823093383023,0.5679835436308863,0.7951018495152729,0.5939434659499928,2.9375741751720863,1.1076524126563185,45.0,0.5749628065460479,2.28613681900582,8.0
5,Processed,Drowsy,60,53,10,13747669693205532141,0.5038983358034392,0.8352797928976629,0.5351058213754379,2.6668261181535518,0.9648347853682065,33.0,0.5282190334501128,2.2489783408255004,4.0
5,Processed,Drowsy,60,53,11,9952587110657422798,0.5050205647206032,0.8296759104951577,0.5188846762969718,2.7865979381443298,1.0243984924323732,52.0,0.52586744732927,2.250924404272802,4.0
5,Processed,Drowsy,60,53,12,1064412709838327209,0.4443038531718233,0.8522628081390445,0.5832413495224841,3.0066798614547254,1.1627444341625814,37.0,0.5511110044632145,2.294176405953451,8.0
5,Processed,Drowsy,60,53,13,16047455154088071755,0.5534810670555381,0.8026361008040964,0.5292988434035609,2.7448979591836733,0.9819835080453709,43.0,0.5402169218217594,2.264205974052097,4.0
5,Processed,Drowsy,60,53,14,15181939635507516793,0.39905745276684695,0.8688103364831719,0.5683159763881557,2.904586705911209,1.0779752446889501,36.0,0.5800259154388827,2.303630992089965,4.0
5,Processed,Drowsy,60,53,15,11118823760558082359,0.48795386867364865,0.8433755519005476,0.5233478907712242,3.183941605839416,1.2973595363819577,35.0,0.5314104717569708,2.3405199746353835,8.0
5,Processed,Drowsy,60,53,16,15219199159403470992,0.564624486046159,0.78716611539804,0.5342419734126793,2.821084642676128,1.0473253213363216,48.0,0.49203340212122665,2.214602008856248,4.0
5,Processed,Drowsy,60,53,17,8624766817499520564,0.4734837327887154,0.8442588376409363,0.5347218889475452,2.7973889028370573,1.0638388429253152,42.0,0.512189854585593,2.213293239319784,4.0
5,Processed,Drowsy,60,53,18,11733458927421598098,0.4434133151720834,0.8578873577457611,0.55574218937467,2.8202630297126157,1.0485073466696033,37.0,0.5799779238853962,2.277395646848205,5.0
5,Processed,Drowsy,60,53,19,15381625407900683505,0.42720807194223936,0.8626965085192653,0.5263713586408792,2.845136186770428,1.0937458247229586,31.0,0.5260354177664731,2.2588356517259145,4.0
5,Processed,Drowsy,60,53,20,2456112470601474211,0.4837058798678999,0.8399683382406636,0.5057349906416471,2.7507178282432787,0.9881843967813615,38.0,0.544200220761146,2.272672612486221,5.0
5,Processed,Drowsy,60,53,21,33464706664389015,0.550455935620234,0.816044985890995,0.5482555070307625,2.853859605296028,1.0696777162854827,41.0,0.5404568795891923,2.257718524458701,6.0
5,Processed,Drowsy,60,53,22,17463867745662013748,0.4585869871609456,0.8756306049899371,0.5299227335988866,2.7495019920318726,0.9957057184948002,39.0,0.5223400681480059,2.263256394260761,6.0
5,Processed,Drowsy,60,53,23,3479437785197294883,0.48315421445749024,0.8424527400172991,0.5265153333013389,2.799438632304159,1.044158370267989,40.0,0.5055190286509574,2.2550845643331194,4.0
5,Processed,Drowsy,60,53,24,10840902024791157471,0.4547673175002464,0.8471763983663307,0.5470557181935979,2.8576084231637,1.111549601843236,39.0,0.5240437682967798,2.2617025683512844,4.0
5,Processed,Drowsy,60,53,25,11133026589512894232,0.48039810184657106,0.8372216298319493,0.5466717857657052,3.001581027667984,1.1400725666955909,32.0,0.5615971589000336,2.2766536964980544,4.0
5,Processed,Drowsy,60,53,26,7250015680235644340,0.44101797474676263,0.8613784274630153,0.5363056102126026,2.84931157572667,1.0675762968027143,39.0,0.5292508518500744,2.2920087290865636,5.0
5,Processed,Drowsy,60,53,27,7187730263694794578,0.41530987339760667,0.8755725467112354,0.5157652253203436,2.7401835798062213,1.0390661944674835,35.0,0.4683735662523396,2.242532169117647,4.0
5,Processed,Drowsy,60,53,28,18274372449424501943,0.5453717841611776,0.8153965357781128,0.5113979939530643,2.7997898055701524,1.0662593782824896,40.0,0.49234534721888945,2.2093248627113167,4.0
5,Processed,Drowsy,60,53,29,16926100477711552112,0.45540305792293917,0.8617640661018254,0.5432643854681576,2.7237728585178056,1.0351439802916007,32.0,0.5114699812832941,2.2366211962224556,4.0
5,Processed,Drowsy,60,53,30,191300344652235511,0.5297516677413926,0.8285906362528024,0.5438882756634832,2.868387749936725,1.0732950523249534,38.0,0.546407832221529,2.2913060978063995,4.0
5,Processed,Drowsy,60,53,31,5515755854155802710,0.44654705810750556,0.8619411386892792,0.49604069683735663,2.751131221719457,1.012938524680886,40.0,0.4898977779910736,2.236879588035499,4.0
5,Processed,Drowsy,60,53,32,2751329068046028970,0.4589175000064157,0.8523680319077612,0.5495032874214139,2.7537277537277536,1.0306963351463525,48.0,0.545424005375054,2.2961915344984343,4.0
5,Processed,Drowsy,60,53,33,17252573463722687721,0.5263455514246894,0.8419453821257774,0.5420645966309929,2.7481751824817517,1.0135875283225173,31.0,0.536017660891683,2.273356401384083,5.0
5,Processed,Drowsy,60,53,34,3433404977009177155,0.42651438002021175,0.8689780540543102,0.5496472620818736,2.8675513269904855,1.0949691642645092,30.0,0.5886883908432116,2.3519317419231136,7.0
5,Processed,Drowsy,60,53,35,10054692481991449011,0.4996219805309993,0.8403511814972889,0.5325142774871623,2.7963709677419355,1.0134459272949692,45.0,0.5139655420645967,2.2348706176961604,4.0
5,Processed,Drowsy,60,53,36,18079884345934085168,0.4785546157526423,0.8469055144584453,0.5496952536353602,2.889505549949546,1.0952803400367825,58.0,0.5406728415798819,2.359371727748691,9.0
5,Processed,Drowsy,60,53,37,12654367907972100016,0.4051822929238135,0.8878058576761441,0.552622738398042,2.8453175191499875,1.071696970741911,53.0,0.565556462062677,2.3374987602895962,9.0
5,Processed,Drowsy,60,53,38,3412899598726313993,0.45448455707463215,0.8468631319774256,0.5648605845371215,2.9011584914961794,1.0858061116753144,37.0,0.5324422901569323,2.2870542156256444,9.0
5,Processed,Drowsy,60,54,0,7960820151941787178,0.4729760472813026,0.8557095088411931,0.45687958919230215,2.6153846153846154,0.898550733255663,25.0,0.4518404760762106,2.2518536235350393,4.0
5,Processed,Drowsy,60,54,1,7691824584012590222,0.37626328296008904,0.8989469397447726,0.4630704995920718,2.5806365338325756,0.92084071489548,33.0,0.5133896434227576,2.2926489498499785,5.0
5,Processed,Drowsy,60,54,2,15560542936153722697,0.377441914292911,0.9005549084924268,0.44593751499736045,2.7177537291605733,1.0282544803179268,37.0,0.4951528530978548,2.288708961845608,5.0
5,Processed,Drowsy,60,54,3,16009643224434959947,0.47313616920558554,0.8654313388815849,0.45620770744348993,2.618732782369146,0.9237230122074168,26.0,0.5234678696549407,2.3118906316235694,7.0
5,Processed,Drowsy,60,54,4,5276768176429722741,0.3750070742641697,0.8978076636094191,0.46297451648509863,2.717464788732394,0.9896775132682538,27.0,0.5250275951432548,2.303157894736842,5.0
5,Processed,Drowsy,60,54,5,511404829221174797,0.44076917268837895,0.8776916944222057,0.47914767001007824,2.665954606141522,0.9851771300127588,29.0,0.5209723088736382,2.2468177584601055,5.0
5,Processed,Drowsy,60,54,6,11637490770331205657,0.410406060408312,0.8839134868094414,0.4565916398713826,2.609434997257268,0.9280358925818539,27.0,0.5215002159619907,2.2872026941696486,4.0
5,Processed,Drowsy,60,54,7,4667043344431399954,0.390006924247954,0.9075102580959575,0.45193645918318376,2.5294117647058822,0.8565167607397249,35.0,0.5249556078130249,2.27246286485925,5.0
5,Processed,Drowsy,60,54,8,12870824891147168884,0.4278804811601383,0.8744391154450033,0.48817008206555645,2.720513506285103,0.995766523729941,26.0,0.5268992657292316,2.292784796909262,4.0
5,Processed,Drowsy,60,54,9,5613419916191521511,0.35900089532507473,0.9150962885899239,0.4714690214522244,2.6529840669727247,0.9676235243097961,34.0,0.5368575130776984,2.292785406845665,5.0
5,Processed,Drowsy,60,54,10,17161741500188965956,0.4032875011846426,0.8969835393332519,0.4439698613044104,2.5811941964285716,0.8886440494385384,32.0,0.47969957287517395,2.283120146185473,5.0
5,Processed,Drowsy,60,54,11,10136663417294263685,0.4558857827115443,0.8784018318702975,0.4960886883908432,2.553606719367589,0.892632834959537,24.0,0.5142534913855161,2.260892499208777,5.0
5,Processed,Drowsy,60,54,12,16598181976566650354,0.46410693936160485,0.8651674275928964,0.47190094543360367,2.615159574468085,0.9359413705426516,42.0,0.4861304410423765,2.253002669039146,4.0
5,Processed,Drowsy,60,54,13,6262523153363442683,0.4247771443663658,0.8697031898940171,0.4957527475164371,2.8124149196841817,1.0713939192457158,36.0,0.4620626769688535,2.2694166175604007,4.0
5,Processed,Drowsy,60,54,14,11328689340946491082,0.4317005205320965,0.885893257753888,0.4464174305322263,2.5512890839275917,0.8862005309169383,26.0,0.4879061285213802,2.262490263714254,5.0
5,Processed,Drowsy,60,54,15,11073270222740286333,0.43112400368299875,0.8847355373573844,0.451216585880885,2.579423868312757,0.8756155723548186,38.0,0.4888419638143687,2.28821745479052,5.0
5,Processed,Drowsy,60,54,16,1776414464241123813,0.4152607813532401,0.8849813750460171,0.47415654844747324,2.6516371443907674,0.9725052875701143,28.0,0.49642462926524933,2.297135243171219,5.0
5,Processed,Drowsy,60,54,17,14288031963055159629,0.3818107804626618,0.8985472551349343,0.4472812784949849,2.6077224398433128,0.9331929125851167,27.0,0.5021596199068964,2.304989536292543,5.0
5,Processed,Drowsy,60,54,18,11979999584606333931,0.384097166993713,0.8982505601947461,0.4242453328214234,2.5504904789382574,0.8888306476450123,36.0,0.49503287421413833,2.279306154016131,5.0
5,Processed,Drowsy,60,54,19,4248326559948797104,0.4545678808602095,0.8607517536843448,0.4827470365215722,2.6332460732984293,0.9586746511462473,34.0,0.5294428180640207,2.283585179051956,4.0
5,Processed,Drowsy,60,54,20,2655854754314870548,0.49829420965183424,0.8328504415929805,0.4555838172481643,2.666573033707865,0.9673352978077231,42.0,0.46227863895954313,2.247957992998833,4.0
5,Processed,Drowsy,60,54,21,2234751039901882074,0.3785577863444728,0.8957211334135431,0.44608148965782024,2.654197601370645,0.9533418527203129,44.0,0.508758458511302,2.2973236537002926,5.0
5,Processed,Drowsy,60,54,22,9100243557677322340,0.3446407334042925,0.925174085832762,0.42981235302586746,2.601975595583963,0.9136943234791103,32.0,0.5049191342323751,2.343990197170547,5.0
5,Processed,Drowsy,60,54,23,12468369892358900643,0.47177064987011974,0.8500526935543914,0.45980707395498394,2.7211019596705484,0.9992053790505919,27.0,0.4704132072755195,2.231023102310231,5.0
5,Processed,Drowsy,60,54,24,14923416915174171774,0.40676417139290316,0.9048585127180814,0.454000095983107,2.6745829799264915,0.9379103439860282,39.0,0.5006958775255556,2.2499460858313567,5.0
5,Processed,Drowsy,60,54,25,100559779230689194,0.3663882505955207,0.910391647186159,0.4551998848202716,2.6427974366118696,0.9505838095633594,30.0,0.5301866871430628,2.3400762550307137,5.0
5,Processed,Drowsy,60,54,26,9366950613742452980,0.473723765339147,0.8598448577162776,0.47458847242885255,2.610612460401267,0.8992008220221666,35.0,0.4957767432931804,2.266703236423478,5.0
5,Processed,Drowsy,60,54,27,7784668366056305037,0.33819151983679535,0.9090931906125083,0.4591831837596583,2.6014138118542687,0.9319160755092609,27.0,0.5233478907712242,2.2931342655872147,4.0
5,Processed,Drowsy,60,54,28,857641885377158656,0.35010521940984957,0.924163061501099,0.46998128329414024,2.6296992481203008,0.9568744991624244,34.0,0.5332581465662043,2.319486483665588,5.0
5,Processed,Drowsy,60,54,29,15214337199181571974,0.4890779848253689,0.8563914859833655,0.4626385756106925,2.665192148189107,0.9662605034716102,40.0,0.5026875269952489,2.2800391815411407,5.0
5,Processed,Drowsy,60,54,30,3171473851340642289,0.3593601484878908,0.9189169399524657,0.425685079426021,2.6676691729323307,0.9628924320942489,26.0,0.49697653213034504,2.301989552072913,6.0
5,Processed,Drowsy,60,54,31,15206562531182322583,0.4154028775181436,0.8849549150487358,0.4630704995920718,2.6156139875304962,0.9405529979147434,27.0,0.5099582473484666,2.27854615632036,6.0
5,Processed,Drowsy,60,54,32,12090765091786714870,0.42055763605847796,0.8847133511333851,0.42026203388203676,2.5221774193548385,0.8643300311549188,33.0,0.47974756442866057,2.302014968336212,5.0
5,Processed,Drowsy,60,54,33,6689779323086700964,0.39194168540967983,0.900320190936212,0.45942314152709124,2.5740790535090077,0.9216830999306853,27.0,0.5211402793108413,2.2856240791412334,4.0
5,Processed,Drowsy,60,54,34,9812587417901634363,0.3440734117852863,0.9252069420191403,0.43475548303498585,2.620480185131617,0.9509448652367458,24.0,0.49952008446513413,2.3355772467182767,5.0
5,Processed,Drowsy,60,54,35,1165254371789636593,0.38580183765649434,0.9053219577769378,0.47343667514517446,2.7281526548672566,1.0322936710111021,30.0,0.5209003215434084,2.35546875,5.0
5,Processed,Drowsy,60,54,36,11517900471698136639,0.4377524025445773,0.8760592183934046,0.4638383644478572,2.8459952885747937,1.067906844455249,39.0,0.48461870710754906,2.2812605896306337,4.0
5,Processed,Drowsy,60,54,37,10518789075204665937,0.4165526917014085,0.8849735316510763,0.42741277535153815,2.545298656759074,0.8773738787461756,34.0,0.4697893170801939,2.2537124438816623,5.0
5,Processed,Drowsy,60,54,38,1506317928334925402,0.4139673506507587,0.9040066410328129,0.4397945961510774,2.5727119595732733,0.889554405848298,41.0,0.4655180688198877,2.271662763466042,4.0
5,Processed,Drowsy,120,13,0,4169652507244313835,0.26609864938578875,0.9524136672865122,0.40175665381685555,2.538394224458543,0.85169571909272,34.0,0.5117437270607789,2.3209013819095476,6.0
5,Processed,Drowsy,120,13,1,4253519050233717130,0.28771749470624547,0.950062833966371,0.39237321391472957,2.556859205776173,0.8649127355613679,35.0,0.4953313635419312,2.311252928346393,8.0
5,Processed,Drowsy,120,13,2,4388051223029351389,0.2841653041748594,0.9469367315964039,0.3944853535236952,2.54156751933373,0.8362324339200788,37.0,0.485636296484384,2.286766304347826,7.0
5,Processed,Drowsy,120,13,3,11187271548625583827,0.31035312601952453,0.9400667873248388,0.3782691996952979,2.4699675936393097,0.7919392020402242,33.0,0.4840204519747928,2.2980792941885633,7.0
5,Processed,Drowsy,120,13,4,10670808049111543788,0.2972875663840983,0.9553435247721603,0.38398236421135246,2.492620064433955,0.8108936316865432,42.0,0.5048129082892824,2.3273559303996167,7.0
5,Processed,Drowsy,120,13,5,3181217299848953166,0.2759919980787124,0.9494956500278671,0.4156067496133515,2.584625322997416,0.8988266656279635,36.0,0.5203942660603402,2.3382253798682777,5.0
5,Processed,Drowsy,120,13,6,8899991868463351628,0.2958522743603402,0.9429138816310031,0.3963781999492163,2.573087585225144,0.8682191796953554,33.0,0.506197917868932,2.342716735217136,9.0
5,Processed,Drowsy,120,13,7,17980238779797916748,0.2597687835792873,0.9646651790624229,0.3886106045566815,2.4874408983451537,0.8026957936303575,32.0,0.4907146649430992,2.2898960521355094,6.0
5,Processed,Drowsy,120,13,8,4135946019830072718,0.2617116108103632,0.9640788084128223,0.38055446550171973,2.4873264936632467,0.809170669838016,47.0,0.49694720805152237,2.3370423643715905,7.0
5,Processed,Drowsy,120,13,9,4445764781105839787,0.2825557497178245,0.952616021737207,0.3780037395258651,2.526888357379832,0.815471510447383,41.0,0.49232473857944187,2.3111014791136153,6.0
5,Processed,Drowsy,120,13,10,5995961324075148120,0.2502484288720107,0.9707325264027217,0.3687703423282011,2.5396232413957556,0.8513081553361221,35.0,0.4720285773643268,2.3073993624643854,8.0
5,Processed,Drowsy,120,13,11,2794834864433868760,0.27470510778986323,0.9535696924911314,0.4167032155305741,2.520700970467081,0.8245120461442901,38.0,0.5311280903026246,2.3888081395348837,10.0
5,Processed,Drowsy,120,13,12,7575061254060875100,0.2822704739025211,0.9486557123348105,0.4117402645368297,2.584323384526224,0.8639318173492219,44.0,0.5153736063341104,2.3339431319255697,6.0
5,Processed,Drowsy,120,13,13,16081447876128687545,0.2884641113206789,0.9487468559055667,0.39383901571985874,2.5306288935034114,0.8423892495437666,37.0,0.5138789501627387,2.335107777836052,6.0
5,Processed,Drowsy,120,13,14,5053702631541857463,0.2594844182314905,0.9620468633784358,0.4105052976616422,2.5993568661843165,0.8887804244718661,34.0,0.48624223817548073,2.2763819095477387,5.0
5,Processed,Drowsy,120,13,15,13239971669088741948,0.23966801331139148,0.9700759001986188,0.3900071558828282,2.4809838472834067,0.7995323195515893,43.0,0.49409062579349505,2.3183233597790474,6.0
5,Processed,Drowsy,120,13,16,2870932821217016446,0.31077109784393087,0.9403750198172303,0.4014565684079315,2.553255523746605,0.8730110995790052,38.0,0.5042819879504167,2.3486534429930654,11.0
5,Processed,Drowsy,120,13,17,2901466037674493856,0.3469247744348046,0.93096228377418,0.4015142771404169,2.575553416746872,0.887172809868465,36.0,0.4890180282080284,2.311799208839176,7.0
5,Processed,Drowsy,120,13,18,3712713952057615537,0.3036431983021544,0.9451221716939935,0.3725791186722375,2.472692454998085,0.8004330103914127,37.0,0.45548925463401124,2.2807894584754087,7.0
5,Processed,Drowsy,120,13,19,5843333975062641835,0.2639876295450116,0.959321824015189,0.3802082131068073,2.5371226124460873,0.8537121528374311,38.0,0.49404445880750675,2.3014059517728973,7.0
5,Processed,Drowsy,120,13,20,13327944685211817758,0.2876170682220287,0.9522191968796722,0.3962974077237368,2.602789569436022,0.8953781758848562,36.0,0.496173911036218,2.3479982522256813,5.0
5,Processed,Drowsy,120,13,21,18082000882154218585,0.3150385138722926,0.9305959408843153,0.4353893031093465,2.622566740823137,0.9229807241361516,41.0,0.5224313843170748,2.31449097509843,5.0
5,Processed,Drowsy,120,13,22,6188806959683651711,0.2977002918294643,0.9461250322359565,0.39244246439371205,2.5001470588235293,0.8172975001011079,31.0,0.4987015535190785,2.3047606347513003,5.0
5,Processed,Drowsy,120,13,23,6689992176329905671,0.24772545324869125,0.9623223758081468,0.36920892869509014,2.5495337530883875,0.8431781052609082,40.0,0.49179381824057616,2.331345406795426,6.0
5,Processed,Drowsy,120,13,24,9221240607392071302,0.2608668157240689,0.9634887737107507,0.4000715588282819,2.524066118109663,0.8385840319310947,39.0,0.5207347475820041,2.3229501866392073,7.0
5,Processed,Drowsy,120,13,25,17554627424209474389,0.28370768486733083,0.9555944175041328,0.36847025691927704,2.4919990633049722,0.7989395383152436,29.0,0.4713822395604903,2.306126482213439,5.0
5,Processed,Drowsy,120,13,26,15181489691233462552,0.3237631340704967,0.9333537932005684,0.38124697029154453,2.491476844169558,0.8077723017269371,33.0,0.5028912074975185,2.306773962993356,9.0
5,Processed,Drowsy,120,13,27,8818038588682069695,0.31663139755311626,0.9374074172971734,0.3918422935758639,2.533582089552239,0.81164186743351,36.0,0.5056150596708294,2.305354558610709,6.0
5,Processed,Drowsy,120,13,28,16186337403629775027,0.26798709992259606,0.9525021213950736,0.37777290459592344,2.549937675288252,0.8539541326191553,34.0,0.4433704208120773,2.2768870580564857,7.0
5,Processed,Drowsy,120,13,29,6379355474716709048,0.2798986856760128,0.9503918513638526,0.3714826527550149,2.5131568673381746,0.8255297481155225,39.0,0.4716880958426629,2.2929922010884813,8.0
5,Processed,Drowsy,120,13,30,6577141748839302724,0.2719695347062823,0.9582855397943264,0.3729946215461324,2.520826833073323,0.8458233217338257,38.0,0.48288358994483044,2.323365264473136,7.0
5,Processed,Drowsy,120,13,31,2026026014587390341,0.3172534570087091,0.9344468264569845,0.40389187691881534,2.5681784823132245,0.8649794509452342,39.0,0.4693855174164955,2.266980685080409,5.0
5,Processed,Drowsy,120,13,32,2827097903095201302,0.30342970135927827,0.9429075549231583,0.38543662426998454,2.547097856761498,0.8368984658312099,56.0,0.4810253687588006,2.2641929700657357,5.0
5,Processed,Drowsy,120,13,33,6676407776453405912,0.32754866553304623,0.9258864208683557,0.3979363357263221,2.551091379948206,0.8430143565166383,34.0,0.4909628124927864,2.2858831748078887,6.0
5,Processed,Drowsy,120,13,34,15761091691912385927,0.29797661818870114,0.9481805260231643,0.380739133445673,2.487970435176107,0.8081648504234519,36.0,0.48322984233974287,2.3039841514417785,5.0
5,Processed,Drowsy,120,13,35,17728254560261849784,0.29791661086616467,0.9409208855258773,0.38391311373236997,2.5677782924193298,0.8712392100391666,39.0,0.46681170794764665,2.2891951550826355,5.0
5,Processed,Drowsy,120,13,36,12930417938676522961,0.2974055436116671,0.9463756954672164,0.34940329170610096,2.454832954914045,0.7878462734401763,26.0,0.4389730153966898,2.2832657961879033,6.0
5,Processed,Drowsy,120,13,37,13668365790846525431,0.25951598130205883,0.9657407273897647,0.3887491055146465,2.520919092882269,0.8218396900516634,48.0,0.5091352923524388,2.326915468811816,7.0
5,Processed,Drowsy,120,13,38,9447827222860623689,0.28815878386145,0.9499628818770591,0.3961589067657718,2.5716640443545367,0.8811584484783436,37.0,0.49493894416103046,2.3177850444558548,6.0
5,Processed,Drowsy,120,14,0,17800743630198365897,0.466836294502652,0.8304089304497176,0.520059555411925,2.8202415972961132,1.0222260006798396,39.0,0.4210429122134761,2.1500559910414334,4.0
5,Processed,Drowsy,120,14,1,7277954231205133477,0.4887433892788739,0.8296726389124424,0.4701992105445396,2.7515196541942455,0.9825582275078389,54.0,0.4063098728099536,2.1609170707752745,4.0
5,Processed,Drowsy,120,14,2,2312879304650351959,0.46988175573914265,0.829407518134629,0.5091641467186815,2.8529392743969475,1.0648938107177055,60.0,0.3910055169548256,2.1385285484329137,4.0
5,Processed,Drowsy,120,14,3,10847175409991906398,0.5506616584362498,0.8034452514973014,0.5009810484522518,2.7552367652659644,0.9687361032875264,62.0,0.4013065257034695,2.148550948526231,4.0
5,Processed,Drowsy,120,14,4,2299825340087765334,0.4983910716127965,0.8213822874057355,0.526707601394243,2.8536143071535767,1.0563272915364728,60.0,0.39632626208997945,2.1478342455043,4.0
5,Processed,Drowsy,120,14,5,6238527632657387629,0.5312426962007086,0.8128333813131791,0.47269222778790887,2.7422162705055237,0.9796676154890788,46.0,0.40145079753468293,2.142175278684486,4.0
5,Processed,Drowsy,120,14,6,1468188018767842444,0.4525651370076549,0.840705567242749,0.513861637542993,2.7864563775190887,1.0004992083631192,42.0,0.41492578657002377,2.1651409298964106,4.0
5,Processed,Drowsy,120,14,7,16477943852788910442,0.4919677640908888,0.8239609026416499,0.4915168163246462,2.8296345514950167,1.0488259506521826,54.0,0.37179427991043607,2.152843681079997,4.0
5,Processed,Drowsy,120,14,8,869759781919652992,0.49229520749181,0.8366842330172726,0.4920477366635119,2.7793206858334965,0.9965045722742555,41.0,0.41797280764525285,2.177041690462593,5.0
5,Processed,Drowsy,120,14,9,13888724751258184756,0.5332200144924311,0.8083943591820151,0.4870617021767734,2.795627691288506,1.0160453765799762,42.0,0.4176842639828259,2.176062054658609,4.0
5,Processed,Drowsy,120,14,10,17064008464411961586,0.496568233618151,0.8317172800590383,0.5091179797326931,2.814457985069865,1.0277263871053046,41.0,0.4225837353708363,2.181712549159814,4.0
5,Processed,Drowsy,120,14,11,8655987107223879196,0.467439031534468,0.843016198817095,0.5040857782599663,2.8162883672942995,1.0312681545803692,58.0,0.4248343759377669,2.162534516185888,4.0
5,Processed,Drowsy,120,14,12,7294393524116952663,0.5287629496399513,0.8174156175147602,0.48906996606726527,2.7368081121229735,0.9961170315472396,41.0,0.40243761686018326,2.1376984856845076,4.0
5,Processed,Drowsy,120,14,13,7956250286700525172,0.488373138906536,0.8320687446071765,0.4864615313589252,2.771436086270384,0.9884607370694425,58.0,0.41834214353315946,2.1652329749103942,4.0
5,Processed,Drowsy,120,14,14,300867804660435916,0.49283471947542856,0.8245660348414794,0.5004847533528773,2.8547070441079656,1.0373486935369578,44.0,0.40244915860668035,2.1644992085415438,4.0
5,Processed,Drowsy,120,14,15,3206889774003158837,0.4666740445155113,0.8452648897392967,0.51154174649708,2.9206589785831962,1.0831610074506148,55.0,0.41877495902679995,2.1683798482041476,5.0
5,Processed,Drowsy,120,14,16,14772599973438818438,0.4442372056503473,0.8461101132567439,0.4943330024699337,2.7867785802589626,1.0010796707052976,46.0,0.38384963412663603,2.1487643353254726,4.0
5,Processed,Drowsy,120,14,17,4184926938453665297,0.6212534330374092,0.7529977313323984,0.4974723575171395,2.8114278259735177,1.0046164755638862,47.0,0.3958876757230904,2.1485483416329982,5.0
5,Processed,Drowsy,120,14,18,9939395704329483786,0.509667933888369,0.825334035507674,0.5115648299900741,2.813087077938563,1.0301527603208636,49.0,0.4279795018582212,2.1497478114673316,4.0
5,Processed,Drowsy,120,14,19,4930606929377173512,0.4972847319058195,0.8343952176941867,0.48887375637681496,2.783897469602366,0.9993405489143944,52.0,0.40660418734562914,2.1585074443967893,4.0
5,Processed,Drowsy,120,14,20,5645022977732017405,0.5302555810403541,0.8135929421666734,0.5007617552688073,2.7415013269303676,0.9862332433087257,42.0,0.4198079453382886,2.155884183386184,4.0
5,Processed,Drowsy,120,14,21,7869824696515423572,0.5373467394065798,0.8122430532373692,0.5008540892407839,2.7564631899892014,0.9910838355582757,41.0,0.442245100528612,2.1893551981258748,4.0
5,Processed,Drowsy,120,14,22,7034795921903889382,0.5297071400220129,0.8159840976650021,0.4944253364419104,2.783314924306413,1.0093450196848628,52.0,0.4270734747582004,2.168199929684753,4.0
5,Processed,Drowsy,120,14,23,234791391615470413,0.47496788748632846,0.8333233598405079,0.5206712679762702,2.8515802781289508,1.0459126104649745,41.0,0.41579141755730475,2.14179548156956,5.0
5,Processed,Drowsy,120,14,24,3389138142229046328,0.5729455150208208,0.7842144781749133,0.48932388449020103,2.7689896153092546,0.9988775213803411,56.0,0.38384963412663603,2.1315494311809005,4.0
5,Processed,Drowsy,120,14,25,14992964303808280945,0.5282527067482007,0.815079148059672,0.4942522102444542,2.739444728761515,0.983673553760453,40.0,0.41804205812423534,2.1475157120834814,4.0
5,Processed,Drowsy,120,14,26,11164301395460192532,0.49826588376071584,0.8263070964878925,0.508079222547956,2.8415311128324294,1.0300348137491513,46.0,0.39637242907596776,2.1561087393269713,4.0
5,Processed,Drowsy,120,14,27,5386638909016669406,0.5409140770421264,0.8055353604191432,0.4853188984557143,2.7329390354868064,0.9667203114078116,39.0,0.39573186214537986,2.1483755756759297,4.0
5,Processed,Drowsy,120,14,28,12616765651095243292,0.4827506381656898,0.8311248325388545,0.5119572493709749,2.8392114190616398,1.0357052372597773,41.0,0.4119018489877888,2.1646801928850876,4.0
5,Processed,Drowsy,120,14,29,14126859136637949984,0.4805861133628795,0.8338914449272986,0.5178435400844856,2.779691468930054,1.010250955144834,47.0,0.44571339535098453,2.163990922081197,4.0
5,Processed,Drowsy,120,14,30,2430728018006253474,0.5200096327652955,0.8182247794389794,0.4924747812839039,2.7633572955119488,1.0093001696774626,55.0,0.3824992497864777,2.14362871927555,4.0
5,Processed,Drowsy,120,14,31,4220313963652991067,0.5448412519418665,0.8008650684572785,0.5076406361810669,2.7664004025410405,1.0137611831183895,49.0,0.3807102790794303,2.124943632029891,4.0
5,Processed,Drowsy,120,14,32,8306431417662959837,0.5321437432899337,0.8090649256853354,0.48191408323907575,2.7190674654858036,0.958389928246415,48.0,0.40559428452713464,2.146963587487781,4.0
5,Processed,Drowsy,120,14,33,3189366755821064592,0.5278895393621399,0.8157053360392504,0.5121419173149281,2.7392431631582195,0.9687725037707413,45.0,0.44485353523695204,2.177386097223399,4.0
5,Processed,Drowsy,120,14,34,4245195044323789392,0.5320734016939342,0.8107696260418856,0.5117956649200157,2.820442691769495,1.0381016019575815,40.0,0.4133965051591607,2.158916247249932,4.0
5,Processed,Drowsy,120,14,35,8981196346479039401,0.5158698956743807,0.8167681952568113,0.5030123958357379,2.811741935483871,1.0282745679823022,51.0,0.3993963666582027,2.1383902363664453,4.0
5,Processed,Drowsy,120,14,36,9044578128450886455,0.5411632020964685,0.8077575964668319,0.4661942245100529,2.7464472700074793,0.9879619409182409,41.0,0.39161722951917083,2.1512442542399746,4.0
5,Processed,Drowsy,120,14,37,3578732364534935161,0.5066550133679328,0.8268413051973036,0.4825719627894093,2.8051660516605166,1.0354103074886107,60.0,0.39876734147411186,2.1746656176239183,4.0
5,Processed,Drowsy,120,14,38,12221674939722362951,0.5340077114637016,0.8094276943983347,0.5246531705177627,2.915779345734445,1.0701037948499854,61.0,0.39691489116133055,2.1545280832002005,4.0
5,Processed,Drowsy,120,15,0,774867958422330462,0.6330418998919936,0.7481267033696457,0.4908935620138039,2.6961648177496036,0.9360329402737568,43.0,0.3159322268645691,2.085879753105235,4.0
5,Processed,Drowsy,120,15,1,5034094710002159937,0.600735836687993,0.7727283409293446,0.4971953556012096,2.62991452991453,0.9088292771020974,43.0,0.35670344636550405,2.0849693044592863,4.0
5,Processed,Drowsy,120,15,2,15179908381528300854,0.5528447250122088,0.7928327862461435,0.5098335680155122,2.7820254440105807,0.9812953193996746,47.0,0.3244615775259112,2.066526996728783,4.0
5,Processed,Drowsy,120,15,3,14772557832356904092,0.62941136512743,0.749235522069071,0.5322245562198472,2.8818823823511033,1.0628463813780629,56.0,0.3239941367927795,2.0655997056659308,4.0
5,Processed,Drowsy,120,15,4,189146645619479470,0.5810355049800052,0.7806232708289086,0.4956141363311096,2.7629005276026253,0.9705334846894493,51.0,0.3263544239514323,2.0750743037463764,4.0
5,Processed,Drowsy,120,15,5,7975965915484596651,0.5809333629279991,0.7799585109022973,0.5357563306479537,2.925137059676098,1.0675361393167366,53.0,0.35200018466794397,2.0685725913114252,4.0
5,Processed,Drowsy,120,15,6,14613263539461970141,0.5358393188730638,0.8080410668547429,0.5106991990027931,2.828432625926873,1.039732186881951,53.0,0.33642459777013456,2.078250329756515,4.0
5,Processed,Drowsy,120,15,7,3551691325777884719,0.5212125391046863,0.8105494441993999,0.4928094919323192,2.7115006032895153,0.9629078530913018,39.0,0.363703515615983,2.09933046867193,4.0
5,Processed,Drowsy,120,15,8,17068498609962191936,0.4957846263461358,0.828052783813948,0.5215946076960366,2.8331766033477526,1.0275814018122005,49.0,0.3830243992520948,2.1102632582983594,4.0
5,Processed,Drowsy,120,15,9,6790136776503361953,0.5355667000975362,0.806286971574306,0.5020544308764803,2.799884140061792,1.006592239108318,51.0,0.3486299946907966,2.09968024468233,4.0
5,Processed,Drowsy,120,15,10,5940572361982114900,0.5938295845046873,0.7742930687889978,0.5271577295076291,2.9043622027216074,1.0451495430827111,50.0,0.3424724729346045,2.0860135681394776,4.0
5,Processed,Drowsy,120,15,11,5044140588295216970,0.6391924027247792,0.7404699523655706,0.5180166662819418,2.8527299307188714,1.0532781411677936,73.0,0.31432792410147503,2.0667830310389315,4.0
5,Processed,Drowsy,120,15,12,2942324729410606898,0.466380966533737,0.8364905154965563,0.526569100436278,2.8824235531968663,1.0770557250664612,61.0,0.36881073844094087,2.1205454907425842,4.0
5,Processed,Drowsy,120,15,13,6562879895009316330,0.5295959958678592,0.8044047328361119,0.4985688234343621,2.7494748902043153,0.971374678758197,55.0,0.3286396897578542,2.06948179373501,4.0
5,Processed,Drowsy,120,15,14,11421898512730015418,0.5463981789584131,0.7941844356576598,0.5022621823134277,2.7594800253646166,0.9745205293870008,56.0,0.33703631033447984,2.071983538510661,4.0
5,Processed,Drowsy,120,15,15,1890923560528529393,0.5716914068052446,0.783608132549737,0.5222755707393643,2.9439203695270315,1.0873633731832748,51.0,0.3407181274670483,2.0861807003286104,4.0
5,Processed,Drowsy,120,15,16,9902735750170188363,0.5574644649204424,0.7924395903813384,0.4956833868100921,2.8794502179014416,1.0393615490822867,57.0,0.33855982087209435,2.0843073862223327,4.0
5,Processed,Drowsy,120,15,17,4364884401432733739,0.5495979644971711,0.7992332988687856,0.520936728145703,2.7994169819512496,1.0062828780077469,47.0,0.3491493732831652,2.088796823752805,6.0
5,Processed,Drowsy,120,15,18,2762065532286119209,0.5695260271229378,0.7812784878684534,0.5158929849264791,2.811194968553459,1.011253853983321,45.0,0.3272604510514531,2.0737585021575367,4.0
5,Processed,Drowsy,120,15,19,1193676503518264086,0.5855762254005464,0.7757589381219538,0.5323168901918238,2.8795030280327154,1.0366810509321676,56.0,0.3579557258604372,2.080708463318909,4.0
5,Processed,Drowsy,120,15,20,16117029828486617603,0.5247363221394418,0.8125023689268976,0.4853881489346968,2.7486928104575163,0.9893334716921759,52.0,0.3692493248078299,2.0975249959023112,4.0
5,Processed,Drowsy,120,15,21,14167234539251373984,0.5409974571675358,0.8066677433507441,0.5195055515800651,2.6985011990407672,0.9554961478291213,66.0,0.338790655802036,2.0781974583171086,4.0
5,Processed,Drowsy,120,15,22,15916021864907687985,0.4880731617494674,0.8304222472240874,0.4917130260150966,2.781419337990468,0.9835502962840212,37.0,0.37023037326008174,2.0966371450047387,4.0
5,Processed,Drowsy,120,15,23,5710056046340585862,0.527852628505368,0.8141348553218134,0.4941252510329863,2.7576167471819644,0.9958419176799618,63.0,0.3627744050229681,2.116171817141318,4.0
5,Processed,Drowsy,120,15,24,5693139645897470636,0.5181863162316896,0.819445567326749,0.5531497426190531,2.966268490437581,1.1201937309010175,54.0,0.3511807206666513,2.0843266200849433,4.0
5,Processed,Drowsy,120,15,25,7479510241629314633,0.5356462927043034,0.7965033370159862,0.5375799265944923,2.871047278555138,1.059219053489721,46.0,0.3253964589921747,2.080050169691604,4.0
5,Processed,Drowsy,120,15,26,7931188111269563804,0.5835865326399612,0.7743790294529647,0.5126035871748112,2.8319199132818977,1.0478437302539239,53.0,0.32648715403614875,2.0660628857320233,4.0
5,Processed,Drowsy,120,15,27,3439653753383879063,0.6432964185268841,0.7364736940705457,0.5280926109738926,2.7814589665653497,0.9969892249521776,40.0,0.29018259042958383,2.0418240142932556,3.0
5,Processed,Drowsy,120,15,28,15300493221645955412,0.5847358497690617,0.7686928183928817,0.5069135061517509,2.822622107969152,1.0345504022004093,60.0,0.3364707647561229,2.0915091293898196,4.0
5,Processed,Drowsy,120,15,29,1572815374903006764,0.5260737439785642,0.8152566687543152,0.5036356501465802,2.83497920997921,1.009496131506414,39.0,0.3579557258604372,2.0965321435814235,4.0
5,Processed,Drowsy,120,15,30,5860540983598869373,0.4484478748105073,0.8490541726353542,0.5208328524272293,2.925889904687804,1.0787831468123994,47.0,0.3836014865769488,2.1012834292217235,4.0
5,Processed,Drowsy,120,15,31,10533919784645018714,0.5873504662550941,0.7806716697202671,0.5055862053045866,2.7381547693461683,0.9623171984129643,55.0,0.3504766741303294,2.0857918054744653,4.0
5,Processed,Drowsy,120,15,32,578597982874565938,0.5456510885876008,0.7929548319359712,0.5124073774843609,2.8026008459061926,1.0087096727358102,56.0,0.37023037326008174,2.0930801605167857,4.0
5,Processed,Drowsy,120,15,33,4990216427677545946,0.5162586864980503,0.8138763633347782,0.5251956326031255,2.857752936004522,1.0447754435722176,52.0,0.3733928118002816,2.08820396966274,4.0
5,Processed,Drowsy,120,15,34,12001588367939447146,0.6158686818078485,0.7607159918346325,0.5397728584289375,2.843843113408331,1.0342758056753756,53.0,0.32150111954941024,2.0740478761029,4.0
5,Processed,Drowsy,120,15,35,3388811580276252474,0.5703768653292699,0.7809265759560007,0.5434200503220147,2.840603318250377,1.002836960325838,51.0,0.3405276886498465,2.0663234933641488,4.0
5,Processed,Drowsy,120,15,36,2736373920286521474,0.5410662082177962,0.8108556252150199,0.49070889406985063,2.7808228137876907,1.0113786897895334,56.0,0.3519771011749498,2.124194615679309,4.0
5,Processed,Drowsy,120,15,37,3210907704659393655,0.5523292718177114,0.7858178024388275,0.512719004639782,2.7610789980732178,0.982240677625353,56.0,0.35781722490247225,2.104827211623328,4.0
5,Processed,Drowsy,120,15,38,8843915848389635457,0.5973992594355444,0.7755975926295923,0.5265575586897809,2.809928553830993,1.0365845408881094,60.0,0.3207682186468456,2.0735656196373946,4.0
5,Processed,Drowsy,120,20,0,10039451863426182884,0.40185627100830884,0.8918015646042602,0.48409547332702385,2.7137034161490683,0.9877274688155091,40.0,0.5241280210521456,2.293278456721543,8.0
5,Processed,Drowsy,120,20,1,15446621206663085974,0.38712728870824387,0.8882523221014591,0.4937212899055885,2.7440502918724743,1.0109645664873101,55.0,0.5411001592761017,2.3418167286895275,9.0
5,Processed,Drowsy,120,20,2,14122164930982171709,0.4081205916904481,0.8872041385029009,0.48979709609658134,2.838405457828908,1.0789656005515222,53.0,0.5189284642552111,2.306342814640027,9.0
5,Processed,Drowsy,120,20,3,4694298921045427442,0.40872801918536106,0.879072837728915,0.4556912351977101,2.702580600999384,0.9598685115093162,52.0,0.5380646799473696,2.3214899285411947,8.0
5,Processed,Drowsy,120,20,4,15865096365721086823,0.42377628025117914,0.8720250037798772,0.4802982387294846,2.777599786410359,1.0277478836516198,51.0,0.5039876734147412,2.2756599004612137,5.0
5,Processed,Drowsy,120,20,5,3246770698404262262,0.36700269778898753,0.9032964205512791,0.4976454837145957,2.8618744192220893,1.0683742398659533,54.0,0.5407885321206805,2.3116581972470276,7.0
5,Processed,Drowsy,120,20,6,2213314140908998806,0.3653134051912236,0.9054967413279869,0.47015304355855125,2.697682119205298,0.9613934904555606,40.0,0.5359063733524156,2.330689689790182,9.0
5,Processed,Drowsy,120,20,7,7256228659467077951,0.39180459307571636,0.8772284655165303,0.4852496479767318,2.713326879638593,0.9664478950352979,43.0,0.5410539922901133,2.302342714012082,9.0
5,Processed,Drowsy,120,20,8,10148838599289121020,0.3507156379307317,0.9065077648062254,0.46650585166547404,2.705965053223539,0.978810982195841,42.0,0.5221486115278964,2.310875006385044,10.0
5,Processed,Drowsy,120,20,9,14191370035162818367,0.38949360879626094,0.8897675186878045,0.46445142078899376,2.6584527977802734,0.950487237757616,38.0,0.516960596477459,2.3209918126230695,6.0
5,Processed,Drowsy,120,20,10,12163332531364616721,0.39941683947796686,0.889071207711894,0.4683986980909951,2.753069669628926,1.022922247720289,43.0,0.5116340804690566,2.3081408971388404,7.0
5,Processed,Drowsy,120,20,11,17011580181361523911,0.3884426906183323,0.8949330076637558,0.4844994344544216,2.7365058670143414,0.9948476339013059,44.0,0.5422716465455553,2.3420901772139278,9.0
5,Processed,Drowsy,120,20,12,13718853751413857515,0.3391519630576741,0.9195659504987646,0.4888391311373237,2.7771293685659955,1.0379723627371804,47.0,0.5553138200872556,2.37339680347277,9.0
5,Processed,Drowsy,120,20,13,17448848061811815018,0.3895500193542942,0.8993560183689804,0.4874079545716858,2.7773758632028938,1.040054012584791,41.0,0.5348503035479328,2.3452263468205166,8.0
5,Processed,Drowsy,120,20,14,9664086276719685209,0.43507104763768256,0.8638167138221696,0.49757623323561323,2.8512566137566138,1.0818263495473346,43.0,0.5121938551741649,2.2975666580377943,8.0
5,Processed,Drowsy,120,20,15,7787684855022797166,0.4376879649417905,0.857168293080936,0.4796749844186422,2.8457956724185154,1.0656681977423197,72.0,0.49671060224833224,2.2792680666260625,5.0
5,Processed,Drowsy,120,20,16,8076700950866570205,0.3907588040401729,0.8823471871013838,0.48650769834491353,2.717555283347302,0.9779980197920002,50.0,0.5082465778721637,2.2652588801152294,4.0
5,Processed,Drowsy,120,20,17,12420772891717205566,0.35590044381804253,0.902116441022542,0.46432446157752594,2.7361762905529483,0.9938109028960117,50.0,0.5174107245908451,2.318207674009722,6.0
5,Processed,Drowsy,120,20,18,8295578076336711377,0.43667704888739034,0.8759435071246346,0.4752775790032548,2.7502170573699325,1.0090520195795798,57.0,0.5209828951316914,2.3414166039888995,8.0
5,Processed,Drowsy,120,20,19,17007257013882695725,0.43250052016880314,0.865170834861336,0.4781283903880335,2.791697553743514,1.056739434166428,40.0,0.5005193785923686,2.292011310483338,6.0
5,Processed,Drowsy,120,20,20,10686215222293081753,0.4382345236349344,0.8792982056471534,0.4766625885829044,2.823863247863248,1.0759992371947926,44.0,0.5122977308926386,2.3174698480655773,8.0
5,Processed,Drowsy,120,20,21,11990578432199608771,0.37312968835473975,0.8905611649001501,0.5116340804690566,2.875892046191774,1.0870627758971054,44.0,0.558482029500704,2.3561950673191636,7.0
5,Processed,Drowsy,120,20,22,15492706631248663053,0.39264142769647603,0.8773320123463222,0.48064449112439694,2.875569672697141,1.1029690937919265,40.0,0.5184263982825881,2.335560524126456,7.0
5,Processed,Drowsy,120,20,23,11364824853134505226,0.47558524218861287,0.8493467899001848,0.5074559682371136,2.8546292689261135,1.086933165896675,40.0,0.5011599455229565,2.2917953183965376,7.0
5,Processed,Drowsy,120,20,24,5060589561397406680,0.42415613200925883,0.8739048560282009,0.47453890722744163,2.7230280151003377,1.010824945314548,45.0,0.5341116317721197,2.3231174698795183,7.0
5,Processed,Drowsy,120,20,25,270883671737279712,0.34878929354479393,0.901749118902154,0.48392234712956766,2.789249600851517,1.0286413353614199,60.0,0.5387110177512061,2.322659301833744,6.0
5,Processed,Drowsy,120,20,26,13343313645425565412,0.3935109819703182,0.885539699313656,0.48207566769003485,2.7571456861839065,1.017187128845223,39.0,0.5199325962004571,2.3010675793022424,9.0
5,Processed,Drowsy,120,20,27,2341266430000488491,0.35502671824359916,0.9040860275004577,0.49463308787885785,2.7805099591254137,1.0302607414442833,58.0,0.5610962350822927,2.3790985612214937,7.0
5,Processed,Drowsy,120,20,28,7611064503526485298,0.39127671593781654,0.8842103652665888,0.5050322014727269,2.884823312236287,1.0986587420790417,52.0,0.5551291521433023,2.3642686853294665,6.0
5,Processed,Drowsy,120,20,29,9876349041898965521,0.43410577971353753,0.8619133314379342,0.47976731839061887,2.723627309657974,0.9948455927275259,40.0,0.5178204565914915,2.3018906646827944,5.0
5,Processed,Drowsy,120,20,30,600858701587753418,0.43978527225975506,0.8791143023788635,0.46952978924770894,2.7468602295746116,1.0099211759982,47.0,0.5094526903811085,2.2981803035430715,8.0
5,Processed,Drowsy,120,20,31,576338106352111450,0.36007987686662557,0.9058139880577443,0.48410701507352094,2.759110643336403,1.0120325345561894,51.0,0.5342616744765818,2.346921185387989,7.0
5,Processed,Drowsy,120,20,32,16041354112275264780,0.38965948525957816,0.8955944968185805,0.48969322037810764,2.7124408643395985,0.9747383557322336,53.0,0.5283407585235798,2.3195591588548266,10.0
5,Processed,Drowsy,120,20,33,1322093227793455053,0.37100226692217514,0.9012902456268606,0.4541446411671014,2.7078659417796436,0.9902228289580707,52.0,0.4906742688303594,2.3055397380623117,5.0
5,Processed,Drowsy,120,20,34,8334734688433526942,0.387614803409074,0.8851929925741587,0.46942591352923524,2.713094523380695,0.9985435918718553,38.0,0.5164643013780845,2.310442752033045,5.0
5,Processed,Drowsy,120,20,35,2761981539260048222,0.3733293905956383,0.9029181625064856,0.4485353523695206,2.7038196618659986,0.9937628478870157,41.0,0.5120611250894486,2.3318616629874906,9.0
5,Processed,Drowsy,120,20,36,2804038130795066840,0.3794996915416036,0.8901975308296834,0.46988758338911846,2.7685821149268954,1.0197481254618572,48.0,0.5193324253826089,2.3102713526557648,6.0
5,Processed,Drowsy,120,20,37,17016994744612506320,0.4283454145713995,0.8646706304769434,0.494944715034279,2.8346774193548385,1.0684718996775473,59.0,0.5227487823457445,2.3047604508561688,7.0
5,Processed,Drowsy,120,20,38,17241535259450986923,0.3791500711999223,0.8984487153614149,0.5093026476766465,2.817096527068437,1.0600491118702966,41.0,0.5568084762586275,2.3444538938160613,9.0
5,Processed,Drowsy,120,21,0,3060779858400931584,0.6258753341018153,0.7450823322871185,0.577098866600494,3.004326143123235,1.0588182976709684,112.0,0.42706770388495185,2.122708889080114,4.0
5,Processed,Drowsy,120,21,1,13658149662832376717,0.668841184050441,0.7078743253145962,0.5076637196740611,2.6953244684110547,0.892145051611384,62.0,0.3261409016412363,2.044459718554426,4.0
5,Processed,Drowsy,120,21,2,1453945024294713233,0.613892470763689,0.7432103031946258,0.5599016643198449,2.8306103395962188,0.965625902698157,60.0,0.33985249647976734,2.056752697935948,3.0
5,Processed,Drowsy,120,21,3,5938869768508896034,0.6129300386481527,0.7563467379792054,0.5246762540107569,2.720792434761791,0.9130097709913156,53.0,0.36507698344913553,2.0620619968056326,4.0
5,Processed,Drowsy,120,21,4,3828494045435929604,0.5680946794337504,0.7841145221695057,0.5342328201103391,2.960283960092095,1.049537961624167,73.0,0.39470464670713973,2.0955940927752925,4.0
5,Processed,Drowsy,120,21,5,1266681679668358530,0.5466852274236285,0.778112490099173,0.5523418203642575,2.7597024393056917,0.9237819852216196,48.0,0.45045705316128437,2.118063658318183,4.0
5,Processed,Drowsy,120,21,6,929848838940870331,0.6352157061424367,0.7338840371824769,0.5240876249394059,2.7654080389768576,0.9641358327552573,59.0,0.34590614251748575,2.05604912015916,4.0
5,Processed,Drowsy,120,21,7,5940290100613397249,0.6087276427218037,0.7578086263512767,0.5149927286997068,2.7347389065947536,0.9430564496179115,63.0,0.35943306941206343,2.0855181650761763,4.0
5,Processed,Drowsy,120,21,8,4057576424173818810,0.6192909139241112,0.7444282698854758,0.5068327139262713,2.6517512077294687,0.8743363412487724,51.0,0.35826158214260984,2.077746912547274,4.0
5,Processed,Drowsy,120,21,9,13543781487378963904,0.611106340975829,0.7387212709508192,0.5211906465686388,2.7318209316394433,0.9333661709758773,54.0,0.3458542046582489,2.06281623240285,3.0
5,Processed,Drowsy,120,21,10,14804982824043814421,0.6256242447152696,0.7420670438572209,0.49472542185083446,2.6818494650566227,0.8857843976427183,50.0,0.3539507398259505,2.05950102414291,4.0
5,Processed,Drowsy,120,21,11,12808348788655586978,0.660970931078155,0.7037038542275981,0.49534867616167677,2.7266836086404065,0.9057267072426726,62.0,0.34962835576279405,2.0736215217168086,5.0
5,Processed,Drowsy,120,21,12,9090508198592210307,0.618392042874325,0.7357433663597361,0.5737517601163408,2.8198423052924158,0.9477161354228015,87.0,0.45978278433092495,2.1119416832339297,4.0
5,Processed,Drowsy,120,21,13,18200092390020473014,0.6036242464759589,0.7613338236979045,0.5190207982271877,2.867555158780768,0.9907918534063025,45.0,0.3740160661111239,2.071896678494933,4.0
5,Processed,Drowsy,120,21,14,10697610391394205395,0.6463684079232856,0.7219296021275127,0.4901087232520025,2.6403034259777405,0.8631852066042353,48.0,0.3143798619607119,2.04163699733913,4.0
5,Processed,Drowsy,120,21,15,15971085849694037785,0.7030930375279957,0.6796341613979859,0.539703607949955,2.8714154129567087,0.9709592166413199,64.0,0.32386140670806307,2.054624002343121,4.0
5,Processed,Drowsy,120,21,16,6268971679320591636,0.6623316373974615,0.7235534574167359,0.514877311234736,2.6852464937097453,0.9058200862433097,51.0,0.3636631195032432,2.0743605780308765,4.0
5,Processed,Drowsy,120,21,17,357888318055128703,0.5748789394301673,0.774117311408395,0.5260497218439094,2.703321470937129,0.9220153124098663,65.0,0.3501246508621685,2.066521339282673,4.0
5,Processed,Drowsy,120,21,18,13768564755752140843,0.6219167370701499,0.73834388234433,0.489173841785739,2.655077366409823,0.9011417352601655,40.0,0.3293091110546848,2.0688855050395185,3.0
5,Processed,Drowsy,120,21,19,11383960191372795368,0.582799821792426,0.7701746848365665,0.5096027330855705,2.81516194848253,1.0120464232411264,53.0,0.3600043858636689,2.08144539721731,4.0
5,Processed,Drowsy,120,21,20,13275394044557059082,0.5611225781833421,0.777175480885488,0.513573093880566,2.7756846110660596,0.954618331023685,51.0,0.38608296207382103,2.092714817479433,4.0
5,Processed,Drowsy,120,21,21,7434414659118625706,0.6336956202741623,0.7389681919069649,0.5245839200387803,2.7933747157519515,0.9320327146853699,51.0,0.3732139147295769,2.0822976366797605,4.0
5,Processed,Drowsy,120,21,22,16039199434772659160,0.6465807235366404,0.7358536890227705,0.509671983564553,2.717644162717706,0.9253420534481396,48.0,0.355837815378223,2.0745912118969114,4.0
5,Processed,Drowsy,120,21,23,1844617910938270658,0.5791471133472414,0.7704722314970626,0.5383993905957849,2.815887963298322,0.9865914814467258,68.0,0.34985919069273563,2.0677717521061427,4.0
5,Processed,Drowsy,120,21,24,17366872250305493619,0.6665418643970074,0.7142902814973058,0.4936289559336119,2.7036475124849866,0.9315560076649925,49.0,0.3020244223355878,2.0520702634880803,4.0
5,Processed,Drowsy,120,21,25,9914827416096554062,0.6555229974770151,0.714518379852561,0.47998661157406336,2.642289853230828,0.8710838272016238,38.0,0.30331132707001224,2.0530859375,3.0
5,Processed,Drowsy,120,21,26,11070997390065468902,0.6292571009460219,0.7385293667785421,0.5017774289605503,2.7654093251065452,0.9418694710167907,71.0,0.346592876434062,2.0914092697705193,5.0
5,Processed,Drowsy,120,21,27,6796884857309043901,0.6016363718192749,0.7636237601499923,0.5123727522448697,2.820752319227348,0.9750446532583272,61.0,0.34967452274878236,2.0763115512455883,4.0
5,Processed,Drowsy,120,21,28,3401504196374809942,0.5782705708933283,0.7684587323213421,0.5252187160961197,2.78750382848392,0.9923402342923943,63.0,0.3961300523995291,2.0944346128028317,4.0
5,Processed,Drowsy,120,21,29,17141852929957726790,0.5513713496554291,0.7838828175306465,0.5214907319775628,2.755733105635521,0.9562016363610993,40.0,0.3706920431199649,2.0957585644371943,4.0
5,Processed,Drowsy,120,21,30,17343623008939812938,0.5562415884842511,0.7758087612343327,0.5291429099051268,2.7124600638977636,0.9264882144565239,75.0,0.39320421966251934,2.0884597701149423,4.0
5,Processed,Drowsy,120,21,31,10276716013680783500,0.6118532384556122,0.7499708783430344,0.49105514646476306,2.7682998243216863,0.9464527737577222,42.0,0.34180882251102235,2.0943389554824794,4.0
5,Processed,Drowsy,120,21,32,14716747722599041302,0.5903602071930201,0.7608937277203496,0.4957410955425775,2.699176773707032,0.9244440056714442,45.0,0.3148415318205951,2.0689825173499186,4.0
5,Processed,Drowsy,120,21,33,11767211572023138557,0.5644876460932355,0.7729852792440705,0.5346021559982457,2.779251170046802,0.9752737118354531,58.0,0.3483414510283696,2.05985530985531,4.0
5,Processed,Drowsy,120,21,34,9086430357992489220,0.6522339513799018,0.7192637258875508,0.5084254749428684,2.7301518438177874,0.9280620006159268,53.0,0.28373075413771615,2.032997022825008,3.0
5,Processed,Drowsy,120,21,35,10992421328826931274,0.6433518478902226,0.7217422934518907,0.5049629509937443,2.7757264306560083,0.9761295843786053,52.0,0.3287435654763279,2.060774879716384,4.0
5,Processed,Drowsy,120,21,36,6311897166498355377,0.6291014053013965,0.7225807563045843,0.5306895039357356,2.7848101265822787,0.9342353125915358,59.0,0.3386925509568108,2.058792577261725,3.0
5,Processed,Drowsy,120,21,37,5576802965169831088,0.5929967492292058,0.7627975029254963,0.4973453983056716,2.6708193876286104,0.8833554895881551,53.0,0.3532813185291198,2.0605877006967583,4.0
5,Processed,Drowsy,120,21,38,16296631850259699203,0.6259419232637126,0.7383734184657117,0.5124304609773551,2.6705563909774437,0.8994571329208155,43.0,0.32959188384386323,2.0398957068362025,3.0
5,Processed,Drowsy,120,22,0,16885826906848017168,0.277852157850952,0.9442266616667992,0.4350892177004224,2.5874802663188965,0.8870570679816299,47.0,0.5732266106507237,2.442065150583897,9.0
5,Processed,Drowsy,120,22,1,5746684136770814600,0.29992401122860174,0.9478787598632513,0.4379861960711895,2.588187150456964,0.8710659546373586,33.0,0.5465305510029778,2.384495304277765,11.0
5,Processed,Drowsy,120,22,2,12780009400970893269,0.3653573925887668,0.9077554382049359,0.4689988689088433,2.731764705882353,0.9772839808300731,47.0,0.5529996999145911,2.3788789037287126,18.0
5,Processed,Drowsy,120,22,3,4511567801739114503,0.309833169825547,0.9390188132013867,0.454225433392581,2.6889177370866357,0.935250381736234,41.0,0.5498488031208882,2.3635641992458822,13.0
5,Processed,Drowsy,120,22,4,2986403087859896047,0.40887275902777487,0.8879151908725706,0.48748874679716536,2.804209268357456,1.016269565100037,49.0,0.6016597031462801,2.5041552577220543,17.0
5,Processed,Drowsy,120,22,5,14545729435945455656,0.3806280698790327,0.8906630028258051,0.47490824311534824,2.6495170637475853,0.907396421805043,62.0,0.5399344428798966,2.329267078271261,7.0
5,Processed,Drowsy,120,22,6,12212799462225758148,0.31785707245857664,0.9306733237147196,0.47423882181851756,2.659654346559648,0.9203354095956645,41.0,0.5881616306179451,2.4097744360902253,10.0
5,Processed,Drowsy,120,22,7,12522995061013288224,0.31570549930832587,0.9324427288919878,0.41854989497010686,2.6168278250829844,0.893189899239554,36.0,0.5191708409316498,2.386376296453487,8.0
5,Processed,Drowsy,120,22,8,7224929067012690238,0.466018460743979,0.8486129109484337,0.5309318806121742,2.8646780420973967,1.0511548959083075,62.0,0.6183375268345606,2.446971773088517,9.0
5,Processed,Drowsy,120,22,9,13167806280080285863,0.3411828509406648,0.9271249333687689,0.44397636250317396,2.6244797707579997,0.9170047817831402,43.0,0.5445280579857344,2.3882659647169,8.0
5,Processed,Drowsy,120,22,10,5542967470962944508,0.3543936223640877,0.9078526439240461,0.45442164308303135,2.557952182952183,0.871470016134813,37.0,0.5669479005563122,2.402675536207782,10.0
5,Processed,Drowsy,120,22,11,5068127360089810636,0.2766501596839915,0.9275111374177241,0.45666074190346484,2.6472634818680585,0.9224529803203104,44.0,0.5645703007779137,2.3918390298762895,10.0
5,Processed,Drowsy,120,22,12,11962625228152162486,0.4518846157406784,0.8681025557218364,0.47862468548740794,2.6957680556458428,0.9449907714273071,54.0,0.5904007294383786,2.4214101441386005,10.0
5,Processed,Drowsy,120,22,13,4011197158192399366,0.2967849007896806,0.9488421586028633,0.45037049006255625,2.6369103932963913,0.9081821146140354,38.0,0.5770584704877542,2.4832989793130853,19.0
5,Processed,Drowsy,120,22,14,17510257058775649425,0.399043339231125,0.8697089647367815,0.4690912028808199,2.6948017504309774,0.9495264253007372,52.0,0.589529327577849,2.4775301336308297,9.0
5,Processed,Drowsy,120,22,15,14429480425755652449,0.3722425912981401,0.9079598226193334,0.44675792340897025,2.5752112301244097,0.8620636935588345,85.0,0.5541827289305418,2.4032984633865557,13.0
5,Processed,Drowsy,120,22,16,10438806792111325173,0.3288738363843874,0.9205209882409134,0.44881235428545047,2.5936103514973654,0.8942462490214191,37.0,0.5629659980148196,2.383003151183526,9.0
5,Processed,Drowsy,120,22,17,7362471944062915583,0.2959202921341727,0.9419118022598573,0.4265944922785716,2.597582402136482,0.8693520374612851,44.0,0.520071097158422,2.329886246122027,6.0
5,Processed,Drowsy,120,22,18,416872766858679588,0.31554267162798433,0.92446302204231,0.4609888968398698,2.6766519233346737,0.9461601381095802,55.0,0.5866669744465732,2.46191848497324,15.0
5,Processed,Drowsy,120,22,19,2234217033302279865,0.30959813249149576,0.9252334407140869,0.45330209367281454,2.7200637163238452,0.980248918723731,45.0,0.5511991874610466,2.396056493490204,9.0
5,Processed,Drowsy,120,22,20,13686296310229266142,0.38768352962348723,0.8978036008620478,0.4760162507790679,2.7183627735301874,0.9629954247636437,64.0,0.5760312550495141,2.400254893473765,14.0
5,Processed,Drowsy,120,22,21,17929898725812186052,0.3359980153520452,0.9215114486758211,0.4208236190300316,2.5831385051363798,0.8840639608830628,33.0,0.5070346944899702,2.3196398870026664,6.0
5,Processed,Drowsy,120,22,22,6202846737312079585,0.4276898824820087,0.878409052053938,0.4851573140047552,2.765278600092099,0.9910212790775691,45.0,0.5910182128759723,2.500952380952381,15.0
5,Processed,Drowsy,120,22,23,7775491117960319633,0.3719907107006688,0.8856346085521651,0.4370628563514231,2.649408801511229,0.918325494350182,74.0,0.54454537060548,2.4202575151328616,19.0
5,Processed,Drowsy,120,22,24,6392307377687567198,0.3031131617597429,0.931920233465803,0.44659633895801115,2.6570074847215546,0.9324424019805897,40.0,0.5382147226518317,2.363687051727197,8.0
5,Processed,Drowsy,120,22,25,16891813092702817269,0.34649551009722257,0.9222893590071907,0.45736478843978673,2.6584596806655036,0.9151584934488483,48.0,0.5379550333556474,2.3104892678332423,6.0
5,Processed,Drowsy,120,22,26,15340090689951463297,0.35927113184120796,0.9170318282053915,0.44534983033632647,2.6338566552901024,0.9040686547804718,52.0,0.5171394935481637,2.300516006469335,9.0
5,Processed,Drowsy,120,22,27,15249826279950030586,0.31172915699152637,0.9423734116824571,0.41763809699683757,2.5646750301226167,0.8647556659338966,33.0,0.5228411163177212,2.3297076294067733,8.0
5,Processed,Drowsy,120,22,28,6945407430449698833,0.3790285134500784,0.8809559925421797,0.4718843055331133,2.632307494205511,0.9133746972960256,39.0,0.5626716834791441,2.3752588369996834,7.0
5,Processed,Drowsy,120,22,29,5777695759386808457,0.34649560259207157,0.9086651248539529,0.39674753583712286,2.588284014757925,0.8704653191917959,38.0,0.5019851803974977,2.3154280238500853,13.0
5,Processed,Drowsy,120,22,30,13906290771626531291,0.3679325626526773,0.9020440754752193,0.4391749959603887,2.6362061798531244,0.9228957829116735,40.0,0.5351099928441172,2.379603254035466,8.0
5,Processed,Drowsy,120,22,31,17424974134299672552,0.42575977649335506,0.8627647808618478,0.511853373652501,2.791464719582048,1.0200468425704274,76.0,0.6048509960527227,2.432091890010442,8.0
5,Processed,Drowsy,120,22,32,1875434186958971132,0.4028066436870953,0.8776929974591497,0.46940283003624106,2.6536604463004045,0.9409145167384593,66.0,0.591537591468341,2.4647494469558526,10.0
5,Processed,Drowsy,120,22,33,15843451074793443065,0.32003015997720385,0.9265741852502803,0.45872671452644215,2.613255309356302,0.9010805460036976,45.0,0.5629198310288313,2.4046591889559967,9.0
5,Processed,Drowsy,120,22,34,5906296888397283548,0.42287158665968183,0.8527013293293527,0.4886429214468733,2.6568559774082208,0.9354899950249823,69.0,0.5920915953002008,2.3975323643501425,8.0
5,Processed,Drowsy,120,22,35,7321274180188834107,0.2790111616786926,0.9427262261657058,0.4336695828812816,2.646801916032685,0.9280663708918804,39.0,0.5620022621823134,2.4704718417047182,10.0
5,Processed,Drowsy,120,22,36,2173148604603609046,0.34619775571715544,0.9116636589421648,0.45509106437986196,2.5937376660965663,0.8800340811960867,47.0,0.5767930103183214,2.4596776178171527,22.0
5,Processed,Drowsy,120,22,37,579909969144738421,0.4907906251250209,0.824403713656507,0.5171164100551695,2.823544239979834,0.9775702815776631,72.0,0.6029119826412133,2.4429453304026563,11.0
5,Processed,Drowsy,120,22,38,1225349895221785766,0.29892602684734837,0.9420306793239323,0.3949931903695667,2.5286685384956407,0.8260606027961807,44.0,0.5221024445419081,2.35469262401749,9.0
5,Processed,Drowsy,120,23,0,6793654306216891677,0.5253144725708069,0.8034568273734389,0.516897116871725,2.7990625,1.0293294451296875,43.0,0.40852588813739293,2.1587228981794895,9.0
5,Processed,Drowsy,120,23,1,15699636693176427555,0.5130107967112194,0.817355500567841,0.4910205212252718,2.7047491893953843,0.9807420897051983,38.0,0.4027954110015928,2.1671013412816693,4.0
5,Processed,Drowsy,120,23,2,7431207026269336730,0.46551960296216716,0.8418098930624158,0.4944137946954133,2.802368180034018,1.036740647697743,70.0,0.4472715311280903,2.2254285468171244,11.0
5,Processed,Drowsy,120,23,3,15146232637002263024,0.5170796393231557,0.8213372263395944,0.4966644352623439,2.7252691576947434,0.9886131388547906,49.0,0.42717735047667416,2.1795188882018666,21.0
5,Processed,Drowsy,120,23,4,4999337834974616921,0.46925779368498205,0.8294601773126759,0.5344751967867778,2.885952885454319,1.0949545774940361,46.0,0.4655940536922047,2.2534424489567915,6.0
5,Processed,Drowsy,120,23,5,12632523801628701353,0.526582379644247,0.8233933612680974,0.4767202973153898,2.7118376994287967,0.9881675313102654,35.0,0.4270965582511946,2.1877383310177656,10.0
5,Processed,Drowsy,120,23,6,11198586387152084030,0.4458605664059873,0.8620633652948808,0.49692989543177674,2.7500638732754217,1.0115961835386953,45.0,0.4634415179704993,2.2233388704318937,17.0
5,Processed,Drowsy,120,23,7,15288842951906622740,0.4566819657949911,0.8510030970084366,0.5008540892407839,2.7008775751540424,0.9872357380777965,39.0,0.46493617414187116,2.1956776496879513,4.0
5,Processed,Drowsy,120,23,8,11430191870474871228,0.4468677429316745,0.8653008179172699,0.4984534059693913,2.7792650749726495,1.0177107990463699,58.0,0.45632026038180096,2.214557777404358,10.0
5,Processed,Drowsy,120,23,9,7039292241071007741,0.48949235141166064,0.844702665369689,0.5013965513261467,2.791364132879265,1.0147654225141927,40.0,0.48266429676138595,2.2422455162059998,13.0
5,Processed,Drowsy,120,23,10,13463493285718596283,0.5393709719022306,0.8069201676788391,0.5142425151773966,2.808383233532934,1.0447202009378749,58.0,0.42572309041804207,2.1765851355737174,10.0
5,Processed,Drowsy,120,23,11,3671223887585170188,0.5376527889330207,0.8152095817352263,0.49398675007502135,2.784826598997983,1.0274516243529905,39.0,0.43919230858013436,2.1820970840381912,5.0
5,Processed,Drowsy,120,23,12,12570584983789586356,0.46343798434428785,0.8462537550342941,0.5256342189700145,2.8376845909402455,1.0352918777366924,52.0,0.505418849980379,2.342364268520995,17.0
5,Processed,Drowsy,120,23,13,15171839171005616792,0.5721543640491908,0.8028545330494544,0.48131391242122756,2.6868114167901553,0.9669072276315753,38.0,0.435747097250756,2.1888280140302054,9.0
5,Processed,Drowsy,120,23,14,16662015725039117893,0.4497291238106977,0.8565687816106292,0.4943445442164308,2.7740284974093266,1.0101337013495166,72.0,0.4465213176057801,2.253662656918999,22.0
5,Processed,Drowsy,120,23,15,156188962544738626,0.4645077596451196,0.8536196887696111,0.508944853535237,2.7604857894077877,1.0237836085754066,47.0,0.49478313058331985,2.2819045591249036,40.0
5,Processed,Drowsy,120,23,16,16105966338763188060,0.5313758815963756,0.8218794031362849,0.4842455160314859,2.6929396662387677,0.9702871619774189,55.0,0.44574802059047575,2.2011626912883644,16.0
5,Processed,Drowsy,120,23,17,12666970171197504689,0.512633577934043,0.8236289907757897,0.4950255072597585,2.6659622078567877,0.9406319840199995,54.0,0.444992036194917,2.1773259918113794,6.0
5,Processed,Drowsy,120,23,18,14096660090010094928,0.4409801522739271,0.8545717480818472,0.49628355762794024,2.7759199483537764,1.0310289043834626,39.0,0.46639043420050325,2.2490051481842217,10.0
5,Processed,Drowsy,120,23,19,17289693251649741710,0.4880039773144545,0.8329497781482263,0.49255557350938345,2.7092432706957847,0.9654243117170396,46.0,0.4504339696682902,2.169947178204059,4.0
5,Processed,Drowsy,120,23,20,7082640642536773165,0.5367979100922111,0.8058914539733559,0.509948985480483,2.7767094017094016,1.031282397618279,49.0,0.4420604325846587,2.2127155608192033,12.0
5,Processed,Drowsy,120,23,21,19679460866836186,0.4934817912194809,0.8244788456380906,0.4951178412317352,2.7428388746803067,0.9900917284018831,55.0,0.4310900025391842,2.177110048962462,14.0
5,Processed,Drowsy,120,23,22,9192204941837070474,0.5060377772803745,0.8323001914874326,0.5282195701853605,2.790269479331789,1.042760452802666,41.0,0.5019159299185153,2.321287498665528,24.0
5,Processed,Drowsy,120,23,23,15773574026572163389,0.5027400001402961,0.8244484242598387,0.5028969783707671,2.725975975975976,0.9818253760395429,59.0,0.4218392927217747,2.180792983084221,6.0
5,Processed,Drowsy,120,23,24,10984301271066302150,0.4831512030610189,0.8450302075008055,0.5025853512153459,2.831642606320718,1.0475677624188546,43.0,0.4272408300824081,2.185892704242818,7.0
5,Processed,Drowsy,120,23,25,2906353191366827368,0.4582723919425471,0.8520051205956837,0.5045474481198495,2.7947193453522567,1.039385855902597,38.0,0.4756065187784215,2.2468035222594804,11.0
5,Processed,Drowsy,120,23,26,366154319034337137,0.5615524279234283,0.8018790886609152,0.4578841670321553,2.684167794316644,0.9553604358238601,52.0,0.4060328708940237,2.1832314518881684,4.0
5,Processed,Drowsy,120,23,27,16167103414915973924,0.5240246936017801,0.8230163104058956,0.48783499919207773,2.678007983273142,0.9608675510984015,39.0,0.46662704000369337,2.2021024537705274,6.0
5,Processed,Drowsy,120,23,28,17905320390686212807,0.48626862151281774,0.8409237430142082,0.5022390988204335,2.7511538218372635,1.0160700444338504,42.0,0.428319983379885,2.1766327458283232,4.0
5,Processed,Drowsy,120,23,29,1540130430043986185,0.47131054527299515,0.8518163335237792,0.48709632741626463,2.735658261489596,1.0125950554400944,39.0,0.4352854273908728,2.2015060416788277,11.0
5,Processed,Drowsy,120,23,30,1430144330320323551,0.535456943039049,0.8162685321453426,0.4979224856305256,2.807744874715262,1.0474560048722241,54.0,0.4185902910828467,2.185710841921292,4.0
5,Processed,Drowsy,120,23,31,17654352038910276817,0.4320612653206814,0.8603298861480831,0.49890353408277743,2.7994300887248236,1.0507433699391613,72.0,0.45150735209251863,2.2186649274047188,11.0
5,Processed,Drowsy,120,23,32,10639231184301189042,0.5512939460703244,0.797833588520223,0.49675676923432055,2.746299132210311,1.0043494470967795,59.0,0.38815470557004683,2.173285081908947,7.0
5,Processed,Drowsy,120,23,33,13229345295339787149,0.4956715558468884,0.827094225963664,0.5202326816093812,2.761210487625582,1.0193864375995454,47.0,0.455166085732093,2.2013731893159174,10.0
5,Processed,Drowsy,120,23,34,3054398873971892299,0.5098208583074785,0.8234119989979882,0.48713095265575584,2.7119449977510763,0.957911582138604,57.0,0.4565106991990028,2.2003838558037327,5.0
5,Processed,Drowsy,120,23,35,12853762439953027301,0.5472776609635861,0.8099593226681798,0.5025161007363634,2.751627377867661,0.9848270647065049,51.0,0.4434800674037995,2.183926338524497,9.0
5,Processed,Drowsy,120,23,36,14510811462639245291,0.5320447050664391,0.8111700192004482,0.4526672976154752,2.6820761813581346,0.972321685198605,41.0,0.41085155005655455,2.185004450173403,4.0
5,Processed,Drowsy,120,23,37,11594896970637285577,0.4234905511271445,0.8738088017981123,0.5096604418180559,2.7430736737482917,1.0146142967619942,45.0,0.4943560859629279,2.226079725585988,9.0
5,Processed,Drowsy,120,23,38,17953500210713986382,0.4880099235064622,0.8354743422984018,0.4879850418965398,2.7770114942528736,1.023964940681832,41.0,0.46164677639020335,2.2407215484160106,10.0
5,Processed,Drowsy,120,25,0,7711496086785348655,0.459432312695342,0.8439309161866564,0.539703607949955,2.8809685170353028,1.0939071467983008,46.0,0.5600863322637981,2.348895181393548,9.0
5,Processed,Drowsy,120,25,1,17897796770775867111,0.49846903555850514,0.8440443019099751,0.5136308026130514,2.760327502791217,1.0434874666968255,45.0,0.521288751413864,2.2629139736459742,5.0
5,Processed,Drowsy,120,25,2,8587225742541151819,0.5298897829071192,0.8121748134707314,0.5227141571062534,2.8629496175485176,1.1052964516987864,44.0,0.49102629209852033,2.252647463729747,6.0
5,Processed,Drowsy,120,25,3,5136905432863751050,0.4816452201939765,0.8501455358292946,0.5226102813877797,2.8811402392466277,1.0776474954476567,54.0,0.530897255372683,2.2684255948711627,9.0
5,Processed,Drowsy,120,25,4,1678922886819224086,0.4331893006865193,0.8588619750612183,0.5245031278133007,2.8269984447900467,1.0534164620608832,46.0,0.49323653655271116,2.2533614553124175,5.0
5,Processed,Drowsy,120,25,5,5234878479333093921,0.4772193833983294,0.8461767336770213,0.5315205096835253,2.8501052110409706,1.0815067536020142,43.0,0.5296449758777498,2.296541887698929,8.0
5,Processed,Drowsy,120,25,6,4854425142707899248,0.4767952935553411,0.8463814561483666,0.5189515477482053,2.862062380649268,1.0809508816576878,53.0,0.542150458207336,2.2807409385545387,7.0
5,Processed,Drowsy,120,25,7,16622602754651189356,0.425269205554731,0.8712974447153409,0.5312088825281042,2.8826882124514595,1.0985078771074201,54.0,0.5579222547955957,2.355955746174091,10.0
5,Processed,Drowsy,120,25,8,272751239396760319,0.4866893563724733,0.8402187263211917,0.5336557327854851,2.7743309732389294,1.028657994298801,42.0,0.5014831144248748,2.2419184231572973,7.0
5,Processed,Drowsy,120,25,9,5046757794643133007,0.5002663401887982,0.82841802303278,0.5243184598693474,2.911304793642656,1.1102341657817572,62.0,0.49020682809722765,2.255875713716638,6.0
5,Processed,Drowsy,120,25,10,10683169267668815460,0.4766218530583971,0.8396672232836754,0.5413656194455345,2.820674724878225,1.0597619691883802,48.0,0.4836857413263775,2.2307835622271903,7.0
5,Processed,Drowsy,120,25,11,11363026250774975088,0.5035022197751332,0.8387916601157985,0.5086101428868216,2.792054742444402,1.0458004036208837,47.0,0.5148080607557536,2.26899989826025,6.0
5,Processed,Drowsy,120,25,12,15474986824443749805,0.48576534513498515,0.8407642597800673,0.5235567046005402,2.8610532954903816,1.0705207892611877,51.0,0.5079926594492279,2.2638360251002982,6.0
5,Processed,Drowsy,120,25,13,5700908500823780514,0.5060688367328451,0.8316587155405665,0.5294891623000393,2.7764933728741754,1.0389397127007305,41.0,0.5433969668290206,2.2967461827406215,8.0
5,Processed,Drowsy,120,25,14,12912376267695889971,0.46807301656176203,0.852125588068732,0.5419773320098797,2.916464815849947,1.1087164223406965,43.0,0.5314974261905312,2.2812840582581986,9.0
5,Processed,Drowsy,120,25,15,11615458516452990880,0.45038958678707464,0.8502908869535464,0.5246531705177627,2.82569776838441,1.059140300334723,46.0,0.5260785762101521,2.2926087065865253,7.0
5,Processed,Drowsy,120,25,16,2966375004035940167,0.47725236933007675,0.8393829632532342,0.5127767133722675,2.7598459435954776,1.0163357143066667,55.0,0.5348099074351931,2.271031930796187,7.0
5,Processed,Drowsy,120,25,17,11189556599170336432,0.5114009829694889,0.8167190667463293,0.5297199972299809,2.7868115854028783,1.0390119319486921,49.0,0.5163488839131137,2.254175799259315,7.0
5,Processed,Drowsy,120,25,18,6131034456574944151,0.5179531188065251,0.8273630391026913,0.5405461554442418,2.9004768687681923,1.1174233689276762,44.0,0.5174684333233305,2.2815958881453398,10.0
5,Processed,Drowsy,120,25,19,7558107135767813168,0.42438827894428316,0.8609556590865686,0.49623739064195194,2.778711303561042,1.0246642288270915,51.0,0.4969356663050253,2.2634581011460413,5.0
5,Processed,Drowsy,120,25,20,13257696730926175332,0.48117386103271925,0.8422746070035027,0.5088178943237691,2.7817390206966177,1.054638874469023,41.0,0.5096085039588191,2.2835458095213466,5.0
5,Processed,Drowsy,120,25,21,5939569279137818047,0.4835978013132169,0.8330777232091252,0.4951062994852381,2.755459917780062,1.0297467894477366,55.0,0.4896643660118649,2.235686243511712,4.0
5,Processed,Drowsy,120,25,22,8777154105663744683,0.4723938991683601,0.846529695317352,0.5122227095404076,2.738153998025666,1.0212265094208572,36.0,0.5096777544378015,2.276497577069801,9.0
5,Processed,Drowsy,120,25,23,120993211992891538,0.46800631400539483,0.836280296273468,0.5386071420327324,2.8277282918257285,1.0640215082640316,43.0,0.5366219616352347,2.2905704995566065,6.0
5,Processed,Drowsy,120,25,24,17467006150246616237,0.5144802479232182,0.8198326278230759,0.5186976293252695,2.825767102615694,1.0667413510251,45.0,0.5106934281295445,2.261910847561599,5.0
5,Processed,Drowsy,120,25,25,4889648549792732075,0.4582741540749306,0.8570415539828954,0.516608573209298,2.7796062845432528,1.0421775297872915,35.0,0.5200422427921794,2.242559227553255,8.0
5,Processed,Drowsy,120,25,26,13837444395504288627,0.4455847491237584,0.8562397991513855,0.5606287943491609,2.9096681442434407,1.1100592122156188,44.0,0.5510606865030816,2.3141236913532377,8.0
5,Processed,Drowsy,120,25,27,1587695310563986790,0.4851104270689384,0.8338234690614825,0.5307702961612151,2.8157604702424686,1.045593066607608,58.0,0.5402749244015604,2.278992210321324,11.0
5,Processed,Drowsy,120,25,28,3891070560302952437,0.5191881890943878,0.8148539617939995,0.5252879665751021,2.8105971716173657,1.0682518092614588,44.0,0.4902933911959558,2.2318543620458664,4.0
5,Processed,Drowsy,120,25,29,8831916775869121974,0.4828814334488777,0.8439242122406047,0.5246070035317745,2.8646246927585555,1.074702002741887,43.0,0.5257150111954941,2.2916006339144217,8.0
5,Processed,Drowsy,120,25,30,11530083287438486289,0.546308486131992,0.8070781659874616,0.5150619791786893,2.817475850748153,1.0413776694831725,44.0,0.5012695921146788,2.280201606552213,8.0
5,Processed,Drowsy,120,25,31,6437780291068109359,0.46439624333316154,0.8574974386011758,0.5206020174972877,2.8270761516765903,1.0807438323023926,47.0,0.5090256457607165,2.2749922624574435,7.0
5,Processed,Drowsy,120,25,32,9140195340656451535,0.5178203060710846,0.8263355348464835,0.5341404861383624,2.739212784847588,1.013883798202716,46.0,0.5502354516285405,2.2990138162177804,5.0
5,Processed,Drowsy,120,25,33,12466663885146695545,0.4802789456803284,0.8441506748602076,0.5167009071812747,2.839888353209845,1.0819488546504403,42.0,0.5195921146787932,2.2910178117048345,9.0
5,Processed,Drowsy,120,25,34,740925705284378022,0.505832787358663,0.8250027456137363,0.5312204242746013,2.873751248751249,1.0796875924403142,62.0,0.5124593153435978,2.2447168857431747,7.0
5,Processed,Drowsy,120,25,35,573081028712034453,0.49015751944934355,0.8360807912003422,0.5092680224371552,2.8428580632691194,1.0934513994604085,52.0,0.4813600794072159,2.2352279122115926,7.0
5,Processed,Drowsy,120,25,36,14898725379151082900,0.41088621285108723,0.8717771639493281,0.5323284319383209,2.911558613723881,1.1109939043922177,46.0,0.5599420604325847,2.336978250921265,6.0
5,Processed,Drowsy,120,25,37,15541588876319846843,0.4465224053399744,0.8628814912157343,0.5279310265229334,2.817431475207884,1.0477465096840526,57.0,0.503901110316013,2.231142681929681,8.0
5,Processed,Drowsy,120,25,38,9482037753259507358,0.4566355098387963,0.8394077971856773,0.5446550171972023,2.8525660400169257,1.0612619297950068,44.0,0.5519032339973685,2.324704052115997,9.0
5,Processed,Drowsy,180,9,0,14516390280862741507,0.5410718645150067,0.8041563902303798,0.508217395047785,2.7801296614395743,0.9977896725260058,59.0,0.3789599234224881,2.102047982919429,4.0
5,Processed,Drowsy,180,9,1,8755815541810478796,0.5237755534647995,0.8222563017722984,0.4823623554675432,2.714811014195314,0.9518973621001737,41.0,0.3764478568932422,2.116354887389311,4.0
5,Processed,Drowsy,180,9,2,3073435801323770892,0.540706297634718,0.8100187936557389,0.4880347637593886,2.6897697138869505,0.9604685327631034,43.0,0.3711882175976338,2.1021382781912834,4.0
5,Processed,Drowsy,180,9,3,1537602496060994826,0.5492526581985198,0.8003949751942,0.5124463780153662,2.7739061300581205,1.0098808973735467,47.0,0.3645940429583635,2.1132850915175623,5.0
5,Processed,Drowsy,180,9,4,6611818737929450558,0.574975039417692,0.7901560764927669,0.47792065718901783,2.736695571474145,0.97019202535988,72.0,0.3495064498321068,2.0976017508130944,4.0
5,Processed,Drowsy,180,9,5,3065591998482118124,0.5918048861649798,0.7671886751892787,0.4961128809250077,2.6980664352999506,0.9494455359809111,57.0,0.33854401434308956,2.079306322420095,4.0
5,Processed,Drowsy,180,9,6,12523076397393425015,0.5893570819787554,0.7780573960772215,0.4799161293916849,2.7829892214161944,1.00391313571195,46.0,0.34726787441693213,2.122061804620646,4.0
5,Processed,Drowsy,180,9,7,4952079826180293976,0.5645042145974368,0.7878216120220831,0.51230456780807,2.785893304690297,1.0134925282294065,66.0,0.37120594387354583,2.099859614943846,5.0
5,Processed,Drowsy,180,9,8,8815002114837429337,0.5332160772195337,0.8088047020645371,0.4996328128561082,2.745109497175613,0.9768658604545241,52.0,0.38461460543842146,2.116114470421044,5.0
5,Processed,Drowsy,180,9,9,380671647391941544,0.49663560918602845,0.8298155253555205,0.5030159992301731,2.7402880476768567,0.9769656850066467,52.0,0.38469817216772095,2.1101650183353704,4.0
5,Processed,Drowsy,180,9,10,3025453647162733233,0.5381516117469958,0.8042830046578548,0.47844738081611776,2.6583746060333184,0.9211835896555061,47.0,0.37359139414627723,2.102900719834652,4.0
5,Processed,Drowsy,180,9,11,17462941324439646437,0.5438703796219071,0.8055357716068197,0.4742943676024452,2.7146708409426905,0.9551115842747429,60.0,0.3572477677553976,2.104811637448713,4.0
5,Processed,Drowsy,180,9,12,7953748485089174785,0.5492668327744998,0.7991015707468129,0.49587484236276064,2.7283341693139387,0.9580088055284068,55.0,0.3527149057721819,2.0970340258958147,4.0
5,Processed,Drowsy,180,9,13,1497366007989944989,0.49797461350952993,0.8306618338472608,0.4957532907565068,2.8189436700840917,1.0322505216988804,52.0,0.3743029775078882,2.1144107801905414,4.0
5,Processed,Drowsy,180,9,14,2163083359546999332,0.585908651858427,0.7808943759222087,0.487097803461182,2.7166826732952942,0.9574956216165842,53.0,0.340630650250447,2.0842772363140525,4.0
5,Processed,Drowsy,180,9,15,10988146820211784333,0.5258586614668121,0.814407018424126,0.47963757362735315,2.708818397643088,0.9545034677507347,54.0,0.3830952103602486,2.1149743460694266,4.0
5,Processed,Drowsy,180,9,16,7088827076372424269,0.4971942224974009,0.8305675752904809,0.49251191458973803,2.743933408577878,0.9873181166019165,55.0,0.39532380841440995,2.130800939069666,4.0
5,Processed,Drowsy,180,9,17,13165829675444481770,0.522381935808988,0.8125216886629206,0.5028336718207924,2.769477530753996,0.9890276040000561,55.0,0.38869164889818536,2.1142731204716383,5.0
5,Processed,Drowsy,180,9,18,6895162941495220365,0.526965459044998,0.8186773881010593,0.4944212877379753,2.702563534688002,0.9584811961965838,47.0,0.37960819865584183,2.116465239735698,4.0
5,Processed,Drowsy,180,9,19,16526587193937692093,0.5186895478268163,0.8213606192762642,0.4759808961392171,2.7579012236992693,0.9629445448454654,53.0,0.3716389714708251,2.1070479964393907,4.0
5,Processed,Drowsy,180,9,20,18037328651723505958,0.5064279311676133,0.8193731146859397,0.49818432288158343,2.820906223114425,1.0189544239696984,51.0,0.3832674084691082,2.1196588378639554,5.0
5,Processed,Drowsy,180,9,21,9172583697238999084,0.5774756204110063,0.7831807465803874,0.4913622389805872,2.71698218886524,0.9542790117645029,53.0,0.3313420816725501,2.0921140993252534,4.0
5,Processed,Drowsy,180,9,22,13969421222436250400,0.5198320209086253,0.817636108102105,0.49325135352778215,2.731405654027373,0.980029267430338,60.0,0.3741130531231166,2.1060171919770774,4.0
5,Processed,Drowsy,180,9,23,652946795084035819,0.5444764178920767,0.803411450572803,0.506890456679514,2.7340873080915697,0.9656595035341697,55.0,0.3732520625788186,2.102009383779467,4.0
5,Processed,Drowsy,180,9,24,14508063223323332519,0.5504008985283649,0.7956247255946429,0.4921725830222794,2.7457617540687163,0.9834254543675465,52.0,0.3575719053720745,2.1029562886290862,4.0
5,Processed,Drowsy,180,9,25,18173820090777668691,0.5685573690501454,0.7890301721969543,0.47969834943048006,2.73742774566474,0.9766313194925563,58.0,0.36582728529681385,2.0950633755837225,4.0
5,Processed,Drowsy,180,9,26,6169123420614466431,0.5350600769685362,0.8120660521891407,0.4904809898352469,2.7463346850806793,0.9872261017083106,43.0,0.37991967464686727,2.1101874903301123,4.0
5,Processed,Drowsy,180,9,27,9285675181315682799,0.5520207560832865,0.8054645127351817,0.4994403561462063,2.701577995726262,0.948825531612355,55.0,0.38947666968857464,2.102125333151097,4.0
5,Processed,Drowsy,180,9,28,16250695793581463066,0.5273210166100204,0.8155137562663606,0.49734359093832775,2.7330642916782635,0.974232936340767,57.0,0.394498270421936,2.11190944214736,4.0
5,Processed,Drowsy,180,9,29,13057342613949254030,0.4905500679816328,0.8346879845484908,0.4919750616621169,2.726632234884635,0.9790976343996305,45.0,0.39116066590021625,2.113756722361345,4.0
5,Processed,Drowsy,180,9,30,10024342549068556589,0.4693995447035926,0.8376201349738093,0.4946188090981377,2.7194531075963466,0.9499687287777561,52.0,0.3957467067111681,2.1186502718164935,4.0
5,Processed,Drowsy,180,9,31,3466813787156947329,0.5727123996512876,0.7880403898707335,0.4936818487999311,2.6967299286228075,0.942208145299663,55.0,0.364958697777125,2.092638304051111,4.0
5,Processed,Drowsy,180,9,32,17012868342807301456,0.5324956854758941,0.8127232858192749,0.4934488748879446,2.7254671590019024,0.9671075387223105,47.0,0.37614904252786824,2.1050252253273625,4.0
5,Processed,Drowsy,180,9,33,2234801972166946549,0.5363493833165262,0.8061742033757303,0.48497571500200054,2.6686639540716794,0.9224044701862613,54.0,0.378739611136153,2.1027162298953996,4.0
5,Processed,Drowsy,180,9,34,13867766737446149202,0.5627986860501254,0.7898604545218895,0.49559628659842897,2.72604189881881,0.9813370720761421,46.0,0.35004077043459764,2.095267689322743,4.0
5,Processed,Drowsy,180,9,35,13364315443310136576,0.5591862217072151,0.7987876300707196,0.4982400340344498,2.7398969502854755,0.9673183560683531,58.0,0.37313557562282534,2.0914510382808396,4.0
5,Processed,Drowsy,180,9,36,4247810257174514650,0.549679182251569,0.8043049753537244,0.48095944734536356,2.717683083879461,0.9534859834965214,56.0,0.3804818508257912,2.117748209956588,4.0
5,Processed,Drowsy,180,9,37,11242398427049947663,0.5632140852173443,0.7943266358546033,0.4866976960905965,2.7505796147350945,0.9972882059528265,51.0,0.35662481577334676,2.106736278367017,4.0
5,Processed,Drowsy,180,9,38,8179864511609147196,0.5410738082816821,0.8101481772803042,0.47191398197997436,2.686871017042014,0.9563472377790365,42.0,0.383054693158164,2.101471221572359,4.0
5,Processed,Drowsy,180,12,0,12447845746277541696,0.3513748152123479,0.9039229944844561,0.4670620470303423,2.722441990907481,0.9827796395474321,42.0,0.5436674145466884,2.3437370363092507,7.0
5,Processed,Drowsy,180,12,1,1176915887172718573,0.38887086708644353,0.8872327369957487,0.45203522970721255,2.6753694433620097,0.9632659911856728,43.0,0.48397291425040645,2.26663345904789,6.0
5,Processed,Drowsy,180,12,2,6273473149301670575,0.3964655692467075,0.8949920835556332,0.43605625813509447,2.571164068565968,0.8691250683098501,43.0,0.5197014895136416,2.3014735567218407,12.0
5,Processed,Drowsy,180,12,3,15214788275308462316,0.3875936404379925,0.8929695865879288,0.47626958120407,2.646646590301427,0.9554714537150647,45.0,0.5319376845431939,2.3010581894663042,5.0
5,Processed,Drowsy,180,12,4,7254966092305308662,0.36842462846331414,0.8944338604937213,0.47422346249879715,2.7048559956090936,0.9620374470982945,56.0,0.5249484671835987,2.3068594066457457,8.0
5,Processed,Drowsy,180,12,5,5470076749292693305,0.37487630464356264,0.8983204712373892,0.4684953430540854,2.673960802451292,0.9608670155759509,50.0,0.5224364006543528,2.3052349293256604,8.0
5,Processed,Drowsy,180,12,6,13917930452144504642,0.3701813744576031,0.8941700693821407,0.4822104159597259,2.696737098510168,0.9725904132005335,56.0,0.5533915430469949,2.3286128337915306,9.0
5,Processed,Drowsy,180,12,7,4692106595778005322,0.36806750626046864,0.90220571028672,0.47604167194234404,2.7341032055384256,1.0098521433196508,52.0,0.5463592761601848,2.372696080587692,8.0
5,Processed,Drowsy,180,12,8,12767611507611473458,0.4167231454412909,0.8853869000564399,0.4510222996550973,2.6424438443963085,0.9216380840532783,82.0,0.5127629186566521,2.2806442529706596,8.0
5,Processed,Drowsy,180,12,9,2019856565316993148,0.4012668293357298,0.8839840307565402,0.4554893211849256,2.623082307647436,0.9348694612588652,59.0,0.4822939826890254,2.269780357291828,8.0
5,Processed,Drowsy,180,12,10,5423234651815336197,0.42708969039199857,0.8713967993012386,0.4750338065404893,2.707522660354483,0.9733215752569502,55.0,0.5172856513393468,2.2950990966698126,6.0
5,Processed,Drowsy,180,12,11,10958810031773837412,0.3706513221461231,0.8999441498668023,0.43928244035108155,2.5977118212584984,0.9086961121012683,54.0,0.4998556574675736,2.2931793626636616,8.0
5,Processed,Drowsy,180,12,12,5172632604333500751,0.36170733035922875,0.9052894580422554,0.45702897486414074,2.6318721381281533,0.9337004920299058,46.0,0.522183168141324,2.316047801963295,7.0
5,Processed,Drowsy,180,12,13,16485680197044962826,0.39506732174957737,0.8877666585365079,0.4432835140569368,2.6372484030372423,0.9357449660887553,42.0,0.49239795995887503,2.2916052845576362,8.0
5,Processed,Drowsy,180,12,14,15531709688670175624,0.37003097055979567,0.8960920879671826,0.45905483496837124,2.653521868961883,0.9574334180140383,47.0,0.5014636839253065,2.294452297638635,9.0
5,Processed,Drowsy,180,12,15,16915630256302474401,0.3611612245996684,0.9019796228972662,0.4550588259127766,2.6421807916250075,0.9397007658163583,55.0,0.5310311121465507,2.3157051989928883,9.0
5,Processed,Drowsy,180,12,16,15881015619417993692,0.40996846643919915,0.8864910237428779,0.46744189579988554,2.6792556897352533,0.979993517459156,49.0,0.5288077306821577,2.3214678776694497,9.0
5,Processed,Drowsy,180,12,17,3333408401609682605,0.36708580046638256,0.8987004821694858,0.4552057007703333,2.6609527193060365,0.9372306660974621,50.0,0.5155130237481451,2.2970414334717457,6.0
5,Processed,Drowsy,180,12,18,17355442822240715501,0.39982526931591833,0.8800708822917253,0.4568263888537177,2.659874377045796,0.9582597996186596,52.0,0.5068094222753448,2.299832226333571,7.0
5,Processed,Drowsy,180,12,19,7470587510880776086,0.386618710218495,0.8998253490925365,0.46494502322142145,2.6157396854342374,0.9255799819916908,43.0,0.5296737858767163,2.307772935400232,7.0
5,Processed,Drowsy,180,12,20,13647299661724191871,0.40876886460387474,0.8822773404389517,0.45316971136558165,2.6313668980119984,0.9385724918539187,43.0,0.502127153109442,2.2918318519631526,9.0
5,Processed,Drowsy,180,12,21,11505535710695273741,0.3920410747835051,0.8871152362423195,0.45101723500483676,2.650988330554894,0.9457717828600157,51.0,0.5071791417443668,2.3159343200740055,6.0
5,Processed,Drowsy,180,12,22,15646570584221509636,0.33541566753543844,0.9098620819500312,0.46308123192552936,2.6800914526908195,0.9684097353697678,42.0,0.5132415281062767,2.294376018837167,5.0
5,Processed,Drowsy,180,12,23,10891148058179155216,0.430185394141654,0.8728543750428194,0.46489437671881567,2.6145607838669247,0.9133607095137178,40.0,0.5256296626436462,2.297071777959762,7.0
5,Processed,Drowsy,180,12,24,7019571819152526621,0.39296615108474114,0.8941142409924091,0.4768975978363814,2.7233341045812125,0.9887287234470128,43.0,0.5332494289606832,2.3237621249406857,10.0
5,Processed,Drowsy,180,12,25,906768729560751084,0.3777852499728296,0.8882245478488913,0.44994352914959457,2.632686323899837,0.9348652468083094,43.0,0.5043631961994864,2.2771654623616575,6.0
5,Processed,Drowsy,180,12,26,4980776108403935608,0.3847608344040367,0.8916454641209413,0.47509964699387686,2.6893437688139676,0.9713986588570883,47.0,0.5341230811306326,2.3171875858280693,8.0
5,Processed,Drowsy,180,12,27,17654671769631971487,0.3630738816040054,0.9039715236996437,0.46598327652483956,2.6779695549669644,0.9675742452569288,46.0,0.538038055782058,2.346105430533778,9.0
5,Processed,Drowsy,180,12,28,14733950023473586310,0.3494286812129949,0.9080101760339976,0.4766190420720497,2.7178916967509026,0.9902420961023463,48.0,0.5378683899983286,2.3370045991681887,6.0
5,Processed,Drowsy,180,12,29,15401301488049299216,0.3568084718570789,0.9072577620842193,0.447380816117743,2.5527106692867876,0.8547482816242131,43.0,0.5174173322461217,2.2847222998736454,8.0
5,Processed,Drowsy,180,12,30,3806485497424368050,0.39592524644709176,0.8879148345374737,0.4663985778462068,2.6851236295777934,0.9559684574855534,58.0,0.5216665738147452,2.3174526391576293,9.0
5,Processed,Drowsy,180,12,31,7607708954691314619,0.37912394253574055,0.8981843240137655,0.4742538504003606,2.691500675462045,0.9608915331918801,46.0,0.5291723855009193,2.3001827227897147,5.0
5,Processed,Drowsy,180,12,32,8448817957639141291,0.3722444519074848,0.9009598649330042,0.4500752100563696,2.641833640525596,0.9124566771633322,53.0,0.4972296363074648,2.2828558805748034,6.0
5,Processed,Drowsy,180,12,33,8663711048095282017,0.37116923622875975,0.8977536544409828,0.4596018171965135,2.6495474452554744,0.9306574003227994,51.0,0.5369314297001221,2.3238056618041933,8.0
5,Processed,Drowsy,180,12,34,13658802327077389872,0.36830496236806726,0.8902770656217922,0.4610097899689537,2.675553334705035,0.955469659178287,67.0,0.5357741571155804,2.338738738738739,9.0
5,Processed,Drowsy,180,12,35,6804747147984485240,0.3796596479952654,0.8976881213556839,0.4523948198757135,2.636715175487794,0.9357711486280607,39.0,0.5027855576433169,2.294810448451225,8.0
5,Processed,Drowsy,180,12,36,10867133270156963151,0.38376209920523374,0.8942397191282083,0.4559299457575957,2.631222050097916,0.9265146320534434,39.0,0.5151660952052955,2.2912039644104065,7.0
5,Processed,Drowsy,180,12,37,3687175644838027254,0.4138373487422542,0.8676652785643483,0.4840691426053574,2.684850698053316,0.9786963152095941,54.0,0.4990579750515328,2.2771916850582947,6.0
5,Processed,Drowsy,180,12,38,10865504324843813801,0.41360734286295237,0.8760678933044709,0.45289115560124993,2.665732598002683,0.9608376176453732,41.0,0.5082022010970032,2.299625296497038,6.0
5,Processed,Drowsy,180,13,0,7814695031291510883,0.46335381921701085,0.8508012257816832,0.5446170364705465,2.8891187533584093,1.0095759111054665,65.0,0.5285393042183472,2.2161028646662846,8.0
5,Processed,Drowsy,180,13,1,219203964831885752,0.5183349935735377,0.819330501448302,0.504499941756522,2.737194987909431,0.9554618013905315,65.0,0.4697994904961838,2.1768377823408622,7.0
5,Processed,Drowsy,180,13,2,5606831645836857433,0.44885310800967854,0.8580064680829161,0.4989440204206699,2.776087017781159,0.9673935711913355,56.0,0.5032666994180717,2.2197562855323856,8.0
5,Processed,Drowsy,180,13,3,16083922838255519319,0.5116209044050339,0.8210694290004669,0.5007419712631744,2.7854627412311594,0.9675961368249333,57.0,0.5164626456720032,2.2351690503589237,8.0
5,Processed,Drowsy,180,13,4,13256671316171183584,0.4961980647636175,0.8315448466012634,0.5296307363495014,2.899919580710463,1.0373117338110172,94.0,0.5493448874887945,2.3356517619698747,12.0
5,Processed,Drowsy,180,13,5,9577509143677290183,0.5516976922681756,0.7893937793072578,0.5338647839673432,2.823356100174099,1.0110434270755881,83.0,0.5135859243239959,2.2285073839662446,9.0
5,Processed,Drowsy,180,13,6,16169248239554879586,0.4921272038011603,0.8201454559981888,0.5505730651769842,2.9059584591943115,1.0304636491858674,68.0,0.5488181638616946,2.2567293174363514,11.0
5,Processed,Drowsy,180,13,7,9794372014376623404,0.43628711464059655,0.8595670884385748,0.5012990827918378,2.797230464886251,1.0015361492364676,50.0,0.47913110860129554,2.207307683333722,6.0
5,Processed,Drowsy,180,13,8,11921016528142495182,0.5946703261944004,0.76514141491757,0.5510643362522601,2.8864070458404076,1.0108900234461164,137.0,0.5253663008300962,2.193622060565048,5.0
5,Processed,Drowsy,180,13,9,14964175012384618969,0.4766435938310684,0.837600600431641,0.49228906997827265,2.7818608511490797,0.9875311007649843,74.0,0.46254184667277803,2.184946828235463,8.0
5,Processed,Drowsy,180,13,10,3689351505960119971,0.4713673417054717,0.8221498141662109,0.5315147862464358,2.8420625033851485,1.0103796250575665,52.0,0.5193039144681864,2.2504746331881083,37.0
5,Processed,Drowsy,180,13,11,9135031036696062363,0.45633763267113014,0.8472680923916115,0.5143051046609977,2.7439472546476438,0.9425541649801136,68.0,0.5263285843796056,2.2161044056808974,8.0
5,Processed,Drowsy,180,13,12,7765700173000829652,0.4718566409269498,0.8347507347187176,0.511706939077322,2.783333333333333,0.9653881815270697,48.0,0.5316971136558165,2.2430853052721544,10.0
5,Processed,Drowsy,180,13,13,4571280047918354002,0.4421784565279507,0.861246194706092,0.5089517693355685,2.7855360904756625,0.9733667036548399,56.0,0.49898200529762415,2.221151353240224,18.0
5,Processed,Drowsy,180,13,14,6515192767082967972,0.5313269686706952,0.79802098588353,0.5038466018729076,2.804866358407579,0.9790227004106977,71.0,0.4944643372651902,2.196164660893038,8.0
5,Processed,Drowsy,180,13,15,15581396023236845376,0.585423192430075,0.7850242902706912,0.5077767704751148,2.842291772977264,1.0119110259695905,58.0,0.46295461566901497,2.177597255639993,11.0
5,Processed,Drowsy,180,13,16,13890882065448108679,0.46104144202323805,0.8319108976147247,0.5170197572006665,2.851986366430128,1.0131963263323411,47.0,0.48228891803876484,2.19438651473079,7.0
5,Processed,Drowsy,180,13,17,11774968210556919649,0.4524298350481698,0.8534354912099328,0.48681418304658974,2.739476159261265,0.95247583167827,52.0,0.4653831154689613,2.186702045381531,9.0
5,Processed,Drowsy,180,13,18,13517269250519376874,0.5412513493747022,0.8097661917081587,0.49011127036622487,2.7556738901386795,0.9510474348177533,71.0,0.44732763729000696,2.1470312974779704,5.0
5,Processed,Drowsy,180,13,19,6553483393216243201,0.4552423878055854,0.8480998390272763,0.5255182403379135,2.806654043819313,0.984788184693395,49.0,0.49032145335203875,2.1970633957040246,9.0
5,Processed,Drowsy,180,13,20,7802153100917054053,0.47999122735360206,0.8307267438620561,0.5316515318034714,2.88625240582898,1.0115580847770091,51.0,0.524837044877866,2.2628809136468355,30.0
5,Processed,Drowsy,180,13,21,13585335802831274963,0.45845631710312,0.837632940520594,0.5183264369678952,2.8160030817488924,0.9972121781750249,69.0,0.5334317563700639,2.271956599113431,10.0
5,Processed,Drowsy,180,13,22,16930743413548100197,0.4953943280046195,0.8234801617737157,0.4834867078253911,2.7368194719188095,0.9486292131365291,75.0,0.4644157672691912,2.1751945156086916,7.0
5,Processed,Drowsy,180,13,23,16432478825808168796,0.4803298676649872,0.8309076307818732,0.5090226744392166,2.7925812725757155,0.9738930790878404,53.0,0.47821187457900094,2.188824238490426,6.0
5,Processed,Drowsy,180,13,24,6494553363425649892,0.4303869873047905,0.8616416625010918,0.5261057397681403,2.854575432811212,1.01569619599045,62.0,0.5197166834644233,2.2589567763309963,29.0
5,Processed,Drowsy,180,13,25,5415440692329654867,0.4397527611732619,0.8578653102541385,0.509149290695731,2.8091991281506736,1.011826585800119,50.0,0.46958677518523956,2.2089244660448606,6.0
5,Processed,Drowsy,180,13,26,15962597500969751391,0.49196349310431764,0.8379999297146266,0.515652301630311,2.8426960017869107,1.0252791587388221,64.0,0.5439383733356293,2.2852552849680294,23.0
5,Processed,Drowsy,180,13,27,443711053474490596,0.4535166128037475,0.8486651149941719,0.5068398101769083,2.7665385784977747,0.9662880790105141,56.0,0.5127629186566521,2.233649189767575,7.0
5,Processed,Drowsy,180,13,28,17552370045656827029,0.5151175702162379,0.8187052181521877,0.520671370038542,2.9086973743775464,1.0265358795907689,79.0,0.5242292868465968,2.249747329297847,8.0
5,Processed,Drowsy,180,13,29,14361797962230716181,0.48439766357295055,0.8220683838909636,0.5147204059823649,2.845742446728082,1.0169745940784727,71.0,0.49158761591718286,2.2161653062389406,8.0
5,Processed,Drowsy,180,13,30,15601380299851316705,0.48875761332935536,0.8280776676862123,0.5158143704386493,2.7584096202805917,0.9485941535705135,62.0,0.4733624719544992,2.14741292160647,7.0
5,Processed,Drowsy,180,13,31,4042489739886092341,0.47023490483084845,0.8397494535216696,0.48985803785319604,2.800665991023599,0.9846846546219882,64.0,0.5144418502180332,2.2851004476839667,19.0
5,Processed,Drowsy,180,13,32,9017668520562788556,0.4679501622016844,0.834990314794918,0.49952139055037553,2.745337638479096,0.9464536463461621,54.0,0.49224348812592744,2.2208715124648677,10.0
5,Processed,Drowsy,180,13,33,803930734008664546,0.4632915293312234,0.8395920638523665,0.5067992929748236,2.7813881090696833,0.9976877325989216,61.0,0.4559957862109832,2.183116520980081,17.0
5,Processed,Drowsy,180,13,34,5187203856851406869,0.45424809264745364,0.8531677636998966,0.49529240758279436,2.770054384772264,0.9746711714082402,54.0,0.48671035771624793,2.209336276065016,9.0
5,Processed,Drowsy,180,13,35,15823154795890945831,0.5015875116682502,0.8159874448935283,0.5247281548972635,2.890389175617241,1.0289034340222294,75.0,0.560968259836817,2.331011332905412,12.0
5,Processed,Drowsy,180,13,36,17085767173164404090,0.4592412212476492,0.8628601168692168,0.5052241867437844,2.751027274482226,0.9291162328485346,82.0,0.5088884612073113,2.2102374588928853,5.0
5,Processed,Drowsy,180,13,37,6340052455730902228,0.4676115254903712,0.8434607168841097,0.4976930518063075,2.834626590128941,1.0180935687448345,51.0,0.5020891682324877,2.2701427769953857,10.0
5,Processed,Drowsy,180,13,38,3416754447561406192,0.46781434182236015,0.8414058779761082,0.5026564090616722,2.8165049094727284,0.9612126367613462,71.0,0.4983843765668762,2.230863399870779,9.0
