session,window_id,state,window_size_s,representation,surrogate_id,surrogate_seed,rho_star,sampling_rate_hz,m,tau_s,tau_samples,theiler_s,theiler_samples,fit_start_s,fit_end_s,max_follow_s,surrogate_lle,surrogate_fit_r2,n_embedded,n_pairs_initial,n_pairs_fit_min,valid,qc_reason
5,2,Awake,60,processed,1,9835235014422612386,45.73050519273266,25.002500250041432,8,0.16,4,0.5476865073526967,14,0.8,1.3,5.0,0.6283512596731367,0.9492086612731025,1472,1472,1419,True,ok
5,2,Awake,60,processed,2,15044874240066860876,45.73050519273266,25.002500250041432,8,0.16,4,0.5476865073526967,14,0.8,1.3,5.0,0.5626225944679235,0.9510680592433638,1472,1472,1418,True,ok
5,2,Awake,60,processed,3,10750526121225574805,45.73050519273266,25.002500250041432,8,0.16,4,0.5476865073526967,14,0.8,1.3,5.0,0.554026605129251,0.9651430970781696,1472,1472,1413,True,ok
5,2,Awake,60,processed,4,3058771711493182295,45.73050519273266,25.002500250041432,8,0.16,4,0.5476865073526967,14,0.8,1.3,5.0,0.5894188165296835,0.9857288891145122,1472,1472,1410,True,ok
5,2,Awake,60,processed,5,2502791840541004292,45.73050519273266,25.002500250041432,8,0.16,4,0.5476865073526967,14,0.8,1.3,5.0,0.5782916171997643,0.9124292653442978,1472,1472,1398,True,ok
5,2,Awake,60,processed,6,14611241890830089210,45.73050519273266,25.002500250041432,8,0.16,4,0.5476865073526967,14,0.8,1.3,5.0,0.4990558310193368,0.848648154950882,1472,1472,1421,True,ok
5,2,Awake,60,processed,7,13963939844160122806,45.73050519273266,25.002500250041432,8,0.16,4,0.5476865073526967,14,0.8,1.3,5.0,0.5203748501879448,0.9390888664772511,1472,1472,1414,True,ok
5,2,Awake,60,processed,8,13432919933077322128,45.73050519273266,25.002500250041432,8,0.16,4,0.5476865073526967,14,0.8,1.3,5.0,0.5725402524833315,0.9618030735358203,1472,1472,1417,True,ok
5,2,Awake,60,processed,9,13731904100833101756,45.73050519273266,25.002500250041432,8,0.16,4,0.5476865073526967,14,0.8,1.3,5.0,0.5107159831422191,0.9360697942207786,1472,1472,1428,True,ok
5,2,Awake,60,processed,10,4289150310842020683,45.73050519273266,25.002500250041432,8,0.16,4,0.5476865073526967,14,0.8,1.3,5.0,0.5795034554198937,0.9161605361393543,1472,1472,1418,True,ok
5,2,Awake,60,processed,11,556067953302199969,45.73050519273266,25.002500250041432,8,0.16,4,0.5476865073526967,14,0.8,1.3,5.0,0.603260082984237,0.9153420152578213,1472,1472,1404,True,ok
5,2,Awake,60,processed,12,7705667984254663155,45.73050519273266,25.002500250041432,8,0.16,4,0.5476865073526967,14,0.8,1.3,5.0,0.5377716907387876,0.9201547666995802,1472,1472,1392,True,ok
5,2,Awake,60,processed,13,242791742644502511,45.73050519273266,25.002500250041432,8,0.16,4,0.5476865073526967,14,0.8,1.3,5.0,0.6627217608833229,0.959809176774063,1472,1448,1392,True,ok
5,2,Awake,60,processed,14,17072747168797109840,45.73050519273266,25.002500250041432,8,0.16,4,0.5476865073526967,14,0.8,1.3,5.0,0.5862748351110632,0.9068823077074474,1472,1464,1399,True,ok
5,2,Awake,60,processed,15,18262669915947708888,45.73050519273266,25.002500250041432,8,0.16,4,0.5476865073526967,14,0.8,1.3,5.0,0.5492472558575311,0.8667101522105284,1472,1472,1406,True,ok
5,2,Awake,60,processed,16,12812196220327317260,45.73050519273266,25.002500250041432,8,0.16,4,0.5476865073526967,14,0.8,1.3,5.0,0.5410661876853428,0.9080388991534627,1472,1472,1413,True,ok
5,2,Awake,60,processed,17,8981459484000912375,45.73050519273266,25.002500250041432,8,0.16,4,0.5476865073526967,14,0.8,1.3,5.0,0.5718197337595108,0.9358279053618794,1472,1472,1422,True,ok
5,2,Awake,60,processed,18,7533858416510515540,45.73050519273266,25.002500250041432,8,0.16,4,0.5476865073526967,14,0.8,1.3,5.0,0.6280702635481339,0.9718870440269095,1472,1472,1398,True,ok
5,2,Awake,60,processed,19,6376108061472251845,45.73050519273266,25.002500250041432,8,0.16,4,0.5476865073526967,14,0.8,1.3,5.0,0.5715446037838976,0.9371175199372004,1472,1472,1425,True,ok
5,2,Awake,60,processed,20,6702127993293186746,45.73050519273266,25.002500250041432,8,0.16,4,0.5476865073526967,14,0.8,1.3,5.0,0.5922675392705384,0.9462754257754946,1472,1472,1386,True,ok
5,2,Awake,60,processed,21,11508325214910845005,45.73050519273266,25.002500250041432,8,0.16,4,0.5476865073526967,14,0.8,1.3,5.0,0.5656477860844366,0.9218858159399065,1472,1472,1390,True,ok
5,2,Awake,60,processed,22,2270191872831505029,45.73050519273266,25.002500250041432,8,0.16,4,0.5476865073526967,14,0.8,1.3,5.0,0.5318390614572918,0.9327325348770842,1472,1472,1403,True,ok
5,2,Awake,60,processed,23,12180661024850212327,45.73050519273266,25.002500250041432,8,0.16,4,0.5476865073526967,14,0.8,1.3,5.0,0.6002066554811635,0.934334534427652,1472,1472,1422,True,ok
5,2,Awake,60,processed,24,4703156555064859734,45.73050519273266,25.002500250041432,8,0.16,4,0.5476865073526967,14,0.8,1.3,5.0,0.5596289660020389,0.9287083677516135,1472,1472,1415,True,ok
5,2,Awake,60,processed,25,13756148793184292861,45.73050519273266,25.002500250041432,8,0.16,4,0.5476865073526967,14,0.8,1.3,5.0,0.5338650431107594,0.8024309300358975,1472,1472,1408,True,ok
5,2,Awake,60,processed,26,5818784763067201759,45.73050519273266,25.002500250041432,8,0.16,4,0.5476865073526967,14,0.8,1.3,5.0,0.5582744084888646,0.9377766825963793,1472,1472,1399,True,ok
5,2,Awake,60,processed,27,10957135018747807453,45.73050519273266,25.002500250041432,8,0.16,4,0.5476865073526967,14,0.8,1.3,5.0,0.6402893257334634,0.9813337918493444,1472,1472,1407,True,ok
5,2,Awake,60,processed,28,14017296422697205492,45.73050519273266,25.002500250041432,8,0.16,4,0.5476865073526967,14,0.8,1.3,5.0,0.5450710791722226,0.9274449728774741,1472,1472,1416,True,ok
5,2,Awake,60,processed,29,13161150797318837277,45.73050519273266,25.002500250041432,8,0.16,4,0.5476865073526967,14,0.8,1.3,5.0,0.5910470347330976,0.9676446953036143,1472,1472,1387,True,ok
5,2,Awake,60,processed,30,17808420708167412150,45.73050519273266,25.002500250041432,8,0.16,4,0.5476865073526967,14,0.8,1.3,5.0,0.548429781123527,0.9371294112859598,1472,1472,1410,True,ok
5,2,Awake,60,processed,31,16218164060682032645,45.73050519273266,25.002500250041432,8,0.16,4,0.5476865073526967,14,0.8,1.3,5.0,0.5787505206793299,0.8716986538730087,1472,1472,1393,True,ok
5,2,Awake,60,processed,32,15291199865364459498,45.73050519273266,25.002500250041432,8,0.16,4,0.5476865073526967,14,0.8,1.3,5.0,0.5095879902619319,0.9314720090972936,1472,1472,1390,True,ok
5,2,Awake,60,processed,33,10436077283182785428,45.73050519273266,25.002500250041432,8,0.16,4,0.5476865073526967,14,0.8,1.3,5.0,0.5354169289288738,0.9287238369221354,1472,1472,1404,True,ok
5,2,Awake,60,processed,34,5082345542228567676,45.73050519273266,25.002500250041432,8,0.16,4,0.5476865073526967,14,0.8,1.3,5.0,0.6199764672157527,0.9158172233477477,1472,1472,1414,True,ok
5,2,Awake,60,processed,35,18329140254321602827,45.73050519273266,25.002500250041432,8,0.16,4,0.5476865073526967,14,0.8,1.3,5.0,0.5306451080440503,0.9499668293853786,1472,1472,1414,True,ok
5,2,Awake,60,processed,36,13013666460239563871,45.73050519273266,25.002500250041432,8,0.16,4,0.5476865073526967,14,0.8,1.3,5.0,0.6222082497822166,0.9618041590640175,1472,1472,1409,True,ok
5,2,Awake,60,processed,37,9199834935214282965,45.73050519273266,25.002500250041432,8,0.16,4,0.5476865073526967,14,0.8,1.3,5.0,0.5839243786124438,0.9652382055598353,1472,1442,1379,True,ok
5,2,Awake,60,processed,38,15277482172056768368,45.73050519273266,25.002500250041432,8,0.16,4,0.5476865073526967,14,0.8,1.3,5.0,0.5166361832792137,0.9674163682339251,1472,1472,1396,True,ok
5,2,Awake,60,processed,39,1408535694250129919,45.73050519273266,25.002500250041432,8,0.16,4,0.5476865073526967,14,0.8,1.3,5.0,0.5304053560973752,0.8010985947940175,1472,1472,1405,True,ok
5,3,Awake,60,processed,1,13666086289181400275,45.73050519273266,25.002500250041432,8,0.16,4,0.5327884803421785,13,0.8,1.3,5.0,0.5228883006045256,0.954452878019914,1472,1472,1420,True,ok
5,3,Awake,60,processed,2,740868729220141555,45.73050519273266,25.002500250041432,8,0.16,4,0.5327884803421785,13,0.8,1.3,5.0,0.557452013592887,0.939548588818523,1472,1472,1402,True,ok
5,3,Awake,60,processed,3,5258753466808227086,45.73050519273266,25.002500250041432,8,0.16,4,0.5327884803421785,13,0.8,1.3,5.0,0.5297239278063096,0.8501305886734485,1472,1472,1405,True,ok
5,3,Awake,60,processed,4,8165850177170131868,45.73050519273266,25.002500250041432,8,0.16,4,0.5327884803421785,13,0.8,1.3,5.0,0.4749510813858531,0.9308493528945939,1472,1472,1415,True,ok
5,3,Awake,60,processed,5,15566466231800300899,45.73050519273266,25.002500250041432,8,0.16,4,0.5327884803421785,13,0.8,1.3,5.0,0.5365674073405713,0.9080905532437918,1472,1472,1387,True,ok
5,3,Awake,60,processed,6,16495940221336839229,45.73050519273266,25.002500250041432,8,0.16,4,0.5327884803421785,13,0.8,1.3,5.0,0.47092572198231797,0.8343921924318096,1472,1472,1421,True,ok
5,3,Awake,60,processed,7,916991367963445791,45.73050519273266,25.002500250041432,8,0.16,4,0.5327884803421785,13,0.8,1.3,5.0,0.514237197045118,0.8979582011801441,1472,1472,1409,True,ok
5,3,Awake,60,processed,8,9740571272946694475,45.73050519273266,25.002500250041432,8,0.16,4,0.5327884803421785,13,0.8,1.3,5.0,0.4814561563139122,0.9181205469587742,1472,1472,1399,True,ok
5,3,Awake,60,processed,9,11662239433103755009,45.73050519273266,25.002500250041432,8,0.16,4,0.5327884803421785,13,0.8,1.3,5.0,0.5314441501374602,0.9078111433440127,1472,1472,1398,True,ok
5,3,Awake,60,processed,10,8644108439179049025,45.73050519273266,25.002500250041432,8,0.16,4,0.5327884803421785,13,0.8,1.3,5.0,0.49903562117549183,0.8683155114936254,1472,1472,1416,True,ok
5,3,Awake,60,processed,11,11207515367092627049,45.73050519273266,25.002500250041432,8,0.16,4,0.5327884803421785,13,0.8,1.3,5.0,0.45285724103216607,0.8540025434234987,1472,1472,1437,True,ok
5,3,Awake,60,processed,12,12506660456420502448,45.73050519273266,25.002500250041432,8,0.16,4,0.5327884803421785,13,0.8,1.3,5.0,0.5457737292883111,0.9386397984400497,1472,1472,1424,True,ok
5,3,Awake,60,processed,13,1619404283542877433,45.73050519273266,25.002500250041432,8,0.16,4,0.5327884803421785,13,0.8,1.3,5.0,0.5229224264647531,0.8921891764389208,1472,1472,1418,True,ok
5,3,Awake,60,processed,14,4318627812398677372,45.73050519273266,25.002500250041432,8,0.16,4,0.5327884803421785,13,0.8,1.3,5.0,0.5288913385261448,0.8426709515398191,1472,1472,1391,True,ok
5,3,Awake,60,processed,15,13998805934230940459,45.73050519273266,25.002500250041432,8,0.16,4,0.5327884803421785,13,0.8,1.3,5.0,0.5296047982036108,0.851000645067867,1472,1472,1392,True,ok
5,3,Awake,60,processed,16,11963168064906064260,45.73050519273266,25.002500250041432,8,0.16,4,0.5327884803421785,13,0.8,1.3,5.0,0.4614795467584678,0.8827141018744696,1472,1472,1435,True,ok
5,3,Awake,60,processed,17,6677522796374447154,45.73050519273266,25.002500250041432,8,0.16,4,0.5327884803421785,13,0.8,1.3,5.0,0.5788796308951508,0.9616050332729573,1472,1472,1421,True,ok
5,3,Awake,60,processed,18,17463964335592775893,45.73050519273266,25.002500250041432,8,0.16,4,0.5327884803421785,13,0.8,1.3,5.0,0.5104377910567484,0.8348093120505119,1472,1472,1410,True,ok
5,3,Awake,60,processed,19,17086398839437507551,45.73050519273266,25.002500250041432,8,0.16,4,0.5327884803421785,13,0.8,1.3,5.0,0.5311708078739873,0.8698705339234306,1472,1472,1399,True,ok
5,3,Awake,60,processed,20,15432389907696811967,45.73050519273266,25.002500250041432,8,0.16,4,0.5327884803421785,13,0.8,1.3,5.0,0.5142017213609107,0.9293491494128556,1472,1472,1373,True,ok
5,3,Awake,60,processed,21,8382296733545127617,45.73050519273266,25.002500250041432,8,0.16,4,0.5327884803421785,13,0.8,1.3,5.0,0.5323788975020676,0.8151176658375092,1472,1472,1388,True,ok
5,3,Awake,60,processed,22,10182369502120124078,45.73050519273266,25.002500250041432,8,0.16,4,0.5327884803421785,13,0.8,1.3,5.0,0.5271802418241682,0.943831635287873,1472,1472,1401,True,ok
5,3,Awake,60,processed,23,4594103323819560089,45.73050519273266,25.002500250041432,8,0.16,4,0.5327884803421785,13,0.8,1.3,5.0,0.47166545769616175,0.8752603988953814,1472,1472,1396,True,ok
5,3,Awake,60,processed,24,3048345281957374410,45.73050519273266,25.002500250041432,8,0.16,4,0.5327884803421785,13,0.8,1.3,5.0,0.5140181124423352,0.8858814325233292,1472,1472,1403,True,ok
5,3,Awake,60,processed,25,2977484188467881619,45.73050519273266,25.002500250041432,8,0.16,4,0.5327884803421785,13,0.8,1.3,5.0,0.5581720443205984,0.9624889369639812,1472,1472,1410,True,ok
5,3,Awake,60,processed,26,3150094065370520753,45.73050519273266,25.002500250041432,8,0.16,4,0.5327884803421785,13,0.8,1.3,5.0,0.5610371442878929,0.841737584489694,1472,1472,1413,True,ok
5,3,Awake,60,processed,27,1765170869908375907,45.73050519273266,25.002500250041432,8,0.16,4,0.5327884803421785,13,0.8,1.3,5.0,0.5221204429992812,0.8379929672864023,1472,1472,1420,True,ok
5,3,Awake,60,processed,28,17019087431597762031,45.73050519273266,25.002500250041432,8,0.16,4,0.5327884803421785,13,0.8,1.3,5.0,0.5444627586741242,0.9344313322473253,1472,1472,1397,True,ok
5,3,Awake,60,processed,29,9436458942896431474,45.73050519273266,25.002500250041432,8,0.16,4,0.5327884803421785,13,0.8,1.3,5.0,0.5922477548865132,0.9594164765963366,1472,1472,1396,True,ok
5,3,Awake,60,processed,30,9760681246888116030,45.73050519273266,25.002500250041432,8,0.16,4,0.5327884803421785,13,0.8,1.3,5.0,0.4839204020865081,0.9493850554492627,1472,1472,1391,True,ok
5,3,Awake,60,processed,31,5203978902286880927,45.73050519273266,25.002500250041432,8,0.16,4,0.5327884803421785,13,0.8,1.3,5.0,0.522304317056896,0.8612213379487035,1472,1472,1399,True,ok
5,3,Awake,60,processed,32,6495651038539411635,45.73050519273266,25.002500250041432,8,0.16,4,0.5327884803421785,13,0.8,1.3,5.0,0.5801152160804618,0.9103169618143161,1472,1472,1401,True,ok
5,3,Awake,60,processed,33,8048267762210915747,45.73050519273266,25.002500250041432,8,0.16,4,0.5327884803421785,13,0.8,1.3,5.0,0.5122247399877102,0.9282944026643004,1472,1472,1407,True,ok
5,3,Awake,60,processed,34,972847098372594210,45.73050519273266,25.002500250041432,8,0.16,4,0.5327884803421785,13,0.8,1.3,5.0,0.5113714419546879,0.9098127098567752,1472,1472,1403,True,ok
5,3,Awake,60,processed,35,8283634341543330094,45.73050519273266,25.002500250041432,8,0.16,4,0.5327884803421785,13,0.8,1.3,5.0,0.5417954073216407,0.863774938509146,1472,1472,1419,True,ok
5,3,Awake,60,processed,36,8635191857566466057,45.73050519273266,25.002500250041432,8,0.16,4,0.5327884803421785,13,0.8,1.3,5.0,0.46247484289699803,0.9088911583251429,1472,1472,1400,True,ok
5,3,Awake,60,processed,37,9645278392565349165,45.73050519273266,25.002500250041432,8,0.16,4,0.5327884803421785,13,0.8,1.3,5.0,0.5122406162670652,0.9028804767698585,1472,1472,1426,True,ok
5,3,Awake,60,processed,38,7751199969075164293,45.73050519273266,25.002500250041432,8,0.16,4,0.5327884803421785,13,0.8,1.3,5.0,0.5475470679904892,0.885128976047536,1472,1470,1419,True,ok
5,3,Awake,60,processed,39,6847381404069004123,45.73050519273266,25.002500250041432,8,0.16,4,0.5327884803421785,13,0.8,1.3,5.0,0.41315312192566905,0.8060870315626577,1472,1472,1421,True,ok
5,4,Awake,60,processed,1,4940653167908243492,45.73050519273266,25.002500250041432,8,0.16,4,0.5013117222208617,13,0.8,1.3,5.0,0.5121150289753607,0.8698006964466178,1472,1472,1407,True,ok
5,4,Awake,60,processed,2,6846679403213239979,45.73050519273266,25.002500250041432,8,0.16,4,0.5013117222208617,13,0.8,1.3,5.0,0.6382616177950996,0.94626229289343,1472,1472,1399,True,ok
5,4,Awake,60,processed,3,10423601662975875211,45.73050519273266,25.002500250041432,8,0.16,4,0.5013117222208617,13,0.8,1.3,5.0,0.5303558123848356,0.8934004770036842,1472,1472,1391,True,ok
5,4,Awake,60,processed,4,11942874443097924241,45.73050519273266,25.002500250041432,8,0.16,4,0.5013117222208617,13,0.8,1.3,5.0,0.5876901821072349,0.9197795881848922,1472,1472,1401,True,ok
5,4,Awake,60,processed,5,16113497654828491092,45.73050519273266,25.002500250041432,8,0.16,4,0.5013117222208617,13,0.8,1.3,5.0,0.4813803090835762,0.7486816241910661,1472,1472,1408,True,ok
5,4,Awake,60,processed,6,13141709084378242719,45.73050519273266,25.002500250041432,8,0.16,4,0.5013117222208617,13,0.8,1.3,5.0,0.47561399913494756,0.8661844628102094,1472,1472,1412,True,ok
5,4,Awake,60,processed,7,17336758206561571859,45.73050519273266,25.002500250041432,8,0.16,4,0.5013117222208617,13,0.8,1.3,5.0,0.5765525341383296,0.8846054553816247,1472,1472,1422,True,ok
5,4,Awake,60,processed,8,7874390952093101,45.73050519273266,25.002500250041432,8,0.16,4,0.5013117222208617,13,0.8,1.3,5.0,0.4555528625152431,0.8271208743513823,1472,1472,1411,True,ok
5,4,Awake,60,processed,9,14262766206104067552,45.73050519273266,25.002500250041432,8,0.16,4,0.5013117222208617,13,0.8,1.3,5.0,0.5626688848008633,0.9405607544447993,1472,1472,1412,True,ok
5,4,Awake,60,processed,10,11423015699639707609,45.73050519273266,25.002500250041432,8,0.16,4,0.5013117222208617,13,0.8,1.3,5.0,0.49826665473838283,0.9122241522574105,1472,1472,1395,True,ok
5,4,Awake,60,processed,11,17178074828265458718,45.73050519273266,25.002500250041432,8,0.16,4,0.5013117222208617,13,0.8,1.3,5.0,0.42723925075086133,0.8223304448417942,1472,1472,1398,True,ok
5,4,Awake,60,processed,12,13353188679345158675,45.73050519273266,25.002500250041432,8,0.16,4,0.5013117222208617,13,0.8,1.3,5.0,0.5284102466636202,0.9318790541588803,1472,1472,1402,True,ok
5,4,Awake,60,processed,13,17016010923674408454,45.73050519273266,25.002500250041432,8,0.16,4,0.5013117222208617,13,0.8,1.3,5.0,0.5215255944369828,0.8466853377845078,1472,1472,1410,True,ok
5,4,Awake,60,processed,14,1953981860512836097,45.73050519273266,25.002500250041432,8,0.16,4,0.5013117222208617,13,0.8,1.3,5.0,0.5775910033453099,0.9163714287226864,1472,1472,1406,True,ok
5,4,Awake,60,processed,15,1360282290287662327,45.73050519273266,25.002500250041432,8,0.16,4,0.5013117222208617,13,0.8,1.3,5.0,0.5033491435252344,0.8804002341442484,1472,1472,1403,True,ok
5,4,Awake,60,processed,16,13803676297489842879,45.73050519273266,25.002500250041432,8,0.16,4,0.5013117222208617,13,0.8,1.3,5.0,0.563891889538793,0.9523545723524582,1472,1472,1414,True,ok
5,4,Awake,60,processed,17,17836526269049574775,45.73050519273266,25.002500250041432,8,0.16,4,0.5013117222208617,13,0.8,1.3,5.0,0.507993725911407,0.8218342071126596,1472,1472,1381,True,ok
5,4,Awake,60,processed,18,10178062168584343280,45.73050519273266,25.002500250041432,8,0.16,4,0.5013117222208617,13,0.8,1.3,5.0,0.5332385541534704,0.9352733756163191,1472,1472,1416,True,ok
5,4,Awake,60,processed,19,15932270995758618484,45.73050519273266,25.002500250041432,8,0.16,4,0.5013117222208617,13,0.8,1.3,5.0,0.47840589768524544,0.954699925939707,1472,1472,1421,True,ok
5,4,Awake,60,processed,20,15410508623131962295,45.73050519273266,25.002500250041432,8,0.16,4,0.5013117222208617,13,0.8,1.3,5.0,0.5587461863684188,0.9181938075732556,1472,1472,1391,True,ok
5,4,Awake,60,processed,21,8724460696862195547,45.73050519273266,25.002500250041432,8,0.16,4,0.5013117222208617,13,0.8,1.3,5.0,0.5286724620981689,0.8939610290899539,1472,1472,1383,True,ok
5,4,Awake,60,processed,22,13149586993001216011,45.73050519273266,25.002500250041432,8,0.16,4,0.5013117222208617,13,0.8,1.3,5.0,0.5972885422767107,0.9200317321710689,1472,1472,1436,True,ok
5,4,Awake,60,processed,23,5063036648294691553,45.73050519273266,25.002500250041432,8,0.16,4,0.5013117222208617,13,0.8,1.3,5.0,0.5868976629691637,0.9311535763881437,1472,1472,1403,True,ok
5,4,Awake,60,processed,24,5310959786708015983,45.73050519273266,25.002500250041432,8,0.16,4,0.5013117222208617,13,0.8,1.3,5.0,0.49950982534846533,0.8326478477233862,1472,1472,1399,True,ok
5,4,Awake,60,processed,25,1550705869934749772,45.73050519273266,25.002500250041432,8,0.16,4,0.5013117222208617,13,0.8,1.3,5.0,0.5225692002428491,0.8570435650193293,1472,1472,1415,True,ok
5,4,Awake,60,processed,26,570746962464933875,45.73050519273266,25.002500250041432,8,0.16,4,0.5013117222208617,13,0.8,1.3,5.0,0.5354577401142981,0.9148924206091603,1472,1472,1409,True,ok
5,4,Awake,60,processed,27,13230096359741810746,45.73050519273266,25.002500250041432,8,0.16,4,0.5013117222208617,13,0.8,1.3,5.0,0.4864025178051471,0.865412066558707,1472,1472,1394,True,ok
5,4,Awake,60,processed,28,7992195328939008614,45.73050519273266,25.002500250041432,8,0.16,4,0.5013117222208617,13,0.8,1.3,5.0,0.5516383593576172,0.9153514345686381,1472,1472,1400,True,ok
5,4,Awake,60,processed,29,2414584840495779316,45.73050519273266,25.002500250041432,8,0.16,4,0.5013117222208617,13,0.8,1.3,5.0,0.5279495790922417,0.8548419928000732,1472,1472,1415,True,ok
5,4,Awake,60,processed,30,7032555125511039777,45.73050519273266,25.002500250041432,8,0.16,4,0.5013117222208617,13,0.8,1.3,5.0,0.5012219292640779,0.9034532816109077,1472,1472,1417,True,ok
5,4,Awake,60,processed,31,14479597886058831432,45.73050519273266,25.002500250041432,8,0.16,4,0.5013117222208617,13,0.8,1.3,5.0,0.565043122065951,0.9236275499635981,1472,1472,1408,True,ok
5,4,Awake,60,processed,32,7659815738472550058,45.73050519273266,25.002500250041432,8,0.16,4,0.5013117222208617,13,0.8,1.3,5.0,0.5476161985699233,0.876792209141924,1472,1472,1408,True,ok
5,4,Awake,60,processed,33,10538135720466713467,45.73050519273266,25.002500250041432,8,0.16,4,0.5013117222208617,13,0.8,1.3,5.0,0.5089881426742835,0.9147080502057885,1472,1472,1411,True,ok
5,4,Awake,60,processed,34,2922627786215237178,45.73050519273266,25.002500250041432,8,0.16,4,0.5013117222208617,13,0.8,1.3,5.0,0.5446836839955294,0.958354800070836,1472,1472,1419,True,ok
5,4,Awake,60,processed,35,9231719723048044224,45.73050519273266,25.002500250041432,8,0.16,4,0.5013117222208617,13,0.8,1.3,5.0,0.5245752525463764,0.9238298638726786,1472,1472,1396,True,ok
5,4,Awake,60,processed,36,12498633557372505951,45.73050519273266,25.002500250041432,8,0.16,4,0.5013117222208617,13,0.8,1.3,5.0,0.5090722002001432,0.928169097344707,1472,1472,1395,True,ok
5,4,Awake,60,processed,37,4310770101449094425,45.73050519273266,25.002500250041432,8,0.16,4,0.5013117222208617,13,0.8,1.3,5.0,0.47669583879915783,0.7524927863903794,1472,1472,1414,True,ok
5,4,Awake,60,processed,38,881656539398469116,45.73050519273266,25.002500250041432,8,0.16,4,0.5013117222208617,13,0.8,1.3,5.0,0.514866927884071,0.8366121967814035,1472,1472,1414,True,ok
5,4,Awake,60,processed,39,14597134839682201770,45.73050519273266,25.002500250041432,8,0.16,4,0.5013117222208617,13,0.8,1.3,5.0,0.5093733020347063,0.8793816146738234,1472,1472,1404,True,ok
5,5,Awake,60,processed,1,5138321484331024617,45.73050519273266,25.002500250041432,8,0.16,4,0.4793607217841842,12,0.8,1.3,5.0,0.4887949568964078,0.9185098421569101,1472,1472,1399,True,ok
5,5,Awake,60,processed,2,11079326458617308273,45.73050519273266,25.002500250041432,8,0.16,4,0.4793607217841842,12,0.8,1.3,5.0,0.44057640546245586,0.8316579192699898,1472,1472,1411,True,ok
5,5,Awake,60,processed,3,13198216117533023579,45.73050519273266,25.002500250041432,8,0.16,4,0.4793607217841842,12,0.8,1.3,5.0,0.46906192765366567,0.9051067920817422,1472,1472,1408,True,ok
5,5,Awake,60,processed,4,3725581008338335658,45.73050519273266,25.002500250041432,8,0.16,4,0.4793607217841842,12,0.8,1.3,5.0,0.44995165095155903,0.7868277012066773,1472,1472,1409,True,ok
5,5,Awake,60,processed,5,7139290769227258054,45.73050519273266,25.002500250041432,8,0.16,4,0.4793607217841842,12,0.8,1.3,5.0,0.4879500079234687,0.971708879001458,1472,1472,1403,True,ok
5,5,Awake,60,processed,6,8737841597238387169,45.73050519273266,25.002500250041432,8,0.16,4,0.4793607217841842,12,0.8,1.3,5.0,0.46372692463971155,0.8613963495240364,1472,1472,1402,True,ok
5,5,Awake,60,processed,7,3993771999138159467,45.73050519273266,25.002500250041432,8,0.16,4,0.4793607217841842,12,0.8,1.3,5.0,0.422978859104732,0.8482843254452066,1472,1472,1390,True,ok
5,5,Awake,60,processed,8,89062210793728153,45.73050519273266,25.002500250041432,8,0.16,4,0.4793607217841842,12,0.8,1.3,5.0,0.4715828337921084,0.8035521316483404,1472,1472,1428,True,ok
5,5,Awake,60,processed,9,12046149137151184444,45.73050519273266,25.002500250041432,8,0.16,4,0.4793607217841842,12,0.8,1.3,5.0,0.481430394058018,0.8935136239002838,1472,1472,1386,True,ok
5,5,Awake,60,processed,10,13455654505597852496,45.73050519273266,25.002500250041432,8,0.16,4,0.4793607217841842,12,0.8,1.3,5.0,0.4159782142655061,0.637732331824158,1472,1472,1394,True,ok
5,5,Awake,60,processed,11,11199590138541533687,45.73050519273266,25.002500250041432,8,0.16,4,0.4793607217841842,12,0.8,1.3,5.0,0.3990129860480621,0.8131199374442347,1472,1472,1414,True,ok
5,5,Awake,60,processed,12,8300282810634595711,45.73050519273266,25.002500250041432,8,0.16,4,0.4793607217841842,12,0.8,1.3,5.0,0.47110674827075905,0.8912569327432531,1472,1472,1408,True,ok
5,5,Awake,60,processed,13,15690048973209707392,45.73050519273266,25.002500250041432,8,0.16,4,0.4793607217841842,12,0.8,1.3,5.0,0.5009020927747276,0.8895201391641583,1472,1472,1419,True,ok
5,5,Awake,60,processed,14,15308898784976198256,45.73050519273266,25.002500250041432,8,0.16,4,0.4793607217841842,12,0.8,1.3,5.0,0.41138737979807427,0.8808881831096602,1472,1472,1421,True,ok
5,5,Awake,60,processed,15,11945825094071719129,45.73050519273266,25.002500250041432,8,0.16,4,0.4793607217841842,12,0.8,1.3,5.0,0.4765319246455492,0.8822157161136471,1472,1472,1421,True,ok
5,5,Awake,60,processed,16,16864776772468963372,45.73050519273266,25.002500250041432,8,0.16,4,0.4793607217841842,12,0.8,1.3,5.0,0.43239743333931774,0.8118014565731113,1472,1472,1404,True,ok
5,5,Awake,60,processed,17,9051865837052673694,45.73050519273266,25.002500250041432,8,0.16,4,0.4793607217841842,12,0.8,1.3,5.0,0.49506591647606446,0.9232564689894225,1472,1472,1405,True,ok
5,5,Awake,60,processed,18,4950286742526799441,45.73050519273266,25.002500250041432,8,0.16,4,0.4793607217841842,12,0.8,1.3,5.0,0.4944838808494266,0.8500394621802015,1472,1472,1429,True,ok
5,5,Awake,60,processed,19,957442705717896869,45.73050519273266,25.002500250041432,8,0.16,4,0.4793607217841842,12,0.8,1.3,5.0,0.4628602667427702,0.8558961747020938,1472,1472,1410,True,ok
5,5,Awake,60,processed,20,12971545842807057062,45.73050519273266,25.002500250041432,8,0.16,4,0.4793607217841842,12,0.8,1.3,5.0,0.4527850213875044,0.7220939670785027,1472,1472,1408,True,ok
5,5,Awake,60,processed,21,13302171626991376679,45.73050519273266,25.002500250041432,8,0.16,4,0.4793607217841842,12,0.8,1.3,5.0,0.4905714401743286,0.9195130055177078,1472,1472,1416,True,ok
5,5,Awake,60,processed,22,12311671423608664241,45.73050519273266,25.002500250041432,8,0.16,4,0.4793607217841842,12,0.8,1.3,5.0,0.4782881139759968,0.9078569931628141,1472,1472,1392,True,ok
5,5,Awake,60,processed,23,4816209889221170662,45.73050519273266,25.002500250041432,8,0.16,4,0.4793607217841842,12,0.8,1.3,5.0,0.43516519171475887,0.81863199725376,1472,1472,1409,True,ok
5,5,Awake,60,processed,24,8068098623212285232,45.73050519273266,25.002500250041432,8,0.16,4,0.4793607217841842,12,0.8,1.3,5.0,0.4340706354292015,0.8510340385031353,1472,1472,1429,True,ok
5,5,Awake,60,processed,25,16493398071343421093,45.73050519273266,25.002500250041432,8,0.16,4,0.4793607217841842,12,0.8,1.3,5.0,0.460407169261078,0.8580853994872026,1472,1472,1416,True,ok
5,5,Awake,60,processed,26,15694241164779860865,45.73050519273266,25.002500250041432,8,0.16,4,0.4793607217841842,12,0.8,1.3,5.0,0.4978702757400087,0.8909853443152794,1472,1472,1404,True,ok
5,5,Awake,60,processed,27,7500133495062399238,45.73050519273266,25.002500250041432,8,0.16,4,0.4793607217841842,12,0.8,1.3,5.0,0.46988525972971024,0.8330186123214965,1472,1472,1423,True,ok
5,5,Awake,60,processed,28,8302841249233664152,45.73050519273266,25.002500250041432,8,0.16,4,0.4793607217841842,12,0.8,1.3,5.0,0.4925740860186774,0.8836215663407132,1472,1472,1398,True,ok
5,5,Awake,60,processed,29,15251125277925572904,45.73050519273266,25.002500250041432,8,0.16,4,0.4793607217841842,12,0.8,1.3,5.0,0.48386847631307206,0.8331902079197628,1472,1472,1395,True,ok
5,5,Awake,60,processed,30,17608592609122885006,45.73050519273266,25.002500250041432,8,0.16,4,0.4793607217841842,12,0.8,1.3,5.0,0.37717407921338875,0.7026131140195176,1472,1472,1415,True,ok
5,5,Awake,60,processed,31,15997072542989710354,45.73050519273266,25.002500250041432,8,0.16,4,0.4793607217841842,12,0.8,1.3,5.0,0.4364680080390596,0.9014651267244317,1472,1472,1404,True,ok
5,5,Awake,60,processed,32,4504296358703922951,45.73050519273266,25.002500250041432,8,0.16,4,0.4793607217841842,12,0.8,1.3,5.0,0.4805019228075873,0.8650555907980542,1472,1472,1394,True,ok
5,5,Awake,60,processed,33,14133858111527374447,45.73050519273266,25.002500250041432,8,0.16,4,0.4793607217841842,12,0.8,1.3,5.0,0.5123234528962953,0.8796472189509952,1472,1472,1423,True,ok
5,5,Awake,60,processed,34,15324925078606014207,45.73050519273266,25.002500250041432,8,0.16,4,0.4793607217841842,12,0.8,1.3,5.0,0.4667176193657101,0.8294716530261472,1472,1472,1431,True,ok
5,5,Awake,60,processed,35,605824940338194895,45.73050519273266,25.002500250041432,8,0.16,4,0.4793607217841842,12,0.8,1.3,5.0,0.41310632217126525,0.7449204428703561,1472,1472,1399,True,ok
5,5,Awake,60,processed,36,17552906444182943461,45.73050519273266,25.002500250041432,8,0.16,4,0.4793607217841842,12,0.8,1.3,5.0,0.4520486519741377,0.8662400296658055,1472,1472,1413,True,ok
5,5,Awake,60,processed,37,17932870286834713333,45.73050519273266,25.002500250041432,8,0.16,4,0.4793607217841842,12,0.8,1.3,5.0,0.45585120843844484,0.8605979230465962,1472,1472,1393,True,ok
5,5,Awake,60,processed,38,1430284582844370574,45.73050519273266,25.002500250041432,8,0.16,4,0.4793607217841842,12,0.8,1.3,5.0,0.5117260829133536,0.8950244233836153,1472,1472,1413,True,ok
5,5,Awake,60,processed,39,17278150152299206545,45.73050519273266,25.002500250041432,8,0.16,4,0.4793607217841842,12,0.8,1.3,5.0,0.4507808141932136,0.8102239592620323,1472,1472,1411,True,ok
5,6,Awake,60,processed,1,4169524753724620740,45.73050519273266,25.002500250041432,8,0.16,4,0.4956859791982041,12,0.8,1.3,5.0,0.4985368017621288,0.827597432032348,1472,1472,1421,True,ok
5,6,Awake,60,processed,2,11038405974349036631,45.73050519273266,25.002500250041432,8,0.16,4,0.4956859791982041,12,0.8,1.3,5.0,0.4628379593380731,0.7280049530114391,1472,1472,1417,True,ok
5,6,Awake,60,processed,3,9340391958086927391,45.73050519273266,25.002500250041432,8,0.16,4,0.4956859791982041,12,0.8,1.3,5.0,0.49268907206149265,0.9316902917140352,1472,1472,1407,True,ok
5,6,Awake,60,processed,4,12018054770547511139,45.73050519273266,25.002500250041432,8,0.16,4,0.4956859791982041,12,0.8,1.3,5.0,0.44995833870234053,0.8197391543859773,1472,1472,1391,True,ok
5,6,Awake,60,processed,5,16631724827504692263,45.73050519273266,25.002500250041432,8,0.16,4,0.4956859791982041,12,0.8,1.3,5.0,0.4933952547189645,0.8871439575216054,1472,1472,1418,True,ok
5,6,Awake,60,processed,6,2320437146761771533,45.73050519273266,25.002500250041432,8,0.16,4,0.4956859791982041,12,0.8,1.3,5.0,0.4850116461451011,0.7697543489198164,1472,1472,1428,True,ok
5,6,Awake,60,processed,7,8928564767740242517,45.73050519273266,25.002500250041432,8,0.16,4,0.4956859791982041,12,0.8,1.3,5.0,0.43802104114226,0.8059414451700955,1472,1472,1421,True,ok
5,6,Awake,60,processed,8,13821427944891602107,45.73050519273266,25.002500250041432,8,0.16,4,0.4956859791982041,12,0.8,1.3,5.0,0.48780649088377737,0.887339670352382,1472,1472,1424,True,ok
5,6,Awake,60,processed,9,8739109508054329078,45.73050519273266,25.002500250041432,8,0.16,4,0.4956859791982041,12,0.8,1.3,5.0,0.4222456057544662,0.7630304534137587,1472,1472,1403,True,ok
5,6,Awake,60,processed,10,12232151278443319164,45.73050519273266,25.002500250041432,8,0.16,4,0.4956859791982041,12,0.8,1.3,5.0,0.5408372555362129,0.875103498292614,1472,1472,1407,True,ok
5,6,Awake,60,processed,11,12664542098287599896,45.73050519273266,25.002500250041432,8,0.16,4,0.4956859791982041,12,0.8,1.3,5.0,0.573154424653199,0.9308661952346232,1472,1472,1404,True,ok
5,6,Awake,60,processed,12,10850388274655276531,45.73050519273266,25.002500250041432,8,0.16,4,0.4956859791982041,12,0.8,1.3,5.0,0.5380900824953685,0.9179486815463122,1472,1472,1394,True,ok
5,6,Awake,60,processed,13,16306875237480342859,45.73050519273266,25.002500250041432,8,0.16,4,0.4956859791982041,12,0.8,1.3,5.0,0.4770524502156007,0.9324880807395737,1472,1472,1426,True,ok
5,6,Awake,60,processed,14,3230057870848839137,45.73050519273266,25.002500250041432,8,0.16,4,0.4956859791982041,12,0.8,1.3,5.0,0.4853194529928111,0.9272187951214804,1472,1472,1423,True,ok
5,6,Awake,60,processed,15,4016986303679742042,45.73050519273266,25.002500250041432,8,0.16,4,0.4956859791982041,12,0.8,1.3,5.0,0.48933795677059405,0.8934509290071266,1472,1472,1399,True,ok
5,6,Awake,60,processed,16,15113482888410329304,45.73050519273266,25.002500250041432,8,0.16,4,0.4956859791982041,12,0.8,1.3,5.0,0.48085348349481727,0.9023484994907573,1472,1472,1401,True,ok
5,6,Awake,60,processed,17,12194062367172782877,45.73050519273266,25.002500250041432,8,0.16,4,0.4956859791982041,12,0.8,1.3,5.0,0.5522025984430273,0.9353240831496499,1472,1472,1413,True,ok
5,6,Awake,60,processed,18,2793919850125876977,45.73050519273266,25.002500250041432,8,0.16,4,0.4956859791982041,12,0.8,1.3,5.0,0.5395349631136099,0.9504950024306676,1472,1472,1415,True,ok
5,6,Awake,60,processed,19,14698313250029645063,45.73050519273266,25.002500250041432,8,0.16,4,0.4956859791982041,12,0.8,1.3,5.0,0.48861063092256657,0.8355634624738961,1472,1472,1414,True,ok
5,6,Awake,60,processed,20,2753041108519507572,45.73050519273266,25.002500250041432,8,0.16,4,0.4956859791982041,12,0.8,1.3,5.0,0.4502310264295639,0.7244092418583811,1472,1472,1392,True,ok
5,6,Awake,60,processed,21,11839929805265172714,45.73050519273266,25.002500250041432,8,0.16,4,0.4956859791982041,12,0.8,1.3,5.0,0.5274894686283504,0.8239147389860463,1472,1472,1415,True,ok
5,6,Awake,60,processed,22,11228512238722467422,45.73050519273266,25.002500250041432,8,0.16,4,0.4956859791982041,12,0.8,1.3,5.0,0.48557936656636824,0.8404735057864366,1472,1472,1425,True,ok
5,6,Awake,60,processed,23,6183725127055987266,45.73050519273266,25.002500250041432,8,0.16,4,0.4956859791982041,12,0.8,1.3,5.0,0.49891151875004025,0.9061333078849381,1472,1472,1417,True,ok
5,6,Awake,60,processed,24,6176295262666528087,45.73050519273266,25.002500250041432,8,0.16,4,0.4956859791982041,12,0.8,1.3,5.0,0.48475664175307975,0.9150018429670733,1472,1472,1419,True,ok
5,6,Awake,60,processed,25,9294636901313304158,45.73050519273266,25.002500250041432,8,0.16,4,0.4956859791982041,12,0.8,1.3,5.0,0.49520915655280817,0.8647278837317783,1472,1472,1416,True,ok
5,6,Awake,60,processed,26,11573283175496543670,45.73050519273266,25.002500250041432,8,0.16,4,0.4956859791982041,12,0.8,1.3,5.0,0.5035924698706231,0.9355897082817795,1472,1472,1411,True,ok
5,6,Awake,60,processed,27,4623491309752035139,45.73050519273266,25.002500250041432,8,0.16,4,0.4956859791982041,12,0.8,1.3,5.0,0.5288997103398528,0.931007759814014,1472,1472,1391,True,ok
5,6,Awake,60,processed,28,11282078792088805318,45.73050519273266,25.002500250041432,8,0.16,4,0.4956859791982041,12,0.8,1.3,5.0,0.4746842508845065,0.8182315759774642,1472,1472,1392,True,ok
5,6,Awake,60,processed,29,6610459249183232719,45.73050519273266,25.002500250041432,8,0.16,4,0.4956859791982041,12,0.8,1.3,5.0,0.4268683145377909,0.8310884068055351,1472,1472,1387,True,ok
5,6,Awake,60,processed,30,15020188852172894606,45.73050519273266,25.002500250041432,8,0.16,4,0.4956859791982041,12,0.8,1.3,5.0,0.47172756687700734,0.8503129284272462,1472,1472,1390,True,ok
5,6,Awake,60,processed,31,13206682404142604735,45.73050519273266,25.002500250041432,8,0.16,4,0.4956859791982041,12,0.8,1.3,5.0,0.5160910869395153,0.9009630437608083,1472,1472,1392,True,ok
5,6,Awake,60,processed,32,14125292389644571995,45.73050519273266,25.002500250041432,8,0.16,4,0.4956859791982041,12,0.8,1.3,5.0,0.424739033297654,0.7961164599307011,1472,1472,1399,True,ok
5,6,Awake,60,processed,33,13702315456006484148,45.73050519273266,25.002500250041432,8,0.16,4,0.4956859791982041,12,0.8,1.3,5.0,0.5392516352455236,0.8703753500679366,1472,1472,1405,True,ok
5,6,Awake,60,processed,34,5631264259652692006,45.73050519273266,25.002500250041432,8,0.16,4,0.4956859791982041,12,0.8,1.3,5.0,0.5087633974290549,0.8470259868171267,1472,1472,1413,True,ok
5,6,Awake,60,processed,35,1485253984966880663,45.73050519273266,25.002500250041432,8,0.16,4,0.4956859791982041,12,0.8,1.3,5.0,0.4727637111384036,0.8840019243388667,1472,1472,1412,True,ok
5,6,Awake,60,processed,36,13632956169939754010,45.73050519273266,25.002500250041432,8,0.16,4,0.4956859791982041,12,0.8,1.3,5.0,0.47043462850888734,0.7512211601583736,1472,1472,1407,True,ok
5,6,Awake,60,processed,37,2538899407491554603,45.73050519273266,25.002500250041432,8,0.16,4,0.4956859791982041,12,0.8,1.3,5.0,0.41646697803787724,0.7506727578422637,1472,1472,1400,True,ok
5,6,Awake,60,processed,38,10216389357230972342,45.73050519273266,25.002500250041432,8,0.16,4,0.4956859791982041,12,0.8,1.3,5.0,0.5088050244631984,0.8704165247511616,1472,1472,1388,True,ok
5,6,Awake,60,processed,39,681334369130158065,45.73050519273266,25.002500250041432,8,0.16,4,0.4956859791982041,12,0.8,1.3,5.0,0.5133346132721223,0.9297051519751404,1472,1472,1393,True,ok
5,7,Awake,60,processed,1,13863683328471732398,45.73050519273266,25.002500250041432,8,0.16,4,0.5527321847654943,14,0.8,1.3,5.0,0.4892208527022931,0.762426701060401,1472,1472,1401,True,ok
5,7,Awake,60,processed,2,3386554075299245236,45.73050519273266,25.002500250041432,8,0.16,4,0.5527321847654943,14,0.8,1.3,5.0,0.47366896905647793,0.897556102048513,1472,1472,1394,True,ok
5,7,Awake,60,processed,3,12392769031652078412,45.73050519273266,25.002500250041432,8,0.16,4,0.5527321847654943,14,0.8,1.3,5.0,0.5325124479585528,0.8890975695875397,1472,1472,1425,True,ok
5,7,Awake,60,processed,4,14010199628755117933,45.73050519273266,25.002500250041432,8,0.16,4,0.5527321847654943,14,0.8,1.3,5.0,0.5404988559590302,0.9188649558221449,1472,1472,1421,True,ok
5,7,Awake,60,processed,5,3798058656497374231,45.73050519273266,25.002500250041432,8,0.16,4,0.5527321847654943,14,0.8,1.3,5.0,0.5398626237044132,0.9425469568485221,1472,1472,1427,True,ok
5,7,Awake,60,processed,6,6107007364375060918,45.73050519273266,25.002500250041432,8,0.16,4,0.5527321847654943,14,0.8,1.3,5.0,0.5109639612709233,0.913955982024681,1472,1472,1424,True,ok
5,7,Awake,60,processed,7,13866173336627893101,45.73050519273266,25.002500250041432,8,0.16,4,0.5527321847654943,14,0.8,1.3,5.0,0.5339634638181183,0.9576032105141901,1472,1472,1399,True,ok
5,7,Awake,60,processed,8,7242355207427726408,45.73050519273266,25.002500250041432,8,0.16,4,0.5527321847654943,14,0.8,1.3,5.0,0.6199625037176567,0.9844682044010677,1472,1472,1404,True,ok
5,7,Awake,60,processed,9,14813212043802447306,45.73050519273266,25.002500250041432,8,0.16,4,0.5527321847654943,14,0.8,1.3,5.0,0.582288275975021,0.9394409544113398,1472,1472,1403,True,ok
5,7,Awake,60,processed,10,9607788650467989759,45.73050519273266,25.002500250041432,8,0.16,4,0.5527321847654943,14,0.8,1.3,5.0,0.5307836732105293,0.8731024059325461,1472,1472,1393,True,ok
5,7,Awake,60,processed,11,9750259410808254133,45.73050519273266,25.002500250041432,8,0.16,4,0.5527321847654943,14,0.8,1.3,5.0,0.5407542448359756,0.945771803619364,1472,1472,1401,True,ok
5,7,Awake,60,processed,12,9101225518677369930,45.73050519273266,25.002500250041432,8,0.16,4,0.5527321847654943,14,0.8,1.3,5.0,0.5310962205793184,0.9077599866970033,1472,1472,1400,True,ok
5,7,Awake,60,processed,13,17296871919741224312,45.73050519273266,25.002500250041432,8,0.16,4,0.5527321847654943,14,0.8,1.3,5.0,0.6174577932467927,0.9243900050477997,1472,1472,1405,True,ok
5,7,Awake,60,processed,14,663849648656288754,45.73050519273266,25.002500250041432,8,0.16,4,0.5527321847654943,14,0.8,1.3,5.0,0.49479480050478486,0.912362049868718,1472,1472,1406,True,ok
5,7,Awake,60,processed,15,7495787033108699018,45.73050519273266,25.002500250041432,8,0.16,4,0.5527321847654943,14,0.8,1.3,5.0,0.5209094269068062,0.8662980313262952,1472,1472,1410,True,ok
5,7,Awake,60,processed,16,7240075521536821164,45.73050519273266,25.002500250041432,8,0.16,4,0.5527321847654943,14,0.8,1.3,5.0,0.5629881213947598,0.8900816516818438,1472,1472,1423,True,ok
5,7,Awake,60,processed,17,1367457777357497659,45.73050519273266,25.002500250041432,8,0.16,4,0.5527321847654943,14,0.8,1.3,5.0,0.5271779507392019,0.9227305807345183,1472,1472,1411,True,ok
5,7,Awake,60,processed,18,13982150159825164344,45.73050519273266,25.002500250041432,8,0.16,4,0.5527321847654943,14,0.8,1.3,5.0,0.5854941732911415,0.8643987347443025,1472,1472,1412,True,ok
5,7,Awake,60,processed,19,13359281769107766643,45.73050519273266,25.002500250041432,8,0.16,4,0.5527321847654943,14,0.8,1.3,5.0,0.5879704063672491,0.9741291696743555,1472,1472,1418,True,ok
5,7,Awake,60,processed,20,1209199380418844367,45.73050519273266,25.002500250041432,8,0.16,4,0.5527321847654943,14,0.8,1.3,5.0,0.5011220249366801,0.7854434914558033,1472,1472,1420,True,ok
5,7,Awake,60,processed,21,2533340117864922965,45.73050519273266,25.002500250041432,8,0.16,4,0.5527321847654943,14,0.8,1.3,5.0,0.4967986920886004,0.9094929464277626,1472,1472,1414,True,ok
5,7,Awake,60,processed,22,4942494055130305490,45.73050519273266,25.002500250041432,8,0.16,4,0.5527321847654943,14,0.8,1.3,5.0,0.5013117622098584,0.8644924281397033,1472,1472,1406,True,ok
5,7,Awake,60,processed,23,13987269810239042768,45.73050519273266,25.002500250041432,8,0.16,4,0.5527321847654943,14,0.8,1.3,5.0,0.557122330994864,0.8987409752328133,1472,1472,1411,True,ok
5,7,Awake,60,processed,24,13884783533678192414,45.73050519273266,25.002500250041432,8,0.16,4,0.5527321847654943,14,0.8,1.3,5.0,0.5723740293046318,0.9197867371063493,1472,1472,1402,True,ok
5,7,Awake,60,processed,25,3835556133880593818,45.73050519273266,25.002500250041432,8,0.16,4,0.5527321847654943,14,0.8,1.3,5.0,0.5515876051887796,0.8951706320068635,1472,1472,1403,True,ok
5,7,Awake,60,processed,26,2445481405519877431,45.73050519273266,25.002500250041432,8,0.16,4,0.5527321847654943,14,0.8,1.3,5.0,0.554263004391796,0.8829946209752572,1472,1472,1402,True,ok
5,7,Awake,60,processed,27,17360059740955675266,45.73050519273266,25.002500250041432,8,0.16,4,0.5527321847654943,14,0.8,1.3,5.0,0.5360407568617463,0.9535792123728968,1472,1472,1410,True,ok
5,7,Awake,60,processed,28,17250934190240006251,45.73050519273266,25.002500250041432,8,0.16,4,0.5527321847654943,14,0.8,1.3,5.0,0.5853601801081065,0.9228535571564802,1472,1472,1412,True,ok
5,7,Awake,60,processed,29,9076072317379246446,45.73050519273266,25.002500250041432,8,0.16,4,0.5527321847654943,14,0.8,1.3,5.0,0.5058151324762223,0.8784518319107524,1472,1472,1424,True,ok
5,7,Awake,60,processed,30,17786538018080229985,45.73050519273266,25.002500250041432,8,0.16,4,0.5527321847654943,14,0.8,1.3,5.0,0.4908025349266359,0.9101901549389159,1472,1472,1394,True,ok
5,7,Awake,60,processed,31,14654278232135088987,45.73050519273266,25.002500250041432,8,0.16,4,0.5527321847654943,14,0.8,1.3,5.0,0.4454341095196159,0.8142321405723708,1472,1472,1436,True,ok
5,7,Awake,60,processed,32,7903685366242281740,45.73050519273266,25.002500250041432,8,0.16,4,0.5527321847654943,14,0.8,1.3,5.0,0.5163150684676207,0.7751239197997724,1472,1472,1396,True,ok
5,7,Awake,60,processed,33,2006757269609095396,45.73050519273266,25.002500250041432,8,0.16,4,0.5527321847654943,14,0.8,1.3,5.0,0.5388171162901281,0.9063514625848329,1472,1472,1407,True,ok
5,7,Awake,60,processed,34,6456447071800180078,45.73050519273266,25.002500250041432,8,0.16,4,0.5527321847654943,14,0.8,1.3,5.0,0.5505005201609597,0.8824885480589082,1472,1472,1405,True,ok
5,7,Awake,60,processed,35,17161147520091018053,45.73050519273266,25.002500250041432,8,0.16,4,0.5527321847654943,14,0.8,1.3,5.0,0.6033198267498099,0.9386717411396518,1472,1472,1397,True,ok
5,7,Awake,60,processed,36,16593870443244602831,45.73050519273266,25.002500250041432,8,0.16,4,0.5527321847654943,14,0.8,1.3,5.0,0.5898743941438733,0.8914758847441292,1472,1472,1413,True,ok
5,7,Awake,60,processed,37,11054251618030586370,45.73050519273266,25.002500250041432,8,0.16,4,0.5527321847654943,14,0.8,1.3,5.0,0.4736073237168632,0.9088863792104299,1472,1472,1381,True,ok
5,7,Awake,60,processed,38,17422890453046027889,45.73050519273266,25.002500250041432,8,0.16,4,0.5527321847654943,14,0.8,1.3,5.0,0.4936701380737251,0.9738050955874847,1472,1472,1401,True,ok
5,7,Awake,60,processed,39,14255749948180696401,45.73050519273266,25.002500250041432,8,0.16,4,0.5527321847654943,14,0.8,1.3,5.0,0.4818618660749827,0.7392773380720444,1472,1472,1405,True,ok
5,8,Awake,60,processed,1,4084973023120676521,45.73050519273266,25.002500250041432,8,0.16,4,0.5353833896721303,13,0.8,1.3,5.0,0.6192446246191411,0.9584560798928372,1472,1472,1432,True,ok
5,8,Awake,60,processed,2,9979395195522954061,45.73050519273266,25.002500250041432,8,0.16,4,0.5353833896721303,13,0.8,1.3,5.0,0.602467920388245,0.9400705697108116,1472,1472,1422,True,ok
5,8,Awake,60,processed,3,5513483205476885697,45.73050519273266,25.002500250041432,8,0.16,4,0.5353833896721303,13,0.8,1.3,5.0,0.6040692733808304,0.9334710267102423,1472,1472,1426,True,ok
5,8,Awake,60,processed,4,998083823203532715,45.73050519273266,25.002500250041432,8,0.16,4,0.5353833896721303,13,0.8,1.3,5.0,0.556028225818678,0.9056483122800311,1472,1472,1420,True,ok
5,8,Awake,60,processed,5,8415100139318914409,45.73050519273266,25.002500250041432,8,0.16,4,0.5353833896721303,13,0.8,1.3,5.0,0.5576650815216402,0.9588772683969958,1472,1472,1430,True,ok
5,8,Awake,60,processed,6,12656920490288994353,45.73050519273266,25.002500250041432,8,0.16,4,0.5353833896721303,13,0.8,1.3,5.0,0.5119482667729183,0.8707481045419699,1472,1472,1398,True,ok
5,8,Awake,60,processed,7,15178018199029898581,45.73050519273266,25.002500250041432,8,0.16,4,0.5353833896721303,13,0.8,1.3,5.0,0.5823754287330263,0.958246053110981,1472,1472,1400,True,ok
5,8,Awake,60,processed,8,6178290716784783730,45.73050519273266,25.002500250041432,8,0.16,4,0.5353833896721303,13,0.8,1.3,5.0,0.5631649889673376,0.9027146691596439,1472,1472,1424,True,ok
5,8,Awake,60,processed,9,1050056915602157323,45.73050519273266,25.002500250041432,8,0.16,4,0.5353833896721303,13,0.8,1.3,5.0,0.48701118978099184,0.9007513209424187,1472,1472,1418,True,ok
5,8,Awake,60,processed,10,5168821212128029384,45.73050519273266,25.002500250041432,8,0.16,4,0.5353833896721303,13,0.8,1.3,5.0,0.5242408403882783,0.8968154394381473,1472,1472,1402,True,ok
5,8,Awake,60,processed,11,3388268710390818562,45.73050519273266,25.002500250041432,8,0.16,4,0.5353833896721303,13,0.8,1.3,5.0,0.5580616864462191,0.9742173441579125,1472,1472,1382,True,ok
5,8,Awake,60,processed,12,13285802023743884170,45.73050519273266,25.002500250041432,8,0.16,4,0.5353833896721303,13,0.8,1.3,5.0,0.5644468533411049,0.9333080912839247,1472,1472,1406,True,ok
5,8,Awake,60,processed,13,3962669398252123643,45.73050519273266,25.002500250041432,8,0.16,4,0.5353833896721303,13,0.8,1.3,5.0,0.5048398980734249,0.9768293820049979,1472,1472,1398,True,ok
5,8,Awake,60,processed,14,16050174042893847278,45.73050519273266,25.002500250041432,8,0.16,4,0.5353833896721303,13,0.8,1.3,5.0,0.514712652280623,0.9092837832403375,1472,1472,1404,True,ok
5,8,Awake,60,processed,15,5637929220514133134,45.73050519273266,25.002500250041432,8,0.16,4,0.5353833896721303,13,0.8,1.3,5.0,0.5972647496517334,0.8677446307646792,1472,1472,1387,True,ok
5,8,Awake,60,processed,16,15010178581736747621,45.73050519273266,25.002500250041432,8,0.16,4,0.5353833896721303,13,0.8,1.3,5.0,0.5772548184828132,0.8791465740431689,1472,1472,1405,True,ok
5,8,Awake,60,processed,17,16919800849005295443,45.73050519273266,25.002500250041432,8,0.16,4,0.5353833896721303,13,0.8,1.3,5.0,0.5322836236031883,0.9320284342373124,1472,1472,1403,True,ok
5,8,Awake,60,processed,18,7292829404010384154,45.73050519273266,25.002500250041432,8,0.16,4,0.5353833896721303,13,0.8,1.3,5.0,0.5902188935289329,0.961903169683453,1472,1472,1369,True,ok
5,8,Awake,60,processed,19,7655579283763820826,45.73050519273266,25.002500250041432,8,0.16,4,0.5353833896721303,13,0.8,1.3,5.0,0.4776742133694137,0.864754526079244,1472,1472,1401,True,ok
5,8,Awake,60,processed,20,3056553547867924793,45.73050519273266,25.002500250041432,8,0.16,4,0.5353833896721303,13,0.8,1.3,5.0,0.5713401223812473,0.922615102425508,1472,1472,1394,True,ok
5,8,Awake,60,processed,21,588429401540052572,45.73050519273266,25.002500250041432,8,0.16,4,0.5353833896721303,13,0.8,1.3,5.0,0.6314537051952179,0.9561409618991765,1472,1472,1412,True,ok
5,8,Awake,60,processed,22,10371108967336064701,45.73050519273266,25.002500250041432,8,0.16,4,0.5353833896721303,13,0.8,1.3,5.0,0.6449846687664544,0.9180983816069241,1472,1472,1421,True,ok
5,8,Awake,60,processed,23,3590039648108018541,45.73050519273266,25.002500250041432,8,0.16,4,0.5353833896721303,13,0.8,1.3,5.0,0.5429697615058385,0.9610131769807911,1472,1472,1387,True,ok
5,8,Awake,60,processed,24,17514919456667377843,45.73050519273266,25.002500250041432,8,0.16,4,0.5353833896721303,13,0.8,1.3,5.0,0.5487981410070178,0.9610304217622457,1472,1472,1402,True,ok
5,8,Awake,60,processed,25,10643522558810694937,45.73050519273266,25.002500250041432,8,0.16,4,0.5353833896721303,13,0.8,1.3,5.0,0.5452064388031989,0.8693956722525171,1472,1472,1393,True,ok
5,8,Awake,60,processed,26,12851903311721934685,45.73050519273266,25.002500250041432,8,0.16,4,0.5353833896721303,13,0.8,1.3,5.0,0.5427797654075611,0.9008485426515951,1472,1472,1413,True,ok
5,8,Awake,60,processed,27,11312436597656867045,45.73050519273266,25.002500250041432,8,0.16,4,0.5353833896721303,13,0.8,1.3,5.0,0.5040718954361907,0.8765646564663514,1472,1472,1417,True,ok
5,8,Awake,60,processed,28,4193052211585019329,45.73050519273266,25.002500250041432,8,0.16,4,0.5353833896721303,13,0.8,1.3,5.0,0.5383449927534114,0.9034247391365502,1472,1472,1393,True,ok
5,8,Awake,60,processed,29,10526123227629111477,45.73050519273266,25.002500250041432,8,0.16,4,0.5353833896721303,13,0.8,1.3,5.0,0.5052533504040496,0.8844564346448386,1472,1472,1423,True,ok
5,8,Awake,60,processed,30,9378974670014685932,45.73050519273266,25.002500250041432,8,0.16,4,0.5353833896721303,13,0.8,1.3,5.0,0.5250545494030927,0.8429074798471673,1472,1472,1399,True,ok
5,8,Awake,60,processed,31,10735996243333867566,45.73050519273266,25.002500250041432,8,0.16,4,0.5353833896721303,13,0.8,1.3,5.0,0.5568012297805321,0.9220304210739311,1472,1472,1412,True,ok
5,8,Awake,60,processed,32,5584599828975421996,45.73050519273266,25.002500250041432,8,0.16,4,0.5353833896721303,13,0.8,1.3,5.0,0.5467455668503156,0.9306137155615036,1472,1472,1414,True,ok
5,8,Awake,60,processed,33,5352546122129995314,45.73050519273266,25.002500250041432,8,0.16,4,0.5353833896721303,13,0.8,1.3,5.0,0.5159272374391662,0.900884744142192,1472,1472,1400,True,ok
5,8,Awake,60,processed,34,8447455054648370719,45.73050519273266,25.002500250041432,8,0.16,4,0.5353833896721303,13,0.8,1.3,5.0,0.5339857704519224,0.9372584118298131,1472,1472,1402,True,ok
5,8,Awake,60,processed,35,4329602613830555019,45.73050519273266,25.002500250041432,8,0.16,4,0.5353833896721303,13,0.8,1.3,5.0,0.5428104993693877,0.9082336163007858,1472,1472,1400,True,ok
5,8,Awake,60,processed,36,18328727807358487790,45.73050519273266,25.002500250041432,8,0.16,4,0.5353833896721303,13,0.8,1.3,5.0,0.6007270652712832,0.9880602680388252,1472,1472,1388,True,ok
5,8,Awake,60,processed,37,5185542573488343976,45.73050519273266,25.002500250041432,8,0.16,4,0.5353833896721303,13,0.8,1.3,5.0,0.5389873150952296,0.8863576168186142,1472,1472,1378,True,ok
5,8,Awake,60,processed,38,96926641369965956,45.73050519273266,25.002500250041432,8,0.16,4,0.5353833896721303,13,0.8,1.3,5.0,0.5380509672991428,0.820298122502768,1472,1472,1419,True,ok
5,8,Awake,60,processed,39,11753503249512920319,45.73050519273266,25.002500250041432,8,0.16,4,0.5353833896721303,13,0.8,1.3,5.0,0.6011915293626866,0.9765886127473205,1472,1472,1411,True,ok
5,9,Awake,60,processed,1,5292274445239585210,38.02795747331068,25.002500250041432,8,0.16,4,0.5297401511016432,13,0.8,1.3,5.0,0.5516931739374613,0.9540020655665493,1472,1472,1417,True,ok
5,9,Awake,60,processed,2,7919641588737959958,38.02795747331068,25.002500250041432,8,0.16,4,0.5297401511016432,13,0.8,1.3,5.0,0.527374150418059,0.8579089950705096,1472,1472,1410,True,ok
5,9,Awake,60,processed,3,17295844121865620537,38.02795747331068,25.002500250041432,8,0.16,4,0.5297401511016432,13,0.8,1.3,5.0,0.5343018210957907,0.938526039043536,1472,1472,1425,True,ok
5,9,Awake,60,processed,4,15973797097484721352,38.02795747331068,25.002500250041432,8,0.16,4,0.5297401511016432,13,0.8,1.3,5.0,0.5040664772876898,0.9052024332630892,1472,1472,1417,True,ok
5,9,Awake,60,processed,5,7880590423728150694,38.02795747331068,25.002500250041432,8,0.16,4,0.5297401511016432,13,0.8,1.3,5.0,0.4312068378303724,0.7052900785675241,1472,1472,1407,True,ok
5,9,Awake,60,processed,6,18433226805569103455,38.02795747331068,25.002500250041432,8,0.16,4,0.5297401511016432,13,0.8,1.3,5.0,0.5236200463976342,0.9500095748203755,1472,1472,1414,True,ok
5,9,Awake,60,processed,7,10624710027278539847,38.02795747331068,25.002500250041432,8,0.16,4,0.5297401511016432,13,0.8,1.3,5.0,0.502832104896055,0.8645954652180479,1472,1472,1405,True,ok
5,9,Awake,60,processed,8,3441767596634820605,38.02795747331068,25.002500250041432,8,0.16,4,0.5297401511016432,13,0.8,1.3,5.0,0.5477340177301075,0.925494895333103,1472,1472,1392,True,ok
5,9,Awake,60,processed,9,17096102901669985674,38.02795747331068,25.002500250041432,8,0.16,4,0.5297401511016432,13,0.8,1.3,5.0,0.5821874394464723,0.8739430856603998,1472,1472,1427,True,ok
5,9,Awake,60,processed,10,10490169805830500376,38.02795747331068,25.002500250041432,8,0.16,4,0.5297401511016432,13,0.8,1.3,5.0,0.523250872512116,0.9108593025966268,1472,1472,1415,True,ok
5,9,Awake,60,processed,11,16513771718950044448,38.02795747331068,25.002500250041432,8,0.16,4,0.5297401511016432,13,0.8,1.3,5.0,0.5215452100347494,0.9490076705823237,1472,1472,1414,True,ok
5,9,Awake,60,processed,12,3544174616750068956,38.02795747331068,25.002500250041432,8,0.16,4,0.5297401511016432,13,0.8,1.3,5.0,0.5626423153334404,0.918080417713372,1472,1472,1390,True,ok
5,9,Awake,60,processed,13,1597307480104205758,38.02795747331068,25.002500250041432,8,0.16,4,0.5297401511016432,13,0.8,1.3,5.0,0.5065583144694759,0.8636465280405803,1472,1472,1435,True,ok
5,9,Awake,60,processed,14,18065866535173431157,38.02795747331068,25.002500250041432,8,0.16,4,0.5297401511016432,13,0.8,1.3,5.0,0.5536078492108356,0.9316853801936138,1472,1472,1404,True,ok
5,9,Awake,60,processed,15,15802734026347137902,38.02795747331068,25.002500250041432,8,0.16,4,0.5297401511016432,13,0.8,1.3,5.0,0.49765354335700474,0.8669914636881457,1472,1472,1415,True,ok
5,9,Awake,60,processed,16,17784220041795043841,38.02795747331068,25.002500250041432,8,0.16,4,0.5297401511016432,13,0.8,1.3,5.0,0.5334817675946548,0.8296423137699499,1472,1472,1416,True,ok
5,9,Awake,60,processed,17,17850768085611193804,38.02795747331068,25.002500250041432,8,0.16,4,0.5297401511016432,13,0.8,1.3,5.0,0.5221246301085924,0.9009670132366759,1472,1472,1409,True,ok
5,9,Awake,60,processed,18,3599547245017042439,38.02795747331068,25.002500250041432,8,0.16,4,0.5297401511016432,13,0.8,1.3,5.0,0.5054218480692116,0.8621144256436672,1472,1472,1418,True,ok
5,9,Awake,60,processed,19,6276725446835287235,38.02795747331068,25.002500250041432,8,0.16,4,0.5297401511016432,13,0.8,1.3,5.0,0.505781046390961,0.9093138219546324,1472,1472,1417,True,ok
5,9,Awake,60,processed,20,11810323391303426493,38.02795747331068,25.002500250041432,8,0.16,4,0.5297401511016432,13,0.8,1.3,5.0,0.5482389219277753,0.9453502698721545,1472,1472,1400,True,ok
5,9,Awake,60,processed,21,7228807128429093886,38.02795747331068,25.002500250041432,8,0.16,4,0.5297401511016432,13,0.8,1.3,5.0,0.5354109208245311,0.9026504089340841,1472,1472,1409,True,ok
5,9,Awake,60,processed,22,7921822722264559469,38.02795747331068,25.002500250041432,8,0.16,4,0.5297401511016432,13,0.8,1.3,5.0,0.559642713692649,0.9306485645191946,1472,1472,1380,True,ok
5,9,Awake,60,processed,23,8918599546452102579,38.02795747331068,25.002500250041432,8,0.16,4,0.5297401511016432,13,0.8,1.3,5.0,0.49762086534556166,0.9143312306865249,1472,1472,1396,True,ok
5,9,Awake,60,processed,24,12214355192568081740,38.02795747331068,25.002500250041432,8,0.16,4,0.5297401511016432,13,0.8,1.3,5.0,0.5521722744821332,0.9118299713952199,1472,1472,1395,True,ok
5,9,Awake,60,processed,25,6866259804156172331,38.02795747331068,25.002500250041432,8,0.16,4,0.5297401511016432,13,0.8,1.3,5.0,0.5647769861586062,0.9029129676274694,1472,1472,1428,True,ok
5,9,Awake,60,processed,26,10997286210486757628,38.02795747331068,25.002500250041432,8,0.16,4,0.5297401511016432,13,0.8,1.3,5.0,0.5033696867964637,0.8888192298887465,1472,1472,1416,True,ok
5,9,Awake,60,processed,27,12748078914411666705,38.02795747331068,25.002500250041432,8,0.16,4,0.5297401511016432,13,0.8,1.3,5.0,0.47696611022104485,0.8283918957123084,1472,1472,1398,True,ok
5,9,Awake,60,processed,28,5943114102810704820,38.02795747331068,25.002500250041432,8,0.16,4,0.5297401511016432,13,0.8,1.3,5.0,0.5851071972470547,0.9833847904720169,1472,1472,1410,True,ok
5,9,Awake,60,processed,29,8664681753138861639,38.02795747331068,25.002500250041432,8,0.16,4,0.5297401511016432,13,0.8,1.3,5.0,0.500596557808362,0.8166420325156091,1472,1472,1393,True,ok
5,9,Awake,60,processed,30,722485396587977654,38.02795747331068,25.002500250041432,8,0.16,4,0.5297401511016432,13,0.8,1.3,5.0,0.4359410992828604,0.8291944965635951,1472,1472,1411,True,ok
5,9,Awake,60,processed,31,18134724182214623308,38.02795747331068,25.002500250041432,8,0.16,4,0.5297401511016432,13,0.8,1.3,5.0,0.5066414787696081,0.9518287059292366,1472,1472,1426,True,ok
5,9,Awake,60,processed,32,12475820973476989873,38.02795747331068,25.002500250041432,8,0.16,4,0.5297401511016432,13,0.8,1.3,5.0,0.48253738866092394,0.9150923779258349,1472,1472,1397,True,ok
5,9,Awake,60,processed,33,2450937056603203470,38.02795747331068,25.002500250041432,8,0.16,4,0.5297401511016432,13,0.8,1.3,5.0,0.49040745527445495,0.8231375735188495,1472,1472,1403,True,ok
5,9,Awake,60,processed,34,2203768369118058282,38.02795747331068,25.002500250041432,8,0.16,4,0.5297401511016432,13,0.8,1.3,5.0,0.4585451420379162,0.841409806141352,1472,1472,1396,True,ok
5,9,Awake,60,processed,35,14432731602274594295,38.02795747331068,25.002500250041432,8,0.16,4,0.5297401511016432,13,0.8,1.3,5.0,0.4757036605434469,0.8142799807907328,1472,1472,1415,True,ok
5,9,Awake,60,processed,36,12828427282426045467,38.02795747331068,25.002500250041432,8,0.16,4,0.5297401511016432,13,0.8,1.3,5.0,0.5993327458638185,0.8940537168772624,1472,1472,1416,True,ok
5,9,Awake,60,processed,37,17964857591061584107,38.02795747331068,25.002500250041432,8,0.16,4,0.5297401511016432,13,0.8,1.3,5.0,0.5528050587410651,0.956226757296377,1472,1472,1404,True,ok
5,9,Awake,60,processed,38,3458094161674686857,38.02795747331068,25.002500250041432,8,0.16,4,0.5297401511016432,13,0.8,1.3,5.0,0.6123669254441739,0.9764047218565132,1472,1472,1412,True,ok
5,9,Awake,60,processed,39,4345757657413030589,38.02795747331068,25.002500250041432,8,0.16,4,0.5297401511016432,13,0.8,1.3,5.0,0.4830849729639651,0.7774219873509196,1472,1472,1408,True,ok
5,10,Awake,60,processed,1,1316164477276772637,45.73050519273266,25.002500250041432,8,0.16,4,0.5198509404895524,13,0.8,1.3,5.0,0.4931002949616771,0.8846899827689128,1472,1472,1416,True,ok
5,10,Awake,60,processed,2,766493248492394858,45.73050519273266,25.002500250041432,8,0.16,4,0.5198509404895524,13,0.8,1.3,5.0,0.5776917906017783,0.93869453773572,1472,1472,1410,True,ok
5,10,Awake,60,processed,3,10570561778008638965,45.73050519273266,25.002500250041432,8,0.16,4,0.5198509404895524,13,0.8,1.3,5.0,0.5116969719961053,0.9043581988419686,1472,1472,1402,True,ok
5,10,Awake,60,processed,4,18386424285741543590,45.73050519273266,25.002500250041432,8,0.16,4,0.5198509404895524,13,0.8,1.3,5.0,0.5745347185426336,0.8922073633635886,1472,1472,1397,True,ok
5,10,Awake,60,processed,5,17904332907826025118,45.73050519273266,25.002500250041432,8,0.16,4,0.5198509404895524,13,0.8,1.3,5.0,0.5057622782635147,0.7409467474414461,1472,1472,1411,True,ok
5,10,Awake,60,processed,6,477621706604637543,45.73050519273266,25.002500250041432,8,0.16,4,0.5198509404895524,13,0.8,1.3,5.0,0.517735010314417,0.8586007675112348,1472,1472,1405,True,ok
5,10,Awake,60,processed,7,2965882189213226238,45.73050519273266,25.002500250041432,8,0.16,4,0.5198509404895524,13,0.8,1.3,5.0,0.5630125189705179,0.9473245562749942,1472,1472,1405,True,ok
5,10,Awake,60,processed,8,15898971277918299332,45.73050519273266,25.002500250041432,8,0.16,4,0.5198509404895524,13,0.8,1.3,5.0,0.5790810262412064,0.9445642093372955,1472,1472,1416,True,ok
5,10,Awake,60,processed,9,4305132336458963484,45.73050519273266,25.002500250041432,8,0.16,4,0.5198509404895524,13,0.8,1.3,5.0,0.6577904587268141,0.9779779361590925,1472,1472,1422,True,ok
5,10,Awake,60,processed,10,1417352017037859772,45.73050519273266,25.002500250041432,8,0.16,4,0.5198509404895524,13,0.8,1.3,5.0,0.5195444888686186,0.907109232800414,1472,1472,1430,True,ok
5,10,Awake,60,processed,11,17043810470247650262,45.73050519273266,25.002500250041432,8,0.16,4,0.5198509404895524,13,0.8,1.3,5.0,0.6755888507360058,0.9044726646088789,1472,1472,1389,True,ok
5,10,Awake,60,processed,12,2837511074477466545,45.73050519273266,25.002500250041432,8,0.16,4,0.5198509404895524,13,0.8,1.3,5.0,0.5389561465384052,0.8993408647907875,1472,1472,1417,True,ok
5,10,Awake,60,processed,13,13229547185184433185,45.73050519273266,25.002500250041432,8,0.16,4,0.5198509404895524,13,0.8,1.3,5.0,0.5426628348395096,0.923146650343066,1472,1472,1426,True,ok
5,10,Awake,60,processed,14,3989003878248181063,45.73050519273266,25.002500250041432,8,0.16,4,0.5198509404895524,13,0.8,1.3,5.0,0.5701948070160583,0.9084737338268435,1472,1472,1415,True,ok
5,10,Awake,60,processed,15,814378342899291537,45.73050519273266,25.002500250041432,8,0.16,4,0.5198509404895524,13,0.8,1.3,5.0,0.5481911817661917,0.8932054097685346,1472,1472,1409,True,ok
5,10,Awake,60,processed,16,2573557800836886578,45.73050519273266,25.002500250041432,8,0.16,4,0.5198509404895524,13,0.8,1.3,5.0,0.5528523865297971,0.958550912111802,1472,1472,1408,True,ok
5,10,Awake,60,processed,17,17916292695555299597,45.73050519273266,25.002500250041432,8,0.16,4,0.5198509404895524,13,0.8,1.3,5.0,0.5306151705450686,0.8921705360035413,1472,1472,1410,True,ok
5,10,Awake,60,processed,18,6912242429641750493,45.73050519273266,25.002500250041432,8,0.16,4,0.5198509404895524,13,0.8,1.3,5.0,0.5416096077054499,0.9573113948236495,1472,1472,1405,True,ok
5,10,Awake,60,processed,19,5334371479444316554,45.73050519273266,25.002500250041432,8,0.16,4,0.5198509404895524,13,0.8,1.3,5.0,0.531393196635528,0.8772601927002359,1472,1472,1410,True,ok
5,10,Awake,60,processed,20,17941499962505352667,45.73050519273266,25.002500250041432,8,0.16,4,0.5198509404895524,13,0.8,1.3,5.0,0.5857194498837539,0.9246517569064716,1472,1472,1412,True,ok
5,10,Awake,60,processed,21,16659180240407819942,45.73050519273266,25.002500250041432,8,0.16,4,0.5198509404895524,13,0.8,1.3,5.0,0.5398102553140325,0.897647083588619,1472,1472,1419,True,ok
5,10,Awake,60,processed,22,4806602406383286468,45.73050519273266,25.002500250041432,8,0.16,4,0.5198509404895524,13,0.8,1.3,5.0,0.590024448595565,0.9607617826782462,1472,1472,1398,True,ok
5,10,Awake,60,processed,23,10353783939252433750,45.73050519273266,25.002500250041432,8,0.16,4,0.5198509404895524,13,0.8,1.3,5.0,0.527381815052403,0.8444228914524285,1472,1472,1402,True,ok
5,10,Awake,60,processed,24,4599468868398994933,45.73050519273266,25.002500250041432,8,0.16,4,0.5198509404895524,13,0.8,1.3,5.0,0.5032041300727148,0.9451952422291241,1472,1472,1407,True,ok
5,10,Awake,60,processed,25,11801030514744905815,45.73050519273266,25.002500250041432,8,0.16,4,0.5198509404895524,13,0.8,1.3,5.0,0.5159855160426091,0.906692426364819,1472,1472,1401,True,ok
5,10,Awake,60,processed,26,4956273329916247546,45.73050519273266,25.002500250041432,8,0.16,4,0.5198509404895524,13,0.8,1.3,5.0,0.5412056733984425,0.9118613397779671,1472,1472,1410,True,ok
5,10,Awake,60,processed,27,1332781586089321923,45.73050519273266,25.002500250041432,8,0.16,4,0.5198509404895524,13,0.8,1.3,5.0,0.5109079814697013,0.8656852952985283,1472,1472,1418,True,ok
5,10,Awake,60,processed,28,9352760172756817101,45.73050519273266,25.002500250041432,8,0.16,4,0.5198509404895524,13,0.8,1.3,5.0,0.4285624420151724,0.6044336583386327,1472,1472,1384,True,ok
5,10,Awake,60,processed,29,15582015823574100216,45.73050519273266,25.002500250041432,8,0.16,4,0.5198509404895524,13,0.8,1.3,5.0,0.5390874608919358,0.8828882393810473,1472,1472,1413,True,ok
5,10,Awake,60,processed,30,2959352634166632553,45.73050519273266,25.002500250041432,8,0.16,4,0.5198509404895524,13,0.8,1.3,5.0,0.49952725743260334,0.7955770273403566,1472,1472,1419,True,ok
5,10,Awake,60,processed,31,1278847609319574721,45.73050519273266,25.002500250041432,8,0.16,4,0.5198509404895524,13,0.8,1.3,5.0,0.5352511239839982,0.9353791253186164,1472,1472,1402,True,ok
5,10,Awake,60,processed,32,3819351161267129258,45.73050519273266,25.002500250041432,8,0.16,4,0.5198509404895524,13,0.8,1.3,5.0,0.5737784339979005,0.8895309014693058,1472,1472,1431,True,ok
5,10,Awake,60,processed,33,927102196868471546,45.73050519273266,25.002500250041432,8,0.16,4,0.5198509404895524,13,0.8,1.3,5.0,0.6115618974291289,0.924387589427252,1472,1472,1391,True,ok
5,10,Awake,60,processed,34,17593635282447953231,45.73050519273266,25.002500250041432,8,0.16,4,0.5198509404895524,13,0.8,1.3,5.0,0.5166687290084384,0.867177479512424,1472,1472,1385,True,ok
5,10,Awake,60,processed,35,13452131181088021214,45.73050519273266,25.002500250041432,8,0.16,4,0.5198509404895524,13,0.8,1.3,5.0,0.6105292311812441,0.9288988961327335,1472,1472,1401,True,ok
5,10,Awake,60,processed,36,7413946715787474424,45.73050519273266,25.002500250041432,8,0.16,4,0.5198509404895524,13,0.8,1.3,5.0,0.5249466417724936,0.7975577201963271,1472,1472,1410,True,ok
5,10,Awake,60,processed,37,15178201512173795877,45.73050519273266,25.002500250041432,8,0.16,4,0.5198509404895524,13,0.8,1.3,5.0,0.5504086165532367,0.9317930826828568,1472,1472,1404,True,ok
5,10,Awake,60,processed,38,1991100606056170707,45.73050519273266,25.002500250041432,8,0.16,4,0.5198509404895524,13,0.8,1.3,5.0,0.5164564269458796,0.8913972855736879,1472,1472,1412,True,ok
5,10,Awake,60,processed,39,17918651447639796780,45.73050519273266,25.002500250041432,8,0.16,4,0.5198509404895524,13,0.8,1.3,5.0,0.5729319003962677,0.8982970898855374,1472,1472,1402,True,ok
5,11,Awake,60,processed,1,10962951188463862425,45.73050519273266,25.002500250041432,8,0.16,4,0.45849314878443,11,0.8,1.3,5.0,0.5366441653572986,0.9721243066257301,1472,1472,1402,True,ok
5,11,Awake,60,processed,2,17610208209430758731,45.73050519273266,25.002500250041432,8,0.16,4,0.45849314878443,11,0.8,1.3,5.0,0.40232431006645,0.8004545231061669,1472,1472,1411,True,ok
5,11,Awake,60,processed,3,8492195439701118458,45.73050519273266,25.002500250041432,8,0.16,4,0.45849314878443,11,0.8,1.3,5.0,0.5385148210633193,0.936424107598901,1472,1472,1418,True,ok
5,11,Awake,60,processed,4,15822478631335865177,45.73050519273266,25.002500250041432,8,0.16,4,0.45849314878443,11,0.8,1.3,5.0,0.5004214924598918,0.9529883097177121,1472,1472,1402,True,ok
5,11,Awake,60,processed,5,3090032845839744247,45.73050519273266,25.002500250041432,8,0.16,4,0.45849314878443,11,0.8,1.3,5.0,0.6312160809454704,0.9400474817170686,1472,1472,1414,True,ok
5,11,Awake,60,processed,6,17465182079873786154,45.73050519273266,25.002500250041432,8,0.16,4,0.45849314878443,11,0.8,1.3,5.0,0.505335479342036,0.9132513130636384,1472,1472,1397,True,ok
5,11,Awake,60,processed,7,11088843722855661804,45.73050519273266,25.002500250041432,8,0.16,4,0.45849314878443,11,0.8,1.3,5.0,0.5247550969454073,0.8361083170682558,1472,1472,1398,True,ok
5,11,Awake,60,processed,8,18223972421226283666,45.73050519273266,25.002500250041432,8,0.16,4,0.45849314878443,11,0.8,1.3,5.0,0.4497669350486219,0.7474052097028799,1472,1472,1427,True,ok
5,11,Awake,60,processed,9,18295594183786743739,45.73050519273266,25.002500250041432,8,0.16,4,0.45849314878443,11,0.8,1.3,5.0,0.5042727722993482,0.9203150041127047,1472,1472,1418,True,ok
5,11,Awake,60,processed,10,15961993308358323214,45.73050519273266,25.002500250041432,8,0.16,4,0.45849314878443,11,0.8,1.3,5.0,0.5262173434339933,0.8987479843815226,1472,1472,1413,True,ok
5,11,Awake,60,processed,11,7332216799334961241,45.73050519273266,25.002500250041432,8,0.16,4,0.45849314878443,11,0.8,1.3,5.0,0.5514676574944456,0.9609934487345674,1472,1472,1407,True,ok
5,11,Awake,60,processed,12,16453132940660693876,45.73050519273266,25.002500250041432,8,0.16,4,0.45849314878443,11,0.8,1.3,5.0,0.4294621150361316,0.8717750233535807,1472,1472,1428,True,ok
5,11,Awake,60,processed,13,455242645367993394,45.73050519273266,25.002500250041432,8,0.16,4,0.45849314878443,11,0.8,1.3,5.0,0.468637150430543,0.8404645068927434,1472,1472,1424,True,ok
5,11,Awake,60,processed,14,16128105906102984704,45.73050519273266,25.002500250041432,8,0.16,4,0.45849314878443,11,0.8,1.3,5.0,0.519888838444928,0.9456331739299088,1472,1472,1391,True,ok
5,11,Awake,60,processed,15,9870031634929848705,45.73050519273266,25.002500250041432,8,0.16,4,0.45849314878443,11,0.8,1.3,5.0,0.4944093913691469,0.8471819031954022,1472,1472,1395,True,ok
5,11,Awake,60,processed,16,8102369408434911841,45.73050519273266,25.002500250041432,8,0.16,4,0.45849314878443,11,0.8,1.3,5.0,0.5015926132228795,0.8438018388433881,1472,1472,1409,True,ok
5,11,Awake,60,processed,17,2872049624408534265,45.73050519273266,25.002500250041432,8,0.16,4,0.45849314878443,11,0.8,1.3,5.0,0.5326987271271112,0.91232537337984,1472,1472,1420,True,ok
5,11,Awake,60,processed,18,11295455071422098417,45.73050519273266,25.002500250041432,8,0.16,4,0.45849314878443,11,0.8,1.3,5.0,0.5076122072640489,0.8556954736562518,1472,1472,1418,True,ok
5,11,Awake,60,processed,19,13542472791510371413,45.73050519273266,25.002500250041432,8,0.16,4,0.45849314878443,11,0.8,1.3,5.0,0.5137234606235118,0.8444621159157994,1472,1472,1402,True,ok
5,11,Awake,60,processed,20,7254340357001999142,45.73050519273266,25.002500250041432,8,0.16,4,0.45849314878443,11,0.8,1.3,5.0,0.44542657347994763,0.8191782174172936,1472,1472,1413,True,ok
5,11,Awake,60,processed,21,8411265366907596953,45.73050519273266,25.002500250041432,8,0.16,4,0.45849314878443,11,0.8,1.3,5.0,0.4942185015871117,0.9470563396567243,1472,1472,1412,True,ok
5,11,Awake,60,processed,22,3128714350840422859,45.73050519273266,25.002500250041432,8,0.16,4,0.45849314878443,11,0.8,1.3,5.0,0.40644504040241064,0.6775974588244613,1472,1472,1414,True,ok
5,11,Awake,60,processed,23,16525308656227084068,45.73050519273266,25.002500250041432,8,0.16,4,0.45849314878443,11,0.8,1.3,5.0,0.518350646620419,0.9051628043218171,1472,1472,1405,True,ok
5,11,Awake,60,processed,24,9810028848143953005,45.73050519273266,25.002500250041432,8,0.16,4,0.45849314878443,11,0.8,1.3,5.0,0.5791615749022949,0.8994481411816991,1472,1472,1391,True,ok
5,11,Awake,60,processed,25,18137894461911275981,45.73050519273266,25.002500250041432,8,0.16,4,0.45849314878443,11,0.8,1.3,5.0,0.5638201934734702,0.9260940988552703,1472,1472,1409,True,ok
5,11,Awake,60,processed,26,10251200950965439376,45.73050519273266,25.002500250041432,8,0.16,4,0.45849314878443,11,0.8,1.3,5.0,0.46730902270754465,0.9117195014717945,1472,1472,1411,True,ok
5,11,Awake,60,processed,27,17886444279891508927,45.73050519273266,25.002500250041432,8,0.16,4,0.45849314878443,11,0.8,1.3,5.0,0.4353000567532974,0.8449109110149807,1472,1472,1406,True,ok
5,11,Awake,60,processed,28,6884651249895506896,45.73050519273266,25.002500250041432,8,0.16,4,0.45849314878443,11,0.8,1.3,5.0,0.49267663852933696,0.8182471822331058,1472,1472,1403,True,ok
5,11,Awake,60,processed,29,4149753302781797631,45.73050519273266,25.002500250041432,8,0.16,4,0.45849314878443,11,0.8,1.3,5.0,0.5031592506399759,0.8435861946807209,1472,1472,1405,True,ok
5,11,Awake,60,processed,30,13078294611661506341,45.73050519273266,25.002500250041432,8,0.16,4,0.45849314878443,11,0.8,1.3,5.0,0.5463598044143577,0.9583283636691463,1472,1472,1418,True,ok
5,11,Awake,60,processed,31,2862922494504148684,45.73050519273266,25.002500250041432,8,0.16,4,0.45849314878443,11,0.8,1.3,5.0,0.487712584994614,0.8803444822313934,1472,1472,1415,True,ok
5,11,Awake,60,processed,32,14108352626918849560,45.73050519273266,25.002500250041432,8,0.16,4,0.45849314878443,11,0.8,1.3,5.0,0.47091560016230444,0.6679898798918867,1472,1472,1410,True,ok
5,11,Awake,60,processed,33,8114305038464612968,45.73050519273266,25.002500250041432,8,0.16,4,0.45849314878443,11,0.8,1.3,5.0,0.5104023940176311,0.9465584524604618,1472,1472,1419,True,ok
5,11,Awake,60,processed,34,6107929691966161004,45.73050519273266,25.002500250041432,8,0.16,4,0.45849314878443,11,0.8,1.3,5.0,0.4295863135130055,0.8334425982503464,1472,1472,1432,True,ok
5,11,Awake,60,processed,35,16544612516747921099,45.73050519273266,25.002500250041432,8,0.16,4,0.45849314878443,11,0.8,1.3,5.0,0.4211983171861051,0.8300047031385726,1472,1472,1422,True,ok
5,11,Awake,60,processed,36,6175066290308364623,45.73050519273266,25.002500250041432,8,0.16,4,0.45849314878443,11,0.8,1.3,5.0,0.4851397920848843,0.9181155623727238,1472,1472,1388,True,ok
5,11,Awake,60,processed,37,4449698749668816539,45.73050519273266,25.002500250041432,8,0.16,4,0.45849314878443,11,0.8,1.3,5.0,0.4562356599542226,0.8810344837900841,1472,1472,1414,True,ok
5,11,Awake,60,processed,38,13969217027867862983,45.73050519273266,25.002500250041432,8,0.16,4,0.45849314878443,11,0.8,1.3,5.0,0.4908652837030853,0.8670667538038522,1472,1472,1415,True,ok
5,11,Awake,60,processed,39,15436058976818460100,45.73050519273266,25.002500250041432,8,0.16,4,0.45849314878443,11,0.8,1.3,5.0,0.5043050560377585,0.8336259057921845,1472,1472,1421,True,ok
5,12,Awake,60,processed,1,5649723051519452349,38.02795747331068,25.002500250041432,8,0.16,4,0.4646350165740511,12,0.8,1.3,5.0,0.6423993302160699,0.9791198944488079,1472,1472,1432,True,ok
5,12,Awake,60,processed,2,6089279899000922061,38.02795747331068,25.002500250041432,8,0.16,4,0.4646350165740511,12,0.8,1.3,5.0,0.6079067215049663,0.9586701758560281,1472,1472,1419,True,ok
5,12,Awake,60,processed,3,1509460315659169568,38.02795747331068,25.002500250041432,8,0.16,4,0.4646350165740511,12,0.8,1.3,5.0,0.5770347580229945,0.9595288542872625,1472,1472,1417,True,ok
5,12,Awake,60,processed,4,112453425876525559,38.02795747331068,25.002500250041432,8,0.16,4,0.4646350165740511,12,0.8,1.3,5.0,0.528024399535361,0.924901485034232,1472,1472,1406,True,ok
5,12,Awake,60,processed,5,5300574612318275335,38.02795747331068,25.002500250041432,8,0.16,4,0.4646350165740511,12,0.8,1.3,5.0,0.5477541982765964,0.9313301242598065,1472,1472,1416,True,ok
5,12,Awake,60,processed,6,9467734033001631791,38.02795747331068,25.002500250041432,8,0.16,4,0.4646350165740511,12,0.8,1.3,5.0,0.5684851140133879,0.9247697572026509,1472,1472,1404,True,ok
5,12,Awake,60,processed,7,16158071508895152993,38.02795747331068,25.002500250041432,8,0.16,4,0.4646350165740511,12,0.8,1.3,5.0,0.5791392260998565,0.9635480722224459,1472,1472,1416,True,ok
5,12,Awake,60,processed,8,2686519067087601359,38.02795747331068,25.002500250041432,8,0.16,4,0.4646350165740511,12,0.8,1.3,5.0,0.5343572908388328,0.8740120314155325,1472,1472,1402,True,ok
5,12,Awake,60,processed,9,13166529717661132782,38.02795747331068,25.002500250041432,8,0.16,4,0.4646350165740511,12,0.8,1.3,5.0,0.5245021274808008,0.8995690791852531,1472,1472,1439,True,ok
5,12,Awake,60,processed,10,2437601628355232144,38.02795747331068,25.002500250041432,8,0.16,4,0.4646350165740511,12,0.8,1.3,5.0,0.519639603019138,0.9192857304889884,1472,1472,1393,True,ok
5,12,Awake,60,processed,11,1673539830254903367,38.02795747331068,25.002500250041432,8,0.16,4,0.4646350165740511,12,0.8,1.3,5.0,0.615945743169047,0.9438501196045282,1472,1472,1420,True,ok
5,12,Awake,60,processed,12,10816031729771428775,38.02795747331068,25.002500250041432,8,0.16,4,0.4646350165740511,12,0.8,1.3,5.0,0.5760631150569441,0.9752508510966407,1472,1472,1423,True,ok
5,12,Awake,60,processed,13,7000214035178018289,38.02795747331068,25.002500250041432,8,0.16,4,0.4646350165740511,12,0.8,1.3,5.0,0.5718049165502999,0.9664460394269366,1472,1472,1407,True,ok
5,12,Awake,60,processed,14,1284118355124776272,38.02795747331068,25.002500250041432,8,0.16,4,0.4646350165740511,12,0.8,1.3,5.0,0.5644429428728914,0.8983281825609375,1472,1472,1398,True,ok
5,12,Awake,60,processed,15,16465299411427128811,38.02795747331068,25.002500250041432,8,0.16,4,0.4646350165740511,12,0.8,1.3,5.0,0.5658843513299161,0.9447802248461121,1472,1472,1410,True,ok
5,12,Awake,60,processed,16,274716409305095968,38.02795747331068,25.002500250041432,8,0.16,4,0.4646350165740511,12,0.8,1.3,5.0,0.6046197931738241,0.8503423103352524,1472,1472,1410,True,ok
5,12,Awake,60,processed,17,11129488186562936383,38.02795747331068,25.002500250041432,8,0.16,4,0.4646350165740511,12,0.8,1.3,5.0,0.6934000332905259,0.9831952872439484,1472,1472,1411,True,ok
5,12,Awake,60,processed,18,12321967983000161163,38.02795747331068,25.002500250041432,8,0.16,4,0.4646350165740511,12,0.8,1.3,5.0,0.508452914325851,0.9069912676076073,1472,1472,1424,True,ok
5,12,Awake,60,processed,19,511006442493252393,38.02795747331068,25.002500250041432,8,0.16,4,0.4646350165740511,12,0.8,1.3,5.0,0.5264393465929168,0.8942968727305816,1472,1472,1405,True,ok
5,12,Awake,60,processed,20,16731324452497630925,38.02795747331068,25.002500250041432,8,0.16,4,0.4646350165740511,12,0.8,1.3,5.0,0.476228926934654,0.7645697283728765,1472,1472,1435,True,ok
5,12,Awake,60,processed,21,15388893626196624509,38.02795747331068,25.002500250041432,8,0.16,4,0.4646350165740511,12,0.8,1.3,5.0,0.6316312373246911,0.9757428936949519,1472,1472,1431,True,ok
5,12,Awake,60,processed,22,4089848671959956142,38.02795747331068,25.002500250041432,8,0.16,4,0.4646350165740511,12,0.8,1.3,5.0,0.5289684150418335,0.8115973795711159,1472,1472,1404,True,ok
5,12,Awake,60,processed,23,14491233909048010115,38.02795747331068,25.002500250041432,8,0.16,4,0.4646350165740511,12,0.8,1.3,5.0,0.6100215949726081,0.9782591544667414,1472,1472,1398,True,ok
5,12,Awake,60,processed,24,576666508028820060,38.02795747331068,25.002500250041432,8,0.16,4,0.4646350165740511,12,0.8,1.3,5.0,0.5986056234337401,0.8835226629520626,1472,1472,1408,True,ok
5,12,Awake,60,processed,25,6599684115671620599,38.02795747331068,25.002500250041432,8,0.16,4,0.4646350165740511,12,0.8,1.3,5.0,0.6478556221597809,0.9728554799913685,1472,1472,1401,True,ok
5,12,Awake,60,processed,26,17647735594220244348,38.02795747331068,25.002500250041432,8,0.16,4,0.4646350165740511,12,0.8,1.3,5.0,0.514302477001175,0.9349296857248126,1472,1472,1394,True,ok
5,12,Awake,60,processed,27,17226399375074432845,38.02795747331068,25.002500250041432,8,0.16,4,0.4646350165740511,12,0.8,1.3,5.0,0.6346101877430934,0.8999394398056542,1472,1472,1395,True,ok
5,12,Awake,60,processed,28,14052770916374305925,38.02795747331068,25.002500250041432,8,0.16,4,0.4646350165740511,12,0.8,1.3,5.0,0.5516176462530692,0.9477598902579426,1472,1472,1405,True,ok
5,12,Awake,60,processed,29,17070997824718007291,38.02795747331068,25.002500250041432,8,0.16,4,0.4646350165740511,12,0.8,1.3,5.0,0.5566723095062869,0.9200888657053089,1472,1472,1393,True,ok
5,12,Awake,60,processed,30,3119561186600668005,38.02795747331068,25.002500250041432,8,0.16,4,0.4646350165740511,12,0.8,1.3,5.0,0.6073129389297095,0.9747894398838811,1472,1472,1411,True,ok
5,12,Awake,60,processed,31,2387566430875006521,38.02795747331068,25.002500250041432,8,0.16,4,0.4646350165740511,12,0.8,1.3,5.0,0.6366054330025436,0.9581686954232727,1472,1472,1414,True,ok
5,12,Awake,60,processed,32,8680878600606813413,38.02795747331068,25.002500250041432,8,0.16,4,0.4646350165740511,12,0.8,1.3,5.0,0.5308042843312631,0.9589218824076103,1472,1472,1420,True,ok
5,12,Awake,60,processed,33,16351188374251589128,38.02795747331068,25.002500250041432,8,0.16,4,0.4646350165740511,12,0.8,1.3,5.0,0.6865917562349518,0.9651037144525713,1472,1472,1413,True,ok
5,12,Awake,60,processed,34,5622456696448431832,38.02795747331068,25.002500250041432,8,0.16,4,0.4646350165740511,12,0.8,1.3,5.0,0.555929274141985,0.8989579464996582,1472,1472,1410,True,ok
5,12,Awake,60,processed,35,8808729746145378760,38.02795747331068,25.002500250041432,8,0.16,4,0.4646350165740511,12,0.8,1.3,5.0,0.6872869549595099,0.9611672697677748,1472,1472,1406,True,ok
5,12,Awake,60,processed,36,3821266417646941707,38.02795747331068,25.002500250041432,8,0.16,4,0.4646350165740511,12,0.8,1.3,5.0,0.5274003680442241,0.7944160795743767,1472,1472,1409,True,ok
5,12,Awake,60,processed,37,5408394626114848908,38.02795747331068,25.002500250041432,8,0.16,4,0.4646350165740511,12,0.8,1.3,5.0,0.5293106234616174,0.8399604370031016,1472,1472,1408,True,ok
5,12,Awake,60,processed,38,1859009046568171195,38.02795747331068,25.002500250041432,8,0.16,4,0.4646350165740511,12,0.8,1.3,5.0,0.5890173207151048,0.9764399027495415,1472,1472,1415,True,ok
5,12,Awake,60,processed,39,14903345979181292380,38.02795747331068,25.002500250041432,8,0.16,4,0.4646350165740511,12,0.8,1.3,5.0,0.5357986191263325,0.8108077290420094,1472,1472,1427,True,ok
5,13,Awake,60,processed,1,8618543060567707850,54.99320090094977,25.002500250041432,8,0.16,4,0.5032422267878955,13,0.8,1.3,5.0,0.4254235783014939,0.8915712647538873,1472,1472,1414,True,ok
5,13,Awake,60,processed,2,1879796006874560966,54.99320090094977,25.002500250041432,8,0.16,4,0.5032422267878955,13,0.8,1.3,5.0,0.5445669048843389,0.863484478602705,1472,1472,1421,True,ok
5,13,Awake,60,processed,3,3929484029230109368,54.99320090094977,25.002500250041432,8,0.16,4,0.5032422267878955,13,0.8,1.3,5.0,0.4489404772651434,0.9516909255315333,1472,1472,1402,True,ok
5,13,Awake,60,processed,4,6654518706875047561,54.99320090094977,25.002500250041432,8,0.16,4,0.5032422267878955,13,0.8,1.3,5.0,0.39803212748824995,0.8180024775409229,1472,1472,1406,True,ok
5,13,Awake,60,processed,5,8265665674071514136,54.99320090094977,25.002500250041432,8,0.16,4,0.5032422267878955,13,0.8,1.3,5.0,0.5440617003222701,0.9457344517040245,1472,1472,1399,True,ok
5,13,Awake,60,processed,6,6942222648750759021,54.99320090094977,25.002500250041432,8,0.16,4,0.5032422267878955,13,0.8,1.3,5.0,0.4175515734920243,0.8200642121763914,1472,1472,1408,True,ok
5,13,Awake,60,processed,7,1490838499295086871,54.99320090094977,25.002500250041432,8,0.16,4,0.5032422267878955,13,0.8,1.3,5.0,0.42841394243169184,0.8711105488592259,1472,1472,1421,True,ok
5,13,Awake,60,processed,8,3747098055680158983,54.99320090094977,25.002500250041432,8,0.16,4,0.5032422267878955,13,0.8,1.3,5.0,0.4249299241594228,0.8069433964644004,1472,1472,1410,True,ok
5,13,Awake,60,processed,9,7627630775373044601,54.99320090094977,25.002500250041432,8,0.16,4,0.5032422267878955,13,0.8,1.3,5.0,0.4669481110371122,0.9186126276188309,1472,1472,1406,True,ok
5,13,Awake,60,processed,10,4500624110708609211,54.99320090094977,25.002500250041432,8,0.16,4,0.5032422267878955,13,0.8,1.3,5.0,0.4809145685999551,0.9334121496917406,1472,1472,1427,True,ok
5,13,Awake,60,processed,11,12520966013113142615,54.99320090094977,25.002500250041432,8,0.16,4,0.5032422267878955,13,0.8,1.3,5.0,0.5219110442966414,0.8748240307073764,1472,1472,1407,True,ok
5,13,Awake,60,processed,12,4219590954976809621,54.99320090094977,25.002500250041432,8,0.16,4,0.5032422267878955,13,0.8,1.3,5.0,0.5169905452264005,0.8068326917770708,1472,1472,1429,True,ok
5,13,Awake,60,processed,13,14324627341572608649,54.99320090094977,25.002500250041432,8,0.16,4,0.5032422267878955,13,0.8,1.3,5.0,0.4975201973294499,0.9381932748330295,1472,1472,1413,True,ok
5,13,Awake,60,processed,14,4137867567218632402,54.99320090094977,25.002500250041432,8,0.16,4,0.5032422267878955,13,0.8,1.3,5.0,0.46391430416570884,0.8913309955713604,1472,1472,1391,True,ok
5,13,Awake,60,processed,15,1595078966684350652,54.99320090094977,25.002500250041432,8,0.16,4,0.5032422267878955,13,0.8,1.3,5.0,0.43979355823467225,0.90855146951388,1472,1472,1425,True,ok
5,13,Awake,60,processed,16,10971617912174358545,54.99320090094977,25.002500250041432,8,0.16,4,0.5032422267878955,13,0.8,1.3,5.0,0.44313393793513983,0.9196328728455098,1472,1472,1409,True,ok
5,13,Awake,60,processed,17,16462389718108604123,54.99320090094977,25.002500250041432,8,0.16,4,0.5032422267878955,13,0.8,1.3,5.0,0.48030185143644205,0.8065732766219371,1472,1472,1411,True,ok
5,13,Awake,60,processed,18,9673056612847338329,54.99320090094977,25.002500250041432,8,0.16,4,0.5032422267878955,13,0.8,1.3,5.0,0.4611841226513989,0.900041479143585,1472,1472,1408,True,ok
5,13,Awake,60,processed,19,4766861074618448944,54.99320090094977,25.002500250041432,8,0.16,4,0.5032422267878955,13,0.8,1.3,5.0,0.48528267843851575,0.9040126269390295,1472,1472,1411,True,ok
5,13,Awake,60,processed,20,4760756422945161251,54.99320090094977,25.002500250041432,8,0.16,4,0.5032422267878955,13,0.8,1.3,5.0,0.4696185037182837,0.8984045156118614,1472,1472,1408,True,ok
5,13,Awake,60,processed,21,16529489657306072787,54.99320090094977,25.002500250041432,8,0.16,4,0.5032422267878955,13,0.8,1.3,5.0,0.4262805419858547,0.7565330870360132,1472,1472,1415,True,ok
5,13,Awake,60,processed,22,14517259170603728761,54.99320090094977,25.002500250041432,8,0.16,4,0.5032422267878955,13,0.8,1.3,5.0,0.4743339867752266,0.8392339784221182,1472,1472,1417,True,ok
5,13,Awake,60,processed,23,6558863816574185905,54.99320090094977,25.002500250041432,8,0.16,4,0.5032422267878955,13,0.8,1.3,5.0,0.5324094519881862,0.9410339690236333,1472,1472,1402,True,ok
5,13,Awake,60,processed,24,2094474181689234360,54.99320090094977,25.002500250041432,8,0.16,4,0.5032422267878955,13,0.8,1.3,5.0,0.42597717642113103,0.8868932081981312,1472,1472,1404,True,ok
5,13,Awake,60,processed,25,12312924783218023171,54.99320090094977,25.002500250041432,8,0.16,4,0.5032422267878955,13,0.8,1.3,5.0,0.49764176675351796,0.9470427019340021,1472,1472,1408,True,ok
5,13,Awake,60,processed,26,15041330891992504232,54.99320090094977,25.002500250041432,8,0.16,4,0.5032422267878955,13,0.8,1.3,5.0,0.4390724989992064,0.9460874537767452,1472,1472,1420,True,ok
5,13,Awake,60,processed,27,2605320325268649760,54.99320090094977,25.002500250041432,8,0.16,4,0.5032422267878955,13,0.8,1.3,5.0,0.46798145369500693,0.8496160475607665,1472,1472,1431,True,ok
5,13,Awake,60,processed,28,6778105640944656153,54.99320090094977,25.002500250041432,8,0.16,4,0.5032422267878955,13,0.8,1.3,5.0,0.47377528611200687,0.8028328567064111,1472,1472,1415,True,ok
5,13,Awake,60,processed,29,14656266697521733997,54.99320090094977,25.002500250041432,8,0.16,4,0.5032422267878955,13,0.8,1.3,5.0,0.4320954164561304,0.8830023423318238,1472,1472,1406,True,ok
5,13,Awake,60,processed,30,2364820663119703072,54.99320090094977,25.002500250041432,8,0.16,4,0.5032422267878955,13,0.8,1.3,5.0,0.47768612128398774,0.824256113325662,1472,1472,1421,True,ok
5,13,Awake,60,processed,31,14836675774785942491,54.99320090094977,25.002500250041432,8,0.16,4,0.5032422267878955,13,0.8,1.3,5.0,0.4009938481626333,0.7447131370453405,1472,1472,1400,True,ok
5,13,Awake,60,processed,32,15618041335369435039,54.99320090094977,25.002500250041432,8,0.16,4,0.5032422267878955,13,0.8,1.3,5.0,0.4086811329345508,0.6918541338069366,1472,1472,1397,True,ok
5,13,Awake,60,processed,33,13561195279932003459,54.99320090094977,25.002500250041432,8,0.16,4,0.5032422267878955,13,0.8,1.3,5.0,0.4684133270826847,0.8328406621816128,1472,1472,1426,True,ok
5,13,Awake,60,processed,34,15760340039458601364,54.99320090094977,25.002500250041432,8,0.16,4,0.5032422267878955,13,0.8,1.3,5.0,0.46656059943272715,0.7848876273688156,1472,1472,1384,True,ok
5,13,Awake,60,processed,35,8816732442665378452,54.99320090094977,25.002500250041432,8,0.16,4,0.5032422267878955,13,0.8,1.3,5.0,0.45506263832608584,0.9032609392635197,1472,1472,1422,True,ok
5,13,Awake,60,processed,36,15067109734718900219,54.99320090094977,25.002500250041432,8,0.16,4,0.5032422267878955,13,0.8,1.3,5.0,0.48448152072613976,0.7980530457013132,1472,1472,1386,True,ok
5,13,Awake,60,processed,37,13916501052785474211,54.99320090094977,25.002500250041432,8,0.16,4,0.5032422267878955,13,0.8,1.3,5.0,0.47619756203537283,0.9297090404485219,1472,1472,1406,True,ok
5,13,Awake,60,processed,38,14949121929198991986,54.99320090094977,25.002500250041432,8,0.16,4,0.5032422267878955,13,0.8,1.3,5.0,0.5424162359864567,0.9120762809817805,1472,1472,1379,True,ok
5,13,Awake,60,processed,39,7787774390117632839,54.99320090094977,25.002500250041432,8,0.16,4,0.5032422267878955,13,0.8,1.3,5.0,0.4709451526905094,0.8417607134824503,1472,1472,1398,True,ok
5,14,Awake,60,processed,1,13733937637195795737,45.73050519273266,25.002500250041432,8,0.16,4,0.5302008679521525,13,0.8,1.3,5.0,0.4435306677871286,0.9075003826963256,1472,1472,1406,True,ok
5,14,Awake,60,processed,2,13036189924374062228,45.73050519273266,25.002500250041432,8,0.16,4,0.5302008679521525,13,0.8,1.3,5.0,0.4555596077802753,0.8803757118219921,1472,1472,1427,True,ok
5,14,Awake,60,processed,3,6358829224270263584,45.73050519273266,25.002500250041432,8,0.16,4,0.5302008679521525,13,0.8,1.3,5.0,0.5096713237321765,0.8293661944154664,1472,1472,1395,True,ok
5,14,Awake,60,processed,4,16099275949474368084,45.73050519273266,25.002500250041432,8,0.16,4,0.5302008679521525,13,0.8,1.3,5.0,0.46842113253976625,0.8253593602766148,1472,1472,1411,True,ok
5,14,Awake,60,processed,5,14853457292650563922,45.73050519273266,25.002500250041432,8,0.16,4,0.5302008679521525,13,0.8,1.3,5.0,0.5289950865771912,0.9661919047779794,1472,1472,1382,True,ok
5,14,Awake,60,processed,6,14163858598938751274,45.73050519273266,25.002500250041432,8,0.16,4,0.5302008679521525,13,0.8,1.3,5.0,0.5175926244453661,0.887883212170996,1472,1472,1411,True,ok
5,14,Awake,60,processed,7,14416515759375034571,45.73050519273266,25.002500250041432,8,0.16,4,0.5302008679521525,13,0.8,1.3,5.0,0.4441462170098492,0.8235766415630471,1472,1472,1410,True,ok
5,14,Awake,60,processed,8,8951225631302854812,45.73050519273266,25.002500250041432,8,0.16,4,0.5302008679521525,13,0.8,1.3,5.0,0.4895545286751609,0.7989732439098426,1472,1472,1406,True,ok
5,14,Awake,60,processed,9,6620126162538114641,45.73050519273266,25.002500250041432,8,0.16,4,0.5302008679521525,13,0.8,1.3,5.0,0.43853084230628525,0.8159193151541598,1472,1472,1397,True,ok
5,14,Awake,60,processed,10,251396381588332327,45.73050519273266,25.002500250041432,8,0.16,4,0.5302008679521525,13,0.8,1.3,5.0,0.4512388123855095,0.8754436930252809,1472,1472,1411,True,ok
5,14,Awake,60,processed,11,6961748774718125882,45.73050519273266,25.002500250041432,8,0.16,4,0.5302008679521525,13,0.8,1.3,5.0,0.528343184227788,0.8960097618518971,1472,1472,1379,True,ok
5,14,Awake,60,processed,12,2330685749771421568,45.73050519273266,25.002500250041432,8,0.16,4,0.5302008679521525,13,0.8,1.3,5.0,0.5253663879139107,0.8968124663317014,1472,1472,1400,True,ok
5,14,Awake,60,processed,13,2794699030058489733,45.73050519273266,25.002500250041432,8,0.16,4,0.5302008679521525,13,0.8,1.3,5.0,0.5078817213916753,0.9378075309609835,1472,1472,1407,True,ok
5,14,Awake,60,processed,14,11353241881931313027,45.73050519273266,25.002500250041432,8,0.16,4,0.5302008679521525,13,0.8,1.3,5.0,0.4709875766848834,0.8866364971058025,1472,1472,1398,True,ok
5,14,Awake,60,processed,15,6529064796272295192,45.73050519273266,25.002500250041432,8,0.16,4,0.5302008679521525,13,0.8,1.3,5.0,0.4740106416473611,0.8601448067023802,1472,1472,1413,True,ok
5,14,Awake,60,processed,16,16451544345401605186,45.73050519273266,25.002500250041432,8,0.16,4,0.5302008679521525,13,0.8,1.3,5.0,0.4933789412232893,0.9631349691575302,1472,1472,1416,True,ok
5,14,Awake,60,processed,17,12463890480484932009,45.73050519273266,25.002500250041432,8,0.16,4,0.5302008679521525,13,0.8,1.3,5.0,0.5497057590692791,0.9444238168292532,1472,1472,1420,True,ok
5,14,Awake,60,processed,18,4475856308698132897,45.73050519273266,25.002500250041432,8,0.16,4,0.5302008679521525,13,0.8,1.3,5.0,0.46478838370348163,0.8852915831479581,1472,1472,1405,True,ok
5,14,Awake,60,processed,19,3754117145692807442,45.73050519273266,25.002500250041432,8,0.16,4,0.5302008679521525,13,0.8,1.3,5.0,0.45567478713634574,0.8330227110420595,1472,1472,1434,True,ok
5,14,Awake,60,processed,20,5402140343624242616,45.73050519273266,25.002500250041432,8,0.16,4,0.5302008679521525,13,0.8,1.3,5.0,0.48125620532215635,0.9367766121726231,1472,1472,1416,True,ok
5,14,Awake,60,processed,21,8379559692911001423,45.73050519273266,25.002500250041432,8,0.16,4,0.5302008679521525,13,0.8,1.3,5.0,0.47410972895381887,0.8854833510586719,1472,1472,1411,True,ok
5,14,Awake,60,processed,22,993967827967171478,45.73050519273266,25.002500250041432,8,0.16,4,0.5302008679521525,13,0.8,1.3,5.0,0.4418880088628037,0.8665786360544179,1472,1472,1396,True,ok
5,14,Awake,60,processed,23,11186353163618041818,45.73050519273266,25.002500250041432,8,0.16,4,0.5302008679521525,13,0.8,1.3,5.0,0.5287841421281371,0.8926553926938255,1472,1472,1399,True,ok
5,14,Awake,60,processed,24,17925605142790606463,45.73050519273266,25.002500250041432,8,0.16,4,0.5302008679521525,13,0.8,1.3,5.0,0.5097561292195297,0.9695137237048598,1472,1472,1422,True,ok
5,14,Awake,60,processed,25,15066720698757585865,45.73050519273266,25.002500250041432,8,0.16,4,0.5302008679521525,13,0.8,1.3,5.0,0.5142406191792404,0.976690668598207,1472,1472,1422,True,ok
5,14,Awake,60,processed,26,16351315465622364147,45.73050519273266,25.002500250041432,8,0.16,4,0.5302008679521525,13,0.8,1.3,5.0,0.4328834080160137,0.7833508431578263,1472,1472,1421,True,ok
5,14,Awake,60,processed,27,5571564989762348473,45.73050519273266,25.002500250041432,8,0.16,4,0.5302008679521525,13,0.8,1.3,5.0,0.519798618670928,0.9510507970711205,1472,1472,1396,True,ok
5,14,Awake,60,processed,28,9149831302586287197,45.73050519273266,25.002500250041432,8,0.16,4,0.5302008679521525,13,0.8,1.3,5.0,0.4615065557346089,0.8243415666832016,1472,1472,1394,True,ok
5,14,Awake,60,processed,29,14195102613695442870,45.73050519273266,25.002500250041432,8,0.16,4,0.5302008679521525,13,0.8,1.3,5.0,0.4686598154332457,0.9102231384298004,1472,1472,1424,True,ok
5,14,Awake,60,processed,30,17415623193968782919,45.73050519273266,25.002500250041432,8,0.16,4,0.5302008679521525,13,0.8,1.3,5.0,0.4783502961140126,0.816509540908783,1472,1472,1411,True,ok
5,14,Awake,60,processed,31,6243838091067327594,45.73050519273266,25.002500250041432,8,0.16,4,0.5302008679521525,13,0.8,1.3,5.0,0.48199415597817635,0.9037028816734297,1472,1472,1409,True,ok
5,14,Awake,60,processed,32,4019714365362957629,45.73050519273266,25.002500250041432,8,0.16,4,0.5302008679521525,13,0.8,1.3,5.0,0.49808979479236576,0.8432400390660741,1472,1472,1409,True,ok
5,14,Awake,60,processed,33,714136956943853138,45.73050519273266,25.002500250041432,8,0.16,4,0.5302008679521525,13,0.8,1.3,5.0,0.4886891208120041,0.9253298359107062,1472,1472,1403,True,ok
5,14,Awake,60,processed,34,10950415526475631420,45.73050519273266,25.002500250041432,8,0.16,4,0.5302008679521525,13,0.8,1.3,5.0,0.48436458905893615,0.9317830694970977,1472,1472,1388,True,ok
5,14,Awake,60,processed,35,5479215826236046788,45.73050519273266,25.002500250041432,8,0.16,4,0.5302008679521525,13,0.8,1.3,5.0,0.4983016595006616,0.9052743963364859,1472,1472,1426,True,ok
5,14,Awake,60,processed,36,7946169822431009537,45.73050519273266,25.002500250041432,8,0.16,4,0.5302008679521525,13,0.8,1.3,5.0,0.5643352417831681,0.8761188651534908,1472,1472,1414,True,ok
5,14,Awake,60,processed,37,10980120765479083641,45.73050519273266,25.002500250041432,8,0.16,4,0.5302008679521525,13,0.8,1.3,5.0,0.4774295734010425,0.8024975215584219,1472,1472,1401,True,ok
5,14,Awake,60,processed,38,16692846662643640536,45.73050519273266,25.002500250041432,8,0.16,4,0.5302008679521525,13,0.8,1.3,5.0,0.5018466676951815,0.8865075027582263,1472,1472,1407,True,ok
5,14,Awake,60,processed,39,6125171041417696480,45.73050519273266,25.002500250041432,8,0.16,4,0.5302008679521525,13,0.8,1.3,5.0,0.46828331098468295,0.9502192877589545,1472,1472,1416,True,ok
5,16,Awake,60,processed,1,8653459562325851687,31.622776601683796,25.002500250041432,8,0.16,4,0.4910828989456673,12,0.8,1.3,5.0,0.5925541333152328,0.9518534834034752,1472,1472,1422,True,ok
5,16,Awake,60,processed,2,15170999403256661470,31.622776601683796,25.002500250041432,8,0.16,4,0.4910828989456673,12,0.8,1.3,5.0,0.5944072677293815,0.9318855204032204,1472,1472,1413,True,ok
5,16,Awake,60,processed,3,17616695604353830410,31.622776601683796,25.002500250041432,8,0.16,4,0.4910828989456673,12,0.8,1.3,5.0,0.5488062926920332,0.8847495396620216,1472,1472,1412,True,ok
5,16,Awake,60,processed,4,2961483002358929885,31.622776601683796,25.002500250041432,8,0.16,4,0.4910828989456673,12,0.8,1.3,5.0,0.6240658299791223,0.9732882660996864,1472,1472,1424,True,ok
5,16,Awake,60,processed,5,17933725023578053923,31.622776601683796,25.002500250041432,8,0.16,4,0.4910828989456673,12,0.8,1.3,5.0,0.5460242964421778,0.9027239358553418,1472,1472,1431,True,ok
5,16,Awake,60,processed,6,8391876823787284819,31.622776601683796,25.002500250041432,8,0.16,4,0.4910828989456673,12,0.8,1.3,5.0,0.57188724462651,0.831744172679161,1472,1472,1418,True,ok
5,16,Awake,60,processed,7,6274265745303639198,31.622776601683796,25.002500250041432,8,0.16,4,0.4910828989456673,12,0.8,1.3,5.0,0.5759794906200811,0.9399928064322581,1472,1472,1400,True,ok
5,16,Awake,60,processed,8,13154751861230293849,31.622776601683796,25.002500250041432,8,0.16,4,0.4910828989456673,12,0.8,1.3,5.0,0.5371120248978731,0.9269218347620305,1472,1472,1392,True,ok
5,16,Awake,60,processed,9,12414509471345528676,31.622776601683796,25.002500250041432,8,0.16,4,0.4910828989456673,12,0.8,1.3,5.0,0.4987989498363128,0.8876638359859232,1472,1472,1412,True,ok
5,16,Awake,60,processed,10,3843969297365202759,31.622776601683796,25.002500250041432,8,0.16,4,0.4910828989456673,12,0.8,1.3,5.0,0.6153637270420611,0.9807979507895392,1472,1472,1424,True,ok
5,16,Awake,60,processed,11,11791679267084995401,31.622776601683796,25.002500250041432,8,0.16,4,0.4910828989456673,12,0.8,1.3,5.0,0.4834646659009222,0.8257102152160839,1472,1472,1405,True,ok
5,16,Awake,60,processed,12,11780714734684634741,31.622776601683796,25.002500250041432,8,0.16,4,0.4910828989456673,12,0.8,1.3,5.0,0.43851704131373026,0.7353265665538524,1472,1472,1419,True,ok
5,16,Awake,60,processed,13,4219110614772030082,31.622776601683796,25.002500250041432,8,0.16,4,0.4910828989456673,12,0.8,1.3,5.0,0.4918215276820955,0.8202034479724458,1472,1472,1410,True,ok
5,16,Awake,60,processed,14,17016897185433743023,31.622776601683796,25.002500250041432,8,0.16,4,0.4910828989456673,12,0.8,1.3,5.0,0.5217733218958348,0.8796609513471312,1472,1472,1394,True,ok
5,16,Awake,60,processed,15,13393577388544056252,31.622776601683796,25.002500250041432,8,0.16,4,0.4910828989456673,12,0.8,1.3,5.0,0.556494311480388,0.8978496867268382,1472,1472,1378,True,ok
5,16,Awake,60,processed,16,841858488341076629,31.622776601683796,25.002500250041432,8,0.16,4,0.4910828989456673,12,0.8,1.3,5.0,0.5463920915181448,0.9163138724786243,1472,1472,1386,True,ok
5,16,Awake,60,processed,17,14841218712899267849,31.622776601683796,25.002500250041432,8,0.16,4,0.4910828989456673,12,0.8,1.3,5.0,0.6068898714994584,0.9400867099501361,1472,1472,1421,True,ok
5,16,Awake,60,processed,18,4118936380511857290,31.622776601683796,25.002500250041432,8,0.16,4,0.4910828989456673,12,0.8,1.3,5.0,0.5143470133965041,0.8646267408184223,1472,1472,1408,True,ok
5,16,Awake,60,processed,19,1503012474221467077,31.622776601683796,25.002500250041432,8,0.16,4,0.4910828989456673,12,0.8,1.3,5.0,0.5456410390917417,0.8913262729979945,1472,1472,1395,True,ok
5,16,Awake,60,processed,20,15279427452579783571,31.622776601683796,25.002500250041432,8,0.16,4,0.4910828989456673,12,0.8,1.3,5.0,0.5665693608725286,0.9457464989069713,1472,1472,1413,True,ok
5,16,Awake,60,processed,21,15941131989072840021,31.622776601683796,25.002500250041432,8,0.16,4,0.4910828989456673,12,0.8,1.3,5.0,0.5610018341071161,0.8939690463063229,1472,1472,1393,True,ok
5,16,Awake,60,processed,22,13022290065941812990,31.622776601683796,25.002500250041432,8,0.16,4,0.4910828989456673,12,0.8,1.3,5.0,0.5265091366597613,0.9322481543999674,1472,1472,1412,True,ok
5,16,Awake,60,processed,23,10468511975368453747,31.622776601683796,25.002500250041432,8,0.16,4,0.4910828989456673,12,0.8,1.3,5.0,0.609216884531455,0.983024980203266,1472,1472,1414,True,ok
5,16,Awake,60,processed,24,4869882251249592499,31.622776601683796,25.002500250041432,8,0.16,4,0.4910828989456673,12,0.8,1.3,5.0,0.5268518320932873,0.8496628241993583,1472,1472,1415,True,ok
5,16,Awake,60,processed,25,9160654194578402261,31.622776601683796,25.002500250041432,8,0.16,4,0.4910828989456673,12,0.8,1.3,5.0,0.5661260978449338,0.9478257519360375,1472,1472,1397,True,ok
5,16,Awake,60,processed,26,7787290904844715555,31.622776601683796,25.002500250041432,8,0.16,4,0.4910828989456673,12,0.8,1.3,5.0,0.5322004208823121,0.9436381763190664,1472,1472,1406,True,ok
5,16,Awake,60,processed,27,12572553312451421007,31.622776601683796,25.002500250041432,8,0.16,4,0.4910828989456673,12,0.8,1.3,5.0,0.5304542629109801,0.7887440087448824,1472,1472,1416,True,ok
5,16,Awake,60,processed,28,11313373201926433175,31.622776601683796,25.002500250041432,8,0.16,4,0.4910828989456673,12,0.8,1.3,5.0,0.5549323710060172,0.9542580322569484,1472,1472,1404,True,ok
5,16,Awake,60,processed,29,4556371702520139784,31.622776601683796,25.002500250041432,8,0.16,4,0.4910828989456673,12,0.8,1.3,5.0,0.5147987429792634,0.8335933430148412,1472,1472,1389,True,ok
5,16,Awake,60,processed,30,1922812456888568719,31.622776601683796,25.002500250041432,8,0.16,4,0.4910828989456673,12,0.8,1.3,5.0,0.49459217883503864,0.8047515858322344,1472,1472,1396,True,ok
5,16,Awake,60,processed,31,13704462339655322814,31.622776601683796,25.002500250041432,8,0.16,4,0.4910828989456673,12,0.8,1.3,5.0,0.5304483553305575,0.9338185762283322,1472,1472,1396,True,ok
5,16,Awake,60,processed,32,11534773006042175596,31.622776601683796,25.002500250041432,8,0.16,4,0.4910828989456673,12,0.8,1.3,5.0,0.47525778565914223,0.8020278884970622,1472,1472,1383,True,ok
5,16,Awake,60,processed,33,6913670990006844521,31.622776601683796,25.002500250041432,8,0.16,4,0.4910828989456673,12,0.8,1.3,5.0,0.5311866252407156,0.9294966799322876,1472,1472,1405,True,ok
5,16,Awake,60,processed,34,6248952740201425533,31.622776601683796,25.002500250041432,8,0.16,4,0.4910828989456673,12,0.8,1.3,5.0,0.4885360429930319,0.7530524119443484,1472,1472,1422,True,ok
5,16,Awake,60,processed,35,1967809959983302108,31.622776601683796,25.002500250041432,8,0.16,4,0.4910828989456673,12,0.8,1.3,5.0,0.5542095760555806,0.9572754270152384,1472,1472,1414,True,ok
5,16,Awake,60,processed,36,16697926432196886345,31.622776601683796,25.002500250041432,8,0.16,4,0.4910828989456673,12,0.8,1.3,5.0,0.6278953888191904,0.9843798755505334,1472,1472,1404,True,ok
5,16,Awake,60,processed,37,15342011441001916288,31.622776601683796,25.002500250041432,8,0.16,4,0.4910828989456673,12,0.8,1.3,5.0,0.5186758357418533,0.9078374469137084,1472,1472,1414,True,ok
5,16,Awake,60,processed,38,983510094601396607,31.622776601683796,25.002500250041432,8,0.16,4,0.4910828989456673,12,0.8,1.3,5.0,0.579355429451361,0.9445850035174422,1472,1472,1416,True,ok
5,16,Awake,60,processed,39,5832382540147043086,31.622776601683796,25.002500250041432,8,0.16,4,0.4910828989456673,12,0.8,1.3,5.0,0.6251300617515708,0.9749427388714352,1472,1472,1412,True,ok
5,17,Awake,60,processed,1,14510629529713937320,45.73050519273266,25.002500250041432,8,0.16,4,0.4840990931124957,12,0.8,1.3,5.0,0.46747151947916327,0.880730591829524,1472,1472,1414,True,ok
5,17,Awake,60,processed,2,6985552332618956815,45.73050519273266,25.002500250041432,8,0.16,4,0.4840990931124957,12,0.8,1.3,5.0,0.45246779055501646,0.9187651912416495,1472,1472,1411,True,ok
5,17,Awake,60,processed,3,7475969854391190561,45.73050519273266,25.002500250041432,8,0.16,4,0.4840990931124957,12,0.8,1.3,5.0,0.4628395968797279,0.8810584837831108,1472,1472,1420,True,ok
5,17,Awake,60,processed,4,5556218691344222107,45.73050519273266,25.002500250041432,8,0.16,4,0.4840990931124957,12,0.8,1.3,5.0,0.5066551553403911,0.9041202446506629,1472,1472,1413,True,ok
5,17,Awake,60,processed,5,12623514672763764792,45.73050519273266,25.002500250041432,8,0.16,4,0.4840990931124957,12,0.8,1.3,5.0,0.5539376702034424,0.9677097142908289,1472,1472,1431,True,ok
5,17,Awake,60,processed,6,1069181698528138582,45.73050519273266,25.002500250041432,8,0.16,4,0.4840990931124957,12,0.8,1.3,5.0,0.5073121388347988,0.8771673353136399,1472,1472,1406,True,ok
5,17,Awake,60,processed,7,3760651158951604404,45.73050519273266,25.002500250041432,8,0.16,4,0.4840990931124957,12,0.8,1.3,5.0,0.494335108047738,0.918614260606639,1472,1472,1408,True,ok
5,17,Awake,60,processed,8,11334783609341277386,45.73050519273266,25.002500250041432,8,0.16,4,0.4840990931124957,12,0.8,1.3,5.0,0.5511508015583325,0.9455607298214698,1472,1460,1397,True,ok
5,17,Awake,60,processed,9,7233229131257935533,45.73050519273266,25.002500250041432,8,0.16,4,0.4840990931124957,12,0.8,1.3,5.0,0.5541145872420352,0.8711673226257711,1472,1472,1383,True,ok
5,17,Awake,60,processed,10,17527177589835601338,45.73050519273266,25.002500250041432,8,0.16,4,0.4840990931124957,12,0.8,1.3,5.0,0.49796833654606276,0.9360766056633499,1472,1472,1428,True,ok
5,17,Awake,60,processed,11,2983506097621233,45.73050519273266,25.002500250041432,8,0.16,4,0.4840990931124957,12,0.8,1.3,5.0,0.49900580687995594,0.9162179779747202,1472,1472,1414,True,ok
5,17,Awake,60,processed,12,6880953127707715592,45.73050519273266,25.002500250041432,8,0.16,4,0.4840990931124957,12,0.8,1.3,5.0,0.5348631140914087,0.944224596133588,1472,1472,1392,True,ok
5,17,Awake,60,processed,13,9513395157376677314,45.73050519273266,25.002500250041432,8,0.16,4,0.4840990931124957,12,0.8,1.3,5.0,0.4525137071333349,0.880334096177342,1472,1472,1388,True,ok
5,17,Awake,60,processed,14,15501656334858016983,45.73050519273266,25.002500250041432,8,0.16,4,0.4840990931124957,12,0.8,1.3,5.0,0.5616013367463839,0.9757734100431893,1472,1472,1389,True,ok
5,17,Awake,60,processed,15,3933316512961935356,45.73050519273266,25.002500250041432,8,0.16,4,0.4840990931124957,12,0.8,1.3,5.0,0.4862605056218209,0.8468137692064677,1472,1472,1396,True,ok
5,17,Awake,60,processed,16,17807764748706694428,45.73050519273266,25.002500250041432,8,0.16,4,0.4840990931124957,12,0.8,1.3,5.0,0.5106315742113143,0.9304282995078825,1472,1466,1386,True,ok
5,17,Awake,60,processed,17,1917694628578231870,45.73050519273266,25.002500250041432,8,0.16,4,0.4840990931124957,12,0.8,1.3,5.0,0.5093177290302161,0.8953473874370532,1472,1472,1414,True,ok
5,17,Awake,60,processed,18,14774425780495793660,45.73050519273266,25.002500250041432,8,0.16,4,0.4840990931124957,12,0.8,1.3,5.0,0.47451488368851347,0.906015300594672,1472,1472,1392,True,ok
5,17,Awake,60,processed,19,14176688697461926779,45.73050519273266,25.002500250041432,8,0.16,4,0.4840990931124957,12,0.8,1.3,5.0,0.505395974211666,0.9739742810062747,1472,1472,1408,True,ok
5,17,Awake,60,processed,20,6359588799679542515,45.73050519273266,25.002500250041432,8,0.16,4,0.4840990931124957,12,0.8,1.3,5.0,0.5092369384078281,0.9408899640927461,1472,1472,1403,True,ok
5,17,Awake,60,processed,21,10846589834951571364,45.73050519273266,25.002500250041432,8,0.16,4,0.4840990931124957,12,0.8,1.3,5.0,0.46645193772149335,0.8875482936521166,1472,1472,1391,True,ok
5,17,Awake,60,processed,22,11795181041495470619,45.73050519273266,25.002500250041432,8,0.16,4,0.4840990931124957,12,0.8,1.3,5.0,0.49032236923177425,0.8087685044746524,1472,1472,1414,True,ok
5,17,Awake,60,processed,23,18146413308204330794,45.73050519273266,25.002500250041432,8,0.16,4,0.4840990931124957,12,0.8,1.3,5.0,0.48875673778196754,0.9196075387922428,1472,1472,1414,True,ok
5,17,Awake,60,processed,24,9774516844237511063,45.73050519273266,25.002500250041432,8,0.16,4,0.4840990931124957,12,0.8,1.3,5.0,0.5364606483443225,0.908173867224142,1472,1472,1402,True,ok
5,17,Awake,60,processed,25,6363035129165838752,45.73050519273266,25.002500250041432,8,0.16,4,0.4840990931124957,12,0.8,1.3,5.0,0.5472868443494301,0.9660211117775998,1472,1472,1391,True,ok
5,17,Awake,60,processed,26,4095438953204562975,45.73050519273266,25.002500250041432,8,0.16,4,0.4840990931124957,12,0.8,1.3,5.0,0.4738058944321205,0.8921468091431969,1472,1472,1397,True,ok
5,17,Awake,60,processed,27,13228447082833898640,45.73050519273266,25.002500250041432,8,0.16,4,0.4840990931124957,12,0.8,1.3,5.0,0.5252504437621466,0.7691799092254892,1472,1472,1405,True,ok
5,17,Awake,60,processed,28,11485242183815726899,45.73050519273266,25.002500250041432,8,0.16,4,0.4840990931124957,12,0.8,1.3,5.0,0.5416870495853864,0.97934153126414,1472,1472,1392,True,ok
5,17,Awake,60,processed,29,2617575038521238774,45.73050519273266,25.002500250041432,8,0.16,4,0.4840990931124957,12,0.8,1.3,5.0,0.4495466894019618,0.8514114470298673,1472,1472,1402,True,ok
5,17,Awake,60,processed,30,4335418115664135709,45.73050519273266,25.002500250041432,8,0.16,4,0.4840990931124957,12,0.8,1.3,5.0,0.5649286485528321,0.9705540590749859,1472,1472,1423,True,ok
5,17,Awake,60,processed,31,14417213416937146987,45.73050519273266,25.002500250041432,8,0.16,4,0.4840990931124957,12,0.8,1.3,5.0,0.5258348617240104,0.9254217701682826,1472,1472,1405,True,ok
5,17,Awake,60,processed,32,10048573534400724748,45.73050519273266,25.002500250041432,8,0.16,4,0.4840990931124957,12,0.8,1.3,5.0,0.49516855201658855,0.870862126823591,1472,1472,1397,True,ok
5,17,Awake,60,processed,33,7423987859537985345,45.73050519273266,25.002500250041432,8,0.16,4,0.4840990931124957,12,0.8,1.3,5.0,0.5722060429348439,0.935340120750763,1472,1472,1418,True,ok
5,17,Awake,60,processed,34,4465474297455056624,45.73050519273266,25.002500250041432,8,0.16,4,0.4840990931124957,12,0.8,1.3,5.0,0.5844183871896349,0.9594909882065605,1472,1472,1431,True,ok
5,17,Awake,60,processed,35,14421877706657973576,45.73050519273266,25.002500250041432,8,0.16,4,0.4840990931124957,12,0.8,1.3,5.0,0.48660778052029746,0.8650036019366183,1472,1472,1414,True,ok
5,17,Awake,60,processed,36,10125844710196129127,45.73050519273266,25.002500250041432,8,0.16,4,0.4840990931124957,12,0.8,1.3,5.0,0.49175450232863505,0.8370926268687361,1472,1472,1431,True,ok
5,17,Awake,60,processed,37,18280072483118198182,45.73050519273266,25.002500250041432,8,0.16,4,0.4840990931124957,12,0.8,1.3,5.0,0.5298404172188769,0.9442862258517316,1472,1472,1406,True,ok
5,17,Awake,60,processed,38,13088917511489009658,45.73050519273266,25.002500250041432,8,0.16,4,0.4840990931124957,12,0.8,1.3,5.0,0.5094815020626687,0.9315556899608145,1472,1472,1406,True,ok
5,17,Awake,60,processed,39,1787717082335165123,45.73050519273266,25.002500250041432,8,0.16,4,0.4840990931124957,12,0.8,1.3,5.0,0.5222401516334232,0.932574117554735,1472,1472,1411,True,ok
5,18,Awake,60,processed,1,13450979058250184084,45.73050519273266,25.002500250041432,8,0.16,4,0.4591628205373222,11,0.8,1.3,5.0,0.420676037964603,0.8568882575097082,1472,1472,1412,True,ok
5,18,Awake,60,processed,2,5224112414698903315,45.73050519273266,25.002500250041432,8,0.16,4,0.4591628205373222,11,0.8,1.3,5.0,0.4514705780898433,0.7364685394032623,1472,1472,1422,True,ok
5,18,Awake,60,processed,3,17369694253003820860,45.73050519273266,25.002500250041432,8,0.16,4,0.4591628205373222,11,0.8,1.3,5.0,0.35283447637542475,0.8040302144607386,1472,1472,1415,True,ok
5,18,Awake,60,processed,4,7966115068161579634,45.73050519273266,25.002500250041432,8,0.16,4,0.4591628205373222,11,0.8,1.3,5.0,0.45202693814424216,0.8702724165251581,1472,1472,1419,True,ok
5,18,Awake,60,processed,5,12499434952247929876,45.73050519273266,25.002500250041432,8,0.16,4,0.4591628205373222,11,0.8,1.3,5.0,0.4819560554075229,0.8327543034980314,1472,1472,1412,True,ok
5,18,Awake,60,processed,6,2142580432334345053,45.73050519273266,25.002500250041432,8,0.16,4,0.4591628205373222,11,0.8,1.3,5.0,0.47688163053143484,0.8701540311467489,1472,1472,1409,True,ok
5,18,Awake,60,processed,7,10339274319271425120,45.73050519273266,25.002500250041432,8,0.16,4,0.4591628205373222,11,0.8,1.3,5.0,0.4378943265566021,0.8207752053378146,1472,1472,1413,True,ok
5,18,Awake,60,processed,8,3714167456463738040,45.73050519273266,25.002500250041432,8,0.16,4,0.4591628205373222,11,0.8,1.3,5.0,0.4353424444561315,0.8132903243244055,1472,1472,1383,True,ok
5,18,Awake,60,processed,9,17728970558016556938,45.73050519273266,25.002500250041432,8,0.16,4,0.4591628205373222,11,0.8,1.3,5.0,0.41382971298613913,0.9122962560081775,1472,1472,1419,True,ok
5,18,Awake,60,processed,10,15394182776613139348,45.73050519273266,25.002500250041432,8,0.16,4,0.4591628205373222,11,0.8,1.3,5.0,0.4855055513335494,0.8808222649320612,1472,1472,1418,True,ok
5,18,Awake,60,processed,11,14379898089295024074,45.73050519273266,25.002500250041432,8,0.16,4,0.4591628205373222,11,0.8,1.3,5.0,0.455158334512775,0.8774211467654313,1472,1472,1406,True,ok
5,18,Awake,60,processed,12,12343112534721324686,45.73050519273266,25.002500250041432,8,0.16,4,0.4591628205373222,11,0.8,1.3,5.0,0.4865433884280353,0.9121306732253114,1472,1472,1398,True,ok
5,18,Awake,60,processed,13,2775943353688699140,45.73050519273266,25.002500250041432,8,0.16,4,0.4591628205373222,11,0.8,1.3,5.0,0.4459744567874707,0.8939792378888133,1472,1472,1414,True,ok
5,18,Awake,60,processed,14,124489191173637580,45.73050519273266,25.002500250041432,8,0.16,4,0.4591628205373222,11,0.8,1.3,5.0,0.45915760122760413,0.8227082520640561,1472,1472,1410,True,ok
5,18,Awake,60,processed,15,670703647055111415,45.73050519273266,25.002500250041432,8,0.16,4,0.4591628205373222,11,0.8,1.3,5.0,0.4744257762075599,0.8317679853712001,1472,1472,1421,True,ok
5,18,Awake,60,processed,16,12001791701847999221,45.73050519273266,25.002500250041432,8,0.16,4,0.4591628205373222,11,0.8,1.3,5.0,0.469446560343563,0.9423228575705005,1472,1472,1395,True,ok
5,18,Awake,60,processed,17,3679531432225418229,45.73050519273266,25.002500250041432,8,0.16,4,0.4591628205373222,11,0.8,1.3,5.0,0.4234676802451967,0.8539963264687874,1472,1472,1413,True,ok
5,18,Awake,60,processed,18,13142448863100324776,45.73050519273266,25.002500250041432,8,0.16,4,0.4591628205373222,11,0.8,1.3,5.0,0.47235567490973834,0.9057359534017839,1472,1472,1410,True,ok
5,18,Awake,60,processed,19,5204667882378638064,45.73050519273266,25.002500250041432,8,0.16,4,0.4591628205373222,11,0.8,1.3,5.0,0.43899947694652225,0.7890286039119228,1472,1472,1410,True,ok
5,18,Awake,60,processed,20,18129918917384591693,45.73050519273266,25.002500250041432,8,0.16,4,0.4591628205373222,11,0.8,1.3,5.0,0.46985092831792014,0.8578879724829716,1472,1472,1412,True,ok
5,18,Awake,60,processed,21,1165509060904520105,45.73050519273266,25.002500250041432,8,0.16,4,0.4591628205373222,11,0.8,1.3,5.0,0.548853161492372,0.95668354364672,1472,1472,1412,True,ok
5,18,Awake,60,processed,22,3373329970005455788,45.73050519273266,25.002500250041432,8,0.16,4,0.4591628205373222,11,0.8,1.3,5.0,0.4881328504894437,0.893926252963444,1472,1472,1405,True,ok
5,18,Awake,60,processed,23,15418688994597283440,45.73050519273266,25.002500250041432,8,0.16,4,0.4591628205373222,11,0.8,1.3,5.0,0.4970920714071966,0.8781067383680478,1472,1472,1408,True,ok
5,18,Awake,60,processed,24,10258119055787158403,45.73050519273266,25.002500250041432,8,0.16,4,0.4591628205373222,11,0.8,1.3,5.0,0.42540626385755437,0.9041257850993848,1472,1472,1403,True,ok
5,18,Awake,60,processed,25,3319331300489662550,45.73050519273266,25.002500250041432,8,0.16,4,0.4591628205373222,11,0.8,1.3,5.0,0.46230934153282927,0.9334026050396812,1472,1472,1385,True,ok
5,18,Awake,60,processed,26,8446254498490597839,45.73050519273266,25.002500250041432,8,0.16,4,0.4591628205373222,11,0.8,1.3,5.0,0.47236959579045396,0.8431008442074948,1472,1472,1396,True,ok
5,18,Awake,60,processed,27,11409332387244770270,45.73050519273266,25.002500250041432,8,0.16,4,0.4591628205373222,11,0.8,1.3,5.0,0.48296528251417853,0.9576524595911033,1472,1472,1410,True,ok
5,18,Awake,60,processed,28,9237515190793072098,45.73050519273266,25.002500250041432,8,0.16,4,0.4591628205373222,11,0.8,1.3,5.0,0.5562808010913641,0.967449699401222,1472,1472,1431,True,ok
5,18,Awake,60,processed,29,4908072772944197872,45.73050519273266,25.002500250041432,8,0.16,4,0.4591628205373222,11,0.8,1.3,5.0,0.507871424237248,0.8665243188424022,1472,1472,1403,True,ok
5,18,Awake,60,processed,30,6712169667582262778,45.73050519273266,25.002500250041432,8,0.16,4,0.4591628205373222,11,0.8,1.3,5.0,0.4498508657941658,0.8967134617710579,1472,1472,1401,True,ok
5,18,Awake,60,processed,31,12769408641784934389,45.73050519273266,25.002500250041432,8,0.16,4,0.4591628205373222,11,0.8,1.3,5.0,0.45936482021202807,0.7595849785371074,1472,1472,1395,True,ok
5,18,Awake,60,processed,32,2753270452105469249,45.73050519273266,25.002500250041432,8,0.16,4,0.4591628205373222,11,0.8,1.3,5.0,0.4764389598148288,0.8318718559431751,1472,1472,1396,True,ok
5,18,Awake,60,processed,33,6564039866849626689,45.73050519273266,25.002500250041432,8,0.16,4,0.4591628205373222,11,0.8,1.3,5.0,0.47453808331632485,0.8610691140020783,1472,1472,1401,True,ok
5,18,Awake,60,processed,34,3356603542442172144,45.73050519273266,25.002500250041432,8,0.16,4,0.4591628205373222,11,0.8,1.3,5.0,0.436397554655574,0.8026928348549155,1472,1472,1398,True,ok
5,18,Awake,60,processed,35,11549696707547797812,45.73050519273266,25.002500250041432,8,0.16,4,0.4591628205373222,11,0.8,1.3,5.0,0.47328795532482637,0.747361240350409,1472,1472,1408,True,ok
5,18,Awake,60,processed,36,18229373045478664610,45.73050519273266,25.002500250041432,8,0.16,4,0.4591628205373222,11,0.8,1.3,5.0,0.4125069919410456,0.8571957623030771,1472,1472,1416,True,ok
5,18,Awake,60,processed,37,2490328971667537038,45.73050519273266,25.002500250041432,8,0.16,4,0.4591628205373222,11,0.8,1.3,5.0,0.48826828001016326,0.8935000588341963,1472,1472,1421,True,ok
5,18,Awake,60,processed,38,16463826005763998051,45.73050519273266,25.002500250041432,8,0.16,4,0.4591628205373222,11,0.8,1.3,5.0,0.4161703717269998,0.833443609238766,1472,1472,1419,True,ok
5,18,Awake,60,processed,39,3577546574354318216,45.73050519273266,25.002500250041432,8,0.16,4,0.4591628205373222,11,0.8,1.3,5.0,0.4847871395129935,0.9624315580653664,1472,1472,1408,True,ok
5,19,Awake,60,processed,1,15689461774033712849,45.73050519273266,25.002500250041432,8,0.16,4,0.5228259862637907,13,0.8,1.3,5.0,0.4655051854191696,0.907998344083926,1472,1472,1410,True,ok
5,19,Awake,60,processed,2,4451275341470623140,45.73050519273266,25.002500250041432,8,0.16,4,0.5228259862637907,13,0.8,1.3,5.0,0.46952330815953564,0.9472494598232719,1472,1472,1407,True,ok
5,19,Awake,60,processed,3,12812606835787412589,45.73050519273266,25.002500250041432,8,0.16,4,0.5228259862637907,13,0.8,1.3,5.0,0.5121974001413748,0.8631965950842804,1472,1472,1408,True,ok
5,19,Awake,60,processed,4,14308141725270569957,45.73050519273266,25.002500250041432,8,0.16,4,0.5228259862637907,13,0.8,1.3,5.0,0.4397709022738286,0.7207641115700739,1472,1472,1417,True,ok
5,19,Awake,60,processed,5,14675250740549068379,45.73050519273266,25.002500250041432,8,0.16,4,0.5228259862637907,13,0.8,1.3,5.0,0.49457062909357846,0.8042708396027926,1472,1472,1413,True,ok
5,19,Awake,60,processed,6,6763424672148766473,45.73050519273266,25.002500250041432,8,0.16,4,0.5228259862637907,13,0.8,1.3,5.0,0.5863034766697054,0.9659619915419394,1472,1472,1396,True,ok
5,19,Awake,60,processed,7,4756772510227920735,45.73050519273266,25.002500250041432,8,0.16,4,0.5228259862637907,13,0.8,1.3,5.0,0.5329984153831931,0.9624978164190345,1472,1472,1408,True,ok
5,19,Awake,60,processed,8,11345886508393745777,45.73050519273266,25.002500250041432,8,0.16,4,0.5228259862637907,13,0.8,1.3,5.0,0.5216556109374643,0.8195780829016134,1472,1472,1381,True,ok
5,19,Awake,60,processed,9,6716455278565585115,45.73050519273266,25.002500250041432,8,0.16,4,0.5228259862637907,13,0.8,1.3,5.0,0.5574550136789205,0.9779473274321178,1472,1472,1394,True,ok
5,19,Awake,60,processed,10,4342252050642944114,45.73050519273266,25.002500250041432,8,0.16,4,0.5228259862637907,13,0.8,1.3,5.0,0.5975400911132823,0.9454737711739155,1472,1472,1393,True,ok
5,19,Awake,60,processed,11,3536899592337461718,45.73050519273266,25.002500250041432,8,0.16,4,0.5228259862637907,13,0.8,1.3,5.0,0.5079245705986821,0.8915286860874878,1472,1472,1397,True,ok
5,19,Awake,60,processed,12,158874093338606625,45.73050519273266,25.002500250041432,8,0.16,4,0.5228259862637907,13,0.8,1.3,5.0,0.512697280944098,0.7533496522261484,1472,1472,1419,True,ok
5,19,Awake,60,processed,13,1345874405851193764,45.73050519273266,25.002500250041432,8,0.16,4,0.5228259862637907,13,0.8,1.3,5.0,0.5012148998222523,0.9353885896166086,1472,1472,1415,True,ok
5,19,Awake,60,processed,14,12205427383554505640,45.73050519273266,25.002500250041432,8,0.16,4,0.5228259862637907,13,0.8,1.3,5.0,0.5309302813789258,0.8280997971197994,1472,1472,1405,True,ok
5,19,Awake,60,processed,15,204516913318883298,45.73050519273266,25.002500250041432,8,0.16,4,0.5228259862637907,13,0.8,1.3,5.0,0.39013516927760783,0.7470609697493565,1472,1472,1426,True,ok
5,19,Awake,60,processed,16,1854863302564498184,45.73050519273266,25.002500250041432,8,0.16,4,0.5228259862637907,13,0.8,1.3,5.0,0.5953916550701147,0.9710717749066905,1472,1472,1422,True,ok
5,19,Awake,60,processed,17,934521848095463086,45.73050519273266,25.002500250041432,8,0.16,4,0.5228259862637907,13,0.8,1.3,5.0,0.5605004919951799,0.9757035189721049,1472,1472,1407,True,ok
5,19,Awake,60,processed,18,915912961912114245,45.73050519273266,25.002500250041432,8,0.16,4,0.5228259862637907,13,0.8,1.3,5.0,0.4475391580999613,0.7762840171702146,1472,1472,1407,True,ok
5,19,Awake,60,processed,19,8192639114252116594,45.73050519273266,25.002500250041432,8,0.16,4,0.5228259862637907,13,0.8,1.3,5.0,0.4896121798303973,0.8495320036457145,1472,1472,1417,True,ok
5,19,Awake,60,processed,20,16974643770324045004,45.73050519273266,25.002500250041432,8,0.16,4,0.5228259862637907,13,0.8,1.3,5.0,0.5078974913473318,0.9113968367867433,1472,1472,1425,True,ok
5,19,Awake,60,processed,21,8879616952393184956,45.73050519273266,25.002500250041432,8,0.16,4,0.5228259862637907,13,0.8,1.3,5.0,0.5261086076922699,0.8867232507773526,1472,1472,1388,True,ok
5,19,Awake,60,processed,22,15800975443395211959,45.73050519273266,25.002500250041432,8,0.16,4,0.5228259862637907,13,0.8,1.3,5.0,0.44838330031053647,0.8747501367925113,1472,1472,1393,True,ok
5,19,Awake,60,processed,23,10057711426856399615,45.73050519273266,25.002500250041432,8,0.16,4,0.5228259862637907,13,0.8,1.3,5.0,0.48800886819501,0.8372848482676956,1472,1472,1407,True,ok
5,19,Awake,60,processed,24,6051188352193011194,45.73050519273266,25.002500250041432,8,0.16,4,0.5228259862637907,13,0.8,1.3,5.0,0.5080996210777243,0.8829547438620196,1472,1472,1397,True,ok
5,19,Awake,60,processed,25,846961863674089780,45.73050519273266,25.002500250041432,8,0.16,4,0.5228259862637907,13,0.8,1.3,5.0,0.48387576919933883,0.9006807504910851,1472,1472,1388,True,ok
5,19,Awake,60,processed,26,9357909292933578962,45.73050519273266,25.002500250041432,8,0.16,4,0.5228259862637907,13,0.8,1.3,5.0,0.5124467108310187,0.831169443195642,1472,1472,1422,True,ok
5,19,Awake,60,processed,27,13388659479022664854,45.73050519273266,25.002500250041432,8,0.16,4,0.5228259862637907,13,0.8,1.3,5.0,0.5366263470003892,0.9174784783429565,1472,1472,1407,True,ok
5,19,Awake,60,processed,28,1660778695689257409,45.73050519273266,25.002500250041432,8,0.16,4,0.5228259862637907,13,0.8,1.3,5.0,0.5420283958874238,0.9409353798149158,1472,1472,1401,True,ok
5,19,Awake,60,processed,29,2238864361958483417,45.73050519273266,25.002500250041432,8,0.16,4,0.5228259862637907,13,0.8,1.3,5.0,0.5884411575649127,0.9551604541064554,1472,1472,1406,True,ok
5,19,Awake,60,processed,30,14150320336777769504,45.73050519273266,25.002500250041432,8,0.16,4,0.5228259862637907,13,0.8,1.3,5.0,0.4877652848532416,0.8269681763163648,1472,1472,1416,True,ok
5,19,Awake,60,processed,31,6808171672329138635,45.73050519273266,25.002500250041432,8,0.16,4,0.5228259862637907,13,0.8,1.3,5.0,0.5415762838865957,0.9399183504277107,1472,1472,1406,True,ok
5,19,Awake,60,processed,32,6408804379981559354,45.73050519273266,25.002500250041432,8,0.16,4,0.5228259862637907,13,0.8,1.3,5.0,0.5393315912455161,0.8891191018478508,1472,1472,1408,True,ok
5,19,Awake,60,processed,33,9404814151053599094,45.73050519273266,25.002500250041432,8,0.16,4,0.5228259862637907,13,0.8,1.3,5.0,0.5565880078843557,0.9652816109965451,1472,1472,1399,True,ok
5,19,Awake,60,processed,34,17509082445679782865,45.73050519273266,25.002500250041432,8,0.16,4,0.5228259862637907,13,0.8,1.3,5.0,0.4667652986308518,0.8147978120667969,1472,1472,1413,True,ok
5,19,Awake,60,processed,35,4602652022606361058,45.73050519273266,25.002500250041432,8,0.16,4,0.5228259862637907,13,0.8,1.3,5.0,0.4692753582343455,0.8474400237286074,1472,1472,1393,True,ok
5,19,Awake,60,processed,36,4976091171002552660,45.73050519273266,25.002500250041432,8,0.16,4,0.5228259862637907,13,0.8,1.3,5.0,0.5027085650194574,0.9193589478166246,1472,1472,1400,True,ok
5,19,Awake,60,processed,37,369640009246787649,45.73050519273266,25.002500250041432,8,0.16,4,0.5228259862637907,13,0.8,1.3,5.0,0.4848334197201856,0.881464199313448,1472,1472,1431,True,ok
5,19,Awake,60,processed,38,7392948203463227789,45.73050519273266,25.002500250041432,8,0.16,4,0.5228259862637907,13,0.8,1.3,5.0,0.5501375195070389,0.9574244732570915,1472,1472,1420,True,ok
5,19,Awake,60,processed,39,17001597522748810544,45.73050519273266,25.002500250041432,8,0.16,4,0.5228259862637907,13,0.8,1.3,5.0,0.48949902122979494,0.8562298004152116,1472,1472,1396,True,ok
5,20,Awake,60,processed,1,10539386907062829359,45.73050519273266,25.002500250041432,8,0.16,4,0.495242552069398,12,0.8,1.3,5.0,0.4684954091163645,0.9268572215887262,1472,1472,1405,True,ok
5,20,Awake,60,processed,2,17523934733657285773,45.73050519273266,25.002500250041432,8,0.16,4,0.495242552069398,12,0.8,1.3,5.0,0.5108358351919096,0.8877466497730384,1472,1472,1418,True,ok
5,20,Awake,60,processed,3,11256275391777100109,45.73050519273266,25.002500250041432,8,0.16,4,0.495242552069398,12,0.8,1.3,5.0,0.5870823914610765,0.9577972635365284,1472,1472,1417,True,ok
5,20,Awake,60,processed,4,13757187510742920700,45.73050519273266,25.002500250041432,8,0.16,4,0.495242552069398,12,0.8,1.3,5.0,0.5050958443273024,0.8599826213120126,1472,1472,1401,True,ok
5,20,Awake,60,processed,5,14243163626512676653,45.73050519273266,25.002500250041432,8,0.16,4,0.495242552069398,12,0.8,1.3,5.0,0.5325426120695702,0.9124681577980653,1472,1472,1432,True,ok
5,20,Awake,60,processed,6,7461709310632612785,45.73050519273266,25.002500250041432,8,0.16,4,0.495242552069398,12,0.8,1.3,5.0,0.43391661017697397,0.8693559457279797,1472,1472,1388,True,ok
5,20,Awake,60,processed,7,12081308299156372923,45.73050519273266,25.002500250041432,8,0.16,4,0.495242552069398,12,0.8,1.3,5.0,0.3922657115299664,0.658492457967858,1472,1472,1400,True,ok
5,20,Awake,60,processed,8,3215514555899921447,45.73050519273266,25.002500250041432,8,0.16,4,0.495242552069398,12,0.8,1.3,5.0,0.48085497617757994,0.886904280088621,1472,1472,1429,True,ok
5,20,Awake,60,processed,9,11547255604795589115,45.73050519273266,25.002500250041432,8,0.16,4,0.495242552069398,12,0.8,1.3,5.0,0.5147414023505696,0.9225755116464813,1472,1472,1409,True,ok
5,20,Awake,60,processed,10,7476566868852256720,45.73050519273266,25.002500250041432,8,0.16,4,0.495242552069398,12,0.8,1.3,5.0,0.4938347127217349,0.9484434054098954,1472,1472,1412,True,ok
5,20,Awake,60,processed,11,10043323571384390778,45.73050519273266,25.002500250041432,8,0.16,4,0.495242552069398,12,0.8,1.3,5.0,0.4442590419719099,0.806344006697154,1472,1472,1418,True,ok
5,20,Awake,60,processed,12,5058185004903354795,45.73050519273266,25.002500250041432,8,0.16,4,0.495242552069398,12,0.8,1.3,5.0,0.5090392692176161,0.8565971467362476,1472,1472,1415,True,ok
5,20,Awake,60,processed,13,15841938335145638419,45.73050519273266,25.002500250041432,8,0.16,4,0.495242552069398,12,0.8,1.3,5.0,0.4188760074294821,0.8051527281826187,1472,1472,1413,True,ok
5,20,Awake,60,processed,14,1704172117322564219,45.73050519273266,25.002500250041432,8,0.16,4,0.495242552069398,12,0.8,1.3,5.0,0.551583403095514,0.9140395843574681,1472,1472,1404,True,ok
5,20,Awake,60,processed,15,1770925965623485877,45.73050519273266,25.002500250041432,8,0.16,4,0.495242552069398,12,0.8,1.3,5.0,0.43399650039346943,0.8476006872940438,1472,1472,1401,True,ok
5,20,Awake,60,processed,16,1983289635357601021,45.73050519273266,25.002500250041432,8,0.16,4,0.495242552069398,12,0.8,1.3,5.0,0.4415912167114428,0.8811700736358037,1472,1472,1406,True,ok
5,20,Awake,60,processed,17,8437771190046565199,45.73050519273266,25.002500250041432,8,0.16,4,0.495242552069398,12,0.8,1.3,5.0,0.5063460381413584,0.8670836974357667,1472,1472,1424,True,ok
5,20,Awake,60,processed,18,12414965582945794172,45.73050519273266,25.002500250041432,8,0.16,4,0.495242552069398,12,0.8,1.3,5.0,0.4450757658684829,0.6932044988351646,1472,1472,1406,True,ok
5,20,Awake,60,processed,19,14834311175064206681,45.73050519273266,25.002500250041432,8,0.16,4,0.495242552069398,12,0.8,1.3,5.0,0.4771494669088834,0.7964499507391252,1472,1472,1402,True,ok
5,20,Awake,60,processed,20,10336047096400661247,45.73050519273266,25.002500250041432,8,0.16,4,0.495242552069398,12,0.8,1.3,5.0,0.47939068428933224,0.8226758871064702,1472,1472,1418,True,ok
5,20,Awake,60,processed,21,8418965664846425685,45.73050519273266,25.002500250041432,8,0.16,4,0.495242552069398,12,0.8,1.3,5.0,0.5512456197123767,0.91253263303595,1472,1472,1419,True,ok
5,20,Awake,60,processed,22,2696426165066860521,45.73050519273266,25.002500250041432,8,0.16,4,0.495242552069398,12,0.8,1.3,5.0,0.4801798687372822,0.835779105572582,1472,1472,1390,True,ok
5,20,Awake,60,processed,23,4976273843907843619,45.73050519273266,25.002500250041432,8,0.16,4,0.495242552069398,12,0.8,1.3,5.0,0.5118793754948645,0.9371215341313741,1472,1472,1401,True,ok
5,20,Awake,60,processed,24,6662307330330943945,45.73050519273266,25.002500250041432,8,0.16,4,0.495242552069398,12,0.8,1.3,5.0,0.4970491312255724,0.9274780845684796,1472,1472,1378,True,ok
5,20,Awake,60,processed,25,1152970913260608591,45.73050519273266,25.002500250041432,8,0.16,4,0.495242552069398,12,0.8,1.3,5.0,0.488289249203513,0.8795656192496663,1472,1472,1417,True,ok
5,20,Awake,60,processed,26,8691141152424687818,45.73050519273266,25.002500250041432,8,0.16,4,0.495242552069398,12,0.8,1.3,5.0,0.5487358163608085,0.9521909093986485,1472,1472,1409,True,ok
5,20,Awake,60,processed,27,662440444119422454,45.73050519273266,25.002500250041432,8,0.16,4,0.495242552069398,12,0.8,1.3,5.0,0.45650815618455515,0.8790186222697156,1472,1472,1398,True,ok
5,20,Awake,60,processed,28,16930052152016367688,45.73050519273266,25.002500250041432,8,0.16,4,0.495242552069398,12,0.8,1.3,5.0,0.45867049656496695,0.8597945329427115,1472,1472,1390,True,ok
5,20,Awake,60,processed,29,11345059181077072212,45.73050519273266,25.002500250041432,8,0.16,4,0.495242552069398,12,0.8,1.3,5.0,0.46952905162402914,0.8801782643232375,1472,1472,1400,True,ok
5,20,Awake,60,processed,30,2336004945172124729,45.73050519273266,25.002500250041432,8,0.16,4,0.495242552069398,12,0.8,1.3,5.0,0.4829820504117193,0.798683392775245,1472,1472,1400,True,ok
5,20,Awake,60,processed,31,15148930571628173274,45.73050519273266,25.002500250041432,8,0.16,4,0.495242552069398,12,0.8,1.3,5.0,0.5226746259349534,0.8310176024610546,1472,1472,1413,True,ok
5,20,Awake,60,processed,32,14155322937026927690,45.73050519273266,25.002500250041432,8,0.16,4,0.495242552069398,12,0.8,1.3,5.0,0.45883248167499635,0.8285809334448373,1472,1472,1406,True,ok
5,20,Awake,60,processed,33,3402013171603455142,45.73050519273266,25.002500250041432,8,0.16,4,0.495242552069398,12,0.8,1.3,5.0,0.49130100670259663,0.8654461758198798,1472,1472,1394,True,ok
5,20,Awake,60,processed,34,15668912193843279748,45.73050519273266,25.002500250041432,8,0.16,4,0.495242552069398,12,0.8,1.3,5.0,0.4757111938475311,0.8886569897574362,1472,1472,1404,True,ok
5,20,Awake,60,processed,35,8852986917066377405,45.73050519273266,25.002500250041432,8,0.16,4,0.495242552069398,12,0.8,1.3,5.0,0.4884312035049884,0.8390808228265418,1472,1472,1416,True,ok
5,20,Awake,60,processed,36,1622943497919039778,45.73050519273266,25.002500250041432,8,0.16,4,0.495242552069398,12,0.8,1.3,5.0,0.467981936200169,0.7986687051126632,1472,1472,1409,True,ok
5,20,Awake,60,processed,37,2538719539152609435,45.73050519273266,25.002500250041432,8,0.16,4,0.495242552069398,12,0.8,1.3,5.0,0.45615718041062736,0.8120786689492916,1472,1472,1419,True,ok
5,20,Awake,60,processed,38,7015519052262265600,45.73050519273266,25.002500250041432,8,0.16,4,0.495242552069398,12,0.8,1.3,5.0,0.4663034889439087,0.8516571436492649,1472,1472,1406,True,ok
5,20,Awake,60,processed,39,10304692706176965860,45.73050519273266,25.002500250041432,8,0.16,4,0.495242552069398,12,0.8,1.3,5.0,0.5169618440261052,0.891458143098746,1472,1472,1406,True,ok
5,21,Awake,60,processed,1,2698774604224560336,38.02795747331068,25.002500250041432,8,0.16,4,0.4719437422684112,12,0.8,1.3,5.0,0.40537106577683,0.8170522000630276,1472,1472,1412,True,ok
5,21,Awake,60,processed,2,845291653037201587,38.02795747331068,25.002500250041432,8,0.16,4,0.4719437422684112,12,0.8,1.3,5.0,0.43601824420829716,0.8945578439909337,1472,1472,1424,True,ok
5,21,Awake,60,processed,3,4969555845679445172,38.02795747331068,25.002500250041432,8,0.16,4,0.4719437422684112,12,0.8,1.3,5.0,0.4569248844620015,0.790522701926755,1472,1472,1408,True,ok
5,21,Awake,60,processed,4,15819453266682068947,38.02795747331068,25.002500250041432,8,0.16,4,0.4719437422684112,12,0.8,1.3,5.0,0.5301076701879045,0.9067498113390317,1472,1472,1410,True,ok
5,21,Awake,60,processed,5,10358040367367258646,38.02795747331068,25.002500250041432,8,0.16,4,0.4719437422684112,12,0.8,1.3,5.0,0.46418326109812597,0.9111336083430615,1472,1472,1419,True,ok
5,21,Awake,60,processed,6,13322511012874850186,38.02795747331068,25.002500250041432,8,0.16,4,0.4719437422684112,12,0.8,1.3,5.0,0.545319277445263,0.9324980080975082,1472,1472,1408,True,ok
5,21,Awake,60,processed,7,1001907955595065212,38.02795747331068,25.002500250041432,8,0.16,4,0.4719437422684112,12,0.8,1.3,5.0,0.5124187479032266,0.9548937310100418,1472,1472,1390,True,ok
5,21,Awake,60,processed,8,2855290838915398516,38.02795747331068,25.002500250041432,8,0.16,4,0.4719437422684112,12,0.8,1.3,5.0,0.4835541468647388,0.8781244024776838,1472,1472,1416,True,ok
5,21,Awake,60,processed,9,13212326502129185343,38.02795747331068,25.002500250041432,8,0.16,4,0.4719437422684112,12,0.8,1.3,5.0,0.43247167115270757,0.8090430800699926,1472,1472,1404,True,ok
5,21,Awake,60,processed,10,4345478153892559208,38.02795747331068,25.002500250041432,8,0.16,4,0.4719437422684112,12,0.8,1.3,5.0,0.482321875385539,0.8704178990649113,1472,1472,1425,True,ok
5,21,Awake,60,processed,11,15166846234881639536,38.02795747331068,25.002500250041432,8,0.16,4,0.4719437422684112,12,0.8,1.3,5.0,0.4697634322188739,0.8704010199736913,1472,1472,1410,True,ok
5,21,Awake,60,processed,12,17837444567902004501,38.02795747331068,25.002500250041432,8,0.16,4,0.4719437422684112,12,0.8,1.3,5.0,0.49054425864417234,0.8981880044929539,1472,1472,1407,True,ok
5,21,Awake,60,processed,13,14621810055319949700,38.02795747331068,25.002500250041432,8,0.16,4,0.4719437422684112,12,0.8,1.3,5.0,0.4721328526615153,0.8421345137411687,1472,1472,1406,True,ok
5,21,Awake,60,processed,14,4242781200609118460,38.02795747331068,25.002500250041432,8,0.16,4,0.4719437422684112,12,0.8,1.3,5.0,0.43414917845464607,0.670903443522409,1472,1472,1389,True,ok
5,21,Awake,60,processed,15,10197555061659053463,38.02795747331068,25.002500250041432,8,0.16,4,0.4719437422684112,12,0.8,1.3,5.0,0.39813219969025126,0.7677381475891217,1472,1472,1400,True,ok
5,21,Awake,60,processed,16,17769099775643019878,38.02795747331068,25.002500250041432,8,0.16,4,0.4719437422684112,12,0.8,1.3,5.0,0.472484201102705,0.8627201497112745,1472,1472,1419,True,ok
5,21,Awake,60,processed,17,11606921695412335459,38.02795747331068,25.002500250041432,8,0.16,4,0.4719437422684112,12,0.8,1.3,5.0,0.47563999690030795,0.7226161851852801,1472,1472,1400,True,ok
5,21,Awake,60,processed,18,17165774103674884498,38.02795747331068,25.002500250041432,8,0.16,4,0.4719437422684112,12,0.8,1.3,5.0,0.4502838546647217,0.8161868515208477,1472,1472,1416,True,ok
5,21,Awake,60,processed,19,537238202474771280,38.02795747331068,25.002500250041432,8,0.16,4,0.4719437422684112,12,0.8,1.3,5.0,0.5036289797576966,0.9236582811369209,1472,1472,1416,True,ok
5,21,Awake,60,processed,20,2045981977550438344,38.02795747331068,25.002500250041432,8,0.16,4,0.4719437422684112,12,0.8,1.3,5.0,0.5234089962548251,0.900531594103895,1472,1472,1393,True,ok
5,21,Awake,60,processed,21,5320888759927554005,38.02795747331068,25.002500250041432,8,0.16,4,0.4719437422684112,12,0.8,1.3,5.0,0.44599775536829656,0.7976624802145199,1472,1472,1402,True,ok
5,21,Awake,60,processed,22,6740171541045341288,38.02795747331068,25.002500250041432,8,0.16,4,0.4719437422684112,12,0.8,1.3,5.0,0.4872212947871604,0.9261584229131482,1472,1472,1399,True,ok
5,21,Awake,60,processed,23,18406824285762858846,38.02795747331068,25.002500250041432,8,0.16,4,0.4719437422684112,12,0.8,1.3,5.0,0.4848224517233058,0.9247725862307481,1472,1472,1416,True,ok
5,21,Awake,60,processed,24,15550302709884212896,38.02795747331068,25.002500250041432,8,0.16,4,0.4719437422684112,12,0.8,1.3,5.0,0.5389620474000297,0.8393977113979788,1472,1472,1398,True,ok
5,21,Awake,60,processed,25,7615608533445052464,38.02795747331068,25.002500250041432,8,0.16,4,0.4719437422684112,12,0.8,1.3,5.0,0.43474085315257066,0.8775082684878313,1472,1472,1407,True,ok
5,21,Awake,60,processed,26,10653827219064043516,38.02795747331068,25.002500250041432,8,0.16,4,0.4719437422684112,12,0.8,1.3,5.0,0.45072821972397537,0.8479881382945201,1472,1472,1424,True,ok
5,21,Awake,60,processed,27,13950915149732568903,38.02795747331068,25.002500250041432,8,0.16,4,0.4719437422684112,12,0.8,1.3,5.0,0.38804910853661645,0.6755536315227918,1472,1472,1394,True,ok
5,21,Awake,60,processed,28,18112131827740221210,38.02795747331068,25.002500250041432,8,0.16,4,0.4719437422684112,12,0.8,1.3,5.0,0.4127319887569915,0.7736086184705384,1472,1472,1408,True,ok
5,21,Awake,60,processed,29,12214754475790915308,38.02795747331068,25.002500250041432,8,0.16,4,0.4719437422684112,12,0.8,1.3,5.0,0.4719859161448076,0.7465463688077411,1472,1472,1414,True,ok
5,21,Awake,60,processed,30,4330795404142037465,38.02795747331068,25.002500250041432,8,0.16,4,0.4719437422684112,12,0.8,1.3,5.0,0.454323286751263,0.7836348691804225,1472,1472,1423,True,ok
5,21,Awake,60,processed,31,7448454002036940119,38.02795747331068,25.002500250041432,8,0.16,4,0.4719437422684112,12,0.8,1.3,5.0,0.41772657333690627,0.6477537340346554,1472,1472,1425,True,ok
5,21,Awake,60,processed,32,12671411713685705991,38.02795747331068,25.002500250041432,8,0.16,4,0.4719437422684112,12,0.8,1.3,5.0,0.4615097472133876,0.890577586147693,1472,1472,1415,True,ok
5,21,Awake,60,processed,33,11397365281750765998,38.02795747331068,25.002500250041432,8,0.16,4,0.4719437422684112,12,0.8,1.3,5.0,0.47126481932237685,0.9214773106545397,1472,1472,1375,True,ok
5,21,Awake,60,processed,34,11546376199329266633,38.02795747331068,25.002500250041432,8,0.16,4,0.4719437422684112,12,0.8,1.3,5.0,0.48862598777018407,0.8521985161726942,1472,1472,1413,True,ok
5,21,Awake,60,processed,35,3344065171513143232,38.02795747331068,25.002500250041432,8,0.16,4,0.4719437422684112,12,0.8,1.3,5.0,0.49943155630130076,0.8594583707709532,1472,1472,1401,True,ok
5,21,Awake,60,processed,36,13885530448831117876,38.02795747331068,25.002500250041432,8,0.16,4,0.4719437422684112,12,0.8,1.3,5.0,0.4070622895615383,0.8467665551494883,1472,1472,1408,True,ok
5,21,Awake,60,processed,37,11941502835119689760,38.02795747331068,25.002500250041432,8,0.16,4,0.4719437422684112,12,0.8,1.3,5.0,0.3915978214303792,0.5429129019258696,1472,1472,1421,True,ok
5,21,Awake,60,processed,38,10472790564859234807,38.02795747331068,25.002500250041432,8,0.16,4,0.4719437422684112,12,0.8,1.3,5.0,0.4812043836423491,0.8427406440762449,1472,1472,1405,True,ok
5,21,Awake,60,processed,39,14917817186689089134,38.02795747331068,25.002500250041432,8,0.16,4,0.4719437422684112,12,0.8,1.3,5.0,0.43075356783905916,0.850640544645308,1472,1472,1407,True,ok
5,22,Awake,60,processed,1,15449684457683872219,38.02795747331068,25.002500250041432,8,0.16,4,0.4806443781470481,12,0.8,1.3,5.0,0.5149855411592293,0.9350349371409608,1472,1416,1338,True,ok
5,22,Awake,60,processed,2,5642098389232756580,38.02795747331068,25.002500250041432,8,0.16,4,0.4806443781470481,12,0.8,1.3,5.0,0.5377720560991889,0.9500229209434095,1472,1472,1415,True,ok
5,22,Awake,60,processed,3,5789396121587332847,38.02795747331068,25.002500250041432,8,0.16,4,0.4806443781470481,12,0.8,1.3,5.0,0.5286229376371624,0.9734284623108106,1472,1472,1417,True,ok
5,22,Awake,60,processed,4,10558915568630156451,38.02795747331068,25.002500250041432,8,0.16,4,0.4806443781470481,12,0.8,1.3,5.0,0.5514461927769599,0.9553661870897844,1472,1472,1415,True,ok
5,22,Awake,60,processed,5,18133360855682751934,38.02795747331068,25.002500250041432,8,0.16,4,0.4806443781470481,12,0.8,1.3,5.0,0.4612364660385395,0.8887373556273462,1472,1472,1417,True,ok
5,22,Awake,60,processed,6,5679899552961416289,38.02795747331068,25.002500250041432,8,0.16,4,0.4806443781470481,12,0.8,1.3,5.0,0.5320398733180786,0.8869774079303065,1472,1472,1397,True,ok
5,22,Awake,60,processed,7,17691805935789593160,38.02795747331068,25.002500250041432,8,0.16,4,0.4806443781470481,12,0.8,1.3,5.0,0.47916860561526103,0.9128308239154815,1472,1472,1394,True,ok
5,22,Awake,60,processed,8,6343670601618170163,38.02795747331068,25.002500250041432,8,0.16,4,0.4806443781470481,12,0.8,1.3,5.0,0.5107065843377008,0.9113577508840344,1472,1472,1413,True,ok
5,22,Awake,60,processed,9,9159827642701616854,38.02795747331068,25.002500250041432,8,0.16,4,0.4806443781470481,12,0.8,1.3,5.0,0.4212785294856727,0.837230207483521,1472,1472,1429,True,ok
5,22,Awake,60,processed,10,17286766988716260561,38.02795747331068,25.002500250041432,8,0.16,4,0.4806443781470481,12,0.8,1.3,5.0,0.49512775355440647,0.8819259524003009,1472,1472,1424,True,ok
5,22,Awake,60,processed,11,8412051180994559971,38.02795747331068,25.002500250041432,8,0.16,4,0.4806443781470481,12,0.8,1.3,5.0,0.455203365222265,0.794625148026622,1472,1472,1385,True,ok
5,22,Awake,60,processed,12,3337384385389264782,38.02795747331068,25.002500250041432,8,0.16,4,0.4806443781470481,12,0.8,1.3,5.0,0.5250695134911875,0.9560415321937796,1472,1472,1402,True,ok
5,22,Awake,60,processed,13,2547323614757440183,38.02795747331068,25.002500250041432,8,0.16,4,0.4806443781470481,12,0.8,1.3,5.0,0.43743357866298777,0.7854821225630095,1472,1472,1430,True,ok
5,22,Awake,60,processed,14,2338037261170361400,38.02795747331068,25.002500250041432,8,0.16,4,0.4806443781470481,12,0.8,1.3,5.0,0.4676994722826473,0.8854029109355666,1472,1448,1394,True,ok
5,22,Awake,60,processed,15,2316781499109272932,38.02795747331068,25.002500250041432,8,0.16,4,0.4806443781470481,12,0.8,1.3,5.0,0.4468417594201915,0.7205037150843195,1472,1472,1436,True,ok
5,22,Awake,60,processed,16,15568092819578624106,38.02795747331068,25.002500250041432,8,0.16,4,0.4806443781470481,12,0.8,1.3,5.0,0.43392081643691904,0.7852783999387958,1472,1472,1404,True,ok
5,22,Awake,60,processed,17,4883928004917437799,38.02795747331068,25.002500250041432,8,0.16,4,0.4806443781470481,12,0.8,1.3,5.0,0.5227443980698113,0.9415615823570747,1472,1472,1382,True,ok
5,22,Awake,60,processed,18,8849942970756497286,38.02795747331068,25.002500250041432,8,0.16,4,0.4806443781470481,12,0.8,1.3,5.0,0.39537669240386647,0.5894918778633329,1472,1458,1392,True,ok
5,22,Awake,60,processed,19,9068218803374337668,38.02795747331068,25.002500250041432,8,0.16,4,0.4806443781470481,12,0.8,1.3,5.0,0.5072534277959632,0.9569295627080399,1472,1472,1400,True,ok
5,22,Awake,60,processed,20,7101885697020680821,38.02795747331068,25.002500250041432,8,0.16,4,0.4806443781470481,12,0.8,1.3,5.0,0.44788503571902644,0.8952663573836384,1472,1472,1414,True,ok
5,22,Awake,60,processed,21,16730327300159319213,38.02795747331068,25.002500250041432,8,0.16,4,0.4806443781470481,12,0.8,1.3,5.0,0.4718472545427098,0.7945020968098717,1472,1472,1417,True,ok
5,22,Awake,60,processed,22,12516383758379400945,38.02795747331068,25.002500250041432,8,0.16,4,0.4806443781470481,12,0.8,1.3,5.0,0.4529837659597581,0.7562105201142508,1472,1472,1424,True,ok
5,22,Awake,60,processed,23,2080978618579749249,38.02795747331068,25.002500250041432,8,0.16,4,0.4806443781470481,12,0.8,1.3,5.0,0.4857009492985466,0.8046980428643102,1472,1472,1425,True,ok
5,22,Awake,60,processed,24,817426150771429211,38.02795747331068,25.002500250041432,8,0.16,4,0.4806443781470481,12,0.8,1.3,5.0,0.49210492365867203,0.8466496202064957,1472,1472,1420,True,ok
5,22,Awake,60,processed,25,10654164275488075619,38.02795747331068,25.002500250041432,8,0.16,4,0.4806443781470481,12,0.8,1.3,5.0,0.5160321933347192,0.9592581302459735,1472,1464,1416,True,ok
5,22,Awake,60,processed,26,14981237755526705344,38.02795747331068,25.002500250041432,8,0.16,4,0.4806443781470481,12,0.8,1.3,5.0,0.47856370435919643,0.8717155214187368,1472,1472,1406,True,ok
5,22,Awake,60,processed,27,15028576347620340550,38.02795747331068,25.002500250041432,8,0.16,4,0.4806443781470481,12,0.8,1.3,5.0,0.4780734291277231,0.8738496893935577,1472,1472,1422,True,ok
5,22,Awake,60,processed,28,184888860927493522,38.02795747331068,25.002500250041432,8,0.16,4,0.4806443781470481,12,0.8,1.3,5.0,0.5246251909310736,0.8755521018392901,1472,1472,1406,True,ok
5,22,Awake,60,processed,29,12888910538849187059,38.02795747331068,25.002500250041432,8,0.16,4,0.4806443781470481,12,0.8,1.3,5.0,0.4626883527747662,0.8235849741457887,1472,1472,1422,True,ok
5,22,Awake,60,processed,30,5877257822272804718,38.02795747331068,25.002500250041432,8,0.16,4,0.4806443781470481,12,0.8,1.3,5.0,0.5202314689605116,0.8589752639687857,1472,1472,1404,True,ok
5,22,Awake,60,processed,31,16996245966773403649,38.02795747331068,25.002500250041432,8,0.16,4,0.4806443781470481,12,0.8,1.3,5.0,0.44494225257959996,0.7964089471461967,1472,1472,1400,True,ok
5,22,Awake,60,processed,32,8330337880851763651,38.02795747331068,25.002500250041432,8,0.16,4,0.4806443781470481,12,0.8,1.3,5.0,0.4945902741384134,0.9575253373085885,1472,1418,1322,True,ok
5,22,Awake,60,processed,33,1182667744163545313,38.02795747331068,25.002500250041432,8,0.16,4,0.4806443781470481,12,0.8,1.3,5.0,0.5747407019070608,0.9729644536662527,1472,1458,1397,True,ok
5,22,Awake,60,processed,34,11069066611241280767,38.02795747331068,25.002500250041432,8,0.16,4,0.4806443781470481,12,0.8,1.3,5.0,0.4119870582317772,0.6933889517374416,1472,1472,1399,True,ok
5,22,Awake,60,processed,35,679515060624504231,38.02795747331068,25.002500250041432,8,0.16,4,0.4806443781470481,12,0.8,1.3,5.0,0.512926941168793,0.897453885484002,1472,1472,1379,True,ok
5,22,Awake,60,processed,36,14903229553532677578,38.02795747331068,25.002500250041432,8,0.16,4,0.4806443781470481,12,0.8,1.3,5.0,0.43801717166732845,0.8303559209988473,1472,1472,1399,True,ok
5,22,Awake,60,processed,37,12357926977204968074,38.02795747331068,25.002500250041432,8,0.16,4,0.4806443781470481,12,0.8,1.3,5.0,0.5109333404671942,0.908512735870329,1472,1472,1411,True,ok
5,22,Awake,60,processed,38,5367594355206048460,38.02795747331068,25.002500250041432,8,0.16,4,0.4806443781470481,12,0.8,1.3,5.0,0.5228375999555206,0.8269524918258847,1472,1472,1414,True,ok
5,22,Awake,60,processed,39,8383392785681530289,38.02795747331068,25.002500250041432,8,0.16,4,0.4806443781470481,12,0.8,1.3,5.0,0.5124162170543686,0.9237842536644532,1472,1472,1419,True,ok
5,23,Awake,60,processed,1,5995037420148350339,45.73050519273266,25.002500250041432,8,0.16,4,0.5157771803639322,13,0.8,1.3,5.0,0.4610774661416214,0.8934946238796789,1472,1472,1414,True,ok
5,23,Awake,60,processed,2,2033908653654890328,45.73050519273266,25.002500250041432,8,0.16,4,0.5157771803639322,13,0.8,1.3,5.0,0.5054028131643109,0.8755581427438643,1472,1472,1411,True,ok
5,23,Awake,60,processed,3,7482124740290282962,45.73050519273266,25.002500250041432,8,0.16,4,0.5157771803639322,13,0.8,1.3,5.0,0.49747248898861657,0.9250915032010875,1472,1472,1400,True,ok
5,23,Awake,60,processed,4,11420983132313667534,45.73050519273266,25.002500250041432,8,0.16,4,0.5157771803639322,13,0.8,1.3,5.0,0.4420973941180444,0.8969758312133908,1472,1472,1412,True,ok
5,23,Awake,60,processed,5,5288619068629932542,45.73050519273266,25.002500250041432,8,0.16,4,0.5157771803639322,13,0.8,1.3,5.0,0.5278620765400392,0.95602788238381,1472,1472,1400,True,ok
5,23,Awake,60,processed,6,9927661157966498665,45.73050519273266,25.002500250041432,8,0.16,4,0.5157771803639322,13,0.8,1.3,5.0,0.49205614994954266,0.8806997917004923,1472,1472,1412,True,ok
5,23,Awake,60,processed,7,7510310813786633432,45.73050519273266,25.002500250041432,8,0.16,4,0.5157771803639322,13,0.8,1.3,5.0,0.5002787052741395,0.8431886251647055,1472,1472,1418,True,ok
5,23,Awake,60,processed,8,16682953911405092319,45.73050519273266,25.002500250041432,8,0.16,4,0.5157771803639322,13,0.8,1.3,5.0,0.4811674483449717,0.9087494958429103,1472,1472,1408,True,ok
5,23,Awake,60,processed,9,9406363798498214478,45.73050519273266,25.002500250041432,8,0.16,4,0.5157771803639322,13,0.8,1.3,5.0,0.5111774176710357,0.8439537431524051,1472,1472,1397,True,ok
5,23,Awake,60,processed,10,8515940869755258113,45.73050519273266,25.002500250041432,8,0.16,4,0.5157771803639322,13,0.8,1.3,5.0,0.5033808993616697,0.8589542808535408,1472,1472,1408,True,ok
5,23,Awake,60,processed,11,11376175105217269251,45.73050519273266,25.002500250041432,8,0.16,4,0.5157771803639322,13,0.8,1.3,5.0,0.4566945680354436,0.8169230285340375,1472,1472,1422,True,ok
5,23,Awake,60,processed,12,1347697137649164988,45.73050519273266,25.002500250041432,8,0.16,4,0.5157771803639322,13,0.8,1.3,5.0,0.47358582070998645,0.8314429417073754,1472,1472,1397,True,ok
5,23,Awake,60,processed,13,7952534376411367693,45.73050519273266,25.002500250041432,8,0.16,4,0.5157771803639322,13,0.8,1.3,5.0,0.60324967559343,0.8754077457440347,1472,1472,1415,True,ok
5,23,Awake,60,processed,14,4572965089277775551,45.73050519273266,25.002500250041432,8,0.16,4,0.5157771803639322,13,0.8,1.3,5.0,0.4777008431424919,0.8430714834172466,1472,1472,1410,True,ok
5,23,Awake,60,processed,15,2845570401395320691,45.73050519273266,25.002500250041432,8,0.16,4,0.5157771803639322,13,0.8,1.3,5.0,0.553438694384451,0.9339060403092724,1472,1472,1386,True,ok
5,23,Awake,60,processed,16,5069497109571480833,45.73050519273266,25.002500250041432,8,0.16,4,0.5157771803639322,13,0.8,1.3,5.0,0.5415734961755362,0.9708767198112483,1472,1472,1378,True,ok
5,23,Awake,60,processed,17,6247616679738348356,45.73050519273266,25.002500250041432,8,0.16,4,0.5157771803639322,13,0.8,1.3,5.0,0.431457122556555,0.8483009207572014,1472,1472,1416,True,ok
5,23,Awake,60,processed,18,6642763577167685120,45.73050519273266,25.002500250041432,8,0.16,4,0.5157771803639322,13,0.8,1.3,5.0,0.5348623194549366,0.9228021404229965,1472,1472,1407,True,ok
5,23,Awake,60,processed,19,15106670739980950572,45.73050519273266,25.002500250041432,8,0.16,4,0.5157771803639322,13,0.8,1.3,5.0,0.5170426919738403,0.9284365714758321,1472,1472,1411,True,ok
5,23,Awake,60,processed,20,2887924170108057827,45.73050519273266,25.002500250041432,8,0.16,4,0.5157771803639322,13,0.8,1.3,5.0,0.48959741306675486,0.8594817062195969,1472,1472,1418,True,ok
5,23,Awake,60,processed,21,1934773210640119075,45.73050519273266,25.002500250041432,8,0.16,4,0.5157771803639322,13,0.8,1.3,5.0,0.5157798973355974,0.9088910451492176,1472,1472,1411,True,ok
5,23,Awake,60,processed,22,18201657703250989832,45.73050519273266,25.002500250041432,8,0.16,4,0.5157771803639322,13,0.8,1.3,5.0,0.566331059520402,0.8904571206541073,1472,1464,1394,True,ok
5,23,Awake,60,processed,23,4028225329851542684,45.73050519273266,25.002500250041432,8,0.16,4,0.5157771803639322,13,0.8,1.3,5.0,0.4832394393100842,0.9451067916329714,1472,1472,1409,True,ok
5,23,Awake,60,processed,24,16502292158517746822,45.73050519273266,25.002500250041432,8,0.16,4,0.5157771803639322,13,0.8,1.3,5.0,0.5173067415257575,0.8908748647582195,1472,1472,1408,True,ok
5,23,Awake,60,processed,25,10467135812103996582,45.73050519273266,25.002500250041432,8,0.16,4,0.5157771803639322,13,0.8,1.3,5.0,0.5126972168204916,0.8727894834649489,1472,1472,1409,True,ok
5,23,Awake,60,processed,26,2236371166047224751,45.73050519273266,25.002500250041432,8,0.16,4,0.5157771803639322,13,0.8,1.3,5.0,0.5004535929208314,0.8721688411269316,1472,1472,1399,True,ok
5,23,Awake,60,processed,27,6124585876603026871,45.73050519273266,25.002500250041432,8,0.16,4,0.5157771803639322,13,0.8,1.3,5.0,0.5714281294447267,0.9376969132336034,1472,1472,1411,True,ok
5,23,Awake,60,processed,28,3833434042790209940,45.73050519273266,25.002500250041432,8,0.16,4,0.5157771803639322,13,0.8,1.3,5.0,0.4648888887099971,0.8614971496929681,1472,1472,1412,True,ok
5,23,Awake,60,processed,29,8526379098982906618,45.73050519273266,25.002500250041432,8,0.16,4,0.5157771803639322,13,0.8,1.3,5.0,0.5100698833372271,0.8276351878062456,1472,1472,1415,True,ok
5,23,Awake,60,processed,30,7242377451189904655,45.73050519273266,25.002500250041432,8,0.16,4,0.5157771803639322,13,0.8,1.3,5.0,0.5635091789117789,0.9297610888297695,1472,1472,1409,True,ok
5,23,Awake,60,processed,31,16446311932436497469,45.73050519273266,25.002500250041432,8,0.16,4,0.5157771803639322,13,0.8,1.3,5.0,0.4779502872341734,0.872533837459233,1472,1472,1414,True,ok
5,23,Awake,60,processed,32,8249055573469810899,45.73050519273266,25.002500250041432,8,0.16,4,0.5157771803639322,13,0.8,1.3,5.0,0.46000365218609124,0.8038505525301697,1472,1472,1408,True,ok
5,23,Awake,60,processed,33,14785902047313812391,45.73050519273266,25.002500250041432,8,0.16,4,0.5157771803639322,13,0.8,1.3,5.0,0.5233758231500916,0.8707395570729615,1472,1472,1394,True,ok
5,23,Awake,60,processed,34,17174293152277598735,45.73050519273266,25.002500250041432,8,0.16,4,0.5157771803639322,13,0.8,1.3,5.0,0.551944515573933,0.9423148411016617,1472,1472,1419,True,ok
5,23,Awake,60,processed,35,14297367143345615330,45.73050519273266,25.002500250041432,8,0.16,4,0.5157771803639322,13,0.8,1.3,5.0,0.49291963708722414,0.8626621450354456,1472,1472,1385,True,ok
5,23,Awake,60,processed,36,13901246066696767478,45.73050519273266,25.002500250041432,8,0.16,4,0.5157771803639322,13,0.8,1.3,5.0,0.4762349621818263,0.8492076404735718,1472,1472,1396,True,ok
5,23,Awake,60,processed,37,754876222045858699,45.73050519273266,25.002500250041432,8,0.16,4,0.5157771803639322,13,0.8,1.3,5.0,0.4945935503169634,0.8569449283951666,1472,1472,1388,True,ok
5,23,Awake,60,processed,38,690410607248739657,45.73050519273266,25.002500250041432,8,0.16,4,0.5157771803639322,13,0.8,1.3,5.0,0.5700776952373516,0.9420275674773723,1472,1472,1400,True,ok
5,23,Awake,60,processed,39,13755721330132996120,45.73050519273266,25.002500250041432,8,0.16,4,0.5157771803639322,13,0.8,1.3,5.0,0.4351787346269562,0.8624451452344079,1472,1472,1393,True,ok
5,24,Awake,60,processed,1,14091559876544248985,38.02795747331068,25.002500250041432,8,0.16,4,0.4918383167689912,12,0.8,1.3,5.0,0.4966581952547717,0.9699708409108511,1472,1472,1391,True,ok
5,24,Awake,60,processed,2,10152578888143574172,38.02795747331068,25.002500250041432,8,0.16,4,0.4918383167689912,12,0.8,1.3,5.0,0.45903580942225747,0.9394114764069729,1472,1472,1399,True,ok
5,24,Awake,60,processed,3,14819885838092346236,38.02795747331068,25.002500250041432,8,0.16,4,0.4918383167689912,12,0.8,1.3,5.0,0.48471817070428547,0.8003960888734482,1472,1472,1419,True,ok
5,24,Awake,60,processed,4,17654567927928060544,38.02795747331068,25.002500250041432,8,0.16,4,0.4918383167689912,12,0.8,1.3,5.0,0.4599913497558933,0.9288802362036268,1472,1472,1400,True,ok
5,24,Awake,60,processed,5,17477486304766297586,38.02795747331068,25.002500250041432,8,0.16,4,0.4918383167689912,12,0.8,1.3,5.0,0.47108656484438455,0.9420603546711159,1472,1472,1422,True,ok
5,24,Awake,60,processed,6,9100335367185783189,38.02795747331068,25.002500250041432,8,0.16,4,0.4918383167689912,12,0.8,1.3,5.0,0.5118452563959222,0.9412006255530692,1472,1472,1398,True,ok
5,24,Awake,60,processed,7,10687182221155413586,38.02795747331068,25.002500250041432,8,0.16,4,0.4918383167689912,12,0.8,1.3,5.0,0.5158641809960852,0.8948387480828092,1472,1472,1410,True,ok
5,24,Awake,60,processed,8,6170804978393075327,38.02795747331068,25.002500250041432,8,0.16,4,0.4918383167689912,12,0.8,1.3,5.0,0.4679893813974886,0.9034839331403418,1472,1472,1412,True,ok
5,24,Awake,60,processed,9,425084199093818717,38.02795747331068,25.002500250041432,8,0.16,4,0.4918383167689912,12,0.8,1.3,5.0,0.5052459953189263,0.79309826354829,1472,1472,1399,True,ok
5,24,Awake,60,processed,10,7337142753416104761,38.02795747331068,25.002500250041432,8,0.16,4,0.4918383167689912,12,0.8,1.3,5.0,0.41808980167395204,0.8549672329431249,1472,1472,1403,True,ok
5,24,Awake,60,processed,11,13498392578375351800,38.02795747331068,25.002500250041432,8,0.16,4,0.4918383167689912,12,0.8,1.3,5.0,0.48572109007678393,0.8759303425348655,1472,1472,1421,True,ok
5,24,Awake,60,processed,12,12687777693167866055,38.02795747331068,25.002500250041432,8,0.16,4,0.4918383167689912,12,0.8,1.3,5.0,0.4726234451168229,0.8978670846734677,1472,1472,1414,True,ok
5,24,Awake,60,processed,13,9732227771218170006,38.02795747331068,25.002500250041432,8,0.16,4,0.4918383167689912,12,0.8,1.3,5.0,0.5340177189061365,0.8638346373576731,1472,1472,1412,True,ok
5,24,Awake,60,processed,14,3999379605152789415,38.02795747331068,25.002500250041432,8,0.16,4,0.4918383167689912,12,0.8,1.3,5.0,0.4848833920545998,0.8856655671480097,1472,1472,1433,True,ok
5,24,Awake,60,processed,15,15519291156916235003,38.02795747331068,25.002500250041432,8,0.16,4,0.4918383167689912,12,0.8,1.3,5.0,0.45801085083317755,0.8600254387579307,1472,1472,1433,True,ok
5,24,Awake,60,processed,16,15728671019295934186,38.02795747331068,25.002500250041432,8,0.16,4,0.4918383167689912,12,0.8,1.3,5.0,0.5015172402869695,0.8683567642959975,1472,1472,1416,True,ok
5,24,Awake,60,processed,17,11572456892176069949,38.02795747331068,25.002500250041432,8,0.16,4,0.4918383167689912,12,0.8,1.3,5.0,0.4446664513373498,0.7942557723323694,1472,1472,1409,True,ok
5,24,Awake,60,processed,18,17451125123748944285,38.02795747331068,25.002500250041432,8,0.16,4,0.4918383167689912,12,0.8,1.3,5.0,0.429093513112644,0.7543061664249199,1472,1472,1418,True,ok
5,24,Awake,60,processed,19,18007871757820152600,38.02795747331068,25.002500250041432,8,0.16,4,0.4918383167689912,12,0.8,1.3,5.0,0.454010592337402,0.8687061465765337,1472,1472,1414,True,ok
5,24,Awake,60,processed,20,8145578753043354000,38.02795747331068,25.002500250041432,8,0.16,4,0.4918383167689912,12,0.8,1.3,5.0,0.5029231875872956,0.8171526095161376,1472,1472,1391,True,ok
5,24,Awake,60,processed,21,10437295772622240720,38.02795747331068,25.002500250041432,8,0.16,4,0.4918383167689912,12,0.8,1.3,5.0,0.4334777719208209,0.6462995048658565,1472,1472,1401,True,ok
5,24,Awake,60,processed,22,6230000970549483712,38.02795747331068,25.002500250041432,8,0.16,4,0.4918383167689912,12,0.8,1.3,5.0,0.4796593692614183,0.8393132537923984,1472,1472,1425,True,ok
5,24,Awake,60,processed,23,568422480677090250,38.02795747331068,25.002500250041432,8,0.16,4,0.4918383167689912,12,0.8,1.3,5.0,0.42045446606153336,0.7870833319346482,1472,1472,1412,True,ok
5,24,Awake,60,processed,24,13907174559299143739,38.02795747331068,25.002500250041432,8,0.16,4,0.4918383167689912,12,0.8,1.3,5.0,0.43186944284163675,0.7683828361728502,1472,1472,1397,True,ok
5,24,Awake,60,processed,25,15313149349036178453,38.02795747331068,25.002500250041432,8,0.16,4,0.4918383167689912,12,0.8,1.3,5.0,0.5084845557753681,0.9290162483412321,1472,1472,1408,True,ok
5,24,Awake,60,processed,26,7511811934648729609,38.02795747331068,25.002500250041432,8,0.16,4,0.4918383167689912,12,0.8,1.3,5.0,0.4770158541223952,0.9442889038637631,1472,1472,1410,True,ok
5,24,Awake,60,processed,27,8861270051474332313,38.02795747331068,25.002500250041432,8,0.16,4,0.4918383167689912,12,0.8,1.3,5.0,0.5578167693625116,0.9326115890562983,1472,1472,1416,True,ok
5,24,Awake,60,processed,28,4342410014682500925,38.02795747331068,25.002500250041432,8,0.16,4,0.4918383167689912,12,0.8,1.3,5.0,0.43034316955893503,0.799942396079122,1472,1472,1424,True,ok
5,24,Awake,60,processed,29,6665865754502423328,38.02795747331068,25.002500250041432,8,0.16,4,0.4918383167689912,12,0.8,1.3,5.0,0.45861376454277697,0.7565866216347401,1472,1472,1413,True,ok
5,24,Awake,60,processed,30,11202083451025983071,38.02795747331068,25.002500250041432,8,0.16,4,0.4918383167689912,12,0.8,1.3,5.0,0.478249502529863,0.900316670930714,1472,1472,1396,True,ok
5,24,Awake,60,processed,31,2197879523192638996,38.02795747331068,25.002500250041432,8,0.16,4,0.4918383167689912,12,0.8,1.3,5.0,0.4755042306595593,0.8571403245053307,1472,1472,1394,True,ok
5,24,Awake,60,processed,32,8436639080462920205,38.02795747331068,25.002500250041432,8,0.16,4,0.4918383167689912,12,0.8,1.3,5.0,0.488097262152007,0.8484702480461016,1472,1472,1409,True,ok
5,24,Awake,60,processed,33,2780316625828177376,38.02795747331068,25.002500250041432,8,0.16,4,0.4918383167689912,12,0.8,1.3,5.0,0.4609319812348913,0.8373308237939736,1472,1472,1403,True,ok
5,24,Awake,60,processed,34,4745049662215633838,38.02795747331068,25.002500250041432,8,0.16,4,0.4918383167689912,12,0.8,1.3,5.0,0.48388468574613935,0.9421643943159376,1472,1472,1410,True,ok
5,24,Awake,60,processed,35,1513424015440276129,38.02795747331068,25.002500250041432,8,0.16,4,0.4918383167689912,12,0.8,1.3,5.0,0.47876295298445803,0.8379714624876505,1472,1472,1413,True,ok
5,24,Awake,60,processed,36,7751597860526883582,38.02795747331068,25.002500250041432,8,0.16,4,0.4918383167689912,12,0.8,1.3,5.0,0.5024759658396118,0.9011977482441442,1472,1472,1399,True,ok
5,24,Awake,60,processed,37,13585743340972971041,38.02795747331068,25.002500250041432,8,0.16,4,0.4918383167689912,12,0.8,1.3,5.0,0.46672411276209524,0.8993179282261252,1472,1472,1412,True,ok
5,24,Awake,60,processed,38,3192619553980140426,38.02795747331068,25.002500250041432,8,0.16,4,0.4918383167689912,12,0.8,1.3,5.0,0.5145139780623403,0.9052811380612308,1472,1472,1398,True,ok
5,24,Awake,60,processed,39,4534229337529143974,38.02795747331068,25.002500250041432,8,0.16,4,0.4918383167689912,12,0.8,1.3,5.0,0.4615135360473352,0.9531530243412047,1472,1472,1406,True,ok
5,25,Awake,60,processed,1,2021624304599582622,45.73050519273266,25.002500250041432,8,0.16,4,0.5533914756194653,14,0.8,1.3,5.0,0.5954343722847943,0.9750689738134576,1472,1472,1427,True,ok
5,25,Awake,60,processed,2,308634813892981325,45.73050519273266,25.002500250041432,8,0.16,4,0.5533914756194653,14,0.8,1.3,5.0,0.5629649891764978,0.904727624242048,1472,1472,1415,True,ok
5,25,Awake,60,processed,3,9574877725013549893,45.73050519273266,25.002500250041432,8,0.16,4,0.5533914756194653,14,0.8,1.3,5.0,0.5205820384757517,0.8589625163633021,1472,1472,1379,True,ok
5,25,Awake,60,processed,4,17711180864436531906,45.73050519273266,25.002500250041432,8,0.16,4,0.5533914756194653,14,0.8,1.3,5.0,0.5438042701470847,0.8927237272173344,1472,1472,1416,True,ok
5,25,Awake,60,processed,5,1375826049482376732,45.73050519273266,25.002500250041432,8,0.16,4,0.5533914756194653,14,0.8,1.3,5.0,0.5132982835902171,0.8948719448390193,1472,1472,1418,True,ok
5,25,Awake,60,processed,6,16078838348143686481,45.73050519273266,25.002500250041432,8,0.16,4,0.5533914756194653,14,0.8,1.3,5.0,0.4884273472041696,0.8627463074753853,1472,1472,1393,True,ok
5,25,Awake,60,processed,7,12928773210315817929,45.73050519273266,25.002500250041432,8,0.16,4,0.5533914756194653,14,0.8,1.3,5.0,0.5600271986845434,0.8359197176460665,1472,1472,1409,True,ok
5,25,Awake,60,processed,8,479545995798795659,45.73050519273266,25.002500250041432,8,0.16,4,0.5533914756194653,14,0.8,1.3,5.0,0.5479711665663647,0.903447427867862,1472,1472,1414,True,ok
5,25,Awake,60,processed,9,4946333621129922489,45.73050519273266,25.002500250041432,8,0.16,4,0.5533914756194653,14,0.8,1.3,5.0,0.5047883462458603,0.9044597714897176,1472,1472,1425,True,ok
5,25,Awake,60,processed,10,14421610962968945784,45.73050519273266,25.002500250041432,8,0.16,4,0.5533914756194653,14,0.8,1.3,5.0,0.5277309754786309,0.9054313488713924,1472,1472,1418,True,ok
5,25,Awake,60,processed,11,10863516156090776016,45.73050519273266,25.002500250041432,8,0.16,4,0.5533914756194653,14,0.8,1.3,5.0,0.4877468586371022,0.7916176042827877,1472,1472,1421,True,ok
5,25,Awake,60,processed,12,6657643885815325758,45.73050519273266,25.002500250041432,8,0.16,4,0.5533914756194653,14,0.8,1.3,5.0,0.5231554498753849,0.8871414091079318,1472,1472,1387,True,ok
5,25,Awake,60,processed,13,773030964687200900,45.73050519273266,25.002500250041432,8,0.16,4,0.5533914756194653,14,0.8,1.3,5.0,0.42915171680549435,0.7697801778266712,1472,1472,1406,True,ok
5,25,Awake,60,processed,14,12312758291297487460,45.73050519273266,25.002500250041432,8,0.16,4,0.5533914756194653,14,0.8,1.3,5.0,0.4702570190571151,0.8962643517973613,1472,1472,1421,True,ok
5,25,Awake,60,processed,15,14223772832916175477,45.73050519273266,25.002500250041432,8,0.16,4,0.5533914756194653,14,0.8,1.3,5.0,0.6526281480606113,0.9801230503449423,1472,1472,1391,True,ok
5,25,Awake,60,processed,16,2987764441170346912,45.73050519273266,25.002500250041432,8,0.16,4,0.5533914756194653,14,0.8,1.3,5.0,0.5809951737283064,0.9164427060877696,1472,1472,1405,True,ok
5,25,Awake,60,processed,17,1986119076564705876,45.73050519273266,25.002500250041432,8,0.16,4,0.5533914756194653,14,0.8,1.3,5.0,0.5698185156112795,0.9635021940762672,1472,1472,1405,True,ok
5,25,Awake,60,processed,18,10938905267447523707,45.73050519273266,25.002500250041432,8,0.16,4,0.5533914756194653,14,0.8,1.3,5.0,0.5252032454539934,0.9108054787900447,1472,1472,1416,True,ok
5,25,Awake,60,processed,19,11376708048881539245,45.73050519273266,25.002500250041432,8,0.16,4,0.5533914756194653,14,0.8,1.3,5.0,0.47131021223734765,0.8680074617484136,1472,1472,1427,True,ok
5,25,Awake,60,processed,20,486122933672695734,45.73050519273266,25.002500250041432,8,0.16,4,0.5533914756194653,14,0.8,1.3,5.0,0.5168270922687028,0.9132509144460773,1472,1472,1410,True,ok
5,25,Awake,60,processed,21,15109909730584961672,45.73050519273266,25.002500250041432,8,0.16,4,0.5533914756194653,14,0.8,1.3,5.0,0.5381564246531592,0.9203865409642178,1472,1472,1394,True,ok
5,25,Awake,60,processed,22,5804280027832113108,45.73050519273266,25.002500250041432,8,0.16,4,0.5533914756194653,14,0.8,1.3,5.0,0.5709822240120932,0.902351442248934,1472,1472,1403,True,ok
5,25,Awake,60,processed,23,8343256305243771767,45.73050519273266,25.002500250041432,8,0.16,4,0.5533914756194653,14,0.8,1.3,5.0,0.5143072025123611,0.8934829452351876,1472,1472,1386,True,ok
5,25,Awake,60,processed,24,11682032253893463545,45.73050519273266,25.002500250041432,8,0.16,4,0.5533914756194653,14,0.8,1.3,5.0,0.4754023524624733,0.8284468300785519,1472,1472,1415,True,ok
5,25,Awake,60,processed,25,11821260516453645929,45.73050519273266,25.002500250041432,8,0.16,4,0.5533914756194653,14,0.8,1.3,5.0,0.5223799905214563,0.7960983653994194,1472,1472,1417,True,ok
5,25,Awake,60,processed,26,8395854793473209027,45.73050519273266,25.002500250041432,8,0.16,4,0.5533914756194653,14,0.8,1.3,5.0,0.4957663815336995,0.8703603624611509,1472,1472,1411,True,ok
5,25,Awake,60,processed,27,18181974592832478789,45.73050519273266,25.002500250041432,8,0.16,4,0.5533914756194653,14,0.8,1.3,5.0,0.6354266320656582,0.922765636452669,1472,1472,1417,True,ok
5,25,Awake,60,processed,28,12884854415475043303,45.73050519273266,25.002500250041432,8,0.16,4,0.5533914756194653,14,0.8,1.3,5.0,0.5802167115567385,0.9434543431555201,1472,1472,1393,True,ok
5,25,Awake,60,processed,29,16190263558330626435,45.73050519273266,25.002500250041432,8,0.16,4,0.5533914756194653,14,0.8,1.3,5.0,0.5792631971407567,0.9806113834103636,1472,1472,1415,True,ok
5,25,Awake,60,processed,30,5026694911631143703,45.73050519273266,25.002500250041432,8,0.16,4,0.5533914756194653,14,0.8,1.3,5.0,0.5483188207736718,0.9280664915804957,1472,1472,1416,True,ok
5,25,Awake,60,processed,31,17195564063695235163,45.73050519273266,25.002500250041432,8,0.16,4,0.5533914756194653,14,0.8,1.3,5.0,0.5297848378788695,0.9209101351155572,1472,1472,1430,True,ok
5,25,Awake,60,processed,32,14106279599530884805,45.73050519273266,25.002500250041432,8,0.16,4,0.5533914756194653,14,0.8,1.3,5.0,0.5624887004148151,0.9189769599469436,1472,1472,1425,True,ok
5,25,Awake,60,processed,33,9083039623185831092,45.73050519273266,25.002500250041432,8,0.16,4,0.5533914756194653,14,0.8,1.3,5.0,0.6074866888887726,0.9655342153581155,1472,1472,1410,True,ok
5,25,Awake,60,processed,34,6466131552734450249,45.73050519273266,25.002500250041432,8,0.16,4,0.5533914756194653,14,0.8,1.3,5.0,0.481733666611346,0.8580121125859912,1472,1472,1428,True,ok
5,25,Awake,60,processed,35,14173302297306020793,45.73050519273266,25.002500250041432,8,0.16,4,0.5533914756194653,14,0.8,1.3,5.0,0.5404270179376309,0.8685118200589942,1472,1472,1427,True,ok
5,25,Awake,60,processed,36,6812616514985585367,45.73050519273266,25.002500250041432,8,0.16,4,0.5533914756194653,14,0.8,1.3,5.0,0.49942530073061925,0.9114619097494177,1472,1472,1417,True,ok
5,25,Awake,60,processed,37,10451516918306490093,45.73050519273266,25.002500250041432,8,0.16,4,0.5533914756194653,14,0.8,1.3,5.0,0.5474103887826506,0.9444830155202939,1472,1472,1408,True,ok
5,25,Awake,60,processed,38,8336858655771093704,45.73050519273266,25.002500250041432,8,0.16,4,0.5533914756194653,14,0.8,1.3,5.0,0.5268558939874523,0.9287140471262387,1472,1472,1421,True,ok
5,25,Awake,60,processed,39,1901375217748581589,45.73050519273266,25.002500250041432,8,0.16,4,0.5533914756194653,14,0.8,1.3,5.0,0.5961538971051006,0.9393350578635894,1472,1472,1424,True,ok
5,26,Drowsy,60,processed,1,10625857443810276191,38.02795747331068,25.002500250041432,8,0.16,4,0.441237206683378,11,0.8,1.3,5.0,0.4005835989646791,0.8272716081499583,1472,1472,1408,True,ok
5,26,Drowsy,60,processed,2,8364284546830719261,38.02795747331068,25.002500250041432,8,0.16,4,0.441237206683378,11,0.8,1.3,5.0,0.3617728268652811,0.7405469524102153,1472,1472,1400,True,ok
5,26,Drowsy,60,processed,3,11390929133487443053,38.02795747331068,25.002500250041432,8,0.16,4,0.441237206683378,11,0.8,1.3,5.0,0.36939632421797675,0.7101472775321953,1472,1472,1413,True,ok
5,26,Drowsy,60,processed,4,4513519419773100519,38.02795747331068,25.002500250041432,8,0.16,4,0.441237206683378,11,0.8,1.3,5.0,0.38886160057167496,0.7493525302124089,1472,1472,1403,True,ok
5,26,Drowsy,60,processed,5,10300744994050850155,38.02795747331068,25.002500250041432,8,0.16,4,0.441237206683378,11,0.8,1.3,5.0,0.3893539637875862,0.8001974396764658,1472,1472,1412,True,ok
5,26,Drowsy,60,processed,6,6372355176134808496,38.02795747331068,25.002500250041432,8,0.16,4,0.441237206683378,11,0.8,1.3,5.0,0.3817197650192771,0.7338307832999857,1472,1472,1387,True,ok
5,26,Drowsy,60,processed,7,7574478412866353866,38.02795747331068,25.002500250041432,8,0.16,4,0.441237206683378,11,0.8,1.3,5.0,0.35536135486882714,0.7468304567750569,1472,1472,1423,True,ok
5,26,Drowsy,60,processed,8,10770422726371059168,38.02795747331068,25.002500250041432,8,0.16,4,0.441237206683378,11,0.8,1.3,5.0,0.3933995923052252,0.608402031199622,1472,1472,1423,True,ok
5,26,Drowsy,60,processed,9,361444359274371827,38.02795747331068,25.002500250041432,8,0.16,4,0.441237206683378,11,0.8,1.3,5.0,0.456558040941987,0.8596563834712734,1472,1472,1402,True,ok
5,26,Drowsy,60,processed,10,13736683089646727105,38.02795747331068,25.002500250041432,8,0.16,4,0.441237206683378,11,0.8,1.3,5.0,0.36332191658063395,0.855512400753054,1472,1472,1434,True,ok
5,26,Drowsy,60,processed,11,3270198922715708752,38.02795747331068,25.002500250041432,8,0.16,4,0.441237206683378,11,0.8,1.3,5.0,0.3973249922152071,0.7438452891739032,1472,1472,1406,True,ok
5,26,Drowsy,60,processed,12,9951833120897927346,38.02795747331068,25.002500250041432,8,0.16,4,0.441237206683378,11,0.8,1.3,5.0,0.3947191600883341,0.7917901632765119,1472,1472,1424,True,ok
5,26,Drowsy,60,processed,13,18365737646378780401,38.02795747331068,25.002500250041432,8,0.16,4,0.441237206683378,11,0.8,1.3,5.0,0.4113061522808994,0.6530828029075563,1472,1472,1415,True,ok
5,26,Drowsy,60,processed,14,12718489591734544189,38.02795747331068,25.002500250041432,8,0.16,4,0.441237206683378,11,0.8,1.3,5.0,0.38761770416682373,0.8141218372265588,1472,1472,1436,True,ok
5,26,Drowsy,60,processed,15,16680150959442434351,38.02795747331068,25.002500250041432,8,0.16,4,0.441237206683378,11,0.8,1.3,5.0,0.39959915730928486,0.7951749110387708,1472,1472,1409,True,ok
5,26,Drowsy,60,processed,16,2324761314868075673,38.02795747331068,25.002500250041432,8,0.16,4,0.441237206683378,11,0.8,1.3,5.0,0.3763013850053534,0.643703223553481,1472,1472,1398,True,ok
5,26,Drowsy,60,processed,17,10799331142897715501,38.02795747331068,25.002500250041432,8,0.16,4,0.441237206683378,11,0.8,1.3,5.0,0.4133489670322708,0.7789080723652047,1472,1472,1426,True,ok
5,26,Drowsy,60,processed,18,185563912360947193,38.02795747331068,25.002500250041432,8,0.16,4,0.441237206683378,11,0.8,1.3,5.0,0.3906991301988911,0.7611819737130876,1472,1472,1413,True,ok
5,26,Drowsy,60,processed,19,17202026799924071902,38.02795747331068,25.002500250041432,8,0.16,4,0.441237206683378,11,0.8,1.3,5.0,0.3501839297878858,0.7008615993508105,1472,1472,1409,True,ok
5,26,Drowsy,60,processed,20,808034071444427834,38.02795747331068,25.002500250041432,8,0.16,4,0.441237206683378,11,0.8,1.3,5.0,0.37749795482344883,0.8401927886662126,1472,1472,1401,True,ok
5,26,Drowsy,60,processed,21,4037695369321146700,38.02795747331068,25.002500250041432,8,0.16,4,0.441237206683378,11,0.8,1.3,5.0,0.35222838680491325,0.8273562654678344,1472,1472,1427,True,ok
5,26,Drowsy,60,processed,22,12805466318569227271,38.02795747331068,25.002500250041432,8,0.16,4,0.441237206683378,11,0.8,1.3,5.0,0.4130322664526519,0.8498642574269413,1472,1472,1410,True,ok
5,26,Drowsy,60,processed,23,3003444006781085112,38.02795747331068,25.002500250041432,8,0.16,4,0.441237206683378,11,0.8,1.3,5.0,0.3423575768157858,0.7245911400771184,1472,1472,1407,True,ok
5,26,Drowsy,60,processed,24,18190746778926104016,38.02795747331068,25.002500250041432,8,0.16,4,0.441237206683378,11,0.8,1.3,5.0,0.4012313026164634,0.7756210626882116,1472,1472,1413,True,ok
5,26,Drowsy,60,processed,25,2114539654726508175,38.02795747331068,25.002500250041432,8,0.16,4,0.441237206683378,11,0.8,1.3,5.0,0.3916925798599199,0.7760004545935687,1472,1472,1425,True,ok
5,26,Drowsy,60,processed,26,11026426156037300559,38.02795747331068,25.002500250041432,8,0.16,4,0.441237206683378,11,0.8,1.3,5.0,0.4015318611565146,0.8141383099566103,1472,1472,1391,True,ok
5,26,Drowsy,60,processed,27,15703473674430453464,38.02795747331068,25.002500250041432,8,0.16,4,0.441237206683378,11,0.8,1.3,5.0,0.3594276274610655,0.7755661417698091,1472,1472,1400,True,ok
5,26,Drowsy,60,processed,28,6274157334817938255,38.02795747331068,25.002500250041432,8,0.16,4,0.441237206683378,11,0.8,1.3,5.0,0.4643407292462487,0.9339312926444471,1472,1472,1420,True,ok
5,26,Drowsy,60,processed,29,73526868708067644,38.02795747331068,25.002500250041432,8,0.16,4,0.441237206683378,11,0.8,1.3,5.0,0.3512597491544859,0.5819005042574038,1472,1472,1415,True,ok
5,26,Drowsy,60,processed,30,12050387476629039083,38.02795747331068,25.002500250041432,8,0.16,4,0.441237206683378,11,0.8,1.3,5.0,0.39898224306987057,0.840932296383868,1472,1472,1421,True,ok
5,26,Drowsy,60,processed,31,14591209238839460340,38.02795747331068,25.002500250041432,8,0.16,4,0.441237206683378,11,0.8,1.3,5.0,0.418672701571574,0.7437981839602756,1472,1472,1399,True,ok
5,26,Drowsy,60,processed,32,8076876685970593242,38.02795747331068,25.002500250041432,8,0.16,4,0.441237206683378,11,0.8,1.3,5.0,0.4221885724545754,0.8767990912822059,1472,1472,1409,True,ok
5,26,Drowsy,60,processed,33,322917038288731947,38.02795747331068,25.002500250041432,8,0.16,4,0.441237206683378,11,0.8,1.3,5.0,0.3639882790493594,0.7909612681926649,1472,1472,1395,True,ok
5,26,Drowsy,60,processed,34,15482121653268969237,38.02795747331068,25.002500250041432,8,0.16,4,0.441237206683378,11,0.8,1.3,5.0,0.3902250923815573,0.6396181378051538,1472,1472,1390,True,ok
5,26,Drowsy,60,processed,35,4537068625522923264,38.02795747331068,25.002500250041432,8,0.16,4,0.441237206683378,11,0.8,1.3,5.0,0.4187927273050674,0.8885196868111639,1472,1472,1412,True,ok
5,26,Drowsy,60,processed,36,13566725293197507247,38.02795747331068,25.002500250041432,8,0.16,4,0.441237206683378,11,0.8,1.3,5.0,0.3526705084918259,0.7065450822724377,1472,1472,1398,True,ok
5,26,Drowsy,60,processed,37,10349915124474955084,38.02795747331068,25.002500250041432,8,0.16,4,0.441237206683378,11,0.8,1.3,5.0,0.37783512100951905,0.8548735395966436,1472,1472,1410,True,ok
5,26,Drowsy,60,processed,38,13951308349656512886,38.02795747331068,25.002500250041432,8,0.16,4,0.441237206683378,11,0.8,1.3,5.0,0.4562882407455469,0.7681356580807163,1472,1472,1400,True,ok
5,26,Drowsy,60,processed,39,5338843356747317087,38.02795747331068,25.002500250041432,8,0.16,4,0.441237206683378,11,0.8,1.3,5.0,0.42025603817064033,0.8684544886198157,1472,1472,1415,True,ok
5,27,Drowsy,60,processed,1,11271858107845685044,45.73050519273266,25.002500250041432,8,0.16,4,0.4460773278755485,11,0.8,1.3,5.0,0.434702480586154,0.8749441873338537,1472,1472,1425,True,ok
5,27,Drowsy,60,processed,2,2557788671482931642,45.73050519273266,25.002500250041432,8,0.16,4,0.4460773278755485,11,0.8,1.3,5.0,0.36893791379268587,0.7419926471541233,1472,1472,1411,True,ok
5,27,Drowsy,60,processed,3,2073035350539589370,45.73050519273266,25.002500250041432,8,0.16,4,0.4460773278755485,11,0.8,1.3,5.0,0.41312744884950303,0.8005677327397451,1472,1472,1420,True,ok
5,27,Drowsy,60,processed,4,8238447688812494984,45.73050519273266,25.002500250041432,8,0.16,4,0.4460773278755485,11,0.8,1.3,5.0,0.38241303513404057,0.7224847208665537,1472,1472,1410,True,ok
5,27,Drowsy,60,processed,5,5465566716528104564,45.73050519273266,25.002500250041432,8,0.16,4,0.4460773278755485,11,0.8,1.3,5.0,0.405976099172133,0.7400105193344053,1472,1472,1410,True,ok
5,27,Drowsy,60,processed,6,10622133203463649545,45.73050519273266,25.002500250041432,8,0.16,4,0.4460773278755485,11,0.8,1.3,5.0,0.4014051702730566,0.881530575721093,1472,1472,1414,True,ok
5,27,Drowsy,60,processed,7,18295325702534756055,45.73050519273266,25.002500250041432,8,0.16,4,0.4460773278755485,11,0.8,1.3,5.0,0.40239576849522246,0.8155487583216176,1472,1472,1398,True,ok
5,27,Drowsy,60,processed,8,628974145455355350,45.73050519273266,25.002500250041432,8,0.16,4,0.4460773278755485,11,0.8,1.3,5.0,0.4222328778972102,0.6674846084295022,1472,1472,1398,True,ok
5,27,Drowsy,60,processed,9,6304241283015582504,45.73050519273266,25.002500250041432,8,0.16,4,0.4460773278755485,11,0.8,1.3,5.0,0.4012018049267375,0.7346729964716758,1472,1472,1407,True,ok
5,27,Drowsy,60,processed,10,16875964227820081715,45.73050519273266,25.002500250041432,8,0.16,4,0.4460773278755485,11,0.8,1.3,5.0,0.4357699917273925,0.8605627946611913,1472,1472,1392,True,ok
5,27,Drowsy,60,processed,11,10175939779441471806,45.73050519273266,25.002500250041432,8,0.16,4,0.4460773278755485,11,0.8,1.3,5.0,0.46912910789729384,0.8821136922215701,1472,1472,1396,True,ok
5,27,Drowsy,60,processed,12,4036614081580435206,45.73050519273266,25.002500250041432,8,0.16,4,0.4460773278755485,11,0.8,1.3,5.0,0.47772938404028337,0.8828989012576035,1472,1472,1413,True,ok
5,27,Drowsy,60,processed,13,5799514196615831139,45.73050519273266,25.002500250041432,8,0.16,4,0.4460773278755485,11,0.8,1.3,5.0,0.40867706722363517,0.772147571036189,1472,1472,1405,True,ok
5,27,Drowsy,60,processed,14,9714421976183443385,45.73050519273266,25.002500250041432,8,0.16,4,0.4460773278755485,11,0.8,1.3,5.0,0.4263954743959145,0.8669117237864753,1472,1472,1412,True,ok
5,27,Drowsy,60,processed,15,13041973946504043404,45.73050519273266,25.002500250041432,8,0.16,4,0.4460773278755485,11,0.8,1.3,5.0,0.45488477505091884,0.9332044462635011,1472,1472,1410,True,ok
5,27,Drowsy,60,processed,16,4464062194551274390,45.73050519273266,25.002500250041432,8,0.16,4,0.4460773278755485,11,0.8,1.3,5.0,0.3727965555054601,0.6507203544474618,1472,1472,1410,True,ok
5,27,Drowsy,60,processed,17,14058747168149922322,45.73050519273266,25.002500250041432,8,0.16,4,0.4460773278755485,11,0.8,1.3,5.0,0.448399909076127,0.900618694502851,1472,1472,1394,True,ok
5,27,Drowsy,60,processed,18,454966044693480655,45.73050519273266,25.002500250041432,8,0.16,4,0.4460773278755485,11,0.8,1.3,5.0,0.41366302601071214,0.8449154898742222,1472,1472,1409,True,ok
5,27,Drowsy,60,processed,19,8074179949740287385,45.73050519273266,25.002500250041432,8,0.16,4,0.4460773278755485,11,0.8,1.3,5.0,0.39676889405181515,0.6539606288307909,1472,1472,1398,True,ok
5,27,Drowsy,60,processed,20,193073318684450931,45.73050519273266,25.002500250041432,8,0.16,4,0.4460773278755485,11,0.8,1.3,5.0,0.44621895139298334,0.9180986896370095,1472,1472,1429,True,ok
5,27,Drowsy,60,processed,21,8787088423623849022,45.73050519273266,25.002500250041432,8,0.16,4,0.4460773278755485,11,0.8,1.3,5.0,0.4387706116702849,0.9138200352228681,1472,1472,1386,True,ok
5,27,Drowsy,60,processed,22,9829471376077983675,45.73050519273266,25.002500250041432,8,0.16,4,0.4460773278755485,11,0.8,1.3,5.0,0.3908304143219188,0.7602206468761482,1472,1472,1425,True,ok
5,27,Drowsy,60,processed,23,13052037959204537755,45.73050519273266,25.002500250041432,8,0.16,4,0.4460773278755485,11,0.8,1.3,5.0,0.41474310014148114,0.7815354221131725,1472,1472,1414,True,ok
5,27,Drowsy,60,processed,24,1495153426443912515,45.73050519273266,25.002500250041432,8,0.16,4,0.4460773278755485,11,0.8,1.3,5.0,0.4376693392388452,0.9077647292218927,1472,1472,1391,True,ok
5,27,Drowsy,60,processed,25,16670961273965464935,45.73050519273266,25.002500250041432,8,0.16,4,0.4460773278755485,11,0.8,1.3,5.0,0.38307579265134367,0.6126018769890789,1472,1472,1406,True,ok
5,27,Drowsy,60,processed,26,12117981396526535924,45.73050519273266,25.002500250041432,8,0.16,4,0.4460773278755485,11,0.8,1.3,5.0,0.46607941313140233,0.8656070084249228,1472,1472,1423,True,ok
5,27,Drowsy,60,processed,27,6392541690478052139,45.73050519273266,25.002500250041432,8,0.16,4,0.4460773278755485,11,0.8,1.3,5.0,0.39572226300496854,0.8843138251864158,1472,1472,1400,True,ok
5,27,Drowsy,60,processed,28,17048469473889510367,45.73050519273266,25.002500250041432,8,0.16,4,0.4460773278755485,11,0.8,1.3,5.0,0.45257302744761724,0.7838437645614924,1472,1472,1422,True,ok
5,27,Drowsy,60,processed,29,13710413642690937132,45.73050519273266,25.002500250041432,8,0.16,4,0.4460773278755485,11,0.8,1.3,5.0,0.37838488290163064,0.7862966746442824,1472,1472,1377,True,ok
5,27,Drowsy,60,processed,30,3465259667951337509,45.73050519273266,25.002500250041432,8,0.16,4,0.4460773278755485,11,0.8,1.3,5.0,0.44217221985707705,0.926435424435724,1472,1472,1428,True,ok
5,27,Drowsy,60,processed,31,15353368767823934124,45.73050519273266,25.002500250041432,8,0.16,4,0.4460773278755485,11,0.8,1.3,5.0,0.4002642263460264,0.8659656268331745,1472,1472,1392,True,ok
5,27,Drowsy,60,processed,32,14194378322840625785,45.73050519273266,25.002500250041432,8,0.16,4,0.4460773278755485,11,0.8,1.3,5.0,0.3796001975746769,0.7506853450969999,1472,1472,1397,True,ok
5,27,Drowsy,60,processed,33,829547566091981140,45.73050519273266,25.002500250041432,8,0.16,4,0.4460773278755485,11,0.8,1.3,5.0,0.4848833881843805,0.9394837982840072,1472,1472,1414,True,ok
5,27,Drowsy,60,processed,34,8252747610607899586,45.73050519273266,25.002500250041432,8,0.16,4,0.4460773278755485,11,0.8,1.3,5.0,0.4682229560141911,0.9048492081651913,1472,1472,1406,True,ok
5,27,Drowsy,60,processed,35,9568018839707423570,45.73050519273266,25.002500250041432,8,0.16,4,0.4460773278755485,11,0.8,1.3,5.0,0.4103578664896593,0.7357026756687873,1472,1472,1403,True,ok
5,27,Drowsy,60,processed,36,13100631094128445783,45.73050519273266,25.002500250041432,8,0.16,4,0.4460773278755485,11,0.8,1.3,5.0,0.46100829257334996,0.8471090929575076,1472,1472,1406,True,ok
5,27,Drowsy,60,processed,37,3360670764553278748,45.73050519273266,25.002500250041432,8,0.16,4,0.4460773278755485,11,0.8,1.3,5.0,0.466570484488415,0.9376825096361773,1472,1472,1420,True,ok
5,27,Drowsy,60,processed,38,12448737233880986834,45.73050519273266,25.002500250041432,8,0.16,4,0.4460773278755485,11,0.8,1.3,5.0,0.4128657821901537,0.7729373269372954,1472,1472,1409,True,ok
5,27,Drowsy,60,processed,39,4720212270452121616,45.73050519273266,25.002500250041432,8,0.16,4,0.4460773278755485,11,0.8,1.3,5.0,0.3474837774430715,0.766163598672008,1472,1472,1425,True,ok
5,28,Drowsy,60,processed,1,16110168424540426677,45.73050519273266,25.002500250041432,8,0.16,4,0.4640364221831537,12,0.8,1.3,5.0,0.47779726277932355,0.9120030648572796,1472,1472,1416,True,ok
5,28,Drowsy,60,processed,2,6959410165496557037,45.73050519273266,25.002500250041432,8,0.16,4,0.4640364221831537,12,0.8,1.3,5.0,0.4836133386021674,0.8838445338696908,1472,1472,1394,True,ok
5,28,Drowsy,60,processed,3,6885055510169894841,45.73050519273266,25.002500250041432,8,0.16,4,0.4640364221831537,12,0.8,1.3,5.0,0.4728953338892794,0.8685929675818302,1472,1472,1426,True,ok
5,28,Drowsy,60,processed,4,2569157881472669015,45.73050519273266,25.002500250041432,8,0.16,4,0.4640364221831537,12,0.8,1.3,5.0,0.49222690495097315,0.9166119708751933,1472,1472,1426,True,ok
5,28,Drowsy,60,processed,5,11001320622755802260,45.73050519273266,25.002500250041432,8,0.16,4,0.4640364221831537,12,0.8,1.3,5.0,0.4407225074049238,0.7616515638690252,1472,1472,1394,True,ok
5,28,Drowsy,60,processed,6,8530695148175389139,45.73050519273266,25.002500250041432,8,0.16,4,0.4640364221831537,12,0.8,1.3,5.0,0.4724723223854847,0.7835678295752315,1472,1472,1407,True,ok
5,28,Drowsy,60,processed,7,10251447837783897017,45.73050519273266,25.002500250041432,8,0.16,4,0.4640364221831537,12,0.8,1.3,5.0,0.46098884019673486,0.9012650220714158,1472,1472,1398,True,ok
5,28,Drowsy,60,processed,8,3335052455589153556,45.73050519273266,25.002500250041432,8,0.16,4,0.4640364221831537,12,0.8,1.3,5.0,0.43210318437245687,0.8266279273130882,1472,1472,1411,True,ok
5,28,Drowsy,60,processed,9,5123327429461959092,45.73050519273266,25.002500250041432,8,0.16,4,0.4640364221831537,12,0.8,1.3,5.0,0.42211669329307944,0.8303043138443174,1472,1472,1405,True,ok
5,28,Drowsy,60,processed,10,3942063541179207982,45.73050519273266,25.002500250041432,8,0.16,4,0.4640364221831537,12,0.8,1.3,5.0,0.44022587390819024,0.7841106733396429,1472,1472,1419,True,ok
5,28,Drowsy,60,processed,11,9118162826625283920,45.73050519273266,25.002500250041432,8,0.16,4,0.4640364221831537,12,0.8,1.3,5.0,0.43985703686233374,0.8336546564340338,1472,1472,1416,True,ok
5,28,Drowsy,60,processed,12,10324821169996032548,45.73050519273266,25.002500250041432,8,0.16,4,0.4640364221831537,12,0.8,1.3,5.0,0.5131476795651576,0.9157081366973221,1472,1472,1390,True,ok
5,28,Drowsy,60,processed,13,2409573457992348098,45.73050519273266,25.002500250041432,8,0.16,4,0.4640364221831537,12,0.8,1.3,5.0,0.43414196523804044,0.7815050168705631,1472,1472,1408,True,ok
5,28,Drowsy,60,processed,14,7309641047865450001,45.73050519273266,25.002500250041432,8,0.16,4,0.4640364221831537,12,0.8,1.3,5.0,0.4890327703456258,0.8429962210824701,1472,1472,1423,True,ok
5,28,Drowsy,60,processed,15,12322725893665726048,45.73050519273266,25.002500250041432,8,0.16,4,0.4640364221831537,12,0.8,1.3,5.0,0.5178608618714339,0.9689156809657232,1472,1472,1402,True,ok
5,28,Drowsy,60,processed,16,1874953637287065513,45.73050519273266,25.002500250041432,8,0.16,4,0.4640364221831537,12,0.8,1.3,5.0,0.4565849712726143,0.9285265941188626,1472,1472,1403,True,ok
5,28,Drowsy,60,processed,17,372826803857772798,45.73050519273266,25.002500250041432,8,0.16,4,0.4640364221831537,12,0.8,1.3,5.0,0.45140009387648466,0.8603734668031854,1472,1472,1412,True,ok
5,28,Drowsy,60,processed,18,12223990414078013756,45.73050519273266,25.002500250041432,8,0.16,4,0.4640364221831537,12,0.8,1.3,5.0,0.4487998973659068,0.714219258443386,1472,1472,1400,True,ok
5,28,Drowsy,60,processed,19,12997585850454690010,45.73050519273266,25.002500250041432,8,0.16,4,0.4640364221831537,12,0.8,1.3,5.0,0.42815005463293804,0.8994527870360622,1472,1472,1421,True,ok
5,28,Drowsy,60,processed,20,11448995908566339927,45.73050519273266,25.002500250041432,8,0.16,4,0.4640364221831537,12,0.8,1.3,5.0,0.4627984925195633,0.9141563546727368,1472,1472,1415,True,ok
5,28,Drowsy,60,processed,21,11554707165463881635,45.73050519273266,25.002500250041432,8,0.16,4,0.4640364221831537,12,0.8,1.3,5.0,0.48331420655839696,0.7933134363293133,1472,1472,1391,True,ok
5,28,Drowsy,60,processed,22,5688281570378719268,45.73050519273266,25.002500250041432,8,0.16,4,0.4640364221831537,12,0.8,1.3,5.0,0.45891904298625213,0.8313992465008435,1472,1472,1416,True,ok
5,28,Drowsy,60,processed,23,6304242582699390173,45.73050519273266,25.002500250041432,8,0.16,4,0.4640364221831537,12,0.8,1.3,5.0,0.4099511783299188,0.7878906294821469,1472,1472,1416,True,ok
5,28,Drowsy,60,processed,24,6768187731009383913,45.73050519273266,25.002500250041432,8,0.16,4,0.4640364221831537,12,0.8,1.3,5.0,0.41234806084073405,0.7646578006636188,1472,1472,1401,True,ok
5,28,Drowsy,60,processed,25,12621577248842325543,45.73050519273266,25.002500250041432,8,0.16,4,0.4640364221831537,12,0.8,1.3,5.0,0.485203780076444,0.8455931260088436,1472,1472,1428,True,ok
5,28,Drowsy,60,processed,26,15541359761845489566,45.73050519273266,25.002500250041432,8,0.16,4,0.4640364221831537,12,0.8,1.3,5.0,0.48174306843613646,0.8642937243764403,1472,1472,1414,True,ok
5,28,Drowsy,60,processed,27,4887250042531945720,45.73050519273266,25.002500250041432,8,0.16,4,0.4640364221831537,12,0.8,1.3,5.0,0.5167288474036416,0.9251971050942429,1472,1472,1379,True,ok
5,28,Drowsy,60,processed,28,1238565608739338697,45.73050519273266,25.002500250041432,8,0.16,4,0.4640364221831537,12,0.8,1.3,5.0,0.4614009293033421,0.9140915035923093,1472,1472,1408,True,ok
5,28,Drowsy,60,processed,29,287801381004439360,45.73050519273266,25.002500250041432,8,0.16,4,0.4640364221831537,12,0.8,1.3,5.0,0.49579670473030685,0.8640540894055048,1472,1472,1417,True,ok
5,28,Drowsy,60,processed,30,4118879916211437588,45.73050519273266,25.002500250041432,8,0.16,4,0.4640364221831537,12,0.8,1.3,5.0,0.4677561451135209,0.7650779825975355,1472,1472,1406,True,ok
5,28,Drowsy,60,processed,31,4981740970082738001,45.73050519273266,25.002500250041432,8,0.16,4,0.4640364221831537,12,0.8,1.3,5.0,0.5373893013945809,0.9391998987212212,1472,1472,1424,True,ok
5,28,Drowsy,60,processed,32,5688333678849561119,45.73050519273266,25.002500250041432,8,0.16,4,0.4640364221831537,12,0.8,1.3,5.0,0.4913283808794208,0.9055848284571342,1472,1472,1377,True,ok
5,28,Drowsy,60,processed,33,4709119710446189244,45.73050519273266,25.002500250041432,8,0.16,4,0.4640364221831537,12,0.8,1.3,5.0,0.501804705025754,0.8322378669197493,1472,1472,1391,True,ok
5,28,Drowsy,60,processed,34,10996524725574878256,45.73050519273266,25.002500250041432,8,0.16,4,0.4640364221831537,12,0.8,1.3,5.0,0.45817070051309067,0.7420903761436201,1472,1472,1403,True,ok
5,28,Drowsy,60,processed,35,1301086710777405596,45.73050519273266,25.002500250041432,8,0.16,4,0.4640364221831537,12,0.8,1.3,5.0,0.5018887864719221,0.9150123743516368,1472,1472,1410,True,ok
5,28,Drowsy,60,processed,36,8216723061641667902,45.73050519273266,25.002500250041432,8,0.16,4,0.4640364221831537,12,0.8,1.3,5.0,0.44353538071024884,0.8562766999719612,1472,1472,1416,True,ok
5,28,Drowsy,60,processed,37,11047062002660996739,45.73050519273266,25.002500250041432,8,0.16,4,0.4640364221831537,12,0.8,1.3,5.0,0.4867966113385325,0.9189007590318728,1472,1472,1399,True,ok
5,28,Drowsy,60,processed,38,7519180878060080988,45.73050519273266,25.002500250041432,8,0.16,4,0.4640364221831537,12,0.8,1.3,5.0,0.40240947711926395,0.8422662764184747,1472,1472,1409,True,ok
5,28,Drowsy,60,processed,39,15517921046589198669,45.73050519273266,25.002500250041432,8,0.16,4,0.4640364221831537,12,0.8,1.3,5.0,0.4700275775899344,0.9305772710813838,1472,1472,1412,True,ok
5,29,Drowsy,60,processed,1,8565723181895384726,45.73050519273266,25.002500250041432,8,0.16,4,0.4465921071702163,11,0.8,1.3,5.0,0.521560130391965,0.8968485737172437,1472,1472,1411,True,ok
5,29,Drowsy,60,processed,2,11143289712859202160,45.73050519273266,25.002500250041432,8,0.16,4,0.4465921071702163,11,0.8,1.3,5.0,0.5649609793106751,0.9489676576352238,1472,1472,1417,True,ok
5,29,Drowsy,60,processed,3,1401381035869013513,45.73050519273266,25.002500250041432,8,0.16,4,0.4465921071702163,11,0.8,1.3,5.0,0.4803788725483454,0.7331593679431883,1472,1472,1407,True,ok
5,29,Drowsy,60,processed,4,9817484050147321186,45.73050519273266,25.002500250041432,8,0.16,4,0.4465921071702163,11,0.8,1.3,5.0,0.5135938237976242,0.757148393090067,1472,1472,1424,True,ok
5,29,Drowsy,60,processed,5,395926240771534430,45.73050519273266,25.002500250041432,8,0.16,4,0.4465921071702163,11,0.8,1.3,5.0,0.5561364798638886,0.9419172354742605,1472,1458,1392,True,ok
5,29,Drowsy,60,processed,6,7089067558447228816,45.73050519273266,25.002500250041432,8,0.16,4,0.4465921071702163,11,0.8,1.3,5.0,0.4561102049343258,0.9077630730479835,1472,1472,1402,True,ok
5,29,Drowsy,60,processed,7,12704271643837266379,45.73050519273266,25.002500250041432,8,0.16,4,0.4465921071702163,11,0.8,1.3,5.0,0.5338308567802327,0.815702906833352,1472,1472,1401,True,ok
5,29,Drowsy,60,processed,8,17260732060738429028,45.73050519273266,25.002500250041432,8,0.16,4,0.4465921071702163,11,0.8,1.3,5.0,0.5393011900899993,0.8974388521409976,1472,1472,1437,True,ok
5,29,Drowsy,60,processed,9,14792810807875569145,45.73050519273266,25.002500250041432,8,0.16,4,0.4465921071702163,11,0.8,1.3,5.0,0.5854107826256323,0.9099155146606203,1472,1424,1330,True,ok
5,29,Drowsy,60,processed,10,11602760991431080521,45.73050519273266,25.002500250041432,8,0.16,4,0.4465921071702163,11,0.8,1.3,5.0,0.5064387408724164,0.8141693319400275,1472,1472,1425,True,ok
5,29,Drowsy,60,processed,11,2117146808679526158,45.73050519273266,25.002500250041432,8,0.16,4,0.4465921071702163,11,0.8,1.3,5.0,0.5155259187093941,0.7973717460214931,1472,1472,1429,True,ok
5,29,Drowsy,60,processed,12,532599817725652054,45.73050519273266,25.002500250041432,8,0.16,4,0.4465921071702163,11,0.8,1.3,5.0,0.5553204966814098,0.9085134916606865,1472,1472,1422,True,ok
5,29,Drowsy,60,processed,13,15965516709175865165,45.73050519273266,25.002500250041432,8,0.16,4,0.4465921071702163,11,0.8,1.3,5.0,0.5341364508233677,0.9519913874356773,1472,1470,1400,True,ok
5,29,Drowsy,60,processed,14,11103324066799577032,45.73050519273266,25.002500250041432,8,0.16,4,0.4465921071702163,11,0.8,1.3,5.0,0.6017429341981891,0.9312050749919684,1472,1472,1415,True,ok
5,29,Drowsy,60,processed,15,14425649761929081360,45.73050519273266,25.002500250041432,8,0.16,4,0.4465921071702163,11,0.8,1.3,5.0,0.48274062565836856,0.9635272526368733,1472,1472,1412,True,ok
5,29,Drowsy,60,processed,16,10175895125510753146,45.73050519273266,25.002500250041432,8,0.16,4,0.4465921071702163,11,0.8,1.3,5.0,0.500756811752431,0.883872751626256,1472,1472,1415,True,ok
5,29,Drowsy,60,processed,17,18401253675735697226,45.73050519273266,25.002500250041432,8,0.16,4,0.4465921071702163,11,0.8,1.3,5.0,0.5416913596949072,0.931280229332924,1472,1472,1400,True,ok
5,29,Drowsy,60,processed,18,11014562647293501454,45.73050519273266,25.002500250041432,8,0.16,4,0.4465921071702163,11,0.8,1.3,5.0,0.514684736634029,0.8407994538900591,1472,1472,1388,True,ok
5,29,Drowsy,60,processed,19,12857792261378097089,45.73050519273266,25.002500250041432,8,0.16,4,0.4465921071702163,11,0.8,1.3,5.0,0.49177441343821515,0.9265024935733958,1472,1472,1394,True,ok
5,29,Drowsy,60,processed,20,16634098570463482610,45.73050519273266,25.002500250041432,8,0.16,4,0.4465921071702163,11,0.8,1.3,5.0,0.5409930566588895,0.8781884399464895,1472,1446,1395,True,ok
5,29,Drowsy,60,processed,21,18065071566691207793,45.73050519273266,25.002500250041432,8,0.16,4,0.4465921071702163,11,0.8,1.3,5.0,0.5669232514591154,0.8991893474253693,1472,1442,1348,True,ok
5,29,Drowsy,60,processed,22,1113904356233700351,45.73050519273266,25.002500250041432,8,0.16,4,0.4465921071702163,11,0.8,1.3,5.0,0.4937278788967206,0.818121553851652,1472,1472,1402,True,ok
5,29,Drowsy,60,processed,23,11567456595821733132,45.73050519273266,25.002500250041432,8,0.16,4,0.4465921071702163,11,0.8,1.3,5.0,0.477975275549708,0.907377002309046,1472,1472,1423,True,ok
5,29,Drowsy,60,processed,24,13347511542205163902,45.73050519273266,25.002500250041432,8,0.16,4,0.4465921071702163,11,0.8,1.3,5.0,0.46467869630574615,0.9029117687107038,1472,1472,1411,True,ok
5,29,Drowsy,60,processed,25,15171403118577702365,45.73050519273266,25.002500250041432,8,0.16,4,0.4465921071702163,11,0.8,1.3,5.0,0.5486202785431215,0.8243417238966165,1472,1470,1430,True,ok
5,29,Drowsy,60,processed,26,5503237935469215044,45.73050519273266,25.002500250041432,8,0.16,4,0.4465921071702163,11,0.8,1.3,5.0,0.5465717291923927,0.9187395591862528,1472,1472,1391,True,ok
5,29,Drowsy,60,processed,27,5350141153733049498,45.73050519273266,25.002500250041432,8,0.16,4,0.4465921071702163,11,0.8,1.3,5.0,0.5656112001587156,0.9596941109481872,1472,1472,1439,True,ok
5,29,Drowsy,60,processed,28,14786930847139978249,45.73050519273266,25.002500250041432,8,0.16,4,0.4465921071702163,11,0.8,1.3,5.0,0.5395421670526297,0.9258873392320226,1472,1472,1397,True,ok
5,29,Drowsy,60,processed,29,14244721096942567484,45.73050519273266,25.002500250041432,8,0.16,4,0.4465921071702163,11,0.8,1.3,5.0,0.5035124314805657,0.8568444869677141,1472,1472,1386,True,ok
5,29,Drowsy,60,processed,30,7036286940289618127,45.73050519273266,25.002500250041432,8,0.16,4,0.4465921071702163,11,0.8,1.3,5.0,0.5179634942606077,0.8483822427505253,1472,1472,1402,True,ok
5,29,Drowsy,60,processed,31,6002357382766047208,45.73050519273266,25.002500250041432,8,0.16,4,0.4465921071702163,11,0.8,1.3,5.0,0.4623699920869501,0.8436623384242423,1472,1472,1403,True,ok
5,29,Drowsy,60,processed,32,1612626941130616138,45.73050519273266,25.002500250041432,8,0.16,4,0.4465921071702163,11,0.8,1.3,5.0,0.47803509247504744,0.8946658743747625,1472,1472,1421,True,ok
5,29,Drowsy,60,processed,33,7413918050467530398,45.73050519273266,25.002500250041432,8,0.16,4,0.4465921071702163,11,0.8,1.3,5.0,0.4639613548934126,0.8770543484758152,1472,1472,1372,True,ok
5,29,Drowsy,60,processed,34,3691946561254771874,45.73050519273266,25.002500250041432,8,0.16,4,0.4465921071702163,11,0.8,1.3,5.0,0.46729675259601344,0.9251661050566947,1472,1472,1397,True,ok
5,29,Drowsy,60,processed,35,8879715387782948910,45.73050519273266,25.002500250041432,8,0.16,4,0.4465921071702163,11,0.8,1.3,5.0,0.5794477461490318,0.9449673103237373,1472,1472,1406,True,ok
5,29,Drowsy,60,processed,36,7719163535435849650,45.73050519273266,25.002500250041432,8,0.16,4,0.4465921071702163,11,0.8,1.3,5.0,0.4973917779300957,0.9161351084885777,1472,1472,1412,True,ok
5,29,Drowsy,60,processed,37,16647119398562238915,45.73050519273266,25.002500250041432,8,0.16,4,0.4465921071702163,11,0.8,1.3,5.0,0.5427551326522003,0.8612828939124109,1472,1472,1399,True,ok
5,29,Drowsy,60,processed,38,11859905464580965096,45.73050519273266,25.002500250041432,8,0.16,4,0.4465921071702163,11,0.8,1.3,5.0,0.5428295141555364,0.907952661690519,1472,1472,1413,True,ok
5,29,Drowsy,60,processed,39,11162493701831269547,45.73050519273266,25.002500250041432,8,0.16,4,0.4465921071702163,11,0.8,1.3,5.0,0.4963311284273593,0.8974264609370597,1472,1472,1384,True,ok
5,30,Drowsy,60,processed,1,5147336334893652326,45.73050519273266,25.002500250041432,8,0.16,4,0.4276133966204794,11,0.8,1.3,5.0,0.468424112544654,0.8397795140300035,1472,1472,1409,True,ok
5,30,Drowsy,60,processed,2,5463757626203508512,45.73050519273266,25.002500250041432,8,0.16,4,0.4276133966204794,11,0.8,1.3,5.0,0.5188057520482607,0.8228254686027392,1472,1472,1413,True,ok
5,30,Drowsy,60,processed,3,6846911730879715447,45.73050519273266,25.002500250041432,8,0.16,4,0.4276133966204794,11,0.8,1.3,5.0,0.5001972465206982,0.93093348169324,1472,1472,1411,True,ok
5,30,Drowsy,60,processed,4,8378219589963798349,45.73050519273266,25.002500250041432,8,0.16,4,0.4276133966204794,11,0.8,1.3,5.0,0.451112299562779,0.8854523726241152,1472,1472,1412,True,ok
5,30,Drowsy,60,processed,5,2523519714436133798,45.73050519273266,25.002500250041432,8,0.16,4,0.4276133966204794,11,0.8,1.3,5.0,0.4546720656130096,0.9182807141475389,1472,1472,1414,True,ok
5,30,Drowsy,60,processed,6,4875427875252157795,45.73050519273266,25.002500250041432,8,0.16,4,0.4276133966204794,11,0.8,1.3,5.0,0.48596325173992205,0.93188251339787,1472,1472,1408,True,ok
5,30,Drowsy,60,processed,7,9363652077967672398,45.73050519273266,25.002500250041432,8,0.16,4,0.4276133966204794,11,0.8,1.3,5.0,0.4303755465677361,0.8922525005613557,1472,1472,1417,True,ok
5,30,Drowsy,60,processed,8,3122045424681562083,45.73050519273266,25.002500250041432,8,0.16,4,0.4276133966204794,11,0.8,1.3,5.0,0.38838365443876605,0.9201463386902403,1472,1472,1424,True,ok
5,30,Drowsy,60,processed,9,16172677762226479738,45.73050519273266,25.002500250041432,8,0.16,4,0.4276133966204794,11,0.8,1.3,5.0,0.43187397439217273,0.717004803658898,1472,1472,1405,True,ok
5,30,Drowsy,60,processed,10,6362757417903184690,45.73050519273266,25.002500250041432,8,0.16,4,0.4276133966204794,11,0.8,1.3,5.0,0.45096845398274155,0.9381196771494917,1472,1472,1417,True,ok
5,30,Drowsy,60,processed,11,13919173282289492129,45.73050519273266,25.002500250041432,8,0.16,4,0.4276133966204794,11,0.8,1.3,5.0,0.4702018571330201,0.8972172335852493,1472,1472,1378,True,ok
5,30,Drowsy,60,processed,12,16601581053335365310,45.73050519273266,25.002500250041432,8,0.16,4,0.4276133966204794,11,0.8,1.3,5.0,0.47581343739023485,0.9201543382491644,1472,1472,1417,True,ok
5,30,Drowsy,60,processed,13,12252284505712659288,45.73050519273266,25.002500250041432,8,0.16,4,0.4276133966204794,11,0.8,1.3,5.0,0.48772297939177756,0.7969299278022715,1472,1472,1395,True,ok
5,30,Drowsy,60,processed,14,2747115605916073466,45.73050519273266,25.002500250041432,8,0.16,4,0.4276133966204794,11,0.8,1.3,5.0,0.5020897662629934,0.8595958797192982,1472,1472,1413,True,ok
5,30,Drowsy,60,processed,15,14904543338450373464,45.73050519273266,25.002500250041432,8,0.16,4,0.4276133966204794,11,0.8,1.3,5.0,0.48224921190717335,0.8993923533670404,1472,1472,1398,True,ok
5,30,Drowsy,60,processed,16,18111914311307115327,45.73050519273266,25.002500250041432,8,0.16,4,0.4276133966204794,11,0.8,1.3,5.0,0.42392072150887616,0.8695271954362391,1472,1472,1422,True,ok
5,30,Drowsy,60,processed,17,10661643730698475062,45.73050519273266,25.002500250041432,8,0.16,4,0.4276133966204794,11,0.8,1.3,5.0,0.47756877167876705,0.7863095269982195,1472,1472,1400,True,ok
5,30,Drowsy,60,processed,18,11180837041554030650,45.73050519273266,25.002500250041432,8,0.16,4,0.4276133966204794,11,0.8,1.3,5.0,0.5183704158411805,0.933628907954737,1472,1472,1416,True,ok
5,30,Drowsy,60,processed,19,1657851245649703238,45.73050519273266,25.002500250041432,8,0.16,4,0.4276133966204794,11,0.8,1.3,5.0,0.5501781298690195,0.9714149700216868,1472,1472,1428,True,ok
5,30,Drowsy,60,processed,20,6597159030098131373,45.73050519273266,25.002500250041432,8,0.16,4,0.4276133966204794,11,0.8,1.3,5.0,0.4759295629658508,0.8539912249936247,1472,1472,1429,True,ok
5,30,Drowsy,60,processed,21,5654020125257333935,45.73050519273266,25.002500250041432,8,0.16,4,0.4276133966204794,11,0.8,1.3,5.0,0.36686510336151884,0.6928282174224535,1472,1472,1400,True,ok
5,30,Drowsy,60,processed,22,17258179782350217331,45.73050519273266,25.002500250041432,8,0.16,4,0.4276133966204794,11,0.8,1.3,5.0,0.565460907867707,0.936609497744053,1472,1472,1399,True,ok
5,30,Drowsy,60,processed,23,974946600943396098,45.73050519273266,25.002500250041432,8,0.16,4,0.4276133966204794,11,0.8,1.3,5.0,0.4812822517151923,0.9174243185021181,1472,1472,1407,True,ok
5,30,Drowsy,60,processed,24,10963673161446024137,45.73050519273266,25.002500250041432,8,0.16,4,0.4276133966204794,11,0.8,1.3,5.0,0.46829225510185213,0.794180710817684,1472,1472,1424,True,ok
5,30,Drowsy,60,processed,25,10443169017732779360,45.73050519273266,25.002500250041432,8,0.16,4,0.4276133966204794,11,0.8,1.3,5.0,0.49897799376436724,0.838472236734396,1472,1472,1430,True,ok
5,30,Drowsy,60,processed,26,6886700236142801296,45.73050519273266,25.002500250041432,8,0.16,4,0.4276133966204794,11,0.8,1.3,5.0,0.5098635649236396,0.9070267704815881,1472,1472,1396,True,ok
5,30,Drowsy,60,processed,27,7051470116581811937,45.73050519273266,25.002500250041432,8,0.16,4,0.4276133966204794,11,0.8,1.3,5.0,0.4261931663195316,0.8767182180236964,1472,1472,1426,True,ok
5,30,Drowsy,60,processed,28,12348996756293202343,45.73050519273266,25.002500250041432,8,0.16,4,0.4276133966204794,11,0.8,1.3,5.0,0.5036026773550951,0.8382325424834843,1472,1472,1415,True,ok
5,30,Drowsy,60,processed,29,14363224631729047006,45.73050519273266,25.002500250041432,8,0.16,4,0.4276133966204794,11,0.8,1.3,5.0,0.5608181418430376,0.8762096946426865,1472,1472,1411,True,ok
5,30,Drowsy,60,processed,30,11841138976159572378,45.73050519273266,25.002500250041432,8,0.16,4,0.4276133966204794,11,0.8,1.3,5.0,0.4530909218362404,0.8683096814738301,1472,1472,1394,True,ok
5,30,Drowsy,60,processed,31,5915908707729998280,45.73050519273266,25.002500250041432,8,0.16,4,0.4276133966204794,11,0.8,1.3,5.0,0.5139035421571561,0.8476288764553813,1472,1472,1418,True,ok
5,30,Drowsy,60,processed,32,15090233770033800133,45.73050519273266,25.002500250041432,8,0.16,4,0.4276133966204794,11,0.8,1.3,5.0,0.5139633372207081,0.8144089878003063,1472,1472,1410,True,ok
5,30,Drowsy,60,processed,33,13393042000209726375,45.73050519273266,25.002500250041432,8,0.16,4,0.4276133966204794,11,0.8,1.3,5.0,0.5115237216993873,0.8647981728609266,1472,1472,1389,True,ok
5,30,Drowsy,60,processed,34,12094401496691910848,45.73050519273266,25.002500250041432,8,0.16,4,0.4276133966204794,11,0.8,1.3,5.0,0.45137389007708845,0.9128175559361822,1472,1472,1382,True,ok
5,30,Drowsy,60,processed,35,8542670878884836856,45.73050519273266,25.002500250041432,8,0.16,4,0.4276133966204794,11,0.8,1.3,5.0,0.46951896648116914,0.9157580031489936,1472,1472,1408,True,ok
5,30,Drowsy,60,processed,36,10901947057748255871,45.73050519273266,25.002500250041432,8,0.16,4,0.4276133966204794,11,0.8,1.3,5.0,0.47657979626292846,0.8071570873980255,1472,1472,1407,True,ok
5,30,Drowsy,60,processed,37,6355181206821960047,45.73050519273266,25.002500250041432,8,0.16,4,0.4276133966204794,11,0.8,1.3,5.0,0.4516331034324995,0.6765473840429493,1472,1472,1403,True,ok
5,30,Drowsy,60,processed,38,8387481403903014877,45.73050519273266,25.002500250041432,8,0.16,4,0.4276133966204794,11,0.8,1.3,5.0,0.49917761856042175,0.8188572349281572,1472,1472,1416,True,ok
5,30,Drowsy,60,processed,39,1997004555452560544,45.73050519273266,25.002500250041432,8,0.16,4,0.4276133966204794,11,0.8,1.3,5.0,0.47738290085203244,0.80969585770092,1472,1472,1379,True,ok
5,31,Drowsy,60,processed,1,4915525409062353781,38.02795747331068,25.002500250041432,8,0.16,4,0.4657797685741955,12,0.8,1.3,5.0,0.48690324207728175,0.856834665064185,1472,1472,1402,True,ok
5,31,Drowsy,60,processed,2,9938974111685106688,38.02795747331068,25.002500250041432,8,0.16,4,0.4657797685741955,12,0.8,1.3,5.0,0.6261966768930134,0.890109609028034,1472,1472,1399,True,ok
5,31,Drowsy,60,processed,3,222289312569390619,38.02795747331068,25.002500250041432,8,0.16,4,0.4657797685741955,12,0.8,1.3,5.0,0.5898574277152004,0.9251797388159505,1472,1472,1401,True,ok
5,31,Drowsy,60,processed,4,2887026399934755888,38.02795747331068,25.002500250041432,8,0.16,4,0.4657797685741955,12,0.8,1.3,5.0,0.5925839849468282,0.9322295711704237,1472,1472,1415,True,ok
5,31,Drowsy,60,processed,5,13842763767361606001,38.02795747331068,25.002500250041432,8,0.16,4,0.4657797685741955,12,0.8,1.3,5.0,0.56746756867385,0.9253156463634107,1472,1466,1420,True,ok
5,31,Drowsy,60,processed,6,14852879783237048889,38.02795747331068,25.002500250041432,8,0.16,4,0.4657797685741955,12,0.8,1.3,5.0,0.5511506184299693,0.8366572864790845,1472,1472,1411,True,ok
5,31,Drowsy,60,processed,7,2951937365674478539,38.02795747331068,25.002500250041432,8,0.16,4,0.4657797685741955,12,0.8,1.3,5.0,0.5578667989552832,0.9046224326488275,1472,1472,1407,True,ok
5,31,Drowsy,60,processed,8,295912311507164108,38.02795747331068,25.002500250041432,8,0.16,4,0.4657797685741955,12,0.8,1.3,5.0,0.6316940912043717,0.9181669460507526,1472,1472,1416,True,ok
5,31,Drowsy,60,processed,9,13645685333749684173,38.02795747331068,25.002500250041432,8,0.16,4,0.4657797685741955,12,0.8,1.3,5.0,0.5699457035800904,0.9419086224942439,1472,1472,1404,True,ok
5,31,Drowsy,60,processed,10,1102123171354374267,38.02795747331068,25.002500250041432,8,0.16,4,0.4657797685741955,12,0.8,1.3,5.0,0.6580350666918756,0.9779388716163979,1472,1472,1403,True,ok
5,31,Drowsy,60,processed,11,9998492663434739968,38.02795747331068,25.002500250041432,8,0.16,4,0.4657797685741955,12,0.8,1.3,5.0,0.5574041970943365,0.9214985037863104,1472,1472,1419,True,ok
5,31,Drowsy,60,processed,12,2808929809958873981,38.02795747331068,25.002500250041432,8,0.16,4,0.4657797685741955,12,0.8,1.3,5.0,0.5686948893316477,0.9298196114529463,1472,1472,1414,True,ok
5,31,Drowsy,60,processed,13,17376827358984781319,38.02795747331068,25.002500250041432,8,0.16,4,0.4657797685741955,12,0.8,1.3,5.0,0.5468244723140249,0.9084926088285311,1472,1418,1345,True,ok
5,31,Drowsy,60,processed,14,7811892524824803235,38.02795747331068,25.002500250041432,8,0.16,4,0.4657797685741955,12,0.8,1.3,5.0,0.5179926691077007,0.8433439840315542,1472,1472,1417,True,ok
5,31,Drowsy,60,processed,15,7243375432448083978,38.02795747331068,25.002500250041432,8,0.16,4,0.4657797685741955,12,0.8,1.3,5.0,0.5101325813655802,0.8783126111287415,1472,1472,1384,True,ok
5,31,Drowsy,60,processed,16,2170220666625446774,38.02795747331068,25.002500250041432,8,0.16,4,0.4657797685741955,12,0.8,1.3,5.0,0.49589992087648516,0.9085004218017719,1472,1472,1415,True,ok
5,31,Drowsy,60,processed,17,16775214486552186790,38.02795747331068,25.002500250041432,8,0.16,4,0.4657797685741955,12,0.8,1.3,5.0,0.5757406978781078,0.9387527907319098,1472,1472,1426,True,ok
5,31,Drowsy,60,processed,18,14370417652168880519,38.02795747331068,25.002500250041432,8,0.16,4,0.4657797685741955,12,0.8,1.3,5.0,0.5515762598659563,0.963391981414072,1472,1472,1412,True,ok
5,31,Drowsy,60,processed,19,7098733228445299172,38.02795747331068,25.002500250041432,8,0.16,4,0.4657797685741955,12,0.8,1.3,5.0,0.4993717392240759,0.7829201350397812,1472,1472,1403,True,ok
5,31,Drowsy,60,processed,20,15667508497859222004,38.02795747331068,25.002500250041432,8,0.16,4,0.4657797685741955,12,0.8,1.3,5.0,0.49658471964358175,0.9109399063504431,1472,1472,1387,True,ok
5,31,Drowsy,60,processed,21,17396925674422181388,38.02795747331068,25.002500250041432,8,0.16,4,0.4657797685741955,12,0.8,1.3,5.0,0.5641820394145078,0.9214767584059047,1472,1472,1418,True,ok
5,31,Drowsy,60,processed,22,3168498295690577132,38.02795747331068,25.002500250041432,8,0.16,4,0.4657797685741955,12,0.8,1.3,5.0,0.527260260431727,0.7824732297361743,1472,1472,1424,True,ok
5,31,Drowsy,60,processed,23,5995896767087738777,38.02795747331068,25.002500250041432,8,0.16,4,0.4657797685741955,12,0.8,1.3,5.0,0.5889833219200271,0.9265614323594816,1472,1472,1406,True,ok
5,31,Drowsy,60,processed,24,4474589379106230782,38.02795747331068,25.002500250041432,8,0.16,4,0.4657797685741955,12,0.8,1.3,5.0,0.6184688838061012,0.8620963293355082,1472,1472,1414,True,ok
5,31,Drowsy,60,processed,25,6533672080879385909,38.02795747331068,25.002500250041432,8,0.16,4,0.4657797685741955,12,0.8,1.3,5.0,0.6179602431800498,0.983835333986355,1472,1442,1371,True,ok
5,31,Drowsy,60,processed,26,15895761142808213132,38.02795747331068,25.002500250041432,8,0.16,4,0.4657797685741955,12,0.8,1.3,5.0,0.5882765562081193,0.9646819808297024,1472,1472,1414,True,ok
5,31,Drowsy,60,processed,27,15136906473646334501,38.02795747331068,25.002500250041432,8,0.16,4,0.4657797685741955,12,0.8,1.3,5.0,0.6364100125371774,0.8764220823819958,1472,1472,1409,True,ok
5,31,Drowsy,60,processed,28,5709429809036920578,38.02795747331068,25.002500250041432,8,0.16,4,0.4657797685741955,12,0.8,1.3,5.0,0.568626790884863,0.9464397660560296,1472,1472,1396,True,ok
5,31,Drowsy,60,processed,29,1491589038834182508,38.02795747331068,25.002500250041432,8,0.16,4,0.4657797685741955,12,0.8,1.3,5.0,0.5518294032030686,0.9625672689941688,1472,1472,1397,True,ok
5,31,Drowsy,60,processed,30,13199423583240050617,38.02795747331068,25.002500250041432,8,0.16,4,0.4657797685741955,12,0.8,1.3,5.0,0.5627733647912567,0.7788735725740238,1472,1472,1404,True,ok
5,31,Drowsy,60,processed,31,1071398893244812491,38.02795747331068,25.002500250041432,8,0.16,4,0.4657797685741955,12,0.8,1.3,5.0,0.5857786958651581,0.9358054649388343,1472,1468,1386,True,ok
5,31,Drowsy,60,processed,32,7159791127938357446,38.02795747331068,25.002500250041432,8,0.16,4,0.4657797685741955,12,0.8,1.3,5.0,0.6284164159281674,0.8629021927645054,1472,1392,1296,True,ok
5,31,Drowsy,60,processed,33,7216563961210100591,38.02795747331068,25.002500250041432,8,0.16,4,0.4657797685741955,12,0.8,1.3,5.0,0.5369806811065141,0.9571935482417111,1472,1426,1339,True,ok
5,31,Drowsy,60,processed,34,7146009696477537219,38.02795747331068,25.002500250041432,8,0.16,4,0.4657797685741955,12,0.8,1.3,5.0,0.5910985784623769,0.9361112789833285,1472,1472,1409,True,ok
5,31,Drowsy,60,processed,35,1834300360195060761,38.02795747331068,25.002500250041432,8,0.16,4,0.4657797685741955,12,0.8,1.3,5.0,0.5165014071619745,0.839298600480949,1472,1472,1419,True,ok
5,31,Drowsy,60,processed,36,7284606948747757755,38.02795747331068,25.002500250041432,8,0.16,4,0.4657797685741955,12,0.8,1.3,5.0,0.506432147073613,0.8687226094604836,1472,1426,1354,True,ok
5,31,Drowsy,60,processed,37,686483943890524404,38.02795747331068,25.002500250041432,8,0.16,4,0.4657797685741955,12,0.8,1.3,5.0,0.534694409053178,0.8879618936843844,1472,1472,1400,True,ok
5,31,Drowsy,60,processed,38,8659169436707483007,38.02795747331068,25.002500250041432,8,0.16,4,0.4657797685741955,12,0.8,1.3,5.0,0.5207716383140724,0.9208702694019667,1472,1424,1372,True,ok
5,31,Drowsy,60,processed,39,11311697162961030412,38.02795747331068,25.002500250041432,8,0.16,4,0.4657797685741955,12,0.8,1.3,5.0,0.6063102702698184,0.9033243735351439,1472,1472,1420,True,ok
5,32,Awake,60,processed,1,2732202786863188589,54.99320090094977,25.002500250041432,8,0.16,4,0.4556083612427591,11,0.8,1.3,5.0,0.526364777053031,0.8823624924249289,1472,1472,1416,True,ok
5,32,Awake,60,processed,2,8501733022221872386,54.99320090094977,25.002500250041432,8,0.16,4,0.4556083612427591,11,0.8,1.3,5.0,0.48812941259501086,0.774021752352258,1472,1472,1422,True,ok
5,32,Awake,60,processed,3,4585074101417516735,54.99320090094977,25.002500250041432,8,0.16,4,0.4556083612427591,11,0.8,1.3,5.0,0.5001293538698113,0.8173249136327989,1472,1472,1397,True,ok
5,32,Awake,60,processed,4,13799101042700190681,54.99320090094977,25.002500250041432,8,0.16,4,0.4556083612427591,11,0.8,1.3,5.0,0.3867010202974265,0.8111309758190928,1472,1472,1408,True,ok
5,32,Awake,60,processed,5,4099003032097900151,54.99320090094977,25.002500250041432,8,0.16,4,0.4556083612427591,11,0.8,1.3,5.0,0.5230300825309603,0.9209996376496952,1472,1472,1407,True,ok
5,32,Awake,60,processed,6,18031494221066619517,54.99320090094977,25.002500250041432,8,0.16,4,0.4556083612427591,11,0.8,1.3,5.0,0.42169229978422224,0.8809795220913353,1472,1472,1430,True,ok
5,32,Awake,60,processed,7,229815337730572911,54.99320090094977,25.002500250041432,8,0.16,4,0.4556083612427591,11,0.8,1.3,5.0,0.47292215826572825,0.7443395970965836,1472,1472,1413,True,ok
5,32,Awake,60,processed,8,1762538953272805316,54.99320090094977,25.002500250041432,8,0.16,4,0.4556083612427591,11,0.8,1.3,5.0,0.4144861002355806,0.7659347587767958,1472,1472,1418,True,ok
5,32,Awake,60,processed,9,13190378359781318363,54.99320090094977,25.002500250041432,8,0.16,4,0.4556083612427591,11,0.8,1.3,5.0,0.48687699311020577,0.9345875834450053,1472,1472,1404,True,ok
5,32,Awake,60,processed,10,6098638652207114716,54.99320090094977,25.002500250041432,8,0.16,4,0.4556083612427591,11,0.8,1.3,5.0,0.5244783372040149,0.930851571542089,1472,1472,1411,True,ok
5,32,Awake,60,processed,11,14849772514261732950,54.99320090094977,25.002500250041432,8,0.16,4,0.4556083612427591,11,0.8,1.3,5.0,0.40534054963550276,0.7973859632307725,1472,1472,1399,True,ok
5,32,Awake,60,processed,12,7499924480561238804,54.99320090094977,25.002500250041432,8,0.16,4,0.4556083612427591,11,0.8,1.3,5.0,0.3894649209479755,0.7360059259373056,1472,1472,1409,True,ok
5,32,Awake,60,processed,13,5791122726778677390,54.99320090094977,25.002500250041432,8,0.16,4,0.4556083612427591,11,0.8,1.3,5.0,0.4581518807792903,0.7187593703546443,1472,1472,1412,True,ok
5,32,Awake,60,processed,14,6473433436081724934,54.99320090094977,25.002500250041432,8,0.16,4,0.4556083612427591,11,0.8,1.3,5.0,0.47641993848665565,0.7940087451222994,1472,1472,1424,True,ok
5,32,Awake,60,processed,15,2080195276677295308,54.99320090094977,25.002500250041432,8,0.16,4,0.4556083612427591,11,0.8,1.3,5.0,0.4685050537536127,0.826802857885503,1472,1472,1403,True,ok
5,32,Awake,60,processed,16,15632773754668520328,54.99320090094977,25.002500250041432,8,0.16,4,0.4556083612427591,11,0.8,1.3,5.0,0.46707236409120717,0.7623734337694443,1472,1472,1403,True,ok
5,32,Awake,60,processed,17,3724672282068193057,54.99320090094977,25.002500250041432,8,0.16,4,0.4556083612427591,11,0.8,1.3,5.0,0.5171764781564576,0.8929191725217452,1472,1472,1431,True,ok
5,32,Awake,60,processed,18,14006307790298707250,54.99320090094977,25.002500250041432,8,0.16,4,0.4556083612427591,11,0.8,1.3,5.0,0.4880352331049811,0.8440342715940445,1472,1472,1425,True,ok
5,32,Awake,60,processed,19,13795337969800788708,54.99320090094977,25.002500250041432,8,0.16,4,0.4556083612427591,11,0.8,1.3,5.0,0.47354822194644974,0.7637310531831225,1472,1472,1418,True,ok
5,32,Awake,60,processed,20,6118623664626611287,54.99320090094977,25.002500250041432,8,0.16,4,0.4556083612427591,11,0.8,1.3,5.0,0.47655618930656934,0.7671736613313868,1472,1472,1418,True,ok
5,32,Awake,60,processed,21,2706317740966083156,54.99320090094977,25.002500250041432,8,0.16,4,0.4556083612427591,11,0.8,1.3,5.0,0.48345572564935374,0.849260648729048,1472,1472,1420,True,ok
5,32,Awake,60,processed,22,11483580597582615459,54.99320090094977,25.002500250041432,8,0.16,4,0.4556083612427591,11,0.8,1.3,5.0,0.41698355898722417,0.7745741976871908,1472,1472,1426,True,ok
5,32,Awake,60,processed,23,877786453147188393,54.99320090094977,25.002500250041432,8,0.16,4,0.4556083612427591,11,0.8,1.3,5.0,0.4259230871537831,0.7847316188937368,1472,1472,1420,True,ok
5,32,Awake,60,processed,24,13680928291332930003,54.99320090094977,25.002500250041432,8,0.16,4,0.4556083612427591,11,0.8,1.3,5.0,0.5001060064047927,0.9250924157823158,1472,1472,1408,True,ok
5,32,Awake,60,processed,25,16728188671576482806,54.99320090094977,25.002500250041432,8,0.16,4,0.4556083612427591,11,0.8,1.3,5.0,0.4246268115157419,0.8576874837927767,1472,1472,1419,True,ok
5,32,Awake,60,processed,26,14352311271784968398,54.99320090094977,25.002500250041432,8,0.16,4,0.4556083612427591,11,0.8,1.3,5.0,0.5086585014262625,0.9360689052900575,1472,1472,1391,True,ok
5,32,Awake,60,processed,27,13386426649923606622,54.99320090094977,25.002500250041432,8,0.16,4,0.4556083612427591,11,0.8,1.3,5.0,0.5161705263555301,0.9522901530485801,1472,1472,1397,True,ok
5,32,Awake,60,processed,28,15342679100457966968,54.99320090094977,25.002500250041432,8,0.16,4,0.4556083612427591,11,0.8,1.3,5.0,0.47712021856686143,0.9081356113900416,1472,1472,1419,True,ok
5,32,Awake,60,processed,29,7925151827630028728,54.99320090094977,25.002500250041432,8,0.16,4,0.4556083612427591,11,0.8,1.3,5.0,0.5258457526042847,0.9209091919276425,1472,1472,1406,True,ok
5,32,Awake,60,processed,30,9319150979042719156,54.99320090094977,25.002500250041432,8,0.16,4,0.4556083612427591,11,0.8,1.3,5.0,0.44115082586971033,0.9115309900822579,1472,1472,1410,True,ok
5,32,Awake,60,processed,31,13910712493807349948,54.99320090094977,25.002500250041432,8,0.16,4,0.4556083612427591,11,0.8,1.3,5.0,0.4679861512192308,0.8100418006380433,1472,1472,1417,True,ok
5,32,Awake,60,processed,32,9041531317399054072,54.99320090094977,25.002500250041432,8,0.16,4,0.4556083612427591,11,0.8,1.3,5.0,0.4309863271243345,0.880159285734179,1472,1472,1402,True,ok
5,32,Awake,60,processed,33,14901310360223556111,54.99320090094977,25.002500250041432,8,0.16,4,0.4556083612427591,11,0.8,1.3,5.0,0.44199285044504166,0.8433779699457264,1472,1472,1399,True,ok
5,32,Awake,60,processed,34,13753805259542328944,54.99320090094977,25.002500250041432,8,0.16,4,0.4556083612427591,11,0.8,1.3,5.0,0.49437716033231316,0.862475127765702,1472,1440,1385,True,ok
5,32,Awake,60,processed,35,9147883125339911311,54.99320090094977,25.002500250041432,8,0.16,4,0.4556083612427591,11,0.8,1.3,5.0,0.4259455940047008,0.8322167063121688,1472,1472,1410,True,ok
5,32,Awake,60,processed,36,7460183253053662679,54.99320090094977,25.002500250041432,8,0.16,4,0.4556083612427591,11,0.8,1.3,5.0,0.5171608483209927,0.9474354699516644,1472,1472,1405,True,ok
5,32,Awake,60,processed,37,18391607082850972100,54.99320090094977,25.002500250041432,8,0.16,4,0.4556083612427591,11,0.8,1.3,5.0,0.44647225685157393,0.879285971120502,1472,1472,1409,True,ok
5,32,Awake,60,processed,38,12286695862360862990,54.99320090094977,25.002500250041432,8,0.16,4,0.4556083612427591,11,0.8,1.3,5.0,0.43188034637519707,0.8696328989835127,1472,1472,1408,True,ok
5,32,Awake,60,processed,39,701819275892731305,54.99320090094977,25.002500250041432,8,0.16,4,0.4556083612427591,11,0.8,1.3,5.0,0.4640818946155146,0.7978717624286494,1472,1472,1423,True,ok
5,33,Awake,60,processed,1,7937577064490200605,54.99320090094977,25.002500250041432,8,0.16,4,0.4680495225223679,12,0.8,1.3,5.0,0.42274151360930046,0.8377842390774058,1472,1472,1411,True,ok
5,33,Awake,60,processed,2,1053096562355712150,54.99320090094977,25.002500250041432,8,0.16,4,0.4680495225223679,12,0.8,1.3,5.0,0.469382579163676,0.8896150826170947,1472,1472,1387,True,ok
5,33,Awake,60,processed,3,16898381139390437969,54.99320090094977,25.002500250041432,8,0.16,4,0.4680495225223679,12,0.8,1.3,5.0,0.47693099255749427,0.9071217888346315,1472,1472,1409,True,ok
5,33,Awake,60,processed,4,15225073473512625227,54.99320090094977,25.002500250041432,8,0.16,4,0.4680495225223679,12,0.8,1.3,5.0,0.4790887735819646,0.8454882506976454,1472,1472,1410,True,ok
5,33,Awake,60,processed,5,1398078627673493959,54.99320090094977,25.002500250041432,8,0.16,4,0.4680495225223679,12,0.8,1.3,5.0,0.4728036848315506,0.9044352429744534,1472,1472,1416,True,ok
5,33,Awake,60,processed,6,2144242724916522494,54.99320090094977,25.002500250041432,8,0.16,4,0.4680495225223679,12,0.8,1.3,5.0,0.3854686324737917,0.7458501133777283,1472,1472,1413,True,ok
5,33,Awake,60,processed,7,16617373980989179382,54.99320090094977,25.002500250041432,8,0.16,4,0.4680495225223679,12,0.8,1.3,5.0,0.45926894180188876,0.9178597722484104,1472,1472,1410,True,ok
5,33,Awake,60,processed,8,12790314047051672137,54.99320090094977,25.002500250041432,8,0.16,4,0.4680495225223679,12,0.8,1.3,5.0,0.47378654484224425,0.9103506042884772,1472,1472,1404,True,ok
5,33,Awake,60,processed,9,9880140947560385194,54.99320090094977,25.002500250041432,8,0.16,4,0.4680495225223679,12,0.8,1.3,5.0,0.5056144084288722,0.9257921780444657,1472,1472,1416,True,ok
5,33,Awake,60,processed,10,18363376354166411203,54.99320090094977,25.002500250041432,8,0.16,4,0.4680495225223679,12,0.8,1.3,5.0,0.41933357053525644,0.7142725627263244,1472,1472,1413,True,ok
5,33,Awake,60,processed,11,7015933136283638067,54.99320090094977,25.002500250041432,8,0.16,4,0.4680495225223679,12,0.8,1.3,5.0,0.47018905249778004,0.864519236769234,1472,1472,1397,True,ok
5,33,Awake,60,processed,12,15754934246255892179,54.99320090094977,25.002500250041432,8,0.16,4,0.4680495225223679,12,0.8,1.3,5.0,0.5035839902235585,0.9272698900352545,1472,1472,1412,True,ok
5,33,Awake,60,processed,13,14248303782022531603,54.99320090094977,25.002500250041432,8,0.16,4,0.4680495225223679,12,0.8,1.3,5.0,0.4912143185860614,0.8539548306628036,1472,1472,1401,True,ok
5,33,Awake,60,processed,14,12011178566663502470,54.99320090094977,25.002500250041432,8,0.16,4,0.4680495225223679,12,0.8,1.3,5.0,0.47047105247001336,0.8696643437878042,1472,1472,1396,True,ok
5,33,Awake,60,processed,15,12451601068491613471,54.99320090094977,25.002500250041432,8,0.16,4,0.4680495225223679,12,0.8,1.3,5.0,0.39674245170352435,0.7053038071994034,1472,1472,1416,True,ok
5,33,Awake,60,processed,16,14347764971893055858,54.99320090094977,25.002500250041432,8,0.16,4,0.4680495225223679,12,0.8,1.3,5.0,0.4214234505081302,0.8054113030934278,1472,1472,1422,True,ok
5,33,Awake,60,processed,17,9527499447092943485,54.99320090094977,25.002500250041432,8,0.16,4,0.4680495225223679,12,0.8,1.3,5.0,0.5624299241844568,0.9138661012011452,1472,1472,1416,True,ok
5,33,Awake,60,processed,18,1528456659967871092,54.99320090094977,25.002500250041432,8,0.16,4,0.4680495225223679,12,0.8,1.3,5.0,0.5184500952141057,0.8718843330822595,1472,1472,1400,True,ok
5,33,Awake,60,processed,19,7025006135269076930,54.99320090094977,25.002500250041432,8,0.16,4,0.4680495225223679,12,0.8,1.3,5.0,0.5363447438814853,0.9520763014738757,1472,1472,1408,True,ok
5,33,Awake,60,processed,20,4434941497449540874,54.99320090094977,25.002500250041432,8,0.16,4,0.4680495225223679,12,0.8,1.3,5.0,0.49056711624287125,0.9243111177156939,1472,1472,1402,True,ok
5,33,Awake,60,processed,21,10070821510870429411,54.99320090094977,25.002500250041432,8,0.16,4,0.4680495225223679,12,0.8,1.3,5.0,0.47639687936323416,0.867045073944015,1472,1472,1423,True,ok
5,33,Awake,60,processed,22,13641386176128966708,54.99320090094977,25.002500250041432,8,0.16,4,0.4680495225223679,12,0.8,1.3,5.0,0.5600057074562775,0.9169528392992614,1472,1472,1430,True,ok
5,33,Awake,60,processed,23,9428010998745729305,54.99320090094977,25.002500250041432,8,0.16,4,0.4680495225223679,12,0.8,1.3,5.0,0.41222929043554696,0.8213996868740664,1472,1472,1389,True,ok
5,33,Awake,60,processed,24,12247785048492664424,54.99320090094977,25.002500250041432,8,0.16,4,0.4680495225223679,12,0.8,1.3,5.0,0.48951052334131845,0.9304425039411187,1472,1472,1416,True,ok
5,33,Awake,60,processed,25,4310172531264324928,54.99320090094977,25.002500250041432,8,0.16,4,0.4680495225223679,12,0.8,1.3,5.0,0.4984817504985631,0.9506331209651184,1472,1472,1397,True,ok
5,33,Awake,60,processed,26,4874321526030465013,54.99320090094977,25.002500250041432,8,0.16,4,0.4680495225223679,12,0.8,1.3,5.0,0.4432521940992761,0.8203397696049644,1472,1472,1413,True,ok
5,33,Awake,60,processed,27,11968601741538981321,54.99320090094977,25.002500250041432,8,0.16,4,0.4680495225223679,12,0.8,1.3,5.0,0.4716191755753265,0.875501656199358,1472,1472,1412,True,ok
5,33,Awake,60,processed,28,15211953836777727001,54.99320090094977,25.002500250041432,8,0.16,4,0.4680495225223679,12,0.8,1.3,5.0,0.441669795883085,0.886324129061741,1472,1472,1411,True,ok
5,33,Awake,60,processed,29,3530034921973984190,54.99320090094977,25.002500250041432,8,0.16,4,0.4680495225223679,12,0.8,1.3,5.0,0.4667626102886199,0.8883509229249132,1472,1472,1415,True,ok
5,33,Awake,60,processed,30,8627478793404114718,54.99320090094977,25.002500250041432,8,0.16,4,0.4680495225223679,12,0.8,1.3,5.0,0.5384192855857018,0.9440232726683903,1472,1472,1416,True,ok
5,33,Awake,60,processed,31,7017383508581916552,54.99320090094977,25.002500250041432,8,0.16,4,0.4680495225223679,12,0.8,1.3,5.0,0.479109032258361,0.8908264794615619,1472,1472,1416,True,ok
5,33,Awake,60,processed,32,15055212479282273277,54.99320090094977,25.002500250041432,8,0.16,4,0.4680495225223679,12,0.8,1.3,5.0,0.48207863307312,0.8332732076009969,1472,1472,1402,True,ok
5,33,Awake,60,processed,33,3226188376542411301,54.99320090094977,25.002500250041432,8,0.16,4,0.4680495225223679,12,0.8,1.3,5.0,0.4268345179231727,0.7096307813199814,1472,1472,1395,True,ok
5,33,Awake,60,processed,34,10820267808101564452,54.99320090094977,25.002500250041432,8,0.16,4,0.4680495225223679,12,0.8,1.3,5.0,0.4695365873074648,0.8171077564138396,1472,1472,1420,True,ok
5,33,Awake,60,processed,35,13817900474372928962,54.99320090094977,25.002500250041432,8,0.16,4,0.4680495225223679,12,0.8,1.3,5.0,0.5841035912405022,0.9549767611020838,1472,1472,1405,True,ok
5,33,Awake,60,processed,36,5598295169926099508,54.99320090094977,25.002500250041432,8,0.16,4,0.4680495225223679,12,0.8,1.3,5.0,0.48169219971531557,0.9076793776163639,1472,1472,1411,True,ok
5,33,Awake,60,processed,37,7797823545888826080,54.99320090094977,25.002500250041432,8,0.16,4,0.4680495225223679,12,0.8,1.3,5.0,0.4212185416050104,0.902125396616832,1472,1472,1408,True,ok
5,33,Awake,60,processed,38,1413369789280693069,54.99320090094977,25.002500250041432,8,0.16,4,0.4680495225223679,12,0.8,1.3,5.0,0.4281704671466755,0.8754091337080457,1472,1472,1399,True,ok
5,33,Awake,60,processed,39,8104147729509042856,54.99320090094977,25.002500250041432,8,0.16,4,0.4680495225223679,12,0.8,1.3,5.0,0.45135477280991254,0.6313427357398258,1472,1472,1404,True,ok
5,34,Awake,60,processed,1,14864828094663044843,38.02795747331068,25.002500250041432,8,0.16,4,0.4797627237160508,12,0.8,1.3,5.0,0.49706626989207037,0.8474170888058411,1472,1472,1407,True,ok
5,34,Awake,60,processed,2,7134529770825347055,38.02795747331068,25.002500250041432,8,0.16,4,0.4797627237160508,12,0.8,1.3,5.0,0.5162555761979611,0.9344918530793785,1472,1472,1401,True,ok
5,34,Awake,60,processed,3,13437782717083750405,38.02795747331068,25.002500250041432,8,0.16,4,0.4797627237160508,12,0.8,1.3,5.0,0.5766194905852798,0.906867213392917,1472,1472,1382,True,ok
5,34,Awake,60,processed,4,4455395836235702040,38.02795747331068,25.002500250041432,8,0.16,4,0.4797627237160508,12,0.8,1.3,5.0,0.5574155050886259,0.9538288269787419,1472,1472,1423,True,ok
5,34,Awake,60,processed,5,619353991781421991,38.02795747331068,25.002500250041432,8,0.16,4,0.4797627237160508,12,0.8,1.3,5.0,0.5855094520067768,0.9274335153882689,1472,1472,1404,True,ok
5,34,Awake,60,processed,6,15843391468913906530,38.02795747331068,25.002500250041432,8,0.16,4,0.4797627237160508,12,0.8,1.3,5.0,0.5649613032011414,0.8534951135852107,1472,1472,1413,True,ok
5,34,Awake,60,processed,7,16502716121071924124,38.02795747331068,25.002500250041432,8,0.16,4,0.4797627237160508,12,0.8,1.3,5.0,0.6165123773795796,0.9582732100677739,1472,1472,1409,True,ok
5,34,Awake,60,processed,8,8615365550451019300,38.02795747331068,25.002500250041432,8,0.16,4,0.4797627237160508,12,0.8,1.3,5.0,0.530216481786365,0.8988584035049647,1472,1472,1420,True,ok
5,34,Awake,60,processed,9,14482850331214549698,38.02795747331068,25.002500250041432,8,0.16,4,0.4797627237160508,12,0.8,1.3,5.0,0.5863934390448173,0.8788213319923527,1472,1472,1401,True,ok
5,34,Awake,60,processed,10,18281856821814869564,38.02795747331068,25.002500250041432,8,0.16,4,0.4797627237160508,12,0.8,1.3,5.0,0.5627104911392266,0.9446180744029438,1472,1472,1423,True,ok
5,34,Awake,60,processed,11,9973852918010919627,38.02795747331068,25.002500250041432,8,0.16,4,0.4797627237160508,12,0.8,1.3,5.0,0.5378512399703554,0.9269755804694348,1472,1472,1418,True,ok
5,34,Awake,60,processed,12,1380926840712295685,38.02795747331068,25.002500250041432,8,0.16,4,0.4797627237160508,12,0.8,1.3,5.0,0.5487468996893216,0.947027248467148,1472,1472,1408,True,ok
5,34,Awake,60,processed,13,4336077421367021903,38.02795747331068,25.002500250041432,8,0.16,4,0.4797627237160508,12,0.8,1.3,5.0,0.523505055469746,0.8861258467062297,1472,1472,1416,True,ok
5,34,Awake,60,processed,14,2589630642151246177,38.02795747331068,25.002500250041432,8,0.16,4,0.4797627237160508,12,0.8,1.3,5.0,0.6003156203282477,0.9448049284026444,1472,1472,1416,True,ok
5,34,Awake,60,processed,15,180120851674800379,38.02795747331068,25.002500250041432,8,0.16,4,0.4797627237160508,12,0.8,1.3,5.0,0.5251465621889475,0.813392290340107,1472,1472,1384,True,ok
5,34,Awake,60,processed,16,11732678089124659876,38.02795747331068,25.002500250041432,8,0.16,4,0.4797627237160508,12,0.8,1.3,5.0,0.5228529958825547,0.9130500314782193,1472,1472,1403,True,ok
5,34,Awake,60,processed,17,16157089687160104274,38.02795747331068,25.002500250041432,8,0.16,4,0.4797627237160508,12,0.8,1.3,5.0,0.5756337105787661,0.920435087338151,1472,1472,1389,True,ok
5,34,Awake,60,processed,18,18231648879918442174,38.02795747331068,25.002500250041432,8,0.16,4,0.4797627237160508,12,0.8,1.3,5.0,0.45022807760474015,0.8613642519834723,1472,1472,1416,True,ok
5,34,Awake,60,processed,19,4136965796527062921,38.02795747331068,25.002500250041432,8,0.16,4,0.4797627237160508,12,0.8,1.3,5.0,0.470806116637139,0.8074272327908977,1472,1472,1404,True,ok
5,34,Awake,60,processed,20,14512892935391688353,38.02795747331068,25.002500250041432,8,0.16,4,0.4797627237160508,12,0.8,1.3,5.0,0.5452240743706073,0.870308667699817,1472,1472,1411,True,ok
5,34,Awake,60,processed,21,9708205798202393348,38.02795747331068,25.002500250041432,8,0.16,4,0.4797627237160508,12,0.8,1.3,5.0,0.5034648474888989,0.9044789683052367,1472,1472,1404,True,ok
5,34,Awake,60,processed,22,10324159566102598154,38.02795747331068,25.002500250041432,8,0.16,4,0.4797627237160508,12,0.8,1.3,5.0,0.6156658584828093,0.9589244932051669,1472,1472,1399,True,ok
5,34,Awake,60,processed,23,17392324090926346198,38.02795747331068,25.002500250041432,8,0.16,4,0.4797627237160508,12,0.8,1.3,5.0,0.5209672169502415,0.8864581238451023,1472,1472,1403,True,ok
5,34,Awake,60,processed,24,2098947680088203152,38.02795747331068,25.002500250041432,8,0.16,4,0.4797627237160508,12,0.8,1.3,5.0,0.5002815617349577,0.7285195175564078,1472,1472,1399,True,ok
5,34,Awake,60,processed,25,2277046930257400637,38.02795747331068,25.002500250041432,8,0.16,4,0.4797627237160508,12,0.8,1.3,5.0,0.5611002558141729,0.9405523756446742,1472,1472,1404,True,ok
5,34,Awake,60,processed,26,687529583719714604,38.02795747331068,25.002500250041432,8,0.16,4,0.4797627237160508,12,0.8,1.3,5.0,0.4835439418794823,0.9272802168974618,1472,1472,1416,True,ok
5,34,Awake,60,processed,27,7018781599901442005,38.02795747331068,25.002500250041432,8,0.16,4,0.4797627237160508,12,0.8,1.3,5.0,0.5450667798913167,0.9556089110567995,1472,1472,1394,True,ok
5,34,Awake,60,processed,28,16345549783185119082,38.02795747331068,25.002500250041432,8,0.16,4,0.4797627237160508,12,0.8,1.3,5.0,0.4902885115401548,0.8651551542334416,1472,1472,1398,True,ok
5,34,Awake,60,processed,29,1757522941069251419,38.02795747331068,25.002500250041432,8,0.16,4,0.4797627237160508,12,0.8,1.3,5.0,0.547139741847321,0.8350676623549745,1472,1472,1416,True,ok
5,34,Awake,60,processed,30,6226885770188175392,38.02795747331068,25.002500250041432,8,0.16,4,0.4797627237160508,12,0.8,1.3,5.0,0.5459825749994323,0.9568615178073384,1472,1472,1419,True,ok
5,34,Awake,60,processed,31,12385769399769758745,38.02795747331068,25.002500250041432,8,0.16,4,0.4797627237160508,12,0.8,1.3,5.0,0.5529731532646506,0.9059915744933796,1472,1472,1381,True,ok
5,34,Awake,60,processed,32,6625745030376181251,38.02795747331068,25.002500250041432,8,0.16,4,0.4797627237160508,12,0.8,1.3,5.0,0.5524119340476872,0.9298799310279137,1472,1472,1404,True,ok
5,34,Awake,60,processed,33,4903519282482365910,38.02795747331068,25.002500250041432,8,0.16,4,0.4797627237160508,12,0.8,1.3,5.0,0.5354996821334105,0.8561553217878455,1472,1472,1393,True,ok
5,34,Awake,60,processed,34,5079284384747721555,38.02795747331068,25.002500250041432,8,0.16,4,0.4797627237160508,12,0.8,1.3,5.0,0.5117978318356755,0.9431395585163291,1472,1472,1410,True,ok
5,34,Awake,60,processed,35,475921238932040654,38.02795747331068,25.002500250041432,8,0.16,4,0.4797627237160508,12,0.8,1.3,5.0,0.5485966150910562,0.9714162887006716,1472,1472,1412,True,ok
5,34,Awake,60,processed,36,10444514250828719857,38.02795747331068,25.002500250041432,8,0.16,4,0.4797627237160508,12,0.8,1.3,5.0,0.5011271577234399,0.8682797578456561,1472,1472,1431,True,ok
5,34,Awake,60,processed,37,15059984494857565502,38.02795747331068,25.002500250041432,8,0.16,4,0.4797627237160508,12,0.8,1.3,5.0,0.5220463305363713,0.752292729227626,1472,1472,1436,True,ok
5,34,Awake,60,processed,38,3896905220552712532,38.02795747331068,25.002500250041432,8,0.16,4,0.4797627237160508,12,0.8,1.3,5.0,0.5491729205939505,0.9226800607281372,1472,1472,1406,True,ok
5,34,Awake,60,processed,39,18356022205687239626,38.02795747331068,25.002500250041432,8,0.16,4,0.4797627237160508,12,0.8,1.3,5.0,0.5031388487015709,0.7755116286695816,1472,1472,1399,True,ok
5,35,Awake,60,processed,1,17136860254155555569,38.02795747331068,25.002500250041432,8,0.16,4,0.4690500923412277,12,0.8,1.3,5.0,0.5165561364057787,0.9661113478991283,1472,1472,1396,True,ok
5,35,Awake,60,processed,2,6121546816219592315,38.02795747331068,25.002500250041432,8,0.16,4,0.4690500923412277,12,0.8,1.3,5.0,0.5500907176149893,0.8763859506311721,1472,1472,1397,True,ok
5,35,Awake,60,processed,3,17926705039432256107,38.02795747331068,25.002500250041432,8,0.16,4,0.4690500923412277,12,0.8,1.3,5.0,0.5651964460147788,0.899970510804428,1472,1472,1411,True,ok
5,35,Awake,60,processed,4,4978297969694571226,38.02795747331068,25.002500250041432,8,0.16,4,0.4690500923412277,12,0.8,1.3,5.0,0.5105409699982675,0.8022650226458086,1472,1472,1417,True,ok
5,35,Awake,60,processed,5,10870970956810078663,38.02795747331068,25.002500250041432,8,0.16,4,0.4690500923412277,12,0.8,1.3,5.0,0.5568596600311622,0.9373505874228467,1472,1472,1410,True,ok
5,35,Awake,60,processed,6,8395480306476120841,38.02795747331068,25.002500250041432,8,0.16,4,0.4690500923412277,12,0.8,1.3,5.0,0.6384013362772327,0.9333406997312909,1472,1472,1420,True,ok
5,35,Awake,60,processed,7,11104726243047753113,38.02795747331068,25.002500250041432,8,0.16,4,0.4690500923412277,12,0.8,1.3,5.0,0.5501117611143662,0.8400294217284363,1472,1472,1422,True,ok
5,35,Awake,60,processed,8,15504072505168123121,38.02795747331068,25.002500250041432,8,0.16,4,0.4690500923412277,12,0.8,1.3,5.0,0.573298469440905,0.8632227843810788,1472,1472,1423,True,ok
5,35,Awake,60,processed,9,236473571552845452,38.02795747331068,25.002500250041432,8,0.16,4,0.4690500923412277,12,0.8,1.3,5.0,0.5640503673838348,0.9266117372079349,1472,1472,1410,True,ok
5,35,Awake,60,processed,10,13273675045243540544,38.02795747331068,25.002500250041432,8,0.16,4,0.4690500923412277,12,0.8,1.3,5.0,0.5845857518341251,0.9660328038977826,1472,1472,1414,True,ok
5,35,Awake,60,processed,11,18206518500383080702,38.02795747331068,25.002500250041432,8,0.16,4,0.4690500923412277,12,0.8,1.3,5.0,0.5789595439040951,0.8379622789404249,1472,1472,1407,True,ok
5,35,Awake,60,processed,12,8162192396716838091,38.02795747331068,25.002500250041432,8,0.16,4,0.4690500923412277,12,0.8,1.3,5.0,0.5781913357837889,0.9268132801272947,1472,1472,1425,True,ok
5,35,Awake,60,processed,13,5137703193500881403,38.02795747331068,25.002500250041432,8,0.16,4,0.4690500923412277,12,0.8,1.3,5.0,0.5912911951190716,0.9015268471187242,1472,1472,1418,True,ok
5,35,Awake,60,processed,14,8260507606479511864,38.02795747331068,25.002500250041432,8,0.16,4,0.4690500923412277,12,0.8,1.3,5.0,0.5877741149338063,0.965915429009462,1472,1472,1421,True,ok
5,35,Awake,60,processed,15,13120435113171147894,38.02795747331068,25.002500250041432,8,0.16,4,0.4690500923412277,12,0.8,1.3,5.0,0.48926672616515615,0.8545236982065528,1472,1472,1411,True,ok
5,35,Awake,60,processed,16,2297522436193984540,38.02795747331068,25.002500250041432,8,0.16,4,0.4690500923412277,12,0.8,1.3,5.0,0.5808638401064904,0.9639219676157963,1472,1472,1403,True,ok
5,35,Awake,60,processed,17,10153755804587941325,38.02795747331068,25.002500250041432,8,0.16,4,0.4690500923412277,12,0.8,1.3,5.0,0.594461859981135,0.9497865529871049,1472,1472,1418,True,ok
5,35,Awake,60,processed,18,4940406435918895579,38.02795747331068,25.002500250041432,8,0.16,4,0.4690500923412277,12,0.8,1.3,5.0,0.4876003966821748,0.8332534754798975,1472,1472,1405,True,ok
5,35,Awake,60,processed,19,9785549765895466637,38.02795747331068,25.002500250041432,8,0.16,4,0.4690500923412277,12,0.8,1.3,5.0,0.5686287264075582,0.9103465083066574,1472,1472,1409,True,ok
5,35,Awake,60,processed,20,11899261304592917671,38.02795747331068,25.002500250041432,8,0.16,4,0.4690500923412277,12,0.8,1.3,5.0,0.5165644659536173,0.8063636712658095,1472,1472,1415,True,ok
5,35,Awake,60,processed,21,14277134921737148450,38.02795747331068,25.002500250041432,8,0.16,4,0.4690500923412277,12,0.8,1.3,5.0,0.5097840460786375,0.8618706082351301,1472,1472,1409,True,ok
5,35,Awake,60,processed,22,5303818500179274615,38.02795747331068,25.002500250041432,8,0.16,4,0.4690500923412277,12,0.8,1.3,5.0,0.4872139243535704,0.8774896196046177,1472,1472,1416,True,ok
5,35,Awake,60,processed,23,5307869871476585493,38.02795747331068,25.002500250041432,8,0.16,4,0.4690500923412277,12,0.8,1.3,5.0,0.6331568857819415,0.942775046350332,1472,1472,1375,True,ok
5,35,Awake,60,processed,24,12041506056769784168,38.02795747331068,25.002500250041432,8,0.16,4,0.4690500923412277,12,0.8,1.3,5.0,0.6337571638696522,0.9543540170200757,1472,1472,1416,True,ok
5,35,Awake,60,processed,25,9855942403604453768,38.02795747331068,25.002500250041432,8,0.16,4,0.4690500923412277,12,0.8,1.3,5.0,0.6100706038638655,0.9774671465803888,1472,1472,1423,True,ok
5,35,Awake,60,processed,26,2195596092564500791,38.02795747331068,25.002500250041432,8,0.16,4,0.4690500923412277,12,0.8,1.3,5.0,0.5771425547556208,0.9729519135412114,1472,1472,1401,True,ok
5,35,Awake,60,processed,27,10938835178201473065,38.02795747331068,25.002500250041432,8,0.16,4,0.4690500923412277,12,0.8,1.3,5.0,0.4671200520010227,0.8918639225649552,1472,1472,1411,True,ok
5,35,Awake,60,processed,28,8437089715057775706,38.02795747331068,25.002500250041432,8,0.16,4,0.4690500923412277,12,0.8,1.3,5.0,0.6040558444336609,0.9616023877341315,1472,1472,1416,True,ok
5,35,Awake,60,processed,29,2419131672120648045,38.02795747331068,25.002500250041432,8,0.16,4,0.4690500923412277,12,0.8,1.3,5.0,0.5279119322847453,0.9073312545039963,1472,1472,1411,True,ok
5,35,Awake,60,processed,30,3838718064955283582,38.02795747331068,25.002500250041432,8,0.16,4,0.4690500923412277,12,0.8,1.3,5.0,0.5878991612516745,0.8496320311332459,1472,1472,1410,True,ok
5,35,Awake,60,processed,31,15428999006715113350,38.02795747331068,25.002500250041432,8,0.16,4,0.4690500923412277,12,0.8,1.3,5.0,0.5189386102465302,0.8327135075250189,1472,1472,1411,True,ok
5,35,Awake,60,processed,32,5975993358862610180,38.02795747331068,25.002500250041432,8,0.16,4,0.4690500923412277,12,0.8,1.3,5.0,0.5744145569158996,0.9165198912669918,1472,1472,1403,True,ok
5,35,Awake,60,processed,33,16409968557524325717,38.02795747331068,25.002500250041432,8,0.16,4,0.4690500923412277,12,0.8,1.3,5.0,0.5329794940775928,0.9475273947712973,1472,1472,1429,True,ok
5,35,Awake,60,processed,34,17447367769928829147,38.02795747331068,25.002500250041432,8,0.16,4,0.4690500923412277,12,0.8,1.3,5.0,0.48947661392671954,0.8577418386943518,1472,1472,1389,True,ok
5,35,Awake,60,processed,35,17593788603670097658,38.02795747331068,25.002500250041432,8,0.16,4,0.4690500923412277,12,0.8,1.3,5.0,0.587374339715537,0.9154186162462646,1472,1472,1427,True,ok
5,35,Awake,60,processed,36,6413934765638253162,38.02795747331068,25.002500250041432,8,0.16,4,0.4690500923412277,12,0.8,1.3,5.0,0.5187100203518447,0.8309549035349465,1472,1472,1421,True,ok
5,35,Awake,60,processed,37,4140721034894498261,38.02795747331068,25.002500250041432,8,0.16,4,0.4690500923412277,12,0.8,1.3,5.0,0.5563575649570984,0.8975360702469083,1472,1472,1383,True,ok
5,35,Awake,60,processed,38,7327294854590015272,38.02795747331068,25.002500250041432,8,0.16,4,0.4690500923412277,12,0.8,1.3,5.0,0.6805929654420433,0.9367112458451503,1472,1472,1421,True,ok
5,35,Awake,60,processed,39,1399653205175791400,38.02795747331068,25.002500250041432,8,0.16,4,0.4690500923412277,12,0.8,1.3,5.0,0.5365537902380643,0.8992295935414643,1472,1472,1403,True,ok
5,36,Awake,60,processed,1,220252598702950397,38.02795747331068,25.002500250041432,8,0.16,4,0.4645826522093368,12,0.8,1.3,5.0,0.555135762856717,0.940874072222033,1472,1472,1410,True,ok
5,36,Awake,60,processed,2,2847026245525281508,38.02795747331068,25.002500250041432,8,0.16,4,0.4645826522093368,12,0.8,1.3,5.0,0.6148170999969849,0.9551884904469398,1472,1472,1426,True,ok
5,36,Awake,60,processed,3,4360468172989224814,38.02795747331068,25.002500250041432,8,0.16,4,0.4645826522093368,12,0.8,1.3,5.0,0.557112552187564,0.8397491297083601,1472,1472,1406,True,ok
5,36,Awake,60,processed,4,4443817364238457301,38.02795747331068,25.002500250041432,8,0.16,4,0.4645826522093368,12,0.8,1.3,5.0,0.4683754034249362,0.8806677109941556,1472,1472,1414,True,ok
5,36,Awake,60,processed,5,6582024369267254694,38.02795747331068,25.002500250041432,8,0.16,4,0.4645826522093368,12,0.8,1.3,5.0,0.5257834989934964,0.9380902602675203,1472,1472,1427,True,ok
5,36,Awake,60,processed,6,5889394053063311407,38.02795747331068,25.002500250041432,8,0.16,4,0.4645826522093368,12,0.8,1.3,5.0,0.5586627094394448,0.9513793194294554,1472,1472,1424,True,ok
5,36,Awake,60,processed,7,18212633156396193307,38.02795747331068,25.002500250041432,8,0.16,4,0.4645826522093368,12,0.8,1.3,5.0,0.5873455413321391,0.9638347885140964,1472,1472,1423,True,ok
5,36,Awake,60,processed,8,15143158099219010289,38.02795747331068,25.002500250041432,8,0.16,4,0.4645826522093368,12,0.8,1.3,5.0,0.5491211683793638,0.8810440153911628,1472,1472,1406,True,ok
5,36,Awake,60,processed,9,895030822276499946,38.02795747331068,25.002500250041432,8,0.16,4,0.4645826522093368,12,0.8,1.3,5.0,0.5462923199874827,0.9722415792307018,1472,1472,1418,True,ok
5,36,Awake,60,processed,10,10931871597768798459,38.02795747331068,25.002500250041432,8,0.16,4,0.4645826522093368,12,0.8,1.3,5.0,0.5018514176396126,0.9220819776611485,1472,1472,1401,True,ok
5,36,Awake,60,processed,11,12934604501883574134,38.02795747331068,25.002500250041432,8,0.16,4,0.4645826522093368,12,0.8,1.3,5.0,0.527476066514384,0.8553474178616615,1472,1472,1406,True,ok
5,36,Awake,60,processed,12,7616189796773618542,38.02795747331068,25.002500250041432,8,0.16,4,0.4645826522093368,12,0.8,1.3,5.0,0.509577015898065,0.898917572832969,1472,1472,1404,True,ok
5,36,Awake,60,processed,13,6170102940716118867,38.02795747331068,25.002500250041432,8,0.16,4,0.4645826522093368,12,0.8,1.3,5.0,0.5048035435222797,0.8879889985192241,1472,1472,1398,True,ok
5,36,Awake,60,processed,14,2607432522522981276,38.02795747331068,25.002500250041432,8,0.16,4,0.4645826522093368,12,0.8,1.3,5.0,0.5666187189473936,0.9654700456218279,1472,1472,1417,True,ok
5,36,Awake,60,processed,15,15028144593551273883,38.02795747331068,25.002500250041432,8,0.16,4,0.4645826522093368,12,0.8,1.3,5.0,0.5369297858385196,0.8941940139424118,1472,1472,1389,True,ok
5,36,Awake,60,processed,16,9824460790913551394,38.02795747331068,25.002500250041432,8,0.16,4,0.4645826522093368,12,0.8,1.3,5.0,0.5043365528695873,0.9026218950512401,1472,1472,1416,True,ok
5,36,Awake,60,processed,17,1521513066737085807,38.02795747331068,25.002500250041432,8,0.16,4,0.4645826522093368,12,0.8,1.3,5.0,0.5132856828027653,0.875491642781721,1472,1472,1413,True,ok
5,36,Awake,60,processed,18,971704177735043113,38.02795747331068,25.002500250041432,8,0.16,4,0.4645826522093368,12,0.8,1.3,5.0,0.5052384193815728,0.8421330287365042,1472,1472,1429,True,ok
5,36,Awake,60,processed,19,14401790050971667961,38.02795747331068,25.002500250041432,8,0.16,4,0.4645826522093368,12,0.8,1.3,5.0,0.5928525459486597,0.9163401248212198,1472,1472,1397,True,ok
5,36,Awake,60,processed,20,15756213946881067985,38.02795747331068,25.002500250041432,8,0.16,4,0.4645826522093368,12,0.8,1.3,5.0,0.5810405797866652,0.9226208506683788,1472,1472,1414,True,ok
5,36,Awake,60,processed,21,13161249247812028843,38.02795747331068,25.002500250041432,8,0.16,4,0.4645826522093368,12,0.8,1.3,5.0,0.4577277222316566,0.7463837213827618,1472,1472,1402,True,ok
5,36,Awake,60,processed,22,8637593434198474369,38.02795747331068,25.002500250041432,8,0.16,4,0.4645826522093368,12,0.8,1.3,5.0,0.5756074202988851,0.9573385334261835,1472,1472,1400,True,ok
5,36,Awake,60,processed,23,12540498987789214041,38.02795747331068,25.002500250041432,8,0.16,4,0.4645826522093368,12,0.8,1.3,5.0,0.5822350583035645,0.9312046172445965,1472,1472,1391,True,ok
5,36,Awake,60,processed,24,453122358690960206,38.02795747331068,25.002500250041432,8,0.16,4,0.4645826522093368,12,0.8,1.3,5.0,0.5466648335148712,0.9867601926357178,1472,1472,1425,True,ok
5,36,Awake,60,processed,25,11472155332112298665,38.02795747331068,25.002500250041432,8,0.16,4,0.4645826522093368,12,0.8,1.3,5.0,0.49641207502461693,0.9260880385361967,1472,1472,1409,True,ok
5,36,Awake,60,processed,26,5402696087643057977,38.02795747331068,25.002500250041432,8,0.16,4,0.4645826522093368,12,0.8,1.3,5.0,0.534606105041311,0.9385654717984099,1472,1472,1412,True,ok
5,36,Awake,60,processed,27,5889052195015991509,38.02795747331068,25.002500250041432,8,0.16,4,0.4645826522093368,12,0.8,1.3,5.0,0.6025606340274371,0.8971201446081372,1472,1472,1419,True,ok
5,36,Awake,60,processed,28,3082858817902511108,38.02795747331068,25.002500250041432,8,0.16,4,0.4645826522093368,12,0.8,1.3,5.0,0.5782924599929071,0.9329283461578369,1472,1472,1413,True,ok
5,36,Awake,60,processed,29,7531299517458190431,38.02795747331068,25.002500250041432,8,0.16,4,0.4645826522093368,12,0.8,1.3,5.0,0.5700007304684878,0.9293871041321164,1472,1472,1411,True,ok
5,36,Awake,60,processed,30,1172344719227044776,38.02795747331068,25.002500250041432,8,0.16,4,0.4645826522093368,12,0.8,1.3,5.0,0.4996997983192751,0.9418879483774425,1472,1472,1408,True,ok
5,36,Awake,60,processed,31,7222246009141706696,38.02795747331068,25.002500250041432,8,0.16,4,0.4645826522093368,12,0.8,1.3,5.0,0.5570565765661422,0.9287089520773081,1472,1472,1416,True,ok
5,36,Awake,60,processed,32,12260180123181901246,38.02795747331068,25.002500250041432,8,0.16,4,0.4645826522093368,12,0.8,1.3,5.0,0.5247408348568827,0.9129164301075743,1472,1472,1407,True,ok
5,36,Awake,60,processed,33,3251548739552872256,38.02795747331068,25.002500250041432,8,0.16,4,0.4645826522093368,12,0.8,1.3,5.0,0.5661669025393115,0.9850548336920015,1472,1472,1416,True,ok
5,36,Awake,60,processed,34,3948696922778616705,38.02795747331068,25.002500250041432,8,0.16,4,0.4645826522093368,12,0.8,1.3,5.0,0.5940939410591608,0.9253094851140098,1472,1472,1400,True,ok
5,36,Awake,60,processed,35,3760601087899423754,38.02795747331068,25.002500250041432,8,0.16,4,0.4645826522093368,12,0.8,1.3,5.0,0.6315216749323613,0.9793773019372932,1472,1472,1396,True,ok
5,36,Awake,60,processed,36,4847799822201940785,38.02795747331068,25.002500250041432,8,0.16,4,0.4645826522093368,12,0.8,1.3,5.0,0.5583091610453674,0.8821061829408141,1472,1472,1416,True,ok
5,36,Awake,60,processed,37,5296659023162967696,38.02795747331068,25.002500250041432,8,0.16,4,0.4645826522093368,12,0.8,1.3,5.0,0.5360162416542005,0.9326965297383742,1472,1472,1403,True,ok
5,36,Awake,60,processed,38,17956032179606697708,38.02795747331068,25.002500250041432,8,0.16,4,0.4645826522093368,12,0.8,1.3,5.0,0.6527484511646212,0.9802934728470131,1472,1472,1416,True,ok
5,36,Awake,60,processed,39,3032372101013751710,38.02795747331068,25.002500250041432,8,0.16,4,0.4645826522093368,12,0.8,1.3,5.0,0.5922114188453445,0.9470693076556203,1472,1472,1409,True,ok
5,37,Awake,60,processed,1,17674287829288073820,45.73050519273266,25.002500250041432,8,0.16,4,0.4659554246900769,12,0.8,1.3,5.0,0.42430687929584415,0.8198405848463217,1472,1472,1408,True,ok
5,37,Awake,60,processed,2,14968854810731565327,45.73050519273266,25.002500250041432,8,0.16,4,0.4659554246900769,12,0.8,1.3,5.0,0.4691843687818068,0.7567665979526258,1472,1472,1420,True,ok
5,37,Awake,60,processed,3,1527275966862556043,45.73050519273266,25.002500250041432,8,0.16,4,0.4659554246900769,12,0.8,1.3,5.0,0.4780905062682898,0.8766202713063456,1472,1472,1435,True,ok
5,37,Awake,60,processed,4,4056628757916824630,45.73050519273266,25.002500250041432,8,0.16,4,0.4659554246900769,12,0.8,1.3,5.0,0.5307157962087227,0.9632679543030849,1472,1472,1414,True,ok
5,37,Awake,60,processed,5,2158614596706405432,45.73050519273266,25.002500250041432,8,0.16,4,0.4659554246900769,12,0.8,1.3,5.0,0.5155949633801402,0.9227697183034751,1472,1472,1414,True,ok
5,37,Awake,60,processed,6,14417946983915790319,45.73050519273266,25.002500250041432,8,0.16,4,0.4659554246900769,12,0.8,1.3,5.0,0.5139004842699745,0.8041386113276214,1472,1472,1407,True,ok
5,37,Awake,60,processed,7,13254467293285409300,45.73050519273266,25.002500250041432,8,0.16,4,0.4659554246900769,12,0.8,1.3,5.0,0.5112979008111254,0.8823587214955433,1472,1472,1398,True,ok
5,37,Awake,60,processed,8,16868964092431699793,45.73050519273266,25.002500250041432,8,0.16,4,0.4659554246900769,12,0.8,1.3,5.0,0.4364713810911473,0.7943095957725145,1472,1472,1409,True,ok
5,37,Awake,60,processed,9,15386181933562900157,45.73050519273266,25.002500250041432,8,0.16,4,0.4659554246900769,12,0.8,1.3,5.0,0.5548300939665302,0.9413806002273797,1472,1472,1373,True,ok
5,37,Awake,60,processed,10,190907599560522040,45.73050519273266,25.002500250041432,8,0.16,4,0.4659554246900769,12,0.8,1.3,5.0,0.48093493193706754,0.9318669032686867,1472,1472,1415,True,ok
5,37,Awake,60,processed,11,12496710589478133913,45.73050519273266,25.002500250041432,8,0.16,4,0.4659554246900769,12,0.8,1.3,5.0,0.44505127509354325,0.824605594342706,1472,1472,1416,True,ok
5,37,Awake,60,processed,12,13255011866918498005,45.73050519273266,25.002500250041432,8,0.16,4,0.4659554246900769,12,0.8,1.3,5.0,0.4208075438598706,0.8798620127239299,1472,1472,1422,True,ok
5,37,Awake,60,processed,13,14368887890849774465,45.73050519273266,25.002500250041432,8,0.16,4,0.4659554246900769,12,0.8,1.3,5.0,0.4564319879271701,0.8554856629838807,1472,1472,1402,True,ok
5,37,Awake,60,processed,14,12200048612946505885,45.73050519273266,25.002500250041432,8,0.16,4,0.4659554246900769,12,0.8,1.3,5.0,0.49523463184141475,0.9124824608691935,1472,1472,1404,True,ok
5,37,Awake,60,processed,15,9759647904754217463,45.73050519273266,25.002500250041432,8,0.16,4,0.4659554246900769,12,0.8,1.3,5.0,0.5056684222083169,0.8767084769553132,1472,1472,1409,True,ok
5,37,Awake,60,processed,16,521112956897271672,45.73050519273266,25.002500250041432,8,0.16,4,0.4659554246900769,12,0.8,1.3,5.0,0.4188070085540185,0.788885456338809,1472,1472,1417,True,ok
5,37,Awake,60,processed,17,10021057614257013939,45.73050519273266,25.002500250041432,8,0.16,4,0.4659554246900769,12,0.8,1.3,5.0,0.501790490341066,0.9493366223726404,1472,1472,1388,True,ok
5,37,Awake,60,processed,18,5881589294312416959,45.73050519273266,25.002500250041432,8,0.16,4,0.4659554246900769,12,0.8,1.3,5.0,0.44570320298334093,0.9189597115866112,1472,1472,1406,True,ok
5,37,Awake,60,processed,19,9669918041876494224,45.73050519273266,25.002500250041432,8,0.16,4,0.4659554246900769,12,0.8,1.3,5.0,0.4678441712747266,0.8249423133337953,1472,1472,1412,True,ok
5,37,Awake,60,processed,20,18408366677034500362,45.73050519273266,25.002500250041432,8,0.16,4,0.4659554246900769,12,0.8,1.3,5.0,0.4757321057224261,0.8639877921472848,1472,1472,1416,True,ok
5,37,Awake,60,processed,21,13197405710806409872,45.73050519273266,25.002500250041432,8,0.16,4,0.4659554246900769,12,0.8,1.3,5.0,0.524179165601741,0.9091675112828226,1472,1472,1425,True,ok
5,37,Awake,60,processed,22,8431143843353142427,45.73050519273266,25.002500250041432,8,0.16,4,0.4659554246900769,12,0.8,1.3,5.0,0.5591234192028922,0.9638179996885715,1472,1472,1412,True,ok
5,37,Awake,60,processed,23,4107822006750325853,45.73050519273266,25.002500250041432,8,0.16,4,0.4659554246900769,12,0.8,1.3,5.0,0.4335493127865929,0.8157215501211807,1472,1472,1425,True,ok
5,37,Awake,60,processed,24,15878366202387226138,45.73050519273266,25.002500250041432,8,0.16,4,0.4659554246900769,12,0.8,1.3,5.0,0.46158291794337014,0.8185138690051826,1472,1472,1410,True,ok
5,37,Awake,60,processed,25,6663990321008065587,45.73050519273266,25.002500250041432,8,0.16,4,0.4659554246900769,12,0.8,1.3,5.0,0.49611726891230196,0.8171686641467842,1472,1472,1405,True,ok
5,37,Awake,60,processed,26,7018807721108791481,45.73050519273266,25.002500250041432,8,0.16,4,0.4659554246900769,12,0.8,1.3,5.0,0.4471791268062567,0.8489883573836442,1472,1472,1405,True,ok
5,37,Awake,60,processed,27,14154197825842379531,45.73050519273266,25.002500250041432,8,0.16,4,0.4659554246900769,12,0.8,1.3,5.0,0.49598192664813395,0.9485693843753725,1472,1472,1416,True,ok
5,37,Awake,60,processed,28,16706354394173992897,45.73050519273266,25.002500250041432,8,0.16,4,0.4659554246900769,12,0.8,1.3,5.0,0.4628371702226308,0.940835683640822,1472,1472,1384,True,ok
5,37,Awake,60,processed,29,2757084235447671263,45.73050519273266,25.002500250041432,8,0.16,4,0.4659554246900769,12,0.8,1.3,5.0,0.5565631360077883,0.8993216416977616,1472,1472,1388,True,ok
5,37,Awake,60,processed,30,9575505164948555696,45.73050519273266,25.002500250041432,8,0.16,4,0.4659554246900769,12,0.8,1.3,5.0,0.5033354216603784,0.9365254709806035,1472,1472,1420,True,ok
5,37,Awake,60,processed,31,12530242857179784538,45.73050519273266,25.002500250041432,8,0.16,4,0.4659554246900769,12,0.8,1.3,5.0,0.5164408055863532,0.9085135143041775,1472,1472,1418,True,ok
5,37,Awake,60,processed,32,10783067169244758017,45.73050519273266,25.002500250041432,8,0.16,4,0.4659554246900769,12,0.8,1.3,5.0,0.5534524856980033,0.9352419769358743,1472,1472,1423,True,ok
5,37,Awake,60,processed,33,4140819825483186412,45.73050519273266,25.002500250041432,8,0.16,4,0.4659554246900769,12,0.8,1.3,5.0,0.450305751519267,0.7373262226477796,1472,1472,1402,True,ok
5,37,Awake,60,processed,34,8211316340769491528,45.73050519273266,25.002500250041432,8,0.16,4,0.4659554246900769,12,0.8,1.3,5.0,0.447847414886021,0.7678125878257008,1472,1472,1404,True,ok
5,37,Awake,60,processed,35,17315622266216717678,45.73050519273266,25.002500250041432,8,0.16,4,0.4659554246900769,12,0.8,1.3,5.0,0.5283585245725685,0.8271296049174405,1472,1472,1414,True,ok
5,37,Awake,60,processed,36,2530319305086867705,45.73050519273266,25.002500250041432,8,0.16,4,0.4659554246900769,12,0.8,1.3,5.0,0.5057386148040107,0.9185304501734054,1472,1472,1399,True,ok
5,37,Awake,60,processed,37,16791164540375135483,45.73050519273266,25.002500250041432,8,0.16,4,0.4659554246900769,12,0.8,1.3,5.0,0.4948786110406404,0.8835300966485172,1472,1472,1414,True,ok
5,37,Awake,60,processed,38,9736809145248024662,45.73050519273266,25.002500250041432,8,0.16,4,0.4659554246900769,12,0.8,1.3,5.0,0.5589698569453986,0.864716708078722,1472,1472,1416,True,ok
5,37,Awake,60,processed,39,16078926017229876556,45.73050519273266,25.002500250041432,8,0.16,4,0.4659554246900769,12,0.8,1.3,5.0,0.5595345840913061,0.872710209078354,1472,1472,1424,True,ok
5,38,Awake,60,processed,1,3661963959091701126,38.02795747331068,25.002500250041432,8,0.16,4,0.4606374998546853,12,0.8,1.3,5.0,0.5058422354090469,0.9074330966464201,1472,1466,1413,True,ok
5,38,Awake,60,processed,2,3819251001587967908,38.02795747331068,25.002500250041432,8,0.16,4,0.4606374998546853,12,0.8,1.3,5.0,0.5191018997931581,0.8238885117598077,1472,1472,1403,True,ok
5,38,Awake,60,processed,3,4820507556338218030,38.02795747331068,25.002500250041432,8,0.16,4,0.4606374998546853,12,0.8,1.3,5.0,0.5578730450872484,0.9559267533216115,1472,1472,1423,True,ok
5,38,Awake,60,processed,4,4660153370834670018,38.02795747331068,25.002500250041432,8,0.16,4,0.4606374998546853,12,0.8,1.3,5.0,0.5225290795211823,0.9079808105465809,1472,1472,1413,True,ok
5,38,Awake,60,processed,5,902907351495499216,38.02795747331068,25.002500250041432,8,0.16,4,0.4606374998546853,12,0.8,1.3,5.0,0.4379168719687143,0.7542699442066684,1472,1472,1414,True,ok
5,38,Awake,60,processed,6,10673433403501544529,38.02795747331068,25.002500250041432,8,0.16,4,0.4606374998546853,12,0.8,1.3,5.0,0.561647317791998,0.898795374861753,1472,1472,1427,True,ok
5,38,Awake,60,processed,7,3249119773505504471,38.02795747331068,25.002500250041432,8,0.16,4,0.4606374998546853,12,0.8,1.3,5.0,0.5176420472982747,0.9055804347007792,1472,1472,1382,True,ok
5,38,Awake,60,processed,8,380869621360476572,38.02795747331068,25.002500250041432,8,0.16,4,0.4606374998546853,12,0.8,1.3,5.0,0.4646313482581033,0.8751973649486244,1472,1472,1402,True,ok
5,38,Awake,60,processed,9,13550100897694877502,38.02795747331068,25.002500250041432,8,0.16,4,0.4606374998546853,12,0.8,1.3,5.0,0.4406812645519807,0.8302162460517168,1472,1472,1417,True,ok
5,38,Awake,60,processed,10,16468837492484546454,38.02795747331068,25.002500250041432,8,0.16,4,0.4606374998546853,12,0.8,1.3,5.0,0.43195325195608425,0.8025160112240398,1472,1472,1405,True,ok
5,38,Awake,60,processed,11,8370025586115888,38.02795747331068,25.002500250041432,8,0.16,4,0.4606374998546853,12,0.8,1.3,5.0,0.5351224417236911,0.9090692821220612,1472,1472,1424,True,ok
5,38,Awake,60,processed,12,9766965647512109094,38.02795747331068,25.002500250041432,8,0.16,4,0.4606374998546853,12,0.8,1.3,5.0,0.4607411801764055,0.9390009190637879,1472,1472,1409,True,ok
5,38,Awake,60,processed,13,3350462873128077,38.02795747331068,25.002500250041432,8,0.16,4,0.4606374998546853,12,0.8,1.3,5.0,0.5133169152765179,0.8706275075626906,1472,1472,1379,True,ok
5,38,Awake,60,processed,14,16544449363023672402,38.02795747331068,25.002500250041432,8,0.16,4,0.4606374998546853,12,0.8,1.3,5.0,0.5317094355558514,0.9645922884077639,1472,1472,1423,True,ok
5,38,Awake,60,processed,15,17116674734796930900,38.02795747331068,25.002500250041432,8,0.16,4,0.4606374998546853,12,0.8,1.3,5.0,0.5245977131470373,0.9264853369620074,1472,1472,1398,True,ok
5,38,Awake,60,processed,16,13841177483620927568,38.02795747331068,25.002500250041432,8,0.16,4,0.4606374998546853,12,0.8,1.3,5.0,0.4870987556530777,0.9372048901947035,1472,1472,1403,True,ok
5,38,Awake,60,processed,17,16632823439135684597,38.02795747331068,25.002500250041432,8,0.16,4,0.4606374998546853,12,0.8,1.3,5.0,0.45468085267576236,0.8843432663675407,1472,1472,1402,True,ok
5,38,Awake,60,processed,18,8517841836727329932,38.02795747331068,25.002500250041432,8,0.16,4,0.4606374998546853,12,0.8,1.3,5.0,0.6162227356829787,0.9737848559767903,1472,1472,1371,True,ok
5,38,Awake,60,processed,19,15729940097523191617,38.02795747331068,25.002500250041432,8,0.16,4,0.4606374998546853,12,0.8,1.3,5.0,0.52791539610216,0.9460565918567009,1472,1472,1407,True,ok
5,38,Awake,60,processed,20,9799089696239364106,38.02795747331068,25.002500250041432,8,0.16,4,0.4606374998546853,12,0.8,1.3,5.0,0.5523139762450618,0.8991791260893718,1472,1472,1412,True,ok
5,38,Awake,60,processed,21,14246672077732914881,38.02795747331068,25.002500250041432,8,0.16,4,0.4606374998546853,12,0.8,1.3,5.0,0.5259213178539929,0.820260204583896,1472,1472,1427,True,ok
5,38,Awake,60,processed,22,13798784892825815061,38.02795747331068,25.002500250041432,8,0.16,4,0.4606374998546853,12,0.8,1.3,5.0,0.5361679945091429,0.9352059175719977,1472,1472,1401,True,ok
5,38,Awake,60,processed,23,16098018116634927568,38.02795747331068,25.002500250041432,8,0.16,4,0.4606374998546853,12,0.8,1.3,5.0,0.45322933649922287,0.884049829154396,1472,1472,1409,True,ok
5,38,Awake,60,processed,24,4120031397351127577,38.02795747331068,25.002500250041432,8,0.16,4,0.4606374998546853,12,0.8,1.3,5.0,0.5520514813826556,0.9331328052360045,1472,1472,1401,True,ok
5,38,Awake,60,processed,25,6455063382513269718,38.02795747331068,25.002500250041432,8,0.16,4,0.4606374998546853,12,0.8,1.3,5.0,0.47438545480256633,0.8760422476629905,1472,1472,1407,True,ok
5,38,Awake,60,processed,26,11795818642526395379,38.02795747331068,25.002500250041432,8,0.16,4,0.4606374998546853,12,0.8,1.3,5.0,0.5434795342790745,0.8488371751691777,1472,1472,1413,True,ok
5,38,Awake,60,processed,27,6173651867121998208,38.02795747331068,25.002500250041432,8,0.16,4,0.4606374998546853,12,0.8,1.3,5.0,0.5195003562965287,0.8665934762333158,1472,1472,1412,True,ok
5,38,Awake,60,processed,28,4031631426450532840,38.02795747331068,25.002500250041432,8,0.16,4,0.4606374998546853,12,0.8,1.3,5.0,0.576196368242807,0.9496668439494437,1472,1472,1407,True,ok
5,38,Awake,60,processed,29,12530993550741487125,38.02795747331068,25.002500250041432,8,0.16,4,0.4606374998546853,12,0.8,1.3,5.0,0.4839190912764786,0.7999769094440027,1472,1472,1406,True,ok
5,38,Awake,60,processed,30,11949440150403986216,38.02795747331068,25.002500250041432,8,0.16,4,0.4606374998546853,12,0.8,1.3,5.0,0.5657012785585017,0.942184127350036,1472,1472,1408,True,ok
5,38,Awake,60,processed,31,6582656933207754680,38.02795747331068,25.002500250041432,8,0.16,4,0.4606374998546853,12,0.8,1.3,5.0,0.5177303143655317,0.9381918821633448,1472,1472,1398,True,ok
5,38,Awake,60,processed,32,16672594826311751682,38.02795747331068,25.002500250041432,8,0.16,4,0.4606374998546853,12,0.8,1.3,5.0,0.5263168799162149,0.9453183741995773,1472,1472,1438,True,ok
5,38,Awake,60,processed,33,7469165242330118332,38.02795747331068,25.002500250041432,8,0.16,4,0.4606374998546853,12,0.8,1.3,5.0,0.509171470793777,0.8866019459309354,1472,1472,1397,True,ok
5,38,Awake,60,processed,34,817995845262695151,38.02795747331068,25.002500250041432,8,0.16,4,0.4606374998546853,12,0.8,1.3,5.0,0.5438403677283378,0.9637833059991737,1472,1466,1404,True,ok
5,38,Awake,60,processed,35,7652374379277526380,38.02795747331068,25.002500250041432,8,0.16,4,0.4606374998546853,12,0.8,1.3,5.0,0.5273310896721564,0.8930738915614589,1472,1472,1420,True,ok
5,38,Awake,60,processed,36,8008304464588220654,38.02795747331068,25.002500250041432,8,0.16,4,0.4606374998546853,12,0.8,1.3,5.0,0.5558917914666038,0.9684513788729151,1472,1472,1398,True,ok
5,38,Awake,60,processed,37,17678741281069497231,38.02795747331068,25.002500250041432,8,0.16,4,0.4606374998546853,12,0.8,1.3,5.0,0.5472672724800266,0.9178640355635796,1472,1472,1394,True,ok
5,38,Awake,60,processed,38,15380162871745787116,38.02795747331068,25.002500250041432,8,0.16,4,0.4606374998546853,12,0.8,1.3,5.0,0.4315374871687896,0.7646595970173623,1472,1472,1403,True,ok
5,38,Awake,60,processed,39,13120149237800991743,38.02795747331068,25.002500250041432,8,0.16,4,0.4606374998546853,12,0.8,1.3,5.0,0.47802415649828134,0.8821123567047624,1472,1472,1370,True,ok
5,39,Awake,60,processed,1,10702157764265334764,45.73050519273266,25.002500250041432,8,0.16,4,0.493336992069327,12,0.8,1.3,5.0,0.4510015332195531,0.8655319471623556,1472,1472,1418,True,ok
5,39,Awake,60,processed,2,15949350296666123914,45.73050519273266,25.002500250041432,8,0.16,4,0.493336992069327,12,0.8,1.3,5.0,0.477280040092949,0.871516310637089,1472,1472,1413,True,ok
5,39,Awake,60,processed,3,13195623978047572207,45.73050519273266,25.002500250041432,8,0.16,4,0.493336992069327,12,0.8,1.3,5.0,0.4562685853203375,0.8818187409208185,1472,1472,1422,True,ok
5,39,Awake,60,processed,4,10191424697565944574,45.73050519273266,25.002500250041432,8,0.16,4,0.493336992069327,12,0.8,1.3,5.0,0.46879245811825204,0.8982952460072229,1472,1472,1411,True,ok
5,39,Awake,60,processed,5,4452784749289720768,45.73050519273266,25.002500250041432,8,0.16,4,0.493336992069327,12,0.8,1.3,5.0,0.4546905768634056,0.8286702434259764,1472,1472,1406,True,ok
5,39,Awake,60,processed,6,16357965949893010392,45.73050519273266,25.002500250041432,8,0.16,4,0.493336992069327,12,0.8,1.3,5.0,0.3726613008722462,0.9076052551515714,1472,1472,1404,True,ok
5,39,Awake,60,processed,7,17231002152626009768,45.73050519273266,25.002500250041432,8,0.16,4,0.493336992069327,12,0.8,1.3,5.0,0.44015209837916736,0.8793189662775301,1472,1472,1410,True,ok
5,39,Awake,60,processed,8,13152160934885912392,45.73050519273266,25.002500250041432,8,0.16,4,0.493336992069327,12,0.8,1.3,5.0,0.48514604973264563,0.9126495136099173,1472,1472,1405,True,ok
5,39,Awake,60,processed,9,9195659538610645259,45.73050519273266,25.002500250041432,8,0.16,4,0.493336992069327,12,0.8,1.3,5.0,0.4725999990288324,0.9134149390315303,1472,1472,1432,True,ok
5,39,Awake,60,processed,10,14894927316658564061,45.73050519273266,25.002500250041432,8,0.16,4,0.493336992069327,12,0.8,1.3,5.0,0.4876207508497949,0.9324457266054909,1472,1472,1391,True,ok
5,39,Awake,60,processed,11,1686487750587874631,45.73050519273266,25.002500250041432,8,0.16,4,0.493336992069327,12,0.8,1.3,5.0,0.5708772917829243,0.9505719594246564,1472,1470,1407,True,ok
5,39,Awake,60,processed,12,1980741403478580330,45.73050519273266,25.002500250041432,8,0.16,4,0.493336992069327,12,0.8,1.3,5.0,0.4871687538701616,0.9167171916486085,1472,1472,1399,True,ok
5,39,Awake,60,processed,13,3372870410063071429,45.73050519273266,25.002500250041432,8,0.16,4,0.493336992069327,12,0.8,1.3,5.0,0.48076824595348094,0.803563180923496,1472,1472,1414,True,ok
5,39,Awake,60,processed,14,6412678959298139215,45.73050519273266,25.002500250041432,8,0.16,4,0.493336992069327,12,0.8,1.3,5.0,0.5282223168347914,0.875151771069158,1472,1472,1409,True,ok
5,39,Awake,60,processed,15,3789166710871158939,45.73050519273266,25.002500250041432,8,0.16,4,0.493336992069327,12,0.8,1.3,5.0,0.40961863198260134,0.8035351303928706,1472,1472,1419,True,ok
5,39,Awake,60,processed,16,2918304177237750153,45.73050519273266,25.002500250041432,8,0.16,4,0.493336992069327,12,0.8,1.3,5.0,0.424547922572175,0.826483396004523,1472,1472,1410,True,ok
5,39,Awake,60,processed,17,3317511539122554551,45.73050519273266,25.002500250041432,8,0.16,4,0.493336992069327,12,0.8,1.3,5.0,0.4941916282288068,0.9252043994826165,1472,1472,1415,True,ok
5,39,Awake,60,processed,18,4388025142932678851,45.73050519273266,25.002500250041432,8,0.16,4,0.493336992069327,12,0.8,1.3,5.0,0.4416940259617841,0.8804161353465875,1472,1472,1418,True,ok
5,39,Awake,60,processed,19,16303824826736532397,45.73050519273266,25.002500250041432,8,0.16,4,0.493336992069327,12,0.8,1.3,5.0,0.43525389447405094,0.8317774416945409,1472,1472,1378,True,ok
5,39,Awake,60,processed,20,11863404165277731315,45.73050519273266,25.002500250041432,8,0.16,4,0.493336992069327,12,0.8,1.3,5.0,0.4312617409396373,0.8726929970729106,1472,1472,1402,True,ok
5,39,Awake,60,processed,21,3993522265110551248,45.73050519273266,25.002500250041432,8,0.16,4,0.493336992069327,12,0.8,1.3,5.0,0.4752195383318343,0.9358573868789443,1472,1472,1424,True,ok
5,39,Awake,60,processed,22,16894542557330009354,45.73050519273266,25.002500250041432,8,0.16,4,0.493336992069327,12,0.8,1.3,5.0,0.4629112992442343,0.8001883635126003,1472,1472,1390,True,ok
5,39,Awake,60,processed,23,15524776507795575156,45.73050519273266,25.002500250041432,8,0.16,4,0.493336992069327,12,0.8,1.3,5.0,0.5050114045666904,0.9398010264939117,1472,1472,1398,True,ok
5,39,Awake,60,processed,24,8423073886031563230,45.73050519273266,25.002500250041432,8,0.16,4,0.493336992069327,12,0.8,1.3,5.0,0.4568708154111449,0.8754888601402409,1472,1472,1392,True,ok
5,39,Awake,60,processed,25,18044703884663654121,45.73050519273266,25.002500250041432,8,0.16,4,0.493336992069327,12,0.8,1.3,5.0,0.45652457478017355,0.9460900648623185,1472,1472,1411,True,ok
5,39,Awake,60,processed,26,5104565087090933371,45.73050519273266,25.002500250041432,8,0.16,4,0.493336992069327,12,0.8,1.3,5.0,0.4699857632140276,0.9195631927924818,1472,1472,1404,True,ok
5,39,Awake,60,processed,27,14382819206208021369,45.73050519273266,25.002500250041432,8,0.16,4,0.493336992069327,12,0.8,1.3,5.0,0.4595826905309855,0.8875405471082749,1472,1472,1400,True,ok
5,39,Awake,60,processed,28,10265905671156217931,45.73050519273266,25.002500250041432,8,0.16,4,0.493336992069327,12,0.8,1.3,5.0,0.48487721402394846,0.8936547504615814,1472,1472,1412,True,ok
5,39,Awake,60,processed,29,7162079461566448877,45.73050519273266,25.002500250041432,8,0.16,4,0.493336992069327,12,0.8,1.3,5.0,0.45033861657298035,0.8724848901591572,1472,1472,1410,True,ok
5,39,Awake,60,processed,30,7441214840727535174,45.73050519273266,25.002500250041432,8,0.16,4,0.493336992069327,12,0.8,1.3,5.0,0.43982890757152826,0.8723859905358355,1472,1472,1402,True,ok
5,39,Awake,60,processed,31,9015123244041337857,45.73050519273266,25.002500250041432,8,0.16,4,0.493336992069327,12,0.8,1.3,5.0,0.483306583157677,0.8770480703506902,1472,1472,1406,True,ok
5,39,Awake,60,processed,32,5177501504051327105,45.73050519273266,25.002500250041432,8,0.16,4,0.493336992069327,12,0.8,1.3,5.0,0.47211663917609537,0.8025674905861795,1472,1472,1387,True,ok
5,39,Awake,60,processed,33,16878850163962886118,45.73050519273266,25.002500250041432,8,0.16,4,0.493336992069327,12,0.8,1.3,5.0,0.49753970860652064,0.9077795952208927,1472,1472,1403,True,ok
5,39,Awake,60,processed,34,6612495838292910214,45.73050519273266,25.002500250041432,8,0.16,4,0.493336992069327,12,0.8,1.3,5.0,0.5133524034422404,0.9148502019509006,1472,1472,1387,True,ok
5,39,Awake,60,processed,35,9783647333184635744,45.73050519273266,25.002500250041432,8,0.16,4,0.493336992069327,12,0.8,1.3,5.0,0.5232843815698278,0.9092378678148767,1472,1472,1406,True,ok
5,39,Awake,60,processed,36,3420395807304463554,45.73050519273266,25.002500250041432,8,0.16,4,0.493336992069327,12,0.8,1.3,5.0,0.5262828784654868,0.911802199165571,1472,1472,1403,True,ok
5,39,Awake,60,processed,37,4516930588601148640,45.73050519273266,25.002500250041432,8,0.16,4,0.493336992069327,12,0.8,1.3,5.0,0.47896782664618615,0.8130910476094698,1472,1472,1411,True,ok
5,39,Awake,60,processed,38,14915840896754012174,45.73050519273266,25.002500250041432,8,0.16,4,0.493336992069327,12,0.8,1.3,5.0,0.5076485037960219,0.9227650386309005,1472,1472,1409,True,ok
5,39,Awake,60,processed,39,4856110667930071037,45.73050519273266,25.002500250041432,8,0.16,4,0.493336992069327,12,0.8,1.3,5.0,0.4662265007787714,0.7659190931612795,1472,1472,1415,True,ok
5,40,Awake,60,processed,1,5629007980121742455,45.73050519273266,25.002500250041432,8,0.16,4,0.5182221979078272,13,0.8,1.3,5.0,0.5055178112618364,0.9155426812638399,1472,1472,1400,True,ok
5,40,Awake,60,processed,2,16835030960411526510,45.73050519273266,25.002500250041432,8,0.16,4,0.5182221979078272,13,0.8,1.3,5.0,0.5241259298334386,0.9564665202539389,1472,1472,1399,True,ok
5,40,Awake,60,processed,3,13800886345072207926,45.73050519273266,25.002500250041432,8,0.16,4,0.5182221979078272,13,0.8,1.3,5.0,0.5566075355209815,0.9074307190376975,1472,1472,1398,True,ok
5,40,Awake,60,processed,4,2701812581686210970,45.73050519273266,25.002500250041432,8,0.16,4,0.5182221979078272,13,0.8,1.3,5.0,0.4569409717826138,0.9343428531470998,1472,1472,1421,True,ok
5,40,Awake,60,processed,5,13573671682590748592,45.73050519273266,25.002500250041432,8,0.16,4,0.5182221979078272,13,0.8,1.3,5.0,0.5076768801811767,0.9491682568429124,1472,1472,1389,True,ok
5,40,Awake,60,processed,6,7068976755466629068,45.73050519273266,25.002500250041432,8,0.16,4,0.5182221979078272,13,0.8,1.3,5.0,0.5105678130852013,0.9382647826552565,1472,1472,1412,True,ok
5,40,Awake,60,processed,7,5826113758889842202,45.73050519273266,25.002500250041432,8,0.16,4,0.5182221979078272,13,0.8,1.3,5.0,0.46108358093669777,0.8420704236715946,1472,1472,1411,True,ok
5,40,Awake,60,processed,8,3476016455741619513,45.73050519273266,25.002500250041432,8,0.16,4,0.5182221979078272,13,0.8,1.3,5.0,0.508741651522204,0.88758287595993,1472,1472,1421,True,ok
5,40,Awake,60,processed,9,9560904458833440925,45.73050519273266,25.002500250041432,8,0.16,4,0.5182221979078272,13,0.8,1.3,5.0,0.4611957227876077,0.8902027448614436,1472,1472,1384,True,ok
5,40,Awake,60,processed,10,17599102183858517277,45.73050519273266,25.002500250041432,8,0.16,4,0.5182221979078272,13,0.8,1.3,5.0,0.4500652468845456,0.8253337626793491,1472,1472,1402,True,ok
5,40,Awake,60,processed,11,16110885023976081086,45.73050519273266,25.002500250041432,8,0.16,4,0.5182221979078272,13,0.8,1.3,5.0,0.40555855554628845,0.8364140614122265,1472,1472,1414,True,ok
5,40,Awake,60,processed,12,12947881197189938425,45.73050519273266,25.002500250041432,8,0.16,4,0.5182221979078272,13,0.8,1.3,5.0,0.4678903717218027,0.8949696260861458,1472,1472,1392,True,ok
5,40,Awake,60,processed,13,8215493984404654945,45.73050519273266,25.002500250041432,8,0.16,4,0.5182221979078272,13,0.8,1.3,5.0,0.42449285848786894,0.8627848824920737,1472,1472,1414,True,ok
5,40,Awake,60,processed,14,3480930096625580265,45.73050519273266,25.002500250041432,8,0.16,4,0.5182221979078272,13,0.8,1.3,5.0,0.5583859253393143,0.9225450507697135,1472,1472,1382,True,ok
5,40,Awake,60,processed,15,8161542737388022736,45.73050519273266,25.002500250041432,8,0.16,4,0.5182221979078272,13,0.8,1.3,5.0,0.4414541128282784,0.8206861113899282,1472,1472,1406,True,ok
5,40,Awake,60,processed,16,13400483354787847910,45.73050519273266,25.002500250041432,8,0.16,4,0.5182221979078272,13,0.8,1.3,5.0,0.5081667701612207,0.8624040333396866,1472,1472,1409,True,ok
5,40,Awake,60,processed,17,8320936969942319326,45.73050519273266,25.002500250041432,8,0.16,4,0.5182221979078272,13,0.8,1.3,5.0,0.48116182981564,0.943992785303503,1472,1472,1419,True,ok
5,40,Awake,60,processed,18,17936751467848171602,45.73050519273266,25.002500250041432,8,0.16,4,0.5182221979078272,13,0.8,1.3,5.0,0.4361853147970711,0.8463132156150591,1472,1472,1389,True,ok
5,40,Awake,60,processed,19,2415294473173447399,45.73050519273266,25.002500250041432,8,0.16,4,0.5182221979078272,13,0.8,1.3,5.0,0.4467143508780177,0.9126985015853752,1472,1472,1402,True,ok
5,40,Awake,60,processed,20,4145115001776391859,45.73050519273266,25.002500250041432,8,0.16,4,0.5182221979078272,13,0.8,1.3,5.0,0.5099877048364477,0.9340506293480687,1472,1472,1416,True,ok
5,40,Awake,60,processed,21,15792968339865249595,45.73050519273266,25.002500250041432,8,0.16,4,0.5182221979078272,13,0.8,1.3,5.0,0.38198388378841297,0.6559564238236414,1472,1472,1384,True,ok
5,40,Awake,60,processed,22,2068509072798546541,45.73050519273266,25.002500250041432,8,0.16,4,0.5182221979078272,13,0.8,1.3,5.0,0.4851826509907916,0.8255848687827723,1472,1472,1412,True,ok
5,40,Awake,60,processed,23,3416814509458073514,45.73050519273266,25.002500250041432,8,0.16,4,0.5182221979078272,13,0.8,1.3,5.0,0.5178055468919266,0.9444426011524581,1472,1472,1402,True,ok
5,40,Awake,60,processed,24,18270513042724245302,45.73050519273266,25.002500250041432,8,0.16,4,0.5182221979078272,13,0.8,1.3,5.0,0.5027136283136886,0.8306781346751895,1472,1472,1402,True,ok
5,40,Awake,60,processed,25,3489798184236611691,45.73050519273266,25.002500250041432,8,0.16,4,0.5182221979078272,13,0.8,1.3,5.0,0.4550920771784014,0.8843270851335339,1472,1472,1431,True,ok
5,40,Awake,60,processed,26,8872008816187381437,45.73050519273266,25.002500250041432,8,0.16,4,0.5182221979078272,13,0.8,1.3,5.0,0.4935434609307096,0.859752321581849,1472,1472,1409,True,ok
5,40,Awake,60,processed,27,16727110091623337522,45.73050519273266,25.002500250041432,8,0.16,4,0.5182221979078272,13,0.8,1.3,5.0,0.47749881764908086,0.9223685772605077,1472,1472,1388,True,ok
5,40,Awake,60,processed,28,17856384735948662649,45.73050519273266,25.002500250041432,8,0.16,4,0.5182221979078272,13,0.8,1.3,5.0,0.46879716714173925,0.8990628198376197,1472,1472,1425,True,ok
5,40,Awake,60,processed,29,9057925333097979336,45.73050519273266,25.002500250041432,8,0.16,4,0.5182221979078272,13,0.8,1.3,5.0,0.5299101407387469,0.9273302696924953,1472,1472,1397,True,ok
5,40,Awake,60,processed,30,4774997974894668994,45.73050519273266,25.002500250041432,8,0.16,4,0.5182221979078272,13,0.8,1.3,5.0,0.4122348997489801,0.7758260261997538,1472,1472,1412,True,ok
5,40,Awake,60,processed,31,591394420951640334,45.73050519273266,25.002500250041432,8,0.16,4,0.5182221979078272,13,0.8,1.3,5.0,0.4880090507944597,0.9312079943715164,1472,1472,1389,True,ok
5,40,Awake,60,processed,32,16301485162711391234,45.73050519273266,25.002500250041432,8,0.16,4,0.5182221979078272,13,0.8,1.3,5.0,0.5065776510679397,0.9261326385011109,1472,1472,1417,True,ok
5,40,Awake,60,processed,33,16845084843261414305,45.73050519273266,25.002500250041432,8,0.16,4,0.5182221979078272,13,0.8,1.3,5.0,0.5064408193127145,0.8938223879793309,1472,1472,1404,True,ok
5,40,Awake,60,processed,34,3942486261910062290,45.73050519273266,25.002500250041432,8,0.16,4,0.5182221979078272,13,0.8,1.3,5.0,0.479193933128761,0.8292104907367742,1472,1472,1421,True,ok
5,40,Awake,60,processed,35,3771464073251650803,45.73050519273266,25.002500250041432,8,0.16,4,0.5182221979078272,13,0.8,1.3,5.0,0.5158498936261928,0.879893992539745,1472,1472,1408,True,ok
5,40,Awake,60,processed,36,1916428809908353042,45.73050519273266,25.002500250041432,8,0.16,4,0.5182221979078272,13,0.8,1.3,5.0,0.4417184122008443,0.8511653781177687,1472,1472,1399,True,ok
5,40,Awake,60,processed,37,12995063436748171275,45.73050519273266,25.002500250041432,8,0.16,4,0.5182221979078272,13,0.8,1.3,5.0,0.4445007733750543,0.766355461290698,1472,1472,1415,True,ok
5,40,Awake,60,processed,38,17198604182622081560,45.73050519273266,25.002500250041432,8,0.16,4,0.5182221979078272,13,0.8,1.3,5.0,0.4816316373608599,0.9580057389184177,1472,1472,1412,True,ok
5,40,Awake,60,processed,39,870571003327042098,45.73050519273266,25.002500250041432,8,0.16,4,0.5182221979078272,13,0.8,1.3,5.0,0.4963697997726726,0.906783814825654,1472,1472,1393,True,ok
5,41,Drowsy,60,processed,1,457576637513371917,45.73050519273266,25.002500250041432,8,0.16,4,0.4860712097730379,12,0.8,1.3,5.0,0.3844330167740213,0.8457275011237263,1472,1472,1401,True,ok
5,41,Drowsy,60,processed,2,4174888847155623259,45.73050519273266,25.002500250041432,8,0.16,4,0.4860712097730379,12,0.8,1.3,5.0,0.3368064952979484,0.833556274731674,1472,1472,1417,True,ok
5,41,Drowsy,60,processed,3,1669116802450067434,45.73050519273266,25.002500250041432,8,0.16,4,0.4860712097730379,12,0.8,1.3,5.0,0.3814038744742284,0.7962938005488197,1472,1472,1409,True,ok
5,41,Drowsy,60,processed,4,18414910928814364934,45.73050519273266,25.002500250041432,8,0.16,4,0.4860712097730379,12,0.8,1.3,5.0,0.4020184901479229,0.9166572013619062,1472,1472,1394,True,ok
5,41,Drowsy,60,processed,5,7794974237889216766,45.73050519273266,25.002500250041432,8,0.16,4,0.4860712097730379,12,0.8,1.3,5.0,0.37142773526172745,0.8243368310015852,1472,1472,1401,True,ok
5,41,Drowsy,60,processed,6,6371543092986867408,45.73050519273266,25.002500250041432,8,0.16,4,0.4860712097730379,12,0.8,1.3,5.0,0.40104021451255834,0.87350259390397,1472,1472,1393,True,ok
5,41,Drowsy,60,processed,7,10015947070216209942,45.73050519273266,25.002500250041432,8,0.16,4,0.4860712097730379,12,0.8,1.3,5.0,0.40112918632818356,0.8755137768325721,1472,1472,1426,True,ok
5,41,Drowsy,60,processed,8,4752857688266415165,45.73050519273266,25.002500250041432,8,0.16,4,0.4860712097730379,12,0.8,1.3,5.0,0.3982423978807983,0.8781091485408422,1472,1472,1420,True,ok
5,41,Drowsy,60,processed,9,3366629719300940342,45.73050519273266,25.002500250041432,8,0.16,4,0.4860712097730379,12,0.8,1.3,5.0,0.43053544470911564,0.8629996496152432,1472,1472,1413,True,ok
5,41,Drowsy,60,processed,10,9640022791693291068,45.73050519273266,25.002500250041432,8,0.16,4,0.4860712097730379,12,0.8,1.3,5.0,0.3353301122087728,0.7106684863092998,1472,1472,1407,True,ok
5,41,Drowsy,60,processed,11,1404881760794682105,45.73050519273266,25.002500250041432,8,0.16,4,0.4860712097730379,12,0.8,1.3,5.0,0.4325152966665946,0.9221949823975254,1472,1472,1424,True,ok
5,41,Drowsy,60,processed,12,8111146086929623404,45.73050519273266,25.002500250041432,8,0.16,4,0.4860712097730379,12,0.8,1.3,5.0,0.4025473832718246,0.8798149066400233,1472,1472,1412,True,ok
5,41,Drowsy,60,processed,13,2939393712652862913,45.73050519273266,25.002500250041432,8,0.16,4,0.4860712097730379,12,0.8,1.3,5.0,0.36315468005568247,0.7463135003145107,1472,1472,1404,True,ok
5,41,Drowsy,60,processed,14,8139843538336354142,45.73050519273266,25.002500250041432,8,0.16,4,0.4860712097730379,12,0.8,1.3,5.0,0.47862552936681724,0.9286168311516814,1472,1472,1398,True,ok
5,41,Drowsy,60,processed,15,14912496647192610333,45.73050519273266,25.002500250041432,8,0.16,4,0.4860712097730379,12,0.8,1.3,5.0,0.3910014738754552,0.9256331120917419,1472,1472,1403,True,ok
5,41,Drowsy,60,processed,16,5330382430880702483,45.73050519273266,25.002500250041432,8,0.16,4,0.4860712097730379,12,0.8,1.3,5.0,0.3843166885483262,0.8258876417877143,1472,1472,1428,True,ok
5,41,Drowsy,60,processed,17,9207786958802037266,45.73050519273266,25.002500250041432,8,0.16,4,0.4860712097730379,12,0.8,1.3,5.0,0.3812662695321445,0.8749555305443192,1472,1472,1420,True,ok
5,41,Drowsy,60,processed,18,4179091340369044805,45.73050519273266,25.002500250041432,8,0.16,4,0.4860712097730379,12,0.8,1.3,5.0,0.4217869615747988,0.9341354246984088,1472,1472,1377,True,ok
5,41,Drowsy,60,processed,19,5882732332498468571,45.73050519273266,25.002500250041432,8,0.16,4,0.4860712097730379,12,0.8,1.3,5.0,0.40052381654271285,0.8717976311635512,1472,1472,1417,True,ok
5,41,Drowsy,60,processed,20,7789679400522307544,45.73050519273266,25.002500250041432,8,0.16,4,0.4860712097730379,12,0.8,1.3,5.0,0.35275060026569666,0.86299572674043,1472,1472,1409,True,ok
5,41,Drowsy,60,processed,21,6394622962769773616,45.73050519273266,25.002500250041432,8,0.16,4,0.4860712097730379,12,0.8,1.3,5.0,0.37298157306847507,0.7939827450809533,1472,1472,1410,True,ok
5,41,Drowsy,60,processed,22,13771509699863294524,45.73050519273266,25.002500250041432,8,0.16,4,0.4860712097730379,12,0.8,1.3,5.0,0.3684999037071526,0.8375377593789506,1472,1472,1420,True,ok
5,41,Drowsy,60,processed,23,16037594970748031328,45.73050519273266,25.002500250041432,8,0.16,4,0.4860712097730379,12,0.8,1.3,5.0,0.3761458672706329,0.8755909007389859,1472,1472,1390,True,ok
5,41,Drowsy,60,processed,24,1798362725720248115,45.73050519273266,25.002500250041432,8,0.16,4,0.4860712097730379,12,0.8,1.3,5.0,0.44303992519807345,0.886416958352006,1472,1472,1412,True,ok
5,41,Drowsy,60,processed,25,14607798530638266094,45.73050519273266,25.002500250041432,8,0.16,4,0.4860712097730379,12,0.8,1.3,5.0,0.34233139391772593,0.7859684285236468,1472,1472,1424,True,ok
5,41,Drowsy,60,processed,26,12564251390214812274,45.73050519273266,25.002500250041432,8,0.16,4,0.4860712097730379,12,0.8,1.3,5.0,0.42789049917133126,0.8195868311156643,1472,1472,1418,True,ok
5,41,Drowsy,60,processed,27,11932666914908042695,45.73050519273266,25.002500250041432,8,0.16,4,0.4860712097730379,12,0.8,1.3,5.0,0.37371798613323876,0.8859545600411831,1472,1472,1400,True,ok
5,41,Drowsy,60,processed,28,15079597521827118873,45.73050519273266,25.002500250041432,8,0.16,4,0.4860712097730379,12,0.8,1.3,5.0,0.4133359892508718,0.7693877816454328,1472,1472,1408,True,ok
5,41,Drowsy,60,processed,29,6484335146978112268,45.73050519273266,25.002500250041432,8,0.16,4,0.4860712097730379,12,0.8,1.3,5.0,0.3804669843682585,0.8866764521147812,1472,1472,1386,True,ok
5,41,Drowsy,60,processed,30,322951251039836164,45.73050519273266,25.002500250041432,8,0.16,4,0.4860712097730379,12,0.8,1.3,5.0,0.39648258165790695,0.9270880898181921,1472,1472,1387,True,ok
5,41,Drowsy,60,processed,31,7202153807705181698,45.73050519273266,25.002500250041432,8,0.16,4,0.4860712097730379,12,0.8,1.3,5.0,0.3774091725433718,0.9255465230047994,1472,1472,1416,True,ok
5,41,Drowsy,60,processed,32,10002802641415231399,45.73050519273266,25.002500250041432,8,0.16,4,0.4860712097730379,12,0.8,1.3,5.0,0.3669841518741327,0.83129961807719,1472,1472,1403,True,ok
5,41,Drowsy,60,processed,33,8710797370556200195,45.73050519273266,25.002500250041432,8,0.16,4,0.4860712097730379,12,0.8,1.3,5.0,0.340836682593069,0.8073345444914133,1472,1472,1419,True,ok
5,41,Drowsy,60,processed,34,14735375081498576812,45.73050519273266,25.002500250041432,8,0.16,4,0.4860712097730379,12,0.8,1.3,5.0,0.3693848502012025,0.859912376570281,1472,1472,1414,True,ok
5,41,Drowsy,60,processed,35,720813208914058313,45.73050519273266,25.002500250041432,8,0.16,4,0.4860712097730379,12,0.8,1.3,5.0,0.33199937967939597,0.8375855194747952,1472,1472,1401,True,ok
5,41,Drowsy,60,processed,36,202552858801694874,45.73050519273266,25.002500250041432,8,0.16,4,0.4860712097730379,12,0.8,1.3,5.0,0.36446421862952416,0.7067468084983847,1472,1472,1394,True,ok
5,41,Drowsy,60,processed,37,17323961753636104251,45.73050519273266,25.002500250041432,8,0.16,4,0.4860712097730379,12,0.8,1.3,5.0,0.3916216220233584,0.8438310249974242,1472,1472,1420,True,ok
5,41,Drowsy,60,processed,38,17258960275248880913,45.73050519273266,25.002500250041432,8,0.16,4,0.4860712097730379,12,0.8,1.3,5.0,0.38116636677501375,0.8821489546984439,1472,1472,1409,True,ok
5,41,Drowsy,60,processed,39,4858655622927851497,45.73050519273266,25.002500250041432,8,0.16,4,0.4860712097730379,12,0.8,1.3,5.0,0.3711128794548185,0.790120428772091,1472,1472,1408,True,ok
5,42,Drowsy,60,processed,1,15149661390192256668,38.02795747331068,25.002500250041432,8,0.16,4,0.5145975998626495,13,0.8,1.3,5.0,0.5758974050435731,0.8142318123126487,1472,1460,1409,True,ok
5,42,Drowsy,60,processed,2,9565661669670621080,38.02795747331068,25.002500250041432,8,0.16,4,0.5145975998626495,13,0.8,1.3,5.0,0.5024041568069699,0.9266777828676916,1472,1472,1410,True,ok
5,42,Drowsy,60,processed,3,7979735509814345584,38.02795747331068,25.002500250041432,8,0.16,4,0.5145975998626495,13,0.8,1.3,5.0,0.5492688016684566,0.9116414164180986,1472,1472,1412,True,ok
5,42,Drowsy,60,processed,4,8151479959984876808,38.02795747331068,25.002500250041432,8,0.16,4,0.5145975998626495,13,0.8,1.3,5.0,0.45813652898896307,0.9125291155189333,1472,1472,1408,True,ok
5,42,Drowsy,60,processed,5,13592425880085526167,38.02795747331068,25.002500250041432,8,0.16,4,0.5145975998626495,13,0.8,1.3,5.0,0.4742912487331149,0.8663613799477408,1472,1466,1379,True,ok
5,42,Drowsy,60,processed,6,355339028549511313,38.02795747331068,25.002500250041432,8,0.16,4,0.5145975998626495,13,0.8,1.3,5.0,0.5189579443685746,0.8988592406136967,1472,1472,1403,True,ok
5,42,Drowsy,60,processed,7,7335658326049109813,38.02795747331068,25.002500250041432,8,0.16,4,0.5145975998626495,13,0.8,1.3,5.0,0.5326996021065689,0.9267478593891012,1472,1472,1430,True,ok
5,42,Drowsy,60,processed,8,14330155931586234663,38.02795747331068,25.002500250041432,8,0.16,4,0.5145975998626495,13,0.8,1.3,5.0,0.5439056096010264,0.951997565327595,1472,1472,1390,True,ok
5,42,Drowsy,60,processed,9,15819169028698747575,38.02795747331068,25.002500250041432,8,0.16,4,0.5145975998626495,13,0.8,1.3,5.0,0.46464306479462875,0.8513381050568711,1472,1472,1417,True,ok
5,42,Drowsy,60,processed,10,550938790780845527,38.02795747331068,25.002500250041432,8,0.16,4,0.5145975998626495,13,0.8,1.3,5.0,0.5831118268868807,0.9673957422086326,1472,1472,1410,True,ok
5,42,Drowsy,60,processed,11,7370092382739987439,38.02795747331068,25.002500250041432,8,0.16,4,0.5145975998626495,13,0.8,1.3,5.0,0.5663604837687183,0.9157674817503467,1472,1472,1427,True,ok
5,42,Drowsy,60,processed,12,7819601511447570625,38.02795747331068,25.002500250041432,8,0.16,4,0.5145975998626495,13,0.8,1.3,5.0,0.48663320321909176,0.9083537747039663,1472,1472,1398,True,ok
5,42,Drowsy,60,processed,13,15911779863175505151,38.02795747331068,25.002500250041432,8,0.16,4,0.5145975998626495,13,0.8,1.3,5.0,0.498841288444607,0.9541532493514606,1472,1472,1409,True,ok
5,42,Drowsy,60,processed,14,14135301313769650422,38.02795747331068,25.002500250041432,8,0.16,4,0.5145975998626495,13,0.8,1.3,5.0,0.5193825430210912,0.9057376545237317,1472,1472,1386,True,ok
5,42,Drowsy,60,processed,15,16551745419781936478,38.02795747331068,25.002500250041432,8,0.16,4,0.5145975998626495,13,0.8,1.3,5.0,0.5510007727406171,0.8875502700251274,1472,1472,1389,True,ok
5,42,Drowsy,60,processed,16,7492716378000942696,38.02795747331068,25.002500250041432,8,0.16,4,0.5145975998626495,13,0.8,1.3,5.0,0.5061109168029038,0.9270844506789179,1472,1472,1422,True,ok
5,42,Drowsy,60,processed,17,8829735672071986754,38.02795747331068,25.002500250041432,8,0.16,4,0.5145975998626495,13,0.8,1.3,5.0,0.4391027570360105,0.7440199929331899,1472,1472,1395,True,ok
5,42,Drowsy,60,processed,18,11595670699424661301,38.02795747331068,25.002500250041432,8,0.16,4,0.5145975998626495,13,0.8,1.3,5.0,0.4854659342484859,0.9092654143227532,1472,1472,1401,True,ok
5,42,Drowsy,60,processed,19,15595183380198952722,38.02795747331068,25.002500250041432,8,0.16,4,0.5145975998626495,13,0.8,1.3,5.0,0.493972962184297,0.8825594591758256,1472,1472,1424,True,ok
5,42,Drowsy,60,processed,20,10881869024988759610,38.02795747331068,25.002500250041432,8,0.16,4,0.5145975998626495,13,0.8,1.3,5.0,0.49708784606332235,0.7608465208956063,1472,1472,1400,True,ok
5,42,Drowsy,60,processed,21,1119547394084511703,38.02795747331068,25.002500250041432,8,0.16,4,0.5145975998626495,13,0.8,1.3,5.0,0.41627700149456537,0.914352741417433,1472,1472,1416,True,ok
5,42,Drowsy,60,processed,22,16038015759261066771,38.02795747331068,25.002500250041432,8,0.16,4,0.5145975998626495,13,0.8,1.3,5.0,0.4659943795529248,0.8656804631002518,1472,1472,1400,True,ok
5,42,Drowsy,60,processed,23,3819448633935538573,38.02795747331068,25.002500250041432,8,0.16,4,0.5145975998626495,13,0.8,1.3,5.0,0.5004239546249473,0.8852324856293531,1472,1472,1403,True,ok
5,42,Drowsy,60,processed,24,2412597263119585341,38.02795747331068,25.002500250041432,8,0.16,4,0.5145975998626495,13,0.8,1.3,5.0,0.43590966111637985,0.7697242269431066,1472,1472,1392,True,ok
5,42,Drowsy,60,processed,25,16314326031974207564,38.02795747331068,25.002500250041432,8,0.16,4,0.5145975998626495,13,0.8,1.3,5.0,0.5384818613287439,0.9055036967944794,1472,1472,1408,True,ok
5,42,Drowsy,60,processed,26,4871232266409053596,38.02795747331068,25.002500250041432,8,0.16,4,0.5145975998626495,13,0.8,1.3,5.0,0.480109809662092,0.9159043804909472,1472,1472,1421,True,ok
5,42,Drowsy,60,processed,27,10205352352884660581,38.02795747331068,25.002500250041432,8,0.16,4,0.5145975998626495,13,0.8,1.3,5.0,0.4525457489723995,0.909503371147222,1472,1472,1418,True,ok
5,42,Drowsy,60,processed,28,14989566732750067603,38.02795747331068,25.002500250041432,8,0.16,4,0.5145975998626495,13,0.8,1.3,5.0,0.49020245077427393,0.906954021456673,1472,1472,1399,True,ok
5,42,Drowsy,60,processed,29,5862882575567100654,38.02795747331068,25.002500250041432,8,0.16,4,0.5145975998626495,13,0.8,1.3,5.0,0.4892207260215414,0.8953253266164497,1472,1472,1421,True,ok
5,42,Drowsy,60,processed,30,11843498408565412577,38.02795747331068,25.002500250041432,8,0.16,4,0.5145975998626495,13,0.8,1.3,5.0,0.5445616283250456,0.9035979759644772,1472,1472,1414,True,ok
5,42,Drowsy,60,processed,31,4168129276893867288,38.02795747331068,25.002500250041432,8,0.16,4,0.5145975998626495,13,0.8,1.3,5.0,0.4716180113102623,0.818409066218463,1472,1472,1415,True,ok
5,42,Drowsy,60,processed,32,5290079284017846428,38.02795747331068,25.002500250041432,8,0.16,4,0.5145975998626495,13,0.8,1.3,5.0,0.4702660501009955,0.8556376682715588,1472,1472,1392,True,ok
5,42,Drowsy,60,processed,33,15680186042477937687,38.02795747331068,25.002500250041432,8,0.16,4,0.5145975998626495,13,0.8,1.3,5.0,0.5418113614593701,0.9444441955801887,1472,1472,1416,True,ok
5,42,Drowsy,60,processed,34,7057641116484530919,38.02795747331068,25.002500250041432,8,0.16,4,0.5145975998626495,13,0.8,1.3,5.0,0.48938001116336993,0.8009007185024021,1472,1472,1410,True,ok
5,42,Drowsy,60,processed,35,8283957764450212452,38.02795747331068,25.002500250041432,8,0.16,4,0.5145975998626495,13,0.8,1.3,5.0,0.5139278906838776,0.7895097344282433,1472,1472,1421,True,ok
5,42,Drowsy,60,processed,36,2856789114182011419,38.02795747331068,25.002500250041432,8,0.16,4,0.5145975998626495,13,0.8,1.3,5.0,0.5300182230566624,0.960790561484952,1472,1472,1413,True,ok
5,42,Drowsy,60,processed,37,7278195201785585493,38.02795747331068,25.002500250041432,8,0.16,4,0.5145975998626495,13,0.8,1.3,5.0,0.4684448167359778,0.8066367397228983,1472,1472,1414,True,ok
5,42,Drowsy,60,processed,38,14342169864416488264,38.02795747331068,25.002500250041432,8,0.16,4,0.5145975998626495,13,0.8,1.3,5.0,0.513257421970113,0.9324752332698781,1472,1472,1389,True,ok
5,42,Drowsy,60,processed,39,17451587571344358205,38.02795747331068,25.002500250041432,8,0.16,4,0.5145975998626495,13,0.8,1.3,5.0,0.5719353262414861,0.924727431801181,1472,1472,1407,True,ok
5,43,Drowsy,60,processed,1,6361014548533751221,31.622776601683796,25.002500250041432,8,0.16,4,0.4994722302792088,12,0.8,1.3,5.0,0.4356265316854115,0.7631540255130507,1472,1450,1406,True,ok
5,43,Drowsy,60,processed,2,4670008068444432850,31.622776601683796,25.002500250041432,8,0.16,4,0.4994722302792088,12,0.8,1.3,5.0,0.5999154681577564,0.901772794286468,1472,1460,1389,True,ok
5,43,Drowsy,60,processed,3,16442486856619385823,31.622776601683796,25.002500250041432,8,0.16,4,0.4994722302792088,12,0.8,1.3,5.0,0.4426260254853936,0.6945149528082103,1472,1472,1401,True,ok
5,43,Drowsy,60,processed,4,8535547414278960809,31.622776601683796,25.002500250041432,8,0.16,4,0.4994722302792088,12,0.8,1.3,5.0,0.5661956494293933,0.9387542827541947,1472,1466,1409,True,ok
5,43,Drowsy,60,processed,5,17157724831713377808,31.622776601683796,25.002500250041432,8,0.16,4,0.4994722302792088,12,0.8,1.3,5.0,0.46107825741585173,0.727595091077452,1472,1472,1398,True,ok
5,43,Drowsy,60,processed,6,12027217726663160499,31.622776601683796,25.002500250041432,8,0.16,4,0.4994722302792088,12,0.8,1.3,5.0,0.5054672935701506,0.7558978841212368,1472,1454,1389,True,ok
5,43,Drowsy,60,processed,7,2161745670625098329,31.622776601683796,25.002500250041432,8,0.16,4,0.4994722302792088,12,0.8,1.3,5.0,0.5827880135108692,0.8637562358521403,1472,1470,1411,True,ok
5,43,Drowsy,60,processed,8,556268216841501146,31.622776601683796,25.002500250041432,8,0.16,4,0.4994722302792088,12,0.8,1.3,5.0,0.558504814181055,0.9258081538189495,1472,1462,1397,True,ok
5,43,Drowsy,60,processed,9,14699854881244724454,31.622776601683796,25.002500250041432,8,0.16,4,0.4994722302792088,12,0.8,1.3,5.0,0.5103044028860566,0.8809191959334194,1472,1472,1405,True,ok
5,43,Drowsy,60,processed,10,7459174373782130690,31.622776601683796,25.002500250041432,8,0.16,4,0.4994722302792088,12,0.8,1.3,5.0,0.5068690604480371,0.8587248532911901,1472,1472,1381,True,ok
5,43,Drowsy,60,processed,11,796878467409308784,31.622776601683796,25.002500250041432,8,0.16,4,0.4994722302792088,12,0.8,1.3,5.0,0.5039649972447404,0.929566003796081,1472,1472,1437,True,ok
5,43,Drowsy,60,processed,12,1016493293251646545,31.622776601683796,25.002500250041432,8,0.16,4,0.4994722302792088,12,0.8,1.3,5.0,0.7869190559648113,0.9953358963700542,1472,1464,1422,True,ok
5,43,Drowsy,60,processed,13,17798447496058922535,31.622776601683796,25.002500250041432,8,0.16,4,0.4994722302792088,12,0.8,1.3,5.0,0.4445017387023799,0.8104094747054988,1472,1428,1382,True,ok
5,43,Drowsy,60,processed,14,16449575132459767363,31.622776601683796,25.002500250041432,8,0.16,4,0.4994722302792088,12,0.8,1.3,5.0,0.5601710096338833,0.8900352065626747,1472,1436,1361,True,ok
5,43,Drowsy,60,processed,15,9593573078937240047,31.622776601683796,25.002500250041432,8,0.16,4,0.4994722302792088,12,0.8,1.3,5.0,0.5613086584778871,0.8951998072717556,1472,1472,1401,True,ok
5,43,Drowsy,60,processed,16,8976420846973131198,31.622776601683796,25.002500250041432,8,0.16,4,0.4994722302792088,12,0.8,1.3,5.0,0.5484130413089096,0.8906258623105996,1472,1472,1397,True,ok
5,43,Drowsy,60,processed,17,9848551836629648019,31.622776601683796,25.002500250041432,8,0.16,4,0.4994722302792088,12,0.8,1.3,5.0,0.5595383228949173,0.943407057666188,1472,1472,1400,True,ok
5,43,Drowsy,60,processed,18,4802881981387815357,31.622776601683796,25.002500250041432,8,0.16,4,0.4994722302792088,12,0.8,1.3,5.0,0.5727718790340456,0.9255254387371812,1472,1472,1395,True,ok
5,43,Drowsy,60,processed,19,13219279035086078356,31.622776601683796,25.002500250041432,8,0.16,4,0.4994722302792088,12,0.8,1.3,5.0,0.4343583183408855,0.8157921761537931,1472,1472,1431,True,ok
5,43,Drowsy,60,processed,20,18265690918889870511,31.622776601683796,25.002500250041432,8,0.16,4,0.4994722302792088,12,0.8,1.3,5.0,0.4562476742589255,0.7507122766624956,1472,1472,1425,True,ok
5,43,Drowsy,60,processed,21,3444021823665702090,31.622776601683796,25.002500250041432,8,0.16,4,0.4994722302792088,12,0.8,1.3,5.0,0.46261300363519053,0.9377032743006418,1472,1438,1359,True,ok
5,43,Drowsy,60,processed,22,15607612224561837717,31.622776601683796,25.002500250041432,8,0.16,4,0.4994722302792088,12,0.8,1.3,5.0,0.4852822462761651,0.782520802755366,1472,1434,1367,True,ok
5,43,Drowsy,60,processed,23,18174931507242390225,31.622776601683796,25.002500250041432,8,0.16,4,0.4994722302792088,12,0.8,1.3,5.0,0.498064717191679,0.8151591345526714,1472,1472,1394,True,ok
5,43,Drowsy,60,processed,24,938083723644960881,31.622776601683796,25.002500250041432,8,0.16,4,0.4994722302792088,12,0.8,1.3,5.0,0.5740205656788983,0.9258271882017678,1472,1472,1418,True,ok
5,43,Drowsy,60,processed,25,12969954974636798320,31.622776601683796,25.002500250041432,8,0.16,4,0.4994722302792088,12,0.8,1.3,5.0,0.4739848755167512,0.8769413706507925,1472,1472,1396,True,ok
5,43,Drowsy,60,processed,26,9034868741106212029,31.622776601683796,25.002500250041432,8,0.16,4,0.4994722302792088,12,0.8,1.3,5.0,0.5576173505230116,0.9037504180062721,1472,1468,1409,True,ok
5,43,Drowsy,60,processed,27,14098442034529035667,31.622776601683796,25.002500250041432,8,0.16,4,0.4994722302792088,12,0.8,1.3,5.0,0.5041593079584165,0.8479087314942817,1472,1472,1393,True,ok
5,43,Drowsy,60,processed,28,7063730736738725887,31.622776601683796,25.002500250041432,8,0.16,4,0.4994722302792088,12,0.8,1.3,5.0,0.5499714793369763,0.8587200555238685,1472,1382,1319,True,ok
5,43,Drowsy,60,processed,29,3377691939468331527,31.622776601683796,25.002500250041432,8,0.16,4,0.4994722302792088,12,0.8,1.3,5.0,0.4868432245113606,0.788129761285371,1472,1468,1415,True,ok
5,43,Drowsy,60,processed,30,1769283256932761078,31.622776601683796,25.002500250041432,8,0.16,4,0.4994722302792088,12,0.8,1.3,5.0,0.4849437152725791,0.9606365407333709,1472,1472,1408,True,ok
5,43,Drowsy,60,processed,31,13778001936124638408,31.622776601683796,25.002500250041432,8,0.16,4,0.4994722302792088,12,0.8,1.3,5.0,0.541148090712142,0.9495475901226493,1472,1472,1411,True,ok
5,43,Drowsy,60,processed,32,10271618617186624642,31.622776601683796,25.002500250041432,8,0.16,4,0.4994722302792088,12,0.8,1.3,5.0,0.65683114629624,0.9506195375099016,1472,1428,1394,True,ok
5,43,Drowsy,60,processed,33,3926468692195132493,31.622776601683796,25.002500250041432,8,0.16,4,0.4994722302792088,12,0.8,1.3,5.0,0.4838166679629635,0.8478500052173572,1472,1472,1419,True,ok
5,43,Drowsy,60,processed,34,8080557129096761986,31.622776601683796,25.002500250041432,8,0.16,4,0.4994722302792088,12,0.8,1.3,5.0,0.5210456402991247,0.8185313260396817,1472,1472,1413,True,ok
5,43,Drowsy,60,processed,35,10061321767834898839,31.622776601683796,25.002500250041432,8,0.16,4,0.4994722302792088,12,0.8,1.3,5.0,0.4728981084157642,0.8966067821090704,1472,1472,1416,True,ok
5,43,Drowsy,60,processed,36,8443509109783256221,31.622776601683796,25.002500250041432,8,0.16,4,0.4994722302792088,12,0.8,1.3,5.0,0.44468027507838676,0.8090357301615375,1472,1472,1426,True,ok
5,43,Drowsy,60,processed,37,17700423327548571247,31.622776601683796,25.002500250041432,8,0.16,4,0.4994722302792088,12,0.8,1.3,5.0,0.5143878108975672,0.9169459423816975,1472,1472,1388,True,ok
5,43,Drowsy,60,processed,38,14855438520883047498,31.622776601683796,25.002500250041432,8,0.16,4,0.4994722302792088,12,0.8,1.3,5.0,0.6686232475822071,0.9758667408791252,1472,1421,1331,True,ok
5,43,Drowsy,60,processed,39,17838808741618561210,31.622776601683796,25.002500250041432,8,0.16,4,0.4994722302792088,12,0.8,1.3,5.0,0.5681907824584786,0.9723623351851949,1472,1376,1314,True,ok
5,44,Drowsy,60,processed,1,7161315268428191219,21.867241478865573,25.002500250041432,8,0.16,4,0.4740947202501727,12,0.8,1.3,5.0,0.5287091694403538,0.8978989506078686,1472,1472,1400,True,ok
5,44,Drowsy,60,processed,2,10905581946532705923,21.867241478865573,25.002500250041432,8,0.16,4,0.4740947202501727,12,0.8,1.3,5.0,0.5437265491689441,0.9560541248623531,1472,1472,1403,True,ok
5,44,Drowsy,60,processed,3,5084320659920418351,21.867241478865573,25.002500250041432,8,0.16,4,0.4740947202501727,12,0.8,1.3,5.0,0.532157901326783,0.946841770528487,1472,1472,1411,True,ok
5,44,Drowsy,60,processed,4,15417435400002270867,21.867241478865573,25.002500250041432,8,0.16,4,0.4740947202501727,12,0.8,1.3,5.0,0.5482939556500634,0.8710140032285778,1472,1434,1405,True,ok
5,44,Drowsy,60,processed,5,11947181499166291870,21.867241478865573,25.002500250041432,8,0.16,4,0.4740947202501727,12,0.8,1.3,5.0,0.5060315848540491,0.8828064722197376,1472,1472,1401,True,ok
5,44,Drowsy,60,processed,6,16444455365707289394,21.867241478865573,25.002500250041432,8,0.16,4,0.4740947202501727,12,0.8,1.3,5.0,0.5525617035189382,0.8840193061044028,1472,1452,1379,True,ok
5,44,Drowsy,60,processed,7,3643392793457397405,21.867241478865573,25.002500250041432,8,0.16,4,0.4740947202501727,12,0.8,1.3,5.0,0.5544892682132331,0.9461582331832286,1472,1472,1422,True,ok
5,44,Drowsy,60,processed,8,4555292453453979682,21.867241478865573,25.002500250041432,8,0.16,4,0.4740947202501727,12,0.8,1.3,5.0,0.6029564449941899,0.8956850367914894,1472,1472,1386,True,ok
5,44,Drowsy,60,processed,9,11256928487261033358,21.867241478865573,25.002500250041432,8,0.16,4,0.4740947202501727,12,0.8,1.3,5.0,0.5343218406599433,0.9254637777928578,1472,1472,1407,True,ok
5,44,Drowsy,60,processed,10,18269436388877339662,21.867241478865573,25.002500250041432,8,0.16,4,0.4740947202501727,12,0.8,1.3,5.0,0.5732512779966612,0.8726785735274756,1472,1472,1404,True,ok
5,44,Drowsy,60,processed,11,336226275485838590,21.867241478865573,25.002500250041432,8,0.16,4,0.4740947202501727,12,0.8,1.3,5.0,0.5535555488804899,0.8461536576694291,1472,1472,1402,True,ok
5,44,Drowsy,60,processed,12,17960003365956191819,21.867241478865573,25.002500250041432,8,0.16,4,0.4740947202501727,12,0.8,1.3,5.0,0.6343104699180688,0.9667602745907229,1472,1446,1388,True,ok
5,44,Drowsy,60,processed,13,11516787900678341587,21.867241478865573,25.002500250041432,8,0.16,4,0.4740947202501727,12,0.8,1.3,5.0,0.5663920546740179,0.948636738566422,1472,1472,1412,True,ok
5,44,Drowsy,60,processed,14,7848631706510354074,21.867241478865573,25.002500250041432,8,0.16,4,0.4740947202501727,12,0.8,1.3,5.0,0.5871012641407537,0.8855913585487425,1472,1472,1405,True,ok
5,44,Drowsy,60,processed,15,13187685938337208244,21.867241478865573,25.002500250041432,8,0.16,4,0.4740947202501727,12,0.8,1.3,5.0,0.5425218759406247,0.8373466744780015,1472,1472,1420,True,ok
5,44,Drowsy,60,processed,16,15785616520161148895,21.867241478865573,25.002500250041432,8,0.16,4,0.4740947202501727,12,0.8,1.3,5.0,0.6385684580701547,0.9391629836980196,1472,1338,1262,True,ok
5,44,Drowsy,60,processed,17,13141569053590503871,21.867241478865573,25.002500250041432,8,0.16,4,0.4740947202501727,12,0.8,1.3,5.0,0.6015481862197449,0.9316165389426831,1472,1472,1383,True,ok
5,44,Drowsy,60,processed,18,7554737250591677471,21.867241478865573,25.002500250041432,8,0.16,4,0.4740947202501727,12,0.8,1.3,5.0,0.6078455239886253,0.9687771319685491,1472,1440,1394,True,ok
5,44,Drowsy,60,processed,19,17663721217342031916,21.867241478865573,25.002500250041432,8,0.16,4,0.4740947202501727,12,0.8,1.3,5.0,0.5714475153318894,0.8347214506860319,1472,1472,1416,True,ok
5,44,Drowsy,60,processed,20,6205933388507747908,21.867241478865573,25.002500250041432,8,0.16,4,0.4740947202501727,12,0.8,1.3,5.0,0.5480275803452864,0.9411090279262727,1472,1420,1367,True,ok
5,44,Drowsy,60,processed,21,17952548496040497566,21.867241478865573,25.002500250041432,8,0.16,4,0.4740947202501727,12,0.8,1.3,5.0,0.5345622528049921,0.9269353598715253,1472,1472,1421,True,ok
5,44,Drowsy,60,processed,22,7838448289751463400,21.867241478865573,25.002500250041432,8,0.16,4,0.4740947202501727,12,0.8,1.3,5.0,0.5339371380993339,0.9347117553833625,1472,1472,1389,True,ok
5,44,Drowsy,60,processed,23,12642740258637621387,21.867241478865573,25.002500250041432,8,0.16,4,0.4740947202501727,12,0.8,1.3,5.0,0.683672593224613,0.9825160131407664,1472,1366,1336,True,ok
5,44,Drowsy,60,processed,24,8960062655248883707,21.867241478865573,25.002500250041432,8,0.16,4,0.4740947202501727,12,0.8,1.3,5.0,0.5739205085634469,0.9505249760381361,1472,1317,1212,True,ok
5,44,Drowsy,60,processed,25,6332775817354727965,21.867241478865573,25.002500250041432,8,0.16,4,0.4740947202501727,12,0.8,1.3,5.0,0.5406922976410263,0.9122560420399652,1472,1472,1409,True,ok
5,44,Drowsy,60,processed,26,9785748478630221750,21.867241478865573,25.002500250041432,8,0.16,4,0.4740947202501727,12,0.8,1.3,5.0,0.5861060760259855,0.9136327969324894,1472,1416,1360,True,ok
5,44,Drowsy,60,processed,27,1569090704362146046,21.867241478865573,25.002500250041432,8,0.16,4,0.4740947202501727,12,0.8,1.3,5.0,0.4546660841101233,0.7422430998654665,1472,1472,1414,True,ok
5,44,Drowsy,60,processed,28,14740077235628368821,21.867241478865573,25.002500250041432,8,0.16,4,0.4740947202501727,12,0.8,1.3,5.0,0.5613299445987027,0.9454509325910464,1472,1472,1416,True,ok
5,44,Drowsy,60,processed,29,1900943596647198317,21.867241478865573,25.002500250041432,8,0.16,4,0.4740947202501727,12,0.8,1.3,5.0,0.5765920745018607,0.9661043500051372,1472,1472,1422,True,ok
5,44,Drowsy,60,processed,30,1461230579669441025,21.867241478865573,25.002500250041432,8,0.16,4,0.4740947202501727,12,0.8,1.3,5.0,0.5354094140375149,0.847531026235333,1472,1472,1425,True,ok
5,44,Drowsy,60,processed,31,16208993489965809018,21.867241478865573,25.002500250041432,8,0.16,4,0.4740947202501727,12,0.8,1.3,5.0,0.5391617963927214,0.8913426134053135,1472,1472,1411,True,ok
5,44,Drowsy,60,processed,32,8542486700943590110,21.867241478865573,25.002500250041432,8,0.16,4,0.4740947202501727,12,0.8,1.3,5.0,0.533730430916775,0.902937632959909,1472,1438,1374,True,ok
5,44,Drowsy,60,processed,33,10100740399519092808,21.867241478865573,25.002500250041432,8,0.16,4,0.4740947202501727,12,0.8,1.3,5.0,0.48929956638995126,0.9091008267457373,1472,1472,1403,True,ok
5,44,Drowsy,60,processed,34,5934841972294966795,21.867241478865573,25.002500250041432,8,0.16,4,0.4740947202501727,12,0.8,1.3,5.0,0.6596305407343431,0.9349675604107687,1472,1472,1395,True,ok
5,44,Drowsy,60,processed,35,16949707236371178861,21.867241478865573,25.002500250041432,8,0.16,4,0.4740947202501727,12,0.8,1.3,5.0,0.46470163620560617,0.8409104425172931,1472,1472,1413,True,ok
5,44,Drowsy,60,processed,36,12308663094115993085,21.867241478865573,25.002500250041432,8,0.16,4,0.4740947202501727,12,0.8,1.3,5.0,0.5045755063107905,0.9193403707058676,1472,1472,1418,True,ok
5,44,Drowsy,60,processed,37,6763685237204503003,21.867241478865573,25.002500250041432,8,0.16,4,0.4740947202501727,12,0.8,1.3,5.0,0.5851803466730215,0.9497544545827843,1472,1472,1405,True,ok
5,44,Drowsy,60,processed,38,16756998846086422534,21.867241478865573,25.002500250041432,8,0.16,4,0.4740947202501727,12,0.8,1.3,5.0,0.6536727958331825,0.9689466479331936,1472,1412,1348,True,ok
5,44,Drowsy,60,processed,39,3529001544031170681,21.867241478865573,25.002500250041432,8,0.16,4,0.4740947202501727,12,0.8,1.3,5.0,0.5581902505579605,0.9656992782027135,1472,1472,1404,True,ok
5,45,Drowsy,60,processed,1,17030773725453124821,31.622776601683796,25.002500250041432,8,0.16,4,0.4804734224284379,12,0.8,1.3,5.0,0.4832393752646578,0.8963146401936882,1472,1472,1403,True,ok
5,45,Drowsy,60,processed,2,5524127949483553665,31.622776601683796,25.002500250041432,8,0.16,4,0.4804734224284379,12,0.8,1.3,5.0,0.4716625279366066,0.8810689042229354,1472,1472,1409,True,ok
5,45,Drowsy,60,processed,3,5452372321067193996,31.622776601683796,25.002500250041432,8,0.16,4,0.4804734224284379,12,0.8,1.3,5.0,0.4695053737412411,0.929106443605561,1472,1472,1417,True,ok
5,45,Drowsy,60,processed,4,16733498324410686037,31.622776601683796,25.002500250041432,8,0.16,4,0.4804734224284379,12,0.8,1.3,5.0,0.4815412341279392,0.8165421340303463,1472,1472,1404,True,ok
5,45,Drowsy,60,processed,5,9729892957264965111,31.622776601683796,25.002500250041432,8,0.16,4,0.4804734224284379,12,0.8,1.3,5.0,0.4422424271347341,0.9297125219447666,1472,1472,1408,True,ok
5,45,Drowsy,60,processed,6,14599985714448545803,31.622776601683796,25.002500250041432,8,0.16,4,0.4804734224284379,12,0.8,1.3,5.0,0.4424063403778393,0.8796782938874688,1472,1472,1409,True,ok
5,45,Drowsy,60,processed,7,16523305220799991828,31.622776601683796,25.002500250041432,8,0.16,4,0.4804734224284379,12,0.8,1.3,5.0,0.48925174761001733,0.8767516650896332,1472,1472,1405,True,ok
5,45,Drowsy,60,processed,8,9992761224638937450,31.622776601683796,25.002500250041432,8,0.16,4,0.4804734224284379,12,0.8,1.3,5.0,0.4555926631342616,0.8429058675370458,1472,1472,1421,True,ok
5,45,Drowsy,60,processed,9,7551474648443730246,31.622776601683796,25.002500250041432,8,0.16,4,0.4804734224284379,12,0.8,1.3,5.0,0.4483177167670524,0.931623836779082,1472,1472,1407,True,ok
5,45,Drowsy,60,processed,10,2570835210464705133,31.622776601683796,25.002500250041432,8,0.16,4,0.4804734224284379,12,0.8,1.3,5.0,0.4111480395504773,0.9232293121398527,1472,1472,1388,True,ok
5,45,Drowsy,60,processed,11,18407050245032901034,31.622776601683796,25.002500250041432,8,0.16,4,0.4804734224284379,12,0.8,1.3,5.0,0.4091615699383517,0.8585343584563414,1472,1472,1418,True,ok
5,45,Drowsy,60,processed,12,14148622754714616023,31.622776601683796,25.002500250041432,8,0.16,4,0.4804734224284379,12,0.8,1.3,5.0,0.46490080542010614,0.828770833722318,1472,1472,1400,True,ok
5,45,Drowsy,60,processed,13,12112859983407632167,31.622776601683796,25.002500250041432,8,0.16,4,0.4804734224284379,12,0.8,1.3,5.0,0.4168911096983096,0.8491301394546782,1472,1472,1413,True,ok
5,45,Drowsy,60,processed,14,3216360702006932326,31.622776601683796,25.002500250041432,8,0.16,4,0.4804734224284379,12,0.8,1.3,5.0,0.4542114389914628,0.9299211067920191,1472,1472,1399,True,ok
5,45,Drowsy,60,processed,15,2439228265554672110,31.622776601683796,25.002500250041432,8,0.16,4,0.4804734224284379,12,0.8,1.3,5.0,0.4624155053527506,0.8119227267293058,1472,1472,1413,True,ok
5,45,Drowsy,60,processed,16,5583096202546794709,31.622776601683796,25.002500250041432,8,0.16,4,0.4804734224284379,12,0.8,1.3,5.0,0.46956673534785875,0.9364589569086135,1472,1472,1401,True,ok
5,45,Drowsy,60,processed,17,7808165746723300018,31.622776601683796,25.002500250041432,8,0.16,4,0.4804734224284379,12,0.8,1.3,5.0,0.4615231210124784,0.9146027343175342,1472,1472,1404,True,ok
5,45,Drowsy,60,processed,18,16009078013897665944,31.622776601683796,25.002500250041432,8,0.16,4,0.4804734224284379,12,0.8,1.3,5.0,0.506379466255507,0.9096067329442085,1472,1472,1400,True,ok
5,45,Drowsy,60,processed,19,13748398917160100126,31.622776601683796,25.002500250041432,8,0.16,4,0.4804734224284379,12,0.8,1.3,5.0,0.516932783299614,0.9562244261400312,1472,1472,1419,True,ok
5,45,Drowsy,60,processed,20,16344820357165810320,31.622776601683796,25.002500250041432,8,0.16,4,0.4804734224284379,12,0.8,1.3,5.0,0.5067543430315811,0.9529561164984124,1472,1472,1402,True,ok
5,45,Drowsy,60,processed,21,8171204922250302596,31.622776601683796,25.002500250041432,8,0.16,4,0.4804734224284379,12,0.8,1.3,5.0,0.4652347619595906,0.8973321960066319,1472,1472,1412,True,ok
5,45,Drowsy,60,processed,22,2186243331769933112,31.622776601683796,25.002500250041432,8,0.16,4,0.4804734224284379,12,0.8,1.3,5.0,0.4966931909430445,0.9102660666518839,1472,1472,1379,True,ok
5,45,Drowsy,60,processed,23,2339116394842736876,31.622776601683796,25.002500250041432,8,0.16,4,0.4804734224284379,12,0.8,1.3,5.0,0.4717885769365471,0.9052892983363253,1472,1472,1420,True,ok
5,45,Drowsy,60,processed,24,16217957700825750496,31.622776601683796,25.002500250041432,8,0.16,4,0.4804734224284379,12,0.8,1.3,5.0,0.44923360944547847,0.8432214486420547,1472,1472,1419,True,ok
5,45,Drowsy,60,processed,25,7939138328750704050,31.622776601683796,25.002500250041432,8,0.16,4,0.4804734224284379,12,0.8,1.3,5.0,0.43233590480468065,0.834751815655057,1472,1472,1414,True,ok
5,45,Drowsy,60,processed,26,4461713581161125059,31.622776601683796,25.002500250041432,8,0.16,4,0.4804734224284379,12,0.8,1.3,5.0,0.40804329002400824,0.7154372976511632,1472,1472,1410,True,ok
5,45,Drowsy,60,processed,27,13567860594755452350,31.622776601683796,25.002500250041432,8,0.16,4,0.4804734224284379,12,0.8,1.3,5.0,0.4524432692380199,0.9021841312720821,1472,1472,1387,True,ok
5,45,Drowsy,60,processed,28,2371131968587114990,31.622776601683796,25.002500250041432,8,0.16,4,0.4804734224284379,12,0.8,1.3,5.0,0.4750508664839163,0.8674332462654508,1472,1472,1417,True,ok
5,45,Drowsy,60,processed,29,10127407460496118491,31.622776601683796,25.002500250041432,8,0.16,4,0.4804734224284379,12,0.8,1.3,5.0,0.47364124506543903,0.8624368859048562,1472,1472,1391,True,ok
5,45,Drowsy,60,processed,30,17904887344516579091,31.622776601683796,25.002500250041432,8,0.16,4,0.4804734224284379,12,0.8,1.3,5.0,0.48651172679083005,0.8751911049622112,1472,1472,1418,True,ok
5,45,Drowsy,60,processed,31,18130600116009880393,31.622776601683796,25.002500250041432,8,0.16,4,0.4804734224284379,12,0.8,1.3,5.0,0.4720467315286855,0.7769218778341864,1472,1472,1397,True,ok
5,45,Drowsy,60,processed,32,12401237006308944559,31.622776601683796,25.002500250041432,8,0.16,4,0.4804734224284379,12,0.8,1.3,5.0,0.45562542293723785,0.8805646082018095,1472,1472,1409,True,ok
5,45,Drowsy,60,processed,33,4116521612894610399,31.622776601683796,25.002500250041432,8,0.16,4,0.4804734224284379,12,0.8,1.3,5.0,0.4691674039457659,0.8855889344007223,1472,1472,1394,True,ok
5,45,Drowsy,60,processed,34,7005281229548663689,31.622776601683796,25.002500250041432,8,0.16,4,0.4804734224284379,12,0.8,1.3,5.0,0.43866170606106175,0.8880188985609857,1472,1472,1401,True,ok
5,45,Drowsy,60,processed,35,1211347402304274545,31.622776601683796,25.002500250041432,8,0.16,4,0.4804734224284379,12,0.8,1.3,5.0,0.45932855667939576,0.9302329133715206,1472,1472,1399,True,ok
5,45,Drowsy,60,processed,36,13115660379573713931,31.622776601683796,25.002500250041432,8,0.16,4,0.4804734224284379,12,0.8,1.3,5.0,0.4744732826811519,0.9092511381222176,1472,1472,1401,True,ok
5,45,Drowsy,60,processed,37,14434089205956640133,31.622776601683796,25.002500250041432,8,0.16,4,0.4804734224284379,12,0.8,1.3,5.0,0.433218986865319,0.9482336369219083,1472,1472,1380,True,ok
5,45,Drowsy,60,processed,38,13817536086512258348,31.622776601683796,25.002500250041432,8,0.16,4,0.4804734224284379,12,0.8,1.3,5.0,0.43292629816390393,0.8632622842091651,1472,1472,1410,True,ok
5,45,Drowsy,60,processed,39,260140016074024005,31.622776601683796,25.002500250041432,8,0.16,4,0.4804734224284379,12,0.8,1.3,5.0,0.4533983262721398,0.8746244470097881,1472,1472,1400,True,ok
5,47,Drowsy,60,processed,1,11223790514315377744,26.296442576539505,25.002500250041432,8,0.16,4,0.4597513924484162,11,0.8,1.3,5.0,0.48656973299645756,0.9174768981585326,1472,1472,1415,True,ok
5,47,Drowsy,60,processed,2,14033214426250444390,26.296442576539505,25.002500250041432,8,0.16,4,0.4597513924484162,11,0.8,1.3,5.0,0.5094853552969657,0.964036481466786,1472,1472,1389,True,ok
5,47,Drowsy,60,processed,3,16453346088403091025,26.296442576539505,25.002500250041432,8,0.16,4,0.4597513924484162,11,0.8,1.3,5.0,0.5283186848388568,0.8701804529706052,1472,1472,1409,True,ok
5,47,Drowsy,60,processed,4,11232786388697634738,26.296442576539505,25.002500250041432,8,0.16,4,0.4597513924484162,11,0.8,1.3,5.0,0.4516021521766195,0.7895796782968819,1472,1472,1409,True,ok
5,47,Drowsy,60,processed,5,8578844163255630066,26.296442576539505,25.002500250041432,8,0.16,4,0.4597513924484162,11,0.8,1.3,5.0,0.42976256268990776,0.9003651516545716,1472,1472,1410,True,ok
5,47,Drowsy,60,processed,6,6084410169531242634,26.296442576539505,25.002500250041432,8,0.16,4,0.4597513924484162,11,0.8,1.3,5.0,0.5087044885873477,0.7902132747719087,1472,1472,1419,True,ok
5,47,Drowsy,60,processed,7,15061083689457303965,26.296442576539505,25.002500250041432,8,0.16,4,0.4597513924484162,11,0.8,1.3,5.0,0.5081115736225795,0.8500076427057808,1472,1472,1383,True,ok
5,47,Drowsy,60,processed,8,2337262200662046803,26.296442576539505,25.002500250041432,8,0.16,4,0.4597513924484162,11,0.8,1.3,5.0,0.5640881698733352,0.9451096293783463,1472,1472,1392,True,ok
5,47,Drowsy,60,processed,9,2424521847226760647,26.296442576539505,25.002500250041432,8,0.16,4,0.4597513924484162,11,0.8,1.3,5.0,0.6377674514640458,0.953258863828409,1472,1472,1397,True,ok
5,47,Drowsy,60,processed,10,5561563889014025937,26.296442576539505,25.002500250041432,8,0.16,4,0.4597513924484162,11,0.8,1.3,5.0,0.49979761481411683,0.918944743969449,1472,1472,1412,True,ok
5,47,Drowsy,60,processed,11,5979160631949641805,26.296442576539505,25.002500250041432,8,0.16,4,0.4597513924484162,11,0.8,1.3,5.0,0.5009650257149046,0.9196838612242505,1472,1472,1387,True,ok
5,47,Drowsy,60,processed,12,4361237434275383906,26.296442576539505,25.002500250041432,8,0.16,4,0.4597513924484162,11,0.8,1.3,5.0,0.5234635411359297,0.8204776245010642,1472,1472,1408,True,ok
5,47,Drowsy,60,processed,13,1010596598703750390,26.296442576539505,25.002500250041432,8,0.16,4,0.4597513924484162,11,0.8,1.3,5.0,0.4735314270192134,0.8496132316891399,1472,1472,1405,True,ok
5,47,Drowsy,60,processed,14,7052334863623955725,26.296442576539505,25.002500250041432,8,0.16,4,0.4597513924484162,11,0.8,1.3,5.0,0.5261133288141774,0.9321991146398187,1472,1472,1405,True,ok
5,47,Drowsy,60,processed,15,4849878945917984775,26.296442576539505,25.002500250041432,8,0.16,4,0.4597513924484162,11,0.8,1.3,5.0,0.4924549836290762,0.8855283225457808,1472,1472,1411,True,ok
5,47,Drowsy,60,processed,16,693679180129970291,26.296442576539505,25.002500250041432,8,0.16,4,0.4597513924484162,11,0.8,1.3,5.0,0.43220691685970986,0.6744673679161302,1472,1472,1424,True,ok
5,47,Drowsy,60,processed,17,14929188629491402633,26.296442576539505,25.002500250041432,8,0.16,4,0.4597513924484162,11,0.8,1.3,5.0,0.44391505804897696,0.7453679843344031,1472,1472,1400,True,ok
5,47,Drowsy,60,processed,18,6941384033710534895,26.296442576539505,25.002500250041432,8,0.16,4,0.4597513924484162,11,0.8,1.3,5.0,0.5508022437547894,0.926941928670906,1472,1472,1424,True,ok
5,47,Drowsy,60,processed,19,17838080387517225296,26.296442576539505,25.002500250041432,8,0.16,4,0.4597513924484162,11,0.8,1.3,5.0,0.444365470621527,0.9374210902105267,1472,1472,1409,True,ok
5,47,Drowsy,60,processed,20,17671303472006245375,26.296442576539505,25.002500250041432,8,0.16,4,0.4597513924484162,11,0.8,1.3,5.0,0.5742173173088257,0.8753907319394199,1472,1472,1395,True,ok
5,47,Drowsy,60,processed,21,6228196888628232758,26.296442576539505,25.002500250041432,8,0.16,4,0.4597513924484162,11,0.8,1.3,5.0,0.5542292270149155,0.938088075460564,1472,1472,1398,True,ok
5,47,Drowsy,60,processed,22,8100121315916214617,26.296442576539505,25.002500250041432,8,0.16,4,0.4597513924484162,11,0.8,1.3,5.0,0.47995230212509765,0.8063597027163648,1472,1472,1399,True,ok
5,47,Drowsy,60,processed,23,16239899868094843940,26.296442576539505,25.002500250041432,8,0.16,4,0.4597513924484162,11,0.8,1.3,5.0,0.506943307835345,0.9403775111743871,1472,1472,1420,True,ok
5,47,Drowsy,60,processed,24,14625253530754346820,26.296442576539505,25.002500250041432,8,0.16,4,0.4597513924484162,11,0.8,1.3,5.0,0.5333669778748201,0.8520489589871746,1472,1472,1412,True,ok
5,47,Drowsy,60,processed,25,17274460259986668971,26.296442576539505,25.002500250041432,8,0.16,4,0.4597513924484162,11,0.8,1.3,5.0,0.5537301742654757,0.9225478055935078,1472,1472,1418,True,ok
5,47,Drowsy,60,processed,26,3121658107049141765,26.296442576539505,25.002500250041432,8,0.16,4,0.4597513924484162,11,0.8,1.3,5.0,0.4204707556347782,0.8499208053776796,1472,1472,1410,True,ok
5,47,Drowsy,60,processed,27,8517410280790002023,26.296442576539505,25.002500250041432,8,0.16,4,0.4597513924484162,11,0.8,1.3,5.0,0.5835270702345506,0.9575831223033436,1472,1472,1413,True,ok
5,47,Drowsy,60,processed,28,1771571163195146486,26.296442576539505,25.002500250041432,8,0.16,4,0.4597513924484162,11,0.8,1.3,5.0,0.5251500894508395,0.8383239685817797,1472,1472,1416,True,ok
5,47,Drowsy,60,processed,29,14415291723179941835,26.296442576539505,25.002500250041432,8,0.16,4,0.4597513924484162,11,0.8,1.3,5.0,0.5759616593290445,0.9279584618612878,1472,1472,1385,True,ok
5,47,Drowsy,60,processed,30,12167265637371890819,26.296442576539505,25.002500250041432,8,0.16,4,0.4597513924484162,11,0.8,1.3,5.0,0.5419826270634237,0.9655659208843944,1472,1472,1396,True,ok
5,47,Drowsy,60,processed,31,6412954160276815638,26.296442576539505,25.002500250041432,8,0.16,4,0.4597513924484162,11,0.8,1.3,5.0,0.49596073762591314,0.8665751312595219,1472,1472,1418,True,ok
5,47,Drowsy,60,processed,32,16418823474229595620,26.296442576539505,25.002500250041432,8,0.16,4,0.4597513924484162,11,0.8,1.3,5.0,0.5294684337137994,0.8477344661516698,1472,1472,1397,True,ok
5,47,Drowsy,60,processed,33,4559865397126980870,26.296442576539505,25.002500250041432,8,0.16,4,0.4597513924484162,11,0.8,1.3,5.0,0.6015979667647761,0.9133935738007222,1472,1472,1411,True,ok
5,47,Drowsy,60,processed,34,2606208452066939601,26.296442576539505,25.002500250041432,8,0.16,4,0.4597513924484162,11,0.8,1.3,5.0,0.48979952250510017,0.7868276578304246,1472,1472,1395,True,ok
5,47,Drowsy,60,processed,35,18377484355161359821,26.296442576539505,25.002500250041432,8,0.16,4,0.4597513924484162,11,0.8,1.3,5.0,0.38910792354758483,0.7850983710902456,1472,1472,1421,True,ok
5,47,Drowsy,60,processed,36,16833306765981050139,26.296442576539505,25.002500250041432,8,0.16,4,0.4597513924484162,11,0.8,1.3,5.0,0.4997899827563588,0.8695088992993136,1472,1472,1404,True,ok
5,47,Drowsy,60,processed,37,11333694084381971051,26.296442576539505,25.002500250041432,8,0.16,4,0.4597513924484162,11,0.8,1.3,5.0,0.5071025522660331,0.8648361860238345,1472,1472,1407,True,ok
5,47,Drowsy,60,processed,38,9708730702682630570,26.296442576539505,25.002500250041432,8,0.16,4,0.4597513924484162,11,0.8,1.3,5.0,0.48086271215758114,0.8128932054519582,1472,1472,1402,True,ok
5,47,Drowsy,60,processed,39,14284194959593824684,26.296442576539505,25.002500250041432,8,0.16,4,0.4597513924484162,11,0.8,1.3,5.0,0.4968940430433359,0.7628079425683805,1472,1472,1413,True,ok
5,48,Drowsy,60,processed,1,9761400690891183430,38.02795747331068,25.002500250041432,8,0.16,4,0.5103807445747076,13,0.8,1.3,5.0,0.46591654383112946,0.8371171861090251,1472,1472,1407,True,ok
5,48,Drowsy,60,processed,2,3008275212459723803,38.02795747331068,25.002500250041432,8,0.16,4,0.5103807445747076,13,0.8,1.3,5.0,0.4348949041433194,0.8902418370462419,1472,1472,1416,True,ok
5,48,Drowsy,60,processed,3,12718751714685223619,38.02795747331068,25.002500250041432,8,0.16,4,0.5103807445747076,13,0.8,1.3,5.0,0.48002081061197055,0.8881071547588116,1472,1472,1393,True,ok
5,48,Drowsy,60,processed,4,10607587966707059032,38.02795747331068,25.002500250041432,8,0.16,4,0.5103807445747076,13,0.8,1.3,5.0,0.480549037871163,0.9173175187317257,1472,1472,1394,True,ok
5,48,Drowsy,60,processed,5,11552892908636585950,38.02795747331068,25.002500250041432,8,0.16,4,0.5103807445747076,13,0.8,1.3,5.0,0.4494259268959536,0.9594244109784936,1472,1472,1414,True,ok
5,48,Drowsy,60,processed,6,90896832717005649,38.02795747331068,25.002500250041432,8,0.16,4,0.5103807445747076,13,0.8,1.3,5.0,0.4548398110218819,0.8094456858396085,1472,1472,1427,True,ok
5,48,Drowsy,60,processed,7,13754536847914380313,38.02795747331068,25.002500250041432,8,0.16,4,0.5103807445747076,13,0.8,1.3,5.0,0.39565850673295194,0.9204567623725304,1472,1472,1423,True,ok
5,48,Drowsy,60,processed,8,50335461993637659,38.02795747331068,25.002500250041432,8,0.16,4,0.5103807445747076,13,0.8,1.3,5.0,0.46308428885139236,0.9543346655484484,1472,1472,1408,True,ok
5,48,Drowsy,60,processed,9,5960098793437043856,38.02795747331068,25.002500250041432,8,0.16,4,0.5103807445747076,13,0.8,1.3,5.0,0.39084838154643325,0.8580311135112829,1472,1472,1374,True,ok
5,48,Drowsy,60,processed,10,12604775300548031788,38.02795747331068,25.002500250041432,8,0.16,4,0.5103807445747076,13,0.8,1.3,5.0,0.49490274108558796,0.9720387515523321,1472,1472,1410,True,ok
5,48,Drowsy,60,processed,11,10444951330272205611,38.02795747331068,25.002500250041432,8,0.16,4,0.5103807445747076,13,0.8,1.3,5.0,0.4320123666563052,0.9129226853739534,1472,1472,1426,True,ok
5,48,Drowsy,60,processed,12,16275824243605323367,38.02795747331068,25.002500250041432,8,0.16,4,0.5103807445747076,13,0.8,1.3,5.0,0.5015407607329904,0.9636309075747654,1472,1472,1384,True,ok
5,48,Drowsy,60,processed,13,2846148290911506829,38.02795747331068,25.002500250041432,8,0.16,4,0.5103807445747076,13,0.8,1.3,5.0,0.4743720138392753,0.8450991420775885,1472,1472,1394,True,ok
5,48,Drowsy,60,processed,14,2825621014435225809,38.02795747331068,25.002500250041432,8,0.16,4,0.5103807445747076,13,0.8,1.3,5.0,0.4347332701727477,0.9059975576422106,1472,1472,1402,True,ok
5,48,Drowsy,60,processed,15,12282005024527003521,38.02795747331068,25.002500250041432,8,0.16,4,0.5103807445747076,13,0.8,1.3,5.0,0.44695281515608465,0.8581868479464568,1472,1472,1414,True,ok
5,48,Drowsy,60,processed,16,2266933512672285394,38.02795747331068,25.002500250041432,8,0.16,4,0.5103807445747076,13,0.8,1.3,5.0,0.4460412949048513,0.9501393673305947,1472,1472,1378,True,ok
5,48,Drowsy,60,processed,17,9302394415892435820,38.02795747331068,25.002500250041432,8,0.16,4,0.5103807445747076,13,0.8,1.3,5.0,0.4127962831243156,0.907684417264822,1472,1472,1415,True,ok
5,48,Drowsy,60,processed,18,13203379512109703599,38.02795747331068,25.002500250041432,8,0.16,4,0.5103807445747076,13,0.8,1.3,5.0,0.4931640723247066,0.8631827630919691,1472,1472,1413,True,ok
5,48,Drowsy,60,processed,19,617400895805719922,38.02795747331068,25.002500250041432,8,0.16,4,0.5103807445747076,13,0.8,1.3,5.0,0.44316416470608816,0.8468824902729163,1472,1472,1401,True,ok
5,48,Drowsy,60,processed,20,13674193050097744824,38.02795747331068,25.002500250041432,8,0.16,4,0.5103807445747076,13,0.8,1.3,5.0,0.4285023208110635,0.8652873953402445,1472,1472,1406,True,ok
5,48,Drowsy,60,processed,21,13950678453498671816,38.02795747331068,25.002500250041432,8,0.16,4,0.5103807445747076,13,0.8,1.3,5.0,0.3856949645083968,0.8254423959342471,1472,1472,1397,True,ok
5,48,Drowsy,60,processed,22,15206745135440249721,38.02795747331068,25.002500250041432,8,0.16,4,0.5103807445747076,13,0.8,1.3,5.0,0.4194208687141643,0.8980736471593208,1472,1472,1417,True,ok
5,48,Drowsy,60,processed,23,14538415952088705263,38.02795747331068,25.002500250041432,8,0.16,4,0.5103807445747076,13,0.8,1.3,5.0,0.3693926302591764,0.9187319509551513,1472,1472,1394,True,ok
5,48,Drowsy,60,processed,24,16330331369962795618,38.02795747331068,25.002500250041432,8,0.16,4,0.5103807445747076,13,0.8,1.3,5.0,0.47135905337653156,0.8893580069908407,1472,1472,1409,True,ok
5,48,Drowsy,60,processed,25,5601973771940196020,38.02795747331068,25.002500250041432,8,0.16,4,0.5103807445747076,13,0.8,1.3,5.0,0.4449435353444671,0.782208649483181,1472,1472,1397,True,ok
5,48,Drowsy,60,processed,26,11390503202546436295,38.02795747331068,25.002500250041432,8,0.16,4,0.5103807445747076,13,0.8,1.3,5.0,0.35877753350992675,0.8544780414100321,1472,1472,1407,True,ok
5,48,Drowsy,60,processed,27,12625308824454656163,38.02795747331068,25.002500250041432,8,0.16,4,0.5103807445747076,13,0.8,1.3,5.0,0.426603414280306,0.8503458867061613,1472,1472,1419,True,ok
5,48,Drowsy,60,processed,28,1122237301448090688,38.02795747331068,25.002500250041432,8,0.16,4,0.5103807445747076,13,0.8,1.3,5.0,0.45284598858543396,0.9397895476536079,1472,1472,1405,True,ok
5,48,Drowsy,60,processed,29,8433976219532999625,38.02795747331068,25.002500250041432,8,0.16,4,0.5103807445747076,13,0.8,1.3,5.0,0.46960666887587904,0.9175460980469963,1472,1472,1422,True,ok
5,48,Drowsy,60,processed,30,17879013644607867510,38.02795747331068,25.002500250041432,8,0.16,4,0.5103807445747076,13,0.8,1.3,5.0,0.3878242845747959,0.8492545404821122,1472,1472,1405,True,ok
5,48,Drowsy,60,processed,31,9079151003154682138,38.02795747331068,25.002500250041432,8,0.16,4,0.5103807445747076,13,0.8,1.3,5.0,0.46367407499148017,0.948775876663806,1472,1472,1422,True,ok
5,48,Drowsy,60,processed,32,14482736502218720863,38.02795747331068,25.002500250041432,8,0.16,4,0.5103807445747076,13,0.8,1.3,5.0,0.4746109344951848,0.9433826887778527,1472,1472,1385,True,ok
5,48,Drowsy,60,processed,33,15156830723040645661,38.02795747331068,25.002500250041432,8,0.16,4,0.5103807445747076,13,0.8,1.3,5.0,0.4430799412358532,0.9226299959507646,1472,1472,1419,True,ok
5,48,Drowsy,60,processed,34,15335902981363712460,38.02795747331068,25.002500250041432,8,0.16,4,0.5103807445747076,13,0.8,1.3,5.0,0.43464985586443955,0.9270688402592047,1472,1472,1373,True,ok
5,48,Drowsy,60,processed,35,18145468800944172499,38.02795747331068,25.002500250041432,8,0.16,4,0.5103807445747076,13,0.8,1.3,5.0,0.3867708208238514,0.8661795406063499,1472,1472,1413,True,ok
5,48,Drowsy,60,processed,36,11853416452478310894,38.02795747331068,25.002500250041432,8,0.16,4,0.5103807445747076,13,0.8,1.3,5.0,0.38769445733086316,0.8414718819739793,1472,1472,1398,True,ok
5,48,Drowsy,60,processed,37,8295782015411398240,38.02795747331068,25.002500250041432,8,0.16,4,0.5103807445747076,13,0.8,1.3,5.0,0.394677772727706,0.84614471615254,1472,1472,1411,True,ok
5,48,Drowsy,60,processed,38,12248510157478429578,38.02795747331068,25.002500250041432,8,0.16,4,0.5103807445747076,13,0.8,1.3,5.0,0.420986213223148,0.9018337454485508,1472,1472,1405,True,ok
5,48,Drowsy,60,processed,39,17843986014549464110,38.02795747331068,25.002500250041432,8,0.16,4,0.5103807445747076,13,0.8,1.3,5.0,0.4772575883621704,0.9464268995262558,1472,1472,1416,True,ok
5,49,Awake,60,processed,1,5625851830593284463,38.02795747331068,25.002500250041432,8,0.16,4,0.5624242944266082,14,0.8,1.3,5.0,0.4599657920151647,0.9646205001471659,1472,1472,1404,True,ok
5,49,Awake,60,processed,2,14537860345149034241,38.02795747331068,25.002500250041432,8,0.16,4,0.5624242944266082,14,0.8,1.3,5.0,0.4784534987830109,0.9589279568163218,1472,1472,1397,True,ok
5,49,Awake,60,processed,3,11228460959336349025,38.02795747331068,25.002500250041432,8,0.16,4,0.5624242944266082,14,0.8,1.3,5.0,0.4613316190893482,0.8955898297261244,1472,1472,1403,True,ok
5,49,Awake,60,processed,4,10980738223871522375,38.02795747331068,25.002500250041432,8,0.16,4,0.5624242944266082,14,0.8,1.3,5.0,0.39617545757413275,0.7984786589610104,1472,1472,1412,True,ok
5,49,Awake,60,processed,5,7870412115510683368,38.02795747331068,25.002500250041432,8,0.16,4,0.5624242944266082,14,0.8,1.3,5.0,0.4420354904439591,0.8408179361588813,1472,1472,1410,True,ok
5,49,Awake,60,processed,6,16198079597716309486,38.02795747331068,25.002500250041432,8,0.16,4,0.5624242944266082,14,0.8,1.3,5.0,0.4740958972536868,0.966316115890188,1472,1472,1421,True,ok
5,49,Awake,60,processed,7,16026615118693810294,38.02795747331068,25.002500250041432,8,0.16,4,0.5624242944266082,14,0.8,1.3,5.0,0.4526193216574162,0.9005715189739159,1472,1472,1430,True,ok
5,49,Awake,60,processed,8,11145756495942160695,38.02795747331068,25.002500250041432,8,0.16,4,0.5624242944266082,14,0.8,1.3,5.0,0.5236809580484558,0.9130108252115112,1472,1472,1414,True,ok
5,49,Awake,60,processed,9,4821529708717049042,38.02795747331068,25.002500250041432,8,0.16,4,0.5624242944266082,14,0.8,1.3,5.0,0.4901504900902436,0.9388857986018578,1472,1472,1409,True,ok
5,49,Awake,60,processed,10,962292339100013863,38.02795747331068,25.002500250041432,8,0.16,4,0.5624242944266082,14,0.8,1.3,5.0,0.3699427257460608,0.8552262069358975,1472,1472,1417,True,ok
5,49,Awake,60,processed,11,1643278706575153814,38.02795747331068,25.002500250041432,8,0.16,4,0.5624242944266082,14,0.8,1.3,5.0,0.4114004015583658,0.8713336016326906,1472,1472,1417,True,ok
5,49,Awake,60,processed,12,17235335409142199093,38.02795747331068,25.002500250041432,8,0.16,4,0.5624242944266082,14,0.8,1.3,5.0,0.4115768914641591,0.8664961242285517,1472,1472,1423,True,ok
5,49,Awake,60,processed,13,15068634389017763754,38.02795747331068,25.002500250041432,8,0.16,4,0.5624242944266082,14,0.8,1.3,5.0,0.48745818565749455,0.9497532207836694,1472,1472,1424,True,ok
5,49,Awake,60,processed,14,12432898027250760834,38.02795747331068,25.002500250041432,8,0.16,4,0.5624242944266082,14,0.8,1.3,5.0,0.4750601903374603,0.9051181579746964,1472,1472,1408,True,ok
5,49,Awake,60,processed,15,11358687460513808085,38.02795747331068,25.002500250041432,8,0.16,4,0.5624242944266082,14,0.8,1.3,5.0,0.48448144515595387,0.8940174909090169,1472,1472,1385,True,ok
5,49,Awake,60,processed,16,12323977533164237558,38.02795747331068,25.002500250041432,8,0.16,4,0.5624242944266082,14,0.8,1.3,5.0,0.5058076184084951,0.8843801065392333,1472,1472,1382,True,ok
5,49,Awake,60,processed,17,3616173215242297766,38.02795747331068,25.002500250041432,8,0.16,4,0.5624242944266082,14,0.8,1.3,5.0,0.3669797223418851,0.8979305924383384,1472,1472,1407,True,ok
5,49,Awake,60,processed,18,9056772371410727619,38.02795747331068,25.002500250041432,8,0.16,4,0.5624242944266082,14,0.8,1.3,5.0,0.388068759659988,0.7733318921450444,1472,1472,1396,True,ok
5,49,Awake,60,processed,19,9090229275057636322,38.02795747331068,25.002500250041432,8,0.16,4,0.5624242944266082,14,0.8,1.3,5.0,0.45370979980222564,0.916181459612529,1472,1472,1423,True,ok
5,49,Awake,60,processed,20,47141995227227790,38.02795747331068,25.002500250041432,8,0.16,4,0.5624242944266082,14,0.8,1.3,5.0,0.49232729438910133,0.9385505930434057,1472,1472,1395,True,ok
5,49,Awake,60,processed,21,13158647198898483450,38.02795747331068,25.002500250041432,8,0.16,4,0.5624242944266082,14,0.8,1.3,5.0,0.45018398574141716,0.8560545291089652,1472,1472,1409,True,ok
5,49,Awake,60,processed,22,502745979978890288,38.02795747331068,25.002500250041432,8,0.16,4,0.5624242944266082,14,0.8,1.3,5.0,0.44699166099446924,0.9099495492085652,1472,1472,1413,True,ok
5,49,Awake,60,processed,23,17686994218113607306,38.02795747331068,25.002500250041432,8,0.16,4,0.5624242944266082,14,0.8,1.3,5.0,0.4605115898992309,0.8730472883855409,1472,1472,1409,True,ok
5,49,Awake,60,processed,24,13520496947558036699,38.02795747331068,25.002500250041432,8,0.16,4,0.5624242944266082,14,0.8,1.3,5.0,0.3873928685641611,0.8095027445311614,1472,1472,1384,True,ok
5,49,Awake,60,processed,25,15435151183917301542,38.02795747331068,25.002500250041432,8,0.16,4,0.5624242944266082,14,0.8,1.3,5.0,0.5514458462756755,0.9200589384518684,1472,1464,1398,True,ok
5,49,Awake,60,processed,26,13655581078245564033,38.02795747331068,25.002500250041432,8,0.16,4,0.5624242944266082,14,0.8,1.3,5.0,0.4761045373536023,0.9462217010596677,1472,1472,1418,True,ok
5,49,Awake,60,processed,27,12148328133751268742,38.02795747331068,25.002500250041432,8,0.16,4,0.5624242944266082,14,0.8,1.3,5.0,0.4738274007697296,0.9234223375144166,1472,1472,1422,True,ok
5,49,Awake,60,processed,28,723181669637439020,38.02795747331068,25.002500250041432,8,0.16,4,0.5624242944266082,14,0.8,1.3,5.0,0.4898717680406537,0.9301845820418335,1472,1472,1410,True,ok
5,49,Awake,60,processed,29,11648496429169553907,38.02795747331068,25.002500250041432,8,0.16,4,0.5624242944266082,14,0.8,1.3,5.0,0.49851673792725365,0.9472945717977709,1472,1472,1415,True,ok
5,49,Awake,60,processed,30,4498482525004344138,38.02795747331068,25.002500250041432,8,0.16,4,0.5624242944266082,14,0.8,1.3,5.0,0.47264079688948757,0.8457139784423291,1472,1472,1396,True,ok
5,49,Awake,60,processed,31,17518778495219526368,38.02795747331068,25.002500250041432,8,0.16,4,0.5624242944266082,14,0.8,1.3,5.0,0.45993686874383505,0.9706240892180515,1472,1472,1414,True,ok
5,49,Awake,60,processed,32,6021312332117145709,38.02795747331068,25.002500250041432,8,0.16,4,0.5624242944266082,14,0.8,1.3,5.0,0.5897778425695617,0.9786635686413062,1472,1468,1406,True,ok
5,49,Awake,60,processed,33,9038254141814849061,38.02795747331068,25.002500250041432,8,0.16,4,0.5624242944266082,14,0.8,1.3,5.0,0.438446300784432,0.9083437050601822,1472,1472,1419,True,ok
5,49,Awake,60,processed,34,1987742141738180756,38.02795747331068,25.002500250041432,8,0.16,4,0.5624242944266082,14,0.8,1.3,5.0,0.4526237227209605,0.9078225301313255,1472,1472,1403,True,ok
5,49,Awake,60,processed,35,13861029645415258909,38.02795747331068,25.002500250041432,8,0.16,4,0.5624242944266082,14,0.8,1.3,5.0,0.49652048035865576,0.9574794920039599,1472,1472,1385,True,ok
5,49,Awake,60,processed,36,9782877518206849846,38.02795747331068,25.002500250041432,8,0.16,4,0.5624242944266082,14,0.8,1.3,5.0,0.4457167526163951,0.9048099536461064,1472,1472,1428,True,ok
5,49,Awake,60,processed,37,11708088861808987225,38.02795747331068,25.002500250041432,8,0.16,4,0.5624242944266082,14,0.8,1.3,5.0,0.374939087845463,0.8463481080754601,1472,1472,1406,True,ok
5,49,Awake,60,processed,38,8883961530838715513,38.02795747331068,25.002500250041432,8,0.16,4,0.5624242944266082,14,0.8,1.3,5.0,0.5491310740446642,0.923309257513673,1472,1472,1388,True,ok
5,49,Awake,60,processed,39,3487771255223263944,38.02795747331068,25.002500250041432,8,0.16,4,0.5624242944266082,14,0.8,1.3,5.0,0.5908319107816267,0.9433703853471694,1472,1472,1415,True,ok
5,52,Drowsy,60,processed,1,4157066618503376204,38.02795747331068,25.002500250041432,8,0.16,4,0.5277695338886096,13,0.8,1.3,5.0,0.46819769894673874,0.9356926683323986,1472,1472,1383,True,ok
5,52,Drowsy,60,processed,2,12774106178863765617,38.02795747331068,25.002500250041432,8,0.16,4,0.5277695338886096,13,0.8,1.3,5.0,0.49571833276632066,0.9394670118552482,1472,1472,1431,True,ok
5,52,Drowsy,60,processed,3,13249713087446029545,38.02795747331068,25.002500250041432,8,0.16,4,0.5277695338886096,13,0.8,1.3,5.0,0.5202437882117803,0.9522789409618112,1472,1472,1396,True,ok
5,52,Drowsy,60,processed,4,10483614706980102624,38.02795747331068,25.002500250041432,8,0.16,4,0.5277695338886096,13,0.8,1.3,5.0,0.43389703817047987,0.8564977261258745,1472,1472,1424,True,ok
5,52,Drowsy,60,processed,5,8203986136752837262,38.02795747331068,25.002500250041432,8,0.16,4,0.5277695338886096,13,0.8,1.3,5.0,0.4583071320015963,0.8549097673285383,1472,1472,1409,True,ok
5,52,Drowsy,60,processed,6,6952950632615352676,38.02795747331068,25.002500250041432,8,0.16,4,0.5277695338886096,13,0.8,1.3,5.0,0.44234524168417716,0.849529419464953,1472,1472,1399,True,ok
5,52,Drowsy,60,processed,7,770466682052338524,38.02795747331068,25.002500250041432,8,0.16,4,0.5277695338886096,13,0.8,1.3,5.0,0.4054322000377898,0.906198228153399,1472,1472,1409,True,ok
5,52,Drowsy,60,processed,8,2138455885945411978,38.02795747331068,25.002500250041432,8,0.16,4,0.5277695338886096,13,0.8,1.3,5.0,0.43956559474732243,0.8493288422833747,1472,1472,1395,True,ok
5,52,Drowsy,60,processed,9,4243170513083344183,38.02795747331068,25.002500250041432,8,0.16,4,0.5277695338886096,13,0.8,1.3,5.0,0.477224727215059,0.9116155180616483,1472,1472,1412,True,ok
5,52,Drowsy,60,processed,10,17183696819948261934,38.02795747331068,25.002500250041432,8,0.16,4,0.5277695338886096,13,0.8,1.3,5.0,0.4437517817751118,0.8241977876151793,1472,1472,1415,True,ok
5,52,Drowsy,60,processed,11,17158531178045205077,38.02795747331068,25.002500250041432,8,0.16,4,0.5277695338886096,13,0.8,1.3,5.0,0.41842769344343644,0.933882491150079,1472,1472,1417,True,ok
5,52,Drowsy,60,processed,12,7952269804188919593,38.02795747331068,25.002500250041432,8,0.16,4,0.5277695338886096,13,0.8,1.3,5.0,0.4020230750725619,0.8154434310848238,1472,1472,1426,True,ok
5,52,Drowsy,60,processed,13,11480405816084003335,38.02795747331068,25.002500250041432,8,0.16,4,0.5277695338886096,13,0.8,1.3,5.0,0.4889455003682788,0.8799492291978132,1472,1472,1389,True,ok
5,52,Drowsy,60,processed,14,17545285481617981660,38.02795747331068,25.002500250041432,8,0.16,4,0.5277695338886096,13,0.8,1.3,5.0,0.44119745818673634,0.9005653947845357,1472,1472,1402,True,ok
5,52,Drowsy,60,processed,15,12027787355267784567,38.02795747331068,25.002500250041432,8,0.16,4,0.5277695338886096,13,0.8,1.3,5.0,0.4650984863902526,0.9107305414217153,1472,1472,1405,True,ok
5,52,Drowsy,60,processed,16,3477354454545411615,38.02795747331068,25.002500250041432,8,0.16,4,0.5277695338886096,13,0.8,1.3,5.0,0.45576086254486603,0.9231108373550636,1472,1472,1431,True,ok
5,52,Drowsy,60,processed,17,4629008151536096544,38.02795747331068,25.002500250041432,8,0.16,4,0.5277695338886096,13,0.8,1.3,5.0,0.4563752695278884,0.9218339379293833,1472,1472,1414,True,ok
5,52,Drowsy,60,processed,18,10840622080723977164,38.02795747331068,25.002500250041432,8,0.16,4,0.5277695338886096,13,0.8,1.3,5.0,0.5171079685080188,0.8866694959892105,1472,1472,1411,True,ok
5,52,Drowsy,60,processed,19,11840208281732539632,38.02795747331068,25.002500250041432,8,0.16,4,0.5277695338886096,13,0.8,1.3,5.0,0.48750292969509895,0.9300700144868476,1472,1472,1397,True,ok
5,52,Drowsy,60,processed,20,6552524602241793107,38.02795747331068,25.002500250041432,8,0.16,4,0.5277695338886096,13,0.8,1.3,5.0,0.48066187317622466,0.8414564965657432,1472,1472,1394,True,ok
5,52,Drowsy,60,processed,21,3737954022443322819,38.02795747331068,25.002500250041432,8,0.16,4,0.5277695338886096,13,0.8,1.3,5.0,0.5486470865170546,0.9490131695996411,1472,1472,1376,True,ok
5,52,Drowsy,60,processed,22,10863021817094590875,38.02795747331068,25.002500250041432,8,0.16,4,0.5277695338886096,13,0.8,1.3,5.0,0.5271953592110519,0.8635220097471981,1472,1472,1387,True,ok
5,52,Drowsy,60,processed,23,4790472152047478247,38.02795747331068,25.002500250041432,8,0.16,4,0.5277695338886096,13,0.8,1.3,5.0,0.4393133191533623,0.9369895040036766,1472,1472,1426,True,ok
5,52,Drowsy,60,processed,24,5475328025546046223,38.02795747331068,25.002500250041432,8,0.16,4,0.5277695338886096,13,0.8,1.3,5.0,0.40394062563178806,0.8340160079675173,1472,1472,1401,True,ok
5,52,Drowsy,60,processed,25,7887597271821033513,38.02795747331068,25.002500250041432,8,0.16,4,0.5277695338886096,13,0.8,1.3,5.0,0.4613114716104282,0.9387926024187404,1472,1472,1426,True,ok
5,52,Drowsy,60,processed,26,11073134558374745828,38.02795747331068,25.002500250041432,8,0.16,4,0.5277695338886096,13,0.8,1.3,5.0,0.46710084146988085,0.847756545754439,1472,1472,1408,True,ok
5,52,Drowsy,60,processed,27,7702820704141298341,38.02795747331068,25.002500250041432,8,0.16,4,0.5277695338886096,13,0.8,1.3,5.0,0.4447284938824465,0.887817916009487,1472,1472,1383,True,ok
5,52,Drowsy,60,processed,28,1139364218525248057,38.02795747331068,25.002500250041432,8,0.16,4,0.5277695338886096,13,0.8,1.3,5.0,0.4153470372457845,0.793595432887695,1472,1472,1400,True,ok
5,52,Drowsy,60,processed,29,1353945689383279780,38.02795747331068,25.002500250041432,8,0.16,4,0.5277695338886096,13,0.8,1.3,5.0,0.4208985794077556,0.7999303252399219,1472,1472,1395,True,ok
5,52,Drowsy,60,processed,30,11388258418386779094,38.02795747331068,25.002500250041432,8,0.16,4,0.5277695338886096,13,0.8,1.3,5.0,0.43946368777917566,0.8428389350649815,1472,1472,1415,True,ok
5,52,Drowsy,60,processed,31,18314585256791524696,38.02795747331068,25.002500250041432,8,0.16,4,0.5277695338886096,13,0.8,1.3,5.0,0.43082628416259233,0.8395024595279443,1472,1472,1417,True,ok
5,52,Drowsy,60,processed,32,15615140531073913302,38.02795747331068,25.002500250041432,8,0.16,4,0.5277695338886096,13,0.8,1.3,5.0,0.5219370540052725,0.9428855010513164,1472,1472,1403,True,ok
5,52,Drowsy,60,processed,33,4072330033179201342,38.02795747331068,25.002500250041432,8,0.16,4,0.5277695338886096,13,0.8,1.3,5.0,0.45043063668897443,0.878978001819761,1472,1472,1408,True,ok
5,52,Drowsy,60,processed,34,3866778251409247375,38.02795747331068,25.002500250041432,8,0.16,4,0.5277695338886096,13,0.8,1.3,5.0,0.4736914838827598,0.8405167582958948,1472,1472,1418,True,ok
5,52,Drowsy,60,processed,35,4823372325589916613,38.02795747331068,25.002500250041432,8,0.16,4,0.5277695338886096,13,0.8,1.3,5.0,0.5161083093063159,0.9097728158892764,1472,1472,1408,True,ok
5,52,Drowsy,60,processed,36,7735053478250519680,38.02795747331068,25.002500250041432,8,0.16,4,0.5277695338886096,13,0.8,1.3,5.0,0.46563025118626933,0.8694727984823966,1472,1472,1426,True,ok
5,52,Drowsy,60,processed,37,13425873456713122518,38.02795747331068,25.002500250041432,8,0.16,4,0.5277695338886096,13,0.8,1.3,5.0,0.4697736299041052,0.9391100614740401,1472,1472,1395,True,ok
5,52,Drowsy,60,processed,38,8475066865173158656,38.02795747331068,25.002500250041432,8,0.16,4,0.5277695338886096,13,0.8,1.3,5.0,0.4241579015129834,0.8402578597227173,1472,1472,1416,True,ok
5,52,Drowsy,60,processed,39,9006405878017501078,38.02795747331068,25.002500250041432,8,0.16,4,0.5277695338886096,13,0.8,1.3,5.0,0.4433065301084411,0.8656172244159402,1472,1472,1415,True,ok
5,53,Drowsy,60,processed,1,5213001025820004628,38.02795747331068,25.002500250041432,8,0.16,4,0.5456447919996346,14,0.8,1.3,5.0,0.4750323571017508,0.9780742068201854,1472,1472,1413,True,ok
5,53,Drowsy,60,processed,2,15649819956514017242,38.02795747331068,25.002500250041432,8,0.16,4,0.5456447919996346,14,0.8,1.3,5.0,0.5092948122645575,0.8942541864587591,1472,1472,1420,True,ok
5,53,Drowsy,60,processed,3,15217688806221535585,38.02795747331068,25.002500250041432,8,0.16,4,0.5456447919996346,14,0.8,1.3,5.0,0.5168440510802583,0.9083697481519672,1472,1472,1408,True,ok
5,53,Drowsy,60,processed,4,11855509399972496682,38.02795747331068,25.002500250041432,8,0.16,4,0.5456447919996346,14,0.8,1.3,5.0,0.49443033587155205,0.8257553547890448,1472,1472,1394,True,ok
5,53,Drowsy,60,processed,5,16401161079055755513,38.02795747331068,25.002500250041432,8,0.16,4,0.5456447919996346,14,0.8,1.3,5.0,0.5164887282196547,0.9246039908375421,1472,1472,1420,True,ok
5,53,Drowsy,60,processed,6,9402601203979803553,38.02795747331068,25.002500250041432,8,0.16,4,0.5456447919996346,14,0.8,1.3,5.0,0.5290059462254886,0.9737315624668827,1472,1472,1407,True,ok
5,53,Drowsy,60,processed,7,6538614687832182091,38.02795747331068,25.002500250041432,8,0.16,4,0.5456447919996346,14,0.8,1.3,5.0,0.41848981344545344,0.8299714291294019,1472,1472,1395,True,ok
5,53,Drowsy,60,processed,8,4894908302137009115,38.02795747331068,25.002500250041432,8,0.16,4,0.5456447919996346,14,0.8,1.3,5.0,0.5157560866250744,0.9269161944925741,1472,1472,1379,True,ok
5,53,Drowsy,60,processed,9,15173197304390284995,38.02795747331068,25.002500250041432,8,0.16,4,0.5456447919996346,14,0.8,1.3,5.0,0.5788441772191649,0.9303383419009078,1472,1472,1419,True,ok
5,53,Drowsy,60,processed,10,6529526187991468976,38.02795747331068,25.002500250041432,8,0.16,4,0.5456447919996346,14,0.8,1.3,5.0,0.6401160718918403,0.9808520667371694,1472,1472,1385,True,ok
5,53,Drowsy,60,processed,11,17543155005466562042,38.02795747331068,25.002500250041432,8,0.16,4,0.5456447919996346,14,0.8,1.3,5.0,0.522194003546755,0.9260566085941997,1472,1472,1401,True,ok
5,53,Drowsy,60,processed,12,10887914691216700845,38.02795747331068,25.002500250041432,8,0.16,4,0.5456447919996346,14,0.8,1.3,5.0,0.5321464303081411,0.9320242512936234,1472,1472,1387,True,ok
5,53,Drowsy,60,processed,13,9889611283700351510,38.02795747331068,25.002500250041432,8,0.16,4,0.5456447919996346,14,0.8,1.3,5.0,0.5445937184697509,0.9064548115939566,1472,1472,1404,True,ok
5,53,Drowsy,60,processed,14,10954178918369133193,38.02795747331068,25.002500250041432,8,0.16,4,0.5456447919996346,14,0.8,1.3,5.0,0.5348710882388135,0.9300520133146154,1472,1472,1422,True,ok
5,53,Drowsy,60,processed,15,11969295226579933630,38.02795747331068,25.002500250041432,8,0.16,4,0.5456447919996346,14,0.8,1.3,5.0,0.5138067194137464,0.938487692853879,1472,1472,1435,True,ok
5,53,Drowsy,60,processed,16,10067590599005591733,38.02795747331068,25.002500250041432,8,0.16,4,0.5456447919996346,14,0.8,1.3,5.0,0.5154414443988939,0.8821753996612514,1472,1472,1386,True,ok
5,53,Drowsy,60,processed,17,1962888277580428810,38.02795747331068,25.002500250041432,8,0.16,4,0.5456447919996346,14,0.8,1.3,5.0,0.5204955896329497,0.8935732352324124,1472,1472,1413,True,ok
5,53,Drowsy,60,processed,18,7501775790238658230,38.02795747331068,25.002500250041432,8,0.16,4,0.5456447919996346,14,0.8,1.3,5.0,0.5599428896872483,0.9417704925562153,1472,1472,1383,True,ok
5,53,Drowsy,60,processed,19,2522553000001552885,38.02795747331068,25.002500250041432,8,0.16,4,0.5456447919996346,14,0.8,1.3,5.0,0.5126435813377417,0.9039146089351313,1472,1472,1397,True,ok
5,53,Drowsy,60,processed,20,16750888568914823424,38.02795747331068,25.002500250041432,8,0.16,4,0.5456447919996346,14,0.8,1.3,5.0,0.49366617934968826,0.8057978231206698,1472,1472,1386,True,ok
5,53,Drowsy,60,processed,21,10563337710897994117,38.02795747331068,25.002500250041432,8,0.16,4,0.5456447919996346,14,0.8,1.3,5.0,0.5495612056537261,0.8711787413122344,1472,1472,1414,True,ok
5,53,Drowsy,60,processed,22,18338902028771368091,38.02795747331068,25.002500250041432,8,0.16,4,0.5456447919996346,14,0.8,1.3,5.0,0.5102968052338396,0.9419710118869679,1472,1472,1410,True,ok
5,53,Drowsy,60,processed,23,7652041850640173344,38.02795747331068,25.002500250041432,8,0.16,4,0.5456447919996346,14,0.8,1.3,5.0,0.5321760674636404,0.9605472687321089,1472,1472,1411,True,ok
5,53,Drowsy,60,processed,24,11201197175116196915,38.02795747331068,25.002500250041432,8,0.16,4,0.5456447919996346,14,0.8,1.3,5.0,0.5414350467145815,0.8765044815430726,1472,1472,1398,True,ok
5,53,Drowsy,60,processed,25,9292801622472276680,38.02795747331068,25.002500250041432,8,0.16,4,0.5456447919996346,14,0.8,1.3,5.0,0.5805979210386857,0.9072852493350764,1472,1472,1401,True,ok
5,53,Drowsy,60,processed,26,2246681703434202977,38.02795747331068,25.002500250041432,8,0.16,4,0.5456447919996346,14,0.8,1.3,5.0,0.577781985435421,0.8950867961636809,1472,1472,1406,True,ok
5,53,Drowsy,60,processed,27,10328968073548713557,38.02795747331068,25.002500250041432,8,0.16,4,0.5456447919996346,14,0.8,1.3,5.0,0.582909948314902,0.967202846329928,1472,1472,1412,True,ok
5,53,Drowsy,60,processed,28,5532752008055655926,38.02795747331068,25.002500250041432,8,0.16,4,0.5456447919996346,14,0.8,1.3,5.0,0.4930954814969405,0.8987055135986898,1472,1472,1402,True,ok
5,53,Drowsy,60,processed,29,4174283905101371417,38.02795747331068,25.002500250041432,8,0.16,4,0.5456447919996346,14,0.8,1.3,5.0,0.5529987560145203,0.8745796278448755,1472,1472,1433,True,ok
5,53,Drowsy,60,processed,30,3473232805840393069,38.02795747331068,25.002500250041432,8,0.16,4,0.5456447919996346,14,0.8,1.3,5.0,0.47605193822591096,0.912047974256991,1472,1472,1384,True,ok
5,53,Drowsy,60,processed,31,8844589743088768985,38.02795747331068,25.002500250041432,8,0.16,4,0.5456447919996346,14,0.8,1.3,5.0,0.49789522336927816,0.8635432622476037,1472,1472,1414,True,ok
5,53,Drowsy,60,processed,32,15619590088649650738,38.02795747331068,25.002500250041432,8,0.16,4,0.5456447919996346,14,0.8,1.3,5.0,0.5313880925651966,0.9300647556174465,1472,1472,1400,True,ok
5,53,Drowsy,60,processed,33,15662093041217342410,38.02795747331068,25.002500250041432,8,0.16,4,0.5456447919996346,14,0.8,1.3,5.0,0.5289534219345419,0.9072670597973557,1472,1472,1428,True,ok
5,53,Drowsy,60,processed,34,9944156349524675335,38.02795747331068,25.002500250041432,8,0.16,4,0.5456447919996346,14,0.8,1.3,5.0,0.5012360188282075,0.9046332447726168,1472,1472,1408,True,ok
5,53,Drowsy,60,processed,35,11002939018680705390,38.02795747331068,25.002500250041432,8,0.16,4,0.5456447919996346,14,0.8,1.3,5.0,0.5370026458925288,0.9549914076981723,1472,1472,1424,True,ok
5,53,Drowsy,60,processed,36,6892902207664896797,38.02795747331068,25.002500250041432,8,0.16,4,0.5456447919996346,14,0.8,1.3,5.0,0.40621561106958576,0.7351806430367439,1472,1472,1398,True,ok
5,53,Drowsy,60,processed,37,14397686348459283189,38.02795747331068,25.002500250041432,8,0.16,4,0.5456447919996346,14,0.8,1.3,5.0,0.49223573167789214,0.9165272254894569,1472,1472,1399,True,ok
5,53,Drowsy,60,processed,38,870095611099667554,38.02795747331068,25.002500250041432,8,0.16,4,0.5456447919996346,14,0.8,1.3,5.0,0.5102821202016062,0.925739345526378,1472,1472,1416,True,ok
5,53,Drowsy,60,processed,39,15031028266978086454,38.02795747331068,25.002500250041432,8,0.16,4,0.5456447919996346,14,0.8,1.3,5.0,0.46910368945822123,0.8314829704365,1472,1472,1404,True,ok
5,54,Drowsy,60,processed,1,7769282997961146699,38.02795747331068,25.002500250041432,8,0.16,4,0.503296783005383,13,0.8,1.3,5.0,0.47287542262183196,0.9343169035271802,1472,1472,1407,True,ok
5,54,Drowsy,60,processed,2,555702205421536244,38.02795747331068,25.002500250041432,8,0.16,4,0.503296783005383,13,0.8,1.3,5.0,0.3921530426784188,0.7226332774925968,1472,1472,1412,True,ok
5,54,Drowsy,60,processed,3,9710284791135723435,38.02795747331068,25.002500250041432,8,0.16,4,0.503296783005383,13,0.8,1.3,5.0,0.463541026799327,0.9275058394015558,1472,1472,1393,True,ok
5,54,Drowsy,60,processed,4,12725535518105031097,38.02795747331068,25.002500250041432,8,0.16,4,0.503296783005383,13,0.8,1.3,5.0,0.4541807168692423,0.8782620980260383,1472,1472,1400,True,ok
5,54,Drowsy,60,processed,5,12010702586122401986,38.02795747331068,25.002500250041432,8,0.16,4,0.503296783005383,13,0.8,1.3,5.0,0.41246685658464083,0.8157473244006267,1472,1472,1407,True,ok
5,54,Drowsy,60,processed,6,6610308195304229465,38.02795747331068,25.002500250041432,8,0.16,4,0.503296783005383,13,0.8,1.3,5.0,0.41466533060187366,0.8026386219360014,1472,1472,1403,True,ok
5,54,Drowsy,60,processed,7,4941295262246335960,38.02795747331068,25.002500250041432,8,0.16,4,0.503296783005383,13,0.8,1.3,5.0,0.45798579232079367,0.8762452305305518,1472,1472,1410,True,ok
5,54,Drowsy,60,processed,8,12730460048147068260,38.02795747331068,25.002500250041432,8,0.16,4,0.503296783005383,13,0.8,1.3,5.0,0.4542835099530861,0.8682776361189797,1472,1472,1397,True,ok
5,54,Drowsy,60,processed,9,14102145108819116057,38.02795747331068,25.002500250041432,8,0.16,4,0.503296783005383,13,0.8,1.3,5.0,0.5237841936394354,0.9073796948070524,1472,1472,1409,True,ok
5,54,Drowsy,60,processed,10,15162694154989296743,38.02795747331068,25.002500250041432,8,0.16,4,0.503296783005383,13,0.8,1.3,5.0,0.4787412864384562,0.8673695672961502,1472,1472,1386,True,ok
5,54,Drowsy,60,processed,11,17553545337266391523,38.02795747331068,25.002500250041432,8,0.16,4,0.503296783005383,13,0.8,1.3,5.0,0.4590468571323152,0.8986328473322799,1472,1472,1417,True,ok
5,54,Drowsy,60,processed,12,2465620901799494959,38.02795747331068,25.002500250041432,8,0.16,4,0.503296783005383,13,0.8,1.3,5.0,0.43780147906081246,0.8488543620493274,1472,1472,1426,True,ok
5,54,Drowsy,60,processed,13,1077924172841197637,38.02795747331068,25.002500250041432,8,0.16,4,0.503296783005383,13,0.8,1.3,5.0,0.45983383890406426,0.8236613697259377,1472,1472,1411,True,ok
5,54,Drowsy,60,processed,14,5440876470262856875,38.02795747331068,25.002500250041432,8,0.16,4,0.503296783005383,13,0.8,1.3,5.0,0.45705206746057575,0.8194094345517643,1472,1472,1393,True,ok
5,54,Drowsy,60,processed,15,655862046014714375,38.02795747331068,25.002500250041432,8,0.16,4,0.503296783005383,13,0.8,1.3,5.0,0.4186365320279917,0.856222558338358,1472,1472,1404,True,ok
5,54,Drowsy,60,processed,16,2303973050806607586,38.02795747331068,25.002500250041432,8,0.16,4,0.503296783005383,13,0.8,1.3,5.0,0.48924105976975407,0.9480503638063518,1472,1472,1414,True,ok
5,54,Drowsy,60,processed,17,2201129551820816051,38.02795747331068,25.002500250041432,8,0.16,4,0.503296783005383,13,0.8,1.3,5.0,0.45402417336564244,0.9540214744286443,1472,1472,1413,True,ok
5,54,Drowsy,60,processed,18,6230201606395407537,38.02795747331068,25.002500250041432,8,0.16,4,0.503296783005383,13,0.8,1.3,5.0,0.49287067449013205,0.9629254462808792,1472,1472,1405,True,ok
5,54,Drowsy,60,processed,19,7390411184356825876,38.02795747331068,25.002500250041432,8,0.16,4,0.503296783005383,13,0.8,1.3,5.0,0.48094331986000544,0.9341295264220186,1472,1472,1414,True,ok
5,54,Drowsy,60,processed,20,2700344904518434152,38.02795747331068,25.002500250041432,8,0.16,4,0.503296783005383,13,0.8,1.3,5.0,0.4409348457612046,0.9104005574303334,1472,1472,1405,True,ok
5,54,Drowsy,60,processed,21,5602872097415317817,38.02795747331068,25.002500250041432,8,0.16,4,0.503296783005383,13,0.8,1.3,5.0,0.42992394573970893,0.7624963815664454,1472,1472,1389,True,ok
5,54,Drowsy,60,processed,22,6376464980443541985,38.02795747331068,25.002500250041432,8,0.16,4,0.503296783005383,13,0.8,1.3,5.0,0.39392191780796126,0.7901565110226038,1472,1472,1407,True,ok
5,54,Drowsy,60,processed,23,16060804918949244410,38.02795747331068,25.002500250041432,8,0.16,4,0.503296783005383,13,0.8,1.3,5.0,0.46858738616199735,0.8289314542422824,1472,1472,1403,True,ok
5,54,Drowsy,60,processed,24,337166633616793445,38.02795747331068,25.002500250041432,8,0.16,4,0.503296783005383,13,0.8,1.3,5.0,0.4787940126927599,0.915370810693184,1472,1472,1409,True,ok
5,54,Drowsy,60,processed,25,12319366081821241308,38.02795747331068,25.002500250041432,8,0.16,4,0.503296783005383,13,0.8,1.3,5.0,0.38953258764737436,0.7480334078961807,1472,1472,1385,True,ok
5,54,Drowsy,60,processed,26,6596558239831024035,38.02795747331068,25.002500250041432,8,0.16,4,0.503296783005383,13,0.8,1.3,5.0,0.42202842331194984,0.8446350858147976,1472,1472,1419,True,ok
5,54,Drowsy,60,processed,27,10501429692364536709,38.02795747331068,25.002500250041432,8,0.16,4,0.503296783005383,13,0.8,1.3,5.0,0.422632348199752,0.9141217753734168,1472,1472,1417,True,ok
5,54,Drowsy,60,processed,28,4970342384516823388,38.02795747331068,25.002500250041432,8,0.16,4,0.503296783005383,13,0.8,1.3,5.0,0.44146683038131124,0.8211704244397279,1472,1472,1418,True,ok
5,54,Drowsy,60,processed,29,2659572592244793989,38.02795747331068,25.002500250041432,8,0.16,4,0.503296783005383,13,0.8,1.3,5.0,0.5032443087295451,0.9338024122825737,1472,1472,1421,True,ok
5,54,Drowsy,60,processed,30,10733221455045223713,38.02795747331068,25.002500250041432,8,0.16,4,0.503296783005383,13,0.8,1.3,5.0,0.4649802635859734,0.9034432391493278,1472,1472,1402,True,ok
5,54,Drowsy,60,processed,31,1641155280632897002,38.02795747331068,25.002500250041432,8,0.16,4,0.503296783005383,13,0.8,1.3,5.0,0.4467499578298391,0.8800887523539206,1472,1472,1389,True,ok
5,54,Drowsy,60,processed,32,17950447114616828546,38.02795747331068,25.002500250041432,8,0.16,4,0.503296783005383,13,0.8,1.3,5.0,0.4366961909793175,0.7901227355047055,1472,1472,1412,True,ok
5,54,Drowsy,60,processed,33,5071557687854593068,38.02795747331068,25.002500250041432,8,0.16,4,0.503296783005383,13,0.8,1.3,5.0,0.43228535131390167,0.7275223016521284,1472,1472,1409,True,ok
5,54,Drowsy,60,processed,34,10491854868307938749,38.02795747331068,25.002500250041432,8,0.16,4,0.503296783005383,13,0.8,1.3,5.0,0.4200956004456676,0.8203766959164797,1472,1472,1416,True,ok
5,54,Drowsy,60,processed,35,4255636474759054813,38.02795747331068,25.002500250041432,8,0.16,4,0.503296783005383,13,0.8,1.3,5.0,0.46347162380850493,0.9499132591910434,1472,1472,1414,True,ok
5,54,Drowsy,60,processed,36,9460446279178833093,38.02795747331068,25.002500250041432,8,0.16,4,0.503296783005383,13,0.8,1.3,5.0,0.5336890925219743,0.9416557723447202,1472,1472,1404,True,ok
5,54,Drowsy,60,processed,37,6090356094573912257,38.02795747331068,25.002500250041432,8,0.16,4,0.503296783005383,13,0.8,1.3,5.0,0.4701974846762548,0.8203170583239219,1472,1472,1427,True,ok
5,54,Drowsy,60,processed,38,15025902898503321071,38.02795747331068,25.002500250041432,8,0.16,4,0.503296783005383,13,0.8,1.3,5.0,0.4592460315862527,0.8876809536399153,1472,1472,1404,True,ok
5,54,Drowsy,60,processed,39,13733293918718181521,38.02795747331068,25.002500250041432,8,0.16,4,0.503296783005383,13,0.8,1.3,5.0,0.5224114241620377,0.9314980792195725,1472,1472,1390,True,ok
