session,window_id,state,window_size_s,representation,surrogate_id,surrogate_seed,rho_star,sampling_rate_hz,m,tau_s,tau_samples,theiler_s,theiler_samples,fit_start_s,fit_end_s,max_follow_s,surrogate_lle,surrogate_fit_r2,n_embedded,n_pairs_initial,n_pairs_fit_min,valid,qc_reason
19,1,Awake,60,processed,1,11957706802802352317,138.30057843624795,24.996219321763952,8,0.16,4,0.406857041259778,10,0.8,1.3,5.0,0.6256685701689557,0.8893028183298873,1472,1472,1410,True,ok
19,1,Awake,60,processed,2,1346136642296499236,138.30057843624795,24.996219321763952,8,0.16,4,0.406857041259778,10,0.8,1.3,5.0,0.6042949062545003,0.8164072703049545,1472,1472,1416,True,ok
19,1,Awake,60,processed,3,5546642914251302314,138.30057843624795,24.996219321763952,8,0.16,4,0.406857041259778,10,0.8,1.3,5.0,0.6264325335317968,0.842825071363408,1472,1472,1420,True,ok
19,1,Awake,60,processed,4,456981600255557166,138.30057843624795,24.996219321763952,8,0.16,4,0.406857041259778,10,0.8,1.3,5.0,0.7137518269996987,0.8434928620009926,1472,1472,1426,True,ok
19,1,Awake,60,processed,5,18067160897743135598,138.30057843624795,24.996219321763952,8,0.16,4,0.406857041259778,10,0.8,1.3,5.0,0.725874860666776,0.8986982926202264,1472,1472,1414,True,ok
19,1,Awake,60,processed,6,14350170183621485442,138.30057843624795,24.996219321763952,8,0.16,4,0.406857041259778,10,0.8,1.3,5.0,0.6514372763528155,0.7212498813448417,1472,1472,1395,True,ok
19,1,Awake,60,processed,7,1903117939130921169,138.30057843624795,24.996219321763952,8,0.16,4,0.406857041259778,10,0.8,1.3,5.0,0.621887168485787,0.9117594379146905,1472,1472,1415,True,ok
19,1,Awake,60,processed,8,11018336721502378369,138.30057843624795,24.996219321763952,8,0.16,4,0.406857041259778,10,0.8,1.3,5.0,0.6513713079509489,0.8229833920255026,1472,1472,1415,True,ok
19,1,Awake,60,processed,9,16624086995996101435,138.30057843624795,24.996219321763952,8,0.16,4,0.406857041259778,10,0.8,1.3,5.0,0.6225399374384009,0.9211065717918597,1472,1472,1426,True,ok
19,1,Awake,60,processed,10,8059253610165167821,138.30057843624795,24.996219321763952,8,0.16,4,0.406857041259778,10,0.8,1.3,5.0,0.5375212886124972,0.6860066745002832,1472,1472,1408,True,ok
19,1,Awake,60,processed,11,1895197954101784340,138.30057843624795,24.996219321763952,8,0.16,4,0.406857041259778,10,0.8,1.3,5.0,0.6617686221371596,0.8253584716031126,1472,1472,1416,True,ok
19,1,Awake,60,processed,12,6322056777725553824,138.30057843624795,24.996219321763952,8,0.16,4,0.406857041259778,10,0.8,1.3,5.0,0.5816236801238691,0.8125437374920864,1472,1472,1405,True,ok
19,1,Awake,60,processed,13,15124993047569868122,138.30057843624795,24.996219321763952,8,0.16,4,0.406857041259778,10,0.8,1.3,5.0,0.6029242378777452,0.7783142400918582,1472,1472,1413,True,ok
19,1,Awake,60,processed,14,831548609167253965,138.30057843624795,24.996219321763952,8,0.16,4,0.406857041259778,10,0.8,1.3,5.0,0.6459293871074536,0.7911505598236876,1472,1472,1388,True,ok
19,1,Awake,60,processed,15,13010454363473588281,138.30057843624795,24.996219321763952,8,0.16,4,0.406857041259778,10,0.8,1.3,5.0,0.6581600552285456,0.9076416890700651,1472,1472,1397,True,ok
19,1,Awake,60,processed,16,15937844079741252702,138.30057843624795,24.996219321763952,8,0.16,4,0.406857041259778,10,0.8,1.3,5.0,0.6940177440246149,0.884564730446765,1472,1472,1395,True,ok
19,1,Awake,60,processed,17,235369698763154240,138.30057843624795,24.996219321763952,8,0.16,4,0.406857041259778,10,0.8,1.3,5.0,0.744611318154135,0.9261428618173301,1472,1472,1385,True,ok
19,1,Awake,60,processed,18,17338829005603682448,138.30057843624795,24.996219321763952,8,0.16,4,0.406857041259778,10,0.8,1.3,5.0,0.5980954895091426,0.8328244665677483,1472,1472,1400,True,ok
19,1,Awake,60,processed,19,1167107093431037065,138.30057843624795,24.996219321763952,8,0.16,4,0.406857041259778,10,0.8,1.3,5.0,0.6596051168120373,0.8688838210676108,1472,1472,1389,True,ok
19,1,Awake,60,processed,20,14859533759423493076,138.30057843624795,24.996219321763952,8,0.16,4,0.406857041259778,10,0.8,1.3,5.0,0.6451478406656107,0.8542005799063934,1472,1472,1393,True,ok
19,1,Awake,60,processed,21,12017907302256112597,138.30057843624795,24.996219321763952,8,0.16,4,0.406857041259778,10,0.8,1.3,5.0,0.635692540946125,0.8991473759054027,1472,1472,1403,True,ok
19,1,Awake,60,processed,22,6191040236116844591,138.30057843624795,24.996219321763952,8,0.16,4,0.406857041259778,10,0.8,1.3,5.0,0.6660519634702972,0.8518031841962448,1472,1472,1418,True,ok
19,1,Awake,60,processed,23,68805120108629205,138.30057843624795,24.996219321763952,8,0.16,4,0.406857041259778,10,0.8,1.3,5.0,0.6666259594165325,0.8181184919953225,1472,1472,1404,True,ok
19,1,Awake,60,processed,24,14795205156412618882,138.30057843624795,24.996219321763952,8,0.16,4,0.406857041259778,10,0.8,1.3,5.0,0.6472542571271009,0.8818296467851614,1472,1472,1389,True,ok
19,1,Awake,60,processed,25,10769018985097628705,138.30057843624795,24.996219321763952,8,0.16,4,0.406857041259778,10,0.8,1.3,5.0,0.6482703272201158,0.8735905465366013,1472,1472,1409,True,ok
19,1,Awake,60,processed,26,17592615233232642124,138.30057843624795,24.996219321763952,8,0.16,4,0.406857041259778,10,0.8,1.3,5.0,0.5696583410109555,0.7245961475303986,1472,1472,1410,True,ok
19,1,Awake,60,processed,27,4667118035369486760,138.30057843624795,24.996219321763952,8,0.16,4,0.406857041259778,10,0.8,1.3,5.0,0.646589096574592,0.8778084288636326,1472,1472,1415,True,ok
19,1,Awake,60,processed,28,3667800147164974148,138.30057843624795,24.996219321763952,8,0.16,4,0.406857041259778,10,0.8,1.3,5.0,0.5572902269754496,0.8255960326413044,1472,1472,1400,True,ok
19,1,Awake,60,processed,29,13549965079334817475,138.30057843624795,24.996219321763952,8,0.16,4,0.406857041259778,10,0.8,1.3,5.0,0.658148895500067,0.8617520828625006,1472,1472,1382,True,ok
19,1,Awake,60,processed,30,10776353783848999290,138.30057843624795,24.996219321763952,8,0.16,4,0.406857041259778,10,0.8,1.3,5.0,0.6091156163033713,0.8762029407165219,1472,1472,1416,True,ok
19,1,Awake,60,processed,31,6935579334194516591,138.30057843624795,24.996219321763952,8,0.16,4,0.406857041259778,10,0.8,1.3,5.0,0.6523873059614453,0.871671107980045,1472,1472,1401,True,ok
19,1,Awake,60,processed,32,13270484784672894187,138.30057843624795,24.996219321763952,8,0.16,4,0.406857041259778,10,0.8,1.3,5.0,0.6697217845608627,0.8758609066572559,1472,1472,1429,True,ok
19,1,Awake,60,processed,33,1878358051826833581,138.30057843624795,24.996219321763952,8,0.16,4,0.406857041259778,10,0.8,1.3,5.0,0.5868872283738049,0.8280023530160364,1472,1472,1408,True,ok
19,1,Awake,60,processed,34,244349531166194639,138.30057843624795,24.996219321763952,8,0.16,4,0.406857041259778,10,0.8,1.3,5.0,0.653618894993107,0.9251096591669743,1472,1472,1425,True,ok
19,1,Awake,60,processed,35,17249804309540599478,138.30057843624795,24.996219321763952,8,0.16,4,0.406857041259778,10,0.8,1.3,5.0,0.5814195384158252,0.7711508716208194,1472,1472,1413,True,ok
19,1,Awake,60,processed,36,10010182237640246397,138.30057843624795,24.996219321763952,8,0.16,4,0.406857041259778,10,0.8,1.3,5.0,0.6693533153203881,0.9414913060789724,1472,1472,1398,True,ok
19,1,Awake,60,processed,37,3876871120396599170,138.30057843624795,24.996219321763952,8,0.16,4,0.406857041259778,10,0.8,1.3,5.0,0.6185999110340211,0.8308088107605204,1472,1472,1398,True,ok
19,1,Awake,60,processed,38,18254414750200070132,138.30057843624795,24.996219321763952,8,0.16,4,0.406857041259778,10,0.8,1.3,5.0,0.6155705349327413,0.8401784470696948,1472,1472,1433,True,ok
19,1,Awake,60,processed,39,2071449823449568190,138.30057843624795,24.996219321763952,8,0.16,4,0.406857041259778,10,0.8,1.3,5.0,0.7068839136551851,0.8987526691680366,1472,1472,1419,True,ok
19,2,Awake,60,processed,1,10901296087026482491,138.30057843624795,24.996219321763952,8,0.16,4,0.4259521325797029,11,0.8,1.3,5.0,0.5885850113350197,0.778006215614728,1472,1472,1377,True,ok
19,2,Awake,60,processed,2,14254479806562794942,138.30057843624795,24.996219321763952,8,0.16,4,0.4259521325797029,11,0.8,1.3,5.0,0.6054166723977723,0.8505041664488755,1472,1472,1410,True,ok
19,2,Awake,60,processed,3,1960421754510868797,138.30057843624795,24.996219321763952,8,0.16,4,0.4259521325797029,11,0.8,1.3,5.0,0.6106830212152066,0.9058037322263379,1472,1472,1393,True,ok
19,2,Awake,60,processed,4,13412910654692795538,138.30057843624795,24.996219321763952,8,0.16,4,0.4259521325797029,11,0.8,1.3,5.0,0.5810043213064157,0.793992797231123,1472,1472,1422,True,ok
19,2,Awake,60,processed,5,2918022933570260197,138.30057843624795,24.996219321763952,8,0.16,4,0.4259521325797029,11,0.8,1.3,5.0,0.6413697685864072,0.9057082645117276,1472,1472,1403,True,ok
19,2,Awake,60,processed,6,2397034725324262042,138.30057843624795,24.996219321763952,8,0.16,4,0.4259521325797029,11,0.8,1.3,5.0,0.6101309433156631,0.8306819184182604,1472,1472,1418,True,ok
19,2,Awake,60,processed,7,4786099313187575181,138.30057843624795,24.996219321763952,8,0.16,4,0.4259521325797029,11,0.8,1.3,5.0,0.6040178993508478,0.7964129225320826,1472,1472,1409,True,ok
19,2,Awake,60,processed,8,14312885276315950911,138.30057843624795,24.996219321763952,8,0.16,4,0.4259521325797029,11,0.8,1.3,5.0,0.6378157000494968,0.9026694705608644,1472,1472,1405,True,ok
19,2,Awake,60,processed,9,13636781255280477557,138.30057843624795,24.996219321763952,8,0.16,4,0.4259521325797029,11,0.8,1.3,5.0,0.6316743110605242,0.8803821173064383,1472,1472,1415,True,ok
19,2,Awake,60,processed,10,8913845028793206057,138.30057843624795,24.996219321763952,8,0.16,4,0.4259521325797029,11,0.8,1.3,5.0,0.5428628240293724,0.8937005288207531,1472,1472,1411,True,ok
19,2,Awake,60,processed,11,15156308124647002321,138.30057843624795,24.996219321763952,8,0.16,4,0.4259521325797029,11,0.8,1.3,5.0,0.5510740293384412,0.7361121797406341,1472,1472,1398,True,ok
19,2,Awake,60,processed,12,8029952492977443877,138.30057843624795,24.996219321763952,8,0.16,4,0.4259521325797029,11,0.8,1.3,5.0,0.5836830045611594,0.8656547894583535,1472,1472,1422,True,ok
19,2,Awake,60,processed,13,6282586277212158917,138.30057843624795,24.996219321763952,8,0.16,4,0.4259521325797029,11,0.8,1.3,5.0,0.60143497712584,0.7973000313439393,1472,1472,1406,True,ok
19,2,Awake,60,processed,14,3265304038807803883,138.30057843624795,24.996219321763952,8,0.16,4,0.4259521325797029,11,0.8,1.3,5.0,0.5691618027546331,0.8324142277312417,1472,1472,1406,True,ok
19,2,Awake,60,processed,15,1034667497103540637,138.30057843624795,24.996219321763952,8,0.16,4,0.4259521325797029,11,0.8,1.3,5.0,0.6360921660467302,0.866444197908029,1472,1472,1403,True,ok
19,2,Awake,60,processed,16,2111691045954850984,138.30057843624795,24.996219321763952,8,0.16,4,0.4259521325797029,11,0.8,1.3,5.0,0.6186777390359325,0.8507923610201107,1472,1472,1400,True,ok
19,2,Awake,60,processed,17,16099514819487086894,138.30057843624795,24.996219321763952,8,0.16,4,0.4259521325797029,11,0.8,1.3,5.0,0.598467606476132,0.8850330054333229,1472,1472,1425,True,ok
19,2,Awake,60,processed,18,5369813646849721167,138.30057843624795,24.996219321763952,8,0.16,4,0.4259521325797029,11,0.8,1.3,5.0,0.6229725526916852,0.8430941362480795,1472,1472,1398,True,ok
19,2,Awake,60,processed,19,13138633263626710071,138.30057843624795,24.996219321763952,8,0.16,4,0.4259521325797029,11,0.8,1.3,5.0,0.5692415233389743,0.8002675750702906,1472,1472,1416,True,ok
19,2,Awake,60,processed,20,14357093525178848877,138.30057843624795,24.996219321763952,8,0.16,4,0.4259521325797029,11,0.8,1.3,5.0,0.6425958044154743,0.9023505029181418,1472,1472,1407,True,ok
19,2,Awake,60,processed,21,11488074531443266991,138.30057843624795,24.996219321763952,8,0.16,4,0.4259521325797029,11,0.8,1.3,5.0,0.5922324717113745,0.7420050728442988,1472,1472,1422,True,ok
19,2,Awake,60,processed,22,3511462649528605949,138.30057843624795,24.996219321763952,8,0.16,4,0.4259521325797029,11,0.8,1.3,5.0,0.540113171353375,0.8643671099841523,1472,1472,1416,True,ok
19,2,Awake,60,processed,23,10715402346699721187,138.30057843624795,24.996219321763952,8,0.16,4,0.4259521325797029,11,0.8,1.3,5.0,0.5864301452336159,0.7865859745534984,1472,1472,1412,True,ok
19,2,Awake,60,processed,24,5320515685360636674,138.30057843624795,24.996219321763952,8,0.16,4,0.4259521325797029,11,0.8,1.3,5.0,0.6290102779767549,0.819208495964276,1472,1472,1403,True,ok
19,2,Awake,60,processed,25,15125616155829104101,138.30057843624795,24.996219321763952,8,0.16,4,0.4259521325797029,11,0.8,1.3,5.0,0.6689595425898981,0.8433548485218222,1472,1472,1416,True,ok
19,2,Awake,60,processed,26,3808309166315676029,138.30057843624795,24.996219321763952,8,0.16,4,0.4259521325797029,11,0.8,1.3,5.0,0.6120443772630555,0.7457839638589122,1472,1472,1413,True,ok
19,2,Awake,60,processed,27,2280027552882091735,138.30057843624795,24.996219321763952,8,0.16,4,0.4259521325797029,11,0.8,1.3,5.0,0.6554164753988129,0.8401217164703779,1472,1472,1405,True,ok
19,2,Awake,60,processed,28,11969947580190508601,138.30057843624795,24.996219321763952,8,0.16,4,0.4259521325797029,11,0.8,1.3,5.0,0.6298833976223607,0.8557016221514441,1472,1472,1419,True,ok
19,2,Awake,60,processed,29,14387746196568477676,138.30057843624795,24.996219321763952,8,0.16,4,0.4259521325797029,11,0.8,1.3,5.0,0.6103020498587142,0.8625903431182849,1472,1472,1405,True,ok
19,2,Awake,60,processed,30,189894217551699463,138.30057843624795,24.996219321763952,8,0.16,4,0.4259521325797029,11,0.8,1.3,5.0,0.5830492089155738,0.820926959310483,1472,1472,1415,True,ok
19,2,Awake,60,processed,31,15653247601772744020,138.30057843624795,24.996219321763952,8,0.16,4,0.4259521325797029,11,0.8,1.3,5.0,0.6907423292753836,0.8286599258497389,1472,1472,1389,True,ok
19,2,Awake,60,processed,32,1789759697670861316,138.30057843624795,24.996219321763952,8,0.16,4,0.4259521325797029,11,0.8,1.3,5.0,0.6363065982148824,0.8434202409556615,1472,1472,1383,True,ok
19,2,Awake,60,processed,33,8360838330486967110,138.30057843624795,24.996219321763952,8,0.16,4,0.4259521325797029,11,0.8,1.3,5.0,0.5632820931166054,0.9056054871214332,1472,1472,1403,True,ok
19,2,Awake,60,processed,34,17918495287492509727,138.30057843624795,24.996219321763952,8,0.16,4,0.4259521325797029,11,0.8,1.3,5.0,0.5692565849440282,0.907784860335299,1472,1472,1401,True,ok
19,2,Awake,60,processed,35,2739419238855328535,138.30057843624795,24.996219321763952,8,0.16,4,0.4259521325797029,11,0.8,1.3,5.0,0.603137722510822,0.8037653936141691,1472,1472,1404,True,ok
19,2,Awake,60,processed,36,7633306659505578439,138.30057843624795,24.996219321763952,8,0.16,4,0.4259521325797029,11,0.8,1.3,5.0,0.6522297901018885,0.8839063247928788,1472,1472,1410,True,ok
19,2,Awake,60,processed,37,12176819584880575226,138.30057843624795,24.996219321763952,8,0.16,4,0.4259521325797029,11,0.8,1.3,5.0,0.6235214084408002,0.8394670840819618,1472,1472,1401,True,ok
19,2,Awake,60,processed,38,10085824707559265427,138.30057843624795,24.996219321763952,8,0.16,4,0.4259521325797029,11,0.8,1.3,5.0,0.596911109199368,0.8542000336879958,1472,1472,1404,True,ok
19,2,Awake,60,processed,39,13708622502370474680,138.30057843624795,24.996219321763952,8,0.16,4,0.4259521325797029,11,0.8,1.3,5.0,0.6040562218832447,0.8106085293477676,1472,1472,1413,True,ok
19,3,Awake,60,processed,1,14408101215475798913,166.3133058033831,24.996219321763952,8,0.16,4,0.426058213241975,11,0.8,1.3,5.0,0.5399934736941588,0.6968200106202248,1472,1472,1422,True,ok
19,3,Awake,60,processed,2,6572769019285211037,166.3133058033831,24.996219321763952,8,0.16,4,0.426058213241975,11,0.8,1.3,5.0,0.6216019162513224,0.8709128149227627,1472,1472,1402,True,ok
19,3,Awake,60,processed,3,8020033123032424548,166.3133058033831,24.996219321763952,8,0.16,4,0.426058213241975,11,0.8,1.3,5.0,0.6206572673702201,0.8691835466080823,1472,1472,1419,True,ok
19,3,Awake,60,processed,4,10257165643573505239,166.3133058033831,24.996219321763952,8,0.16,4,0.426058213241975,11,0.8,1.3,5.0,0.6052652943280409,0.8029567550542981,1472,1472,1420,True,ok
19,3,Awake,60,processed,5,17264855339217068650,166.3133058033831,24.996219321763952,8,0.16,4,0.426058213241975,11,0.8,1.3,5.0,0.5648186667884775,0.8313082067973634,1472,1472,1397,True,ok
19,3,Awake,60,processed,6,10410060868493504140,166.3133058033831,24.996219321763952,8,0.16,4,0.426058213241975,11,0.8,1.3,5.0,0.557801946839177,0.7800407720918168,1472,1472,1405,True,ok
19,3,Awake,60,processed,7,8333517468500295633,166.3133058033831,24.996219321763952,8,0.16,4,0.426058213241975,11,0.8,1.3,5.0,0.5904496172047901,0.901955604920924,1472,1472,1393,True,ok
19,3,Awake,60,processed,8,469558757614663180,166.3133058033831,24.996219321763952,8,0.16,4,0.426058213241975,11,0.8,1.3,5.0,0.5817015644200899,0.8089524791634148,1472,1472,1393,True,ok
19,3,Awake,60,processed,9,6430772790721524876,166.3133058033831,24.996219321763952,8,0.16,4,0.426058213241975,11,0.8,1.3,5.0,0.5939195689079709,0.7592805740605864,1472,1472,1430,True,ok
19,3,Awake,60,processed,10,6390964796053573915,166.3133058033831,24.996219321763952,8,0.16,4,0.426058213241975,11,0.8,1.3,5.0,0.5527549544146908,0.6800216527059056,1472,1472,1392,True,ok
19,3,Awake,60,processed,11,1355057281633106743,166.3133058033831,24.996219321763952,8,0.16,4,0.426058213241975,11,0.8,1.3,5.0,0.5791512400969255,0.7439494798006769,1472,1472,1404,True,ok
19,3,Awake,60,processed,12,2675091256478042786,166.3133058033831,24.996219321763952,8,0.16,4,0.426058213241975,11,0.8,1.3,5.0,0.5902158697451121,0.8224315336620801,1472,1472,1409,True,ok
19,3,Awake,60,processed,13,15837287753588164228,166.3133058033831,24.996219321763952,8,0.16,4,0.426058213241975,11,0.8,1.3,5.0,0.5962545101689116,0.8766810381040272,1472,1472,1407,True,ok
19,3,Awake,60,processed,14,11393967805943138157,166.3133058033831,24.996219321763952,8,0.16,4,0.426058213241975,11,0.8,1.3,5.0,0.556807438889214,0.8321023494405363,1472,1472,1411,True,ok
19,3,Awake,60,processed,15,5934524352695890183,166.3133058033831,24.996219321763952,8,0.16,4,0.426058213241975,11,0.8,1.3,5.0,0.6066155258298602,0.88254785014899,1472,1472,1405,True,ok
19,3,Awake,60,processed,16,9419925021578385573,166.3133058033831,24.996219321763952,8,0.16,4,0.426058213241975,11,0.8,1.3,5.0,0.6316184921128322,0.8856812802974713,1472,1472,1402,True,ok
19,3,Awake,60,processed,17,8137335340169655211,166.3133058033831,24.996219321763952,8,0.16,4,0.426058213241975,11,0.8,1.3,5.0,0.603344411760912,0.8781451865089568,1472,1472,1413,True,ok
19,3,Awake,60,processed,18,17989007714848742193,166.3133058033831,24.996219321763952,8,0.16,4,0.426058213241975,11,0.8,1.3,5.0,0.598427349298734,0.8824139125683897,1472,1472,1397,True,ok
19,3,Awake,60,processed,19,9050695770779960495,166.3133058033831,24.996219321763952,8,0.16,4,0.426058213241975,11,0.8,1.3,5.0,0.545341284108295,0.8814734074034859,1472,1472,1419,True,ok
19,3,Awake,60,processed,20,96327091511475613,166.3133058033831,24.996219321763952,8,0.16,4,0.426058213241975,11,0.8,1.3,5.0,0.6077909739531631,0.9084096444000167,1472,1472,1406,True,ok
19,3,Awake,60,processed,21,6797877102228573462,166.3133058033831,24.996219321763952,8,0.16,4,0.426058213241975,11,0.8,1.3,5.0,0.6237123457943602,0.8368614821892649,1472,1472,1428,True,ok
19,3,Awake,60,processed,22,2012165246670292996,166.3133058033831,24.996219321763952,8,0.16,4,0.426058213241975,11,0.8,1.3,5.0,0.6039302176928794,0.7999100057728428,1472,1472,1406,True,ok
19,3,Awake,60,processed,23,15917027457041781226,166.3133058033831,24.996219321763952,8,0.16,4,0.426058213241975,11,0.8,1.3,5.0,0.5783967230896767,0.8727395692195513,1472,1472,1402,True,ok
19,3,Awake,60,processed,24,13311095683029312705,166.3133058033831,24.996219321763952,8,0.16,4,0.426058213241975,11,0.8,1.3,5.0,0.6010199517554649,0.7886509654503401,1472,1472,1394,True,ok
19,3,Awake,60,processed,25,17436171619790274158,166.3133058033831,24.996219321763952,8,0.16,4,0.426058213241975,11,0.8,1.3,5.0,0.5679975004563366,0.863908586726606,1472,1472,1406,True,ok
19,3,Awake,60,processed,26,5658513294353031530,166.3133058033831,24.996219321763952,8,0.16,4,0.426058213241975,11,0.8,1.3,5.0,0.5680408072453536,0.8091614016490041,1472,1472,1381,True,ok
19,3,Awake,60,processed,27,9149965226676181867,166.3133058033831,24.996219321763952,8,0.16,4,0.426058213241975,11,0.8,1.3,5.0,0.5519907031061476,0.8234654845193397,1472,1472,1401,True,ok
19,3,Awake,60,processed,28,13840160753040058766,166.3133058033831,24.996219321763952,8,0.16,4,0.426058213241975,11,0.8,1.3,5.0,0.5724410312884152,0.6967918830677162,1472,1472,1403,True,ok
19,3,Awake,60,processed,29,1633143934843526549,166.3133058033831,24.996219321763952,8,0.16,4,0.426058213241975,11,0.8,1.3,5.0,0.5372517308065647,0.7570075458988432,1472,1472,1430,True,ok
19,3,Awake,60,processed,30,2036063068035148398,166.3133058033831,24.996219321763952,8,0.16,4,0.426058213241975,11,0.8,1.3,5.0,0.5952683946894269,0.7994587044652407,1472,1472,1411,True,ok
19,3,Awake,60,processed,31,10819594708832872775,166.3133058033831,24.996219321763952,8,0.16,4,0.426058213241975,11,0.8,1.3,5.0,0.6075620250875345,0.8129723031021011,1472,1472,1418,True,ok
19,3,Awake,60,processed,32,13682034078963067194,166.3133058033831,24.996219321763952,8,0.16,4,0.426058213241975,11,0.8,1.3,5.0,0.6006990642394154,0.8484209783448237,1472,1472,1412,True,ok
19,3,Awake,60,processed,33,2284420006810660848,166.3133058033831,24.996219321763952,8,0.16,4,0.426058213241975,11,0.8,1.3,5.0,0.5929329625355616,0.8853266835703885,1472,1472,1405,True,ok
19,3,Awake,60,processed,34,9966550442678283916,166.3133058033831,24.996219321763952,8,0.16,4,0.426058213241975,11,0.8,1.3,5.0,0.596287399386916,0.8772451470746008,1472,1472,1428,True,ok
19,3,Awake,60,processed,35,12543476891640590574,166.3133058033831,24.996219321763952,8,0.16,4,0.426058213241975,11,0.8,1.3,5.0,0.5787831598455678,0.7814161586806938,1472,1472,1407,True,ok
19,3,Awake,60,processed,36,7980127624975772408,166.3133058033831,24.996219321763952,8,0.16,4,0.426058213241975,11,0.8,1.3,5.0,0.6052067091709115,0.8917873729655711,1472,1472,1407,True,ok
19,3,Awake,60,processed,37,8467994052660187470,166.3133058033831,24.996219321763952,8,0.16,4,0.426058213241975,11,0.8,1.3,5.0,0.6511643786941146,0.8587356798879254,1472,1472,1394,True,ok
19,3,Awake,60,processed,38,15001045875303567601,166.3133058033831,24.996219321763952,8,0.16,4,0.426058213241975,11,0.8,1.3,5.0,0.6315143535845944,0.8577774666299204,1472,1472,1418,True,ok
19,3,Awake,60,processed,39,4935728003316220212,166.3133058033831,24.996219321763952,8,0.16,4,0.426058213241975,11,0.8,1.3,5.0,0.6035656492936259,0.8846314764004715,1472,1472,1407,True,ok
19,4,Awake,60,processed,1,1927191473293215215,138.30057843624795,24.996219321763952,8,0.16,4,0.428455129580452,11,0.8,1.3,5.0,0.6769771648176296,0.8063589654721017,1472,1472,1406,True,ok
19,4,Awake,60,processed,2,7009391402819638774,138.30057843624795,24.996219321763952,8,0.16,4,0.428455129580452,11,0.8,1.3,5.0,0.6206183920793462,0.8028282514549793,1472,1472,1414,True,ok
19,4,Awake,60,processed,3,6118032408252069910,138.30057843624795,24.996219321763952,8,0.16,4,0.428455129580452,11,0.8,1.3,5.0,0.5804133274125778,0.8421432669531049,1472,1472,1417,True,ok
19,4,Awake,60,processed,4,5719937670993080556,138.30057843624795,24.996219321763952,8,0.16,4,0.428455129580452,11,0.8,1.3,5.0,0.5629396874861704,0.7581253738246948,1472,1472,1404,True,ok
19,4,Awake,60,processed,5,5029815386462448712,138.30057843624795,24.996219321763952,8,0.16,4,0.428455129580452,11,0.8,1.3,5.0,0.555616949605974,0.7865646796226349,1472,1472,1404,True,ok
19,4,Awake,60,processed,6,5819097705912774376,138.30057843624795,24.996219321763952,8,0.16,4,0.428455129580452,11,0.8,1.3,5.0,0.5683033049910504,0.8036019200281951,1472,1472,1418,True,ok
19,4,Awake,60,processed,7,16748415424665025085,138.30057843624795,24.996219321763952,8,0.16,4,0.428455129580452,11,0.8,1.3,5.0,0.6319877253272056,0.8590503746095061,1472,1472,1413,True,ok
19,4,Awake,60,processed,8,4310480285094110808,138.30057843624795,24.996219321763952,8,0.16,4,0.428455129580452,11,0.8,1.3,5.0,0.5578420914971258,0.8405245747563292,1472,1472,1406,True,ok
19,4,Awake,60,processed,9,14027908812288608215,138.30057843624795,24.996219321763952,8,0.16,4,0.428455129580452,11,0.8,1.3,5.0,0.6057091625953742,0.8997530625704694,1472,1472,1417,True,ok
19,4,Awake,60,processed,10,14148715342571144456,138.30057843624795,24.996219321763952,8,0.16,4,0.428455129580452,11,0.8,1.3,5.0,0.6841694606475639,0.8267356734868676,1472,1472,1399,True,ok
19,4,Awake,60,processed,11,10022548500174487534,138.30057843624795,24.996219321763952,8,0.16,4,0.428455129580452,11,0.8,1.3,5.0,0.6222365129527139,0.786129997102787,1472,1472,1412,True,ok
19,4,Awake,60,processed,12,8925857917907824272,138.30057843624795,24.996219321763952,8,0.16,4,0.428455129580452,11,0.8,1.3,5.0,0.5823281219752983,0.8039850703747887,1472,1472,1390,True,ok
19,4,Awake,60,processed,13,2544177987755255904,138.30057843624795,24.996219321763952,8,0.16,4,0.428455129580452,11,0.8,1.3,5.0,0.5658623201913994,0.7978033435758937,1472,1472,1402,True,ok
19,4,Awake,60,processed,14,2220507841609794736,138.30057843624795,24.996219321763952,8,0.16,4,0.428455129580452,11,0.8,1.3,5.0,0.6255420278502117,0.836323408048125,1472,1472,1411,True,ok
19,4,Awake,60,processed,15,12210823765139090958,138.30057843624795,24.996219321763952,8,0.16,4,0.428455129580452,11,0.8,1.3,5.0,0.5488605220703904,0.7290073237053502,1472,1472,1425,True,ok
19,4,Awake,60,processed,16,3959848958791315519,138.30057843624795,24.996219321763952,8,0.16,4,0.428455129580452,11,0.8,1.3,5.0,0.6020515462108846,0.8617537401078966,1472,1472,1404,True,ok
19,4,Awake,60,processed,17,10045781652866021337,138.30057843624795,24.996219321763952,8,0.16,4,0.428455129580452,11,0.8,1.3,5.0,0.6860747246095699,0.8924669268349662,1472,1472,1388,True,ok
19,4,Awake,60,processed,18,17797955214504415860,138.30057843624795,24.996219321763952,8,0.16,4,0.428455129580452,11,0.8,1.3,5.0,0.5762688874232079,0.7471815151788619,1472,1472,1419,True,ok
19,4,Awake,60,processed,19,17751746322340429501,138.30057843624795,24.996219321763952,8,0.16,4,0.428455129580452,11,0.8,1.3,5.0,0.5945494716346663,0.8520818470670738,1472,1472,1406,True,ok
19,4,Awake,60,processed,20,13430891695158508488,138.30057843624795,24.996219321763952,8,0.16,4,0.428455129580452,11,0.8,1.3,5.0,0.614753324483554,0.8239120866085541,1472,1472,1398,True,ok
19,4,Awake,60,processed,21,11508823564397904118,138.30057843624795,24.996219321763952,8,0.16,4,0.428455129580452,11,0.8,1.3,5.0,0.5766059826581297,0.906341149798781,1472,1472,1407,True,ok
19,4,Awake,60,processed,22,2979032046268557366,138.30057843624795,24.996219321763952,8,0.16,4,0.428455129580452,11,0.8,1.3,5.0,0.6016357145940942,0.8220021885792157,1472,1472,1410,True,ok
19,4,Awake,60,processed,23,8882285657501105309,138.30057843624795,24.996219321763952,8,0.16,4,0.428455129580452,11,0.8,1.3,5.0,0.6070196134452308,0.8124919920793997,1472,1472,1414,True,ok
19,4,Awake,60,processed,24,16167478677491755908,138.30057843624795,24.996219321763952,8,0.16,4,0.428455129580452,11,0.8,1.3,5.0,0.5532608374936657,0.7341719057406298,1472,1472,1408,True,ok
19,4,Awake,60,processed,25,43480630039051171,138.30057843624795,24.996219321763952,8,0.16,4,0.428455129580452,11,0.8,1.3,5.0,0.6213382831594205,0.90403399006496,1472,1472,1407,True,ok
19,4,Awake,60,processed,26,6533892608704545917,138.30057843624795,24.996219321763952,8,0.16,4,0.428455129580452,11,0.8,1.3,5.0,0.5831189202008703,0.7938955596121039,1472,1472,1412,True,ok
19,4,Awake,60,processed,27,4067890253336286441,138.30057843624795,24.996219321763952,8,0.16,4,0.428455129580452,11,0.8,1.3,5.0,0.6089293756539527,0.8226997763178575,1472,1472,1413,True,ok
19,4,Awake,60,processed,28,17780114702319609815,138.30057843624795,24.996219321763952,8,0.16,4,0.428455129580452,11,0.8,1.3,5.0,0.6101786523783258,0.8151948518787422,1472,1472,1415,True,ok
19,4,Awake,60,processed,29,12654913199866130312,138.30057843624795,24.996219321763952,8,0.16,4,0.428455129580452,11,0.8,1.3,5.0,0.6411825187845794,0.8081900089294164,1472,1472,1414,True,ok
19,4,Awake,60,processed,30,14492667675288409924,138.30057843624795,24.996219321763952,8,0.16,4,0.428455129580452,11,0.8,1.3,5.0,0.6109725145366779,0.8364351512977709,1472,1472,1406,True,ok
19,4,Awake,60,processed,31,11621375528896258878,138.30057843624795,24.996219321763952,8,0.16,4,0.428455129580452,11,0.8,1.3,5.0,0.5750462536412229,0.7953806759927783,1472,1472,1422,True,ok
19,4,Awake,60,processed,32,236042488719158520,138.30057843624795,24.996219321763952,8,0.16,4,0.428455129580452,11,0.8,1.3,5.0,0.667063624843138,0.8833028713099721,1472,1472,1392,True,ok
19,4,Awake,60,processed,33,4806412926846427182,138.30057843624795,24.996219321763952,8,0.16,4,0.428455129580452,11,0.8,1.3,5.0,0.6124616770086717,0.9134313571051537,1472,1472,1399,True,ok
19,4,Awake,60,processed,34,14573344156133040569,138.30057843624795,24.996219321763952,8,0.16,4,0.428455129580452,11,0.8,1.3,5.0,0.6014388401581996,0.8729434725699479,1472,1472,1422,True,ok
19,4,Awake,60,processed,35,11585065066666863942,138.30057843624795,24.996219321763952,8,0.16,4,0.428455129580452,11,0.8,1.3,5.0,0.6467287671927309,0.849202701653192,1472,1472,1411,True,ok
19,4,Awake,60,processed,36,1385158632904625582,138.30057843624795,24.996219321763952,8,0.16,4,0.428455129580452,11,0.8,1.3,5.0,0.6268512384025505,0.8235821772794878,1472,1472,1394,True,ok
19,4,Awake,60,processed,37,4299420623735306614,138.30057843624795,24.996219321763952,8,0.16,4,0.428455129580452,11,0.8,1.3,5.0,0.5230510651198103,0.7538977613419966,1472,1472,1392,True,ok
19,4,Awake,60,processed,38,10565136729767986103,138.30057843624795,24.996219321763952,8,0.16,4,0.428455129580452,11,0.8,1.3,5.0,0.6860186816396208,0.9212165704758546,1472,1472,1404,True,ok
19,4,Awake,60,processed,39,14763890459361344888,138.30057843624795,24.996219321763952,8,0.16,4,0.428455129580452,11,0.8,1.3,5.0,0.6314163973281066,0.9191499552648947,1472,1472,1424,True,ok
19,5,Awake,60,processed,1,14333473182265683507,138.30057843624795,24.996219321763952,8,0.16,4,0.4269185461881471,11,0.8,1.3,5.0,0.5996207011348778,0.8626512596310281,1472,1472,1411,True,ok
19,5,Awake,60,processed,2,10395934988138545375,138.30057843624795,24.996219321763952,8,0.16,4,0.4269185461881471,11,0.8,1.3,5.0,0.5752839201439325,0.8753617259527087,1472,1472,1416,True,ok
19,5,Awake,60,processed,3,10365509592785615508,138.30057843624795,24.996219321763952,8,0.16,4,0.4269185461881471,11,0.8,1.3,5.0,0.6327821953153875,0.8352841427386105,1472,1472,1417,True,ok
19,5,Awake,60,processed,4,16425914295497634801,138.30057843624795,24.996219321763952,8,0.16,4,0.4269185461881471,11,0.8,1.3,5.0,0.6098883701329605,0.8421837485619694,1472,1472,1415,True,ok
19,5,Awake,60,processed,5,8748669064283151068,138.30057843624795,24.996219321763952,8,0.16,4,0.4269185461881471,11,0.8,1.3,5.0,0.6307823149122148,0.8814711194372333,1472,1472,1394,True,ok
19,5,Awake,60,processed,6,3818279353460194875,138.30057843624795,24.996219321763952,8,0.16,4,0.4269185461881471,11,0.8,1.3,5.0,0.6094806940338625,0.8991877813857576,1472,1472,1411,True,ok
19,5,Awake,60,processed,7,9484190593171212214,138.30057843624795,24.996219321763952,8,0.16,4,0.4269185461881471,11,0.8,1.3,5.0,0.6056141321221571,0.870932613061061,1472,1472,1402,True,ok
19,5,Awake,60,processed,8,11272353004827273690,138.30057843624795,24.996219321763952,8,0.16,4,0.4269185461881471,11,0.8,1.3,5.0,0.6737727741918195,0.8182826476351306,1472,1472,1421,True,ok
19,5,Awake,60,processed,9,12865269558077012739,138.30057843624795,24.996219321763952,8,0.16,4,0.4269185461881471,11,0.8,1.3,5.0,0.6115327193785324,0.8294007187805592,1472,1472,1396,True,ok
19,5,Awake,60,processed,10,5275296130771327351,138.30057843624795,24.996219321763952,8,0.16,4,0.4269185461881471,11,0.8,1.3,5.0,0.5857763911326376,0.7726143301771408,1472,1472,1413,True,ok
19,5,Awake,60,processed,11,17562843238138413799,138.30057843624795,24.996219321763952,8,0.16,4,0.4269185461881471,11,0.8,1.3,5.0,0.5826193322916462,0.7355151623256206,1472,1472,1407,True,ok
19,5,Awake,60,processed,12,435624597151153704,138.30057843624795,24.996219321763952,8,0.16,4,0.4269185461881471,11,0.8,1.3,5.0,0.5925743470000191,0.8801744319041825,1472,1472,1413,True,ok
19,5,Awake,60,processed,13,17107104640616445831,138.30057843624795,24.996219321763952,8,0.16,4,0.4269185461881471,11,0.8,1.3,5.0,0.5998510486333964,0.786091666973108,1472,1472,1414,True,ok
19,5,Awake,60,processed,14,17496597755091928046,138.30057843624795,24.996219321763952,8,0.16,4,0.4269185461881471,11,0.8,1.3,5.0,0.6610605602798261,0.874639998328027,1472,1472,1414,True,ok
19,5,Awake,60,processed,15,5167833604297701409,138.30057843624795,24.996219321763952,8,0.16,4,0.4269185461881471,11,0.8,1.3,5.0,0.6365790110563752,0.9501935278486009,1472,1472,1398,True,ok
19,5,Awake,60,processed,16,9327358079906273340,138.30057843624795,24.996219321763952,8,0.16,4,0.4269185461881471,11,0.8,1.3,5.0,0.6482677921678214,0.8368769899635191,1472,1472,1413,True,ok
19,5,Awake,60,processed,17,16200253946199766344,138.30057843624795,24.996219321763952,8,0.16,4,0.4269185461881471,11,0.8,1.3,5.0,0.5738552385989831,0.868549176673862,1472,1472,1410,True,ok
19,5,Awake,60,processed,18,11762015582033349482,138.30057843624795,24.996219321763952,8,0.16,4,0.4269185461881471,11,0.8,1.3,5.0,0.6730509479526989,0.9108081756178088,1472,1472,1394,True,ok
19,5,Awake,60,processed,19,4683541530807218245,138.30057843624795,24.996219321763952,8,0.16,4,0.4269185461881471,11,0.8,1.3,5.0,0.6361731799581803,0.8176267174503166,1472,1472,1402,True,ok
19,5,Awake,60,processed,20,11962651938722832670,138.30057843624795,24.996219321763952,8,0.16,4,0.4269185461881471,11,0.8,1.3,5.0,0.6166139234940684,0.837638868007922,1472,1472,1385,True,ok
19,5,Awake,60,processed,21,10833275856946551241,138.30057843624795,24.996219321763952,8,0.16,4,0.4269185461881471,11,0.8,1.3,5.0,0.5981657508628592,0.8770375248959359,1472,1472,1406,True,ok
19,5,Awake,60,processed,22,4112119675019480260,138.30057843624795,24.996219321763952,8,0.16,4,0.4269185461881471,11,0.8,1.3,5.0,0.7189192599963851,0.8573863622172297,1472,1472,1392,True,ok
19,5,Awake,60,processed,23,1504189309354069131,138.30057843624795,24.996219321763952,8,0.16,4,0.4269185461881471,11,0.8,1.3,5.0,0.5896460168241908,0.8710828229503024,1472,1472,1425,True,ok
19,5,Awake,60,processed,24,10928555771352002432,138.30057843624795,24.996219321763952,8,0.16,4,0.4269185461881471,11,0.8,1.3,5.0,0.6134105659349333,0.9301638341858562,1472,1472,1415,True,ok
19,5,Awake,60,processed,25,10806401872709503257,138.30057843624795,24.996219321763952,8,0.16,4,0.4269185461881471,11,0.8,1.3,5.0,0.6486547621259102,0.8168720115606353,1472,1472,1417,True,ok
19,5,Awake,60,processed,26,16689461951664139550,138.30057843624795,24.996219321763952,8,0.16,4,0.4269185461881471,11,0.8,1.3,5.0,0.607154535378944,0.8555780644008069,1472,1472,1412,True,ok
19,5,Awake,60,processed,27,5222241188573253794,138.30057843624795,24.996219321763952,8,0.16,4,0.4269185461881471,11,0.8,1.3,5.0,0.5814009634907047,0.8828227375633771,1472,1472,1400,True,ok
19,5,Awake,60,processed,28,14002956442403347604,138.30057843624795,24.996219321763952,8,0.16,4,0.4269185461881471,11,0.8,1.3,5.0,0.5447354317087378,0.8183040037202302,1472,1472,1424,True,ok
19,5,Awake,60,processed,29,6021036417224575731,138.30057843624795,24.996219321763952,8,0.16,4,0.4269185461881471,11,0.8,1.3,5.0,0.5867209105538994,0.8302425351452508,1472,1472,1409,True,ok
19,5,Awake,60,processed,30,1194218704947545293,138.30057843624795,24.996219321763952,8,0.16,4,0.4269185461881471,11,0.8,1.3,5.0,0.6058348864594535,0.9221981269558184,1472,1472,1424,True,ok
19,5,Awake,60,processed,31,12458777312625520913,138.30057843624795,24.996219321763952,8,0.16,4,0.4269185461881471,11,0.8,1.3,5.0,0.6362097320523263,0.767236722426575,1472,1472,1397,True,ok
19,5,Awake,60,processed,32,4604015727959807081,138.30057843624795,24.996219321763952,8,0.16,4,0.4269185461881471,11,0.8,1.3,5.0,0.5473237295673232,0.7014014629037663,1472,1472,1427,True,ok
19,5,Awake,60,processed,33,15853736559985824987,138.30057843624795,24.996219321763952,8,0.16,4,0.4269185461881471,11,0.8,1.3,5.0,0.5288959912829322,0.8009284025205404,1472,1472,1393,True,ok
19,5,Awake,60,processed,34,12349047967987253551,138.30057843624795,24.996219321763952,8,0.16,4,0.4269185461881471,11,0.8,1.3,5.0,0.5519927892069865,0.895281349962797,1472,1472,1418,True,ok
19,5,Awake,60,processed,35,14159702720246291693,138.30057843624795,24.996219321763952,8,0.16,4,0.4269185461881471,11,0.8,1.3,5.0,0.6018990371368717,0.7848157293369088,1472,1472,1395,True,ok
19,5,Awake,60,processed,36,1857068874208002756,138.30057843624795,24.996219321763952,8,0.16,4,0.4269185461881471,11,0.8,1.3,5.0,0.6603104250030555,0.8456079146245143,1472,1472,1409,True,ok
19,5,Awake,60,processed,37,11329312015351878952,138.30057843624795,24.996219321763952,8,0.16,4,0.4269185461881471,11,0.8,1.3,5.0,0.6044178063387456,0.8177121502773389,1472,1472,1396,True,ok
19,5,Awake,60,processed,38,6026566196896738491,138.30057843624795,24.996219321763952,8,0.16,4,0.4269185461881471,11,0.8,1.3,5.0,0.6068209154390127,0.877254412892033,1472,1472,1411,True,ok
19,5,Awake,60,processed,39,13551672050794932322,138.30057843624795,24.996219321763952,8,0.16,4,0.4269185461881471,11,0.8,1.3,5.0,0.6024900497257041,0.7724272395209635,1472,1472,1413,True,ok
19,6,Awake,60,processed,1,17401646254763864526,138.30057843624795,24.996219321763952,8,0.16,4,0.4277420123738693,11,0.8,1.3,5.0,0.6047224815715483,0.8591673859000859,1472,1472,1418,True,ok
19,6,Awake,60,processed,2,17842333256567185233,138.30057843624795,24.996219321763952,8,0.16,4,0.4277420123738693,11,0.8,1.3,5.0,0.6086386628157952,0.8963330004142132,1472,1472,1413,True,ok
19,6,Awake,60,processed,3,9574322542199065299,138.30057843624795,24.996219321763952,8,0.16,4,0.4277420123738693,11,0.8,1.3,5.0,0.6643680173933909,0.888029466301324,1472,1472,1399,True,ok
19,6,Awake,60,processed,4,6939513240753622181,138.30057843624795,24.996219321763952,8,0.16,4,0.4277420123738693,11,0.8,1.3,5.0,0.6866898245253352,0.8778000832436035,1472,1472,1424,True,ok
19,6,Awake,60,processed,5,14297504792899609224,138.30057843624795,24.996219321763952,8,0.16,4,0.4277420123738693,11,0.8,1.3,5.0,0.5694596977867257,0.8693548804659795,1472,1472,1402,True,ok
19,6,Awake,60,processed,6,7452869361834829154,138.30057843624795,24.996219321763952,8,0.16,4,0.4277420123738693,11,0.8,1.3,5.0,0.6130619169747021,0.8293966532118275,1472,1472,1413,True,ok
19,6,Awake,60,processed,7,4080168395230724886,138.30057843624795,24.996219321763952,8,0.16,4,0.4277420123738693,11,0.8,1.3,5.0,0.6454043486535083,0.8908064188172595,1472,1472,1411,True,ok
19,6,Awake,60,processed,8,9616586976495327410,138.30057843624795,24.996219321763952,8,0.16,4,0.4277420123738693,11,0.8,1.3,5.0,0.6520420958719346,0.8481339728847566,1472,1472,1421,True,ok
19,6,Awake,60,processed,9,15843530497296851599,138.30057843624795,24.996219321763952,8,0.16,4,0.4277420123738693,11,0.8,1.3,5.0,0.593074328256352,0.8507128943869615,1472,1472,1415,True,ok
19,6,Awake,60,processed,10,6296942146595680384,138.30057843624795,24.996219321763952,8,0.16,4,0.4277420123738693,11,0.8,1.3,5.0,0.5663392090166846,0.9189827764852169,1472,1472,1402,True,ok
19,6,Awake,60,processed,11,467532223930841853,138.30057843624795,24.996219321763952,8,0.16,4,0.4277420123738693,11,0.8,1.3,5.0,0.6477517841982239,0.8394993540004235,1472,1472,1410,True,ok
19,6,Awake,60,processed,12,2416068512117037551,138.30057843624795,24.996219321763952,8,0.16,4,0.4277420123738693,11,0.8,1.3,5.0,0.6163746056308077,0.8451624063816292,1472,1472,1384,True,ok
19,6,Awake,60,processed,13,16450730255583050573,138.30057843624795,24.996219321763952,8,0.16,4,0.4277420123738693,11,0.8,1.3,5.0,0.657124682135154,0.8692020682331144,1472,1472,1412,True,ok
19,6,Awake,60,processed,14,2910286490719718033,138.30057843624795,24.996219321763952,8,0.16,4,0.4277420123738693,11,0.8,1.3,5.0,0.6203357241220183,0.8891716217240101,1472,1472,1395,True,ok
19,6,Awake,60,processed,15,13372696649861790907,138.30057843624795,24.996219321763952,8,0.16,4,0.4277420123738693,11,0.8,1.3,5.0,0.5743909889317035,0.8870482922215126,1472,1472,1401,True,ok
19,6,Awake,60,processed,16,9191136551021538056,138.30057843624795,24.996219321763952,8,0.16,4,0.4277420123738693,11,0.8,1.3,5.0,0.6427388919951587,0.9127723588670568,1472,1472,1410,True,ok
19,6,Awake,60,processed,17,18093537823662162245,138.30057843624795,24.996219321763952,8,0.16,4,0.4277420123738693,11,0.8,1.3,5.0,0.6456322338120383,0.7931449007024606,1472,1472,1385,True,ok
19,6,Awake,60,processed,18,16665874181729236233,138.30057843624795,24.996219321763952,8,0.16,4,0.4277420123738693,11,0.8,1.3,5.0,0.6600897791780131,0.9014198900924189,1472,1472,1397,True,ok
19,6,Awake,60,processed,19,10269278101168065736,138.30057843624795,24.996219321763952,8,0.16,4,0.4277420123738693,11,0.8,1.3,5.0,0.5667756244912907,0.6669700476381986,1472,1472,1396,True,ok
19,6,Awake,60,processed,20,353184413904194118,138.30057843624795,24.996219321763952,8,0.16,4,0.4277420123738693,11,0.8,1.3,5.0,0.6455912586417547,0.8782321353304037,1472,1472,1406,True,ok
19,6,Awake,60,processed,21,17262196494946385590,138.30057843624795,24.996219321763952,8,0.16,4,0.4277420123738693,11,0.8,1.3,5.0,0.5950637601646376,0.7512425228499926,1472,1472,1411,True,ok
19,6,Awake,60,processed,22,845113570834539881,138.30057843624795,24.996219321763952,8,0.16,4,0.4277420123738693,11,0.8,1.3,5.0,0.5864787750283827,0.8330551343253818,1472,1472,1403,True,ok
19,6,Awake,60,processed,23,5966028083068153240,138.30057843624795,24.996219321763952,8,0.16,4,0.4277420123738693,11,0.8,1.3,5.0,0.6737858940699171,0.9343088906959603,1472,1472,1397,True,ok
19,6,Awake,60,processed,24,6484819181782283572,138.30057843624795,24.996219321763952,8,0.16,4,0.4277420123738693,11,0.8,1.3,5.0,0.5904243951783659,0.8286928150212505,1472,1472,1427,True,ok
19,6,Awake,60,processed,25,7760520538671530440,138.30057843624795,24.996219321763952,8,0.16,4,0.4277420123738693,11,0.8,1.3,5.0,0.6621316540974405,0.8470900306313051,1472,1472,1396,True,ok
19,6,Awake,60,processed,26,10649227459639312880,138.30057843624795,24.996219321763952,8,0.16,4,0.4277420123738693,11,0.8,1.3,5.0,0.5846229840707831,0.8280969121213724,1472,1472,1391,True,ok
19,6,Awake,60,processed,27,6673893673841471636,138.30057843624795,24.996219321763952,8,0.16,4,0.4277420123738693,11,0.8,1.3,5.0,0.6396328470518783,0.9339520852456394,1472,1472,1414,True,ok
19,6,Awake,60,processed,28,16970701457030101618,138.30057843624795,24.996219321763952,8,0.16,4,0.4277420123738693,11,0.8,1.3,5.0,0.6282502838752977,0.8423680028385789,1472,1472,1418,True,ok
19,6,Awake,60,processed,29,12890223705995896582,138.30057843624795,24.996219321763952,8,0.16,4,0.4277420123738693,11,0.8,1.3,5.0,0.6278246899834034,0.9225795570737448,1472,1472,1406,True,ok
19,6,Awake,60,processed,30,10551349538720135069,138.30057843624795,24.996219321763952,8,0.16,4,0.4277420123738693,11,0.8,1.3,5.0,0.7332707100145591,0.709201230619059,1472,1472,1409,True,ok
19,6,Awake,60,processed,31,5069238651973757370,138.30057843624795,24.996219321763952,8,0.16,4,0.4277420123738693,11,0.8,1.3,5.0,0.5581191464586343,0.8937317875557096,1472,1472,1395,True,ok
19,6,Awake,60,processed,32,5653504151374434877,138.30057843624795,24.996219321763952,8,0.16,4,0.4277420123738693,11,0.8,1.3,5.0,0.6037713182082405,0.8546611687262279,1472,1472,1400,True,ok
19,6,Awake,60,processed,33,9896781202826638658,138.30057843624795,24.996219321763952,8,0.16,4,0.4277420123738693,11,0.8,1.3,5.0,0.6017136082879556,0.8512930666134616,1472,1472,1414,True,ok
19,6,Awake,60,processed,34,12434702753539543086,138.30057843624795,24.996219321763952,8,0.16,4,0.4277420123738693,11,0.8,1.3,5.0,0.687429029590949,0.9024875612708632,1472,1472,1410,True,ok
19,6,Awake,60,processed,35,16435606650028296884,138.30057843624795,24.996219321763952,8,0.16,4,0.4277420123738693,11,0.8,1.3,5.0,0.6896362298488191,0.8612504628902915,1472,1472,1397,True,ok
19,6,Awake,60,processed,36,4742675484825057021,138.30057843624795,24.996219321763952,8,0.16,4,0.4277420123738693,11,0.8,1.3,5.0,0.6872496408154088,0.8067052867655486,1472,1472,1399,True,ok
19,6,Awake,60,processed,37,7975603074077294555,138.30057843624795,24.996219321763952,8,0.16,4,0.4277420123738693,11,0.8,1.3,5.0,0.6773495155179734,0.907662472866504,1472,1472,1410,True,ok
19,6,Awake,60,processed,38,16647615741170501589,138.30057843624795,24.996219321763952,8,0.16,4,0.4277420123738693,11,0.8,1.3,5.0,0.6321996519664083,0.8271747793380808,1472,1472,1394,True,ok
19,6,Awake,60,processed,39,4896181593329941088,138.30057843624795,24.996219321763952,8,0.16,4,0.4277420123738693,11,0.8,1.3,5.0,0.5707659515910366,0.8207297124645322,1472,1472,1407,True,ok
19,7,Awake,60,processed,1,12928202492738058041,166.3133058033831,24.996219321763952,8,0.16,4,0.4328600410635859,11,0.8,1.3,5.0,0.5682386403241394,0.9005151791499801,1472,1472,1395,True,ok
19,7,Awake,60,processed,2,17131847433569424566,166.3133058033831,24.996219321763952,8,0.16,4,0.4328600410635859,11,0.8,1.3,5.0,0.6232847604200223,0.82283457255385,1472,1472,1410,True,ok
19,7,Awake,60,processed,3,9361226644203640270,166.3133058033831,24.996219321763952,8,0.16,4,0.4328600410635859,11,0.8,1.3,5.0,0.5753341410118441,0.7709166327883314,1472,1472,1413,True,ok
19,7,Awake,60,processed,4,3167413626559666259,166.3133058033831,24.996219321763952,8,0.16,4,0.4328600410635859,11,0.8,1.3,5.0,0.6206764490362634,0.8398943799578809,1472,1472,1407,True,ok
19,7,Awake,60,processed,5,6265261702839817991,166.3133058033831,24.996219321763952,8,0.16,4,0.4328600410635859,11,0.8,1.3,5.0,0.5796264835408372,0.8507182799230599,1472,1472,1416,True,ok
19,7,Awake,60,processed,6,6110477069923990740,166.3133058033831,24.996219321763952,8,0.16,4,0.4328600410635859,11,0.8,1.3,5.0,0.5661241459627481,0.8029544245994535,1472,1472,1410,True,ok
19,7,Awake,60,processed,7,17332098479165627463,166.3133058033831,24.996219321763952,8,0.16,4,0.4328600410635859,11,0.8,1.3,5.0,0.6113492097874486,0.9272651498687754,1472,1472,1409,True,ok
19,7,Awake,60,processed,8,16074131605785204786,166.3133058033831,24.996219321763952,8,0.16,4,0.4328600410635859,11,0.8,1.3,5.0,0.5719500324493261,0.8395375344479281,1472,1472,1405,True,ok
19,7,Awake,60,processed,9,9797686516023278304,166.3133058033831,24.996219321763952,8,0.16,4,0.4328600410635859,11,0.8,1.3,5.0,0.57496533707427,0.8146106558756334,1472,1472,1399,True,ok
19,7,Awake,60,processed,10,1613171061940957179,166.3133058033831,24.996219321763952,8,0.16,4,0.4328600410635859,11,0.8,1.3,5.0,0.5971092006336108,0.7780788325216899,1472,1472,1391,True,ok
19,7,Awake,60,processed,11,16634728696830444234,166.3133058033831,24.996219321763952,8,0.16,4,0.4328600410635859,11,0.8,1.3,5.0,0.5630482397677622,0.8841862205916788,1472,1472,1412,True,ok
19,7,Awake,60,processed,12,10566421187895210799,166.3133058033831,24.996219321763952,8,0.16,4,0.4328600410635859,11,0.8,1.3,5.0,0.6146964756477529,0.7750560496480153,1472,1472,1413,True,ok
19,7,Awake,60,processed,13,12841319916112401369,166.3133058033831,24.996219321763952,8,0.16,4,0.4328600410635859,11,0.8,1.3,5.0,0.6375107636261449,0.9037980046940611,1472,1472,1401,True,ok
19,7,Awake,60,processed,14,10272083285537277424,166.3133058033831,24.996219321763952,8,0.16,4,0.4328600410635859,11,0.8,1.3,5.0,0.5501658171049372,0.8845354344410016,1472,1472,1408,True,ok
19,7,Awake,60,processed,15,7421523538865532354,166.3133058033831,24.996219321763952,8,0.16,4,0.4328600410635859,11,0.8,1.3,5.0,0.5844957045704594,0.6893075946671376,1472,1472,1425,True,ok
19,7,Awake,60,processed,16,18198606910022026026,166.3133058033831,24.996219321763952,8,0.16,4,0.4328600410635859,11,0.8,1.3,5.0,0.5926905736740835,0.8233443888589651,1472,1472,1411,True,ok
19,7,Awake,60,processed,17,12679909816931278032,166.3133058033831,24.996219321763952,8,0.16,4,0.4328600410635859,11,0.8,1.3,5.0,0.5738313770734348,0.8206148238256826,1472,1472,1409,True,ok
19,7,Awake,60,processed,18,11057962086769965289,166.3133058033831,24.996219321763952,8,0.16,4,0.4328600410635859,11,0.8,1.3,5.0,0.5565565613594817,0.7926744168246364,1472,1472,1407,True,ok
19,7,Awake,60,processed,19,1407109087301712582,166.3133058033831,24.996219321763952,8,0.16,4,0.4328600410635859,11,0.8,1.3,5.0,0.6219331588019621,0.8761405708097595,1472,1472,1391,True,ok
19,7,Awake,60,processed,20,17400280187434311183,166.3133058033831,24.996219321763952,8,0.16,4,0.4328600410635859,11,0.8,1.3,5.0,0.6268674591873319,0.8884130171557549,1472,1472,1402,True,ok
19,7,Awake,60,processed,21,6257097910621389414,166.3133058033831,24.996219321763952,8,0.16,4,0.4328600410635859,11,0.8,1.3,5.0,0.6026033437490301,0.9058300038804585,1472,1472,1408,True,ok
19,7,Awake,60,processed,22,5541128339405635086,166.3133058033831,24.996219321763952,8,0.16,4,0.4328600410635859,11,0.8,1.3,5.0,0.6373482104103534,0.8525910642653308,1472,1472,1389,True,ok
19,7,Awake,60,processed,23,11594587947036051457,166.3133058033831,24.996219321763952,8,0.16,4,0.4328600410635859,11,0.8,1.3,5.0,0.6446055287812391,0.8147822350372442,1472,1472,1391,True,ok
19,7,Awake,60,processed,24,12807932643390018878,166.3133058033831,24.996219321763952,8,0.16,4,0.4328600410635859,11,0.8,1.3,5.0,0.6085979161514947,0.7751241019402095,1472,1472,1414,True,ok
19,7,Awake,60,processed,25,7912935551845853387,166.3133058033831,24.996219321763952,8,0.16,4,0.4328600410635859,11,0.8,1.3,5.0,0.6213631241937012,0.9268945903359084,1472,1472,1401,True,ok
19,7,Awake,60,processed,26,4988557300395221225,166.3133058033831,24.996219321763952,8,0.16,4,0.4328600410635859,11,0.8,1.3,5.0,0.5954259372427751,0.8593565006977005,1472,1472,1410,True,ok
19,7,Awake,60,processed,27,7388083146481240803,166.3133058033831,24.996219321763952,8,0.16,4,0.4328600410635859,11,0.8,1.3,5.0,0.5800790499615118,0.7645629050747696,1472,1472,1402,True,ok
19,7,Awake,60,processed,28,5527082357523115394,166.3133058033831,24.996219321763952,8,0.16,4,0.4328600410635859,11,0.8,1.3,5.0,0.6283261921764469,0.8704148325521013,1472,1472,1408,True,ok
19,7,Awake,60,processed,29,6448038958141042911,166.3133058033831,24.996219321763952,8,0.16,4,0.4328600410635859,11,0.8,1.3,5.0,0.6219678629698293,0.8439209666949148,1472,1472,1410,True,ok
19,7,Awake,60,processed,30,11557850067684378412,166.3133058033831,24.996219321763952,8,0.16,4,0.4328600410635859,11,0.8,1.3,5.0,0.6312937177468456,0.8799354448265692,1472,1472,1404,True,ok
19,7,Awake,60,processed,31,9816987613319097258,166.3133058033831,24.996219321763952,8,0.16,4,0.4328600410635859,11,0.8,1.3,5.0,0.5698918897194217,0.7360393131916606,1472,1472,1407,True,ok
19,7,Awake,60,processed,32,13360957016144703419,166.3133058033831,24.996219321763952,8,0.16,4,0.4328600410635859,11,0.8,1.3,5.0,0.6203685407098166,0.9194772793322644,1472,1472,1416,True,ok
19,7,Awake,60,processed,33,5528400604035940276,166.3133058033831,24.996219321763952,8,0.16,4,0.4328600410635859,11,0.8,1.3,5.0,0.5836206544879355,0.864534176735087,1472,1472,1420,True,ok
19,7,Awake,60,processed,34,9799727846834790448,166.3133058033831,24.996219321763952,8,0.16,4,0.4328600410635859,11,0.8,1.3,5.0,0.5868270611044188,0.8531946732682785,1472,1472,1422,True,ok
19,7,Awake,60,processed,35,1122261107976026760,166.3133058033831,24.996219321763952,8,0.16,4,0.4328600410635859,11,0.8,1.3,5.0,0.6076697654541716,0.90780392904822,1472,1472,1415,True,ok
19,7,Awake,60,processed,36,4646830430122625413,166.3133058033831,24.996219321763952,8,0.16,4,0.4328600410635859,11,0.8,1.3,5.0,0.5076441824861584,0.726747930077726,1472,1472,1400,True,ok
19,7,Awake,60,processed,37,8709348299387214470,166.3133058033831,24.996219321763952,8,0.16,4,0.4328600410635859,11,0.8,1.3,5.0,0.5282659875281297,0.7088036511466321,1472,1472,1410,True,ok
19,7,Awake,60,processed,38,2802159406239889246,166.3133058033831,24.996219321763952,8,0.16,4,0.4328600410635859,11,0.8,1.3,5.0,0.6472213397709679,0.8047648267723858,1472,1472,1415,True,ok
19,7,Awake,60,processed,39,7612202124540990053,166.3133058033831,24.996219321763952,8,0.16,4,0.4328600410635859,11,0.8,1.3,5.0,0.5602185129647129,0.7483443494342512,1472,1472,1394,True,ok
19,8,Awake,60,processed,1,9882365752959390393,115.00613197126222,24.996219321763952,8,0.16,4,0.4474579266907603,11,0.8,1.3,5.0,0.7245251280022723,0.9305034841061999,1472,1472,1391,True,ok
19,8,Awake,60,processed,2,7040215073864879230,115.00613197126222,24.996219321763952,8,0.16,4,0.4474579266907603,11,0.8,1.3,5.0,0.6903892297774755,0.9203210447128188,1472,1472,1422,True,ok
19,8,Awake,60,processed,3,16412611907498973587,115.00613197126222,24.996219321763952,8,0.16,4,0.4474579266907603,11,0.8,1.3,5.0,0.6613984421223836,0.9061947613776975,1472,1472,1397,True,ok
19,8,Awake,60,processed,4,2886129640409454525,115.00613197126222,24.996219321763952,8,0.16,4,0.4474579266907603,11,0.8,1.3,5.0,0.6348762848319371,0.9109360634456137,1472,1472,1405,True,ok
19,8,Awake,60,processed,5,14270486933738729045,115.00613197126222,24.996219321763952,8,0.16,4,0.4474579266907603,11,0.8,1.3,5.0,0.5800975912515174,0.9015584838678088,1472,1472,1403,True,ok
19,8,Awake,60,processed,6,14041496456924837973,115.00613197126222,24.996219321763952,8,0.16,4,0.4474579266907603,11,0.8,1.3,5.0,0.6155902729081758,0.946440032225244,1472,1472,1424,True,ok
19,8,Awake,60,processed,7,12875106975987477200,115.00613197126222,24.996219321763952,8,0.16,4,0.4474579266907603,11,0.8,1.3,5.0,0.6752541526826883,0.9659083101664956,1472,1472,1418,True,ok
19,8,Awake,60,processed,8,6645691818072942642,115.00613197126222,24.996219321763952,8,0.16,4,0.4474579266907603,11,0.8,1.3,5.0,0.660827216373095,0.9181286292145874,1472,1472,1392,True,ok
19,8,Awake,60,processed,9,15401913504700211521,115.00613197126222,24.996219321763952,8,0.16,4,0.4474579266907603,11,0.8,1.3,5.0,0.6847956893468999,0.948837314449565,1472,1472,1404,True,ok
19,8,Awake,60,processed,10,14318126105861677075,115.00613197126222,24.996219321763952,8,0.16,4,0.4474579266907603,11,0.8,1.3,5.0,0.6604865012640752,0.902101487805248,1472,1472,1408,True,ok
19,8,Awake,60,processed,11,243457768709275244,115.00613197126222,24.996219321763952,8,0.16,4,0.4474579266907603,11,0.8,1.3,5.0,0.6488289509744855,0.9463377665624021,1472,1472,1394,True,ok
19,8,Awake,60,processed,12,10990027022526624238,115.00613197126222,24.996219321763952,8,0.16,4,0.4474579266907603,11,0.8,1.3,5.0,0.6607443917904471,0.9378415232089641,1472,1472,1419,True,ok
19,8,Awake,60,processed,13,14670138393581861007,115.00613197126222,24.996219321763952,8,0.16,4,0.4474579266907603,11,0.8,1.3,5.0,0.6499361457033852,0.8486248720842944,1472,1472,1411,True,ok
19,8,Awake,60,processed,14,3005428871660655074,115.00613197126222,24.996219321763952,8,0.16,4,0.4474579266907603,11,0.8,1.3,5.0,0.6374781945321162,0.9357108766108065,1472,1472,1414,True,ok
19,8,Awake,60,processed,15,14614273169216397077,115.00613197126222,24.996219321763952,8,0.16,4,0.4474579266907603,11,0.8,1.3,5.0,0.6294345345669007,0.86923573771335,1472,1472,1401,True,ok
19,8,Awake,60,processed,16,12635918744492890831,115.00613197126222,24.996219321763952,8,0.16,4,0.4474579266907603,11,0.8,1.3,5.0,0.6869456012514698,0.8868034953711945,1472,1472,1404,True,ok
19,8,Awake,60,processed,17,17705505133381888150,115.00613197126222,24.996219321763952,8,0.16,4,0.4474579266907603,11,0.8,1.3,5.0,0.6753805131340855,0.9308025320923874,1472,1472,1411,True,ok
19,8,Awake,60,processed,18,16151016203532745412,115.00613197126222,24.996219321763952,8,0.16,4,0.4474579266907603,11,0.8,1.3,5.0,0.6222106307635761,0.8781108811811712,1472,1472,1413,True,ok
19,8,Awake,60,processed,19,10391693200611505587,115.00613197126222,24.996219321763952,8,0.16,4,0.4474579266907603,11,0.8,1.3,5.0,0.7217167776466936,0.9409707320576859,1472,1472,1395,True,ok
19,8,Awake,60,processed,20,12265118174220891721,115.00613197126222,24.996219321763952,8,0.16,4,0.4474579266907603,11,0.8,1.3,5.0,0.7023882435711799,0.910621496820952,1472,1472,1399,True,ok
19,8,Awake,60,processed,21,12012988849511719634,115.00613197126222,24.996219321763952,8,0.16,4,0.4474579266907603,11,0.8,1.3,5.0,0.6847791942133055,0.9632159092215248,1472,1472,1406,True,ok
19,8,Awake,60,processed,22,12379558808953062696,115.00613197126222,24.996219321763952,8,0.16,4,0.4474579266907603,11,0.8,1.3,5.0,0.59879709986083,0.8873976840122683,1472,1472,1416,True,ok
19,8,Awake,60,processed,23,15735738823251981114,115.00613197126222,24.996219321763952,8,0.16,4,0.4474579266907603,11,0.8,1.3,5.0,0.6534815925119178,0.9268204558375153,1472,1472,1409,True,ok
19,8,Awake,60,processed,24,4024077111466271015,115.00613197126222,24.996219321763952,8,0.16,4,0.4474579266907603,11,0.8,1.3,5.0,0.5980892345254011,0.9105580471392458,1472,1472,1415,True,ok
19,8,Awake,60,processed,25,9548773009381370234,115.00613197126222,24.996219321763952,8,0.16,4,0.4474579266907603,11,0.8,1.3,5.0,0.5924973692388111,0.8930981719381021,1472,1472,1402,True,ok
19,8,Awake,60,processed,26,16654752568253792237,115.00613197126222,24.996219321763952,8,0.16,4,0.4474579266907603,11,0.8,1.3,5.0,0.6665265720950547,0.9623225075714861,1472,1472,1418,True,ok
19,8,Awake,60,processed,27,6624854518845625020,115.00613197126222,24.996219321763952,8,0.16,4,0.4474579266907603,11,0.8,1.3,5.0,0.7274187636279176,0.9515258424113024,1472,1472,1400,True,ok
19,8,Awake,60,processed,28,8478079428438874504,115.00613197126222,24.996219321763952,8,0.16,4,0.4474579266907603,11,0.8,1.3,5.0,0.7316214222902688,0.9667843290022239,1472,1472,1423,True,ok
19,8,Awake,60,processed,29,3765245452861355877,115.00613197126222,24.996219321763952,8,0.16,4,0.4474579266907603,11,0.8,1.3,5.0,0.6572887301231234,0.8508608242647977,1472,1472,1411,True,ok
19,8,Awake,60,processed,30,555895950213701358,115.00613197126222,24.996219321763952,8,0.16,4,0.4474579266907603,11,0.8,1.3,5.0,0.565802176762668,0.8198701255022623,1472,1472,1421,True,ok
19,8,Awake,60,processed,31,16779579610948949267,115.00613197126222,24.996219321763952,8,0.16,4,0.4474579266907603,11,0.8,1.3,5.0,0.618081530462256,0.868988319920147,1472,1472,1425,True,ok
19,8,Awake,60,processed,32,6310127997051417445,115.00613197126222,24.996219321763952,8,0.16,4,0.4474579266907603,11,0.8,1.3,5.0,0.6257837883728979,0.9727123796179405,1472,1472,1437,True,ok
19,8,Awake,60,processed,33,8381030667445457478,115.00613197126222,24.996219321763952,8,0.16,4,0.4474579266907603,11,0.8,1.3,5.0,0.5787122542191936,0.9447104010308565,1472,1472,1394,True,ok
19,8,Awake,60,processed,34,14327752239203954644,115.00613197126222,24.996219321763952,8,0.16,4,0.4474579266907603,11,0.8,1.3,5.0,0.614548538073703,0.9296546510049843,1472,1472,1409,True,ok
19,8,Awake,60,processed,35,6443825360060045600,115.00613197126222,24.996219321763952,8,0.16,4,0.4474579266907603,11,0.8,1.3,5.0,0.599308938505243,0.9006618074359262,1472,1472,1397,True,ok
19,8,Awake,60,processed,36,4354187806648731930,115.00613197126222,24.996219321763952,8,0.16,4,0.4474579266907603,11,0.8,1.3,5.0,0.6410754851839763,0.8949579734816746,1472,1472,1381,True,ok
19,8,Awake,60,processed,37,8176454283083160302,115.00613197126222,24.996219321763952,8,0.16,4,0.4474579266907603,11,0.8,1.3,5.0,0.6714504974407689,0.8355418220037653,1472,1472,1416,True,ok
19,8,Awake,60,processed,38,13735516218156753779,115.00613197126222,24.996219321763952,8,0.16,4,0.4474579266907603,11,0.8,1.3,5.0,0.6182657254070719,0.8600545692645518,1472,1472,1404,True,ok
19,8,Awake,60,processed,39,679359855635348325,115.00613197126222,24.996219321763952,8,0.16,4,0.4474579266907603,11,0.8,1.3,5.0,0.5980666860676641,0.8937527625559216,1472,1472,1421,True,ok
19,9,Awake,60,processed,1,15336342413005341622,138.30057843624795,24.996219321763952,8,0.16,4,0.4344572445470586,11,0.8,1.3,5.0,0.6222601245685527,0.8914460748623771,1472,1472,1409,True,ok
19,9,Awake,60,processed,2,15547264407107827980,138.30057843624795,24.996219321763952,8,0.16,4,0.4344572445470586,11,0.8,1.3,5.0,0.616505840368868,0.8746047130213338,1472,1472,1417,True,ok
19,9,Awake,60,processed,3,8540505115340272173,138.30057843624795,24.996219321763952,8,0.16,4,0.4344572445470586,11,0.8,1.3,5.0,0.7050620916422593,0.9115474324248946,1472,1472,1417,True,ok
19,9,Awake,60,processed,4,17057554602297460844,138.30057843624795,24.996219321763952,8,0.16,4,0.4344572445470586,11,0.8,1.3,5.0,0.6663143701277703,0.8947844741495864,1472,1472,1398,True,ok
19,9,Awake,60,processed,5,3141592611657372519,138.30057843624795,24.996219321763952,8,0.16,4,0.4344572445470586,11,0.8,1.3,5.0,0.6977451187652001,0.8702219900003683,1472,1472,1418,True,ok
19,9,Awake,60,processed,6,11793861953065969800,138.30057843624795,24.996219321763952,8,0.16,4,0.4344572445470586,11,0.8,1.3,5.0,0.5968116318420541,0.8353716287860701,1472,1472,1414,True,ok
19,9,Awake,60,processed,7,5835648653712556568,138.30057843624795,24.996219321763952,8,0.16,4,0.4344572445470586,11,0.8,1.3,5.0,0.6829088168720212,0.8715449501220759,1472,1472,1385,True,ok
19,9,Awake,60,processed,8,5256304091608795042,138.30057843624795,24.996219321763952,8,0.16,4,0.4344572445470586,11,0.8,1.3,5.0,0.6570442455025104,0.8594479277136295,1472,1472,1400,True,ok
19,9,Awake,60,processed,9,3446218576333179610,138.30057843624795,24.996219321763952,8,0.16,4,0.4344572445470586,11,0.8,1.3,5.0,0.6251561516073266,0.9064795269475269,1472,1472,1418,True,ok
19,9,Awake,60,processed,10,11715761045100567569,138.30057843624795,24.996219321763952,8,0.16,4,0.4344572445470586,11,0.8,1.3,5.0,0.644429126295195,0.8918447504018016,1472,1472,1407,True,ok
19,9,Awake,60,processed,11,11229070049068583473,138.30057843624795,24.996219321763952,8,0.16,4,0.4344572445470586,11,0.8,1.3,5.0,0.671739274497909,0.8351250465508174,1472,1472,1406,True,ok
19,9,Awake,60,processed,12,13743827481429640034,138.30057843624795,24.996219321763952,8,0.16,4,0.4344572445470586,11,0.8,1.3,5.0,0.6113988162337052,0.9154521327623665,1472,1472,1408,True,ok
19,9,Awake,60,processed,13,8553649818697213251,138.30057843624795,24.996219321763952,8,0.16,4,0.4344572445470586,11,0.8,1.3,5.0,0.6123525777889415,0.8776707591446076,1472,1472,1422,True,ok
19,9,Awake,60,processed,14,13100953227182005748,138.30057843624795,24.996219321763952,8,0.16,4,0.4344572445470586,11,0.8,1.3,5.0,0.5797055176787674,0.8899421922896579,1472,1472,1404,True,ok
19,9,Awake,60,processed,15,15356718763121439530,138.30057843624795,24.996219321763952,8,0.16,4,0.4344572445470586,11,0.8,1.3,5.0,0.6829504772241545,0.9154644363853232,1472,1472,1417,True,ok
19,9,Awake,60,processed,16,680633301587587961,138.30057843624795,24.996219321763952,8,0.16,4,0.4344572445470586,11,0.8,1.3,5.0,0.6879713523097397,0.8563815569350782,1472,1472,1420,True,ok
19,9,Awake,60,processed,17,18029827439709202670,138.30057843624795,24.996219321763952,8,0.16,4,0.4344572445470586,11,0.8,1.3,5.0,0.7057064827000173,0.9085291289975381,1472,1472,1394,True,ok
19,9,Awake,60,processed,18,76468301938271054,138.30057843624795,24.996219321763952,8,0.16,4,0.4344572445470586,11,0.8,1.3,5.0,0.826708172361554,0.9498479376006861,1472,1472,1389,True,ok
19,9,Awake,60,processed,19,1136167358645296208,138.30057843624795,24.996219321763952,8,0.16,4,0.4344572445470586,11,0.8,1.3,5.0,0.7184266552660391,0.9135573538574071,1472,1472,1406,True,ok
19,9,Awake,60,processed,20,15149881617998273174,138.30057843624795,24.996219321763952,8,0.16,4,0.4344572445470586,11,0.8,1.3,5.0,0.6257534424189175,0.8847586337010089,1472,1472,1409,True,ok
19,9,Awake,60,processed,21,336264840390162685,138.30057843624795,24.996219321763952,8,0.16,4,0.4344572445470586,11,0.8,1.3,5.0,0.6699873379385984,0.9097258454593526,1472,1472,1423,True,ok
19,9,Awake,60,processed,22,12422737667689100053,138.30057843624795,24.996219321763952,8,0.16,4,0.4344572445470586,11,0.8,1.3,5.0,0.6476796320895467,0.9124238998988389,1472,1472,1416,True,ok
19,9,Awake,60,processed,23,10753576100545848834,138.30057843624795,24.996219321763952,8,0.16,4,0.4344572445470586,11,0.8,1.3,5.0,0.6500150337079944,0.9140397370229121,1472,1472,1418,True,ok
19,9,Awake,60,processed,24,12430616333643700481,138.30057843624795,24.996219321763952,8,0.16,4,0.4344572445470586,11,0.8,1.3,5.0,0.7377766294884135,0.8118614664418551,1472,1472,1407,True,ok
19,9,Awake,60,processed,25,16755325680861541915,138.30057843624795,24.996219321763952,8,0.16,4,0.4344572445470586,11,0.8,1.3,5.0,0.6660926139220877,0.9325111843467707,1472,1472,1414,True,ok
19,9,Awake,60,processed,26,5356600859487050383,138.30057843624795,24.996219321763952,8,0.16,4,0.4344572445470586,11,0.8,1.3,5.0,0.6077898938686765,0.9487140488992367,1472,1472,1409,True,ok
19,9,Awake,60,processed,27,13506952000146122658,138.30057843624795,24.996219321763952,8,0.16,4,0.4344572445470586,11,0.8,1.3,5.0,0.7415365463786965,0.8611899875766796,1472,1472,1405,True,ok
19,9,Awake,60,processed,28,7886363366880982781,138.30057843624795,24.996219321763952,8,0.16,4,0.4344572445470586,11,0.8,1.3,5.0,0.5799286170418793,0.9128180226781889,1472,1472,1420,True,ok
19,9,Awake,60,processed,29,8943702112723386635,138.30057843624795,24.996219321763952,8,0.16,4,0.4344572445470586,11,0.8,1.3,5.0,0.6398146854848915,0.9239080151388241,1472,1472,1405,True,ok
19,9,Awake,60,processed,30,4378256356357265969,138.30057843624795,24.996219321763952,8,0.16,4,0.4344572445470586,11,0.8,1.3,5.0,0.5866213795767562,0.933123534983701,1472,1472,1385,True,ok
19,9,Awake,60,processed,31,1824701969942547349,138.30057843624795,24.996219321763952,8,0.16,4,0.4344572445470586,11,0.8,1.3,5.0,0.6479435090565172,0.9304056444042275,1472,1472,1390,True,ok
19,9,Awake,60,processed,32,7799760681309925233,138.30057843624795,24.996219321763952,8,0.16,4,0.4344572445470586,11,0.8,1.3,5.0,0.7256952921451774,0.9414183906820799,1472,1472,1413,True,ok
19,9,Awake,60,processed,33,13314366182905095880,138.30057843624795,24.996219321763952,8,0.16,4,0.4344572445470586,11,0.8,1.3,5.0,0.6414093190503614,0.8538183716834896,1472,1472,1415,True,ok
19,9,Awake,60,processed,34,5986762714301600644,138.30057843624795,24.996219321763952,8,0.16,4,0.4344572445470586,11,0.8,1.3,5.0,0.5660009695641869,0.8225425574739272,1472,1472,1427,True,ok
19,9,Awake,60,processed,35,4764478340682080398,138.30057843624795,24.996219321763952,8,0.16,4,0.4344572445470586,11,0.8,1.3,5.0,0.6392364724219068,0.8667401034765572,1472,1472,1413,True,ok
19,9,Awake,60,processed,36,3423170870957817727,138.30057843624795,24.996219321763952,8,0.16,4,0.4344572445470586,11,0.8,1.3,5.0,0.6709204551481442,0.8627509394778061,1472,1472,1414,True,ok
19,9,Awake,60,processed,37,17953770029830207763,138.30057843624795,24.996219321763952,8,0.16,4,0.4344572445470586,11,0.8,1.3,5.0,0.7376827345408952,0.9064511736118217,1472,1472,1406,True,ok
19,9,Awake,60,processed,38,11412474393792810503,138.30057843624795,24.996219321763952,8,0.16,4,0.4344572445470586,11,0.8,1.3,5.0,0.6297683848427943,0.7595435790201952,1472,1472,1424,True,ok
19,9,Awake,60,processed,39,15707302265211933043,138.30057843624795,24.996219321763952,8,0.16,4,0.4344572445470586,11,0.8,1.3,5.0,0.6171016226482248,0.8791326595321618,1472,1472,1404,True,ok
19,10,Awake,60,processed,1,18240070532757003623,138.30057843624795,24.996219321763952,8,0.16,4,0.4436527000124622,11,0.8,1.3,5.0,0.6992014699037894,0.8312158984937994,1472,1472,1416,True,ok
19,10,Awake,60,processed,2,15137557458450060796,138.30057843624795,24.996219321763952,8,0.16,4,0.4436527000124622,11,0.8,1.3,5.0,0.6648406769076763,0.8744502367178897,1472,1472,1395,True,ok
19,10,Awake,60,processed,3,707975619686703086,138.30057843624795,24.996219321763952,8,0.16,4,0.4436527000124622,11,0.8,1.3,5.0,0.6879946603202665,0.8419965588923904,1472,1472,1425,True,ok
19,10,Awake,60,processed,4,2550147023444572430,138.30057843624795,24.996219321763952,8,0.16,4,0.4436527000124622,11,0.8,1.3,5.0,0.616330334864452,0.8885908332046129,1472,1472,1413,True,ok
19,10,Awake,60,processed,5,353177815537818503,138.30057843624795,24.996219321763952,8,0.16,4,0.4436527000124622,11,0.8,1.3,5.0,0.6352354885259828,0.913348584832512,1472,1472,1401,True,ok
19,10,Awake,60,processed,6,4820289428378071788,138.30057843624795,24.996219321763952,8,0.16,4,0.4436527000124622,11,0.8,1.3,5.0,0.6148772012626366,0.8728288861969322,1472,1472,1417,True,ok
19,10,Awake,60,processed,7,3116588450216355879,138.30057843624795,24.996219321763952,8,0.16,4,0.4436527000124622,11,0.8,1.3,5.0,0.6010412180733629,0.8367235366768047,1472,1472,1402,True,ok
19,10,Awake,60,processed,8,16547017959606032496,138.30057843624795,24.996219321763952,8,0.16,4,0.4436527000124622,11,0.8,1.3,5.0,0.6368660401751612,0.9064316876719298,1472,1472,1403,True,ok
19,10,Awake,60,processed,9,3128338443321858876,138.30057843624795,24.996219321763952,8,0.16,4,0.4436527000124622,11,0.8,1.3,5.0,0.6320335830078634,0.9001972127465037,1472,1472,1419,True,ok
19,10,Awake,60,processed,10,9426003240657894032,138.30057843624795,24.996219321763952,8,0.16,4,0.4436527000124622,11,0.8,1.3,5.0,0.6293363232531666,0.8524052920997156,1472,1472,1404,True,ok
19,10,Awake,60,processed,11,3757929209544295834,138.30057843624795,24.996219321763952,8,0.16,4,0.4436527000124622,11,0.8,1.3,5.0,0.5976660632864048,0.8685868846932495,1472,1472,1390,True,ok
19,10,Awake,60,processed,12,17418710552757892241,138.30057843624795,24.996219321763952,8,0.16,4,0.4436527000124622,11,0.8,1.3,5.0,0.6493997522761372,0.8752844923827933,1472,1472,1425,True,ok
19,10,Awake,60,processed,13,8026429343402668983,138.30057843624795,24.996219321763952,8,0.16,4,0.4436527000124622,11,0.8,1.3,5.0,0.658298616486043,0.9042783683775849,1472,1472,1418,True,ok
19,10,Awake,60,processed,14,4730197380638592537,138.30057843624795,24.996219321763952,8,0.16,4,0.4436527000124622,11,0.8,1.3,5.0,0.651732023587412,0.9057843900793391,1472,1472,1402,True,ok
19,10,Awake,60,processed,15,494476061557155049,138.30057843624795,24.996219321763952,8,0.16,4,0.4436527000124622,11,0.8,1.3,5.0,0.6010192504480787,0.8896540372402018,1472,1472,1403,True,ok
19,10,Awake,60,processed,16,7388741640443367624,138.30057843624795,24.996219321763952,8,0.16,4,0.4436527000124622,11,0.8,1.3,5.0,0.6013155224810501,0.9032487206381622,1472,1472,1425,True,ok
19,10,Awake,60,processed,17,14049539103770203040,138.30057843624795,24.996219321763952,8,0.16,4,0.4436527000124622,11,0.8,1.3,5.0,0.5683977713934709,0.8683213015507163,1472,1472,1399,True,ok
19,10,Awake,60,processed,18,6133872056740683290,138.30057843624795,24.996219321763952,8,0.16,4,0.4436527000124622,11,0.8,1.3,5.0,0.7225097437222137,0.9390042791231412,1472,1472,1389,True,ok
19,10,Awake,60,processed,19,2485927619464559802,138.30057843624795,24.996219321763952,8,0.16,4,0.4436527000124622,11,0.8,1.3,5.0,0.6599660152124336,0.9050475717828066,1472,1472,1409,True,ok
19,10,Awake,60,processed,20,18000866871331943016,138.30057843624795,24.996219321763952,8,0.16,4,0.4436527000124622,11,0.8,1.3,5.0,0.5475174743580279,0.8847798540032,1472,1472,1411,True,ok
19,10,Awake,60,processed,21,6884014940776829233,138.30057843624795,24.996219321763952,8,0.16,4,0.4436527000124622,11,0.8,1.3,5.0,0.7233265170339668,0.9555856518008398,1472,1472,1396,True,ok
19,10,Awake,60,processed,22,10883464898176539247,138.30057843624795,24.996219321763952,8,0.16,4,0.4436527000124622,11,0.8,1.3,5.0,0.6197136874751419,0.8463610630067622,1472,1472,1417,True,ok
19,10,Awake,60,processed,23,15365163006794884047,138.30057843624795,24.996219321763952,8,0.16,4,0.4436527000124622,11,0.8,1.3,5.0,0.6839395256696684,0.9154190167327042,1472,1472,1405,True,ok
19,10,Awake,60,processed,24,1816838537812897013,138.30057843624795,24.996219321763952,8,0.16,4,0.4436527000124622,11,0.8,1.3,5.0,0.6940166650871754,0.9187066792550992,1472,1472,1392,True,ok
19,10,Awake,60,processed,25,15474523966989234342,138.30057843624795,24.996219321763952,8,0.16,4,0.4436527000124622,11,0.8,1.3,5.0,0.6290489699792452,0.8608809707184212,1472,1472,1406,True,ok
19,10,Awake,60,processed,26,5840370141696938582,138.30057843624795,24.996219321763952,8,0.16,4,0.4436527000124622,11,0.8,1.3,5.0,0.5947863435876253,0.8696353462815685,1472,1472,1404,True,ok
19,10,Awake,60,processed,27,13600405353676398316,138.30057843624795,24.996219321763952,8,0.16,4,0.4436527000124622,11,0.8,1.3,5.0,0.5486102456454006,0.7258012742382552,1472,1472,1412,True,ok
19,10,Awake,60,processed,28,9577231485738254865,138.30057843624795,24.996219321763952,8,0.16,4,0.4436527000124622,11,0.8,1.3,5.0,0.626085925848693,0.8903751643316931,1472,1472,1402,True,ok
19,10,Awake,60,processed,29,16671496222582933141,138.30057843624795,24.996219321763952,8,0.16,4,0.4436527000124622,11,0.8,1.3,5.0,0.6309585352197755,0.8729913256601348,1472,1472,1392,True,ok
19,10,Awake,60,processed,30,13278882332807900582,138.30057843624795,24.996219321763952,8,0.16,4,0.4436527000124622,11,0.8,1.3,5.0,0.6124442718777294,0.8488940991863563,1472,1472,1405,True,ok
19,10,Awake,60,processed,31,17655810097795626524,138.30057843624795,24.996219321763952,8,0.16,4,0.4436527000124622,11,0.8,1.3,5.0,0.6309063388086789,0.8919538416478899,1472,1472,1413,True,ok
19,10,Awake,60,processed,32,14432723714802339635,138.30057843624795,24.996219321763952,8,0.16,4,0.4436527000124622,11,0.8,1.3,5.0,0.6477575781270433,0.891507793114738,1472,1472,1405,True,ok
19,10,Awake,60,processed,33,3370800542585556779,138.30057843624795,24.996219321763952,8,0.16,4,0.4436527000124622,11,0.8,1.3,5.0,0.7102127405703127,0.8740586440902112,1472,1472,1400,True,ok
19,10,Awake,60,processed,34,10842717756949117092,138.30057843624795,24.996219321763952,8,0.16,4,0.4436527000124622,11,0.8,1.3,5.0,0.6195983598392621,0.932568358432952,1472,1472,1408,True,ok
19,10,Awake,60,processed,35,4080071480771296533,138.30057843624795,24.996219321763952,8,0.16,4,0.4436527000124622,11,0.8,1.3,5.0,0.6154654363400257,0.9639144173387044,1472,1472,1414,True,ok
19,10,Awake,60,processed,36,6961101017678691890,138.30057843624795,24.996219321763952,8,0.16,4,0.4436527000124622,11,0.8,1.3,5.0,0.7203522707834223,0.9301659275553793,1472,1472,1413,True,ok
19,10,Awake,60,processed,37,17650522136670676742,138.30057843624795,24.996219321763952,8,0.16,4,0.4436527000124622,11,0.8,1.3,5.0,0.6705022600835608,0.8740432906135102,1472,1472,1406,True,ok
19,10,Awake,60,processed,38,11370667206739052986,138.30057843624795,24.996219321763952,8,0.16,4,0.4436527000124622,11,0.8,1.3,5.0,0.6856480979953039,0.8862037912619861,1472,1472,1414,True,ok
19,10,Awake,60,processed,39,4300758514007454049,138.30057843624795,24.996219321763952,8,0.16,4,0.4436527000124622,11,0.8,1.3,5.0,0.6478577008872404,0.8981117712673012,1472,1472,1399,True,ok
19,11,Awake,60,processed,1,1191589995216424736,138.30057843624795,24.996219321763952,8,0.16,4,0.436106686813154,11,0.8,1.3,5.0,0.7024806322140706,0.8994284525520799,1472,1472,1396,True,ok
19,11,Awake,60,processed,2,11564538663601159643,138.30057843624795,24.996219321763952,8,0.16,4,0.436106686813154,11,0.8,1.3,5.0,0.6093380332261242,0.9184289652187537,1472,1472,1416,True,ok
19,11,Awake,60,processed,3,2056020730109667535,138.30057843624795,24.996219321763952,8,0.16,4,0.436106686813154,11,0.8,1.3,5.0,0.7313894670500622,0.922922119539955,1472,1472,1410,True,ok
19,11,Awake,60,processed,4,889230742514548167,138.30057843624795,24.996219321763952,8,0.16,4,0.436106686813154,11,0.8,1.3,5.0,0.5836759694284739,0.8750853081040456,1472,1472,1410,True,ok
19,11,Awake,60,processed,5,7182679626909850924,138.30057843624795,24.996219321763952,8,0.16,4,0.436106686813154,11,0.8,1.3,5.0,0.6277248277034146,0.9026296108612706,1472,1472,1422,True,ok
19,11,Awake,60,processed,6,13796975663026906648,138.30057843624795,24.996219321763952,8,0.16,4,0.436106686813154,11,0.8,1.3,5.0,0.6530274508409172,0.7622435177111888,1472,1472,1406,True,ok
19,11,Awake,60,processed,7,6110711214781985625,138.30057843624795,24.996219321763952,8,0.16,4,0.436106686813154,11,0.8,1.3,5.0,0.6726185063285851,0.7232107209822723,1472,1472,1416,True,ok
19,11,Awake,60,processed,8,7988963822649936073,138.30057843624795,24.996219321763952,8,0.16,4,0.436106686813154,11,0.8,1.3,5.0,0.6275663444492537,0.8209416773182343,1472,1472,1405,True,ok
19,11,Awake,60,processed,9,15420975960605306601,138.30057843624795,24.996219321763952,8,0.16,4,0.436106686813154,11,0.8,1.3,5.0,0.6279696987118544,0.8994076020278899,1472,1472,1408,True,ok
19,11,Awake,60,processed,10,4077090169732961147,138.30057843624795,24.996219321763952,8,0.16,4,0.436106686813154,11,0.8,1.3,5.0,0.6903774867746992,0.9473358326440916,1472,1472,1410,True,ok
19,11,Awake,60,processed,11,10424910140266576396,138.30057843624795,24.996219321763952,8,0.16,4,0.436106686813154,11,0.8,1.3,5.0,0.7023615322167838,0.9473712724141587,1472,1472,1432,True,ok
19,11,Awake,60,processed,12,4011038340487483449,138.30057843624795,24.996219321763952,8,0.16,4,0.436106686813154,11,0.8,1.3,5.0,0.6336457321535067,0.8010095504787603,1472,1472,1411,True,ok
19,11,Awake,60,processed,13,10829162342030478664,138.30057843624795,24.996219321763952,8,0.16,4,0.436106686813154,11,0.8,1.3,5.0,0.604400357666559,0.7833408856791583,1472,1472,1415,True,ok
19,11,Awake,60,processed,14,1681846463754192252,138.30057843624795,24.996219321763952,8,0.16,4,0.436106686813154,11,0.8,1.3,5.0,0.6378210721225834,0.8109661520899569,1472,1472,1393,True,ok
19,11,Awake,60,processed,15,3616245980949234366,138.30057843624795,24.996219321763952,8,0.16,4,0.436106686813154,11,0.8,1.3,5.0,0.6448509514270342,0.8289410521408866,1472,1472,1420,True,ok
19,11,Awake,60,processed,16,15581155553308142221,138.30057843624795,24.996219321763952,8,0.16,4,0.436106686813154,11,0.8,1.3,5.0,0.6416945352552064,0.8674758291358751,1472,1472,1395,True,ok
19,11,Awake,60,processed,17,2881318321487700430,138.30057843624795,24.996219321763952,8,0.16,4,0.436106686813154,11,0.8,1.3,5.0,0.610746085396774,0.9318020089877811,1472,1472,1403,True,ok
19,11,Awake,60,processed,18,12311687645564374597,138.30057843624795,24.996219321763952,8,0.16,4,0.436106686813154,11,0.8,1.3,5.0,0.6953990015613201,0.9246856590859199,1472,1472,1400,True,ok
19,11,Awake,60,processed,19,7200847331244338269,138.30057843624795,24.996219321763952,8,0.16,4,0.436106686813154,11,0.8,1.3,5.0,0.650796828463184,0.9315879324409727,1472,1472,1426,True,ok
19,11,Awake,60,processed,20,8767794792448953432,138.30057843624795,24.996219321763952,8,0.16,4,0.436106686813154,11,0.8,1.3,5.0,0.6301974336191157,0.8776474990749634,1472,1472,1405,True,ok
19,11,Awake,60,processed,21,10890457584721774631,138.30057843624795,24.996219321763952,8,0.16,4,0.436106686813154,11,0.8,1.3,5.0,0.6119121623328535,0.8888577471310194,1472,1472,1418,True,ok
19,11,Awake,60,processed,22,563596708750293265,138.30057843624795,24.996219321763952,8,0.16,4,0.436106686813154,11,0.8,1.3,5.0,0.635732460275474,0.9382471412900499,1472,1472,1396,True,ok
19,11,Awake,60,processed,23,17989450613672017959,138.30057843624795,24.996219321763952,8,0.16,4,0.436106686813154,11,0.8,1.3,5.0,0.6862203783708619,0.8830338182967152,1472,1472,1410,True,ok
19,11,Awake,60,processed,24,8929765892774500143,138.30057843624795,24.996219321763952,8,0.16,4,0.436106686813154,11,0.8,1.3,5.0,0.6482003067432819,0.9465015099631466,1472,1472,1413,True,ok
19,11,Awake,60,processed,25,12204000900139925616,138.30057843624795,24.996219321763952,8,0.16,4,0.436106686813154,11,0.8,1.3,5.0,0.6260094186914017,0.9030652211301051,1472,1472,1419,True,ok
19,11,Awake,60,processed,26,2605583214948492863,138.30057843624795,24.996219321763952,8,0.16,4,0.436106686813154,11,0.8,1.3,5.0,0.6709451221071454,0.9425577913215474,1472,1472,1414,True,ok
19,11,Awake,60,processed,27,1749605781434107813,138.30057843624795,24.996219321763952,8,0.16,4,0.436106686813154,11,0.8,1.3,5.0,0.6540173925821441,0.9311036138429227,1472,1472,1404,True,ok
19,11,Awake,60,processed,28,13067222071176612462,138.30057843624795,24.996219321763952,8,0.16,4,0.436106686813154,11,0.8,1.3,5.0,0.6401283288705703,0.9350400528614348,1472,1472,1413,True,ok
19,11,Awake,60,processed,29,4213220400537724432,138.30057843624795,24.996219321763952,8,0.16,4,0.436106686813154,11,0.8,1.3,5.0,0.6345048446285334,0.8320811887341075,1472,1472,1411,True,ok
19,11,Awake,60,processed,30,230487210670972360,138.30057843624795,24.996219321763952,8,0.16,4,0.436106686813154,11,0.8,1.3,5.0,0.7388355260342883,0.9038188885791018,1472,1472,1399,True,ok
19,11,Awake,60,processed,31,6863317841270456701,138.30057843624795,24.996219321763952,8,0.16,4,0.436106686813154,11,0.8,1.3,5.0,0.6393515761261916,0.9334286951664129,1472,1472,1405,True,ok
19,11,Awake,60,processed,32,16643078536141670123,138.30057843624795,24.996219321763952,8,0.16,4,0.436106686813154,11,0.8,1.3,5.0,0.6911070199282515,0.9548209753312484,1472,1472,1419,True,ok
19,11,Awake,60,processed,33,18192524553458176632,138.30057843624795,24.996219321763952,8,0.16,4,0.436106686813154,11,0.8,1.3,5.0,0.5732384298294271,0.7936090798569427,1472,1472,1407,True,ok
19,11,Awake,60,processed,34,3896226966549446769,138.30057843624795,24.996219321763952,8,0.16,4,0.436106686813154,11,0.8,1.3,5.0,0.6964907629692337,0.9567025245661348,1472,1472,1415,True,ok
19,11,Awake,60,processed,35,3427941189105936643,138.30057843624795,24.996219321763952,8,0.16,4,0.436106686813154,11,0.8,1.3,5.0,0.6666209221434451,0.7883704595806683,1472,1472,1414,True,ok
19,11,Awake,60,processed,36,4368912305898529663,138.30057843624795,24.996219321763952,8,0.16,4,0.436106686813154,11,0.8,1.3,5.0,0.6079513640669311,0.926297442959763,1472,1472,1422,True,ok
19,11,Awake,60,processed,37,12065236289300330411,138.30057843624795,24.996219321763952,8,0.16,4,0.436106686813154,11,0.8,1.3,5.0,0.6424783799719447,0.8908049808509165,1472,1472,1398,True,ok
19,11,Awake,60,processed,38,5265680165132326550,138.30057843624795,24.996219321763952,8,0.16,4,0.436106686813154,11,0.8,1.3,5.0,0.6490931673670451,0.9553473346102535,1472,1472,1414,True,ok
19,11,Awake,60,processed,39,3742357160206153463,138.30057843624795,24.996219321763952,8,0.16,4,0.436106686813154,11,0.8,1.3,5.0,0.6210539509472938,0.9302740670530494,1472,1472,1393,True,ok
19,12,Awake,60,processed,1,5030469800833808033,138.30057843624795,24.996219321763952,8,0.16,4,0.4148862166404697,10,0.8,1.3,5.0,0.6348499742940727,0.9157295938096622,1472,1472,1400,True,ok
19,12,Awake,60,processed,2,628866024864266591,138.30057843624795,24.996219321763952,8,0.16,4,0.4148862166404697,10,0.8,1.3,5.0,0.6717101741873643,0.9114830633005327,1472,1472,1408,True,ok
19,12,Awake,60,processed,3,479328329176833114,138.30057843624795,24.996219321763952,8,0.16,4,0.4148862166404697,10,0.8,1.3,5.0,0.6642360394346914,0.9091464881315365,1472,1472,1409,True,ok
19,12,Awake,60,processed,4,6220488614797879359,138.30057843624795,24.996219321763952,8,0.16,4,0.4148862166404697,10,0.8,1.3,5.0,0.6212519993688335,0.8942276543096789,1472,1472,1403,True,ok
19,12,Awake,60,processed,5,15880821313243265783,138.30057843624795,24.996219321763952,8,0.16,4,0.4148862166404697,10,0.8,1.3,5.0,0.6180523506548045,0.921802340590184,1472,1472,1395,True,ok
19,12,Awake,60,processed,6,13114018250467977445,138.30057843624795,24.996219321763952,8,0.16,4,0.4148862166404697,10,0.8,1.3,5.0,0.6113397646086718,0.8105483575232623,1472,1472,1412,True,ok
19,12,Awake,60,processed,7,12492394616746065330,138.30057843624795,24.996219321763952,8,0.16,4,0.4148862166404697,10,0.8,1.3,5.0,0.6433508181022861,0.9069841056188853,1472,1472,1402,True,ok
19,12,Awake,60,processed,8,10889317842135805373,138.30057843624795,24.996219321763952,8,0.16,4,0.4148862166404697,10,0.8,1.3,5.0,0.6810221495391712,0.8967048062497767,1472,1472,1407,True,ok
19,12,Awake,60,processed,9,10810410743182341289,138.30057843624795,24.996219321763952,8,0.16,4,0.4148862166404697,10,0.8,1.3,5.0,0.6889546797519038,0.862911716399918,1472,1472,1400,True,ok
19,12,Awake,60,processed,10,17707294560365480933,138.30057843624795,24.996219321763952,8,0.16,4,0.4148862166404697,10,0.8,1.3,5.0,0.6189759089848954,0.8619231629343653,1472,1472,1379,True,ok
19,12,Awake,60,processed,11,15698328809090756100,138.30057843624795,24.996219321763952,8,0.16,4,0.4148862166404697,10,0.8,1.3,5.0,0.6404462761198967,0.9324105354478571,1472,1472,1414,True,ok
19,12,Awake,60,processed,12,15258295191831992847,138.30057843624795,24.996219321763952,8,0.16,4,0.4148862166404697,10,0.8,1.3,5.0,0.6355976638051797,0.9206178659350718,1472,1472,1406,True,ok
19,12,Awake,60,processed,13,3212375503259093987,138.30057843624795,24.996219321763952,8,0.16,4,0.4148862166404697,10,0.8,1.3,5.0,0.5917493909246113,0.7810884531435315,1472,1472,1412,True,ok
19,12,Awake,60,processed,14,3518631693598630612,138.30057843624795,24.996219321763952,8,0.16,4,0.4148862166404697,10,0.8,1.3,5.0,0.5915402263722472,0.8410609235161108,1472,1472,1411,True,ok
19,12,Awake,60,processed,15,4496340907019265598,138.30057843624795,24.996219321763952,8,0.16,4,0.4148862166404697,10,0.8,1.3,5.0,0.6658572695383494,0.8988795029207175,1472,1472,1406,True,ok
19,12,Awake,60,processed,16,7947580483370835311,138.30057843624795,24.996219321763952,8,0.16,4,0.4148862166404697,10,0.8,1.3,5.0,0.6610046929379465,0.8980443294220785,1472,1472,1413,True,ok
19,12,Awake,60,processed,17,15702184287553816986,138.30057843624795,24.996219321763952,8,0.16,4,0.4148862166404697,10,0.8,1.3,5.0,0.5619044629606816,0.7725656396316543,1472,1472,1411,True,ok
19,12,Awake,60,processed,18,4647775661816856680,138.30057843624795,24.996219321763952,8,0.16,4,0.4148862166404697,10,0.8,1.3,5.0,0.6382842684314747,0.8754888330067796,1472,1472,1417,True,ok
19,12,Awake,60,processed,19,15973987465289361290,138.30057843624795,24.996219321763952,8,0.16,4,0.4148862166404697,10,0.8,1.3,5.0,0.6888213130330915,0.9100813457990075,1472,1472,1410,True,ok
19,12,Awake,60,processed,20,18068845467042347009,138.30057843624795,24.996219321763952,8,0.16,4,0.4148862166404697,10,0.8,1.3,5.0,0.6597987997551192,0.8876014408837428,1472,1472,1419,True,ok
19,12,Awake,60,processed,21,5265274597012812689,138.30057843624795,24.996219321763952,8,0.16,4,0.4148862166404697,10,0.8,1.3,5.0,0.6725051110317255,0.8801956884317084,1472,1472,1420,True,ok
19,12,Awake,60,processed,22,17689857973985493210,138.30057843624795,24.996219321763952,8,0.16,4,0.4148862166404697,10,0.8,1.3,5.0,0.5854267422358064,0.8272870578863135,1472,1472,1423,True,ok
19,12,Awake,60,processed,23,4398816808570909679,138.30057843624795,24.996219321763952,8,0.16,4,0.4148862166404697,10,0.8,1.3,5.0,0.6209197478897595,0.8130738688725094,1472,1472,1405,True,ok
19,12,Awake,60,processed,24,18322668414088480045,138.30057843624795,24.996219321763952,8,0.16,4,0.4148862166404697,10,0.8,1.3,5.0,0.6497087129270375,0.923879716509508,1472,1472,1393,True,ok
19,12,Awake,60,processed,25,442759635816733167,138.30057843624795,24.996219321763952,8,0.16,4,0.4148862166404697,10,0.8,1.3,5.0,0.654289729727343,0.9473817676950557,1472,1472,1409,True,ok
19,12,Awake,60,processed,26,12152632992730580406,138.30057843624795,24.996219321763952,8,0.16,4,0.4148862166404697,10,0.8,1.3,5.0,0.6881935548249049,0.8971693901769907,1472,1472,1408,True,ok
19,12,Awake,60,processed,27,4086682166549519287,138.30057843624795,24.996219321763952,8,0.16,4,0.4148862166404697,10,0.8,1.3,5.0,0.6618827830123226,0.875279894926994,1472,1472,1405,True,ok
19,12,Awake,60,processed,28,1742848439982556676,138.30057843624795,24.996219321763952,8,0.16,4,0.4148862166404697,10,0.8,1.3,5.0,0.6056132862730339,0.9343393581903031,1472,1472,1417,True,ok
19,12,Awake,60,processed,29,4827820121313156725,138.30057843624795,24.996219321763952,8,0.16,4,0.4148862166404697,10,0.8,1.3,5.0,0.5655945123476397,0.9436730853593284,1472,1472,1399,True,ok
19,12,Awake,60,processed,30,9193081546440371631,138.30057843624795,24.996219321763952,8,0.16,4,0.4148862166404697,10,0.8,1.3,5.0,0.6235336419163439,0.9042364458318412,1472,1472,1412,True,ok
19,12,Awake,60,processed,31,16964997398752866582,138.30057843624795,24.996219321763952,8,0.16,4,0.4148862166404697,10,0.8,1.3,5.0,0.6089583455394855,0.8622606225671728,1472,1472,1411,True,ok
19,12,Awake,60,processed,32,5280151643608023743,138.30057843624795,24.996219321763952,8,0.16,4,0.4148862166404697,10,0.8,1.3,5.0,0.6323277462500552,0.8754282128660806,1472,1472,1406,True,ok
19,12,Awake,60,processed,33,13101026974939783362,138.30057843624795,24.996219321763952,8,0.16,4,0.4148862166404697,10,0.8,1.3,5.0,0.6842145901720252,0.8591329398328723,1472,1472,1427,True,ok
19,12,Awake,60,processed,34,1255866919246356780,138.30057843624795,24.996219321763952,8,0.16,4,0.4148862166404697,10,0.8,1.3,5.0,0.6038993840886109,0.8950801116303393,1472,1472,1414,True,ok
19,12,Awake,60,processed,35,15149399104922105967,138.30057843624795,24.996219321763952,8,0.16,4,0.4148862166404697,10,0.8,1.3,5.0,0.6739206900373346,0.9706320644784411,1472,1472,1410,True,ok
19,12,Awake,60,processed,36,1616427532818718819,138.30057843624795,24.996219321763952,8,0.16,4,0.4148862166404697,10,0.8,1.3,5.0,0.6594165864947469,0.9262810390914497,1472,1472,1431,True,ok
19,12,Awake,60,processed,37,16204712160367586361,138.30057843624795,24.996219321763952,8,0.16,4,0.4148862166404697,10,0.8,1.3,5.0,0.656558825609362,0.8618446085124261,1472,1472,1393,True,ok
19,12,Awake,60,processed,38,7217617561380326573,138.30057843624795,24.996219321763952,8,0.16,4,0.4148862166404697,10,0.8,1.3,5.0,0.6381355191209759,0.8501543401993892,1472,1472,1410,True,ok
19,12,Awake,60,processed,39,9911459118764908258,138.30057843624795,24.996219321763952,8,0.16,4,0.4148862166404697,10,0.8,1.3,5.0,0.5879137981900325,0.9105775458606602,1472,1472,1429,True,ok
19,13,Drowsy,60,processed,1,4177922865030919277,166.3133058033831,24.996219321763952,8,0.16,4,0.4412653179939756,11,0.8,1.3,5.0,0.6101660162975655,0.7013491927633885,1472,1472,1405,True,ok
19,13,Drowsy,60,processed,2,1208813803297630615,166.3133058033831,24.996219321763952,8,0.16,4,0.4412653179939756,11,0.8,1.3,5.0,0.5281816729693297,0.8866181303455384,1472,1472,1388,True,ok
19,13,Drowsy,60,processed,3,5608637786295715787,166.3133058033831,24.996219321763952,8,0.16,4,0.4412653179939756,11,0.8,1.3,5.0,0.559821538949215,0.8213814900199387,1472,1472,1414,True,ok
19,13,Drowsy,60,processed,4,993237758729830542,166.3133058033831,24.996219321763952,8,0.16,4,0.4412653179939756,11,0.8,1.3,5.0,0.5854928468534656,0.8409986497354888,1472,1472,1410,True,ok
19,13,Drowsy,60,processed,5,16107354695678137643,166.3133058033831,24.996219321763952,8,0.16,4,0.4412653179939756,11,0.8,1.3,5.0,0.5827524561539446,0.7494327449355092,1472,1472,1418,True,ok
19,13,Drowsy,60,processed,6,17307295769749245495,166.3133058033831,24.996219321763952,8,0.16,4,0.4412653179939756,11,0.8,1.3,5.0,0.6277436124873089,0.8362336967924227,1472,1472,1420,True,ok
19,13,Drowsy,60,processed,7,9347680331454093679,166.3133058033831,24.996219321763952,8,0.16,4,0.4412653179939756,11,0.8,1.3,5.0,0.6147619591910128,0.8317101251839277,1472,1472,1405,True,ok
19,13,Drowsy,60,processed,8,14793048569768500751,166.3133058033831,24.996219321763952,8,0.16,4,0.4412653179939756,11,0.8,1.3,5.0,0.5817634395910892,0.8755755749093103,1472,1472,1416,True,ok
19,13,Drowsy,60,processed,9,10080527487494291445,166.3133058033831,24.996219321763952,8,0.16,4,0.4412653179939756,11,0.8,1.3,5.0,0.5659653038658689,0.9155028874736564,1472,1472,1414,True,ok
19,13,Drowsy,60,processed,10,3441355024283062203,166.3133058033831,24.996219321763952,8,0.16,4,0.4412653179939756,11,0.8,1.3,5.0,0.5453343721949738,0.7794247956935929,1472,1472,1389,True,ok
19,13,Drowsy,60,processed,11,1438928372788094852,166.3133058033831,24.996219321763952,8,0.16,4,0.4412653179939756,11,0.8,1.3,5.0,0.581760061798772,0.8602830811484078,1472,1472,1424,True,ok
19,13,Drowsy,60,processed,12,4179011000282027669,166.3133058033831,24.996219321763952,8,0.16,4,0.4412653179939756,11,0.8,1.3,5.0,0.5697007326875954,0.7591646938546968,1472,1472,1399,True,ok
19,13,Drowsy,60,processed,13,15639794445029414907,166.3133058033831,24.996219321763952,8,0.16,4,0.4412653179939756,11,0.8,1.3,5.0,0.5994133080410644,0.9028094526266318,1472,1472,1417,True,ok
19,13,Drowsy,60,processed,14,2536355458405316377,166.3133058033831,24.996219321763952,8,0.16,4,0.4412653179939756,11,0.8,1.3,5.0,0.6342868967379381,0.850537897156121,1472,1472,1406,True,ok
19,13,Drowsy,60,processed,15,4437117127962863115,166.3133058033831,24.996219321763952,8,0.16,4,0.4412653179939756,11,0.8,1.3,5.0,0.5408482963763188,0.7464455654254692,1472,1472,1422,True,ok
19,13,Drowsy,60,processed,16,1494236124091277938,166.3133058033831,24.996219321763952,8,0.16,4,0.4412653179939756,11,0.8,1.3,5.0,0.5175338838711022,0.7993459061561227,1472,1472,1392,True,ok
19,13,Drowsy,60,processed,17,7718988564470363812,166.3133058033831,24.996219321763952,8,0.16,4,0.4412653179939756,11,0.8,1.3,5.0,0.6140142102816432,0.764473935343821,1472,1472,1408,True,ok
19,13,Drowsy,60,processed,18,16545428744720137642,166.3133058033831,24.996219321763952,8,0.16,4,0.4412653179939756,11,0.8,1.3,5.0,0.5126401854962388,0.7481788445840822,1472,1472,1398,True,ok
19,13,Drowsy,60,processed,19,2611840514935217524,166.3133058033831,24.996219321763952,8,0.16,4,0.4412653179939756,11,0.8,1.3,5.0,0.5124750760024723,0.7622365755392454,1472,1472,1400,True,ok
19,13,Drowsy,60,processed,20,5500197575665443052,166.3133058033831,24.996219321763952,8,0.16,4,0.4412653179939756,11,0.8,1.3,5.0,0.541844298216768,0.8555256429221304,1472,1472,1414,True,ok
19,13,Drowsy,60,processed,21,10272435905003546877,166.3133058033831,24.996219321763952,8,0.16,4,0.4412653179939756,11,0.8,1.3,5.0,0.5697040892085155,0.8971693911848294,1472,1472,1419,True,ok
19,13,Drowsy,60,processed,22,5893361844699784359,166.3133058033831,24.996219321763952,8,0.16,4,0.4412653179939756,11,0.8,1.3,5.0,0.6133009243399767,0.8982617166747603,1472,1472,1402,True,ok
19,13,Drowsy,60,processed,23,6575966670311146595,166.3133058033831,24.996219321763952,8,0.16,4,0.4412653179939756,11,0.8,1.3,5.0,0.5486710114274492,0.8540883095442539,1472,1472,1400,True,ok
19,13,Drowsy,60,processed,24,13122855279942184978,166.3133058033831,24.996219321763952,8,0.16,4,0.4412653179939756,11,0.8,1.3,5.0,0.5707689558712734,0.8892736728710756,1472,1472,1405,True,ok
19,13,Drowsy,60,processed,25,13866408395333378271,166.3133058033831,24.996219321763952,8,0.16,4,0.4412653179939756,11,0.8,1.3,5.0,0.5372396208620347,0.7298669867449021,1472,1472,1400,True,ok
19,13,Drowsy,60,processed,26,1772090987591589601,166.3133058033831,24.996219321763952,8,0.16,4,0.4412653179939756,11,0.8,1.3,5.0,0.5801631716112531,0.8638829722660402,1472,1472,1390,True,ok
19,13,Drowsy,60,processed,27,9091218376970377703,166.3133058033831,24.996219321763952,8,0.16,4,0.4412653179939756,11,0.8,1.3,5.0,0.5209768926964765,0.7913904525529124,1472,1472,1413,True,ok
19,13,Drowsy,60,processed,28,4768838358908258192,166.3133058033831,24.996219321763952,8,0.16,4,0.4412653179939756,11,0.8,1.3,5.0,0.5573360148149189,0.8856428569727925,1472,1472,1435,True,ok
19,13,Drowsy,60,processed,29,1821721572797676458,166.3133058033831,24.996219321763952,8,0.16,4,0.4412653179939756,11,0.8,1.3,5.0,0.6399070824771331,0.916172848822158,1472,1472,1409,True,ok
19,13,Drowsy,60,processed,30,15990787005694628891,166.3133058033831,24.996219321763952,8,0.16,4,0.4412653179939756,11,0.8,1.3,5.0,0.5533717335427367,0.7994122111526171,1472,1472,1392,True,ok
19,13,Drowsy,60,processed,31,18169205877903193836,166.3133058033831,24.996219321763952,8,0.16,4,0.4412653179939756,11,0.8,1.3,5.0,0.551057897204145,0.6766105794509807,1472,1472,1400,True,ok
19,13,Drowsy,60,processed,32,4881886134668400426,166.3133058033831,24.996219321763952,8,0.16,4,0.4412653179939756,11,0.8,1.3,5.0,0.5241365439385716,0.8651248053683052,1472,1472,1388,True,ok
19,13,Drowsy,60,processed,33,3269525138023378955,166.3133058033831,24.996219321763952,8,0.16,4,0.4412653179939756,11,0.8,1.3,5.0,0.583700528713161,0.9240609416481417,1472,1472,1406,True,ok
19,13,Drowsy,60,processed,34,7599757657328490076,166.3133058033831,24.996219321763952,8,0.16,4,0.4412653179939756,11,0.8,1.3,5.0,0.5609270042624521,0.8180044336348661,1472,1472,1420,True,ok
19,13,Drowsy,60,processed,35,3990897365700394745,166.3133058033831,24.996219321763952,8,0.16,4,0.4412653179939756,11,0.8,1.3,5.0,0.6077227437924696,0.7384236117497595,1472,1472,1420,True,ok
19,13,Drowsy,60,processed,36,2111491241867933294,166.3133058033831,24.996219321763952,8,0.16,4,0.4412653179939756,11,0.8,1.3,5.0,0.6148161179104588,0.9034207136611205,1472,1472,1399,True,ok
19,13,Drowsy,60,processed,37,11747049630214225016,166.3133058033831,24.996219321763952,8,0.16,4,0.4412653179939756,11,0.8,1.3,5.0,0.5363953425109115,0.7997178356245863,1472,1472,1418,True,ok
19,13,Drowsy,60,processed,38,13732803598216329953,166.3133058033831,24.996219321763952,8,0.16,4,0.4412653179939756,11,0.8,1.3,5.0,0.5621185031330928,0.8868418643253845,1472,1472,1423,True,ok
19,13,Drowsy,60,processed,39,15211796490032029917,166.3133058033831,24.996219321763952,8,0.16,4,0.4412653179939756,11,0.8,1.3,5.0,0.6339283313922466,0.8558298039861468,1472,1472,1419,True,ok
19,14,Drowsy,60,processed,1,5102083968264840416,166.3133058033831,24.996219321763952,8,0.16,4,0.4505008911350822,11,0.8,1.3,5.0,0.5651505198555012,0.8615160290122268,1472,1472,1417,True,ok
19,14,Drowsy,60,processed,2,1912516277850898558,166.3133058033831,24.996219321763952,8,0.16,4,0.4505008911350822,11,0.8,1.3,5.0,0.5702330632283377,0.7933538278336474,1472,1472,1399,True,ok
19,14,Drowsy,60,processed,3,14411762715453542628,166.3133058033831,24.996219321763952,8,0.16,4,0.4505008911350822,11,0.8,1.3,5.0,0.5953941440067071,0.8503682971293602,1472,1472,1413,True,ok
19,14,Drowsy,60,processed,4,8981944465561672817,166.3133058033831,24.996219321763952,8,0.16,4,0.4505008911350822,11,0.8,1.3,5.0,0.5585127910961507,0.9012049547509463,1472,1472,1400,True,ok
19,14,Drowsy,60,processed,5,12687813036657112079,166.3133058033831,24.996219321763952,8,0.16,4,0.4505008911350822,11,0.8,1.3,5.0,0.5703148410729387,0.8385052262244017,1472,1472,1404,True,ok
19,14,Drowsy,60,processed,6,8007461776288172290,166.3133058033831,24.996219321763952,8,0.16,4,0.4505008911350822,11,0.8,1.3,5.0,0.5959215528522296,0.8244015558469503,1472,1472,1404,True,ok
19,14,Drowsy,60,processed,7,14911284266349260461,166.3133058033831,24.996219321763952,8,0.16,4,0.4505008911350822,11,0.8,1.3,5.0,0.6227662274146624,0.8594714048829138,1472,1472,1419,True,ok
19,14,Drowsy,60,processed,8,11424282521272594654,166.3133058033831,24.996219321763952,8,0.16,4,0.4505008911350822,11,0.8,1.3,5.0,0.6348850451387404,0.9715838943658821,1472,1472,1419,True,ok
19,14,Drowsy,60,processed,9,5051430986670317537,166.3133058033831,24.996219321763952,8,0.16,4,0.4505008911350822,11,0.8,1.3,5.0,0.5844836644632653,0.9086281710628922,1472,1472,1397,True,ok
19,14,Drowsy,60,processed,10,16927469056897923184,166.3133058033831,24.996219321763952,8,0.16,4,0.4505008911350822,11,0.8,1.3,5.0,0.6633028800983486,0.944303682810386,1472,1472,1408,True,ok
19,14,Drowsy,60,processed,11,9310785270620158936,166.3133058033831,24.996219321763952,8,0.16,4,0.4505008911350822,11,0.8,1.3,5.0,0.6072324122460824,0.8976230842000958,1472,1472,1415,True,ok
19,14,Drowsy,60,processed,12,3415035208521087599,166.3133058033831,24.996219321763952,8,0.16,4,0.4505008911350822,11,0.8,1.3,5.0,0.5735499519305226,0.8855512937789579,1472,1472,1416,True,ok
19,14,Drowsy,60,processed,13,1768223073676399568,166.3133058033831,24.996219321763952,8,0.16,4,0.4505008911350822,11,0.8,1.3,5.0,0.6472413444132864,0.9137586589900867,1472,1472,1420,True,ok
19,14,Drowsy,60,processed,14,7044241668378528259,166.3133058033831,24.996219321763952,8,0.16,4,0.4505008911350822,11,0.8,1.3,5.0,0.6351748353309594,0.8274200140930048,1472,1472,1400,True,ok
19,14,Drowsy,60,processed,15,16171158440789703851,166.3133058033831,24.996219321763952,8,0.16,4,0.4505008911350822,11,0.8,1.3,5.0,0.5215903750077815,0.8038215352377217,1472,1472,1414,True,ok
19,14,Drowsy,60,processed,16,9936552855043548383,166.3133058033831,24.996219321763952,8,0.16,4,0.4505008911350822,11,0.8,1.3,5.0,0.5840452752513565,0.8797292679647323,1472,1472,1404,True,ok
19,14,Drowsy,60,processed,17,1536759883665470136,166.3133058033831,24.996219321763952,8,0.16,4,0.4505008911350822,11,0.8,1.3,5.0,0.5583033613951329,0.8623340382990919,1472,1472,1404,True,ok
19,14,Drowsy,60,processed,18,10810310112488074491,166.3133058033831,24.996219321763952,8,0.16,4,0.4505008911350822,11,0.8,1.3,5.0,0.5699735666901219,0.8886165119713123,1472,1472,1409,True,ok
19,14,Drowsy,60,processed,19,3977535747986827896,166.3133058033831,24.996219321763952,8,0.16,4,0.4505008911350822,11,0.8,1.3,5.0,0.650990193249252,0.88918615012667,1472,1472,1415,True,ok
19,14,Drowsy,60,processed,20,3492255462141385005,166.3133058033831,24.996219321763952,8,0.16,4,0.4505008911350822,11,0.8,1.3,5.0,0.6174878555407595,0.896008333304661,1472,1472,1402,True,ok
19,14,Drowsy,60,processed,21,4446065369718664528,166.3133058033831,24.996219321763952,8,0.16,4,0.4505008911350822,11,0.8,1.3,5.0,0.6091455227329468,0.8737794659295317,1472,1472,1401,True,ok
19,14,Drowsy,60,processed,22,9469252081916571041,166.3133058033831,24.996219321763952,8,0.16,4,0.4505008911350822,11,0.8,1.3,5.0,0.6359252619009791,0.9298434623329769,1472,1472,1426,True,ok
19,14,Drowsy,60,processed,23,7683242154781895694,166.3133058033831,24.996219321763952,8,0.16,4,0.4505008911350822,11,0.8,1.3,5.0,0.5844406386591512,0.8829249850152153,1472,1472,1410,True,ok
19,14,Drowsy,60,processed,24,3703948899630365045,166.3133058033831,24.996219321763952,8,0.16,4,0.4505008911350822,11,0.8,1.3,5.0,0.566466334731016,0.8345877823221438,1472,1472,1413,True,ok
19,14,Drowsy,60,processed,25,16403050759155790325,166.3133058033831,24.996219321763952,8,0.16,4,0.4505008911350822,11,0.8,1.3,5.0,0.574557052352916,0.7589066548670663,1472,1472,1419,True,ok
19,14,Drowsy,60,processed,26,14894043995936284308,166.3133058033831,24.996219321763952,8,0.16,4,0.4505008911350822,11,0.8,1.3,5.0,0.6017919216263514,0.7770538129428651,1472,1472,1398,True,ok
19,14,Drowsy,60,processed,27,9486998781152948716,166.3133058033831,24.996219321763952,8,0.16,4,0.4505008911350822,11,0.8,1.3,5.0,0.6200783655455004,0.8158980967831373,1472,1472,1425,True,ok
19,14,Drowsy,60,processed,28,8553062959997628823,166.3133058033831,24.996219321763952,8,0.16,4,0.4505008911350822,11,0.8,1.3,5.0,0.5711573221171279,0.8660827349349977,1472,1472,1398,True,ok
19,14,Drowsy,60,processed,29,12983946531592504867,166.3133058033831,24.996219321763952,8,0.16,4,0.4505008911350822,11,0.8,1.3,5.0,0.6141760701572523,0.9309984157286393,1472,1472,1415,True,ok
19,14,Drowsy,60,processed,30,5075078726059920684,166.3133058033831,24.996219321763952,8,0.16,4,0.4505008911350822,11,0.8,1.3,5.0,0.648910931213182,0.9180431928903784,1472,1472,1425,True,ok
19,14,Drowsy,60,processed,31,17283966689086671789,166.3133058033831,24.996219321763952,8,0.16,4,0.4505008911350822,11,0.8,1.3,5.0,0.5802970298355767,0.7945873524451413,1472,1472,1419,True,ok
19,14,Drowsy,60,processed,32,1005254412704697102,166.3133058033831,24.996219321763952,8,0.16,4,0.4505008911350822,11,0.8,1.3,5.0,0.6046780509728957,0.9142492905776703,1472,1472,1421,True,ok
19,14,Drowsy,60,processed,33,13441154569332964391,166.3133058033831,24.996219321763952,8,0.16,4,0.4505008911350822,11,0.8,1.3,5.0,0.6135877033495322,0.8727295844671594,1472,1472,1414,True,ok
19,14,Drowsy,60,processed,34,6004626945659373275,166.3133058033831,24.996219321763952,8,0.16,4,0.4505008911350822,11,0.8,1.3,5.0,0.5721186774015267,0.8461958805833091,1472,1472,1399,True,ok
19,14,Drowsy,60,processed,35,1879894597587229205,166.3133058033831,24.996219321763952,8,0.16,4,0.4505008911350822,11,0.8,1.3,5.0,0.6517872629630872,0.8846115389611244,1472,1472,1393,True,ok
19,14,Drowsy,60,processed,36,11985768370304300757,166.3133058033831,24.996219321763952,8,0.16,4,0.4505008911350822,11,0.8,1.3,5.0,0.5755424768236206,0.8595592911141497,1472,1472,1400,True,ok
19,14,Drowsy,60,processed,37,3763483033226756504,166.3133058033831,24.996219321763952,8,0.16,4,0.4505008911350822,11,0.8,1.3,5.0,0.6221966492219603,0.8928395068963493,1472,1472,1420,True,ok
19,14,Drowsy,60,processed,38,2486038846270335756,166.3133058033831,24.996219321763952,8,0.16,4,0.4505008911350822,11,0.8,1.3,5.0,0.534765057336652,0.8573838355924939,1472,1472,1410,True,ok
19,14,Drowsy,60,processed,39,10011457580665418912,166.3133058033831,24.996219321763952,8,0.16,4,0.4505008911350822,11,0.8,1.3,5.0,0.6580651956174354,0.9062716488514064,1472,1472,1407,True,ok
19,15,Drowsy,60,processed,1,6223985739997486767,138.30057843624795,24.996219321763952,8,0.16,4,0.4251547077082643,11,0.8,1.3,5.0,0.6261348599480592,0.924262506536327,1472,1472,1419,True,ok
19,15,Drowsy,60,processed,2,9630884270464806392,138.30057843624795,24.996219321763952,8,0.16,4,0.4251547077082643,11,0.8,1.3,5.0,0.6585251123316522,0.7914972822565606,1472,1472,1405,True,ok
19,15,Drowsy,60,processed,3,2978766302536202109,138.30057843624795,24.996219321763952,8,0.16,4,0.4251547077082643,11,0.8,1.3,5.0,0.652430546262039,0.9221450590247516,1472,1472,1397,True,ok
19,15,Drowsy,60,processed,4,8712515607572990326,138.30057843624795,24.996219321763952,8,0.16,4,0.4251547077082643,11,0.8,1.3,5.0,0.6265690624779213,0.793158421139262,1472,1472,1398,True,ok
19,15,Drowsy,60,processed,5,11503424038971745272,138.30057843624795,24.996219321763952,8,0.16,4,0.4251547077082643,11,0.8,1.3,5.0,0.694829447146674,0.8200199146887679,1472,1472,1402,True,ok
19,15,Drowsy,60,processed,6,5137338493641237718,138.30057843624795,24.996219321763952,8,0.16,4,0.4251547077082643,11,0.8,1.3,5.0,0.6854388953044995,0.9104257756995336,1472,1472,1406,True,ok
19,15,Drowsy,60,processed,7,15819965265964421355,138.30057843624795,24.996219321763952,8,0.16,4,0.4251547077082643,11,0.8,1.3,5.0,0.6447854524906352,0.8341220040086113,1472,1472,1412,True,ok
19,15,Drowsy,60,processed,8,16860598820064886037,138.30057843624795,24.996219321763952,8,0.16,4,0.4251547077082643,11,0.8,1.3,5.0,0.6172946933807745,0.8228551452883787,1472,1472,1426,True,ok
19,15,Drowsy,60,processed,9,8281543354970921568,138.30057843624795,24.996219321763952,8,0.16,4,0.4251547077082643,11,0.8,1.3,5.0,0.6619972414538682,0.8898891366396899,1472,1472,1402,True,ok
19,15,Drowsy,60,processed,10,12814848655046640927,138.30057843624795,24.996219321763952,8,0.16,4,0.4251547077082643,11,0.8,1.3,5.0,0.6316559659225294,0.9106743848511896,1472,1472,1407,True,ok
19,15,Drowsy,60,processed,11,13600799716310146249,138.30057843624795,24.996219321763952,8,0.16,4,0.4251547077082643,11,0.8,1.3,5.0,0.6755863315421637,0.949522450668402,1472,1472,1413,True,ok
19,15,Drowsy,60,processed,12,15260295907724831179,138.30057843624795,24.996219321763952,8,0.16,4,0.4251547077082643,11,0.8,1.3,5.0,0.6747338354626056,0.8158529705808264,1472,1472,1412,True,ok
19,15,Drowsy,60,processed,13,3823449964349202096,138.30057843624795,24.996219321763952,8,0.16,4,0.4251547077082643,11,0.8,1.3,5.0,0.6441052874745051,0.9483069058941451,1472,1472,1426,True,ok
19,15,Drowsy,60,processed,14,6999234572714763570,138.30057843624795,24.996219321763952,8,0.16,4,0.4251547077082643,11,0.8,1.3,5.0,0.6171991284259667,0.8201527250065717,1472,1472,1402,True,ok
19,15,Drowsy,60,processed,15,7601416317682834146,138.30057843624795,24.996219321763952,8,0.16,4,0.4251547077082643,11,0.8,1.3,5.0,0.6475507783810369,0.7985139034792561,1472,1472,1416,True,ok
19,15,Drowsy,60,processed,16,1543145062440453297,138.30057843624795,24.996219321763952,8,0.16,4,0.4251547077082643,11,0.8,1.3,5.0,0.6625491006710799,0.8843517074447627,1472,1472,1425,True,ok
19,15,Drowsy,60,processed,17,6966068106974454605,138.30057843624795,24.996219321763952,8,0.16,4,0.4251547077082643,11,0.8,1.3,5.0,0.6396861431024565,0.8557566621330341,1472,1472,1393,True,ok
19,15,Drowsy,60,processed,18,9124499656524494363,138.30057843624795,24.996219321763952,8,0.16,4,0.4251547077082643,11,0.8,1.3,5.0,0.6169413019845412,0.8908152861025624,1472,1472,1412,True,ok
19,15,Drowsy,60,processed,19,9730531238329921145,138.30057843624795,24.996219321763952,8,0.16,4,0.4251547077082643,11,0.8,1.3,5.0,0.6285954498979955,0.8764289841836163,1472,1472,1402,True,ok
19,15,Drowsy,60,processed,20,1313264802157964311,138.30057843624795,24.996219321763952,8,0.16,4,0.4251547077082643,11,0.8,1.3,5.0,0.6113726674016303,0.8327434745889116,1472,1472,1418,True,ok
19,15,Drowsy,60,processed,21,5587059448923494288,138.30057843624795,24.996219321763952,8,0.16,4,0.4251547077082643,11,0.8,1.3,5.0,0.6270798573914056,0.8347554130209739,1472,1472,1417,True,ok
19,15,Drowsy,60,processed,22,11229355969712537830,138.30057843624795,24.996219321763952,8,0.16,4,0.4251547077082643,11,0.8,1.3,5.0,0.6501248834753499,0.8259524200670932,1472,1472,1414,True,ok
19,15,Drowsy,60,processed,23,14498148251333457360,138.30057843624795,24.996219321763952,8,0.16,4,0.4251547077082643,11,0.8,1.3,5.0,0.6800902584000739,0.8242992510212463,1472,1472,1397,True,ok
19,15,Drowsy,60,processed,24,14473899210468135130,138.30057843624795,24.996219321763952,8,0.16,4,0.4251547077082643,11,0.8,1.3,5.0,0.6596797754054977,0.8257416826547771,1472,1472,1384,True,ok
19,15,Drowsy,60,processed,25,13882068392097152081,138.30057843624795,24.996219321763952,8,0.16,4,0.4251547077082643,11,0.8,1.3,5.0,0.5945439345404712,0.8944808080583916,1472,1472,1419,True,ok
19,15,Drowsy,60,processed,26,12455284609630360664,138.30057843624795,24.996219321763952,8,0.16,4,0.4251547077082643,11,0.8,1.3,5.0,0.6157885343096811,0.7242031839307602,1472,1472,1423,True,ok
19,15,Drowsy,60,processed,27,9132697531726754740,138.30057843624795,24.996219321763952,8,0.16,4,0.4251547077082643,11,0.8,1.3,5.0,0.6207015369147038,0.8260218401628711,1472,1472,1390,True,ok
19,15,Drowsy,60,processed,28,14634481367281549696,138.30057843624795,24.996219321763952,8,0.16,4,0.4251547077082643,11,0.8,1.3,5.0,0.6289030301114836,0.8487094307602382,1472,1472,1383,True,ok
19,15,Drowsy,60,processed,29,5859486795468864429,138.30057843624795,24.996219321763952,8,0.16,4,0.4251547077082643,11,0.8,1.3,5.0,0.6280572358896599,0.8111060474133862,1472,1472,1402,True,ok
19,15,Drowsy,60,processed,30,4505177646807678986,138.30057843624795,24.996219321763952,8,0.16,4,0.4251547077082643,11,0.8,1.3,5.0,0.6034631107056885,0.9206417437459888,1472,1472,1394,True,ok
19,15,Drowsy,60,processed,31,13125627908802716796,138.30057843624795,24.996219321763952,8,0.16,4,0.4251547077082643,11,0.8,1.3,5.0,0.633529178147536,0.9081861849249995,1472,1472,1410,True,ok
19,15,Drowsy,60,processed,32,4138161084593938002,138.30057843624795,24.996219321763952,8,0.16,4,0.4251547077082643,11,0.8,1.3,5.0,0.7013472162787949,0.8156926917412657,1472,1472,1419,True,ok
19,15,Drowsy,60,processed,33,11232318166241708294,138.30057843624795,24.996219321763952,8,0.16,4,0.4251547077082643,11,0.8,1.3,5.0,0.6438800614639563,0.8970834553294328,1472,1472,1428,True,ok
19,15,Drowsy,60,processed,34,2442134292605881219,138.30057843624795,24.996219321763952,8,0.16,4,0.4251547077082643,11,0.8,1.3,5.0,0.6403145737513238,0.9059186096105525,1472,1472,1426,True,ok
19,15,Drowsy,60,processed,35,12874597837286266950,138.30057843624795,24.996219321763952,8,0.16,4,0.4251547077082643,11,0.8,1.3,5.0,0.6000616057522583,0.8457685817333713,1472,1472,1414,True,ok
19,15,Drowsy,60,processed,36,140494643229494987,138.30057843624795,24.996219321763952,8,0.16,4,0.4251547077082643,11,0.8,1.3,5.0,0.6015642711551001,0.723399716764425,1472,1472,1421,True,ok
19,15,Drowsy,60,processed,37,5472729860213776595,138.30057843624795,24.996219321763952,8,0.16,4,0.4251547077082643,11,0.8,1.3,5.0,0.6470206682997702,0.8333861858529052,1472,1472,1404,True,ok
19,15,Drowsy,60,processed,38,2310407805476316950,138.30057843624795,24.996219321763952,8,0.16,4,0.4251547077082643,11,0.8,1.3,5.0,0.6202066718752228,0.8546273353054387,1472,1472,1421,True,ok
19,15,Drowsy,60,processed,39,3802613631884076230,138.30057843624795,24.996219321763952,8,0.16,4,0.4251547077082643,11,0.8,1.3,5.0,0.6063473099788123,0.8631512180189208,1472,1472,1404,True,ok
19,16,Drowsy,60,processed,1,5984282407554326524,138.30057843624795,24.996219321763952,8,0.16,4,0.4325669209164663,11,0.8,1.3,5.0,0.6261559531704824,0.9300176641855948,1472,1472,1407,True,ok
19,16,Drowsy,60,processed,2,17885633463712819963,138.30057843624795,24.996219321763952,8,0.16,4,0.4325669209164663,11,0.8,1.3,5.0,0.6673015309774892,0.8759112059250153,1472,1472,1403,True,ok
19,16,Drowsy,60,processed,3,18371424724207496261,138.30057843624795,24.996219321763952,8,0.16,4,0.4325669209164663,11,0.8,1.3,5.0,0.5610695951910439,0.8606571326036007,1472,1472,1410,True,ok
19,16,Drowsy,60,processed,4,16293682690900691863,138.30057843624795,24.996219321763952,8,0.16,4,0.4325669209164663,11,0.8,1.3,5.0,0.6438416297750518,0.906282542374117,1472,1472,1430,True,ok
19,16,Drowsy,60,processed,5,3168893538620944332,138.30057843624795,24.996219321763952,8,0.16,4,0.4325669209164663,11,0.8,1.3,5.0,0.6208136677381066,0.7802159979154818,1472,1472,1391,True,ok
19,16,Drowsy,60,processed,6,7932529732837461929,138.30057843624795,24.996219321763952,8,0.16,4,0.4325669209164663,11,0.8,1.3,5.0,0.5989135762504953,0.8774599016053959,1472,1472,1410,True,ok
19,16,Drowsy,60,processed,7,1567054630258832628,138.30057843624795,24.996219321763952,8,0.16,4,0.4325669209164663,11,0.8,1.3,5.0,0.6775631601075646,0.9298984539675381,1472,1472,1392,True,ok
19,16,Drowsy,60,processed,8,1702445213674799166,138.30057843624795,24.996219321763952,8,0.16,4,0.4325669209164663,11,0.8,1.3,5.0,0.6022467412482202,0.8889168223290035,1472,1472,1419,True,ok
19,16,Drowsy,60,processed,9,15422895339481257177,138.30057843624795,24.996219321763952,8,0.16,4,0.4325669209164663,11,0.8,1.3,5.0,0.6284636634374258,0.8994130153233925,1472,1472,1395,True,ok
19,16,Drowsy,60,processed,10,12872492748465467090,138.30057843624795,24.996219321763952,8,0.16,4,0.4325669209164663,11,0.8,1.3,5.0,0.7015170271117163,0.9156838478674408,1472,1472,1394,True,ok
19,16,Drowsy,60,processed,11,16488397702267316051,138.30057843624795,24.996219321763952,8,0.16,4,0.4325669209164663,11,0.8,1.3,5.0,0.691164291010504,0.9341540907204864,1472,1472,1425,True,ok
19,16,Drowsy,60,processed,12,17523269797822260601,138.30057843624795,24.996219321763952,8,0.16,4,0.4325669209164663,11,0.8,1.3,5.0,0.6754058304474063,0.8345037139742466,1472,1472,1411,True,ok
19,16,Drowsy,60,processed,13,13155450731655196014,138.30057843624795,24.996219321763952,8,0.16,4,0.4325669209164663,11,0.8,1.3,5.0,0.69274852335376,0.9090864634547839,1472,1472,1381,True,ok
19,16,Drowsy,60,processed,14,4718248230238321626,138.30057843624795,24.996219321763952,8,0.16,4,0.4325669209164663,11,0.8,1.3,5.0,0.6807786617797895,0.9021635452824853,1472,1472,1413,True,ok
19,16,Drowsy,60,processed,15,5710662949442107349,138.30057843624795,24.996219321763952,8,0.16,4,0.4325669209164663,11,0.8,1.3,5.0,0.672395941949773,0.8259500203689334,1472,1472,1410,True,ok
19,16,Drowsy,60,processed,16,9265973723512736016,138.30057843624795,24.996219321763952,8,0.16,4,0.4325669209164663,11,0.8,1.3,5.0,0.6197306676463084,0.8888997220546524,1472,1472,1406,True,ok
19,16,Drowsy,60,processed,17,10977009210411983892,138.30057843624795,24.996219321763952,8,0.16,4,0.4325669209164663,11,0.8,1.3,5.0,0.7637315141286551,0.9240124219928291,1472,1472,1414,True,ok
19,16,Drowsy,60,processed,18,9638847757762542659,138.30057843624795,24.996219321763952,8,0.16,4,0.4325669209164663,11,0.8,1.3,5.0,0.6813354966133518,0.950490863083501,1472,1472,1409,True,ok
19,16,Drowsy,60,processed,19,4025946732627945097,138.30057843624795,24.996219321763952,8,0.16,4,0.4325669209164663,11,0.8,1.3,5.0,0.6304825559099484,0.8803941126596605,1472,1472,1409,True,ok
19,16,Drowsy,60,processed,20,3382601148159660592,138.30057843624795,24.996219321763952,8,0.16,4,0.4325669209164663,11,0.8,1.3,5.0,0.6607336521395444,0.917879344258021,1472,1472,1411,True,ok
19,16,Drowsy,60,processed,21,7765654737674977062,138.30057843624795,24.996219321763952,8,0.16,4,0.4325669209164663,11,0.8,1.3,5.0,0.7240880122609047,0.8773502762324198,1472,1472,1420,True,ok
19,16,Drowsy,60,processed,22,15740207297298683562,138.30057843624795,24.996219321763952,8,0.16,4,0.4325669209164663,11,0.8,1.3,5.0,0.6088318320617666,0.7970953763347339,1472,1472,1403,True,ok
19,16,Drowsy,60,processed,23,1878401692775216242,138.30057843624795,24.996219321763952,8,0.16,4,0.4325669209164663,11,0.8,1.3,5.0,0.6897052908281195,0.9520155927494666,1472,1472,1408,True,ok
19,16,Drowsy,60,processed,24,13257545778568850589,138.30057843624795,24.996219321763952,8,0.16,4,0.4325669209164663,11,0.8,1.3,5.0,0.7472989283401776,0.9322247656492308,1472,1472,1410,True,ok
19,16,Drowsy,60,processed,25,13675032912472901512,138.30057843624795,24.996219321763952,8,0.16,4,0.4325669209164663,11,0.8,1.3,5.0,0.6611783752631047,0.8979345454039117,1472,1472,1404,True,ok
19,16,Drowsy,60,processed,26,10670493151578446021,138.30057843624795,24.996219321763952,8,0.16,4,0.4325669209164663,11,0.8,1.3,5.0,0.6295437187285244,0.7556120280887054,1472,1472,1392,True,ok
19,16,Drowsy,60,processed,27,17254206003650343265,138.30057843624795,24.996219321763952,8,0.16,4,0.4325669209164663,11,0.8,1.3,5.0,0.6383621970307696,0.8628938505049376,1472,1472,1404,True,ok
19,16,Drowsy,60,processed,28,1500574882260963796,138.30057843624795,24.996219321763952,8,0.16,4,0.4325669209164663,11,0.8,1.3,5.0,0.6281925604929716,0.882430941282232,1472,1472,1407,True,ok
19,16,Drowsy,60,processed,29,596904152621473508,138.30057843624795,24.996219321763952,8,0.16,4,0.4325669209164663,11,0.8,1.3,5.0,0.7046167503823226,0.8877232680068216,1472,1472,1405,True,ok
19,16,Drowsy,60,processed,30,2065838385982371106,138.30057843624795,24.996219321763952,8,0.16,4,0.4325669209164663,11,0.8,1.3,5.0,0.6172992620854241,0.8729121435361871,1472,1472,1402,True,ok
19,16,Drowsy,60,processed,31,11094006465504244769,138.30057843624795,24.996219321763952,8,0.16,4,0.4325669209164663,11,0.8,1.3,5.0,0.6723473491153112,0.9132639948622331,1472,1472,1410,True,ok
19,16,Drowsy,60,processed,32,4255063802706288856,138.30057843624795,24.996219321763952,8,0.16,4,0.4325669209164663,11,0.8,1.3,5.0,0.6568465501009679,0.9090679651857061,1472,1472,1414,True,ok
19,16,Drowsy,60,processed,33,17168928739551241968,138.30057843624795,24.996219321763952,8,0.16,4,0.4325669209164663,11,0.8,1.3,5.0,0.6419817999159475,0.7751051870178661,1472,1472,1405,True,ok
19,16,Drowsy,60,processed,34,13478421413242504929,138.30057843624795,24.996219321763952,8,0.16,4,0.4325669209164663,11,0.8,1.3,5.0,0.6759250878278347,0.8840218680957939,1472,1472,1414,True,ok
19,16,Drowsy,60,processed,35,18288384824243758230,138.30057843624795,24.996219321763952,8,0.16,4,0.4325669209164663,11,0.8,1.3,5.0,0.6762358439348126,0.8528214870761104,1472,1472,1404,True,ok
19,16,Drowsy,60,processed,36,11312854085232133303,138.30057843624795,24.996219321763952,8,0.16,4,0.4325669209164663,11,0.8,1.3,5.0,0.6271543065990184,0.8037113633457654,1472,1472,1396,True,ok
19,16,Drowsy,60,processed,37,17626087733373870594,138.30057843624795,24.996219321763952,8,0.16,4,0.4325669209164663,11,0.8,1.3,5.0,0.7210583487308646,0.9148805734128423,1472,1472,1400,True,ok
19,16,Drowsy,60,processed,38,16182686177037843352,138.30057843624795,24.996219321763952,8,0.16,4,0.4325669209164663,11,0.8,1.3,5.0,0.6435945990015802,0.8975455873329121,1472,1472,1399,True,ok
19,16,Drowsy,60,processed,39,14424667168920063442,138.30057843624795,24.996219321763952,8,0.16,4,0.4325669209164663,11,0.8,1.3,5.0,0.7176139591475256,0.8087789205346972,1472,1472,1408,True,ok
19,17,Awake,60,processed,1,2844578568359049998,115.00613197126222,24.996219321763952,8,0.16,4,0.4251579554099099,11,0.8,1.3,5.0,0.716797537956048,0.8944421213693606,1472,1472,1421,True,ok
19,17,Awake,60,processed,2,16816238173140508785,115.00613197126222,24.996219321763952,8,0.16,4,0.4251579554099099,11,0.8,1.3,5.0,0.6515078430811011,0.8677007226305636,1472,1472,1383,True,ok
19,17,Awake,60,processed,3,16831515317803119057,115.00613197126222,24.996219321763952,8,0.16,4,0.4251579554099099,11,0.8,1.3,5.0,0.6768874224355216,0.9151407996979638,1472,1472,1411,True,ok
19,17,Awake,60,processed,4,16234922814312438006,115.00613197126222,24.996219321763952,8,0.16,4,0.4251579554099099,11,0.8,1.3,5.0,0.6873520436113248,0.9004063876718439,1472,1472,1407,True,ok
19,17,Awake,60,processed,5,960505902281796418,115.00613197126222,24.996219321763952,8,0.16,4,0.4251579554099099,11,0.8,1.3,5.0,0.7095940201745512,0.9318861818039044,1472,1472,1402,True,ok
19,17,Awake,60,processed,6,2631138064478316655,115.00613197126222,24.996219321763952,8,0.16,4,0.4251579554099099,11,0.8,1.3,5.0,0.6570315151601599,0.9152857184223704,1472,1472,1423,True,ok
19,17,Awake,60,processed,7,1684550239685264684,115.00613197126222,24.996219321763952,8,0.16,4,0.4251579554099099,11,0.8,1.3,5.0,0.6450885525447805,0.9015760742579068,1472,1472,1422,True,ok
19,17,Awake,60,processed,8,13319968372443447747,115.00613197126222,24.996219321763952,8,0.16,4,0.4251579554099099,11,0.8,1.3,5.0,0.6920591836843634,0.8868083454148655,1472,1472,1420,True,ok
19,17,Awake,60,processed,9,3255680945313659579,115.00613197126222,24.996219321763952,8,0.16,4,0.4251579554099099,11,0.8,1.3,5.0,0.6354965926246222,0.9272418290314066,1472,1472,1414,True,ok
19,17,Awake,60,processed,10,13162739819268046863,115.00613197126222,24.996219321763952,8,0.16,4,0.4251579554099099,11,0.8,1.3,5.0,0.6857466487757635,0.9153435482342724,1472,1472,1420,True,ok
19,17,Awake,60,processed,11,8272317242805313648,115.00613197126222,24.996219321763952,8,0.16,4,0.4251579554099099,11,0.8,1.3,5.0,0.6480512251324803,0.8840466159680251,1472,1472,1425,True,ok
19,17,Awake,60,processed,12,7592848402132106677,115.00613197126222,24.996219321763952,8,0.16,4,0.4251579554099099,11,0.8,1.3,5.0,0.6325142136587639,0.9215037950982001,1472,1472,1420,True,ok
19,17,Awake,60,processed,13,8825343977366355403,115.00613197126222,24.996219321763952,8,0.16,4,0.4251579554099099,11,0.8,1.3,5.0,0.6793364823989566,0.7891502367698647,1472,1472,1412,True,ok
19,17,Awake,60,processed,14,339308874554279731,115.00613197126222,24.996219321763952,8,0.16,4,0.4251579554099099,11,0.8,1.3,5.0,0.6513105666077129,0.7911213622390808,1472,1472,1404,True,ok
19,17,Awake,60,processed,15,13343526602647845805,115.00613197126222,24.996219321763952,8,0.16,4,0.4251579554099099,11,0.8,1.3,5.0,0.6716647350980114,0.9265932225149194,1472,1472,1418,True,ok
19,17,Awake,60,processed,16,13366722603627550199,115.00613197126222,24.996219321763952,8,0.16,4,0.4251579554099099,11,0.8,1.3,5.0,0.6026306114990565,0.9379651941700581,1472,1472,1424,True,ok
19,17,Awake,60,processed,17,4589413820885743158,115.00613197126222,24.996219321763952,8,0.16,4,0.4251579554099099,11,0.8,1.3,5.0,0.6421266532744716,0.8663195026093214,1472,1472,1400,True,ok
19,17,Awake,60,processed,18,17078583646772395729,115.00613197126222,24.996219321763952,8,0.16,4,0.4251579554099099,11,0.8,1.3,5.0,0.6792167948632336,0.9282172984214955,1472,1472,1403,True,ok
19,17,Awake,60,processed,19,8103075781290903837,115.00613197126222,24.996219321763952,8,0.16,4,0.4251579554099099,11,0.8,1.3,5.0,0.663582302693956,0.9083619032365903,1472,1472,1405,True,ok
19,17,Awake,60,processed,20,13025036192767827726,115.00613197126222,24.996219321763952,8,0.16,4,0.4251579554099099,11,0.8,1.3,5.0,0.6623018872905719,0.9416121638402222,1472,1472,1415,True,ok
19,17,Awake,60,processed,21,1353989301106583033,115.00613197126222,24.996219321763952,8,0.16,4,0.4251579554099099,11,0.8,1.3,5.0,0.6214777722443038,0.9027364785182133,1472,1472,1419,True,ok
19,17,Awake,60,processed,22,12574692334367108766,115.00613197126222,24.996219321763952,8,0.16,4,0.4251579554099099,11,0.8,1.3,5.0,0.688873668101787,0.8935822938982935,1472,1472,1383,True,ok
19,17,Awake,60,processed,23,8757358206838275791,115.00613197126222,24.996219321763952,8,0.16,4,0.4251579554099099,11,0.8,1.3,5.0,0.62164848388713,0.8755731488039817,1472,1472,1413,True,ok
19,17,Awake,60,processed,24,5280681882976570872,115.00613197126222,24.996219321763952,8,0.16,4,0.4251579554099099,11,0.8,1.3,5.0,0.669578756486272,0.8450582021450952,1472,1472,1417,True,ok
19,17,Awake,60,processed,25,8388417375303208063,115.00613197126222,24.996219321763952,8,0.16,4,0.4251579554099099,11,0.8,1.3,5.0,0.6814984068552247,0.9442891609639189,1472,1472,1418,True,ok
19,17,Awake,60,processed,26,16549354859626947930,115.00613197126222,24.996219321763952,8,0.16,4,0.4251579554099099,11,0.8,1.3,5.0,0.726347851089911,0.9439835089294835,1472,1472,1397,True,ok
19,17,Awake,60,processed,27,13219129900814490471,115.00613197126222,24.996219321763952,8,0.16,4,0.4251579554099099,11,0.8,1.3,5.0,0.6941231578902924,0.9281248672452166,1472,1472,1421,True,ok
19,17,Awake,60,processed,28,14673536103761595832,115.00613197126222,24.996219321763952,8,0.16,4,0.4251579554099099,11,0.8,1.3,5.0,0.6701868519263423,0.9259837293102803,1472,1472,1415,True,ok
19,17,Awake,60,processed,29,4948949046325461698,115.00613197126222,24.996219321763952,8,0.16,4,0.4251579554099099,11,0.8,1.3,5.0,0.6442378380887163,0.8920500183335578,1472,1472,1412,True,ok
19,17,Awake,60,processed,30,10251730195676831548,115.00613197126222,24.996219321763952,8,0.16,4,0.4251579554099099,11,0.8,1.3,5.0,0.6603458994769105,0.9392721803849382,1472,1472,1412,True,ok
19,17,Awake,60,processed,31,16176106446499007888,115.00613197126222,24.996219321763952,8,0.16,4,0.4251579554099099,11,0.8,1.3,5.0,0.696650712795385,0.8877807360542349,1472,1472,1410,True,ok
19,17,Awake,60,processed,32,10884073581170856892,115.00613197126222,24.996219321763952,8,0.16,4,0.4251579554099099,11,0.8,1.3,5.0,0.7009891898667526,0.8602107183274421,1472,1472,1411,True,ok
19,17,Awake,60,processed,33,11170845570552632235,115.00613197126222,24.996219321763952,8,0.16,4,0.4251579554099099,11,0.8,1.3,5.0,0.6719316498147588,0.8781193377114995,1472,1472,1396,True,ok
19,17,Awake,60,processed,34,14686927303538890561,115.00613197126222,24.996219321763952,8,0.16,4,0.4251579554099099,11,0.8,1.3,5.0,0.7135407252085706,0.9099132105687934,1472,1472,1414,True,ok
19,17,Awake,60,processed,35,7662846433783239668,115.00613197126222,24.996219321763952,8,0.16,4,0.4251579554099099,11,0.8,1.3,5.0,0.6501764856419101,0.9744279432949546,1472,1472,1417,True,ok
19,17,Awake,60,processed,36,11379567889891890685,115.00613197126222,24.996219321763952,8,0.16,4,0.4251579554099099,11,0.8,1.3,5.0,0.7063954322777934,0.9527260283820564,1472,1472,1405,True,ok
19,17,Awake,60,processed,37,11353703280204977140,115.00613197126222,24.996219321763952,8,0.16,4,0.4251579554099099,11,0.8,1.3,5.0,0.669012760592738,0.9475445594622133,1472,1472,1421,True,ok
19,17,Awake,60,processed,38,6629882000567832972,115.00613197126222,24.996219321763952,8,0.16,4,0.4251579554099099,11,0.8,1.3,5.0,0.6898111285613934,0.938273348805554,1472,1472,1396,True,ok
19,17,Awake,60,processed,39,7512989982092572498,115.00613197126222,24.996219321763952,8,0.16,4,0.4251579554099099,11,0.8,1.3,5.0,0.6954147983425477,0.9332295897697157,1472,1472,1399,True,ok
19,18,Awake,60,processed,1,14389713607347358836,115.00613197126222,24.996219321763952,8,0.16,4,0.4358342126257017,11,0.8,1.3,5.0,0.6473701554469642,0.8907165409965659,1472,1472,1407,True,ok
19,18,Awake,60,processed,2,856161595218234996,115.00613197126222,24.996219321763952,8,0.16,4,0.4358342126257017,11,0.8,1.3,5.0,0.6425603196785912,0.8970006958531098,1472,1472,1425,True,ok
19,18,Awake,60,processed,3,5948265616966393526,115.00613197126222,24.996219321763952,8,0.16,4,0.4358342126257017,11,0.8,1.3,5.0,0.5676536597937697,0.8556234126633326,1472,1472,1423,True,ok
19,18,Awake,60,processed,4,98966030165585459,115.00613197126222,24.996219321763952,8,0.16,4,0.4358342126257017,11,0.8,1.3,5.0,0.5540368843896744,0.8799458092001736,1472,1472,1402,True,ok
19,18,Awake,60,processed,5,9506492234031207753,115.00613197126222,24.996219321763952,8,0.16,4,0.4358342126257017,11,0.8,1.3,5.0,0.5862556061755115,0.8746105860917993,1472,1472,1407,True,ok
19,18,Awake,60,processed,6,6600958601776036228,115.00613197126222,24.996219321763952,8,0.16,4,0.4358342126257017,11,0.8,1.3,5.0,0.5981326273026181,0.9262893288928071,1472,1472,1399,True,ok
19,18,Awake,60,processed,7,18273528352303251313,115.00613197126222,24.996219321763952,8,0.16,4,0.4358342126257017,11,0.8,1.3,5.0,0.6719346719585578,0.838816232204192,1472,1472,1402,True,ok
19,18,Awake,60,processed,8,4294050403018820535,115.00613197126222,24.996219321763952,8,0.16,4,0.4358342126257017,11,0.8,1.3,5.0,0.6712769292509372,0.842436934531097,1472,1472,1413,True,ok
19,18,Awake,60,processed,9,14021061845599938282,115.00613197126222,24.996219321763952,8,0.16,4,0.4358342126257017,11,0.8,1.3,5.0,0.6605605764774974,0.8422989361525605,1472,1472,1408,True,ok
19,18,Awake,60,processed,10,8222108987856193830,115.00613197126222,24.996219321763952,8,0.16,4,0.4358342126257017,11,0.8,1.3,5.0,0.5645305227420273,0.820754357920914,1472,1472,1397,True,ok
19,18,Awake,60,processed,11,1288442853684577000,115.00613197126222,24.996219321763952,8,0.16,4,0.4358342126257017,11,0.8,1.3,5.0,0.580012105965608,0.9152130174707173,1472,1472,1416,True,ok
19,18,Awake,60,processed,12,294657437896996748,115.00613197126222,24.996219321763952,8,0.16,4,0.4358342126257017,11,0.8,1.3,5.0,0.641406766264999,0.8708158109086811,1472,1472,1401,True,ok
19,18,Awake,60,processed,13,6936687025376396175,115.00613197126222,24.996219321763952,8,0.16,4,0.4358342126257017,11,0.8,1.3,5.0,0.6428550137207115,0.914726302928838,1472,1472,1419,True,ok
19,18,Awake,60,processed,14,2897585760222645376,115.00613197126222,24.996219321763952,8,0.16,4,0.4358342126257017,11,0.8,1.3,5.0,0.6245186862159727,0.9133731557496836,1472,1472,1409,True,ok
19,18,Awake,60,processed,15,2750096489897637775,115.00613197126222,24.996219321763952,8,0.16,4,0.4358342126257017,11,0.8,1.3,5.0,0.6740459627837146,0.906545011747631,1472,1472,1405,True,ok
19,18,Awake,60,processed,16,14578071922390143174,115.00613197126222,24.996219321763952,8,0.16,4,0.4358342126257017,11,0.8,1.3,5.0,0.7035059370296683,0.8983178973825859,1472,1472,1399,True,ok
19,18,Awake,60,processed,17,17909338592632710785,115.00613197126222,24.996219321763952,8,0.16,4,0.4358342126257017,11,0.8,1.3,5.0,0.6196505894711858,0.8928280233510193,1472,1472,1417,True,ok
19,18,Awake,60,processed,18,3220864498421749872,115.00613197126222,24.996219321763952,8,0.16,4,0.4358342126257017,11,0.8,1.3,5.0,0.5748541735853769,0.8477564028838289,1472,1472,1409,True,ok
19,18,Awake,60,processed,19,11194414895656697055,115.00613197126222,24.996219321763952,8,0.16,4,0.4358342126257017,11,0.8,1.3,5.0,0.6415683756670041,0.859416030242679,1472,1472,1426,True,ok
19,18,Awake,60,processed,20,4629889350220440352,115.00613197126222,24.996219321763952,8,0.16,4,0.4358342126257017,11,0.8,1.3,5.0,0.5675451332816128,0.7808959560137884,1472,1472,1406,True,ok
19,18,Awake,60,processed,21,4465656863095685095,115.00613197126222,24.996219321763952,8,0.16,4,0.4358342126257017,11,0.8,1.3,5.0,0.669452140030318,0.8805439521896836,1472,1472,1417,True,ok
19,18,Awake,60,processed,22,13372497291281466855,115.00613197126222,24.996219321763952,8,0.16,4,0.4358342126257017,11,0.8,1.3,5.0,0.6864070628284941,0.8553498071851146,1472,1472,1421,True,ok
19,18,Awake,60,processed,23,4014819826366712141,115.00613197126222,24.996219321763952,8,0.16,4,0.4358342126257017,11,0.8,1.3,5.0,0.6407403961433459,0.7590734666315287,1472,1472,1416,True,ok
19,18,Awake,60,processed,24,7367043252526802868,115.00613197126222,24.996219321763952,8,0.16,4,0.4358342126257017,11,0.8,1.3,5.0,0.6306393346538502,0.822742988444829,1472,1472,1412,True,ok
19,18,Awake,60,processed,25,17246850047434724601,115.00613197126222,24.996219321763952,8,0.16,4,0.4358342126257017,11,0.8,1.3,5.0,0.6271537668713953,0.916186400093542,1472,1472,1410,True,ok
19,18,Awake,60,processed,26,10997103935799184948,115.00613197126222,24.996219321763952,8,0.16,4,0.4358342126257017,11,0.8,1.3,5.0,0.6521960097466555,0.9308618885358778,1472,1472,1413,True,ok
19,18,Awake,60,processed,27,4398153331648237382,115.00613197126222,24.996219321763952,8,0.16,4,0.4358342126257017,11,0.8,1.3,5.0,0.6643168293890269,0.8939542513588751,1472,1472,1403,True,ok
19,18,Awake,60,processed,28,4919554267980582982,115.00613197126222,24.996219321763952,8,0.16,4,0.4358342126257017,11,0.8,1.3,5.0,0.676180571756297,0.9606903156543699,1472,1472,1405,True,ok
19,18,Awake,60,processed,29,16352313412245323401,115.00613197126222,24.996219321763952,8,0.16,4,0.4358342126257017,11,0.8,1.3,5.0,0.6785558453903103,0.8783920319329565,1472,1472,1407,True,ok
19,18,Awake,60,processed,30,16775003033583606645,115.00613197126222,24.996219321763952,8,0.16,4,0.4358342126257017,11,0.8,1.3,5.0,0.6819478352883944,0.8970973543781269,1472,1472,1397,True,ok
19,18,Awake,60,processed,31,1349261019626751997,115.00613197126222,24.996219321763952,8,0.16,4,0.4358342126257017,11,0.8,1.3,5.0,0.607054069340319,0.8865684015054925,1472,1472,1436,True,ok
19,18,Awake,60,processed,32,4578061049806179400,115.00613197126222,24.996219321763952,8,0.16,4,0.4358342126257017,11,0.8,1.3,5.0,0.6689949614616624,0.8726394487170794,1472,1472,1395,True,ok
19,18,Awake,60,processed,33,16045516798224410443,115.00613197126222,24.996219321763952,8,0.16,4,0.4358342126257017,11,0.8,1.3,5.0,0.5978079971652464,0.8828769101773898,1472,1472,1405,True,ok
19,18,Awake,60,processed,34,2694171003521440254,115.00613197126222,24.996219321763952,8,0.16,4,0.4358342126257017,11,0.8,1.3,5.0,0.6816699796539357,0.8808864190193145,1472,1472,1410,True,ok
19,18,Awake,60,processed,35,11315826751943531017,115.00613197126222,24.996219321763952,8,0.16,4,0.4358342126257017,11,0.8,1.3,5.0,0.6611053223561533,0.911207002877506,1472,1472,1407,True,ok
19,18,Awake,60,processed,36,1430773612929847673,115.00613197126222,24.996219321763952,8,0.16,4,0.4358342126257017,11,0.8,1.3,5.0,0.6727923530212337,0.8917097598254475,1472,1472,1400,True,ok
19,18,Awake,60,processed,37,17860981551040649159,115.00613197126222,24.996219321763952,8,0.16,4,0.4358342126257017,11,0.8,1.3,5.0,0.6563156641364001,0.8705367856431971,1472,1472,1399,True,ok
19,18,Awake,60,processed,38,10019153047737532503,115.00613197126222,24.996219321763952,8,0.16,4,0.4358342126257017,11,0.8,1.3,5.0,0.6458555538692216,0.8847183140583257,1472,1472,1398,True,ok
19,18,Awake,60,processed,39,13064015109757922973,115.00613197126222,24.996219321763952,8,0.16,4,0.4358342126257017,11,0.8,1.3,5.0,0.6061552876867712,0.9040337504366059,1472,1472,1416,True,ok
19,19,Awake,60,processed,1,11626753717389531251,115.00613197126222,24.996219321763952,8,0.16,4,0.4413251322539916,11,0.8,1.3,5.0,0.6933763676962624,0.8167074399916443,1472,1472,1403,True,ok
19,19,Awake,60,processed,2,225162323312147151,115.00613197126222,24.996219321763952,8,0.16,4,0.4413251322539916,11,0.8,1.3,5.0,0.6246388912954497,0.9084221694199579,1472,1472,1418,True,ok
19,19,Awake,60,processed,3,16354896233284336825,115.00613197126222,24.996219321763952,8,0.16,4,0.4413251322539916,11,0.8,1.3,5.0,0.6157881518590308,0.8002865679139384,1472,1472,1402,True,ok
19,19,Awake,60,processed,4,4687199626246141475,115.00613197126222,24.996219321763952,8,0.16,4,0.4413251322539916,11,0.8,1.3,5.0,0.6193191572539665,0.908299695215731,1472,1472,1416,True,ok
19,19,Awake,60,processed,5,6913683211039197690,115.00613197126222,24.996219321763952,8,0.16,4,0.4413251322539916,11,0.8,1.3,5.0,0.6342492443463762,0.9156424928386326,1472,1472,1424,True,ok
19,19,Awake,60,processed,6,4961706207886159991,115.00613197126222,24.996219321763952,8,0.16,4,0.4413251322539916,11,0.8,1.3,5.0,0.651239726437664,0.8804431812246628,1472,1472,1437,True,ok
19,19,Awake,60,processed,7,4145334145975755370,115.00613197126222,24.996219321763952,8,0.16,4,0.4413251322539916,11,0.8,1.3,5.0,0.6114010980126555,0.7973432733384889,1472,1472,1409,True,ok
19,19,Awake,60,processed,8,10861320589027611811,115.00613197126222,24.996219321763952,8,0.16,4,0.4413251322539916,11,0.8,1.3,5.0,0.6814386861808492,0.9196437181580434,1472,1472,1406,True,ok
19,19,Awake,60,processed,9,1721134029573024989,115.00613197126222,24.996219321763952,8,0.16,4,0.4413251322539916,11,0.8,1.3,5.0,0.6974573834575546,0.889004589951114,1472,1472,1407,True,ok
19,19,Awake,60,processed,10,506554962390561165,115.00613197126222,24.996219321763952,8,0.16,4,0.4413251322539916,11,0.8,1.3,5.0,0.7316658350689116,0.785043449622281,1472,1472,1378,True,ok
19,19,Awake,60,processed,11,16035707124360267681,115.00613197126222,24.996219321763952,8,0.16,4,0.4413251322539916,11,0.8,1.3,5.0,0.5988235586076214,0.8857074905636968,1472,1472,1401,True,ok
19,19,Awake,60,processed,12,13968052165114973634,115.00613197126222,24.996219321763952,8,0.16,4,0.4413251322539916,11,0.8,1.3,5.0,0.5314832190362495,0.8261281577234592,1472,1472,1427,True,ok
19,19,Awake,60,processed,13,9124190485577792698,115.00613197126222,24.996219321763952,8,0.16,4,0.4413251322539916,11,0.8,1.3,5.0,0.637015507636007,0.8596961060562794,1472,1472,1402,True,ok
19,19,Awake,60,processed,14,14630583160244164247,115.00613197126222,24.996219321763952,8,0.16,4,0.4413251322539916,11,0.8,1.3,5.0,0.6547957583541437,0.9184664129717673,1472,1472,1415,True,ok
19,19,Awake,60,processed,15,12669935338442314790,115.00613197126222,24.996219321763952,8,0.16,4,0.4413251322539916,11,0.8,1.3,5.0,0.6849286370877684,0.9347474889495399,1472,1472,1395,True,ok
19,19,Awake,60,processed,16,6896744592302541172,115.00613197126222,24.996219321763952,8,0.16,4,0.4413251322539916,11,0.8,1.3,5.0,0.6211035172829894,0.9269907521924705,1472,1472,1415,True,ok
19,19,Awake,60,processed,17,17869280142850363812,115.00613197126222,24.996219321763952,8,0.16,4,0.4413251322539916,11,0.8,1.3,5.0,0.729766307117989,0.8738476146349915,1472,1472,1414,True,ok
19,19,Awake,60,processed,18,5806382739433835154,115.00613197126222,24.996219321763952,8,0.16,4,0.4413251322539916,11,0.8,1.3,5.0,0.68137831648261,0.8442563680568663,1472,1472,1410,True,ok
19,19,Awake,60,processed,19,10585692890238238240,115.00613197126222,24.996219321763952,8,0.16,4,0.4413251322539916,11,0.8,1.3,5.0,0.6170352573402303,0.9291202869747296,1472,1472,1415,True,ok
19,19,Awake,60,processed,20,10118127513790279305,115.00613197126222,24.996219321763952,8,0.16,4,0.4413251322539916,11,0.8,1.3,5.0,0.6327164954349724,0.8522495936471566,1472,1472,1420,True,ok
19,19,Awake,60,processed,21,13004181914671443726,115.00613197126222,24.996219321763952,8,0.16,4,0.4413251322539916,11,0.8,1.3,5.0,0.6282912094211429,0.8786627410691216,1472,1472,1424,True,ok
19,19,Awake,60,processed,22,649777649149504488,115.00613197126222,24.996219321763952,8,0.16,4,0.4413251322539916,11,0.8,1.3,5.0,0.6872678996303773,0.8274576840836454,1472,1472,1417,True,ok
19,19,Awake,60,processed,23,462803850022161983,115.00613197126222,24.996219321763952,8,0.16,4,0.4413251322539916,11,0.8,1.3,5.0,0.6742352560813872,0.8853251756894928,1472,1472,1396,True,ok
19,19,Awake,60,processed,24,8375524607704208615,115.00613197126222,24.996219321763952,8,0.16,4,0.4413251322539916,11,0.8,1.3,5.0,0.7128619042480938,0.9259879589582424,1472,1472,1417,True,ok
19,19,Awake,60,processed,25,8545720695482959107,115.00613197126222,24.996219321763952,8,0.16,4,0.4413251322539916,11,0.8,1.3,5.0,0.6969556528157637,0.8769615190211845,1472,1472,1389,True,ok
19,19,Awake,60,processed,26,18368789838382618543,115.00613197126222,24.996219321763952,8,0.16,4,0.4413251322539916,11,0.8,1.3,5.0,0.6669731775064016,0.9397770066717563,1472,1472,1407,True,ok
19,19,Awake,60,processed,27,15214634286865635310,115.00613197126222,24.996219321763952,8,0.16,4,0.4413251322539916,11,0.8,1.3,5.0,0.6782951439585303,0.9478412084459347,1472,1472,1412,True,ok
19,19,Awake,60,processed,28,17177828726063011697,115.00613197126222,24.996219321763952,8,0.16,4,0.4413251322539916,11,0.8,1.3,5.0,0.592105519604435,0.8432163935937749,1472,1472,1396,True,ok
19,19,Awake,60,processed,29,13228250160938842866,115.00613197126222,24.996219321763952,8,0.16,4,0.4413251322539916,11,0.8,1.3,5.0,0.6138511841462442,0.8454389230167475,1472,1472,1401,True,ok
19,19,Awake,60,processed,30,12143129645528878638,115.00613197126222,24.996219321763952,8,0.16,4,0.4413251322539916,11,0.8,1.3,5.0,0.6409715436193327,0.9417101320552972,1472,1472,1396,True,ok
19,19,Awake,60,processed,31,11784267795840361338,115.00613197126222,24.996219321763952,8,0.16,4,0.4413251322539916,11,0.8,1.3,5.0,0.6661977526173573,0.9223245540234233,1472,1472,1434,True,ok
19,19,Awake,60,processed,32,12953855238644012265,115.00613197126222,24.996219321763952,8,0.16,4,0.4413251322539916,11,0.8,1.3,5.0,0.7687466755425229,0.896453463803626,1472,1472,1421,True,ok
19,19,Awake,60,processed,33,12179244845028113888,115.00613197126222,24.996219321763952,8,0.16,4,0.4413251322539916,11,0.8,1.3,5.0,0.5951388980710492,0.9213883633718541,1472,1472,1417,True,ok
19,19,Awake,60,processed,34,10230739780885053356,115.00613197126222,24.996219321763952,8,0.16,4,0.4413251322539916,11,0.8,1.3,5.0,0.7378102522096954,0.93541937919898,1472,1472,1420,True,ok
19,19,Awake,60,processed,35,10542064228007752671,115.00613197126222,24.996219321763952,8,0.16,4,0.4413251322539916,11,0.8,1.3,5.0,0.5689522194319963,0.9295748487254513,1472,1472,1412,True,ok
19,19,Awake,60,processed,36,14852530060149730523,115.00613197126222,24.996219321763952,8,0.16,4,0.4413251322539916,11,0.8,1.3,5.0,0.5996763035518823,0.8968634147898271,1472,1472,1413,True,ok
19,19,Awake,60,processed,37,8872532264463266076,115.00613197126222,24.996219321763952,8,0.16,4,0.4413251322539916,11,0.8,1.3,5.0,0.6718030697098935,0.9150175388089591,1472,1472,1399,True,ok
19,19,Awake,60,processed,38,12831957637470967731,115.00613197126222,24.996219321763952,8,0.16,4,0.4413251322539916,11,0.8,1.3,5.0,0.6507699959404423,0.9395910771672132,1472,1472,1435,True,ok
19,19,Awake,60,processed,39,9638097456929241037,115.00613197126222,24.996219321763952,8,0.16,4,0.4413251322539916,11,0.8,1.3,5.0,0.6282404770355318,0.9390368696226926,1472,1472,1400,True,ok
19,20,Awake,60,processed,1,3006302147165109524,115.00613197126222,24.996219321763952,8,0.16,4,0.4255447586383337,11,0.8,1.3,5.0,0.6654773553338676,0.8795598680964666,1472,1472,1416,True,ok
19,20,Awake,60,processed,2,10260568271674955036,115.00613197126222,24.996219321763952,8,0.16,4,0.4255447586383337,11,0.8,1.3,5.0,0.6313727554669709,0.9175668903201543,1472,1472,1408,True,ok
19,20,Awake,60,processed,3,16014535141721882783,115.00613197126222,24.996219321763952,8,0.16,4,0.4255447586383337,11,0.8,1.3,5.0,0.7117502873333561,0.937648460121297,1472,1472,1419,True,ok
19,20,Awake,60,processed,4,17109203085093363437,115.00613197126222,24.996219321763952,8,0.16,4,0.4255447586383337,11,0.8,1.3,5.0,0.6508794101075551,0.8227257475271562,1472,1472,1396,True,ok
19,20,Awake,60,processed,5,614211473713694352,115.00613197126222,24.996219321763952,8,0.16,4,0.4255447586383337,11,0.8,1.3,5.0,0.6591881198584327,0.8532441430431967,1472,1472,1380,True,ok
19,20,Awake,60,processed,6,11081778019146668221,115.00613197126222,24.996219321763952,8,0.16,4,0.4255447586383337,11,0.8,1.3,5.0,0.7180625032602226,0.8276734184617145,1472,1472,1410,True,ok
19,20,Awake,60,processed,7,3148474700404298622,115.00613197126222,24.996219321763952,8,0.16,4,0.4255447586383337,11,0.8,1.3,5.0,0.6922404547758421,0.8684832953385015,1472,1472,1390,True,ok
19,20,Awake,60,processed,8,14830943299805032422,115.00613197126222,24.996219321763952,8,0.16,4,0.4255447586383337,11,0.8,1.3,5.0,0.6558012871851281,0.9296203016524943,1472,1472,1389,True,ok
19,20,Awake,60,processed,9,2857564587490458222,115.00613197126222,24.996219321763952,8,0.16,4,0.4255447586383337,11,0.8,1.3,5.0,0.7251099947749329,0.9366731770004446,1472,1472,1385,True,ok
19,20,Awake,60,processed,10,13885838284136955775,115.00613197126222,24.996219321763952,8,0.16,4,0.4255447586383337,11,0.8,1.3,5.0,0.6360097971455755,0.8740977213692364,1472,1472,1422,True,ok
19,20,Awake,60,processed,11,17559281132311366874,115.00613197126222,24.996219321763952,8,0.16,4,0.4255447586383337,11,0.8,1.3,5.0,0.6318815813166236,0.8801106825237874,1472,1472,1426,True,ok
19,20,Awake,60,processed,12,5134868706167760731,115.00613197126222,24.996219321763952,8,0.16,4,0.4255447586383337,11,0.8,1.3,5.0,0.6880593379949529,0.9189204407629938,1472,1472,1398,True,ok
19,20,Awake,60,processed,13,15793192235458998305,115.00613197126222,24.996219321763952,8,0.16,4,0.4255447586383337,11,0.8,1.3,5.0,0.6590910858440179,0.8430071402699938,1472,1472,1398,True,ok
19,20,Awake,60,processed,14,7885772894846338272,115.00613197126222,24.996219321763952,8,0.16,4,0.4255447586383337,11,0.8,1.3,5.0,0.687386144146484,0.919698657825096,1472,1472,1413,True,ok
19,20,Awake,60,processed,15,5795423387564701192,115.00613197126222,24.996219321763952,8,0.16,4,0.4255447586383337,11,0.8,1.3,5.0,0.662546648068013,0.8553829683187327,1472,1472,1394,True,ok
19,20,Awake,60,processed,16,17326116449431659010,115.00613197126222,24.996219321763952,8,0.16,4,0.4255447586383337,11,0.8,1.3,5.0,0.6242887776879739,0.9279622737412049,1472,1472,1413,True,ok
19,20,Awake,60,processed,17,8402696400109126382,115.00613197126222,24.996219321763952,8,0.16,4,0.4255447586383337,11,0.8,1.3,5.0,0.6319415689781497,0.8671748999504809,1472,1472,1390,True,ok
19,20,Awake,60,processed,18,1807272128188893541,115.00613197126222,24.996219321763952,8,0.16,4,0.4255447586383337,11,0.8,1.3,5.0,0.6581701117784488,0.8186772142428662,1472,1472,1403,True,ok
19,20,Awake,60,processed,19,7011213485302680930,115.00613197126222,24.996219321763952,8,0.16,4,0.4255447586383337,11,0.8,1.3,5.0,0.6787861079728776,0.935466216375698,1472,1472,1424,True,ok
19,20,Awake,60,processed,20,16081999186281439269,115.00613197126222,24.996219321763952,8,0.16,4,0.4255447586383337,11,0.8,1.3,5.0,0.7016092298214545,0.9351688910058814,1472,1472,1408,True,ok
19,20,Awake,60,processed,21,17283303897950007560,115.00613197126222,24.996219321763952,8,0.16,4,0.4255447586383337,11,0.8,1.3,5.0,0.6398037647564655,0.8202479880199698,1472,1472,1402,True,ok
19,20,Awake,60,processed,22,11632943141346460387,115.00613197126222,24.996219321763952,8,0.16,4,0.4255447586383337,11,0.8,1.3,5.0,0.670384573234875,0.9138540818870489,1472,1472,1407,True,ok
19,20,Awake,60,processed,23,4018837211870788994,115.00613197126222,24.996219321763952,8,0.16,4,0.4255447586383337,11,0.8,1.3,5.0,0.5982371570773726,0.8535356218171849,1472,1472,1391,True,ok
19,20,Awake,60,processed,24,6987828246171178789,115.00613197126222,24.996219321763952,8,0.16,4,0.4255447586383337,11,0.8,1.3,5.0,0.7058277609096424,0.95344542555823,1472,1472,1393,True,ok
19,20,Awake,60,processed,25,9349947911284294529,115.00613197126222,24.996219321763952,8,0.16,4,0.4255447586383337,11,0.8,1.3,5.0,0.7181497738346809,0.7914445523309724,1472,1472,1423,True,ok
19,20,Awake,60,processed,26,4223216619174999139,115.00613197126222,24.996219321763952,8,0.16,4,0.4255447586383337,11,0.8,1.3,5.0,0.6954961638847358,0.8561704188126554,1472,1472,1403,True,ok
19,20,Awake,60,processed,27,9316635472713088283,115.00613197126222,24.996219321763952,8,0.16,4,0.4255447586383337,11,0.8,1.3,5.0,0.7035953453363424,0.9297104504395749,1472,1472,1412,True,ok
19,20,Awake,60,processed,28,3714694355192027623,115.00613197126222,24.996219321763952,8,0.16,4,0.4255447586383337,11,0.8,1.3,5.0,0.6223910836018235,0.8835251231597272,1472,1472,1410,True,ok
19,20,Awake,60,processed,29,9876053768869648099,115.00613197126222,24.996219321763952,8,0.16,4,0.4255447586383337,11,0.8,1.3,5.0,0.6744751962941888,0.9539230474851104,1472,1472,1430,True,ok
19,20,Awake,60,processed,30,9996254657512689790,115.00613197126222,24.996219321763952,8,0.16,4,0.4255447586383337,11,0.8,1.3,5.0,0.6657126685946375,0.8511682211311126,1472,1472,1408,True,ok
19,20,Awake,60,processed,31,13984782410520588134,115.00613197126222,24.996219321763952,8,0.16,4,0.4255447586383337,11,0.8,1.3,5.0,0.6616523960338279,0.8742837780955399,1472,1472,1420,True,ok
19,20,Awake,60,processed,32,12496626582009406467,115.00613197126222,24.996219321763952,8,0.16,4,0.4255447586383337,11,0.8,1.3,5.0,0.712731581704562,0.9189500352858727,1472,1472,1411,True,ok
19,20,Awake,60,processed,33,8790775705523325755,115.00613197126222,24.996219321763952,8,0.16,4,0.4255447586383337,11,0.8,1.3,5.0,0.6225821090991781,0.9453241130235482,1472,1472,1392,True,ok
19,20,Awake,60,processed,34,6650554710127196565,115.00613197126222,24.996219321763952,8,0.16,4,0.4255447586383337,11,0.8,1.3,5.0,0.6619427200197242,0.9146996369224433,1472,1472,1405,True,ok
19,20,Awake,60,processed,35,1516101615654703575,115.00613197126222,24.996219321763952,8,0.16,4,0.4255447586383337,11,0.8,1.3,5.0,0.6697609548797624,0.9080543014428117,1472,1472,1394,True,ok
19,20,Awake,60,processed,36,12685435564784664271,115.00613197126222,24.996219321763952,8,0.16,4,0.4255447586383337,11,0.8,1.3,5.0,0.6783775520536398,0.839842938896449,1472,1472,1415,True,ok
19,20,Awake,60,processed,37,9266370012335913151,115.00613197126222,24.996219321763952,8,0.16,4,0.4255447586383337,11,0.8,1.3,5.0,0.6502902403457305,0.8985580539916345,1472,1472,1415,True,ok
19,20,Awake,60,processed,38,9917346007919963395,115.00613197126222,24.996219321763952,8,0.16,4,0.4255447586383337,11,0.8,1.3,5.0,0.6499205215196424,0.906939313177053,1472,1472,1402,True,ok
19,20,Awake,60,processed,39,3693386351868088622,115.00613197126222,24.996219321763952,8,0.16,4,0.4255447586383337,11,0.8,1.3,5.0,0.7347479232403138,0.9631424682728285,1472,1472,1422,True,ok
19,21,Awake,60,processed,1,10195967670387792164,115.00613197126222,24.996219321763952,8,0.16,4,0.4451212326123927,11,0.8,1.3,5.0,0.6766177568435556,0.894278640493525,1472,1472,1406,True,ok
19,21,Awake,60,processed,2,777664025886549624,115.00613197126222,24.996219321763952,8,0.16,4,0.4451212326123927,11,0.8,1.3,5.0,0.6100499697569222,0.8908657332431139,1472,1472,1404,True,ok
19,21,Awake,60,processed,3,4390553285720614581,115.00613197126222,24.996219321763952,8,0.16,4,0.4451212326123927,11,0.8,1.3,5.0,0.657726671307128,0.8663931984375377,1472,1472,1396,True,ok
19,21,Awake,60,processed,4,7515138348322835414,115.00613197126222,24.996219321763952,8,0.16,4,0.4451212326123927,11,0.8,1.3,5.0,0.6645012994069847,0.8681702991911244,1472,1472,1378,True,ok
19,21,Awake,60,processed,5,4005430961058623126,115.00613197126222,24.996219321763952,8,0.16,4,0.4451212326123927,11,0.8,1.3,5.0,0.6512570704652763,0.9712580919980726,1472,1472,1418,True,ok
19,21,Awake,60,processed,6,10838153365653743806,115.00613197126222,24.996219321763952,8,0.16,4,0.4451212326123927,11,0.8,1.3,5.0,0.7139121129543659,0.9609031972458053,1472,1472,1404,True,ok
19,21,Awake,60,processed,7,6308917119279375597,115.00613197126222,24.996219321763952,8,0.16,4,0.4451212326123927,11,0.8,1.3,5.0,0.6651882885722976,0.9079192507860558,1472,1472,1385,True,ok
19,21,Awake,60,processed,8,5177579868826083012,115.00613197126222,24.996219321763952,8,0.16,4,0.4451212326123927,11,0.8,1.3,5.0,0.594691058748985,0.9152634072312549,1472,1472,1397,True,ok
19,21,Awake,60,processed,9,11437097954863821989,115.00613197126222,24.996219321763952,8,0.16,4,0.4451212326123927,11,0.8,1.3,5.0,0.7110284045422847,0.9581114658670116,1472,1472,1413,True,ok
19,21,Awake,60,processed,10,15590590401888718937,115.00613197126222,24.996219321763952,8,0.16,4,0.4451212326123927,11,0.8,1.3,5.0,0.5996360080139443,0.8548944116918316,1472,1472,1413,True,ok
19,21,Awake,60,processed,11,14781954035986149943,115.00613197126222,24.996219321763952,8,0.16,4,0.4451212326123927,11,0.8,1.3,5.0,0.6481099802117469,0.8633578823658565,1472,1472,1410,True,ok
19,21,Awake,60,processed,12,13537319686506498090,115.00613197126222,24.996219321763952,8,0.16,4,0.4451212326123927,11,0.8,1.3,5.0,0.656562354687144,0.9267088122085263,1472,1472,1416,True,ok
19,21,Awake,60,processed,13,7421179741078437515,115.00613197126222,24.996219321763952,8,0.16,4,0.4451212326123927,11,0.8,1.3,5.0,0.5842573156613395,0.9038613297503565,1472,1472,1411,True,ok
19,21,Awake,60,processed,14,15811629865145996649,115.00613197126222,24.996219321763952,8,0.16,4,0.4451212326123927,11,0.8,1.3,5.0,0.6709908170316763,0.8893001210247548,1472,1472,1398,True,ok
19,21,Awake,60,processed,15,17936221387836611077,115.00613197126222,24.996219321763952,8,0.16,4,0.4451212326123927,11,0.8,1.3,5.0,0.653451898541168,0.8961218548534439,1472,1472,1417,True,ok
19,21,Awake,60,processed,16,17109141910129021183,115.00613197126222,24.996219321763952,8,0.16,4,0.4451212326123927,11,0.8,1.3,5.0,0.6864054166971085,0.8529619933050548,1472,1472,1420,True,ok
19,21,Awake,60,processed,17,16374418627907461473,115.00613197126222,24.996219321763952,8,0.16,4,0.4451212326123927,11,0.8,1.3,5.0,0.6839915414642342,0.9125896578777232,1472,1472,1416,True,ok
19,21,Awake,60,processed,18,12000949328590413143,115.00613197126222,24.996219321763952,8,0.16,4,0.4451212326123927,11,0.8,1.3,5.0,0.6679871226690215,0.9208336156121614,1472,1472,1428,True,ok
19,21,Awake,60,processed,19,8616769282472291682,115.00613197126222,24.996219321763952,8,0.16,4,0.4451212326123927,11,0.8,1.3,5.0,0.6042085712112386,0.8099906846887023,1472,1472,1417,True,ok
19,21,Awake,60,processed,20,12644904010861511963,115.00613197126222,24.996219321763952,8,0.16,4,0.4451212326123927,11,0.8,1.3,5.0,0.6340424399965576,0.9047397475997068,1472,1472,1399,True,ok
19,21,Awake,60,processed,21,17732572356981954554,115.00613197126222,24.996219321763952,8,0.16,4,0.4451212326123927,11,0.8,1.3,5.0,0.6482839798407792,0.9297619172557582,1472,1472,1399,True,ok
19,21,Awake,60,processed,22,5814494554092291973,115.00613197126222,24.996219321763952,8,0.16,4,0.4451212326123927,11,0.8,1.3,5.0,0.6241403583697329,0.9201251189510933,1472,1472,1423,True,ok
19,21,Awake,60,processed,23,10291949750117714899,115.00613197126222,24.996219321763952,8,0.16,4,0.4451212326123927,11,0.8,1.3,5.0,0.6359322256919422,0.8915184598407386,1472,1472,1425,True,ok
19,21,Awake,60,processed,24,14176949586339703977,115.00613197126222,24.996219321763952,8,0.16,4,0.4451212326123927,11,0.8,1.3,5.0,0.6475185674195186,0.8634116334809226,1472,1472,1424,True,ok
19,21,Awake,60,processed,25,11445032660755230210,115.00613197126222,24.996219321763952,8,0.16,4,0.4451212326123927,11,0.8,1.3,5.0,0.6463761610067426,0.902036027025197,1472,1472,1416,True,ok
19,21,Awake,60,processed,26,4742537985253090673,115.00613197126222,24.996219321763952,8,0.16,4,0.4451212326123927,11,0.8,1.3,5.0,0.6094395692936301,0.8873098477338875,1472,1472,1406,True,ok
19,21,Awake,60,processed,27,14675750615577907380,115.00613197126222,24.996219321763952,8,0.16,4,0.4451212326123927,11,0.8,1.3,5.0,0.6902351141867277,0.811939950147015,1472,1472,1419,True,ok
19,21,Awake,60,processed,28,10821813170974143179,115.00613197126222,24.996219321763952,8,0.16,4,0.4451212326123927,11,0.8,1.3,5.0,0.6541738578769022,0.9315903526294637,1472,1472,1399,True,ok
19,21,Awake,60,processed,29,14978511263318641880,115.00613197126222,24.996219321763952,8,0.16,4,0.4451212326123927,11,0.8,1.3,5.0,0.6238502099211468,0.7317293170123454,1472,1472,1419,True,ok
19,21,Awake,60,processed,30,9597329731093491672,115.00613197126222,24.996219321763952,8,0.16,4,0.4451212326123927,11,0.8,1.3,5.0,0.6080752805950425,0.8837157327240694,1472,1472,1421,True,ok
19,21,Awake,60,processed,31,6783262492449755566,115.00613197126222,24.996219321763952,8,0.16,4,0.4451212326123927,11,0.8,1.3,5.0,0.5773634336007857,0.874699247850834,1472,1472,1416,True,ok
19,21,Awake,60,processed,32,7678523145899607831,115.00613197126222,24.996219321763952,8,0.16,4,0.4451212326123927,11,0.8,1.3,5.0,0.600723918610462,0.9384154029034629,1472,1472,1401,True,ok
19,21,Awake,60,processed,33,1128705493838679812,115.00613197126222,24.996219321763952,8,0.16,4,0.4451212326123927,11,0.8,1.3,5.0,0.645457942306454,0.7667411078518531,1472,1472,1404,True,ok
19,21,Awake,60,processed,34,8421562919300822809,115.00613197126222,24.996219321763952,8,0.16,4,0.4451212326123927,11,0.8,1.3,5.0,0.680197758143739,0.854638869943014,1472,1472,1409,True,ok
19,21,Awake,60,processed,35,5358686403447348156,115.00613197126222,24.996219321763952,8,0.16,4,0.4451212326123927,11,0.8,1.3,5.0,0.6485280652770161,0.8132671193002036,1472,1472,1395,True,ok
19,21,Awake,60,processed,36,6315181834959087700,115.00613197126222,24.996219321763952,8,0.16,4,0.4451212326123927,11,0.8,1.3,5.0,0.6491343184209054,0.8723637419623278,1472,1472,1412,True,ok
19,21,Awake,60,processed,37,15341859679099977275,115.00613197126222,24.996219321763952,8,0.16,4,0.4451212326123927,11,0.8,1.3,5.0,0.5825794754437528,0.9342923630327626,1472,1472,1409,True,ok
19,21,Awake,60,processed,38,4735903261137374811,115.00613197126222,24.996219321763952,8,0.16,4,0.4451212326123927,11,0.8,1.3,5.0,0.593076353100712,0.8864645556285129,1472,1472,1391,True,ok
19,21,Awake,60,processed,39,15427134134674384059,115.00613197126222,24.996219321763952,8,0.16,4,0.4451212326123927,11,0.8,1.3,5.0,0.5492597410704726,0.7607203695128161,1472,1472,1402,True,ok
19,22,Awake,60,processed,1,4957709853123619839,115.00613197126222,24.996219321763952,8,0.16,4,0.4421291157231616,11,0.8,1.3,5.0,0.6211910739087251,0.9353173357809781,1472,1472,1409,True,ok
19,22,Awake,60,processed,2,7037760112248568767,115.00613197126222,24.996219321763952,8,0.16,4,0.4421291157231616,11,0.8,1.3,5.0,0.5732296824145231,0.8949351646725726,1472,1472,1417,True,ok
19,22,Awake,60,processed,3,3092110636402070584,115.00613197126222,24.996219321763952,8,0.16,4,0.4421291157231616,11,0.8,1.3,5.0,0.5553704283183051,0.9086099625454623,1472,1472,1386,True,ok
19,22,Awake,60,processed,4,9984772926884218484,115.00613197126222,24.996219321763952,8,0.16,4,0.4421291157231616,11,0.8,1.3,5.0,0.5650619225152278,0.8965704443383158,1472,1472,1415,True,ok
19,22,Awake,60,processed,5,10718920646691114891,115.00613197126222,24.996219321763952,8,0.16,4,0.4421291157231616,11,0.8,1.3,5.0,0.6383377113319606,0.8881802573209001,1472,1472,1412,True,ok
19,22,Awake,60,processed,6,7633034078648482399,115.00613197126222,24.996219321763952,8,0.16,4,0.4421291157231616,11,0.8,1.3,5.0,0.6240742837269555,0.8057553443382005,1472,1472,1412,True,ok
19,22,Awake,60,processed,7,3162469926726868811,115.00613197126222,24.996219321763952,8,0.16,4,0.4421291157231616,11,0.8,1.3,5.0,0.5817854962418466,0.8356513444627435,1472,1472,1421,True,ok
19,22,Awake,60,processed,8,8286357364931791291,115.00613197126222,24.996219321763952,8,0.16,4,0.4421291157231616,11,0.8,1.3,5.0,0.6135122398835455,0.811962803244788,1472,1472,1418,True,ok
19,22,Awake,60,processed,9,16918211482335271419,115.00613197126222,24.996219321763952,8,0.16,4,0.4421291157231616,11,0.8,1.3,5.0,0.6574756852577311,0.9015680115355034,1472,1472,1410,True,ok
19,22,Awake,60,processed,10,16032599974462765651,115.00613197126222,24.996219321763952,8,0.16,4,0.4421291157231616,11,0.8,1.3,5.0,0.6419527746847361,0.8881314313483403,1472,1472,1414,True,ok
19,22,Awake,60,processed,11,10235259828652171792,115.00613197126222,24.996219321763952,8,0.16,4,0.4421291157231616,11,0.8,1.3,5.0,0.6498098900591389,0.8606670016546197,1472,1472,1398,True,ok
19,22,Awake,60,processed,12,5809876916467523956,115.00613197126222,24.996219321763952,8,0.16,4,0.4421291157231616,11,0.8,1.3,5.0,0.5781045256077032,0.914498302351701,1472,1472,1398,True,ok
19,22,Awake,60,processed,13,12953289238167089891,115.00613197126222,24.996219321763952,8,0.16,4,0.4421291157231616,11,0.8,1.3,5.0,0.6188322360066276,0.771974458484874,1472,1472,1406,True,ok
19,22,Awake,60,processed,14,17668425578724812567,115.00613197126222,24.996219321763952,8,0.16,4,0.4421291157231616,11,0.8,1.3,5.0,0.6008579415534523,0.7865660999143268,1472,1472,1411,True,ok
19,22,Awake,60,processed,15,17489244115519781231,115.00613197126222,24.996219321763952,8,0.16,4,0.4421291157231616,11,0.8,1.3,5.0,0.6091351679736046,0.8080245774234261,1472,1472,1430,True,ok
19,22,Awake,60,processed,16,853486899289733920,115.00613197126222,24.996219321763952,8,0.16,4,0.4421291157231616,11,0.8,1.3,5.0,0.7107128517238667,0.9400642834225411,1472,1472,1404,True,ok
19,22,Awake,60,processed,17,14648727822452383770,115.00613197126222,24.996219321763952,8,0.16,4,0.4421291157231616,11,0.8,1.3,5.0,0.6282985917191373,0.8175434577077854,1472,1472,1394,True,ok
19,22,Awake,60,processed,18,8413762907863643358,115.00613197126222,24.996219321763952,8,0.16,4,0.4421291157231616,11,0.8,1.3,5.0,0.6112690986025208,0.8531115145207606,1472,1472,1383,True,ok
19,22,Awake,60,processed,19,16276321004855840861,115.00613197126222,24.996219321763952,8,0.16,4,0.4421291157231616,11,0.8,1.3,5.0,0.6176295253177396,0.892545753666961,1472,1472,1417,True,ok
19,22,Awake,60,processed,20,12037786663173145492,115.00613197126222,24.996219321763952,8,0.16,4,0.4421291157231616,11,0.8,1.3,5.0,0.60299502866978,0.7022568295462852,1472,1472,1424,True,ok
19,22,Awake,60,processed,21,16726992363605441121,115.00613197126222,24.996219321763952,8,0.16,4,0.4421291157231616,11,0.8,1.3,5.0,0.6630553729704051,0.9422491408834504,1472,1472,1416,True,ok
19,22,Awake,60,processed,22,5560826451375180453,115.00613197126222,24.996219321763952,8,0.16,4,0.4421291157231616,11,0.8,1.3,5.0,0.6046538615518331,0.8740232230149165,1472,1472,1410,True,ok
19,22,Awake,60,processed,23,9133993309410593644,115.00613197126222,24.996219321763952,8,0.16,4,0.4421291157231616,11,0.8,1.3,5.0,0.622514672894565,0.8358173168729855,1472,1472,1390,True,ok
19,22,Awake,60,processed,24,4418561519581724196,115.00613197126222,24.996219321763952,8,0.16,4,0.4421291157231616,11,0.8,1.3,5.0,0.527788529020022,0.755651893408801,1472,1472,1397,True,ok
19,22,Awake,60,processed,25,3336837087699312090,115.00613197126222,24.996219321763952,8,0.16,4,0.4421291157231616,11,0.8,1.3,5.0,0.656435033111933,0.8810202136028948,1472,1472,1405,True,ok
19,22,Awake,60,processed,26,10501962057865548915,115.00613197126222,24.996219321763952,8,0.16,4,0.4421291157231616,11,0.8,1.3,5.0,0.6159592619926602,0.9021172582112101,1472,1472,1405,True,ok
19,22,Awake,60,processed,27,3991181567523867609,115.00613197126222,24.996219321763952,8,0.16,4,0.4421291157231616,11,0.8,1.3,5.0,0.6032940213769982,0.9447305672262232,1472,1472,1410,True,ok
19,22,Awake,60,processed,28,13516674175264730429,115.00613197126222,24.996219321763952,8,0.16,4,0.4421291157231616,11,0.8,1.3,5.0,0.6422094861775558,0.9570552934067961,1472,1472,1387,True,ok
19,22,Awake,60,processed,29,9497692436274281166,115.00613197126222,24.996219321763952,8,0.16,4,0.4421291157231616,11,0.8,1.3,5.0,0.6508931918610685,0.8971679244073046,1472,1472,1412,True,ok
19,22,Awake,60,processed,30,14100878517941116370,115.00613197126222,24.996219321763952,8,0.16,4,0.4421291157231616,11,0.8,1.3,5.0,0.6557218934906787,0.9068843535727109,1472,1472,1415,True,ok
19,22,Awake,60,processed,31,17534417129280738950,115.00613197126222,24.996219321763952,8,0.16,4,0.4421291157231616,11,0.8,1.3,5.0,0.6329361804470023,0.9086193992337136,1472,1472,1404,True,ok
19,22,Awake,60,processed,32,11520735348780691397,115.00613197126222,24.996219321763952,8,0.16,4,0.4421291157231616,11,0.8,1.3,5.0,0.624216850423769,0.8742891151702932,1472,1472,1416,True,ok
19,22,Awake,60,processed,33,6671897511808120422,115.00613197126222,24.996219321763952,8,0.16,4,0.4421291157231616,11,0.8,1.3,5.0,0.670729558172216,0.8973774314222114,1472,1472,1394,True,ok
19,22,Awake,60,processed,34,11059448828401815614,115.00613197126222,24.996219321763952,8,0.16,4,0.4421291157231616,11,0.8,1.3,5.0,0.6336421842657699,0.8610102457408946,1472,1472,1405,True,ok
19,22,Awake,60,processed,35,14148118825137225265,115.00613197126222,24.996219321763952,8,0.16,4,0.4421291157231616,11,0.8,1.3,5.0,0.651078201403812,0.8428924293880429,1472,1472,1412,True,ok
19,22,Awake,60,processed,36,4146899834583506800,115.00613197126222,24.996219321763952,8,0.16,4,0.4421291157231616,11,0.8,1.3,5.0,0.6281749883407665,0.9218665050337439,1472,1472,1428,True,ok
19,22,Awake,60,processed,37,16000216738124451677,115.00613197126222,24.996219321763952,8,0.16,4,0.4421291157231616,11,0.8,1.3,5.0,0.6157688797375698,0.7999470344102954,1472,1472,1424,True,ok
19,22,Awake,60,processed,38,8021305933309885936,115.00613197126222,24.996219321763952,8,0.16,4,0.4421291157231616,11,0.8,1.3,5.0,0.583090433400062,0.8457322283328697,1472,1472,1405,True,ok
19,22,Awake,60,processed,39,5560705003378243905,115.00613197126222,24.996219321763952,8,0.16,4,0.4421291157231616,11,0.8,1.3,5.0,0.5904232805026647,0.8541175201708576,1472,1472,1420,True,ok
19,23,Awake,60,processed,1,6175959676139589265,95.63524997900372,24.996219321763952,8,0.16,4,0.4384373383165987,11,0.8,1.3,5.0,0.6402098092180879,0.9127568376114082,1472,1472,1414,True,ok
19,23,Awake,60,processed,2,6217538093706916379,95.63524997900372,24.996219321763952,8,0.16,4,0.4384373383165987,11,0.8,1.3,5.0,0.6008319220391461,0.9268792849773523,1472,1472,1421,True,ok
19,23,Awake,60,processed,3,13255302357516974312,95.63524997900372,24.996219321763952,8,0.16,4,0.4384373383165987,11,0.8,1.3,5.0,0.63490476999116,0.9363021866855092,1472,1472,1420,True,ok
19,23,Awake,60,processed,4,9687286178515382592,95.63524997900372,24.996219321763952,8,0.16,4,0.4384373383165987,11,0.8,1.3,5.0,0.6387664148904045,0.919714215696724,1472,1472,1425,True,ok
19,23,Awake,60,processed,5,8941120836863124035,95.63524997900372,24.996219321763952,8,0.16,4,0.4384373383165987,11,0.8,1.3,5.0,0.6401928617863496,0.822682268969305,1472,1472,1409,True,ok
19,23,Awake,60,processed,6,13464616779893529249,95.63524997900372,24.996219321763952,8,0.16,4,0.4384373383165987,11,0.8,1.3,5.0,0.6759371813861311,0.9671012941204161,1472,1472,1416,True,ok
19,23,Awake,60,processed,7,16624119264816311575,95.63524997900372,24.996219321763952,8,0.16,4,0.4384373383165987,11,0.8,1.3,5.0,0.6650842690275045,0.8436056931749129,1472,1472,1400,True,ok
19,23,Awake,60,processed,8,5488195973817535741,95.63524997900372,24.996219321763952,8,0.16,4,0.4384373383165987,11,0.8,1.3,5.0,0.7608338060523543,0.8847074040659384,1472,1472,1394,True,ok
19,23,Awake,60,processed,9,1393820780391987015,95.63524997900372,24.996219321763952,8,0.16,4,0.4384373383165987,11,0.8,1.3,5.0,0.7196479477976749,0.911493196972205,1472,1472,1390,True,ok
19,23,Awake,60,processed,10,3184203479201288813,95.63524997900372,24.996219321763952,8,0.16,4,0.4384373383165987,11,0.8,1.3,5.0,0.7539047473782073,0.8564110914124328,1472,1472,1403,True,ok
19,23,Awake,60,processed,11,1472096462167354398,95.63524997900372,24.996219321763952,8,0.16,4,0.4384373383165987,11,0.8,1.3,5.0,0.7263597704895869,0.948692114363043,1472,1472,1400,True,ok
19,23,Awake,60,processed,12,16293479232120383596,95.63524997900372,24.996219321763952,8,0.16,4,0.4384373383165987,11,0.8,1.3,5.0,0.6978425342448168,0.9292139336930466,1472,1472,1424,True,ok
19,23,Awake,60,processed,13,4517062216589302532,95.63524997900372,24.996219321763952,8,0.16,4,0.4384373383165987,11,0.8,1.3,5.0,0.6552906502554329,0.9330794008795382,1472,1472,1409,True,ok
19,23,Awake,60,processed,14,8238151057204543835,95.63524997900372,24.996219321763952,8,0.16,4,0.4384373383165987,11,0.8,1.3,5.0,0.7465937569952197,0.9307959502388143,1472,1472,1422,True,ok
19,23,Awake,60,processed,15,16127519112900675624,95.63524997900372,24.996219321763952,8,0.16,4,0.4384373383165987,11,0.8,1.3,5.0,0.6888301046002357,0.9470209802779594,1472,1472,1406,True,ok
19,23,Awake,60,processed,16,7076207810688005967,95.63524997900372,24.996219321763952,8,0.16,4,0.4384373383165987,11,0.8,1.3,5.0,0.5712500243661774,0.915204301176537,1472,1472,1400,True,ok
19,23,Awake,60,processed,17,10603462157911434026,95.63524997900372,24.996219321763952,8,0.16,4,0.4384373383165987,11,0.8,1.3,5.0,0.6844310630639435,0.9293754277706472,1472,1472,1419,True,ok
19,23,Awake,60,processed,18,12630632958948542886,95.63524997900372,24.996219321763952,8,0.16,4,0.4384373383165987,11,0.8,1.3,5.0,0.5991297179240996,0.9200244557249776,1472,1472,1406,True,ok
19,23,Awake,60,processed,19,12986674766745598101,95.63524997900372,24.996219321763952,8,0.16,4,0.4384373383165987,11,0.8,1.3,5.0,0.6771005549671253,0.9036455849255712,1472,1472,1400,True,ok
19,23,Awake,60,processed,20,2738164722631888045,95.63524997900372,24.996219321763952,8,0.16,4,0.4384373383165987,11,0.8,1.3,5.0,0.7009893759828073,0.9075696221009414,1472,1472,1420,True,ok
19,23,Awake,60,processed,21,12805201861490946019,95.63524997900372,24.996219321763952,8,0.16,4,0.4384373383165987,11,0.8,1.3,5.0,0.6585833855371799,0.9554737752093351,1472,1472,1415,True,ok
19,23,Awake,60,processed,22,9979214039806774804,95.63524997900372,24.996219321763952,8,0.16,4,0.4384373383165987,11,0.8,1.3,5.0,0.6938843815472371,0.8916863561054914,1472,1472,1389,True,ok
19,23,Awake,60,processed,23,8243729974314989470,95.63524997900372,24.996219321763952,8,0.16,4,0.4384373383165987,11,0.8,1.3,5.0,0.6619166663299838,0.9218765713111243,1472,1472,1417,True,ok
19,23,Awake,60,processed,24,13724990686353070814,95.63524997900372,24.996219321763952,8,0.16,4,0.4384373383165987,11,0.8,1.3,5.0,0.6916450483280557,0.9099299481117759,1472,1472,1406,True,ok
19,23,Awake,60,processed,25,13852710814681139361,95.63524997900372,24.996219321763952,8,0.16,4,0.4384373383165987,11,0.8,1.3,5.0,0.5967637665893585,0.8878185992375686,1472,1472,1432,True,ok
19,23,Awake,60,processed,26,4407124059894080042,95.63524997900372,24.996219321763952,8,0.16,4,0.4384373383165987,11,0.8,1.3,5.0,0.6828167219716513,0.956686573800534,1472,1472,1423,True,ok
19,23,Awake,60,processed,27,17852752046951504255,95.63524997900372,24.996219321763952,8,0.16,4,0.4384373383165987,11,0.8,1.3,5.0,0.6434369023800275,0.8370042672638165,1472,1472,1401,True,ok
19,23,Awake,60,processed,28,10535186957163463177,95.63524997900372,24.996219321763952,8,0.16,4,0.4384373383165987,11,0.8,1.3,5.0,0.7253742768816798,0.88362509589798,1472,1472,1402,True,ok
19,23,Awake,60,processed,29,3019546643982833487,95.63524997900372,24.996219321763952,8,0.16,4,0.4384373383165987,11,0.8,1.3,5.0,0.686664232581427,0.9554853383715451,1472,1472,1402,True,ok
19,23,Awake,60,processed,30,12027142703521487551,95.63524997900372,24.996219321763952,8,0.16,4,0.4384373383165987,11,0.8,1.3,5.0,0.5934556886018613,0.9071263900842578,1472,1472,1400,True,ok
19,23,Awake,60,processed,31,9188739408778259633,95.63524997900372,24.996219321763952,8,0.16,4,0.4384373383165987,11,0.8,1.3,5.0,0.7300593430181213,0.9722963243248383,1472,1472,1412,True,ok
19,23,Awake,60,processed,32,11763571965896464198,95.63524997900372,24.996219321763952,8,0.16,4,0.4384373383165987,11,0.8,1.3,5.0,0.6295376720643371,0.9041171531647921,1472,1472,1396,True,ok
19,23,Awake,60,processed,33,9294385252974750201,95.63524997900372,24.996219321763952,8,0.16,4,0.4384373383165987,11,0.8,1.3,5.0,0.6322880163707286,0.8614179207277348,1472,1472,1419,True,ok
19,23,Awake,60,processed,34,16783127363362108758,95.63524997900372,24.996219321763952,8,0.16,4,0.4384373383165987,11,0.8,1.3,5.0,0.6658227978876307,0.9643790921667031,1472,1472,1405,True,ok
19,23,Awake,60,processed,35,8679388190945510239,95.63524997900372,24.996219321763952,8,0.16,4,0.4384373383165987,11,0.8,1.3,5.0,0.688754129528413,0.9031200759910526,1472,1472,1400,True,ok
19,23,Awake,60,processed,36,2577585302255321342,95.63524997900372,24.996219321763952,8,0.16,4,0.4384373383165987,11,0.8,1.3,5.0,0.7089774889997082,0.9360764706567428,1472,1472,1401,True,ok
19,23,Awake,60,processed,37,1675171486787524812,95.63524997900372,24.996219321763952,8,0.16,4,0.4384373383165987,11,0.8,1.3,5.0,0.6581437174463082,0.9029631731207913,1472,1472,1388,True,ok
19,23,Awake,60,processed,38,15216132554029382029,95.63524997900372,24.996219321763952,8,0.16,4,0.4384373383165987,11,0.8,1.3,5.0,0.6370764216483747,0.9181153733836164,1472,1472,1403,True,ok
19,23,Awake,60,processed,39,985323779259663761,95.63524997900372,24.996219321763952,8,0.16,4,0.4384373383165987,11,0.8,1.3,5.0,0.7717203499636723,0.953371073547099,1472,1456,1405,True,ok
19,24,Awake,60,processed,1,1780185830509111880,95.63524997900372,24.996219321763952,8,0.16,4,0.4395036078628982,11,0.8,1.3,5.0,0.5862696642689986,0.9114173914347302,1472,1472,1405,True,ok
19,24,Awake,60,processed,2,13337540020796812081,95.63524997900372,24.996219321763952,8,0.16,4,0.4395036078628982,11,0.8,1.3,5.0,0.7154757924323017,0.9216433351621333,1472,1472,1413,True,ok
19,24,Awake,60,processed,3,6768230051808488454,95.63524997900372,24.996219321763952,8,0.16,4,0.4395036078628982,11,0.8,1.3,5.0,0.6813641605712638,0.8880773241445769,1472,1472,1393,True,ok
19,24,Awake,60,processed,4,7313767944697238556,95.63524997900372,24.996219321763952,8,0.16,4,0.4395036078628982,11,0.8,1.3,5.0,0.6849407986854021,0.8400226404132826,1472,1472,1423,True,ok
19,24,Awake,60,processed,5,16188831066021980716,95.63524997900372,24.996219321763952,8,0.16,4,0.4395036078628982,11,0.8,1.3,5.0,0.6787391093006376,0.8735521826273314,1472,1472,1416,True,ok
19,24,Awake,60,processed,6,6859063737336712230,95.63524997900372,24.996219321763952,8,0.16,4,0.4395036078628982,11,0.8,1.3,5.0,0.6822623501046376,0.8584953734373243,1472,1472,1412,True,ok
19,24,Awake,60,processed,7,965526641305135161,95.63524997900372,24.996219321763952,8,0.16,4,0.4395036078628982,11,0.8,1.3,5.0,0.6584149191969827,0.928324160937318,1472,1472,1417,True,ok
19,24,Awake,60,processed,8,3962718487162779295,95.63524997900372,24.996219321763952,8,0.16,4,0.4395036078628982,11,0.8,1.3,5.0,0.7099339965210958,0.9290541135848306,1472,1472,1409,True,ok
19,24,Awake,60,processed,9,442240002277598190,95.63524997900372,24.996219321763952,8,0.16,4,0.4395036078628982,11,0.8,1.3,5.0,0.6702116065580765,0.9834754317866954,1472,1472,1411,True,ok
19,24,Awake,60,processed,10,13094672761562948507,95.63524997900372,24.996219321763952,8,0.16,4,0.4395036078628982,11,0.8,1.3,5.0,0.7455628768430641,0.9569849573043688,1472,1472,1415,True,ok
19,24,Awake,60,processed,11,3872594123306573437,95.63524997900372,24.996219321763952,8,0.16,4,0.4395036078628982,11,0.8,1.3,5.0,0.5827227520389385,0.9034057443627367,1472,1472,1386,True,ok
19,24,Awake,60,processed,12,4429243475053624283,95.63524997900372,24.996219321763952,8,0.16,4,0.4395036078628982,11,0.8,1.3,5.0,0.6984570381684889,0.9510137787122547,1472,1472,1405,True,ok
19,24,Awake,60,processed,13,344280963098143146,95.63524997900372,24.996219321763952,8,0.16,4,0.4395036078628982,11,0.8,1.3,5.0,0.7428046556914016,0.9560801617369715,1472,1472,1409,True,ok
19,24,Awake,60,processed,14,12227093480253702637,95.63524997900372,24.996219321763952,8,0.16,4,0.4395036078628982,11,0.8,1.3,5.0,0.6750857504622451,0.9406036306316508,1472,1472,1388,True,ok
19,24,Awake,60,processed,15,17334064227302727712,95.63524997900372,24.996219321763952,8,0.16,4,0.4395036078628982,11,0.8,1.3,5.0,0.6138750018533023,0.8705465835114138,1472,1472,1414,True,ok
19,24,Awake,60,processed,16,8114605714171821755,95.63524997900372,24.996219321763952,8,0.16,4,0.4395036078628982,11,0.8,1.3,5.0,0.6624396563792674,0.9367641975442256,1472,1472,1410,True,ok
19,24,Awake,60,processed,17,7753137198892838377,95.63524997900372,24.996219321763952,8,0.16,4,0.4395036078628982,11,0.8,1.3,5.0,0.6735861274060039,0.8957053582742386,1472,1472,1415,True,ok
19,24,Awake,60,processed,18,4677125586498873121,95.63524997900372,24.996219321763952,8,0.16,4,0.4395036078628982,11,0.8,1.3,5.0,0.7665470860337542,0.9243256121211427,1472,1472,1422,True,ok
19,24,Awake,60,processed,19,7793078254635974475,95.63524997900372,24.996219321763952,8,0.16,4,0.4395036078628982,11,0.8,1.3,5.0,0.642545466248113,0.9376350529924254,1472,1472,1399,True,ok
19,24,Awake,60,processed,20,8778882618878123196,95.63524997900372,24.996219321763952,8,0.16,4,0.4395036078628982,11,0.8,1.3,5.0,0.7113627364060069,0.9241826801991985,1472,1472,1409,True,ok
19,24,Awake,60,processed,21,1608434873436488894,95.63524997900372,24.996219321763952,8,0.16,4,0.4395036078628982,11,0.8,1.3,5.0,0.7046254230799267,0.8953850061871388,1472,1472,1411,True,ok
19,24,Awake,60,processed,22,11824535661680257560,95.63524997900372,24.996219321763952,8,0.16,4,0.4395036078628982,11,0.8,1.3,5.0,0.6577018859517052,0.9372179325144122,1472,1472,1417,True,ok
19,24,Awake,60,processed,23,7537607621951017533,95.63524997900372,24.996219321763952,8,0.16,4,0.4395036078628982,11,0.8,1.3,5.0,0.6129250943656973,0.9088884002385333,1472,1472,1417,True,ok
19,24,Awake,60,processed,24,16482315643733460752,95.63524997900372,24.996219321763952,8,0.16,4,0.4395036078628982,11,0.8,1.3,5.0,0.6809444887646751,0.9305456981606605,1472,1472,1411,True,ok
19,24,Awake,60,processed,25,106664031144534342,95.63524997900372,24.996219321763952,8,0.16,4,0.4395036078628982,11,0.8,1.3,5.0,0.7510523048483119,0.8653493050107177,1472,1472,1417,True,ok
19,24,Awake,60,processed,26,2635425136582167764,95.63524997900372,24.996219321763952,8,0.16,4,0.4395036078628982,11,0.8,1.3,5.0,0.6706574320566174,0.920360870820979,1472,1472,1432,True,ok
19,24,Awake,60,processed,27,11504538071624486706,95.63524997900372,24.996219321763952,8,0.16,4,0.4395036078628982,11,0.8,1.3,5.0,0.6636255917682463,0.93207524359728,1472,1472,1421,True,ok
19,24,Awake,60,processed,28,6190479766855306573,95.63524997900372,24.996219321763952,8,0.16,4,0.4395036078628982,11,0.8,1.3,5.0,0.6773835335629041,0.948240888531734,1472,1472,1430,True,ok
19,24,Awake,60,processed,29,10001415783042927931,95.63524997900372,24.996219321763952,8,0.16,4,0.4395036078628982,11,0.8,1.3,5.0,0.6538307377514168,0.9568130262509048,1472,1472,1409,True,ok
19,24,Awake,60,processed,30,15823027639364019197,95.63524997900372,24.996219321763952,8,0.16,4,0.4395036078628982,11,0.8,1.3,5.0,0.7053129039933289,0.8896664307095558,1472,1472,1411,True,ok
19,24,Awake,60,processed,31,14822894725918572281,95.63524997900372,24.996219321763952,8,0.16,4,0.4395036078628982,11,0.8,1.3,5.0,0.7175505216205655,0.8868074062229934,1472,1472,1406,True,ok
19,24,Awake,60,processed,32,15212683353153145173,95.63524997900372,24.996219321763952,8,0.16,4,0.4395036078628982,11,0.8,1.3,5.0,0.7780162579526297,0.9551885441857304,1472,1472,1410,True,ok
19,24,Awake,60,processed,33,10521369058313014127,95.63524997900372,24.996219321763952,8,0.16,4,0.4395036078628982,11,0.8,1.3,5.0,0.6652539204528036,0.921779640660839,1472,1472,1384,True,ok
19,24,Awake,60,processed,34,3852988767977558885,95.63524997900372,24.996219321763952,8,0.16,4,0.4395036078628982,11,0.8,1.3,5.0,0.754976727375083,0.9558071797223379,1472,1472,1399,True,ok
19,24,Awake,60,processed,35,2247502572819169897,95.63524997900372,24.996219321763952,8,0.16,4,0.4395036078628982,11,0.8,1.3,5.0,0.657830475527099,0.8901775560354436,1472,1472,1409,True,ok
19,24,Awake,60,processed,36,18211097090627353511,95.63524997900372,24.996219321763952,8,0.16,4,0.4395036078628982,11,0.8,1.3,5.0,0.7398866147315245,0.9691393193677442,1472,1472,1397,True,ok
19,24,Awake,60,processed,37,7006733015995629764,95.63524997900372,24.996219321763952,8,0.16,4,0.4395036078628982,11,0.8,1.3,5.0,0.7059679714942073,0.9326014902671831,1472,1472,1400,True,ok
19,24,Awake,60,processed,38,17677834730699840236,95.63524997900372,24.996219321763952,8,0.16,4,0.4395036078628982,11,0.8,1.3,5.0,0.6908045387145593,0.9480973402855675,1472,1472,1403,True,ok
19,24,Awake,60,processed,39,4419813535210324760,95.63524997900372,24.996219321763952,8,0.16,4,0.4395036078628982,11,0.8,1.3,5.0,0.7086834268675245,0.9385938776478362,1472,1472,1422,True,ok
19,25,Awake,60,processed,1,10825530327683115263,115.00613197126222,24.996219321763952,8,0.16,4,0.4503187397158243,11,0.8,1.3,5.0,0.6452766322965456,0.8922055461565438,1472,1472,1405,True,ok
19,25,Awake,60,processed,2,17000097094862108372,115.00613197126222,24.996219321763952,8,0.16,4,0.4503187397158243,11,0.8,1.3,5.0,0.6374081148275245,0.9189882185569072,1472,1472,1382,True,ok
19,25,Awake,60,processed,3,8364153129013005836,115.00613197126222,24.996219321763952,8,0.16,4,0.4503187397158243,11,0.8,1.3,5.0,0.6882994822293709,0.8892978835156082,1472,1472,1436,True,ok
19,25,Awake,60,processed,4,18047339997041986079,115.00613197126222,24.996219321763952,8,0.16,4,0.4503187397158243,11,0.8,1.3,5.0,0.646723268743887,0.879812688747003,1472,1472,1391,True,ok
19,25,Awake,60,processed,5,17974302501378823384,115.00613197126222,24.996219321763952,8,0.16,4,0.4503187397158243,11,0.8,1.3,5.0,0.7117368565381342,0.8725469734540349,1472,1432,1359,True,ok
19,25,Awake,60,processed,6,8834069397836594263,115.00613197126222,24.996219321763952,8,0.16,4,0.4503187397158243,11,0.8,1.3,5.0,0.7199216499245525,0.9270218798042252,1472,1472,1409,True,ok
19,25,Awake,60,processed,7,10443974364692637894,115.00613197126222,24.996219321763952,8,0.16,4,0.4503187397158243,11,0.8,1.3,5.0,0.6376683329796208,0.8694224450514559,1472,1472,1414,True,ok
19,25,Awake,60,processed,8,3350876117427482949,115.00613197126222,24.996219321763952,8,0.16,4,0.4503187397158243,11,0.8,1.3,5.0,0.7185347521322485,0.961581609990571,1472,1472,1421,True,ok
19,25,Awake,60,processed,9,14245696103507080097,115.00613197126222,24.996219321763952,8,0.16,4,0.4503187397158243,11,0.8,1.3,5.0,0.6667040633912671,0.953580923485887,1472,1472,1423,True,ok
19,25,Awake,60,processed,10,10831296552743779611,115.00613197126222,24.996219321763952,8,0.16,4,0.4503187397158243,11,0.8,1.3,5.0,0.7112651029232688,0.9101873294546261,1472,1472,1402,True,ok
19,25,Awake,60,processed,11,10574238940489200837,115.00613197126222,24.996219321763952,8,0.16,4,0.4503187397158243,11,0.8,1.3,5.0,0.6980177108503456,0.8516419553492042,1472,1472,1408,True,ok
19,25,Awake,60,processed,12,3196037876725264536,115.00613197126222,24.996219321763952,8,0.16,4,0.4503187397158243,11,0.8,1.3,5.0,0.6535553168990911,0.9455950346777747,1472,1472,1406,True,ok
19,25,Awake,60,processed,13,5094120073703193112,115.00613197126222,24.996219321763952,8,0.16,4,0.4503187397158243,11,0.8,1.3,5.0,0.6651757038834729,0.9349386548226715,1472,1472,1404,True,ok
19,25,Awake,60,processed,14,4672532722837332290,115.00613197126222,24.996219321763952,8,0.16,4,0.4503187397158243,11,0.8,1.3,5.0,0.6964085048565034,0.8606385361181461,1472,1472,1394,True,ok
19,25,Awake,60,processed,15,6359948528194865891,115.00613197126222,24.996219321763952,8,0.16,4,0.4503187397158243,11,0.8,1.3,5.0,0.6623987462374548,0.8902203376817576,1472,1472,1406,True,ok
19,25,Awake,60,processed,16,392244433263228033,115.00613197126222,24.996219321763952,8,0.16,4,0.4503187397158243,11,0.8,1.3,5.0,0.5812038143304211,0.8597374137411141,1472,1472,1401,True,ok
19,25,Awake,60,processed,17,7961748709697910347,115.00613197126222,24.996219321763952,8,0.16,4,0.4503187397158243,11,0.8,1.3,5.0,0.6723615381746374,0.9483093768840105,1472,1472,1426,True,ok
19,25,Awake,60,processed,18,8079763504414740489,115.00613197126222,24.996219321763952,8,0.16,4,0.4503187397158243,11,0.8,1.3,5.0,0.645618465493828,0.8844004664752011,1472,1472,1382,True,ok
19,25,Awake,60,processed,19,18209368969267783191,115.00613197126222,24.996219321763952,8,0.16,4,0.4503187397158243,11,0.8,1.3,5.0,0.6415240314659771,0.792227617075551,1472,1472,1398,True,ok
19,25,Awake,60,processed,20,8875852121466985859,115.00613197126222,24.996219321763952,8,0.16,4,0.4503187397158243,11,0.8,1.3,5.0,0.6326542766713497,0.8097590011728669,1472,1472,1399,True,ok
19,25,Awake,60,processed,21,10721993254927484443,115.00613197126222,24.996219321763952,8,0.16,4,0.4503187397158243,11,0.8,1.3,5.0,0.6124239366951676,0.9323936670083779,1472,1472,1409,True,ok
19,25,Awake,60,processed,22,1299797684206341135,115.00613197126222,24.996219321763952,8,0.16,4,0.4503187397158243,11,0.8,1.3,5.0,0.67670779935414,0.9540475471263103,1472,1472,1408,True,ok
19,25,Awake,60,processed,23,2228682377637169032,115.00613197126222,24.996219321763952,8,0.16,4,0.4503187397158243,11,0.8,1.3,5.0,0.6240597788094107,0.8932979179324535,1472,1472,1402,True,ok
19,25,Awake,60,processed,24,13762984018528759520,115.00613197126222,24.996219321763952,8,0.16,4,0.4503187397158243,11,0.8,1.3,5.0,0.5845754165708569,0.859669388304749,1472,1472,1404,True,ok
19,25,Awake,60,processed,25,8428736139628703224,115.00613197126222,24.996219321763952,8,0.16,4,0.4503187397158243,11,0.8,1.3,5.0,0.6587300858773562,0.8694977648412924,1472,1472,1394,True,ok
19,25,Awake,60,processed,26,15376739473144376002,115.00613197126222,24.996219321763952,8,0.16,4,0.4503187397158243,11,0.8,1.3,5.0,0.6363103463420239,0.9614094159921047,1472,1472,1378,True,ok
19,25,Awake,60,processed,27,2125619012253143690,115.00613197126222,24.996219321763952,8,0.16,4,0.4503187397158243,11,0.8,1.3,5.0,0.6562366093666149,0.937292063305076,1472,1472,1397,True,ok
19,25,Awake,60,processed,28,17109482573985318996,115.00613197126222,24.996219321763952,8,0.16,4,0.4503187397158243,11,0.8,1.3,5.0,0.6609405163623902,0.9028537845905821,1472,1472,1426,True,ok
19,25,Awake,60,processed,29,16207064951937692239,115.00613197126222,24.996219321763952,8,0.16,4,0.4503187397158243,11,0.8,1.3,5.0,0.6340067013233752,0.9053077782522416,1472,1472,1391,True,ok
19,25,Awake,60,processed,30,8670313135028372162,115.00613197126222,24.996219321763952,8,0.16,4,0.4503187397158243,11,0.8,1.3,5.0,0.6777737434677726,0.9176387983210045,1472,1472,1418,True,ok
19,25,Awake,60,processed,31,1269309795399232606,115.00613197126222,24.996219321763952,8,0.16,4,0.4503187397158243,11,0.8,1.3,5.0,0.6760120665187914,0.8991950474958903,1472,1472,1411,True,ok
19,25,Awake,60,processed,32,16521854366884478287,115.00613197126222,24.996219321763952,8,0.16,4,0.4503187397158243,11,0.8,1.3,5.0,0.5908409814659659,0.866022549252409,1472,1472,1394,True,ok
19,25,Awake,60,processed,33,10870904773972454209,115.00613197126222,24.996219321763952,8,0.16,4,0.4503187397158243,11,0.8,1.3,5.0,0.6574356873593435,0.9223112158355875,1472,1472,1410,True,ok
19,25,Awake,60,processed,34,16237373008218891155,115.00613197126222,24.996219321763952,8,0.16,4,0.4503187397158243,11,0.8,1.3,5.0,0.6394103895799009,0.9250174865731233,1472,1472,1414,True,ok
19,25,Awake,60,processed,35,16750523821684405393,115.00613197126222,24.996219321763952,8,0.16,4,0.4503187397158243,11,0.8,1.3,5.0,0.6366800249587997,0.9312758803484055,1472,1472,1414,True,ok
19,25,Awake,60,processed,36,12055771948484855165,115.00613197126222,24.996219321763952,8,0.16,4,0.4503187397158243,11,0.8,1.3,5.0,0.6184202240927293,0.8684381397723043,1472,1472,1403,True,ok
19,25,Awake,60,processed,37,7995441016816172922,115.00613197126222,24.996219321763952,8,0.16,4,0.4503187397158243,11,0.8,1.3,5.0,0.6431686856824118,0.9072135717671791,1472,1472,1401,True,ok
19,25,Awake,60,processed,38,2324414155218241413,115.00613197126222,24.996219321763952,8,0.16,4,0.4503187397158243,11,0.8,1.3,5.0,0.6099494723616765,0.9079440466905633,1472,1472,1423,True,ok
19,25,Awake,60,processed,39,7779104963717171523,115.00613197126222,24.996219321763952,8,0.16,4,0.4503187397158243,11,0.8,1.3,5.0,0.6328236572485195,0.9443441099289239,1472,1472,1395,True,ok
19,26,Awake,60,processed,1,10001915683997523467,115.00613197126222,24.996219321763952,8,0.16,4,0.4406425097342836,11,0.8,1.3,5.0,0.6252887737556357,0.8539416887723283,1472,1472,1413,True,ok
19,26,Awake,60,processed,2,12433644181586262354,115.00613197126222,24.996219321763952,8,0.16,4,0.4406425097342836,11,0.8,1.3,5.0,0.6126974347511982,0.8898300250409016,1472,1472,1409,True,ok
19,26,Awake,60,processed,3,17075142698829340863,115.00613197126222,24.996219321763952,8,0.16,4,0.4406425097342836,11,0.8,1.3,5.0,0.6739620546423665,0.9361697548984136,1472,1472,1404,True,ok
19,26,Awake,60,processed,4,13979157828473989155,115.00613197126222,24.996219321763952,8,0.16,4,0.4406425097342836,11,0.8,1.3,5.0,0.7183007603737028,0.8711560740158228,1472,1472,1406,True,ok
19,26,Awake,60,processed,5,15594748993544002559,115.00613197126222,24.996219321763952,8,0.16,4,0.4406425097342836,11,0.8,1.3,5.0,0.6680722759234146,0.9449114636074843,1472,1472,1417,True,ok
19,26,Awake,60,processed,6,1014978095506790725,115.00613197126222,24.996219321763952,8,0.16,4,0.4406425097342836,11,0.8,1.3,5.0,0.6942183600949992,0.84621414462802,1472,1472,1409,True,ok
19,26,Awake,60,processed,7,7757768111371997897,115.00613197126222,24.996219321763952,8,0.16,4,0.4406425097342836,11,0.8,1.3,5.0,0.5780542381791239,0.9079575270729007,1472,1472,1423,True,ok
19,26,Awake,60,processed,8,4077636867825393036,115.00613197126222,24.996219321763952,8,0.16,4,0.4406425097342836,11,0.8,1.3,5.0,0.6280417361888098,0.8919192689772837,1472,1472,1417,True,ok
19,26,Awake,60,processed,9,7069710913489793728,115.00613197126222,24.996219321763952,8,0.16,4,0.4406425097342836,11,0.8,1.3,5.0,0.6318370292303079,0.76217074915254,1472,1472,1376,True,ok
19,26,Awake,60,processed,10,13984426480549184890,115.00613197126222,24.996219321763952,8,0.16,4,0.4406425097342836,11,0.8,1.3,5.0,0.5728957750003092,0.8720383492234532,1472,1472,1411,True,ok
19,26,Awake,60,processed,11,9431972219811820242,115.00613197126222,24.996219321763952,8,0.16,4,0.4406425097342836,11,0.8,1.3,5.0,0.5663808300606668,0.8816719804384727,1472,1472,1423,True,ok
19,26,Awake,60,processed,12,2400186291313269984,115.00613197126222,24.996219321763952,8,0.16,4,0.4406425097342836,11,0.8,1.3,5.0,0.6249978847731235,0.957481929303356,1472,1472,1401,True,ok
19,26,Awake,60,processed,13,15326231400492168974,115.00613197126222,24.996219321763952,8,0.16,4,0.4406425097342836,11,0.8,1.3,5.0,0.7118529462226211,0.8741768472093642,1472,1472,1406,True,ok
19,26,Awake,60,processed,14,11058672303880485125,115.00613197126222,24.996219321763952,8,0.16,4,0.4406425097342836,11,0.8,1.3,5.0,0.6861439698670229,0.8513102770504071,1472,1472,1386,True,ok
19,26,Awake,60,processed,15,18414748470925526998,115.00613197126222,24.996219321763952,8,0.16,4,0.4406425097342836,11,0.8,1.3,5.0,0.5999260706110215,0.879910056022911,1472,1472,1419,True,ok
19,26,Awake,60,processed,16,2091291844958990217,115.00613197126222,24.996219321763952,8,0.16,4,0.4406425097342836,11,0.8,1.3,5.0,0.685689644581767,0.7566868637400168,1472,1472,1415,True,ok
19,26,Awake,60,processed,17,53801872902883223,115.00613197126222,24.996219321763952,8,0.16,4,0.4406425097342836,11,0.8,1.3,5.0,0.5861269693052326,0.875964038761456,1472,1472,1411,True,ok
19,26,Awake,60,processed,18,4407326327466501005,115.00613197126222,24.996219321763952,8,0.16,4,0.4406425097342836,11,0.8,1.3,5.0,0.6587594446515583,0.9698334579020733,1472,1472,1414,True,ok
19,26,Awake,60,processed,19,5635404523688159534,115.00613197126222,24.996219321763952,8,0.16,4,0.4406425097342836,11,0.8,1.3,5.0,0.6258791622850198,0.8528306873842932,1472,1472,1412,True,ok
19,26,Awake,60,processed,20,13617785081310523866,115.00613197126222,24.996219321763952,8,0.16,4,0.4406425097342836,11,0.8,1.3,5.0,0.6231979499572585,0.9079465543637103,1472,1472,1407,True,ok
19,26,Awake,60,processed,21,1396367249862203661,115.00613197126222,24.996219321763952,8,0.16,4,0.4406425097342836,11,0.8,1.3,5.0,0.6463378687388586,0.8517867234502083,1472,1472,1397,True,ok
19,26,Awake,60,processed,22,2469463712704124369,115.00613197126222,24.996219321763952,8,0.16,4,0.4406425097342836,11,0.8,1.3,5.0,0.5946560464689706,0.8334112030269447,1472,1472,1428,True,ok
19,26,Awake,60,processed,23,4714484796002878841,115.00613197126222,24.996219321763952,8,0.16,4,0.4406425097342836,11,0.8,1.3,5.0,0.6532527009482785,0.8387683463540203,1472,1472,1411,True,ok
19,26,Awake,60,processed,24,12011264923658694228,115.00613197126222,24.996219321763952,8,0.16,4,0.4406425097342836,11,0.8,1.3,5.0,0.5818053695337253,0.8678484956394761,1472,1472,1421,True,ok
19,26,Awake,60,processed,25,14980965140931992519,115.00613197126222,24.996219321763952,8,0.16,4,0.4406425097342836,11,0.8,1.3,5.0,0.6317969857830192,0.9427975076720869,1472,1472,1406,True,ok
19,26,Awake,60,processed,26,17472016497824267310,115.00613197126222,24.996219321763952,8,0.16,4,0.4406425097342836,11,0.8,1.3,5.0,0.6295757728996458,0.9161590606854381,1472,1472,1413,True,ok
19,26,Awake,60,processed,27,11788078534770376368,115.00613197126222,24.996219321763952,8,0.16,4,0.4406425097342836,11,0.8,1.3,5.0,0.7015624078902691,0.9270205654398253,1472,1472,1414,True,ok
19,26,Awake,60,processed,28,16633565817601362592,115.00613197126222,24.996219321763952,8,0.16,4,0.4406425097342836,11,0.8,1.3,5.0,0.6495239588053746,0.8992181250224547,1472,1472,1404,True,ok
19,26,Awake,60,processed,29,4550177345876194624,115.00613197126222,24.996219321763952,8,0.16,4,0.4406425097342836,11,0.8,1.3,5.0,0.5976356391026092,0.8894661517590879,1472,1472,1411,True,ok
19,26,Awake,60,processed,30,691965231863080200,115.00613197126222,24.996219321763952,8,0.16,4,0.4406425097342836,11,0.8,1.3,5.0,0.6665749555191253,0.7824446439345005,1472,1472,1409,True,ok
19,26,Awake,60,processed,31,6923241496704459524,115.00613197126222,24.996219321763952,8,0.16,4,0.4406425097342836,11,0.8,1.3,5.0,0.6867456381704751,0.9286552065301705,1472,1472,1399,True,ok
19,26,Awake,60,processed,32,10274753902306183015,115.00613197126222,24.996219321763952,8,0.16,4,0.4406425097342836,11,0.8,1.3,5.0,0.642682775279661,0.8866015156071307,1472,1472,1404,True,ok
19,26,Awake,60,processed,33,3654662371666131022,115.00613197126222,24.996219321763952,8,0.16,4,0.4406425097342836,11,0.8,1.3,5.0,0.6588190438755632,0.8761711649318936,1472,1472,1414,True,ok
19,26,Awake,60,processed,34,4618152562473168606,115.00613197126222,24.996219321763952,8,0.16,4,0.4406425097342836,11,0.8,1.3,5.0,0.6951118760829164,0.8538024105349781,1472,1472,1423,True,ok
19,26,Awake,60,processed,35,12922500397639329396,115.00613197126222,24.996219321763952,8,0.16,4,0.4406425097342836,11,0.8,1.3,5.0,0.7043623707283003,0.9482742221978951,1472,1472,1357,True,ok
19,26,Awake,60,processed,36,7507383077437112737,115.00613197126222,24.996219321763952,8,0.16,4,0.4406425097342836,11,0.8,1.3,5.0,0.6058000938352365,0.8764348917733682,1472,1472,1415,True,ok
19,26,Awake,60,processed,37,264686489044005553,115.00613197126222,24.996219321763952,8,0.16,4,0.4406425097342836,11,0.8,1.3,5.0,0.691794146088799,0.8897097964292863,1472,1472,1411,True,ok
19,26,Awake,60,processed,38,12241304511784808327,115.00613197126222,24.996219321763952,8,0.16,4,0.4406425097342836,11,0.8,1.3,5.0,0.6490339637394185,0.8379053128025704,1472,1472,1395,True,ok
19,26,Awake,60,processed,39,13591152595045792406,115.00613197126222,24.996219321763952,8,0.16,4,0.4406425097342836,11,0.8,1.3,5.0,0.5786954305418638,0.9173024192246667,1472,1472,1414,True,ok
19,27,Awake,60,processed,1,14103553136833125443,115.00613197126222,24.996219321763952,8,0.16,4,0.4389052205642469,11,0.8,1.3,5.0,0.6155276067303276,0.8368367517179482,1472,1472,1402,True,ok
19,27,Awake,60,processed,2,9039579176657779753,115.00613197126222,24.996219321763952,8,0.16,4,0.4389052205642469,11,0.8,1.3,5.0,0.5533290760190027,0.8281489155076479,1472,1472,1390,True,ok
19,27,Awake,60,processed,3,15410343482686351967,115.00613197126222,24.996219321763952,8,0.16,4,0.4389052205642469,11,0.8,1.3,5.0,0.5778888704537427,0.8980703682690571,1472,1472,1409,True,ok
19,27,Awake,60,processed,4,920834977648045028,115.00613197126222,24.996219321763952,8,0.16,4,0.4389052205642469,11,0.8,1.3,5.0,0.7064978159738422,0.9043931372321448,1472,1472,1405,True,ok
19,27,Awake,60,processed,5,10542848598566392020,115.00613197126222,24.996219321763952,8,0.16,4,0.4389052205642469,11,0.8,1.3,5.0,0.5904095856835445,0.8830799157890155,1472,1472,1411,True,ok
19,27,Awake,60,processed,6,14836958875974728391,115.00613197126222,24.996219321763952,8,0.16,4,0.4389052205642469,11,0.8,1.3,5.0,0.6896884457494437,0.9400910663473107,1472,1472,1403,True,ok
19,27,Awake,60,processed,7,13520896717917449514,115.00613197126222,24.996219321763952,8,0.16,4,0.4389052205642469,11,0.8,1.3,5.0,0.6199320520942011,0.8771162561294835,1472,1472,1400,True,ok
19,27,Awake,60,processed,8,6724168394997356933,115.00613197126222,24.996219321763952,8,0.16,4,0.4389052205642469,11,0.8,1.3,5.0,0.6526027886992087,0.9327730756056872,1472,1472,1402,True,ok
19,27,Awake,60,processed,9,691899491687299273,115.00613197126222,24.996219321763952,8,0.16,4,0.4389052205642469,11,0.8,1.3,5.0,0.5959600634075078,0.8519782930415191,1472,1472,1423,True,ok
19,27,Awake,60,processed,10,9017586572308154525,115.00613197126222,24.996219321763952,8,0.16,4,0.4389052205642469,11,0.8,1.3,5.0,0.6419084226957861,0.8053743904412477,1472,1472,1412,True,ok
19,27,Awake,60,processed,11,7924137999779259214,115.00613197126222,24.996219321763952,8,0.16,4,0.4389052205642469,11,0.8,1.3,5.0,0.5590250106066815,0.900867419108727,1472,1472,1398,True,ok
19,27,Awake,60,processed,12,803423004305128552,115.00613197126222,24.996219321763952,8,0.16,4,0.4389052205642469,11,0.8,1.3,5.0,0.6536035013459282,0.8081006873462542,1472,1472,1419,True,ok
19,27,Awake,60,processed,13,1468095557587732716,115.00613197126222,24.996219321763952,8,0.16,4,0.4389052205642469,11,0.8,1.3,5.0,0.6399443775435347,0.7937751327161345,1472,1472,1403,True,ok
19,27,Awake,60,processed,14,4528788799912061193,115.00613197126222,24.996219321763952,8,0.16,4,0.4389052205642469,11,0.8,1.3,5.0,0.597801383474161,0.8709811447078871,1472,1472,1416,True,ok
19,27,Awake,60,processed,15,13240787193676141573,115.00613197126222,24.996219321763952,8,0.16,4,0.4389052205642469,11,0.8,1.3,5.0,0.642647558293004,0.8581906144006091,1472,1472,1407,True,ok
19,27,Awake,60,processed,16,1887353989498277926,115.00613197126222,24.996219321763952,8,0.16,4,0.4389052205642469,11,0.8,1.3,5.0,0.6049249342097912,0.8297897605406681,1472,1472,1424,True,ok
19,27,Awake,60,processed,17,13119906783192860413,115.00613197126222,24.996219321763952,8,0.16,4,0.4389052205642469,11,0.8,1.3,5.0,0.6468205798382166,0.8741590923809209,1472,1472,1419,True,ok
19,27,Awake,60,processed,18,10420519217747078274,115.00613197126222,24.996219321763952,8,0.16,4,0.4389052205642469,11,0.8,1.3,5.0,0.5590853088150216,0.888135617341742,1472,1472,1412,True,ok
19,27,Awake,60,processed,19,121976578900431719,115.00613197126222,24.996219321763952,8,0.16,4,0.4389052205642469,11,0.8,1.3,5.0,0.5547337144583527,0.8893553667661231,1472,1472,1419,True,ok
19,27,Awake,60,processed,20,874908006354866016,115.00613197126222,24.996219321763952,8,0.16,4,0.4389052205642469,11,0.8,1.3,5.0,0.5840048962214333,0.914687214494132,1472,1472,1420,True,ok
19,27,Awake,60,processed,21,3243366836626454093,115.00613197126222,24.996219321763952,8,0.16,4,0.4389052205642469,11,0.8,1.3,5.0,0.6338541695351694,0.9329018845415084,1472,1472,1421,True,ok
19,27,Awake,60,processed,22,1247086737772291815,115.00613197126222,24.996219321763952,8,0.16,4,0.4389052205642469,11,0.8,1.3,5.0,0.6934343918753998,0.9262805903786737,1472,1472,1409,True,ok
19,27,Awake,60,processed,23,11136241968954118095,115.00613197126222,24.996219321763952,8,0.16,4,0.4389052205642469,11,0.8,1.3,5.0,0.6706471418851994,0.8839755648278976,1472,1472,1405,True,ok
19,27,Awake,60,processed,24,11835929860520482059,115.00613197126222,24.996219321763952,8,0.16,4,0.4389052205642469,11,0.8,1.3,5.0,0.5649384430756148,0.8678332568401832,1472,1472,1411,True,ok
19,27,Awake,60,processed,25,4603220162929670158,115.00613197126222,24.996219321763952,8,0.16,4,0.4389052205642469,11,0.8,1.3,5.0,0.6634100533304523,0.9281812546825421,1472,1472,1432,True,ok
19,27,Awake,60,processed,26,4385990268303257940,115.00613197126222,24.996219321763952,8,0.16,4,0.4389052205642469,11,0.8,1.3,5.0,0.6293484584767562,0.9201689866469492,1472,1472,1431,True,ok
19,27,Awake,60,processed,27,4225138845840306980,115.00613197126222,24.996219321763952,8,0.16,4,0.4389052205642469,11,0.8,1.3,5.0,0.6000444378073029,0.9127248769740474,1472,1472,1405,True,ok
19,27,Awake,60,processed,28,6381078467984723789,115.00613197126222,24.996219321763952,8,0.16,4,0.4389052205642469,11,0.8,1.3,5.0,0.6865924436886007,0.8902808903856727,1472,1472,1394,True,ok
19,27,Awake,60,processed,29,14938231961943001575,115.00613197126222,24.996219321763952,8,0.16,4,0.4389052205642469,11,0.8,1.3,5.0,0.6161933641424863,0.8135745910278903,1472,1472,1424,True,ok
19,27,Awake,60,processed,30,9362293835649164912,115.00613197126222,24.996219321763952,8,0.16,4,0.4389052205642469,11,0.8,1.3,5.0,0.6322290136885553,0.9131000662528255,1472,1472,1399,True,ok
19,27,Awake,60,processed,31,9970645791212782868,115.00613197126222,24.996219321763952,8,0.16,4,0.4389052205642469,11,0.8,1.3,5.0,0.6518892628991948,0.8707218539936613,1472,1472,1418,True,ok
19,27,Awake,60,processed,32,9024810269129495462,115.00613197126222,24.996219321763952,8,0.16,4,0.4389052205642469,11,0.8,1.3,5.0,0.6294354016256359,0.8429196694447881,1472,1472,1416,True,ok
19,27,Awake,60,processed,33,8950740854501863686,115.00613197126222,24.996219321763952,8,0.16,4,0.4389052205642469,11,0.8,1.3,5.0,0.6638731799821133,0.8782637944712692,1472,1472,1403,True,ok
19,27,Awake,60,processed,34,4639403084907953502,115.00613197126222,24.996219321763952,8,0.16,4,0.4389052205642469,11,0.8,1.3,5.0,0.6272086487891247,0.7498659310152525,1472,1472,1403,True,ok
19,27,Awake,60,processed,35,1159055791152345204,115.00613197126222,24.996219321763952,8,0.16,4,0.4389052205642469,11,0.8,1.3,5.0,0.616133341906265,0.8975991440250587,1472,1472,1412,True,ok
19,27,Awake,60,processed,36,7004387956726541534,115.00613197126222,24.996219321763952,8,0.16,4,0.4389052205642469,11,0.8,1.3,5.0,0.6422828987282875,0.8184536048143783,1472,1472,1406,True,ok
19,27,Awake,60,processed,37,3264907811615316965,115.00613197126222,24.996219321763952,8,0.16,4,0.4389052205642469,11,0.8,1.3,5.0,0.6454061009951909,0.8649390858324321,1472,1472,1397,True,ok
19,27,Awake,60,processed,38,1060098150082476586,115.00613197126222,24.996219321763952,8,0.16,4,0.4389052205642469,11,0.8,1.3,5.0,0.6341128717416465,0.8888341431615322,1472,1472,1403,True,ok
19,27,Awake,60,processed,39,714256748741100975,115.00613197126222,24.996219321763952,8,0.16,4,0.4389052205642469,11,0.8,1.3,5.0,0.6065672993811422,0.958551318722059,1472,1472,1414,True,ok
19,28,Awake,60,processed,1,11789768642237998002,115.00613197126222,24.996219321763952,8,0.16,4,0.4448343021474889,11,0.8,1.3,5.0,0.6280667715995036,0.8376212376359976,1472,1472,1404,True,ok
19,28,Awake,60,processed,2,10286280612946954966,115.00613197126222,24.996219321763952,8,0.16,4,0.4448343021474889,11,0.8,1.3,5.0,0.6553873214931245,0.8918058208114868,1472,1472,1409,True,ok
19,28,Awake,60,processed,3,2122249558601691761,115.00613197126222,24.996219321763952,8,0.16,4,0.4448343021474889,11,0.8,1.3,5.0,0.6575026122856624,0.9205057191365261,1472,1472,1429,True,ok
19,28,Awake,60,processed,4,9798679784469139232,115.00613197126222,24.996219321763952,8,0.16,4,0.4448343021474889,11,0.8,1.3,5.0,0.6870302147805046,0.8996773149515092,1472,1472,1399,True,ok
19,28,Awake,60,processed,5,350577065949964207,115.00613197126222,24.996219321763952,8,0.16,4,0.4448343021474889,11,0.8,1.3,5.0,0.664800514949765,0.8527596774416722,1472,1472,1397,True,ok
19,28,Awake,60,processed,6,9979958828419146162,115.00613197126222,24.996219321763952,8,0.16,4,0.4448343021474889,11,0.8,1.3,5.0,0.6809049174984461,0.8103982687874033,1472,1472,1400,True,ok
19,28,Awake,60,processed,7,8808538964239409296,115.00613197126222,24.996219321763952,8,0.16,4,0.4448343021474889,11,0.8,1.3,5.0,0.7116249840853274,0.9554307145299776,1472,1472,1423,True,ok
19,28,Awake,60,processed,8,15272001218139420738,115.00613197126222,24.996219321763952,8,0.16,4,0.4448343021474889,11,0.8,1.3,5.0,0.6893025017703626,0.8901954333999309,1472,1472,1396,True,ok
19,28,Awake,60,processed,9,17537665637479091217,115.00613197126222,24.996219321763952,8,0.16,4,0.4448343021474889,11,0.8,1.3,5.0,0.664275216230886,0.928522646609337,1472,1472,1424,True,ok
19,28,Awake,60,processed,10,7892937294982912106,115.00613197126222,24.996219321763952,8,0.16,4,0.4448343021474889,11,0.8,1.3,5.0,0.6024220591991677,0.8168805532501421,1472,1472,1400,True,ok
19,28,Awake,60,processed,11,2773416498184669146,115.00613197126222,24.996219321763952,8,0.16,4,0.4448343021474889,11,0.8,1.3,5.0,0.6357999654737081,0.9229117714970053,1472,1472,1389,True,ok
19,28,Awake,60,processed,12,705093527664900337,115.00613197126222,24.996219321763952,8,0.16,4,0.4448343021474889,11,0.8,1.3,5.0,0.7228418427665636,0.9235779593717894,1472,1472,1405,True,ok
19,28,Awake,60,processed,13,547084218984863127,115.00613197126222,24.996219321763952,8,0.16,4,0.4448343021474889,11,0.8,1.3,5.0,0.6054430041589383,0.8173739600204135,1472,1472,1391,True,ok
19,28,Awake,60,processed,14,12641717779323032781,115.00613197126222,24.996219321763952,8,0.16,4,0.4448343021474889,11,0.8,1.3,5.0,0.6535868253495821,0.9001318446164397,1472,1472,1393,True,ok
19,28,Awake,60,processed,15,7359409789464492068,115.00613197126222,24.996219321763952,8,0.16,4,0.4448343021474889,11,0.8,1.3,5.0,0.6953192222623725,0.9536182746685514,1472,1472,1419,True,ok
19,28,Awake,60,processed,16,615043506802119966,115.00613197126222,24.996219321763952,8,0.16,4,0.4448343021474889,11,0.8,1.3,5.0,0.6422586414100252,0.8047483847002227,1472,1472,1412,True,ok
19,28,Awake,60,processed,17,17142956727225176763,115.00613197126222,24.996219321763952,8,0.16,4,0.4448343021474889,11,0.8,1.3,5.0,0.6625036587953025,0.9316428706118728,1472,1472,1411,True,ok
19,28,Awake,60,processed,18,2859404404365764219,115.00613197126222,24.996219321763952,8,0.16,4,0.4448343021474889,11,0.8,1.3,5.0,0.6173998939777897,0.9141407293496884,1472,1472,1424,True,ok
19,28,Awake,60,processed,19,9575219022149116820,115.00613197126222,24.996219321763952,8,0.16,4,0.4448343021474889,11,0.8,1.3,5.0,0.6054906827401655,0.8443757795507947,1472,1472,1410,True,ok
19,28,Awake,60,processed,20,18133459920330576272,115.00613197126222,24.996219321763952,8,0.16,4,0.4448343021474889,11,0.8,1.3,5.0,0.6662756785783174,0.8924675907610421,1472,1472,1405,True,ok
19,28,Awake,60,processed,21,4236083640788802536,115.00613197126222,24.996219321763952,8,0.16,4,0.4448343021474889,11,0.8,1.3,5.0,0.6266558831817481,0.9095977027332817,1472,1472,1414,True,ok
19,28,Awake,60,processed,22,2577096318856606873,115.00613197126222,24.996219321763952,8,0.16,4,0.4448343021474889,11,0.8,1.3,5.0,0.6450009290476398,0.8350640557976526,1472,1472,1422,True,ok
19,28,Awake,60,processed,23,5945965861932443652,115.00613197126222,24.996219321763952,8,0.16,4,0.4448343021474889,11,0.8,1.3,5.0,0.6178391136259949,0.8923379982932472,1472,1472,1418,True,ok
19,28,Awake,60,processed,24,4034823981735960285,115.00613197126222,24.996219321763952,8,0.16,4,0.4448343021474889,11,0.8,1.3,5.0,0.6896031785784189,0.8423002608267137,1472,1472,1420,True,ok
19,28,Awake,60,processed,25,15552381531873166744,115.00613197126222,24.996219321763952,8,0.16,4,0.4448343021474889,11,0.8,1.3,5.0,0.6710522703385191,0.8807925684689907,1472,1472,1402,True,ok
19,28,Awake,60,processed,26,6605428672803069763,115.00613197126222,24.996219321763952,8,0.16,4,0.4448343021474889,11,0.8,1.3,5.0,0.5671647442375097,0.8604775631650503,1472,1472,1390,True,ok
19,28,Awake,60,processed,27,7778994737078760724,115.00613197126222,24.996219321763952,8,0.16,4,0.4448343021474889,11,0.8,1.3,5.0,0.6171149937181541,0.8994496824972467,1472,1472,1414,True,ok
19,28,Awake,60,processed,28,17939272726853437986,115.00613197126222,24.996219321763952,8,0.16,4,0.4448343021474889,11,0.8,1.3,5.0,0.6344330539777882,0.8955904076225534,1472,1472,1417,True,ok
19,28,Awake,60,processed,29,16829056933785931885,115.00613197126222,24.996219321763952,8,0.16,4,0.4448343021474889,11,0.8,1.3,5.0,0.5765296596352959,0.7286330363054248,1472,1472,1403,True,ok
19,28,Awake,60,processed,30,12847526146603789685,115.00613197126222,24.996219321763952,8,0.16,4,0.4448343021474889,11,0.8,1.3,5.0,0.6729647805765735,0.9196334352646344,1472,1472,1425,True,ok
19,28,Awake,60,processed,31,4408579337744285933,115.00613197126222,24.996219321763952,8,0.16,4,0.4448343021474889,11,0.8,1.3,5.0,0.6429260446835198,0.8349151662660974,1472,1472,1389,True,ok
19,28,Awake,60,processed,32,7201450998484395094,115.00613197126222,24.996219321763952,8,0.16,4,0.4448343021474889,11,0.8,1.3,5.0,0.6938695787870919,0.8648550678022332,1472,1472,1400,True,ok
19,28,Awake,60,processed,33,17095649855456110654,115.00613197126222,24.996219321763952,8,0.16,4,0.4448343021474889,11,0.8,1.3,5.0,0.6358290973642091,0.9496857603503214,1472,1472,1422,True,ok
19,28,Awake,60,processed,34,9028285129891624883,115.00613197126222,24.996219321763952,8,0.16,4,0.4448343021474889,11,0.8,1.3,5.0,0.6795711644444498,0.9430906406039578,1472,1472,1407,True,ok
19,28,Awake,60,processed,35,10646205615993404425,115.00613197126222,24.996219321763952,8,0.16,4,0.4448343021474889,11,0.8,1.3,5.0,0.6035437622268248,0.9140388172174225,1472,1472,1418,True,ok
19,28,Awake,60,processed,36,4360600910290800693,115.00613197126222,24.996219321763952,8,0.16,4,0.4448343021474889,11,0.8,1.3,5.0,0.6804999310681501,0.8663796124890809,1472,1472,1397,True,ok
19,28,Awake,60,processed,37,2450479753984178342,115.00613197126222,24.996219321763952,8,0.16,4,0.4448343021474889,11,0.8,1.3,5.0,0.6114286348543176,0.7994451654182461,1472,1472,1408,True,ok
19,28,Awake,60,processed,38,7011862578504549738,115.00613197126222,24.996219321763952,8,0.16,4,0.4448343021474889,11,0.8,1.3,5.0,0.7203978094383725,0.8866806627840148,1472,1472,1400,True,ok
19,28,Awake,60,processed,39,17814029795076761599,115.00613197126222,24.996219321763952,8,0.16,4,0.4448343021474889,11,0.8,1.3,5.0,0.6393035981145583,0.8445060262843269,1472,1472,1414,True,ok
19,29,Awake,60,processed,1,15193909146866731685,115.00613197126222,24.996219321763952,8,0.16,4,0.4424352727811217,11,0.8,1.3,5.0,0.6138079498155997,0.9147565996862888,1472,1472,1399,True,ok
19,29,Awake,60,processed,2,8763317539496949282,115.00613197126222,24.996219321763952,8,0.16,4,0.4424352727811217,11,0.8,1.3,5.0,0.5617964946767147,0.8947108432367046,1472,1472,1404,True,ok
19,29,Awake,60,processed,3,10123284534809508229,115.00613197126222,24.996219321763952,8,0.16,4,0.4424352727811217,11,0.8,1.3,5.0,0.6519855047877747,0.865048556075802,1472,1472,1421,True,ok
19,29,Awake,60,processed,4,8332763260480248024,115.00613197126222,24.996219321763952,8,0.16,4,0.4424352727811217,11,0.8,1.3,5.0,0.6013385699584815,0.8534041475614303,1472,1472,1428,True,ok
19,29,Awake,60,processed,5,1275728936585632764,115.00613197126222,24.996219321763952,8,0.16,4,0.4424352727811217,11,0.8,1.3,5.0,0.5789464074610097,0.8837940300159204,1472,1472,1404,True,ok
19,29,Awake,60,processed,6,15033325198973366898,115.00613197126222,24.996219321763952,8,0.16,4,0.4424352727811217,11,0.8,1.3,5.0,0.6405326276933843,0.9189371706878862,1472,1472,1412,True,ok
19,29,Awake,60,processed,7,4546083579148242030,115.00613197126222,24.996219321763952,8,0.16,4,0.4424352727811217,11,0.8,1.3,5.0,0.6402122921347626,0.8876777578233683,1472,1472,1415,True,ok
19,29,Awake,60,processed,8,10645803624484316090,115.00613197126222,24.996219321763952,8,0.16,4,0.4424352727811217,11,0.8,1.3,5.0,0.6358172663856645,0.8347985396621408,1472,1472,1434,True,ok
19,29,Awake,60,processed,9,5774667007740672718,115.00613197126222,24.996219321763952,8,0.16,4,0.4424352727811217,11,0.8,1.3,5.0,0.6125054490820505,0.7478729477079558,1472,1472,1411,True,ok
19,29,Awake,60,processed,10,3816190578543426430,115.00613197126222,24.996219321763952,8,0.16,4,0.4424352727811217,11,0.8,1.3,5.0,0.607541765575589,0.886013928590682,1472,1472,1416,True,ok
19,29,Awake,60,processed,11,14862586680691609969,115.00613197126222,24.996219321763952,8,0.16,4,0.4424352727811217,11,0.8,1.3,5.0,0.6066352649077251,0.7080473189371876,1472,1472,1378,True,ok
19,29,Awake,60,processed,12,2666886161121549179,115.00613197126222,24.996219321763952,8,0.16,4,0.4424352727811217,11,0.8,1.3,5.0,0.5870589501751821,0.7918072236606378,1472,1472,1386,True,ok
19,29,Awake,60,processed,13,16148919668051699509,115.00613197126222,24.996219321763952,8,0.16,4,0.4424352727811217,11,0.8,1.3,5.0,0.6541968338781524,0.8533736804536792,1472,1472,1413,True,ok
19,29,Awake,60,processed,14,17496146501525308943,115.00613197126222,24.996219321763952,8,0.16,4,0.4424352727811217,11,0.8,1.3,5.0,0.6427501512718973,0.9071757962923497,1472,1472,1438,True,ok
19,29,Awake,60,processed,15,9418219544975744917,115.00613197126222,24.996219321763952,8,0.16,4,0.4424352727811217,11,0.8,1.3,5.0,0.653116803252404,0.8970030352362643,1472,1472,1415,True,ok
19,29,Awake,60,processed,16,2346456088500178033,115.00613197126222,24.996219321763952,8,0.16,4,0.4424352727811217,11,0.8,1.3,5.0,0.630537960496875,0.9415212054266898,1472,1472,1417,True,ok
19,29,Awake,60,processed,17,11852807095375954189,115.00613197126222,24.996219321763952,8,0.16,4,0.4424352727811217,11,0.8,1.3,5.0,0.5826368437789131,0.8084935947488233,1472,1472,1418,True,ok
19,29,Awake,60,processed,18,4344309643912622574,115.00613197126222,24.996219321763952,8,0.16,4,0.4424352727811217,11,0.8,1.3,5.0,0.6305370802391624,0.9172568613306744,1472,1472,1407,True,ok
19,29,Awake,60,processed,19,12167954345595944033,115.00613197126222,24.996219321763952,8,0.16,4,0.4424352727811217,11,0.8,1.3,5.0,0.6251803241567602,0.7907101562298564,1472,1472,1412,True,ok
19,29,Awake,60,processed,20,17010784082939806043,115.00613197126222,24.996219321763952,8,0.16,4,0.4424352727811217,11,0.8,1.3,5.0,0.5714718834731123,0.7869924237518758,1472,1472,1404,True,ok
19,29,Awake,60,processed,21,13111619609674732029,115.00613197126222,24.996219321763952,8,0.16,4,0.4424352727811217,11,0.8,1.3,5.0,0.659880227388576,0.8485608789792439,1472,1472,1397,True,ok
19,29,Awake,60,processed,22,10491507142310545004,115.00613197126222,24.996219321763952,8,0.16,4,0.4424352727811217,11,0.8,1.3,5.0,0.5840153211132608,0.8619738678532828,1472,1472,1414,True,ok
19,29,Awake,60,processed,23,5579484617244282227,115.00613197126222,24.996219321763952,8,0.16,4,0.4424352727811217,11,0.8,1.3,5.0,0.6143611937832191,0.8620738804429627,1472,1472,1391,True,ok
19,29,Awake,60,processed,24,210517648866460127,115.00613197126222,24.996219321763952,8,0.16,4,0.4424352727811217,11,0.8,1.3,5.0,0.6646997896117867,0.8882107553479629,1472,1472,1400,True,ok
19,29,Awake,60,processed,25,5755075817678941872,115.00613197126222,24.996219321763952,8,0.16,4,0.4424352727811217,11,0.8,1.3,5.0,0.7083517067676376,0.9230157481086209,1472,1472,1405,True,ok
19,29,Awake,60,processed,26,12400953070188142053,115.00613197126222,24.996219321763952,8,0.16,4,0.4424352727811217,11,0.8,1.3,5.0,0.5687858429339854,0.8078695151492444,1472,1472,1415,True,ok
19,29,Awake,60,processed,27,16759954009978993346,115.00613197126222,24.996219321763952,8,0.16,4,0.4424352727811217,11,0.8,1.3,5.0,0.6812329529189085,0.9102028027235877,1472,1472,1420,True,ok
19,29,Awake,60,processed,28,8429061625474123217,115.00613197126222,24.996219321763952,8,0.16,4,0.4424352727811217,11,0.8,1.3,5.0,0.6576597001811956,0.9037459406058278,1472,1472,1410,True,ok
19,29,Awake,60,processed,29,17907128924174216452,115.00613197126222,24.996219321763952,8,0.16,4,0.4424352727811217,11,0.8,1.3,5.0,0.5697452544402918,0.7102280166320801,1472,1472,1407,True,ok
19,29,Awake,60,processed,30,13989058433158581293,115.00613197126222,24.996219321763952,8,0.16,4,0.4424352727811217,11,0.8,1.3,5.0,0.5847849868328306,0.8046196048692985,1472,1472,1396,True,ok
19,29,Awake,60,processed,31,919114169445614213,115.00613197126222,24.996219321763952,8,0.16,4,0.4424352727811217,11,0.8,1.3,5.0,0.6605327964643248,0.8991721171552879,1472,1472,1407,True,ok
19,29,Awake,60,processed,32,4211345263272943396,115.00613197126222,24.996219321763952,8,0.16,4,0.4424352727811217,11,0.8,1.3,5.0,0.6753490694005629,0.846639544753505,1472,1472,1410,True,ok
19,29,Awake,60,processed,33,18242326159916787336,115.00613197126222,24.996219321763952,8,0.16,4,0.4424352727811217,11,0.8,1.3,5.0,0.6270888911606909,0.9105990606788049,1472,1472,1418,True,ok
19,29,Awake,60,processed,34,6341106581388386314,115.00613197126222,24.996219321763952,8,0.16,4,0.4424352727811217,11,0.8,1.3,5.0,0.5925061763391946,0.9044405445443832,1472,1472,1414,True,ok
19,29,Awake,60,processed,35,4455280717453952549,115.00613197126222,24.996219321763952,8,0.16,4,0.4424352727811217,11,0.8,1.3,5.0,0.6665466458590503,0.8420376558347302,1472,1472,1413,True,ok
19,29,Awake,60,processed,36,18303096201766705407,115.00613197126222,24.996219321763952,8,0.16,4,0.4424352727811217,11,0.8,1.3,5.0,0.6670793473652312,0.8645194127018042,1472,1472,1412,True,ok
19,29,Awake,60,processed,37,4367390257400072174,115.00613197126222,24.996219321763952,8,0.16,4,0.4424352727811217,11,0.8,1.3,5.0,0.6577682110933801,0.84665893969738,1472,1472,1407,True,ok
19,29,Awake,60,processed,38,3236175151521390214,115.00613197126222,24.996219321763952,8,0.16,4,0.4424352727811217,11,0.8,1.3,5.0,0.5891172377413659,0.8263152217304444,1472,1472,1429,True,ok
19,29,Awake,60,processed,39,11870412860282697095,115.00613197126222,24.996219321763952,8,0.16,4,0.4424352727811217,11,0.8,1.3,5.0,0.581606472142649,0.9028954029698285,1472,1472,1413,True,ok
19,30,Awake,60,processed,1,4114522749223632175,115.00613197126222,24.996219321763952,8,0.16,4,0.4532561992796808,11,0.8,1.3,5.0,0.6808145871050155,0.9264025900466003,1472,1440,1388,True,ok
19,30,Awake,60,processed,2,10704813847121265529,115.00613197126222,24.996219321763952,8,0.16,4,0.4532561992796808,11,0.8,1.3,5.0,0.6088593737610344,0.8085675944625532,1472,1472,1405,True,ok
19,30,Awake,60,processed,3,4507866723539419282,115.00613197126222,24.996219321763952,8,0.16,4,0.4532561992796808,11,0.8,1.3,5.0,0.5800074942481099,0.7903349301631861,1472,1472,1417,True,ok
19,30,Awake,60,processed,4,8189457704562464928,115.00613197126222,24.996219321763952,8,0.16,4,0.4532561992796808,11,0.8,1.3,5.0,0.604388779268315,0.805664420051631,1472,1466,1397,True,ok
19,30,Awake,60,processed,5,2078250912334461565,115.00613197126222,24.996219321763952,8,0.16,4,0.4532561992796808,11,0.8,1.3,5.0,0.5644684090088589,0.9218559627527023,1472,1472,1384,True,ok
19,30,Awake,60,processed,6,35914969915719758,115.00613197126222,24.996219321763952,8,0.16,4,0.4532561992796808,11,0.8,1.3,5.0,0.5835112961750937,0.7644318541373664,1472,1472,1410,True,ok
19,30,Awake,60,processed,7,86955598795783263,115.00613197126222,24.996219321763952,8,0.16,4,0.4532561992796808,11,0.8,1.3,5.0,0.6177535905220942,0.9529649906448355,1472,1472,1408,True,ok
19,30,Awake,60,processed,8,9430199738028757609,115.00613197126222,24.996219321763952,8,0.16,4,0.4532561992796808,11,0.8,1.3,5.0,0.6500481383718302,0.9179770267858154,1472,1472,1391,True,ok
19,30,Awake,60,processed,9,7450060054412896253,115.00613197126222,24.996219321763952,8,0.16,4,0.4532561992796808,11,0.8,1.3,5.0,0.6496813588872571,0.902392277862254,1472,1472,1422,True,ok
19,30,Awake,60,processed,10,2821190110370289105,115.00613197126222,24.996219321763952,8,0.16,4,0.4532561992796808,11,0.8,1.3,5.0,0.5969683781151014,0.88750066440784,1472,1472,1418,True,ok
19,30,Awake,60,processed,11,10843984064078298677,115.00613197126222,24.996219321763952,8,0.16,4,0.4532561992796808,11,0.8,1.3,5.0,0.5293379742018128,0.8239366122629032,1472,1466,1392,True,ok
19,30,Awake,60,processed,12,15000394737084701503,115.00613197126222,24.996219321763952,8,0.16,4,0.4532561992796808,11,0.8,1.3,5.0,0.6446704235088256,0.9204026025332276,1472,1472,1394,True,ok
19,30,Awake,60,processed,13,18047586476933350571,115.00613197126222,24.996219321763952,8,0.16,4,0.4532561992796808,11,0.8,1.3,5.0,0.6438695033944116,0.8631807548531303,1472,1472,1408,True,ok
19,30,Awake,60,processed,14,1753782560904792785,115.00613197126222,24.996219321763952,8,0.16,4,0.4532561992796808,11,0.8,1.3,5.0,0.6922599839493574,0.8281746284877777,1472,1450,1380,True,ok
19,30,Awake,60,processed,15,4305773487032146430,115.00613197126222,24.996219321763952,8,0.16,4,0.4532561992796808,11,0.8,1.3,5.0,0.6683035658203965,0.8437376109873441,1472,1472,1385,True,ok
19,30,Awake,60,processed,16,13527159741179389086,115.00613197126222,24.996219321763952,8,0.16,4,0.4532561992796808,11,0.8,1.3,5.0,0.6817805999589638,0.9068142816441681,1472,1472,1407,True,ok
19,30,Awake,60,processed,17,6637488167599793416,115.00613197126222,24.996219321763952,8,0.16,4,0.4532561992796808,11,0.8,1.3,5.0,0.6179072825190219,0.8799592870738218,1472,1472,1415,True,ok
19,30,Awake,60,processed,18,4272070947233019581,115.00613197126222,24.996219321763952,8,0.16,4,0.4532561992796808,11,0.8,1.3,5.0,0.634437447641081,0.974244575745118,1472,1472,1407,True,ok
19,30,Awake,60,processed,19,17643005906681523744,115.00613197126222,24.996219321763952,8,0.16,4,0.4532561992796808,11,0.8,1.3,5.0,0.6961752672894223,0.9159092239762644,1472,1472,1430,True,ok
19,30,Awake,60,processed,20,12487874263671978504,115.00613197126222,24.996219321763952,8,0.16,4,0.4532561992796808,11,0.8,1.3,5.0,0.6160331504079902,0.8885977633045585,1472,1472,1429,True,ok
19,30,Awake,60,processed,21,16214456821601086849,115.00613197126222,24.996219321763952,8,0.16,4,0.4532561992796808,11,0.8,1.3,5.0,0.6460574631742478,0.8048341436244024,1472,1472,1404,True,ok
19,30,Awake,60,processed,22,2919378372917260076,115.00613197126222,24.996219321763952,8,0.16,4,0.4532561992796808,11,0.8,1.3,5.0,0.6233209932098236,0.9151420854228309,1472,1472,1419,True,ok
19,30,Awake,60,processed,23,5435658335122119800,115.00613197126222,24.996219321763952,8,0.16,4,0.4532561992796808,11,0.8,1.3,5.0,0.674749378619878,0.8983725611700611,1472,1472,1387,True,ok
19,30,Awake,60,processed,24,13383689697751215604,115.00613197126222,24.996219321763952,8,0.16,4,0.4532561992796808,11,0.8,1.3,5.0,0.6310851512584754,0.890018460358285,1472,1472,1384,True,ok
19,30,Awake,60,processed,25,13988993692797890789,115.00613197126222,24.996219321763952,8,0.16,4,0.4532561992796808,11,0.8,1.3,5.0,0.613384837268307,0.8443670941858306,1472,1472,1421,True,ok
19,30,Awake,60,processed,26,10042155509259318190,115.00613197126222,24.996219321763952,8,0.16,4,0.4532561992796808,11,0.8,1.3,5.0,0.6417302190201234,0.8669010447262441,1472,1472,1413,True,ok
19,30,Awake,60,processed,27,4947933198524031115,115.00613197126222,24.996219321763952,8,0.16,4,0.4532561992796808,11,0.8,1.3,5.0,0.6703283008536698,0.8482952789070538,1472,1472,1404,True,ok
19,30,Awake,60,processed,28,8790223151708996221,115.00613197126222,24.996219321763952,8,0.16,4,0.4532561992796808,11,0.8,1.3,5.0,0.6445757512645832,0.912686379870809,1472,1472,1416,True,ok
19,30,Awake,60,processed,29,1880967749463097558,115.00613197126222,24.996219321763952,8,0.16,4,0.4532561992796808,11,0.8,1.3,5.0,0.659339988530691,0.9147766174841329,1472,1472,1403,True,ok
19,30,Awake,60,processed,30,12751741862876650869,115.00613197126222,24.996219321763952,8,0.16,4,0.4532561992796808,11,0.8,1.3,5.0,0.5525918888498182,0.8809869655135671,1472,1472,1396,True,ok
19,30,Awake,60,processed,31,17596344306789887911,115.00613197126222,24.996219321763952,8,0.16,4,0.4532561992796808,11,0.8,1.3,5.0,0.656571719811215,0.8542524475473244,1472,1472,1417,True,ok
19,30,Awake,60,processed,32,7224328790110704457,115.00613197126222,24.996219321763952,8,0.16,4,0.4532561992796808,11,0.8,1.3,5.0,0.688144010908709,0.9359197507975169,1472,1464,1418,True,ok
19,30,Awake,60,processed,33,16375756049623205239,115.00613197126222,24.996219321763952,8,0.16,4,0.4532561992796808,11,0.8,1.3,5.0,0.6441714546715169,0.9272169992626903,1472,1472,1428,True,ok
19,30,Awake,60,processed,34,8116086261578598504,115.00613197126222,24.996219321763952,8,0.16,4,0.4532561992796808,11,0.8,1.3,5.0,0.694817897627384,0.8761965662016308,1472,1472,1398,True,ok
19,30,Awake,60,processed,35,6774150667774964942,115.00613197126222,24.996219321763952,8,0.16,4,0.4532561992796808,11,0.8,1.3,5.0,0.6253538541203327,0.8955919918957265,1472,1472,1393,True,ok
19,30,Awake,60,processed,36,10177004686808330347,115.00613197126222,24.996219321763952,8,0.16,4,0.4532561992796808,11,0.8,1.3,5.0,0.6306940651104803,0.8490047520180354,1472,1472,1410,True,ok
19,30,Awake,60,processed,37,3489085127960460508,115.00613197126222,24.996219321763952,8,0.16,4,0.4532561992796808,11,0.8,1.3,5.0,0.5443430116152196,0.9327849966586181,1472,1468,1407,True,ok
19,30,Awake,60,processed,38,7132180681147316627,115.00613197126222,24.996219321763952,8,0.16,4,0.4532561992796808,11,0.8,1.3,5.0,0.608781881637116,0.9233008965425882,1472,1468,1427,True,ok
19,30,Awake,60,processed,39,15283581641996780196,115.00613197126222,24.996219321763952,8,0.16,4,0.4532561992796808,11,0.8,1.3,5.0,0.6622357194623839,0.7767921607082833,1472,1472,1429,True,ok
19,31,Awake,60,processed,1,7155014306965876661,115.00613197126222,24.996219321763952,8,0.16,4,0.4469991814932433,11,0.8,1.3,5.0,0.6797015084683281,0.8664437071846482,1472,1472,1408,True,ok
19,31,Awake,60,processed,2,13407974832556836760,115.00613197126222,24.996219321763952,8,0.16,4,0.4469991814932433,11,0.8,1.3,5.0,0.6271326881508701,0.8862928842363031,1472,1472,1372,True,ok
19,31,Awake,60,processed,3,9425622905420297567,115.00613197126222,24.996219321763952,8,0.16,4,0.4469991814932433,11,0.8,1.3,5.0,0.6381762560648528,0.917383398960723,1472,1472,1418,True,ok
19,31,Awake,60,processed,4,17640878225559829780,115.00613197126222,24.996219321763952,8,0.16,4,0.4469991814932433,11,0.8,1.3,5.0,0.7259885322743656,0.9145490837216204,1472,1472,1412,True,ok
19,31,Awake,60,processed,5,6440408190172070905,115.00613197126222,24.996219321763952,8,0.16,4,0.4469991814932433,11,0.8,1.3,5.0,0.6687237659212932,0.8614973170875065,1472,1472,1411,True,ok
19,31,Awake,60,processed,6,14910421686986886048,115.00613197126222,24.996219321763952,8,0.16,4,0.4469991814932433,11,0.8,1.3,5.0,0.665446393537105,0.9063878313854998,1472,1472,1420,True,ok
19,31,Awake,60,processed,7,16369327279543205255,115.00613197126222,24.996219321763952,8,0.16,4,0.4469991814932433,11,0.8,1.3,5.0,0.623493014877935,0.8981723067188113,1472,1472,1434,True,ok
19,31,Awake,60,processed,8,16615818222561069179,115.00613197126222,24.996219321763952,8,0.16,4,0.4469991814932433,11,0.8,1.3,5.0,0.6030961242712055,0.8339938606455766,1472,1472,1397,True,ok
19,31,Awake,60,processed,9,3917487965639914315,115.00613197126222,24.996219321763952,8,0.16,4,0.4469991814932433,11,0.8,1.3,5.0,0.6470970232320715,0.8776676043205961,1472,1472,1409,True,ok
19,31,Awake,60,processed,10,10967041312420128508,115.00613197126222,24.996219321763952,8,0.16,4,0.4469991814932433,11,0.8,1.3,5.0,0.5859871891557399,0.8185292750858946,1472,1472,1417,True,ok
19,31,Awake,60,processed,11,14618167174109655966,115.00613197126222,24.996219321763952,8,0.16,4,0.4469991814932433,11,0.8,1.3,5.0,0.6500644005260117,0.8176338518067987,1472,1472,1425,True,ok
19,31,Awake,60,processed,12,18244651251450083587,115.00613197126222,24.996219321763952,8,0.16,4,0.4469991814932433,11,0.8,1.3,5.0,0.631845010858634,0.9066342556172885,1472,1472,1413,True,ok
19,31,Awake,60,processed,13,9793806753927380475,115.00613197126222,24.996219321763952,8,0.16,4,0.4469991814932433,11,0.8,1.3,5.0,0.6685421393655993,0.8612927798131881,1472,1472,1389,True,ok
19,31,Awake,60,processed,14,14287001815688130708,115.00613197126222,24.996219321763952,8,0.16,4,0.4469991814932433,11,0.8,1.3,5.0,0.6651160311399921,0.942861598907224,1472,1472,1395,True,ok
19,31,Awake,60,processed,15,6804438467594561268,115.00613197126222,24.996219321763952,8,0.16,4,0.4469991814932433,11,0.8,1.3,5.0,0.6437540863177629,0.9049833282626015,1472,1472,1414,True,ok
19,31,Awake,60,processed,16,12089027606681546927,115.00613197126222,24.996219321763952,8,0.16,4,0.4469991814932433,11,0.8,1.3,5.0,0.6501321797619806,0.8995117927705465,1472,1472,1403,True,ok
19,31,Awake,60,processed,17,13785837489907195075,115.00613197126222,24.996219321763952,8,0.16,4,0.4469991814932433,11,0.8,1.3,5.0,0.6081844882694593,0.8914011697874221,1472,1472,1415,True,ok
19,31,Awake,60,processed,18,11295010718111414036,115.00613197126222,24.996219321763952,8,0.16,4,0.4469991814932433,11,0.8,1.3,5.0,0.6449835362388937,0.8301742631696457,1472,1472,1414,True,ok
19,31,Awake,60,processed,19,17077829951929686302,115.00613197126222,24.996219321763952,8,0.16,4,0.4469991814932433,11,0.8,1.3,5.0,0.6639921000490279,0.8945213064413666,1472,1472,1399,True,ok
19,31,Awake,60,processed,20,13100432987487259848,115.00613197126222,24.996219321763952,8,0.16,4,0.4469991814932433,11,0.8,1.3,5.0,0.652801518101112,0.8144302731031542,1472,1472,1409,True,ok
19,31,Awake,60,processed,21,3421217948243969435,115.00613197126222,24.996219321763952,8,0.16,4,0.4469991814932433,11,0.8,1.3,5.0,0.6708288969999581,0.8080010871407896,1472,1472,1421,True,ok
19,31,Awake,60,processed,22,18336366475711056629,115.00613197126222,24.996219321763952,8,0.16,4,0.4469991814932433,11,0.8,1.3,5.0,0.6758546112499166,0.9001503802282425,1472,1472,1414,True,ok
19,31,Awake,60,processed,23,4634615855175113619,115.00613197126222,24.996219321763952,8,0.16,4,0.4469991814932433,11,0.8,1.3,5.0,0.6646609364244104,0.9316638578401465,1472,1472,1404,True,ok
19,31,Awake,60,processed,24,7079084573259714807,115.00613197126222,24.996219321763952,8,0.16,4,0.4469991814932433,11,0.8,1.3,5.0,0.6852686999991282,0.8855277986462237,1472,1472,1396,True,ok
19,31,Awake,60,processed,25,6872737841368229604,115.00613197126222,24.996219321763952,8,0.16,4,0.4469991814932433,11,0.8,1.3,5.0,0.6225710087047986,0.9075289306003773,1472,1472,1418,True,ok
19,31,Awake,60,processed,26,6902029540722140445,115.00613197126222,24.996219321763952,8,0.16,4,0.4469991814932433,11,0.8,1.3,5.0,0.6558858915487052,0.8624564540290476,1472,1472,1413,True,ok
19,31,Awake,60,processed,27,18225416506441675176,115.00613197126222,24.996219321763952,8,0.16,4,0.4469991814932433,11,0.8,1.3,5.0,0.5992630709496077,0.8901860667444923,1472,1472,1403,True,ok
19,31,Awake,60,processed,28,442396631324284297,115.00613197126222,24.996219321763952,8,0.16,4,0.4469991814932433,11,0.8,1.3,5.0,0.6883412352171393,0.8242161595369019,1472,1472,1380,True,ok
19,31,Awake,60,processed,29,5684984706170800206,115.00613197126222,24.996219321763952,8,0.16,4,0.4469991814932433,11,0.8,1.3,5.0,0.7060574177781653,0.923161313906548,1472,1472,1399,True,ok
19,31,Awake,60,processed,30,15892470324649550762,115.00613197126222,24.996219321763952,8,0.16,4,0.4469991814932433,11,0.8,1.3,5.0,0.6625963698595024,0.8923921474071705,1472,1472,1412,True,ok
19,31,Awake,60,processed,31,11301878918334550700,115.00613197126222,24.996219321763952,8,0.16,4,0.4469991814932433,11,0.8,1.3,5.0,0.61636937702046,0.897130857552418,1472,1472,1391,True,ok
19,31,Awake,60,processed,32,305011538231723909,115.00613197126222,24.996219321763952,8,0.16,4,0.4469991814932433,11,0.8,1.3,5.0,0.6589704588269363,0.9671704294325504,1472,1472,1404,True,ok
19,31,Awake,60,processed,33,2382710695763682765,115.00613197126222,24.996219321763952,8,0.16,4,0.4469991814932433,11,0.8,1.3,5.0,0.6528842280724952,0.8292157139884305,1472,1472,1426,True,ok
19,31,Awake,60,processed,34,668936273645908382,115.00613197126222,24.996219321763952,8,0.16,4,0.4469991814932433,11,0.8,1.3,5.0,0.6094858016834171,0.858397208520562,1472,1472,1402,True,ok
19,31,Awake,60,processed,35,16692459028115358257,115.00613197126222,24.996219321763952,8,0.16,4,0.4469991814932433,11,0.8,1.3,5.0,0.705563618303005,0.8460185116999855,1472,1472,1427,True,ok
19,31,Awake,60,processed,36,15832000859612397564,115.00613197126222,24.996219321763952,8,0.16,4,0.4469991814932433,11,0.8,1.3,5.0,0.7204770699298826,0.9703286893566542,1472,1472,1411,True,ok
19,31,Awake,60,processed,37,6759625898476792447,115.00613197126222,24.996219321763952,8,0.16,4,0.4469991814932433,11,0.8,1.3,5.0,0.6108362745301149,0.9595056687667147,1472,1472,1402,True,ok
19,31,Awake,60,processed,38,5932500395072393094,115.00613197126222,24.996219321763952,8,0.16,4,0.4469991814932433,11,0.8,1.3,5.0,0.6147118736602047,0.879163761431384,1472,1472,1415,True,ok
19,31,Awake,60,processed,39,3248129023063503446,115.00613197126222,24.996219321763952,8,0.16,4,0.4469991814932433,11,0.8,1.3,5.0,0.7110748356348283,0.8872869745114286,1472,1472,1410,True,ok
19,32,Awake,60,processed,1,13996155822927472661,115.00613197126222,24.996219321763952,8,0.16,4,0.4355948444253311,11,0.8,1.3,5.0,0.6686918115168097,0.9169858077805485,1472,1472,1412,True,ok
19,32,Awake,60,processed,2,11290327600338843119,115.00613197126222,24.996219321763952,8,0.16,4,0.4355948444253311,11,0.8,1.3,5.0,0.6494459881676128,0.8935141759169369,1472,1472,1397,True,ok
19,32,Awake,60,processed,3,10724868784332387437,115.00613197126222,24.996219321763952,8,0.16,4,0.4355948444253311,11,0.8,1.3,5.0,0.6465343048612215,0.870831884208572,1472,1472,1414,True,ok
19,32,Awake,60,processed,4,5142316215194104969,115.00613197126222,24.996219321763952,8,0.16,4,0.4355948444253311,11,0.8,1.3,5.0,0.6272239141437552,0.815629822524757,1472,1472,1414,True,ok
19,32,Awake,60,processed,5,2935669989544548651,115.00613197126222,24.996219321763952,8,0.16,4,0.4355948444253311,11,0.8,1.3,5.0,0.6570839441237359,0.8860616046209856,1472,1472,1404,True,ok
19,32,Awake,60,processed,6,7458511862182032477,115.00613197126222,24.996219321763952,8,0.16,4,0.4355948444253311,11,0.8,1.3,5.0,0.5855084673826154,0.8642959787502763,1472,1472,1410,True,ok
19,32,Awake,60,processed,7,8828393231207930718,115.00613197126222,24.996219321763952,8,0.16,4,0.4355948444253311,11,0.8,1.3,5.0,0.5973175903592536,0.9449626355663012,1472,1472,1393,True,ok
19,32,Awake,60,processed,8,1480005341337611429,115.00613197126222,24.996219321763952,8,0.16,4,0.4355948444253311,11,0.8,1.3,5.0,0.7095986894874081,0.8925756382542037,1472,1472,1403,True,ok
19,32,Awake,60,processed,9,9119949671294214415,115.00613197126222,24.996219321763952,8,0.16,4,0.4355948444253311,11,0.8,1.3,5.0,0.6185665110836008,0.8435578373628971,1472,1472,1394,True,ok
19,32,Awake,60,processed,10,17951296248657223206,115.00613197126222,24.996219321763952,8,0.16,4,0.4355948444253311,11,0.8,1.3,5.0,0.5910383483722806,0.8256111324245881,1472,1472,1395,True,ok
19,32,Awake,60,processed,11,8608680826021277131,115.00613197126222,24.996219321763952,8,0.16,4,0.4355948444253311,11,0.8,1.3,5.0,0.5643506778222213,0.9102242836513974,1472,1472,1414,True,ok
19,32,Awake,60,processed,12,6572847350697388719,115.00613197126222,24.996219321763952,8,0.16,4,0.4355948444253311,11,0.8,1.3,5.0,0.5991934897584509,0.8201511776368929,1472,1472,1398,True,ok
19,32,Awake,60,processed,13,2354307248873339777,115.00613197126222,24.996219321763952,8,0.16,4,0.4355948444253311,11,0.8,1.3,5.0,0.624367319272787,0.8977503892221336,1472,1472,1400,True,ok
19,32,Awake,60,processed,14,10047385041807107024,115.00613197126222,24.996219321763952,8,0.16,4,0.4355948444253311,11,0.8,1.3,5.0,0.6372154783011634,0.8898419047333241,1472,1472,1409,True,ok
19,32,Awake,60,processed,15,15352416561943389842,115.00613197126222,24.996219321763952,8,0.16,4,0.4355948444253311,11,0.8,1.3,5.0,0.5411264517129769,0.8036064223056063,1472,1472,1382,True,ok
19,32,Awake,60,processed,16,17793272569503223746,115.00613197126222,24.996219321763952,8,0.16,4,0.4355948444253311,11,0.8,1.3,5.0,0.6303333993229769,0.8724307304191047,1472,1472,1424,True,ok
19,32,Awake,60,processed,17,8036457983955357514,115.00613197126222,24.996219321763952,8,0.16,4,0.4355948444253311,11,0.8,1.3,5.0,0.6527653610055193,0.8769784989691146,1472,1472,1402,True,ok
19,32,Awake,60,processed,18,15301672889058748196,115.00613197126222,24.996219321763952,8,0.16,4,0.4355948444253311,11,0.8,1.3,5.0,0.6346628996836249,0.8373902275849224,1472,1472,1381,True,ok
19,32,Awake,60,processed,19,12350087496899198249,115.00613197126222,24.996219321763952,8,0.16,4,0.4355948444253311,11,0.8,1.3,5.0,0.5680130425411475,0.8288065750319977,1472,1472,1410,True,ok
19,32,Awake,60,processed,20,6582849998401732023,115.00613197126222,24.996219321763952,8,0.16,4,0.4355948444253311,11,0.8,1.3,5.0,0.5258845349926291,0.7673591130097234,1472,1472,1416,True,ok
19,32,Awake,60,processed,21,4912153045190371622,115.00613197126222,24.996219321763952,8,0.16,4,0.4355948444253311,11,0.8,1.3,5.0,0.6474181564516707,0.8035466581049855,1472,1472,1418,True,ok
19,32,Awake,60,processed,22,18409245944215337935,115.00613197126222,24.996219321763952,8,0.16,4,0.4355948444253311,11,0.8,1.3,5.0,0.6174557339584192,0.8750322654043994,1472,1472,1401,True,ok
19,32,Awake,60,processed,23,15742267513829282391,115.00613197126222,24.996219321763952,8,0.16,4,0.4355948444253311,11,0.8,1.3,5.0,0.5982730884054491,0.7827092714091923,1472,1472,1410,True,ok
19,32,Awake,60,processed,24,11474514522454245459,115.00613197126222,24.996219321763952,8,0.16,4,0.4355948444253311,11,0.8,1.3,5.0,0.6650361902959715,0.8095731741740111,1472,1472,1413,True,ok
19,32,Awake,60,processed,25,5733145227358208383,115.00613197126222,24.996219321763952,8,0.16,4,0.4355948444253311,11,0.8,1.3,5.0,0.6325216743316078,0.888066823272546,1472,1472,1398,True,ok
19,32,Awake,60,processed,26,10973759016847023933,115.00613197126222,24.996219321763952,8,0.16,4,0.4355948444253311,11,0.8,1.3,5.0,0.6142019570976304,0.815182154105705,1472,1472,1423,True,ok
19,32,Awake,60,processed,27,4323463809677485722,115.00613197126222,24.996219321763952,8,0.16,4,0.4355948444253311,11,0.8,1.3,5.0,0.6375569833348985,0.7682421582588259,1472,1472,1430,True,ok
19,32,Awake,60,processed,28,14273105904079813668,115.00613197126222,24.996219321763952,8,0.16,4,0.4355948444253311,11,0.8,1.3,5.0,0.6781763996295408,0.8304510446684835,1472,1472,1381,True,ok
19,32,Awake,60,processed,29,11577830735477279016,115.00613197126222,24.996219321763952,8,0.16,4,0.4355948444253311,11,0.8,1.3,5.0,0.6275118085819658,0.8599448849471276,1472,1472,1420,True,ok
19,32,Awake,60,processed,30,15285612060539412926,115.00613197126222,24.996219321763952,8,0.16,4,0.4355948444253311,11,0.8,1.3,5.0,0.6301639417676173,0.9041490836549734,1472,1472,1403,True,ok
19,32,Awake,60,processed,31,5426838148218613971,115.00613197126222,24.996219321763952,8,0.16,4,0.4355948444253311,11,0.8,1.3,5.0,0.6168843205760606,0.853624312589812,1472,1472,1427,True,ok
19,32,Awake,60,processed,32,11673686021650520048,115.00613197126222,24.996219321763952,8,0.16,4,0.4355948444253311,11,0.8,1.3,5.0,0.6040641129157039,0.9079381915478673,1472,1472,1404,True,ok
19,32,Awake,60,processed,33,14204724066358437627,115.00613197126222,24.996219321763952,8,0.16,4,0.4355948444253311,11,0.8,1.3,5.0,0.6000912713197172,0.8808522329692364,1472,1472,1405,True,ok
19,32,Awake,60,processed,34,13405780143026408512,115.00613197126222,24.996219321763952,8,0.16,4,0.4355948444253311,11,0.8,1.3,5.0,0.6658662289204216,0.9658126267177972,1472,1472,1399,True,ok
19,32,Awake,60,processed,35,7713311312203628239,115.00613197126222,24.996219321763952,8,0.16,4,0.4355948444253311,11,0.8,1.3,5.0,0.6256795012034171,0.8627147285677113,1472,1472,1396,True,ok
19,32,Awake,60,processed,36,9704216473930935528,115.00613197126222,24.996219321763952,8,0.16,4,0.4355948444253311,11,0.8,1.3,5.0,0.6009579756596123,0.8411884029173914,1472,1472,1419,True,ok
19,32,Awake,60,processed,37,5834784321100375519,115.00613197126222,24.996219321763952,8,0.16,4,0.4355948444253311,11,0.8,1.3,5.0,0.6303676927417874,0.8880574649079845,1472,1472,1388,True,ok
19,32,Awake,60,processed,38,10062798525126989371,115.00613197126222,24.996219321763952,8,0.16,4,0.4355948444253311,11,0.8,1.3,5.0,0.5607974537737541,0.9297377848699762,1472,1472,1425,True,ok
19,32,Awake,60,processed,39,17574399809211119068,115.00613197126222,24.996219321763952,8,0.16,4,0.4355948444253311,11,0.8,1.3,5.0,0.5709482413517158,0.9015799581389559,1472,1472,1410,True,ok
19,33,Awake,60,processed,1,11219211253861346137,138.30057843624795,24.996219321763952,8,0.16,4,0.4511399205957248,11,0.8,1.3,5.0,0.62713395954894,0.8808436330991801,1472,1472,1408,True,ok
19,33,Awake,60,processed,2,639343283688545736,138.30057843624795,24.996219321763952,8,0.16,4,0.4511399205957248,11,0.8,1.3,5.0,0.5977926977698599,0.8545050150074996,1472,1472,1429,True,ok
19,33,Awake,60,processed,3,11259863868044515824,138.30057843624795,24.996219321763952,8,0.16,4,0.4511399205957248,11,0.8,1.3,5.0,0.6036311429647597,0.8201548537058592,1472,1472,1426,True,ok
19,33,Awake,60,processed,4,3601952726853452678,138.30057843624795,24.996219321763952,8,0.16,4,0.4511399205957248,11,0.8,1.3,5.0,0.5582367404971601,0.8375190055497882,1472,1472,1426,True,ok
19,33,Awake,60,processed,5,15263193433045257735,138.30057843624795,24.996219321763952,8,0.16,4,0.4511399205957248,11,0.8,1.3,5.0,0.6086477708203499,0.874736175157152,1472,1472,1417,True,ok
19,33,Awake,60,processed,6,9554785231790671780,138.30057843624795,24.996219321763952,8,0.16,4,0.4511399205957248,11,0.8,1.3,5.0,0.5664663997411481,0.8567219986707227,1472,1472,1421,True,ok
19,33,Awake,60,processed,7,7426712874021615848,138.30057843624795,24.996219321763952,8,0.16,4,0.4511399205957248,11,0.8,1.3,5.0,0.5849628025701501,0.8353337439372843,1472,1472,1426,True,ok
19,33,Awake,60,processed,8,1116002786445689055,138.30057843624795,24.996219321763952,8,0.16,4,0.4511399205957248,11,0.8,1.3,5.0,0.5911869285575924,0.8451599554784788,1472,1472,1434,True,ok
19,33,Awake,60,processed,9,15167761549385796563,138.30057843624795,24.996219321763952,8,0.16,4,0.4511399205957248,11,0.8,1.3,5.0,0.5707200718259949,0.9175781582325236,1472,1472,1405,True,ok
19,33,Awake,60,processed,10,4872269187869661481,138.30057843624795,24.996219321763952,8,0.16,4,0.4511399205957248,11,0.8,1.3,5.0,0.565242251644721,0.8288522399752866,1472,1472,1414,True,ok
19,33,Awake,60,processed,11,13925490782064978763,138.30057843624795,24.996219321763952,8,0.16,4,0.4511399205957248,11,0.8,1.3,5.0,0.5848830515526499,0.8672732436710342,1472,1472,1405,True,ok
19,33,Awake,60,processed,12,17152372236939302746,138.30057843624795,24.996219321763952,8,0.16,4,0.4511399205957248,11,0.8,1.3,5.0,0.5600821491170309,0.7540073972080644,1472,1472,1403,True,ok
19,33,Awake,60,processed,13,4480130138162512706,138.30057843624795,24.996219321763952,8,0.16,4,0.4511399205957248,11,0.8,1.3,5.0,0.55450859711558,0.7814370317323706,1472,1472,1407,True,ok
19,33,Awake,60,processed,14,9224183339453114589,138.30057843624795,24.996219321763952,8,0.16,4,0.4511399205957248,11,0.8,1.3,5.0,0.6227190369240758,0.7537978728206564,1472,1472,1411,True,ok
19,33,Awake,60,processed,15,7820914342721527067,138.30057843624795,24.996219321763952,8,0.16,4,0.4511399205957248,11,0.8,1.3,5.0,0.6351871878824308,0.8774812317289037,1472,1472,1413,True,ok
19,33,Awake,60,processed,16,8400382477620541061,138.30057843624795,24.996219321763952,8,0.16,4,0.4511399205957248,11,0.8,1.3,5.0,0.6320003674001629,0.8665190195069051,1472,1472,1395,True,ok
19,33,Awake,60,processed,17,4768500826597867500,138.30057843624795,24.996219321763952,8,0.16,4,0.4511399205957248,11,0.8,1.3,5.0,0.6466230439935565,0.892997082588536,1472,1472,1409,True,ok
19,33,Awake,60,processed,18,12685269916551989529,138.30057843624795,24.996219321763952,8,0.16,4,0.4511399205957248,11,0.8,1.3,5.0,0.5651112774552017,0.8035941729780742,1472,1472,1412,True,ok
19,33,Awake,60,processed,19,4523892276191092520,138.30057843624795,24.996219321763952,8,0.16,4,0.4511399205957248,11,0.8,1.3,5.0,0.570559784634248,0.8504386884019067,1472,1472,1410,True,ok
19,33,Awake,60,processed,20,1809914951136993326,138.30057843624795,24.996219321763952,8,0.16,4,0.4511399205957248,11,0.8,1.3,5.0,0.619217816383754,0.9019267450929143,1472,1472,1417,True,ok
19,33,Awake,60,processed,21,1634701017130551852,138.30057843624795,24.996219321763952,8,0.16,4,0.4511399205957248,11,0.8,1.3,5.0,0.5888481035680514,0.8666605418288867,1472,1472,1408,True,ok
19,33,Awake,60,processed,22,1804612126864710322,138.30057843624795,24.996219321763952,8,0.16,4,0.4511399205957248,11,0.8,1.3,5.0,0.5500495502108803,0.8137734671513336,1472,1472,1406,True,ok
19,33,Awake,60,processed,23,16378581774899743344,138.30057843624795,24.996219321763952,8,0.16,4,0.4511399205957248,11,0.8,1.3,5.0,0.6281817003070423,0.9030547437706744,1472,1472,1414,True,ok
19,33,Awake,60,processed,24,11283011024115251156,138.30057843624795,24.996219321763952,8,0.16,4,0.4511399205957248,11,0.8,1.3,5.0,0.6034877007850631,0.9261575602666062,1472,1472,1413,True,ok
19,33,Awake,60,processed,25,15857267677561908966,138.30057843624795,24.996219321763952,8,0.16,4,0.4511399205957248,11,0.8,1.3,5.0,0.6006536072558328,0.835829929300945,1472,1472,1395,True,ok
19,33,Awake,60,processed,26,11193836761877607965,138.30057843624795,24.996219321763952,8,0.16,4,0.4511399205957248,11,0.8,1.3,5.0,0.6765186926771675,0.9180189241889724,1472,1472,1431,True,ok
19,33,Awake,60,processed,27,5287731846023951801,138.30057843624795,24.996219321763952,8,0.16,4,0.4511399205957248,11,0.8,1.3,5.0,0.5517328065200638,0.8891351081068444,1472,1472,1413,True,ok
19,33,Awake,60,processed,28,1812580371401689058,138.30057843624795,24.996219321763952,8,0.16,4,0.4511399205957248,11,0.8,1.3,5.0,0.6041774850225421,0.897238206277796,1472,1472,1399,True,ok
19,33,Awake,60,processed,29,10797007878050262686,138.30057843624795,24.996219321763952,8,0.16,4,0.4511399205957248,11,0.8,1.3,5.0,0.5591924572340156,0.829045825614354,1472,1472,1409,True,ok
19,33,Awake,60,processed,30,3648652999278317216,138.30057843624795,24.996219321763952,8,0.16,4,0.4511399205957248,11,0.8,1.3,5.0,0.5813690082182007,0.8707324631527676,1472,1472,1421,True,ok
19,33,Awake,60,processed,31,2215663024445280831,138.30057843624795,24.996219321763952,8,0.16,4,0.4511399205957248,11,0.8,1.3,5.0,0.5770866472429941,0.8325609549367646,1472,1472,1409,True,ok
19,33,Awake,60,processed,32,10941269332920849745,138.30057843624795,24.996219321763952,8,0.16,4,0.4511399205957248,11,0.8,1.3,5.0,0.5565567683067895,0.7502597576027971,1472,1472,1385,True,ok
19,33,Awake,60,processed,33,11708583354724723544,138.30057843624795,24.996219321763952,8,0.16,4,0.4511399205957248,11,0.8,1.3,5.0,0.6374765721949975,0.8495633250578408,1472,1472,1408,True,ok
19,33,Awake,60,processed,34,14114622250417191731,138.30057843624795,24.996219321763952,8,0.16,4,0.4511399205957248,11,0.8,1.3,5.0,0.5818586549655039,0.8246789453069583,1472,1472,1408,True,ok
19,33,Awake,60,processed,35,14846390968552415944,138.30057843624795,24.996219321763952,8,0.16,4,0.4511399205957248,11,0.8,1.3,5.0,0.5879996482109129,0.9367988899683447,1472,1472,1390,True,ok
19,33,Awake,60,processed,36,1661482495877766126,138.30057843624795,24.996219321763952,8,0.16,4,0.4511399205957248,11,0.8,1.3,5.0,0.6097724301035948,0.9235217365806189,1472,1472,1402,True,ok
19,33,Awake,60,processed,37,10195435118324471891,138.30057843624795,24.996219321763952,8,0.16,4,0.4511399205957248,11,0.8,1.3,5.0,0.5366332933167459,0.7958171962754541,1472,1472,1413,True,ok
19,33,Awake,60,processed,38,7830293191335339804,138.30057843624795,24.996219321763952,8,0.16,4,0.4511399205957248,11,0.8,1.3,5.0,0.6021421857208297,0.9050491808862717,1472,1472,1416,True,ok
19,33,Awake,60,processed,39,4019759429568426619,138.30057843624795,24.996219321763952,8,0.16,4,0.4511399205957248,11,0.8,1.3,5.0,0.5757581981025144,0.8622172150125679,1472,1472,1412,True,ok
19,34,Awake,60,processed,1,1795696063941667933,166.3133058033831,24.996219321763952,8,0.16,4,0.4216843062680616,11,0.8,1.3,5.0,0.5359084860455304,0.7640845403403727,1472,1472,1421,True,ok
19,34,Awake,60,processed,2,2848303527775792951,166.3133058033831,24.996219321763952,8,0.16,4,0.4216843062680616,11,0.8,1.3,5.0,0.5543075286078534,0.8680861661102011,1472,1472,1404,True,ok
19,34,Awake,60,processed,3,16759478116495610291,166.3133058033831,24.996219321763952,8,0.16,4,0.4216843062680616,11,0.8,1.3,5.0,0.5467654542890504,0.8687931472460722,1472,1472,1402,True,ok
19,34,Awake,60,processed,4,1006972069584153119,166.3133058033831,24.996219321763952,8,0.16,4,0.4216843062680616,11,0.8,1.3,5.0,0.5474890171116444,0.7940387662533493,1472,1472,1409,True,ok
19,34,Awake,60,processed,5,14390705080529496567,166.3133058033831,24.996219321763952,8,0.16,4,0.4216843062680616,11,0.8,1.3,5.0,0.5308361840789209,0.7839892343805956,1472,1472,1422,True,ok
19,34,Awake,60,processed,6,13712919294306734398,166.3133058033831,24.996219321763952,8,0.16,4,0.4216843062680616,11,0.8,1.3,5.0,0.48426107214452685,0.8316351397884687,1472,1472,1401,True,ok
19,34,Awake,60,processed,7,15325489316629218698,166.3133058033831,24.996219321763952,8,0.16,4,0.4216843062680616,11,0.8,1.3,5.0,0.644990448574972,0.8447011207777118,1472,1472,1417,True,ok
19,34,Awake,60,processed,8,5047461140127141160,166.3133058033831,24.996219321763952,8,0.16,4,0.4216843062680616,11,0.8,1.3,5.0,0.5426189560889525,0.6913211262379955,1472,1472,1395,True,ok
19,34,Awake,60,processed,9,11188341158274219104,166.3133058033831,24.996219321763952,8,0.16,4,0.4216843062680616,11,0.8,1.3,5.0,0.5558039412375448,0.7947882254028884,1472,1472,1395,True,ok
19,34,Awake,60,processed,10,3706954658501187346,166.3133058033831,24.996219321763952,8,0.16,4,0.4216843062680616,11,0.8,1.3,5.0,0.4857568698085013,0.8146685164034166,1472,1472,1423,True,ok
19,34,Awake,60,processed,11,15921951222319209693,166.3133058033831,24.996219321763952,8,0.16,4,0.4216843062680616,11,0.8,1.3,5.0,0.5787577844374014,0.7945996284489842,1472,1472,1421,True,ok
19,34,Awake,60,processed,12,13188037261622549223,166.3133058033831,24.996219321763952,8,0.16,4,0.4216843062680616,11,0.8,1.3,5.0,0.5293249665645805,0.7928153555604991,1472,1472,1415,True,ok
19,34,Awake,60,processed,13,6610230722023543606,166.3133058033831,24.996219321763952,8,0.16,4,0.4216843062680616,11,0.8,1.3,5.0,0.5204422843118456,0.8391890444358497,1472,1472,1419,True,ok
19,34,Awake,60,processed,14,4421183762730628615,166.3133058033831,24.996219321763952,8,0.16,4,0.4216843062680616,11,0.8,1.3,5.0,0.5365879415517617,0.9087313406737,1472,1472,1409,True,ok
19,34,Awake,60,processed,15,1156743008795611856,166.3133058033831,24.996219321763952,8,0.16,4,0.4216843062680616,11,0.8,1.3,5.0,0.48530705971145016,0.7498798792256296,1472,1472,1420,True,ok
19,34,Awake,60,processed,16,14759505977983542193,166.3133058033831,24.996219321763952,8,0.16,4,0.4216843062680616,11,0.8,1.3,5.0,0.5660246617635968,0.8411776185861434,1472,1472,1406,True,ok
19,34,Awake,60,processed,17,15358682294557663723,166.3133058033831,24.996219321763952,8,0.16,4,0.4216843062680616,11,0.8,1.3,5.0,0.57007399597701,0.8834013662517084,1472,1472,1396,True,ok
19,34,Awake,60,processed,18,5917636253259659700,166.3133058033831,24.996219321763952,8,0.16,4,0.4216843062680616,11,0.8,1.3,5.0,0.5536471492950948,0.7965943328674527,1472,1472,1422,True,ok
19,34,Awake,60,processed,19,2808059139565524158,166.3133058033831,24.996219321763952,8,0.16,4,0.4216843062680616,11,0.8,1.3,5.0,0.5330457937890134,0.8548703467339885,1472,1472,1403,True,ok
19,34,Awake,60,processed,20,14296365745577368359,166.3133058033831,24.996219321763952,8,0.16,4,0.4216843062680616,11,0.8,1.3,5.0,0.5192392254221745,0.8733010344073464,1472,1472,1404,True,ok
19,34,Awake,60,processed,21,106786020993665251,166.3133058033831,24.996219321763952,8,0.16,4,0.4216843062680616,11,0.8,1.3,5.0,0.546776911404562,0.7693813743053615,1472,1472,1408,True,ok
19,34,Awake,60,processed,22,18165545931116506940,166.3133058033831,24.996219321763952,8,0.16,4,0.4216843062680616,11,0.8,1.3,5.0,0.5262964466097751,0.7728968336880983,1472,1472,1407,True,ok
19,34,Awake,60,processed,23,12618350254597151278,166.3133058033831,24.996219321763952,8,0.16,4,0.4216843062680616,11,0.8,1.3,5.0,0.5420649548066018,0.8816878900627105,1472,1472,1402,True,ok
19,34,Awake,60,processed,24,6526541114704017583,166.3133058033831,24.996219321763952,8,0.16,4,0.4216843062680616,11,0.8,1.3,5.0,0.5629812700511136,0.8169411744152985,1472,1472,1401,True,ok
19,34,Awake,60,processed,25,10379796434799163363,166.3133058033831,24.996219321763952,8,0.16,4,0.4216843062680616,11,0.8,1.3,5.0,0.521426213868176,0.7487860265488122,1472,1472,1396,True,ok
19,34,Awake,60,processed,26,4378621850765085465,166.3133058033831,24.996219321763952,8,0.16,4,0.4216843062680616,11,0.8,1.3,5.0,0.5749537086953646,0.8355793634135966,1472,1472,1426,True,ok
19,34,Awake,60,processed,27,14162865350897650589,166.3133058033831,24.996219321763952,8,0.16,4,0.4216843062680616,11,0.8,1.3,5.0,0.5245099922337662,0.8742422059411262,1472,1472,1401,True,ok
19,34,Awake,60,processed,28,4306094562859410152,166.3133058033831,24.996219321763952,8,0.16,4,0.4216843062680616,11,0.8,1.3,5.0,0.5574462127008044,0.8902354021746083,1472,1472,1403,True,ok
19,34,Awake,60,processed,29,936965722290485303,166.3133058033831,24.996219321763952,8,0.16,4,0.4216843062680616,11,0.8,1.3,5.0,0.5688034397145068,0.8448700589046885,1472,1472,1412,True,ok
19,34,Awake,60,processed,30,1834843517548856574,166.3133058033831,24.996219321763952,8,0.16,4,0.4216843062680616,11,0.8,1.3,5.0,0.5575866835395998,0.907697713274774,1472,1472,1400,True,ok
19,34,Awake,60,processed,31,17304868629954093334,166.3133058033831,24.996219321763952,8,0.16,4,0.4216843062680616,11,0.8,1.3,5.0,0.5592085319985061,0.8563273158534408,1472,1472,1380,True,ok
19,34,Awake,60,processed,32,12482465493402602086,166.3133058033831,24.996219321763952,8,0.16,4,0.4216843062680616,11,0.8,1.3,5.0,0.581947262778599,0.8192078950701295,1472,1472,1405,True,ok
19,34,Awake,60,processed,33,7208538805348095386,166.3133058033831,24.996219321763952,8,0.16,4,0.4216843062680616,11,0.8,1.3,5.0,0.5663773246782514,0.6952926938903146,1472,1472,1391,True,ok
19,34,Awake,60,processed,34,5150789556780580096,166.3133058033831,24.996219321763952,8,0.16,4,0.4216843062680616,11,0.8,1.3,5.0,0.5070517514080031,0.8051630700853076,1472,1472,1395,True,ok
19,34,Awake,60,processed,35,3072165685214617612,166.3133058033831,24.996219321763952,8,0.16,4,0.4216843062680616,11,0.8,1.3,5.0,0.5403282796955073,0.7807259949221339,1472,1472,1418,True,ok
19,34,Awake,60,processed,36,13570445533588757245,166.3133058033831,24.996219321763952,8,0.16,4,0.4216843062680616,11,0.8,1.3,5.0,0.5726357086853087,0.8265245665237926,1472,1472,1413,True,ok
19,34,Awake,60,processed,37,3857973041888547798,166.3133058033831,24.996219321763952,8,0.16,4,0.4216843062680616,11,0.8,1.3,5.0,0.5523619134916478,0.824756778726727,1472,1472,1406,True,ok
19,34,Awake,60,processed,38,2258093176637214060,166.3133058033831,24.996219321763952,8,0.16,4,0.4216843062680616,11,0.8,1.3,5.0,0.5561238367463951,0.8104533244027606,1472,1472,1407,True,ok
19,34,Awake,60,processed,39,10848341604845442848,166.3133058033831,24.996219321763952,8,0.16,4,0.4216843062680616,11,0.8,1.3,5.0,0.5282110054424988,0.7286921687385199,1472,1472,1405,True,ok
19,35,Awake,60,processed,1,3866661446825076644,115.00613197126222,24.996219321763952,8,0.16,4,0.4377058049451323,11,0.8,1.3,5.0,0.6540345737795911,0.9467981153014331,1472,1472,1395,True,ok
19,35,Awake,60,processed,2,12906675270583776694,115.00613197126222,24.996219321763952,8,0.16,4,0.4377058049451323,11,0.8,1.3,5.0,0.6172969914106079,0.9014194796913081,1472,1472,1407,True,ok
19,35,Awake,60,processed,3,16961791610344583303,115.00613197126222,24.996219321763952,8,0.16,4,0.4377058049451323,11,0.8,1.3,5.0,0.6812139260619633,0.8477135942947246,1472,1472,1423,True,ok
19,35,Awake,60,processed,4,3608587000006874827,115.00613197126222,24.996219321763952,8,0.16,4,0.4377058049451323,11,0.8,1.3,5.0,0.6511205741170958,0.8220813197600372,1472,1472,1384,True,ok
19,35,Awake,60,processed,5,13165490340965566829,115.00613197126222,24.996219321763952,8,0.16,4,0.4377058049451323,11,0.8,1.3,5.0,0.7008579143907829,0.914625692266583,1472,1472,1383,True,ok
19,35,Awake,60,processed,6,12811215588690151497,115.00613197126222,24.996219321763952,8,0.16,4,0.4377058049451323,11,0.8,1.3,5.0,0.6509952617505476,0.9296114117964478,1472,1472,1394,True,ok
19,35,Awake,60,processed,7,14984899880952112258,115.00613197126222,24.996219321763952,8,0.16,4,0.4377058049451323,11,0.8,1.3,5.0,0.7231160258293345,0.9092644305973927,1472,1472,1387,True,ok
19,35,Awake,60,processed,8,6904504722848332304,115.00613197126222,24.996219321763952,8,0.16,4,0.4377058049451323,11,0.8,1.3,5.0,0.6338135821130275,0.9617715779460508,1472,1472,1378,True,ok
19,35,Awake,60,processed,9,1189205145580561065,115.00613197126222,24.996219321763952,8,0.16,4,0.4377058049451323,11,0.8,1.3,5.0,0.6710801008461335,0.8731845358634444,1472,1472,1386,True,ok
19,35,Awake,60,processed,10,10050728009007135335,115.00613197126222,24.996219321763952,8,0.16,4,0.4377058049451323,11,0.8,1.3,5.0,0.6028355956516402,0.9059567693048329,1472,1472,1393,True,ok
19,35,Awake,60,processed,11,1122647877842514403,115.00613197126222,24.996219321763952,8,0.16,4,0.4377058049451323,11,0.8,1.3,5.0,0.7019067221239027,0.9212977778531941,1472,1472,1415,True,ok
19,35,Awake,60,processed,12,15069995816487929631,115.00613197126222,24.996219321763952,8,0.16,4,0.4377058049451323,11,0.8,1.3,5.0,0.6336258373105522,0.8130445383376517,1472,1472,1403,True,ok
19,35,Awake,60,processed,13,9048898749394325882,115.00613197126222,24.996219321763952,8,0.16,4,0.4377058049451323,11,0.8,1.3,5.0,0.5615605974553733,0.8490987070567881,1472,1472,1409,True,ok
19,35,Awake,60,processed,14,14311941976748273331,115.00613197126222,24.996219321763952,8,0.16,4,0.4377058049451323,11,0.8,1.3,5.0,0.7283363770121513,0.9005113553796785,1472,1472,1413,True,ok
19,35,Awake,60,processed,15,13571660433289889617,115.00613197126222,24.996219321763952,8,0.16,4,0.4377058049451323,11,0.8,1.3,5.0,0.7295617585925874,0.8998859276247717,1472,1472,1415,True,ok
19,35,Awake,60,processed,16,1719067136134032720,115.00613197126222,24.996219321763952,8,0.16,4,0.4377058049451323,11,0.8,1.3,5.0,0.6996532293753924,0.9106187105837424,1472,1472,1427,True,ok
19,35,Awake,60,processed,17,4730164307168233515,115.00613197126222,24.996219321763952,8,0.16,4,0.4377058049451323,11,0.8,1.3,5.0,0.6566438974908682,0.8503947959445043,1472,1472,1413,True,ok
19,35,Awake,60,processed,18,504600841691198858,115.00613197126222,24.996219321763952,8,0.16,4,0.4377058049451323,11,0.8,1.3,5.0,0.6293701748344065,0.8288140421108808,1472,1472,1398,True,ok
19,35,Awake,60,processed,19,9879706578930909212,115.00613197126222,24.996219321763952,8,0.16,4,0.4377058049451323,11,0.8,1.3,5.0,0.7069258527626939,0.9483021888614528,1472,1472,1405,True,ok
19,35,Awake,60,processed,20,10603948449763948010,115.00613197126222,24.996219321763952,8,0.16,4,0.4377058049451323,11,0.8,1.3,5.0,0.6357850020073649,0.8244569642215616,1472,1472,1409,True,ok
19,35,Awake,60,processed,21,4829489962197456,115.00613197126222,24.996219321763952,8,0.16,4,0.4377058049451323,11,0.8,1.3,5.0,0.5874956442234307,0.8649371296528308,1472,1472,1420,True,ok
19,35,Awake,60,processed,22,5089637824219653481,115.00613197126222,24.996219321763952,8,0.16,4,0.4377058049451323,11,0.8,1.3,5.0,0.5847611361949753,0.8001748386839511,1472,1472,1410,True,ok
19,35,Awake,60,processed,23,4106629329940913620,115.00613197126222,24.996219321763952,8,0.16,4,0.4377058049451323,11,0.8,1.3,5.0,0.6763294733962969,0.8081494723282187,1472,1472,1421,True,ok
19,35,Awake,60,processed,24,17118207754681854104,115.00613197126222,24.996219321763952,8,0.16,4,0.4377058049451323,11,0.8,1.3,5.0,0.6886717472584957,0.8895559505637312,1472,1472,1401,True,ok
19,35,Awake,60,processed,25,2622952589629161747,115.00613197126222,24.996219321763952,8,0.16,4,0.4377058049451323,11,0.8,1.3,5.0,0.6923190103357453,0.8548937646321689,1472,1472,1389,True,ok
19,35,Awake,60,processed,26,3007549190918768973,115.00613197126222,24.996219321763952,8,0.16,4,0.4377058049451323,11,0.8,1.3,5.0,0.6422681467894327,0.89812337132452,1472,1472,1410,True,ok
19,35,Awake,60,processed,27,11255262399903241308,115.00613197126222,24.996219321763952,8,0.16,4,0.4377058049451323,11,0.8,1.3,5.0,0.6581470532720695,0.9165312193700975,1472,1472,1406,True,ok
19,35,Awake,60,processed,28,8450293192237618532,115.00613197126222,24.996219321763952,8,0.16,4,0.4377058049451323,11,0.8,1.3,5.0,0.7352378772606408,0.9371782439409736,1472,1472,1416,True,ok
19,35,Awake,60,processed,29,15202020307297962987,115.00613197126222,24.996219321763952,8,0.16,4,0.4377058049451323,11,0.8,1.3,5.0,0.7091825172125222,0.9397458862208611,1472,1472,1431,True,ok
19,35,Awake,60,processed,30,14118331072797655655,115.00613197126222,24.996219321763952,8,0.16,4,0.4377058049451323,11,0.8,1.3,5.0,0.7049158991670645,0.9317289374429835,1472,1472,1396,True,ok
19,35,Awake,60,processed,31,1869335283353171457,115.00613197126222,24.996219321763952,8,0.16,4,0.4377058049451323,11,0.8,1.3,5.0,0.6222820895427107,0.8812792305266678,1472,1472,1413,True,ok
19,35,Awake,60,processed,32,382604781234783514,115.00613197126222,24.996219321763952,8,0.16,4,0.4377058049451323,11,0.8,1.3,5.0,0.6260045957424554,0.8030324477606724,1472,1472,1417,True,ok
19,35,Awake,60,processed,33,3945695280055003928,115.00613197126222,24.996219321763952,8,0.16,4,0.4377058049451323,11,0.8,1.3,5.0,0.6218054460838731,0.913366559105256,1472,1472,1416,True,ok
19,35,Awake,60,processed,34,10724581922925900275,115.00613197126222,24.996219321763952,8,0.16,4,0.4377058049451323,11,0.8,1.3,5.0,0.6255975301336436,0.9051227653659544,1472,1472,1415,True,ok
19,35,Awake,60,processed,35,4661566068098734949,115.00613197126222,24.996219321763952,8,0.16,4,0.4377058049451323,11,0.8,1.3,5.0,0.578599566450561,0.9257198197341215,1472,1472,1411,True,ok
19,35,Awake,60,processed,36,2172152978291727641,115.00613197126222,24.996219321763952,8,0.16,4,0.4377058049451323,11,0.8,1.3,5.0,0.6607416262252307,0.9025956920340404,1472,1472,1403,True,ok
19,35,Awake,60,processed,37,5367537586168306810,115.00613197126222,24.996219321763952,8,0.16,4,0.4377058049451323,11,0.8,1.3,5.0,0.6174427502532589,0.9019977216774282,1472,1472,1405,True,ok
19,35,Awake,60,processed,38,6463960546072630970,115.00613197126222,24.996219321763952,8,0.16,4,0.4377058049451323,11,0.8,1.3,5.0,0.6948998165242853,0.9390019758723199,1472,1472,1390,True,ok
19,35,Awake,60,processed,39,5082821629479098184,115.00613197126222,24.996219321763952,8,0.16,4,0.4377058049451323,11,0.8,1.3,5.0,0.6115624979093908,0.9213150814474662,1472,1472,1391,True,ok
19,36,Awake,60,processed,1,13127605402399067161,138.30057843624795,24.996219321763952,8,0.16,4,0.4255930727090543,11,0.8,1.3,5.0,0.5314956239101537,0.7076636935072012,1472,1472,1403,True,ok
19,36,Awake,60,processed,2,16001907581960292825,138.30057843624795,24.996219321763952,8,0.16,4,0.4255930727090543,11,0.8,1.3,5.0,0.5674251702755189,0.8712265705441827,1472,1472,1400,True,ok
19,36,Awake,60,processed,3,912893684933161503,138.30057843624795,24.996219321763952,8,0.16,4,0.4255930727090543,11,0.8,1.3,5.0,0.634751343184866,0.917440574588227,1472,1472,1434,True,ok
19,36,Awake,60,processed,4,2917019052990938934,138.30057843624795,24.996219321763952,8,0.16,4,0.4255930727090543,11,0.8,1.3,5.0,0.635080005529375,0.8897140790011995,1472,1472,1417,True,ok
19,36,Awake,60,processed,5,16715258303171556405,138.30057843624795,24.996219321763952,8,0.16,4,0.4255930727090543,11,0.8,1.3,5.0,0.5328702271207992,0.7736160237551639,1472,1472,1430,True,ok
19,36,Awake,60,processed,6,3171955193720756145,138.30057843624795,24.996219321763952,8,0.16,4,0.4255930727090543,11,0.8,1.3,5.0,0.6446194119075976,0.8729319841262295,1472,1472,1409,True,ok
19,36,Awake,60,processed,7,843568053072492775,138.30057843624795,24.996219321763952,8,0.16,4,0.4255930727090543,11,0.8,1.3,5.0,0.5639228604146515,0.797364700383286,1472,1472,1406,True,ok
19,36,Awake,60,processed,8,5233867263705530324,138.30057843624795,24.996219321763952,8,0.16,4,0.4255930727090543,11,0.8,1.3,5.0,0.5004307208648431,0.8201203794793785,1472,1472,1391,True,ok
19,36,Awake,60,processed,9,17711060931901286350,138.30057843624795,24.996219321763952,8,0.16,4,0.4255930727090543,11,0.8,1.3,5.0,0.5853322820221383,0.813562646575499,1472,1472,1420,True,ok
19,36,Awake,60,processed,10,17073398810224769895,138.30057843624795,24.996219321763952,8,0.16,4,0.4255930727090543,11,0.8,1.3,5.0,0.4888452997792692,0.8178198507527566,1472,1472,1416,True,ok
19,36,Awake,60,processed,11,13562153263687505156,138.30057843624795,24.996219321763952,8,0.16,4,0.4255930727090543,11,0.8,1.3,5.0,0.5422155461176563,0.7355825661448276,1472,1472,1399,True,ok
19,36,Awake,60,processed,12,16738894242319526835,138.30057843624795,24.996219321763952,8,0.16,4,0.4255930727090543,11,0.8,1.3,5.0,0.5536155599873042,0.7943960929638576,1472,1472,1390,True,ok
19,36,Awake,60,processed,13,15163559161172154348,138.30057843624795,24.996219321763952,8,0.16,4,0.4255930727090543,11,0.8,1.3,5.0,0.5947839468575057,0.8480270482552821,1472,1472,1420,True,ok
19,36,Awake,60,processed,14,9912885533182733453,138.30057843624795,24.996219321763952,8,0.16,4,0.4255930727090543,11,0.8,1.3,5.0,0.5991758148222048,0.8892347963078308,1472,1472,1413,True,ok
19,36,Awake,60,processed,15,11613858704505944568,138.30057843624795,24.996219321763952,8,0.16,4,0.4255930727090543,11,0.8,1.3,5.0,0.5590179458071376,0.7509355501788094,1472,1472,1411,True,ok
19,36,Awake,60,processed,16,10613842668876928911,138.30057843624795,24.996219321763952,8,0.16,4,0.4255930727090543,11,0.8,1.3,5.0,0.6137963428304046,0.8350593477140891,1472,1472,1421,True,ok
19,36,Awake,60,processed,17,18371585744564197317,138.30057843624795,24.996219321763952,8,0.16,4,0.4255930727090543,11,0.8,1.3,5.0,0.5569858688682479,0.8282617978705877,1472,1472,1406,True,ok
19,36,Awake,60,processed,18,7814086060881885690,138.30057843624795,24.996219321763952,8,0.16,4,0.4255930727090543,11,0.8,1.3,5.0,0.5868394915441097,0.9023950347153721,1472,1429,1363,True,ok
19,36,Awake,60,processed,19,6384866541280706478,138.30057843624795,24.996219321763952,8,0.16,4,0.4255930727090543,11,0.8,1.3,5.0,0.5610875004955497,0.8180265475415082,1472,1472,1412,True,ok
19,36,Awake,60,processed,20,4698312342582015487,138.30057843624795,24.996219321763952,8,0.16,4,0.4255930727090543,11,0.8,1.3,5.0,0.627277564698501,0.8345103470028171,1472,1470,1412,True,ok
19,36,Awake,60,processed,21,155042805303875493,138.30057843624795,24.996219321763952,8,0.16,4,0.4255930727090543,11,0.8,1.3,5.0,0.5440915250036455,0.7478101067809869,1472,1464,1392,True,ok
19,36,Awake,60,processed,22,4922179797117883695,138.30057843624795,24.996219321763952,8,0.16,4,0.4255930727090543,11,0.8,1.3,5.0,0.6158379553454782,0.8716466787480184,1472,1436,1375,True,ok
19,36,Awake,60,processed,23,12809944767559873008,138.30057843624795,24.996219321763952,8,0.16,4,0.4255930727090543,11,0.8,1.3,5.0,0.5463363525280864,0.8962967773274201,1472,1472,1401,True,ok
19,36,Awake,60,processed,24,9563481345640200690,138.30057843624795,24.996219321763952,8,0.16,4,0.4255930727090543,11,0.8,1.3,5.0,0.5826479418236398,0.8162971231909244,1472,1472,1401,True,ok
19,36,Awake,60,processed,25,4772815048906859193,138.30057843624795,24.996219321763952,8,0.16,4,0.4255930727090543,11,0.8,1.3,5.0,0.5896380609245883,0.8511920418749406,1472,1472,1401,True,ok
19,36,Awake,60,processed,26,16843682373011576539,138.30057843624795,24.996219321763952,8,0.16,4,0.4255930727090543,11,0.8,1.3,5.0,0.5545665639208895,0.800335115793136,1472,1454,1397,True,ok
19,36,Awake,60,processed,27,7979830067588026548,138.30057843624795,24.996219321763952,8,0.16,4,0.4255930727090543,11,0.8,1.3,5.0,0.5965268061335817,0.7791067800636036,1472,1472,1414,True,ok
19,36,Awake,60,processed,28,260739115091412654,138.30057843624795,24.996219321763952,8,0.16,4,0.4255930727090543,11,0.8,1.3,5.0,0.5028947543681593,0.8835202929664516,1472,1472,1407,True,ok
19,36,Awake,60,processed,29,18384525528045253192,138.30057843624795,24.996219321763952,8,0.16,4,0.4255930727090543,11,0.8,1.3,5.0,0.5632851249791532,0.7218240611879344,1472,1472,1414,True,ok
19,36,Awake,60,processed,30,13485861808321624996,138.30057843624795,24.996219321763952,8,0.16,4,0.4255930727090543,11,0.8,1.3,5.0,0.6028793649000604,0.8330478058876409,1472,1472,1416,True,ok
19,36,Awake,60,processed,31,7324121499922668046,138.30057843624795,24.996219321763952,8,0.16,4,0.4255930727090543,11,0.8,1.3,5.0,0.5671036487996893,0.9227539067071648,1472,1472,1407,True,ok
19,36,Awake,60,processed,32,16425320005334278164,138.30057843624795,24.996219321763952,8,0.16,4,0.4255930727090543,11,0.8,1.3,5.0,0.6066285751942607,0.8732709885660258,1472,1424,1364,True,ok
19,36,Awake,60,processed,33,62046338169449561,138.30057843624795,24.996219321763952,8,0.16,4,0.4255930727090543,11,0.8,1.3,5.0,0.6121843956441554,0.7945300945741864,1472,1472,1406,True,ok
19,36,Awake,60,processed,34,5022856463298903758,138.30057843624795,24.996219321763952,8,0.16,4,0.4255930727090543,11,0.8,1.3,5.0,0.541168743822885,0.6973019495043217,1472,1472,1413,True,ok
19,36,Awake,60,processed,35,1430552647974382276,138.30057843624795,24.996219321763952,8,0.16,4,0.4255930727090543,11,0.8,1.3,5.0,0.5287627735463353,0.7352145035805338,1472,1472,1405,True,ok
19,36,Awake,60,processed,36,9305228042224759000,138.30057843624795,24.996219321763952,8,0.16,4,0.4255930727090543,11,0.8,1.3,5.0,0.6077856944231821,0.854264208931519,1472,1472,1422,True,ok
19,36,Awake,60,processed,37,6620223907394469510,138.30057843624795,24.996219321763952,8,0.16,4,0.4255930727090543,11,0.8,1.3,5.0,0.6082532496901843,0.8113826161923002,1472,1472,1408,True,ok
19,36,Awake,60,processed,38,13101019440407865180,138.30057843624795,24.996219321763952,8,0.16,4,0.4255930727090543,11,0.8,1.3,5.0,0.5829208671244396,0.8284062106997461,1472,1472,1427,True,ok
19,36,Awake,60,processed,39,15178606525994557263,138.30057843624795,24.996219321763952,8,0.16,4,0.4255930727090543,11,0.8,1.3,5.0,0.6391374453912256,0.8984610670340779,1472,1472,1412,True,ok
19,37,Awake,60,processed,1,7937939819472249501,138.30057843624795,24.996219321763952,8,0.16,4,0.4279010252947306,11,0.8,1.3,5.0,0.60374362362518,0.8735586156667351,1472,1472,1389,True,ok
19,37,Awake,60,processed,2,7684962037499892685,138.30057843624795,24.996219321763952,8,0.16,4,0.4279010252947306,11,0.8,1.3,5.0,0.6379034829892,0.8729318720869478,1472,1472,1411,True,ok
19,37,Awake,60,processed,3,13545875833524666589,138.30057843624795,24.996219321763952,8,0.16,4,0.4279010252947306,11,0.8,1.3,5.0,0.5688042616459394,0.8130014129404034,1472,1472,1426,True,ok
19,37,Awake,60,processed,4,10188782017471759753,138.30057843624795,24.996219321763952,8,0.16,4,0.4279010252947306,11,0.8,1.3,5.0,0.5768008843738864,0.8241839063469127,1472,1472,1405,True,ok
19,37,Awake,60,processed,5,8588521225194710840,138.30057843624795,24.996219321763952,8,0.16,4,0.4279010252947306,11,0.8,1.3,5.0,0.6523212155270552,0.9218888243801348,1472,1472,1415,True,ok
19,37,Awake,60,processed,6,15573514023248959124,138.30057843624795,24.996219321763952,8,0.16,4,0.4279010252947306,11,0.8,1.3,5.0,0.6277570122601035,0.9040069390146471,1472,1472,1395,True,ok
19,37,Awake,60,processed,7,2764815864715489687,138.30057843624795,24.996219321763952,8,0.16,4,0.4279010252947306,11,0.8,1.3,5.0,0.5862973243861189,0.8958340908994524,1472,1472,1391,True,ok
19,37,Awake,60,processed,8,15393067014504511913,138.30057843624795,24.996219321763952,8,0.16,4,0.4279010252947306,11,0.8,1.3,5.0,0.5818626193085624,0.7392256523689503,1472,1472,1402,True,ok
19,37,Awake,60,processed,9,3116782266358576799,138.30057843624795,24.996219321763952,8,0.16,4,0.4279010252947306,11,0.8,1.3,5.0,0.6141584819459278,0.839265985563305,1472,1472,1409,True,ok
19,37,Awake,60,processed,10,10839850417578041677,138.30057843624795,24.996219321763952,8,0.16,4,0.4279010252947306,11,0.8,1.3,5.0,0.6063526084311166,0.9264798902087753,1472,1472,1423,True,ok
19,37,Awake,60,processed,11,667859820300232014,138.30057843624795,24.996219321763952,8,0.16,4,0.4279010252947306,11,0.8,1.3,5.0,0.6360253243135555,0.8432736195955657,1472,1472,1422,True,ok
19,37,Awake,60,processed,12,13831726672230105824,138.30057843624795,24.996219321763952,8,0.16,4,0.4279010252947306,11,0.8,1.3,5.0,0.5742191053443683,0.874498344161045,1472,1472,1417,True,ok
19,37,Awake,60,processed,13,9636465180148446313,138.30057843624795,24.996219321763952,8,0.16,4,0.4279010252947306,11,0.8,1.3,5.0,0.60330770308678,0.8971859660593039,1472,1472,1416,True,ok
19,37,Awake,60,processed,14,9243112958893445670,138.30057843624795,24.996219321763952,8,0.16,4,0.4279010252947306,11,0.8,1.3,5.0,0.5770914934748079,0.8280318373462114,1472,1472,1413,True,ok
19,37,Awake,60,processed,15,7919658828682980303,138.30057843624795,24.996219321763952,8,0.16,4,0.4279010252947306,11,0.8,1.3,5.0,0.5556253468357634,0.8854844681736443,1472,1472,1412,True,ok
19,37,Awake,60,processed,16,1716849725279226825,138.30057843624795,24.996219321763952,8,0.16,4,0.4279010252947306,11,0.8,1.3,5.0,0.5478447759612514,0.8952928093161827,1472,1472,1416,True,ok
19,37,Awake,60,processed,17,10437647849428096510,138.30057843624795,24.996219321763952,8,0.16,4,0.4279010252947306,11,0.8,1.3,5.0,0.580817179435842,0.8565268644027891,1472,1472,1403,True,ok
19,37,Awake,60,processed,18,17495214273665097618,138.30057843624795,24.996219321763952,8,0.16,4,0.4279010252947306,11,0.8,1.3,5.0,0.655386302141936,0.9109943365153017,1472,1472,1406,True,ok
19,37,Awake,60,processed,19,6506649243682095690,138.30057843624795,24.996219321763952,8,0.16,4,0.4279010252947306,11,0.8,1.3,5.0,0.6584100883336966,0.9291484313590853,1472,1472,1398,True,ok
19,37,Awake,60,processed,20,6782846398777478296,138.30057843624795,24.996219321763952,8,0.16,4,0.4279010252947306,11,0.8,1.3,5.0,0.6125016572464096,0.8879893530891935,1472,1472,1406,True,ok
19,37,Awake,60,processed,21,9103083008998670636,138.30057843624795,24.996219321763952,8,0.16,4,0.4279010252947306,11,0.8,1.3,5.0,0.6294279855097114,0.7828252181058907,1472,1472,1399,True,ok
19,37,Awake,60,processed,22,3993104600367801730,138.30057843624795,24.996219321763952,8,0.16,4,0.4279010252947306,11,0.8,1.3,5.0,0.6389108650688974,0.8093038736447445,1472,1472,1420,True,ok
19,37,Awake,60,processed,23,6008220252284279483,138.30057843624795,24.996219321763952,8,0.16,4,0.4279010252947306,11,0.8,1.3,5.0,0.5663832188334912,0.7464848881091076,1472,1472,1406,True,ok
19,37,Awake,60,processed,24,13555296700756518563,138.30057843624795,24.996219321763952,8,0.16,4,0.4279010252947306,11,0.8,1.3,5.0,0.6479773666182056,0.7197181653150774,1472,1472,1397,True,ok
19,37,Awake,60,processed,25,13661644714680755414,138.30057843624795,24.996219321763952,8,0.16,4,0.4279010252947306,11,0.8,1.3,5.0,0.6415613246504013,0.8300509083280949,1472,1472,1413,True,ok
19,37,Awake,60,processed,26,8731078170927988888,138.30057843624795,24.996219321763952,8,0.16,4,0.4279010252947306,11,0.8,1.3,5.0,0.5799515816504193,0.8806331913926223,1472,1472,1398,True,ok
19,37,Awake,60,processed,27,4256588825299654326,138.30057843624795,24.996219321763952,8,0.16,4,0.4279010252947306,11,0.8,1.3,5.0,0.6041411018506079,0.8434083466382264,1472,1472,1425,True,ok
19,37,Awake,60,processed,28,8712503836155531349,138.30057843624795,24.996219321763952,8,0.16,4,0.4279010252947306,11,0.8,1.3,5.0,0.6086491570756831,0.8855454116753172,1472,1472,1392,True,ok
19,37,Awake,60,processed,29,12926989188836287374,138.30057843624795,24.996219321763952,8,0.16,4,0.4279010252947306,11,0.8,1.3,5.0,0.642093895531393,0.8322182385281268,1472,1472,1400,True,ok
19,37,Awake,60,processed,30,17633922386884394430,138.30057843624795,24.996219321763952,8,0.16,4,0.4279010252947306,11,0.8,1.3,5.0,0.6046477236013992,0.8281521422148519,1472,1472,1405,True,ok
19,37,Awake,60,processed,31,9622478938732948956,138.30057843624795,24.996219321763952,8,0.16,4,0.4279010252947306,11,0.8,1.3,5.0,0.5668906964566605,0.8568821085943096,1472,1472,1416,True,ok
19,37,Awake,60,processed,32,18210438195971966102,138.30057843624795,24.996219321763952,8,0.16,4,0.4279010252947306,11,0.8,1.3,5.0,0.6166171647052555,0.9012480960969961,1472,1472,1427,True,ok
19,37,Awake,60,processed,33,18319351292767063754,138.30057843624795,24.996219321763952,8,0.16,4,0.4279010252947306,11,0.8,1.3,5.0,0.6226624665351029,0.8518650366196171,1472,1472,1403,True,ok
19,37,Awake,60,processed,34,14015063083185007873,138.30057843624795,24.996219321763952,8,0.16,4,0.4279010252947306,11,0.8,1.3,5.0,0.5812105313741204,0.8135460671414805,1472,1472,1428,True,ok
19,37,Awake,60,processed,35,1871363118067419753,138.30057843624795,24.996219321763952,8,0.16,4,0.4279010252947306,11,0.8,1.3,5.0,0.6704548134355192,0.8693814744172027,1472,1472,1401,True,ok
19,37,Awake,60,processed,36,3794684704997581942,138.30057843624795,24.996219321763952,8,0.16,4,0.4279010252947306,11,0.8,1.3,5.0,0.5823466430671904,0.8435516237457826,1472,1472,1402,True,ok
19,37,Awake,60,processed,37,17013281094888139196,138.30057843624795,24.996219321763952,8,0.16,4,0.4279010252947306,11,0.8,1.3,5.0,0.6252266070687615,0.9041490556603675,1472,1472,1402,True,ok
19,37,Awake,60,processed,38,11731974652504940531,138.30057843624795,24.996219321763952,8,0.16,4,0.4279010252947306,11,0.8,1.3,5.0,0.5593856683401072,0.6766851043931517,1472,1472,1380,True,ok
19,37,Awake,60,processed,39,722117201005592537,138.30057843624795,24.996219321763952,8,0.16,4,0.4279010252947306,11,0.8,1.3,5.0,0.6336062826445239,0.8386306942029353,1472,1472,1418,True,ok
19,38,Awake,60,processed,1,14793870073723308286,138.30057843624795,24.996219321763952,8,0.16,4,0.422152772433812,11,0.8,1.3,5.0,0.6081604436031235,0.8015114627948037,1472,1472,1414,True,ok
19,38,Awake,60,processed,2,10071539879602916690,138.30057843624795,24.996219321763952,8,0.16,4,0.422152772433812,11,0.8,1.3,5.0,0.6789949280565792,0.8301019996687349,1472,1472,1385,True,ok
19,38,Awake,60,processed,3,17493074687035210408,138.30057843624795,24.996219321763952,8,0.16,4,0.422152772433812,11,0.8,1.3,5.0,0.5831312447521073,0.7955120940213936,1472,1472,1423,True,ok
19,38,Awake,60,processed,4,5846228027381181078,138.30057843624795,24.996219321763952,8,0.16,4,0.422152772433812,11,0.8,1.3,5.0,0.4797325262879729,0.7687666731779973,1472,1472,1412,True,ok
19,38,Awake,60,processed,5,15242366233975665545,138.30057843624795,24.996219321763952,8,0.16,4,0.422152772433812,11,0.8,1.3,5.0,0.6103184131039462,0.8611940864160401,1472,1472,1413,True,ok
19,38,Awake,60,processed,6,6318359176909314045,138.30057843624795,24.996219321763952,8,0.16,4,0.422152772433812,11,0.8,1.3,5.0,0.6163963704497009,0.9065452614925729,1472,1472,1414,True,ok
19,38,Awake,60,processed,7,12240891282748414428,138.30057843624795,24.996219321763952,8,0.16,4,0.422152772433812,11,0.8,1.3,5.0,0.639217311166721,0.9067393695461484,1472,1472,1406,True,ok
19,38,Awake,60,processed,8,7614016399816912604,138.30057843624795,24.996219321763952,8,0.16,4,0.422152772433812,11,0.8,1.3,5.0,0.620376296910745,0.8506753029892568,1472,1472,1404,True,ok
19,38,Awake,60,processed,9,11092790169810115058,138.30057843624795,24.996219321763952,8,0.16,4,0.422152772433812,11,0.8,1.3,5.0,0.6290130053059912,0.8821576827346334,1472,1472,1415,True,ok
19,38,Awake,60,processed,10,14153832693862346601,138.30057843624795,24.996219321763952,8,0.16,4,0.422152772433812,11,0.8,1.3,5.0,0.6054465134020878,0.8580994514603734,1472,1472,1398,True,ok
19,38,Awake,60,processed,11,15890925343126566012,138.30057843624795,24.996219321763952,8,0.16,4,0.422152772433812,11,0.8,1.3,5.0,0.6004850446474763,0.8988165925651652,1472,1472,1409,True,ok
19,38,Awake,60,processed,12,9941053133857228087,138.30057843624795,24.996219321763952,8,0.16,4,0.422152772433812,11,0.8,1.3,5.0,0.5976606313905029,0.8245685502395673,1472,1472,1399,True,ok
19,38,Awake,60,processed,13,14604040035338441227,138.30057843624795,24.996219321763952,8,0.16,4,0.422152772433812,11,0.8,1.3,5.0,0.6463527158678148,0.852516822059817,1472,1472,1398,True,ok
19,38,Awake,60,processed,14,5442855028348488760,138.30057843624795,24.996219321763952,8,0.16,4,0.422152772433812,11,0.8,1.3,5.0,0.6350001207049003,0.8022171255243362,1472,1472,1404,True,ok
19,38,Awake,60,processed,15,7567454416136544496,138.30057843624795,24.996219321763952,8,0.16,4,0.422152772433812,11,0.8,1.3,5.0,0.6158448987952151,0.9017895724271352,1472,1472,1406,True,ok
19,38,Awake,60,processed,16,33579122068323112,138.30057843624795,24.996219321763952,8,0.16,4,0.422152772433812,11,0.8,1.3,5.0,0.6548332131215127,0.8813296821299763,1472,1472,1419,True,ok
19,38,Awake,60,processed,17,9800577707965901591,138.30057843624795,24.996219321763952,8,0.16,4,0.422152772433812,11,0.8,1.3,5.0,0.5857299664243262,0.7795408297564653,1472,1472,1418,True,ok
19,38,Awake,60,processed,18,3881268934571402783,138.30057843624795,24.996219321763952,8,0.16,4,0.422152772433812,11,0.8,1.3,5.0,0.6146237073647062,0.8504560276948845,1472,1472,1406,True,ok
19,38,Awake,60,processed,19,6167805899743447619,138.30057843624795,24.996219321763952,8,0.16,4,0.422152772433812,11,0.8,1.3,5.0,0.6550974610855825,0.8267024760218614,1472,1472,1412,True,ok
19,38,Awake,60,processed,20,2994130124706682142,138.30057843624795,24.996219321763952,8,0.16,4,0.422152772433812,11,0.8,1.3,5.0,0.586395776875897,0.7311019012083487,1472,1472,1397,True,ok
19,38,Awake,60,processed,21,4151801951727337180,138.30057843624795,24.996219321763952,8,0.16,4,0.422152772433812,11,0.8,1.3,5.0,0.6381318324002636,0.8198619541102731,1472,1472,1399,True,ok
19,38,Awake,60,processed,22,11889900018169806033,138.30057843624795,24.996219321763952,8,0.16,4,0.422152772433812,11,0.8,1.3,5.0,0.614415601445879,0.807273515237492,1472,1472,1406,True,ok
19,38,Awake,60,processed,23,15370582603788453567,138.30057843624795,24.996219321763952,8,0.16,4,0.422152772433812,11,0.8,1.3,5.0,0.6037521999523805,0.8244737092344276,1472,1472,1405,True,ok
19,38,Awake,60,processed,24,316068896917172766,138.30057843624795,24.996219321763952,8,0.16,4,0.422152772433812,11,0.8,1.3,5.0,0.6353111128582712,0.856655741733024,1472,1472,1407,True,ok
19,38,Awake,60,processed,25,3850556430701376350,138.30057843624795,24.996219321763952,8,0.16,4,0.422152772433812,11,0.8,1.3,5.0,0.6103899032864889,0.9484237861053767,1472,1472,1423,True,ok
19,38,Awake,60,processed,26,8850107413920623467,138.30057843624795,24.996219321763952,8,0.16,4,0.422152772433812,11,0.8,1.3,5.0,0.631266818186024,0.831315040575868,1472,1472,1403,True,ok
19,38,Awake,60,processed,27,716747811337278600,138.30057843624795,24.996219321763952,8,0.16,4,0.422152772433812,11,0.8,1.3,5.0,0.572935960534017,0.8913215244787349,1472,1472,1423,True,ok
19,38,Awake,60,processed,28,7946663093838483074,138.30057843624795,24.996219321763952,8,0.16,4,0.422152772433812,11,0.8,1.3,5.0,0.6324712150396262,0.8066843033368061,1472,1472,1407,True,ok
19,38,Awake,60,processed,29,11400888057350709314,138.30057843624795,24.996219321763952,8,0.16,4,0.422152772433812,11,0.8,1.3,5.0,0.6454679586494196,0.913420027618653,1472,1472,1425,True,ok
19,38,Awake,60,processed,30,12999616849585882961,138.30057843624795,24.996219321763952,8,0.16,4,0.422152772433812,11,0.8,1.3,5.0,0.5837143572825019,0.7769812172547164,1472,1472,1394,True,ok
19,38,Awake,60,processed,31,14009860322979273616,138.30057843624795,24.996219321763952,8,0.16,4,0.422152772433812,11,0.8,1.3,5.0,0.560436771845999,0.7564663402277698,1472,1472,1407,True,ok
19,38,Awake,60,processed,32,10256409550580047506,138.30057843624795,24.996219321763952,8,0.16,4,0.422152772433812,11,0.8,1.3,5.0,0.6320348452111515,0.8847028899713174,1472,1472,1395,True,ok
19,38,Awake,60,processed,33,18424675546809029692,138.30057843624795,24.996219321763952,8,0.16,4,0.422152772433812,11,0.8,1.3,5.0,0.6133289955205831,0.9005199567414823,1472,1472,1417,True,ok
19,38,Awake,60,processed,34,1180579464124724424,138.30057843624795,24.996219321763952,8,0.16,4,0.422152772433812,11,0.8,1.3,5.0,0.5540124783972282,0.7296530282960509,1472,1472,1413,True,ok
19,38,Awake,60,processed,35,3214251495629895958,138.30057843624795,24.996219321763952,8,0.16,4,0.422152772433812,11,0.8,1.3,5.0,0.6253120642762745,0.7772722694749045,1472,1472,1405,True,ok
19,38,Awake,60,processed,36,16868950170905761630,138.30057843624795,24.996219321763952,8,0.16,4,0.422152772433812,11,0.8,1.3,5.0,0.611191128278398,0.8623885252766199,1472,1472,1403,True,ok
19,38,Awake,60,processed,37,17380047717987010003,138.30057843624795,24.996219321763952,8,0.16,4,0.422152772433812,11,0.8,1.3,5.0,0.601549402645486,0.8075711778647586,1472,1472,1404,True,ok
19,38,Awake,60,processed,38,16642712606742096035,138.30057843624795,24.996219321763952,8,0.16,4,0.422152772433812,11,0.8,1.3,5.0,0.5987474753433235,0.8729338136884999,1472,1472,1400,True,ok
19,38,Awake,60,processed,39,2910072227255429488,138.30057843624795,24.996219321763952,8,0.16,4,0.422152772433812,11,0.8,1.3,5.0,0.5966896194856183,0.8564954402114145,1472,1472,1398,True,ok
19,39,Drowsy,60,processed,1,12791968674767190157,138.30057843624795,24.996219321763952,8,0.16,4,0.4219354958149464,11,0.8,1.3,5.0,0.5448846187969797,0.7421942484151498,1472,1472,1406,True,ok
19,39,Drowsy,60,processed,2,3060942523699618420,138.30057843624795,24.996219321763952,8,0.16,4,0.4219354958149464,11,0.8,1.3,5.0,0.4807085273186482,0.8676830493714122,1472,1472,1384,True,ok
19,39,Drowsy,60,processed,3,16942186907765169299,138.30057843624795,24.996219321763952,8,0.16,4,0.4219354958149464,11,0.8,1.3,5.0,0.5627614222529553,0.8934932881899497,1472,1472,1407,True,ok
19,39,Drowsy,60,processed,4,13735079011613121450,138.30057843624795,24.996219321763952,8,0.16,4,0.4219354958149464,11,0.8,1.3,5.0,0.5595038617688942,0.8790138150428735,1472,1472,1404,True,ok
19,39,Drowsy,60,processed,5,7416509776941983284,138.30057843624795,24.996219321763952,8,0.16,4,0.4219354958149464,11,0.8,1.3,5.0,0.5514569541795884,0.7748816733673194,1472,1472,1409,True,ok
19,39,Drowsy,60,processed,6,7155371262733583747,138.30057843624795,24.996219321763952,8,0.16,4,0.4219354958149464,11,0.8,1.3,5.0,0.5348200083404506,0.7836045594636067,1472,1472,1406,True,ok
19,39,Drowsy,60,processed,7,1475833795220268925,138.30057843624795,24.996219321763952,8,0.16,4,0.4219354958149464,11,0.8,1.3,5.0,0.5018683982388445,0.7169993495855264,1472,1472,1409,True,ok
19,39,Drowsy,60,processed,8,12546999920036546403,138.30057843624795,24.996219321763952,8,0.16,4,0.4219354958149464,11,0.8,1.3,5.0,0.5203993079413682,0.8096406811355196,1472,1472,1407,True,ok
19,39,Drowsy,60,processed,9,1490904946395963573,138.30057843624795,24.996219321763952,8,0.16,4,0.4219354958149464,11,0.8,1.3,5.0,0.5891131691964684,0.8427331449289821,1472,1472,1399,True,ok
19,39,Drowsy,60,processed,10,4358648510254396414,138.30057843624795,24.996219321763952,8,0.16,4,0.4219354958149464,11,0.8,1.3,5.0,0.4699618522438894,0.7089916981665194,1472,1472,1414,True,ok
19,39,Drowsy,60,processed,11,11634136855299609166,138.30057843624795,24.996219321763952,8,0.16,4,0.4219354958149464,11,0.8,1.3,5.0,0.5217659467109481,0.8217608401551761,1472,1472,1414,True,ok
19,39,Drowsy,60,processed,12,5316746937131789774,138.30057843624795,24.996219321763952,8,0.16,4,0.4219354958149464,11,0.8,1.3,5.0,0.5473228288588737,0.8337427300661069,1472,1472,1401,True,ok
19,39,Drowsy,60,processed,13,1243842171462245969,138.30057843624795,24.996219321763952,8,0.16,4,0.4219354958149464,11,0.8,1.3,5.0,0.5761249903032131,0.702088588950174,1472,1472,1387,True,ok
19,39,Drowsy,60,processed,14,5316271940316191947,138.30057843624795,24.996219321763952,8,0.16,4,0.4219354958149464,11,0.8,1.3,5.0,0.5430906287367372,0.8265280725069122,1472,1472,1420,True,ok
19,39,Drowsy,60,processed,15,14612901179534511447,138.30057843624795,24.996219321763952,8,0.16,4,0.4219354958149464,11,0.8,1.3,5.0,0.5247811787968545,0.8089776524234459,1472,1472,1402,True,ok
19,39,Drowsy,60,processed,16,10681141259112354129,138.30057843624795,24.996219321763952,8,0.16,4,0.4219354958149464,11,0.8,1.3,5.0,0.5454762067642777,0.7757723137796048,1472,1472,1423,True,ok
19,39,Drowsy,60,processed,17,9387060307759034509,138.30057843624795,24.996219321763952,8,0.16,4,0.4219354958149464,11,0.8,1.3,5.0,0.5713770510740377,0.8528652627538672,1472,1472,1377,True,ok
19,39,Drowsy,60,processed,18,4273732535766849233,138.30057843624795,24.996219321763952,8,0.16,4,0.4219354958149464,11,0.8,1.3,5.0,0.5461164809102044,0.8618569995398356,1472,1472,1397,True,ok
19,39,Drowsy,60,processed,19,18417859883668090352,138.30057843624795,24.996219321763952,8,0.16,4,0.4219354958149464,11,0.8,1.3,5.0,0.535930604638554,0.9001125489852652,1472,1472,1420,True,ok
19,39,Drowsy,60,processed,20,361733826157258864,138.30057843624795,24.996219321763952,8,0.16,4,0.4219354958149464,11,0.8,1.3,5.0,0.5423059144092723,0.8255117919526582,1472,1472,1407,True,ok
19,39,Drowsy,60,processed,21,14401287852774525064,138.30057843624795,24.996219321763952,8,0.16,4,0.4219354958149464,11,0.8,1.3,5.0,0.5249251466626313,0.7866790822392162,1472,1472,1403,True,ok
19,39,Drowsy,60,processed,22,15185095983832086105,138.30057843624795,24.996219321763952,8,0.16,4,0.4219354958149464,11,0.8,1.3,5.0,0.4980184430830118,0.7801333352247929,1472,1472,1423,True,ok
19,39,Drowsy,60,processed,23,17736644818281889579,138.30057843624795,24.996219321763952,8,0.16,4,0.4219354958149464,11,0.8,1.3,5.0,0.5145447406698795,0.812379011337649,1472,1472,1413,True,ok
19,39,Drowsy,60,processed,24,17341931790591068318,138.30057843624795,24.996219321763952,8,0.16,4,0.4219354958149464,11,0.8,1.3,5.0,0.5660483196394274,0.8339913783336896,1472,1472,1414,True,ok
19,39,Drowsy,60,processed,25,5298594270699638285,138.30057843624795,24.996219321763952,8,0.16,4,0.4219354958149464,11,0.8,1.3,5.0,0.5637896108568845,0.7437401515279736,1472,1472,1395,True,ok
19,39,Drowsy,60,processed,26,16276058628123954160,138.30057843624795,24.996219321763952,8,0.16,4,0.4219354958149464,11,0.8,1.3,5.0,0.5089604865292645,0.8137152020941502,1472,1472,1406,True,ok
19,39,Drowsy,60,processed,27,15729128760310124458,138.30057843624795,24.996219321763952,8,0.16,4,0.4219354958149464,11,0.8,1.3,5.0,0.5293975710206901,0.8139875751733489,1472,1472,1410,True,ok
19,39,Drowsy,60,processed,28,18383950710565573019,138.30057843624795,24.996219321763952,8,0.16,4,0.4219354958149464,11,0.8,1.3,5.0,0.5594673428000803,0.7728554205721295,1472,1472,1396,True,ok
19,39,Drowsy,60,processed,29,3227556027697571851,138.30057843624795,24.996219321763952,8,0.16,4,0.4219354958149464,11,0.8,1.3,5.0,0.5023241590308439,0.794189711703648,1472,1472,1400,True,ok
19,39,Drowsy,60,processed,30,2548131426029056075,138.30057843624795,24.996219321763952,8,0.16,4,0.4219354958149464,11,0.8,1.3,5.0,0.5444798272113159,0.8121668465090816,1472,1472,1394,True,ok
19,39,Drowsy,60,processed,31,13990697746401438478,138.30057843624795,24.996219321763952,8,0.16,4,0.4219354958149464,11,0.8,1.3,5.0,0.5744187580143788,0.7552331013298805,1472,1472,1410,True,ok
19,39,Drowsy,60,processed,32,1832255564216573068,138.30057843624795,24.996219321763952,8,0.16,4,0.4219354958149464,11,0.8,1.3,5.0,0.5064572347594049,0.8838465142759041,1472,1472,1424,True,ok
19,39,Drowsy,60,processed,33,12186238395066024804,138.30057843624795,24.996219321763952,8,0.16,4,0.4219354958149464,11,0.8,1.3,5.0,0.5268416786762457,0.8794583939501066,1472,1472,1416,True,ok
19,39,Drowsy,60,processed,34,2372742937744130581,138.30057843624795,24.996219321763952,8,0.16,4,0.4219354958149464,11,0.8,1.3,5.0,0.5487190617893074,0.7175391399618841,1472,1472,1409,True,ok
19,39,Drowsy,60,processed,35,3574118729759764555,138.30057843624795,24.996219321763952,8,0.16,4,0.4219354958149464,11,0.8,1.3,5.0,0.5827477678422971,0.8189774188425113,1472,1472,1427,True,ok
19,39,Drowsy,60,processed,36,14932543016668590042,138.30057843624795,24.996219321763952,8,0.16,4,0.4219354958149464,11,0.8,1.3,5.0,0.5584987668897654,0.8165420511737392,1472,1472,1374,True,ok
19,39,Drowsy,60,processed,37,4960596999033457496,138.30057843624795,24.996219321763952,8,0.16,4,0.4219354958149464,11,0.8,1.3,5.0,0.5559623834672845,0.7938717027749737,1472,1472,1413,True,ok
19,39,Drowsy,60,processed,38,9922814413979476255,138.30057843624795,24.996219321763952,8,0.16,4,0.4219354958149464,11,0.8,1.3,5.0,0.5015469292733562,0.7937144178649727,1472,1472,1421,True,ok
19,39,Drowsy,60,processed,39,12086321720223786361,138.30057843624795,24.996219321763952,8,0.16,4,0.4219354958149464,11,0.8,1.3,5.0,0.4947478186587285,0.8703650925604803,1472,1472,1420,True,ok
19,40,Drowsy,60,processed,1,3018454250890412988,138.30057843624795,24.996219321763952,8,0.16,4,0.456184062983,11,0.8,1.3,5.0,0.5881746264310923,0.848802049806445,1472,1472,1381,True,ok
19,40,Drowsy,60,processed,2,1739653275668579156,138.30057843624795,24.996219321763952,8,0.16,4,0.456184062983,11,0.8,1.3,5.0,0.531677580136332,0.8500817209163529,1472,1472,1405,True,ok
19,40,Drowsy,60,processed,3,5430563716850250502,138.30057843624795,24.996219321763952,8,0.16,4,0.456184062983,11,0.8,1.3,5.0,0.5523837405641623,0.8229502664613779,1472,1472,1413,True,ok
19,40,Drowsy,60,processed,4,11879288405549103550,138.30057843624795,24.996219321763952,8,0.16,4,0.456184062983,11,0.8,1.3,5.0,0.5647199355136912,0.8386474081227016,1472,1472,1400,True,ok
19,40,Drowsy,60,processed,5,9782345346580699819,138.30057843624795,24.996219321763952,8,0.16,4,0.456184062983,11,0.8,1.3,5.0,0.5485188545285786,0.8152100663875315,1472,1472,1426,True,ok
19,40,Drowsy,60,processed,6,14316252770845578014,138.30057843624795,24.996219321763952,8,0.16,4,0.456184062983,11,0.8,1.3,5.0,0.5741909564579605,0.8912220034667767,1472,1472,1398,True,ok
19,40,Drowsy,60,processed,7,8800704496191280523,138.30057843624795,24.996219321763952,8,0.16,4,0.456184062983,11,0.8,1.3,5.0,0.5525546994641299,0.7241483380311128,1472,1472,1425,True,ok
19,40,Drowsy,60,processed,8,14548014186432015040,138.30057843624795,24.996219321763952,8,0.16,4,0.456184062983,11,0.8,1.3,5.0,0.5853326131012975,0.8553469971317674,1472,1472,1428,True,ok
19,40,Drowsy,60,processed,9,7281435792597373701,138.30057843624795,24.996219321763952,8,0.16,4,0.456184062983,11,0.8,1.3,5.0,0.526054502376679,0.7803900547665239,1472,1472,1422,True,ok
19,40,Drowsy,60,processed,10,7801247304350171720,138.30057843624795,24.996219321763952,8,0.16,4,0.456184062983,11,0.8,1.3,5.0,0.509662742819846,0.8266323362720738,1472,1472,1414,True,ok
19,40,Drowsy,60,processed,11,9299067880100401679,138.30057843624795,24.996219321763952,8,0.16,4,0.456184062983,11,0.8,1.3,5.0,0.5517528334275128,0.7747808294417048,1472,1472,1410,True,ok
19,40,Drowsy,60,processed,12,8087290836411425948,138.30057843624795,24.996219321763952,8,0.16,4,0.456184062983,11,0.8,1.3,5.0,0.5404131652254714,0.8274099431444143,1472,1472,1397,True,ok
19,40,Drowsy,60,processed,13,5522245771323325586,138.30057843624795,24.996219321763952,8,0.16,4,0.456184062983,11,0.8,1.3,5.0,0.5633068594010395,0.8585033217470798,1472,1472,1393,True,ok
19,40,Drowsy,60,processed,14,11397754538114115705,138.30057843624795,24.996219321763952,8,0.16,4,0.456184062983,11,0.8,1.3,5.0,0.5494256787085026,0.8492501512342451,1472,1472,1401,True,ok
19,40,Drowsy,60,processed,15,2235336497938609186,138.30057843624795,24.996219321763952,8,0.16,4,0.456184062983,11,0.8,1.3,5.0,0.5754559928278394,0.8955116013221701,1472,1472,1409,True,ok
19,40,Drowsy,60,processed,16,6190274112459653392,138.30057843624795,24.996219321763952,8,0.16,4,0.456184062983,11,0.8,1.3,5.0,0.5435357065396359,0.7588006435061017,1472,1472,1410,True,ok
19,40,Drowsy,60,processed,17,9059185146523632712,138.30057843624795,24.996219321763952,8,0.16,4,0.456184062983,11,0.8,1.3,5.0,0.5828028348529276,0.8550362278926041,1472,1472,1413,True,ok
19,40,Drowsy,60,processed,18,17184444171714189533,138.30057843624795,24.996219321763952,8,0.16,4,0.456184062983,11,0.8,1.3,5.0,0.5689070958558035,0.921928278149348,1472,1472,1400,True,ok
19,40,Drowsy,60,processed,19,9677758641630423921,138.30057843624795,24.996219321763952,8,0.16,4,0.456184062983,11,0.8,1.3,5.0,0.5395047454259021,0.8661090063720785,1472,1472,1414,True,ok
19,40,Drowsy,60,processed,20,17579995474597510647,138.30057843624795,24.996219321763952,8,0.16,4,0.456184062983,11,0.8,1.3,5.0,0.5401711562206597,0.8001662001983026,1472,1472,1397,True,ok
19,40,Drowsy,60,processed,21,14069041915520011310,138.30057843624795,24.996219321763952,8,0.16,4,0.456184062983,11,0.8,1.3,5.0,0.5394553462635907,0.8729601491800659,1472,1472,1401,True,ok
19,40,Drowsy,60,processed,22,10626403331293073040,138.30057843624795,24.996219321763952,8,0.16,4,0.456184062983,11,0.8,1.3,5.0,0.527687771203086,0.8660604320849954,1472,1472,1412,True,ok
19,40,Drowsy,60,processed,23,11244321268158827858,138.30057843624795,24.996219321763952,8,0.16,4,0.456184062983,11,0.8,1.3,5.0,0.5806033053113867,0.7983685710187822,1472,1472,1414,True,ok
19,40,Drowsy,60,processed,24,16522399055918442705,138.30057843624795,24.996219321763952,8,0.16,4,0.456184062983,11,0.8,1.3,5.0,0.5751303533502058,0.8451833443821414,1472,1472,1403,True,ok
19,40,Drowsy,60,processed,25,16498504302535122478,138.30057843624795,24.996219321763952,8,0.16,4,0.456184062983,11,0.8,1.3,5.0,0.6062824220865154,0.7874900532539174,1472,1472,1400,True,ok
19,40,Drowsy,60,processed,26,1269123077107723312,138.30057843624795,24.996219321763952,8,0.16,4,0.456184062983,11,0.8,1.3,5.0,0.5366360817495097,0.852161759352655,1472,1472,1407,True,ok
19,40,Drowsy,60,processed,27,5926706267791642911,138.30057843624795,24.996219321763952,8,0.16,4,0.456184062983,11,0.8,1.3,5.0,0.549231881650236,0.8795982489906174,1472,1472,1412,True,ok
19,40,Drowsy,60,processed,28,17389592335228283049,138.30057843624795,24.996219321763952,8,0.16,4,0.456184062983,11,0.8,1.3,5.0,0.5901596535180247,0.8549009678918782,1472,1472,1395,True,ok
19,40,Drowsy,60,processed,29,8021973784194510700,138.30057843624795,24.996219321763952,8,0.16,4,0.456184062983,11,0.8,1.3,5.0,0.5520040255981168,0.8804214341308326,1472,1472,1425,True,ok
19,40,Drowsy,60,processed,30,1431278754417727672,138.30057843624795,24.996219321763952,8,0.16,4,0.456184062983,11,0.8,1.3,5.0,0.563400714528979,0.8849281290758251,1472,1472,1417,True,ok
19,40,Drowsy,60,processed,31,7473094522910691891,138.30057843624795,24.996219321763952,8,0.16,4,0.456184062983,11,0.8,1.3,5.0,0.576402484122879,0.8412730105986344,1472,1472,1413,True,ok
19,40,Drowsy,60,processed,32,8993466520324724335,138.30057843624795,24.996219321763952,8,0.16,4,0.456184062983,11,0.8,1.3,5.0,0.523940084641844,0.8873056747502848,1472,1472,1414,True,ok
19,40,Drowsy,60,processed,33,2363074847783124995,138.30057843624795,24.996219321763952,8,0.16,4,0.456184062983,11,0.8,1.3,5.0,0.6053077065873209,0.7916415878274689,1472,1472,1411,True,ok
19,40,Drowsy,60,processed,34,3820132501059511514,138.30057843624795,24.996219321763952,8,0.16,4,0.456184062983,11,0.8,1.3,5.0,0.49798850626085067,0.7508436019613333,1472,1472,1415,True,ok
19,40,Drowsy,60,processed,35,11940231440720663627,138.30057843624795,24.996219321763952,8,0.16,4,0.456184062983,11,0.8,1.3,5.0,0.5780394137382043,0.8392378250915944,1472,1472,1397,True,ok
19,40,Drowsy,60,processed,36,162390355781178157,138.30057843624795,24.996219321763952,8,0.16,4,0.456184062983,11,0.8,1.3,5.0,0.5733981727005947,0.8698935391132,1472,1472,1408,True,ok
19,40,Drowsy,60,processed,37,2964247450470066105,138.30057843624795,24.996219321763952,8,0.16,4,0.456184062983,11,0.8,1.3,5.0,0.5375579122683233,0.9000103956675808,1472,1472,1432,True,ok
19,40,Drowsy,60,processed,38,16031623860828951452,138.30057843624795,24.996219321763952,8,0.16,4,0.456184062983,11,0.8,1.3,5.0,0.5189476691272719,0.8091834807959396,1472,1472,1395,True,ok
19,40,Drowsy,60,processed,39,8043506457382670609,138.30057843624795,24.996219321763952,8,0.16,4,0.456184062983,11,0.8,1.3,5.0,0.4864604705362266,0.7293976992482283,1472,1472,1403,True,ok
19,41,Drowsy,60,processed,1,16640417562130920685,95.63524997900372,24.996219321763952,8,0.16,4,0.476034152093531,12,0.8,1.3,5.0,0.6954307143329852,0.8361259279905825,1472,1472,1426,True,ok
19,41,Drowsy,60,processed,2,5143569835949197115,95.63524997900372,24.996219321763952,8,0.16,4,0.476034152093531,12,0.8,1.3,5.0,0.6546601233745339,0.8963008812009677,1472,1472,1414,True,ok
19,41,Drowsy,60,processed,3,17173598465581363464,95.63524997900372,24.996219321763952,8,0.16,4,0.476034152093531,12,0.8,1.3,5.0,0.6218636854708516,0.8947681835757096,1472,1472,1408,True,ok
19,41,Drowsy,60,processed,4,3383387469173632506,95.63524997900372,24.996219321763952,8,0.16,4,0.476034152093531,12,0.8,1.3,5.0,0.7041467529847035,0.8945397112259018,1472,1472,1427,True,ok
19,41,Drowsy,60,processed,5,6876959159023147258,95.63524997900372,24.996219321763952,8,0.16,4,0.476034152093531,12,0.8,1.3,5.0,0.6661073819104177,0.7564891900524594,1472,1472,1393,True,ok
19,41,Drowsy,60,processed,6,16952506353743044752,95.63524997900372,24.996219321763952,8,0.16,4,0.476034152093531,12,0.8,1.3,5.0,0.6596290468314657,0.8818333696421023,1472,1472,1428,True,ok
19,41,Drowsy,60,processed,7,8627098434999788603,95.63524997900372,24.996219321763952,8,0.16,4,0.476034152093531,12,0.8,1.3,5.0,0.6090582269836692,0.8176979330624342,1472,1472,1420,True,ok
19,41,Drowsy,60,processed,8,16367675657253026422,95.63524997900372,24.996219321763952,8,0.16,4,0.476034152093531,12,0.8,1.3,5.0,0.6654791506436394,0.871492838942232,1472,1472,1399,True,ok
19,41,Drowsy,60,processed,9,2108243078434349994,95.63524997900372,24.996219321763952,8,0.16,4,0.476034152093531,12,0.8,1.3,5.0,0.6784347217173806,0.9002864580594098,1472,1472,1394,True,ok
19,41,Drowsy,60,processed,10,2475081129456671298,95.63524997900372,24.996219321763952,8,0.16,4,0.476034152093531,12,0.8,1.3,5.0,0.653572427378286,0.9047373878226481,1472,1472,1414,True,ok
19,41,Drowsy,60,processed,11,10793749530567215019,95.63524997900372,24.996219321763952,8,0.16,4,0.476034152093531,12,0.8,1.3,5.0,0.6309339885337422,0.8653466143151243,1472,1472,1421,True,ok
19,41,Drowsy,60,processed,12,10499803623239686418,95.63524997900372,24.996219321763952,8,0.16,4,0.476034152093531,12,0.8,1.3,5.0,0.7283862851118442,0.8314965665079415,1472,1472,1433,True,ok
19,41,Drowsy,60,processed,13,9833404764629685732,95.63524997900372,24.996219321763952,8,0.16,4,0.476034152093531,12,0.8,1.3,5.0,0.6714508120276134,0.8927901150880228,1472,1472,1408,True,ok
19,41,Drowsy,60,processed,14,15825564389023701258,95.63524997900372,24.996219321763952,8,0.16,4,0.476034152093531,12,0.8,1.3,5.0,0.6495636644415086,0.9471311113317926,1472,1472,1402,True,ok
19,41,Drowsy,60,processed,15,13814915965880482395,95.63524997900372,24.996219321763952,8,0.16,4,0.476034152093531,12,0.8,1.3,5.0,0.6925856253335853,0.7888012148719858,1472,1472,1403,True,ok
19,41,Drowsy,60,processed,16,11647833826881724464,95.63524997900372,24.996219321763952,8,0.16,4,0.476034152093531,12,0.8,1.3,5.0,0.6017032351977709,0.8800446367946185,1472,1472,1410,True,ok
19,41,Drowsy,60,processed,17,17641717548560185556,95.63524997900372,24.996219321763952,8,0.16,4,0.476034152093531,12,0.8,1.3,5.0,0.6724098536288822,0.9173950671269815,1472,1472,1401,True,ok
19,41,Drowsy,60,processed,18,17927640520726599283,95.63524997900372,24.996219321763952,8,0.16,4,0.476034152093531,12,0.8,1.3,5.0,0.6471049002227793,0.9352885775895327,1472,1472,1381,True,ok
19,41,Drowsy,60,processed,19,16900054959642412767,95.63524997900372,24.996219321763952,8,0.16,4,0.476034152093531,12,0.8,1.3,5.0,0.6987298157159106,0.9137085611634312,1472,1472,1424,True,ok
19,41,Drowsy,60,processed,20,12997277666381433318,95.63524997900372,24.996219321763952,8,0.16,4,0.476034152093531,12,0.8,1.3,5.0,0.719830715897373,0.9055472325652018,1472,1472,1410,True,ok
19,41,Drowsy,60,processed,21,15496773832794079698,95.63524997900372,24.996219321763952,8,0.16,4,0.476034152093531,12,0.8,1.3,5.0,0.6600447605603336,0.8309806682104716,1472,1472,1396,True,ok
19,41,Drowsy,60,processed,22,6984385616591476761,95.63524997900372,24.996219321763952,8,0.16,4,0.476034152093531,12,0.8,1.3,5.0,0.6688544720057259,0.9185176490007371,1472,1472,1398,True,ok
19,41,Drowsy,60,processed,23,10293217646891572679,95.63524997900372,24.996219321763952,8,0.16,4,0.476034152093531,12,0.8,1.3,5.0,0.7052835683910921,0.9126429182335819,1472,1472,1420,True,ok
19,41,Drowsy,60,processed,24,14153835009611627078,95.63524997900372,24.996219321763952,8,0.16,4,0.476034152093531,12,0.8,1.3,5.0,0.6940852560579038,0.8705473641480465,1472,1472,1381,True,ok
19,41,Drowsy,60,processed,25,4504645368571858461,95.63524997900372,24.996219321763952,8,0.16,4,0.476034152093531,12,0.8,1.3,5.0,0.7209078396988768,0.893649051055027,1472,1472,1406,True,ok
19,41,Drowsy,60,processed,26,14466563224538864613,95.63524997900372,24.996219321763952,8,0.16,4,0.476034152093531,12,0.8,1.3,5.0,0.6670891881134788,0.9007526696009692,1472,1472,1419,True,ok
19,41,Drowsy,60,processed,27,8671907821975671545,95.63524997900372,24.996219321763952,8,0.16,4,0.476034152093531,12,0.8,1.3,5.0,0.6906235240622731,0.9134432589044101,1472,1472,1409,True,ok
19,41,Drowsy,60,processed,28,15969846140374569143,95.63524997900372,24.996219321763952,8,0.16,4,0.476034152093531,12,0.8,1.3,5.0,0.6335118734147237,0.8991130637765569,1472,1472,1409,True,ok
19,41,Drowsy,60,processed,29,15178169865659376445,95.63524997900372,24.996219321763952,8,0.16,4,0.476034152093531,12,0.8,1.3,5.0,0.6803830053257359,0.8375393181896615,1472,1472,1421,True,ok
19,41,Drowsy,60,processed,30,5700084434182989917,95.63524997900372,24.996219321763952,8,0.16,4,0.476034152093531,12,0.8,1.3,5.0,0.6451039863633201,0.9336269531548628,1472,1472,1415,True,ok
19,41,Drowsy,60,processed,31,17314544661677761167,95.63524997900372,24.996219321763952,8,0.16,4,0.476034152093531,12,0.8,1.3,5.0,0.6340873628499497,0.8813503844176432,1472,1472,1396,True,ok
19,41,Drowsy,60,processed,32,254550545827306167,95.63524997900372,24.996219321763952,8,0.16,4,0.476034152093531,12,0.8,1.3,5.0,0.6349660953494218,0.8755059763314988,1472,1472,1387,True,ok
19,41,Drowsy,60,processed,33,16111384250837191029,95.63524997900372,24.996219321763952,8,0.16,4,0.476034152093531,12,0.8,1.3,5.0,0.6922896260344563,0.8928562354442305,1472,1472,1401,True,ok
19,41,Drowsy,60,processed,34,17785808304070793232,95.63524997900372,24.996219321763952,8,0.16,4,0.476034152093531,12,0.8,1.3,5.0,0.6520320520448122,0.9246111874330086,1472,1472,1407,True,ok
19,41,Drowsy,60,processed,35,9263696277319937161,95.63524997900372,24.996219321763952,8,0.16,4,0.476034152093531,12,0.8,1.3,5.0,0.7137311317146224,0.8450906055915064,1472,1472,1414,True,ok
19,41,Drowsy,60,processed,36,6103234928369230677,95.63524997900372,24.996219321763952,8,0.16,4,0.476034152093531,12,0.8,1.3,5.0,0.6464544576444226,0.8549793431254873,1472,1472,1386,True,ok
19,41,Drowsy,60,processed,37,11423043777788444755,95.63524997900372,24.996219321763952,8,0.16,4,0.476034152093531,12,0.8,1.3,5.0,0.6172643429748785,0.900407287029802,1472,1472,1407,True,ok
19,41,Drowsy,60,processed,38,12334048033420952206,95.63524997900372,24.996219321763952,8,0.16,4,0.476034152093531,12,0.8,1.3,5.0,0.7582386242243195,0.9438144586140985,1472,1472,1412,True,ok
19,41,Drowsy,60,processed,39,2842672726189130961,95.63524997900372,24.996219321763952,8,0.16,4,0.476034152093531,12,0.8,1.3,5.0,0.6303422596707443,0.7816030827703914,1472,1472,1404,True,ok
19,43,Drowsy,60,processed,1,578466982361013219,166.3133058033831,24.996219321763952,8,0.16,4,0.4436021847727436,11,0.8,1.3,5.0,0.563329844662437,0.8051340714879398,1472,1472,1409,True,ok
19,43,Drowsy,60,processed,2,4225611807697071992,166.3133058033831,24.996219321763952,8,0.16,4,0.4436021847727436,11,0.8,1.3,5.0,0.5205736396762181,0.759837503007666,1472,1472,1421,True,ok
19,43,Drowsy,60,processed,3,7643530030590438012,166.3133058033831,24.996219321763952,8,0.16,4,0.4436021847727436,11,0.8,1.3,5.0,0.5200846120184452,0.8358298443254436,1472,1472,1405,True,ok
19,43,Drowsy,60,processed,4,2570516860806030812,166.3133058033831,24.996219321763952,8,0.16,4,0.4436021847727436,11,0.8,1.3,5.0,0.529946186831002,0.8240643476406181,1472,1472,1409,True,ok
19,43,Drowsy,60,processed,5,3533035597600344399,166.3133058033831,24.996219321763952,8,0.16,4,0.4436021847727436,11,0.8,1.3,5.0,0.5306711662732209,0.879319255871639,1472,1472,1425,True,ok
19,43,Drowsy,60,processed,6,3271306900771528193,166.3133058033831,24.996219321763952,8,0.16,4,0.4436021847727436,11,0.8,1.3,5.0,0.4970619508120394,0.8431855354741444,1472,1472,1407,True,ok
19,43,Drowsy,60,processed,7,9275794870086686625,166.3133058033831,24.996219321763952,8,0.16,4,0.4436021847727436,11,0.8,1.3,5.0,0.4874170081588916,0.8196435323022981,1472,1472,1401,True,ok
19,43,Drowsy,60,processed,8,18023931500032828692,166.3133058033831,24.996219321763952,8,0.16,4,0.4436021847727436,11,0.8,1.3,5.0,0.5954006304611519,0.8817980596941899,1472,1472,1390,True,ok
19,43,Drowsy,60,processed,9,10853789246296847013,166.3133058033831,24.996219321763952,8,0.16,4,0.4436021847727436,11,0.8,1.3,5.0,0.48974967258585533,0.8885078642648532,1472,1472,1432,True,ok
19,43,Drowsy,60,processed,10,16896286751737082309,166.3133058033831,24.996219321763952,8,0.16,4,0.4436021847727436,11,0.8,1.3,5.0,0.5311192742993586,0.847841711301337,1472,1472,1407,True,ok
19,43,Drowsy,60,processed,11,8748260473903059504,166.3133058033831,24.996219321763952,8,0.16,4,0.4436021847727436,11,0.8,1.3,5.0,0.5608080714375594,0.8538160962198516,1472,1472,1395,True,ok
19,43,Drowsy,60,processed,12,17679236610064934939,166.3133058033831,24.996219321763952,8,0.16,4,0.4436021847727436,11,0.8,1.3,5.0,0.48671513899645336,0.812789864366008,1472,1472,1397,True,ok
19,43,Drowsy,60,processed,13,17288714278846958442,166.3133058033831,24.996219321763952,8,0.16,4,0.4436021847727436,11,0.8,1.3,5.0,0.5120491507418324,0.8767323107144075,1472,1472,1420,True,ok
19,43,Drowsy,60,processed,14,4302423998252123335,166.3133058033831,24.996219321763952,8,0.16,4,0.4436021847727436,11,0.8,1.3,5.0,0.5439492573108091,0.8838869130140352,1472,1472,1414,True,ok
19,43,Drowsy,60,processed,15,2932681187841251134,166.3133058033831,24.996219321763952,8,0.16,4,0.4436021847727436,11,0.8,1.3,5.0,0.5832482343218421,0.8951043795074047,1472,1472,1410,True,ok
19,43,Drowsy,60,processed,16,7848524819460509879,166.3133058033831,24.996219321763952,8,0.16,4,0.4436021847727436,11,0.8,1.3,5.0,0.5349731921940415,0.807032054396956,1472,1472,1418,True,ok
19,43,Drowsy,60,processed,17,15157351119053946696,166.3133058033831,24.996219321763952,8,0.16,4,0.4436021847727436,11,0.8,1.3,5.0,0.5337624917018194,0.8956223209735756,1472,1472,1400,True,ok
19,43,Drowsy,60,processed,18,1987551473868109442,166.3133058033831,24.996219321763952,8,0.16,4,0.4436021847727436,11,0.8,1.3,5.0,0.5611357809340294,0.8383801270069929,1472,1472,1420,True,ok
19,43,Drowsy,60,processed,19,1330854567917287177,166.3133058033831,24.996219321763952,8,0.16,4,0.4436021847727436,11,0.8,1.3,5.0,0.5471187678590446,0.8339806864730769,1472,1472,1396,True,ok
19,43,Drowsy,60,processed,20,10493773322240775815,166.3133058033831,24.996219321763952,8,0.16,4,0.4436021847727436,11,0.8,1.3,5.0,0.5267086016057644,0.8850468350781076,1472,1472,1408,True,ok
19,43,Drowsy,60,processed,21,7104775520657031716,166.3133058033831,24.996219321763952,8,0.16,4,0.4436021847727436,11,0.8,1.3,5.0,0.4989909643575198,0.74071748136446,1472,1472,1403,True,ok
19,43,Drowsy,60,processed,22,11831758423036152021,166.3133058033831,24.996219321763952,8,0.16,4,0.4436021847727436,11,0.8,1.3,5.0,0.5105928723477736,0.7417291627092473,1472,1472,1404,True,ok
19,43,Drowsy,60,processed,23,1077584286070911954,166.3133058033831,24.996219321763952,8,0.16,4,0.4436021847727436,11,0.8,1.3,5.0,0.4777996460102134,0.771255379352088,1472,1472,1388,True,ok
19,43,Drowsy,60,processed,24,17776108882928140812,166.3133058033831,24.996219321763952,8,0.16,4,0.4436021847727436,11,0.8,1.3,5.0,0.5754767063960665,0.8594092393916513,1472,1472,1417,True,ok
19,43,Drowsy,60,processed,25,1590879378937578539,166.3133058033831,24.996219321763952,8,0.16,4,0.4436021847727436,11,0.8,1.3,5.0,0.5272594926357784,0.8083745147108459,1472,1472,1396,True,ok
19,43,Drowsy,60,processed,26,3234479405535753669,166.3133058033831,24.996219321763952,8,0.16,4,0.4436021847727436,11,0.8,1.3,5.0,0.5203679465628211,0.7886350532896524,1472,1472,1413,True,ok
19,43,Drowsy,60,processed,27,16761443071701172395,166.3133058033831,24.996219321763952,8,0.16,4,0.4436021847727436,11,0.8,1.3,5.0,0.5535428869963136,0.8924196970109186,1472,1472,1389,True,ok
19,43,Drowsy,60,processed,28,15210262224253514530,166.3133058033831,24.996219321763952,8,0.16,4,0.4436021847727436,11,0.8,1.3,5.0,0.49791760956014963,0.8913359005680122,1472,1472,1423,True,ok
19,43,Drowsy,60,processed,29,945781305140730474,166.3133058033831,24.996219321763952,8,0.16,4,0.4436021847727436,11,0.8,1.3,5.0,0.5619158210011448,0.8974181854852696,1472,1472,1386,True,ok
19,43,Drowsy,60,processed,30,8793166363572251057,166.3133058033831,24.996219321763952,8,0.16,4,0.4436021847727436,11,0.8,1.3,5.0,0.4936262917763655,0.6453714425791214,1472,1472,1433,True,ok
19,43,Drowsy,60,processed,31,16288798861598538748,166.3133058033831,24.996219321763952,8,0.16,4,0.4436021847727436,11,0.8,1.3,5.0,0.5180767725457186,0.785424876602741,1472,1472,1408,True,ok
19,43,Drowsy,60,processed,32,6319059828960675408,166.3133058033831,24.996219321763952,8,0.16,4,0.4436021847727436,11,0.8,1.3,5.0,0.5778987841650737,0.75005347403311,1472,1472,1426,True,ok
19,43,Drowsy,60,processed,33,9800480384506879219,166.3133058033831,24.996219321763952,8,0.16,4,0.4436021847727436,11,0.8,1.3,5.0,0.5218323969934392,0.7972526028088748,1472,1472,1401,True,ok
19,43,Drowsy,60,processed,34,11531625595591042204,166.3133058033831,24.996219321763952,8,0.16,4,0.4436021847727436,11,0.8,1.3,5.0,0.5300962023351662,0.8172647482750615,1472,1472,1400,True,ok
19,43,Drowsy,60,processed,35,2475434381452612790,166.3133058033831,24.996219321763952,8,0.16,4,0.4436021847727436,11,0.8,1.3,5.0,0.573081191350986,0.9154923491223743,1472,1472,1413,True,ok
19,43,Drowsy,60,processed,36,9968120194525777861,166.3133058033831,24.996219321763952,8,0.16,4,0.4436021847727436,11,0.8,1.3,5.0,0.5672389633189147,0.9088821230205535,1472,1472,1416,True,ok
19,43,Drowsy,60,processed,37,14977064917781689459,166.3133058033831,24.996219321763952,8,0.16,4,0.4436021847727436,11,0.8,1.3,5.0,0.5123828315715295,0.7566902307236031,1472,1472,1392,True,ok
19,43,Drowsy,60,processed,38,2921012262310130446,166.3133058033831,24.996219321763952,8,0.16,4,0.4436021847727436,11,0.8,1.3,5.0,0.5404025981944396,0.917109862703429,1472,1472,1394,True,ok
19,43,Drowsy,60,processed,39,2687297047525978906,166.3133058033831,24.996219321763952,8,0.16,4,0.4436021847727436,11,0.8,1.3,5.0,0.5677859564089758,0.8475401721673351,1472,1472,1411,True,ok
19,44,Drowsy,60,processed,1,428487017766891040,138.30057843624795,24.996219321763952,8,0.16,4,0.4095963993612209,10,0.8,1.3,5.0,0.6614018270880494,0.9090779527805359,1472,1472,1405,True,ok
19,44,Drowsy,60,processed,2,18298518308354646068,138.30057843624795,24.996219321763952,8,0.16,4,0.4095963993612209,10,0.8,1.3,5.0,0.6630713030389225,0.8603421422514812,1472,1472,1403,True,ok
19,44,Drowsy,60,processed,3,10820944764405343802,138.30057843624795,24.996219321763952,8,0.16,4,0.4095963993612209,10,0.8,1.3,5.0,0.5700233480251512,0.8092401825685166,1472,1472,1417,True,ok
19,44,Drowsy,60,processed,4,14370582511528701955,138.30057843624795,24.996219321763952,8,0.16,4,0.4095963993612209,10,0.8,1.3,5.0,0.6874189346136554,0.8987308293618842,1472,1472,1426,True,ok
19,44,Drowsy,60,processed,5,13240160771430227516,138.30057843624795,24.996219321763952,8,0.16,4,0.4095963993612209,10,0.8,1.3,5.0,0.6589723680365792,0.8785754229491084,1472,1472,1415,True,ok
19,44,Drowsy,60,processed,6,7389086445361868332,138.30057843624795,24.996219321763952,8,0.16,4,0.4095963993612209,10,0.8,1.3,5.0,0.5817542269810821,0.7936468260026813,1472,1472,1399,True,ok
19,44,Drowsy,60,processed,7,7453089146536086550,138.30057843624795,24.996219321763952,8,0.16,4,0.4095963993612209,10,0.8,1.3,5.0,0.6059207305172222,0.9239155847248111,1472,1472,1417,True,ok
19,44,Drowsy,60,processed,8,3379950339985830689,138.30057843624795,24.996219321763952,8,0.16,4,0.4095963993612209,10,0.8,1.3,5.0,0.6704774452933999,0.9264955375725723,1472,1472,1403,True,ok
19,44,Drowsy,60,processed,9,203134730983037870,138.30057843624795,24.996219321763952,8,0.16,4,0.4095963993612209,10,0.8,1.3,5.0,0.553637179844197,0.776657802140832,1472,1472,1412,True,ok
19,44,Drowsy,60,processed,10,13648057490608620816,138.30057843624795,24.996219321763952,8,0.16,4,0.4095963993612209,10,0.8,1.3,5.0,0.6835015162347093,0.9334858325061492,1472,1472,1438,True,ok
19,44,Drowsy,60,processed,11,11858051083460259826,138.30057843624795,24.996219321763952,8,0.16,4,0.4095963993612209,10,0.8,1.3,5.0,0.6628369359966233,0.8337695854886995,1472,1472,1408,True,ok
19,44,Drowsy,60,processed,12,453728548253118482,138.30057843624795,24.996219321763952,8,0.16,4,0.4095963993612209,10,0.8,1.3,5.0,0.6119024123007152,0.8693971285231226,1472,1472,1416,True,ok
19,44,Drowsy,60,processed,13,5880166044020319648,138.30057843624795,24.996219321763952,8,0.16,4,0.4095963993612209,10,0.8,1.3,5.0,0.6473294007998818,0.9082394195991086,1472,1472,1416,True,ok
19,44,Drowsy,60,processed,14,1541912696280617836,138.30057843624795,24.996219321763952,8,0.16,4,0.4095963993612209,10,0.8,1.3,5.0,0.6309588311134745,0.8634353492062481,1472,1472,1396,True,ok
19,44,Drowsy,60,processed,15,17997502359690857235,138.30057843624795,24.996219321763952,8,0.16,4,0.4095963993612209,10,0.8,1.3,5.0,0.6040473665988526,0.8795617087208839,1472,1472,1393,True,ok
19,44,Drowsy,60,processed,16,15370642029098872721,138.30057843624795,24.996219321763952,8,0.16,4,0.4095963993612209,10,0.8,1.3,5.0,0.594225331898926,0.9260834969934546,1472,1472,1417,True,ok
19,44,Drowsy,60,processed,17,2329148404320825055,138.30057843624795,24.996219321763952,8,0.16,4,0.4095963993612209,10,0.8,1.3,5.0,0.6111486030137206,0.852505209579301,1472,1472,1414,True,ok
19,44,Drowsy,60,processed,18,16758551408425292658,138.30057843624795,24.996219321763952,8,0.16,4,0.4095963993612209,10,0.8,1.3,5.0,0.575695064053639,0.8141075872995135,1472,1422,1377,True,ok
19,44,Drowsy,60,processed,19,15914554158417394036,138.30057843624795,24.996219321763952,8,0.16,4,0.4095963993612209,10,0.8,1.3,5.0,0.6444541611281354,0.8651164474068002,1472,1472,1388,True,ok
19,44,Drowsy,60,processed,20,8456531416613003088,138.30057843624795,24.996219321763952,8,0.16,4,0.4095963993612209,10,0.8,1.3,5.0,0.6144277630472058,0.9373538747929712,1472,1466,1402,True,ok
19,44,Drowsy,60,processed,21,7234961914521978366,138.30057843624795,24.996219321763952,8,0.16,4,0.4095963993612209,10,0.8,1.3,5.0,0.6686743153597196,0.8258606814124236,1472,1472,1398,True,ok
19,44,Drowsy,60,processed,22,17861146295855983687,138.30057843624795,24.996219321763952,8,0.16,4,0.4095963993612209,10,0.8,1.3,5.0,0.6195238583352831,0.894479673159575,1472,1472,1408,True,ok
19,44,Drowsy,60,processed,23,16165107940717612142,138.30057843624795,24.996219321763952,8,0.16,4,0.4095963993612209,10,0.8,1.3,5.0,0.5917791858477875,0.7704299576981355,1472,1472,1413,True,ok
19,44,Drowsy,60,processed,24,14451299826394114419,138.30057843624795,24.996219321763952,8,0.16,4,0.4095963993612209,10,0.8,1.3,5.0,0.6260182260588891,0.8357492962407671,1472,1472,1386,True,ok
19,44,Drowsy,60,processed,25,3277643031028688158,138.30057843624795,24.996219321763952,8,0.16,4,0.4095963993612209,10,0.8,1.3,5.0,0.6038031702525987,0.8268471342444319,1472,1472,1415,True,ok
19,44,Drowsy,60,processed,26,17619364739576766194,138.30057843624795,24.996219321763952,8,0.16,4,0.4095963993612209,10,0.8,1.3,5.0,0.626391041322937,0.8958439284651349,1472,1472,1408,True,ok
19,44,Drowsy,60,processed,27,4196919213856885717,138.30057843624795,24.996219321763952,8,0.16,4,0.4095963993612209,10,0.8,1.3,5.0,0.6183830864330669,0.924561549485246,1472,1472,1412,True,ok
19,44,Drowsy,60,processed,28,4033056507644542444,138.30057843624795,24.996219321763952,8,0.16,4,0.4095963993612209,10,0.8,1.3,5.0,0.6535019970159042,0.9250564772900989,1472,1414,1344,True,ok
19,44,Drowsy,60,processed,29,8119237613823722831,138.30057843624795,24.996219321763952,8,0.16,4,0.4095963993612209,10,0.8,1.3,5.0,0.6120759636444549,0.9086368426251202,1472,1472,1407,True,ok
19,44,Drowsy,60,processed,30,965892585447883866,138.30057843624795,24.996219321763952,8,0.16,4,0.4095963993612209,10,0.8,1.3,5.0,0.5648357658644906,0.8400165169209107,1472,1472,1407,True,ok
19,44,Drowsy,60,processed,31,3907020852468758612,138.30057843624795,24.996219321763952,8,0.16,4,0.4095963993612209,10,0.8,1.3,5.0,0.5650730477661251,0.8521561784839325,1472,1428,1357,True,ok
19,44,Drowsy,60,processed,32,7961432317736524974,138.30057843624795,24.996219321763952,8,0.16,4,0.4095963993612209,10,0.8,1.3,5.0,0.6166096402564313,0.9299539138783299,1472,1472,1414,True,ok
19,44,Drowsy,60,processed,33,17157476712786339474,138.30057843624795,24.996219321763952,8,0.16,4,0.4095963993612209,10,0.8,1.3,5.0,0.649738730907011,0.9383926821685133,1472,1472,1417,True,ok
19,44,Drowsy,60,processed,34,10954879026338968346,138.30057843624795,24.996219321763952,8,0.16,4,0.4095963993612209,10,0.8,1.3,5.0,0.6643019545540847,0.872748988643697,1472,1472,1412,True,ok
19,44,Drowsy,60,processed,35,17295570994891296168,138.30057843624795,24.996219321763952,8,0.16,4,0.4095963993612209,10,0.8,1.3,5.0,0.5937790908569465,0.8389005444351583,1472,1472,1392,True,ok
19,44,Drowsy,60,processed,36,5823402394655137292,138.30057843624795,24.996219321763952,8,0.16,4,0.4095963993612209,10,0.8,1.3,5.0,0.635556435538618,0.9536622164789372,1472,1472,1414,True,ok
19,44,Drowsy,60,processed,37,13712656537167450333,138.30057843624795,24.996219321763952,8,0.16,4,0.4095963993612209,10,0.8,1.3,5.0,0.6618814354198405,0.9396347750479715,1472,1460,1389,True,ok
19,44,Drowsy,60,processed,38,16143963328478727693,138.30057843624795,24.996219321763952,8,0.16,4,0.4095963993612209,10,0.8,1.3,5.0,0.595766221964107,0.9405511016925957,1472,1472,1416,True,ok
19,44,Drowsy,60,processed,39,1028539448422763530,138.30057843624795,24.996219321763952,8,0.16,4,0.4095963993612209,10,0.8,1.3,5.0,0.6333720224702043,0.9098877590712212,1472,1472,1420,True,ok
19,45,Drowsy,60,processed,1,15477614757736933805,138.30057843624795,24.996219321763952,8,0.16,4,0.4436539089624494,11,0.8,1.3,5.0,0.5819436004143748,0.8564825290703216,1472,1472,1413,True,ok
19,45,Drowsy,60,processed,2,17902980862963702041,138.30057843624795,24.996219321763952,8,0.16,4,0.4436539089624494,11,0.8,1.3,5.0,0.6382828838386472,0.8786377733275537,1472,1472,1417,True,ok
19,45,Drowsy,60,processed,3,17400376073516429733,138.30057843624795,24.996219321763952,8,0.16,4,0.4436539089624494,11,0.8,1.3,5.0,0.6009241736012031,0.8361138387469103,1472,1472,1397,True,ok
19,45,Drowsy,60,processed,4,1184773471366247751,138.30057843624795,24.996219321763952,8,0.16,4,0.4436539089624494,11,0.8,1.3,5.0,0.5760287685519677,0.8535805073281353,1472,1472,1414,True,ok
19,45,Drowsy,60,processed,5,15287144085262218569,138.30057843624795,24.996219321763952,8,0.16,4,0.4436539089624494,11,0.8,1.3,5.0,0.5668277418545797,0.7693640908916876,1472,1472,1424,True,ok
19,45,Drowsy,60,processed,6,5712910883022060286,138.30057843624795,24.996219321763952,8,0.16,4,0.4436539089624494,11,0.8,1.3,5.0,0.6173337892326828,0.8037246414868302,1472,1472,1408,True,ok
19,45,Drowsy,60,processed,7,7666924269086573922,138.30057843624795,24.996219321763952,8,0.16,4,0.4436539089624494,11,0.8,1.3,5.0,0.6291957796301226,0.7566426131432346,1472,1472,1423,True,ok
19,45,Drowsy,60,processed,8,6537263795415625331,138.30057843624795,24.996219321763952,8,0.16,4,0.4436539089624494,11,0.8,1.3,5.0,0.5347670732268424,0.8450456647307285,1472,1472,1434,True,ok
19,45,Drowsy,60,processed,9,12469451845085772158,138.30057843624795,24.996219321763952,8,0.16,4,0.4436539089624494,11,0.8,1.3,5.0,0.6536703248450255,0.9381037863268245,1472,1468,1421,True,ok
19,45,Drowsy,60,processed,10,14867266731090913809,138.30057843624795,24.996219321763952,8,0.16,4,0.4436539089624494,11,0.8,1.3,5.0,0.6300310581183485,0.9449275267993192,1472,1472,1419,True,ok
19,45,Drowsy,60,processed,11,4922550553795894747,138.30057843624795,24.996219321763952,8,0.16,4,0.4436539089624494,11,0.8,1.3,5.0,0.5308417139467344,0.8990318564662256,1472,1472,1421,True,ok
19,45,Drowsy,60,processed,12,12651811122572974028,138.30057843624795,24.996219321763952,8,0.16,4,0.4436539089624494,11,0.8,1.3,5.0,0.6372100438211349,0.8450379183057987,1472,1472,1415,True,ok
19,45,Drowsy,60,processed,13,12066608692969889275,138.30057843624795,24.996219321763952,8,0.16,4,0.4436539089624494,11,0.8,1.3,5.0,0.6136281580285385,0.8909753082887096,1472,1472,1434,True,ok
19,45,Drowsy,60,processed,14,5015519131929283913,138.30057843624795,24.996219321763952,8,0.16,4,0.4436539089624494,11,0.8,1.3,5.0,0.5763599173764025,0.837773677989315,1472,1472,1411,True,ok
19,45,Drowsy,60,processed,15,17257867643628598265,138.30057843624795,24.996219321763952,8,0.16,4,0.4436539089624494,11,0.8,1.3,5.0,0.5997993929993056,0.8009845659354455,1472,1472,1417,True,ok
19,45,Drowsy,60,processed,16,6146499145617768161,138.30057843624795,24.996219321763952,8,0.16,4,0.4436539089624494,11,0.8,1.3,5.0,0.5359008360284326,0.7896984540792165,1472,1454,1399,True,ok
19,45,Drowsy,60,processed,17,18019397029569711214,138.30057843624795,24.996219321763952,8,0.16,4,0.4436539089624494,11,0.8,1.3,5.0,0.6608550126782478,0.8844057353735993,1472,1472,1414,True,ok
19,45,Drowsy,60,processed,18,8234387794831470761,138.30057843624795,24.996219321763952,8,0.16,4,0.4436539089624494,11,0.8,1.3,5.0,0.6049774092719439,0.8702403250109567,1472,1472,1409,True,ok
19,45,Drowsy,60,processed,19,16608063863399890094,138.30057843624795,24.996219321763952,8,0.16,4,0.4436539089624494,11,0.8,1.3,5.0,0.6314926828829874,0.8413885970757279,1472,1472,1399,True,ok
19,45,Drowsy,60,processed,20,293341082412834196,138.30057843624795,24.996219321763952,8,0.16,4,0.4436539089624494,11,0.8,1.3,5.0,0.5960625274326342,0.8641498391362549,1472,1472,1414,True,ok
19,45,Drowsy,60,processed,21,14879440490421761606,138.30057843624795,24.996219321763952,8,0.16,4,0.4436539089624494,11,0.8,1.3,5.0,0.6255478816315836,0.8306611901566835,1472,1472,1412,True,ok
19,45,Drowsy,60,processed,22,7992015887831709527,138.30057843624795,24.996219321763952,8,0.16,4,0.4436539089624494,11,0.8,1.3,5.0,0.5523737525392866,0.8935235901845757,1472,1472,1422,True,ok
19,45,Drowsy,60,processed,23,16134508674706189295,138.30057843624795,24.996219321763952,8,0.16,4,0.4436539089624494,11,0.8,1.3,5.0,0.6274355296066415,0.9272934639690184,1472,1472,1413,True,ok
19,45,Drowsy,60,processed,24,16706861356025941493,138.30057843624795,24.996219321763952,8,0.16,4,0.4436539089624494,11,0.8,1.3,5.0,0.5563682195570023,0.8919650886919511,1472,1454,1406,True,ok
19,45,Drowsy,60,processed,25,4872784531850304445,138.30057843624795,24.996219321763952,8,0.16,4,0.4436539089624494,11,0.8,1.3,5.0,0.6829594462010747,0.9087010235755444,1472,1472,1407,True,ok
19,45,Drowsy,60,processed,26,2899456635560691486,138.30057843624795,24.996219321763952,8,0.16,4,0.4436539089624494,11,0.8,1.3,5.0,0.6024324078524084,0.8252746874236142,1472,1472,1421,True,ok
19,45,Drowsy,60,processed,27,11255513256216761163,138.30057843624795,24.996219321763952,8,0.16,4,0.4436539089624494,11,0.8,1.3,5.0,0.6086176983144368,0.8765912323335677,1472,1472,1416,True,ok
19,45,Drowsy,60,processed,28,6007105844212768133,138.30057843624795,24.996219321763952,8,0.16,4,0.4436539089624494,11,0.8,1.3,5.0,0.6015889189015684,0.832308848253203,1472,1472,1376,True,ok
19,45,Drowsy,60,processed,29,5074921222194207179,138.30057843624795,24.996219321763952,8,0.16,4,0.4436539089624494,11,0.8,1.3,5.0,0.6304993689976299,0.9493897011123061,1472,1472,1407,True,ok
19,45,Drowsy,60,processed,30,18287890301499144353,138.30057843624795,24.996219321763952,8,0.16,4,0.4436539089624494,11,0.8,1.3,5.0,0.6359100842024115,0.8324025165171299,1472,1472,1432,True,ok
19,45,Drowsy,60,processed,31,6741634015856525828,138.30057843624795,24.996219321763952,8,0.16,4,0.4436539089624494,11,0.8,1.3,5.0,0.6052065952607971,0.9217881955902241,1472,1472,1405,True,ok
19,45,Drowsy,60,processed,32,14619966464145084388,138.30057843624795,24.996219321763952,8,0.16,4,0.4436539089624494,11,0.8,1.3,5.0,0.5817249126159122,0.7998278299721052,1472,1472,1423,True,ok
19,45,Drowsy,60,processed,33,11254125422500969951,138.30057843624795,24.996219321763952,8,0.16,4,0.4436539089624494,11,0.8,1.3,5.0,0.6329563768249794,0.9035219694515663,1472,1472,1382,True,ok
19,45,Drowsy,60,processed,34,6941108472594371704,138.30057843624795,24.996219321763952,8,0.16,4,0.4436539089624494,11,0.8,1.3,5.0,0.6040545835859208,0.8964064137755087,1472,1472,1418,True,ok
19,45,Drowsy,60,processed,35,17008630000205718258,138.30057843624795,24.996219321763952,8,0.16,4,0.4436539089624494,11,0.8,1.3,5.0,0.5628556043555801,0.8503069630461771,1472,1472,1422,True,ok
19,45,Drowsy,60,processed,36,16977034022764959471,138.30057843624795,24.996219321763952,8,0.16,4,0.4436539089624494,11,0.8,1.3,5.0,0.5971434816569904,0.8645371902652433,1472,1472,1407,True,ok
19,45,Drowsy,60,processed,37,7247997664618186549,138.30057843624795,24.996219321763952,8,0.16,4,0.4436539089624494,11,0.8,1.3,5.0,0.5848210709072618,0.9127561525292524,1472,1472,1425,True,ok
19,45,Drowsy,60,processed,38,6457365552318397290,138.30057843624795,24.996219321763952,8,0.16,4,0.4436539089624494,11,0.8,1.3,5.0,0.6001182169132483,0.9169659726490046,1472,1472,1427,True,ok
19,45,Drowsy,60,processed,39,9932681515159245196,138.30057843624795,24.996219321763952,8,0.16,4,0.4436539089624494,11,0.8,1.3,5.0,0.6283389475048895,0.8836772012492451,1472,1472,1383,True,ok
