session,window_id,state,window_size_s,representation,surrogate_id,surrogate_seed,rho_star,sampling_rate_hz,m,tau_s,tau_samples,theiler_s,theiler_samples,fit_start_s,fit_end_s,max_follow_s,surrogate_lle,surrogate_fit_r2,n_embedded,n_pairs_initial,n_pairs_fit_min,valid,qc_reason
12,1,Awake,60,processed,1,16163238519647841506,79.52707287670508,24.9893795136852,8,0.16,4,0.4186238690130792,10,0.8,1.3,5.0,0.5314763747824969,0.7137653409134779,1471,1471,1406,True,ok
12,1,Awake,60,processed,2,11185500955027569613,79.52707287670508,24.9893795136852,8,0.16,4,0.4186238690130792,10,0.8,1.3,5.0,0.558848092791931,0.7615157974312594,1471,1471,1411,True,ok
12,1,Awake,60,processed,3,9748579343151070701,79.52707287670508,24.9893795136852,8,0.16,4,0.4186238690130792,10,0.8,1.3,5.0,0.5831653104927451,0.7577766349549331,1471,1471,1391,True,ok
12,1,Awake,60,processed,4,11733362796900128542,79.52707287670508,24.9893795136852,8,0.16,4,0.4186238690130792,10,0.8,1.3,5.0,0.5882958173815893,0.795019236522855,1471,1471,1403,True,ok
12,1,Awake,60,processed,5,9261678486560375535,79.52707287670508,24.9893795136852,8,0.16,4,0.4186238690130792,10,0.8,1.3,5.0,0.5616553965645537,0.7895235856694689,1471,1471,1414,True,ok
12,1,Awake,60,processed,6,6705539435358811916,79.52707287670508,24.9893795136852,8,0.16,4,0.4186238690130792,10,0.8,1.3,5.0,0.6246492551781373,0.8102839006900996,1471,1471,1390,True,ok
12,1,Awake,60,processed,7,7523953355086215024,79.52707287670508,24.9893795136852,8,0.16,4,0.4186238690130792,10,0.8,1.3,5.0,0.5335156221478131,0.7573877374531599,1471,1471,1418,True,ok
12,1,Awake,60,processed,8,3129590140657217407,79.52707287670508,24.9893795136852,8,0.16,4,0.4186238690130792,10,0.8,1.3,5.0,0.565484611286081,0.7572762032366368,1471,1471,1409,True,ok
12,1,Awake,60,processed,9,15553771222615309954,79.52707287670508,24.9893795136852,8,0.16,4,0.4186238690130792,10,0.8,1.3,5.0,0.5921117876902557,0.8498704563733845,1471,1471,1404,True,ok
12,1,Awake,60,processed,10,3672555677288944190,79.52707287670508,24.9893795136852,8,0.16,4,0.4186238690130792,10,0.8,1.3,5.0,0.5473758534459974,0.7314364472812371,1471,1471,1414,True,ok
12,1,Awake,60,processed,11,13212251878501858638,79.52707287670508,24.9893795136852,8,0.16,4,0.4186238690130792,10,0.8,1.3,5.0,0.5940198028097616,0.7381769114258321,1471,1471,1392,True,ok
12,1,Awake,60,processed,12,6058368958100185363,79.52707287670508,24.9893795136852,8,0.16,4,0.4186238690130792,10,0.8,1.3,5.0,0.5416390350551623,0.9148861744808117,1471,1471,1403,True,ok
12,1,Awake,60,processed,13,10005301760843671604,79.52707287670508,24.9893795136852,8,0.16,4,0.4186238690130792,10,0.8,1.3,5.0,0.6136436472160869,0.823584602034136,1471,1471,1411,True,ok
12,1,Awake,60,processed,14,11806446551222066313,79.52707287670508,24.9893795136852,8,0.16,4,0.4186238690130792,10,0.8,1.3,5.0,0.5737439522655923,0.778791913452424,1471,1471,1392,True,ok
12,1,Awake,60,processed,15,9580789560240516242,79.52707287670508,24.9893795136852,8,0.16,4,0.4186238690130792,10,0.8,1.3,5.0,0.6434586035312149,0.8612090914934186,1471,1471,1407,True,ok
12,1,Awake,60,processed,16,2546271505606851016,79.52707287670508,24.9893795136852,8,0.16,4,0.4186238690130792,10,0.8,1.3,5.0,0.6332622702799395,0.8482472694363359,1471,1471,1411,True,ok
12,1,Awake,60,processed,17,2302765406002440001,79.52707287670508,24.9893795136852,8,0.16,4,0.4186238690130792,10,0.8,1.3,5.0,0.5752473408895832,0.868320555580441,1471,1471,1403,True,ok
12,1,Awake,60,processed,18,3453710671426721719,79.52707287670508,24.9893795136852,8,0.16,4,0.4186238690130792,10,0.8,1.3,5.0,0.5869309054869323,0.7974109079956454,1471,1471,1422,True,ok
12,1,Awake,60,processed,19,110440073725101635,79.52707287670508,24.9893795136852,8,0.16,4,0.4186238690130792,10,0.8,1.3,5.0,0.5065395198434601,0.8185658765339181,1471,1471,1413,True,ok
12,1,Awake,60,processed,20,9320811590917093652,79.52707287670508,24.9893795136852,8,0.16,4,0.4186238690130792,10,0.8,1.3,5.0,0.6240440959518587,0.8591155014297032,1471,1471,1395,True,ok
12,1,Awake,60,processed,21,2537393718534705290,79.52707287670508,24.9893795136852,8,0.16,4,0.4186238690130792,10,0.8,1.3,5.0,0.5439772997246453,0.8296441284565104,1471,1471,1415,True,ok
12,1,Awake,60,processed,22,410476769257004092,79.52707287670508,24.9893795136852,8,0.16,4,0.4186238690130792,10,0.8,1.3,5.0,0.6219730563488867,0.8064984404336266,1471,1471,1412,True,ok
12,1,Awake,60,processed,23,15231488608794461804,79.52707287670508,24.9893795136852,8,0.16,4,0.4186238690130792,10,0.8,1.3,5.0,0.5577570143470542,0.8445922742214802,1471,1471,1415,True,ok
12,1,Awake,60,processed,24,7030683131463302078,79.52707287670508,24.9893795136852,8,0.16,4,0.4186238690130792,10,0.8,1.3,5.0,0.5298576588449748,0.7132441928092224,1471,1471,1391,True,ok
12,1,Awake,60,processed,25,10027730732380154372,79.52707287670508,24.9893795136852,8,0.16,4,0.4186238690130792,10,0.8,1.3,5.0,0.574176797136436,0.8352686899795762,1471,1471,1398,True,ok
12,1,Awake,60,processed,26,5209037545050478130,79.52707287670508,24.9893795136852,8,0.16,4,0.4186238690130792,10,0.8,1.3,5.0,0.591592007005187,0.8617622314281063,1471,1471,1391,True,ok
12,1,Awake,60,processed,27,1622824491541512495,79.52707287670508,24.9893795136852,8,0.16,4,0.4186238690130792,10,0.8,1.3,5.0,0.6238013154930286,0.7603946800923833,1471,1471,1414,True,ok
12,1,Awake,60,processed,28,13665075065719594175,79.52707287670508,24.9893795136852,8,0.16,4,0.4186238690130792,10,0.8,1.3,5.0,0.594974138270113,0.7467067055577481,1471,1471,1379,True,ok
12,1,Awake,60,processed,29,6017080528127486087,79.52707287670508,24.9893795136852,8,0.16,4,0.4186238690130792,10,0.8,1.3,5.0,0.5524668232718878,0.7027481224897374,1471,1471,1404,True,ok
12,1,Awake,60,processed,30,4979583544446744805,79.52707287670508,24.9893795136852,8,0.16,4,0.4186238690130792,10,0.8,1.3,5.0,0.5501277238182894,0.830859434117141,1471,1471,1402,True,ok
12,1,Awake,60,processed,31,1424717060591441849,79.52707287670508,24.9893795136852,8,0.16,4,0.4186238690130792,10,0.8,1.3,5.0,0.5171527090213983,0.7319727049529567,1471,1471,1367,True,ok
12,1,Awake,60,processed,32,13676918832747064924,79.52707287670508,24.9893795136852,8,0.16,4,0.4186238690130792,10,0.8,1.3,5.0,0.5639160468456167,0.6920704001542565,1471,1471,1423,True,ok
12,1,Awake,60,processed,33,5126277876644036288,79.52707287670508,24.9893795136852,8,0.16,4,0.4186238690130792,10,0.8,1.3,5.0,0.5590530984998169,0.784014552650488,1471,1471,1433,True,ok
12,1,Awake,60,processed,34,17455956087228120197,79.52707287670508,24.9893795136852,8,0.16,4,0.4186238690130792,10,0.8,1.3,5.0,0.5478934676747659,0.7385891457219922,1471,1471,1414,True,ok
12,1,Awake,60,processed,35,18271284315136996883,79.52707287670508,24.9893795136852,8,0.16,4,0.4186238690130792,10,0.8,1.3,5.0,0.5655825603306152,0.7965003303349734,1471,1471,1398,True,ok
12,1,Awake,60,processed,36,16142497844571699831,79.52707287670508,24.9893795136852,8,0.16,4,0.4186238690130792,10,0.8,1.3,5.0,0.6036729496751023,0.70367787402772,1471,1471,1407,True,ok
12,1,Awake,60,processed,37,6395917998856059505,79.52707287670508,24.9893795136852,8,0.16,4,0.4186238690130792,10,0.8,1.3,5.0,0.5508364367817719,0.8894939169832918,1471,1471,1410,True,ok
12,1,Awake,60,processed,38,14372524267965500336,79.52707287670508,24.9893795136852,8,0.16,4,0.4186238690130792,10,0.8,1.3,5.0,0.613987639401,0.7663037227670966,1471,1471,1396,True,ok
12,1,Awake,60,processed,39,1649784690536860653,79.52707287670508,24.9893795136852,8,0.16,4,0.4186238690130792,10,0.8,1.3,5.0,0.5514020773094331,0.8083110679965924,1471,1471,1395,True,ok
12,3,Awake,60,processed,1,18345699698546484948,115.00613197126222,24.9893795136852,8,0.16,4,0.4368885261566096,11,0.8,1.3,5.0,0.6841504214769437,0.911381615955819,1471,1471,1433,True,ok
12,3,Awake,60,processed,2,16581124503427611283,115.00613197126222,24.9893795136852,8,0.16,4,0.4368885261566096,11,0.8,1.3,5.0,0.5830239987859744,0.8340819443266378,1471,1471,1420,True,ok
12,3,Awake,60,processed,3,3797145316010627041,115.00613197126222,24.9893795136852,8,0.16,4,0.4368885261566096,11,0.8,1.3,5.0,0.548854018198106,0.8800401199298591,1471,1471,1426,True,ok
12,3,Awake,60,processed,4,1351586304768436916,115.00613197126222,24.9893795136852,8,0.16,4,0.4368885261566096,11,0.8,1.3,5.0,0.6236639331777388,0.8436498195349115,1471,1471,1413,True,ok
12,3,Awake,60,processed,5,18002886928600965657,115.00613197126222,24.9893795136852,8,0.16,4,0.4368885261566096,11,0.8,1.3,5.0,0.6109329874554477,0.8191374762907415,1471,1471,1405,True,ok
12,3,Awake,60,processed,6,17814774308554538454,115.00613197126222,24.9893795136852,8,0.16,4,0.4368885261566096,11,0.8,1.3,5.0,0.6227591991194767,0.8662259920681379,1471,1471,1419,True,ok
12,3,Awake,60,processed,7,5836806546155587436,115.00613197126222,24.9893795136852,8,0.16,4,0.4368885261566096,11,0.8,1.3,5.0,0.6198838191804517,0.8892345732043042,1471,1471,1393,True,ok
12,3,Awake,60,processed,8,8898684823598934948,115.00613197126222,24.9893795136852,8,0.16,4,0.4368885261566096,11,0.8,1.3,5.0,0.649598875290241,0.8773230682203249,1471,1467,1425,True,ok
12,3,Awake,60,processed,9,6612578257948819,115.00613197126222,24.9893795136852,8,0.16,4,0.4368885261566096,11,0.8,1.3,5.0,0.6395372309059397,0.9058754365495424,1471,1471,1417,True,ok
12,3,Awake,60,processed,10,4928434235497665157,115.00613197126222,24.9893795136852,8,0.16,4,0.4368885261566096,11,0.8,1.3,5.0,0.5575056355329244,0.8640971589533818,1471,1471,1428,True,ok
12,3,Awake,60,processed,11,17962801455698972379,115.00613197126222,24.9893795136852,8,0.16,4,0.4368885261566096,11,0.8,1.3,5.0,0.6375589629717875,0.8923125270281376,1471,1471,1407,True,ok
12,3,Awake,60,processed,12,5549080901030252846,115.00613197126222,24.9893795136852,8,0.16,4,0.4368885261566096,11,0.8,1.3,5.0,0.614101044387172,0.8047299500504249,1471,1471,1415,True,ok
12,3,Awake,60,processed,13,11024485962820858767,115.00613197126222,24.9893795136852,8,0.16,4,0.4368885261566096,11,0.8,1.3,5.0,0.7235122693654987,0.9605539459941785,1471,1471,1397,True,ok
12,3,Awake,60,processed,14,6655836562875850721,115.00613197126222,24.9893795136852,8,0.16,4,0.4368885261566096,11,0.8,1.3,5.0,0.6143799093567419,0.7581978727574096,1471,1471,1402,True,ok
12,3,Awake,60,processed,15,802356737761580792,115.00613197126222,24.9893795136852,8,0.16,4,0.4368885261566096,11,0.8,1.3,5.0,0.7014808382224552,0.9266369637023483,1471,1471,1409,True,ok
12,3,Awake,60,processed,16,10510474325408306174,115.00613197126222,24.9893795136852,8,0.16,4,0.4368885261566096,11,0.8,1.3,5.0,0.6643906812907788,0.9290142826995182,1471,1471,1405,True,ok
12,3,Awake,60,processed,17,12344348835149132621,115.00613197126222,24.9893795136852,8,0.16,4,0.4368885261566096,11,0.8,1.3,5.0,0.5958854354260302,0.7695054779135834,1471,1471,1391,True,ok
12,3,Awake,60,processed,18,4349649550172847670,115.00613197126222,24.9893795136852,8,0.16,4,0.4368885261566096,11,0.8,1.3,5.0,0.614339258554893,0.8687547364401853,1471,1471,1398,True,ok
12,3,Awake,60,processed,19,4596899017594754871,115.00613197126222,24.9893795136852,8,0.16,4,0.4368885261566096,11,0.8,1.3,5.0,0.6240363682488417,0.9083197406885127,1471,1471,1418,True,ok
12,3,Awake,60,processed,20,18184978699915788447,115.00613197126222,24.9893795136852,8,0.16,4,0.4368885261566096,11,0.8,1.3,5.0,0.6173397377932507,0.7694639486806842,1471,1471,1404,True,ok
12,3,Awake,60,processed,21,13651747318197516664,115.00613197126222,24.9893795136852,8,0.16,4,0.4368885261566096,11,0.8,1.3,5.0,0.5801654514706517,0.8417919138172474,1471,1471,1413,True,ok
12,3,Awake,60,processed,22,8350743590169880100,115.00613197126222,24.9893795136852,8,0.16,4,0.4368885261566096,11,0.8,1.3,5.0,0.649362559188948,0.8223027120524742,1471,1471,1414,True,ok
12,3,Awake,60,processed,23,5664528869022856708,115.00613197126222,24.9893795136852,8,0.16,4,0.4368885261566096,11,0.8,1.3,5.0,0.5685963791094732,0.8670055793757214,1471,1471,1417,True,ok
12,3,Awake,60,processed,24,12298970928778036754,115.00613197126222,24.9893795136852,8,0.16,4,0.4368885261566096,11,0.8,1.3,5.0,0.5283930302947978,0.7306345620766282,1471,1471,1402,True,ok
12,3,Awake,60,processed,25,13875279104943413846,115.00613197126222,24.9893795136852,8,0.16,4,0.4368885261566096,11,0.8,1.3,5.0,0.619287415551695,0.890264960199735,1471,1471,1428,True,ok
12,3,Awake,60,processed,26,15949372520526890712,115.00613197126222,24.9893795136852,8,0.16,4,0.4368885261566096,11,0.8,1.3,5.0,0.6119456674836186,0.8311557482378288,1471,1471,1417,True,ok
12,3,Awake,60,processed,27,17390687058473315359,115.00613197126222,24.9893795136852,8,0.16,4,0.4368885261566096,11,0.8,1.3,5.0,0.6244038682409937,0.8744507415660068,1471,1471,1434,True,ok
12,3,Awake,60,processed,28,8045217737654464086,115.00613197126222,24.9893795136852,8,0.16,4,0.4368885261566096,11,0.8,1.3,5.0,0.5926106824178338,0.8318501625239392,1471,1471,1400,True,ok
12,3,Awake,60,processed,29,3339169072746606561,115.00613197126222,24.9893795136852,8,0.16,4,0.4368885261566096,11,0.8,1.3,5.0,0.6132795972455449,0.8645541088959879,1471,1471,1414,True,ok
12,3,Awake,60,processed,30,5757269209677445054,115.00613197126222,24.9893795136852,8,0.16,4,0.4368885261566096,11,0.8,1.3,5.0,0.6614859341202033,0.902502007745224,1471,1471,1400,True,ok
12,3,Awake,60,processed,31,15801418593041478568,115.00613197126222,24.9893795136852,8,0.16,4,0.4368885261566096,11,0.8,1.3,5.0,0.6621530329384998,0.8951264538499781,1471,1471,1407,True,ok
12,3,Awake,60,processed,32,17064647067598054759,115.00613197126222,24.9893795136852,8,0.16,4,0.4368885261566096,11,0.8,1.3,5.0,0.6002548862249577,0.8758509535988921,1471,1471,1405,True,ok
12,3,Awake,60,processed,33,13949126339290533837,115.00613197126222,24.9893795136852,8,0.16,4,0.4368885261566096,11,0.8,1.3,5.0,0.6432946242903924,0.8739196406840103,1471,1471,1430,True,ok
12,3,Awake,60,processed,34,6464970241607947559,115.00613197126222,24.9893795136852,8,0.16,4,0.4368885261566096,11,0.8,1.3,5.0,0.6309891856764643,0.8948779202769215,1471,1471,1388,True,ok
12,3,Awake,60,processed,35,9016599999309272521,115.00613197126222,24.9893795136852,8,0.16,4,0.4368885261566096,11,0.8,1.3,5.0,0.6008600514219868,0.9012705848401221,1471,1471,1398,True,ok
12,3,Awake,60,processed,36,814651118141854438,115.00613197126222,24.9893795136852,8,0.16,4,0.4368885261566096,11,0.8,1.3,5.0,0.6115890754807971,0.837715786440454,1471,1471,1403,True,ok
12,3,Awake,60,processed,37,4661536433650254655,115.00613197126222,24.9893795136852,8,0.16,4,0.4368885261566096,11,0.8,1.3,5.0,0.5619917034682295,0.7275752409964866,1471,1471,1426,True,ok
12,3,Awake,60,processed,38,4049465282279070692,115.00613197126222,24.9893795136852,8,0.16,4,0.4368885261566096,11,0.8,1.3,5.0,0.5891574116147351,0.8406039571104313,1471,1471,1415,True,ok
12,3,Awake,60,processed,39,7929923419060929458,115.00613197126222,24.9893795136852,8,0.16,4,0.4368885261566096,11,0.8,1.3,5.0,0.6180643229872373,0.9149935517698811,1471,1471,1397,True,ok
12,4,Awake,60,processed,1,17150094120826287633,95.63524997900372,24.9893795136852,8,0.16,4,0.4511206360649866,11,0.8,1.3,5.0,0.6379954276378675,0.8916006247370303,1471,1471,1402,True,ok
12,4,Awake,60,processed,2,14241130160310983465,95.63524997900372,24.9893795136852,8,0.16,4,0.4511206360649866,11,0.8,1.3,5.0,0.6541521884896156,0.9044238179812427,1471,1471,1404,True,ok
12,4,Awake,60,processed,3,3130161572874009172,95.63524997900372,24.9893795136852,8,0.16,4,0.4511206360649866,11,0.8,1.3,5.0,0.6227884833261913,0.8476046884429812,1471,1471,1395,True,ok
12,4,Awake,60,processed,4,13362236139948280630,95.63524997900372,24.9893795136852,8,0.16,4,0.4511206360649866,11,0.8,1.3,5.0,0.6531021545556693,0.9274253960519255,1471,1471,1392,True,ok
12,4,Awake,60,processed,5,9071562531457372435,95.63524997900372,24.9893795136852,8,0.16,4,0.4511206360649866,11,0.8,1.3,5.0,0.6187795438295581,0.8977997600794297,1471,1471,1420,True,ok
12,4,Awake,60,processed,6,12981124524484386413,95.63524997900372,24.9893795136852,8,0.16,4,0.4511206360649866,11,0.8,1.3,5.0,0.5591619423076557,0.8548084048004597,1471,1471,1415,True,ok
12,4,Awake,60,processed,7,9329531958867589109,95.63524997900372,24.9893795136852,8,0.16,4,0.4511206360649866,11,0.8,1.3,5.0,0.5816059923009957,0.8110321608376236,1471,1471,1394,True,ok
12,4,Awake,60,processed,8,9734967409331475428,95.63524997900372,24.9893795136852,8,0.16,4,0.4511206360649866,11,0.8,1.3,5.0,0.7659842663486343,0.8878883497378834,1471,1471,1405,True,ok
12,4,Awake,60,processed,9,303960027363591724,95.63524997900372,24.9893795136852,8,0.16,4,0.4511206360649866,11,0.8,1.3,5.0,0.6465558673242399,0.8730077305007861,1471,1471,1408,True,ok
12,4,Awake,60,processed,10,10518866645472452246,95.63524997900372,24.9893795136852,8,0.16,4,0.4511206360649866,11,0.8,1.3,5.0,0.5922619398916091,0.8461138454560184,1471,1471,1426,True,ok
12,4,Awake,60,processed,11,950244216789807522,95.63524997900372,24.9893795136852,8,0.16,4,0.4511206360649866,11,0.8,1.3,5.0,0.5913765208487323,0.7082753503493245,1471,1471,1418,True,ok
12,4,Awake,60,processed,12,497159644220171245,95.63524997900372,24.9893795136852,8,0.16,4,0.4511206360649866,11,0.8,1.3,5.0,0.6347056063996691,0.8862554980729475,1471,1471,1420,True,ok
12,4,Awake,60,processed,13,16649017123198162453,95.63524997900372,24.9893795136852,8,0.16,4,0.4511206360649866,11,0.8,1.3,5.0,0.6161784083433182,0.8007263711008348,1471,1471,1400,True,ok
12,4,Awake,60,processed,14,16986928845721528174,95.63524997900372,24.9893795136852,8,0.16,4,0.4511206360649866,11,0.8,1.3,5.0,0.6139768918947022,0.8572019990694013,1471,1471,1392,True,ok
12,4,Awake,60,processed,15,1964308385137146486,95.63524997900372,24.9893795136852,8,0.16,4,0.4511206360649866,11,0.8,1.3,5.0,0.5658821023871414,0.7914907552173686,1471,1471,1419,True,ok
12,4,Awake,60,processed,16,9335763981870349395,95.63524997900372,24.9893795136852,8,0.16,4,0.4511206360649866,11,0.8,1.3,5.0,0.6631264060738482,0.8229648563227883,1471,1471,1416,True,ok
12,4,Awake,60,processed,17,15298020105866934724,95.63524997900372,24.9893795136852,8,0.16,4,0.4511206360649866,11,0.8,1.3,5.0,0.6360343653611719,0.8734962763647544,1471,1471,1389,True,ok
12,4,Awake,60,processed,18,13011564289343841581,95.63524997900372,24.9893795136852,8,0.16,4,0.4511206360649866,11,0.8,1.3,5.0,0.6467339192578831,0.9082830851259492,1471,1471,1411,True,ok
12,4,Awake,60,processed,19,4742898169619132924,95.63524997900372,24.9893795136852,8,0.16,4,0.4511206360649866,11,0.8,1.3,5.0,0.6159671619300041,0.8582175148320988,1471,1471,1427,True,ok
12,4,Awake,60,processed,20,17476717735210051926,95.63524997900372,24.9893795136852,8,0.16,4,0.4511206360649866,11,0.8,1.3,5.0,0.6394592830188126,0.95471365825584,1471,1471,1425,True,ok
12,4,Awake,60,processed,21,11690128294117339470,95.63524997900372,24.9893795136852,8,0.16,4,0.4511206360649866,11,0.8,1.3,5.0,0.6263288588387697,0.8959454140281092,1471,1471,1413,True,ok
12,4,Awake,60,processed,22,7170071705618495455,95.63524997900372,24.9893795136852,8,0.16,4,0.4511206360649866,11,0.8,1.3,5.0,0.6247305278233306,0.7700351853258465,1471,1471,1398,True,ok
12,4,Awake,60,processed,23,6765814591242398587,95.63524997900372,24.9893795136852,8,0.16,4,0.4511206360649866,11,0.8,1.3,5.0,0.6745136365096124,0.8458614626731663,1471,1471,1421,True,ok
12,4,Awake,60,processed,24,9734934198911993826,95.63524997900372,24.9893795136852,8,0.16,4,0.4511206360649866,11,0.8,1.3,5.0,0.6299694362913195,0.9224884305632612,1471,1471,1405,True,ok
12,4,Awake,60,processed,25,2512795266022302312,95.63524997900372,24.9893795136852,8,0.16,4,0.4511206360649866,11,0.8,1.3,5.0,0.6475773833135378,0.9046132358784182,1471,1471,1387,True,ok
12,4,Awake,60,processed,26,11688686886005147493,95.63524997900372,24.9893795136852,8,0.16,4,0.4511206360649866,11,0.8,1.3,5.0,0.6480874577861176,0.9450464723261144,1471,1471,1430,True,ok
12,4,Awake,60,processed,27,8160433185815206623,95.63524997900372,24.9893795136852,8,0.16,4,0.4511206360649866,11,0.8,1.3,5.0,0.5857435200936205,0.8112842262295787,1471,1471,1420,True,ok
12,4,Awake,60,processed,28,13983431049952623657,95.63524997900372,24.9893795136852,8,0.16,4,0.4511206360649866,11,0.8,1.3,5.0,0.7005615432073281,0.9464951053360156,1471,1471,1403,True,ok
12,4,Awake,60,processed,29,14675224311568176666,95.63524997900372,24.9893795136852,8,0.16,4,0.4511206360649866,11,0.8,1.3,5.0,0.6038300953067802,0.7419919349678256,1471,1471,1402,True,ok
12,4,Awake,60,processed,30,15348686790044057137,95.63524997900372,24.9893795136852,8,0.16,4,0.4511206360649866,11,0.8,1.3,5.0,0.6267883653171364,0.8566565431112754,1471,1471,1410,True,ok
12,4,Awake,60,processed,31,272527584273450723,95.63524997900372,24.9893795136852,8,0.16,4,0.4511206360649866,11,0.8,1.3,5.0,0.6342271573894521,0.8710328793996681,1471,1471,1403,True,ok
12,4,Awake,60,processed,32,2354327389554774463,95.63524997900372,24.9893795136852,8,0.16,4,0.4511206360649866,11,0.8,1.3,5.0,0.623552098438075,0.9052797548541192,1471,1471,1410,True,ok
12,4,Awake,60,processed,33,15622364133401435576,95.63524997900372,24.9893795136852,8,0.16,4,0.4511206360649866,11,0.8,1.3,5.0,0.6710734251756868,0.7813649864338724,1471,1471,1399,True,ok
12,4,Awake,60,processed,34,13798056301000282805,95.63524997900372,24.9893795136852,8,0.16,4,0.4511206360649866,11,0.8,1.3,5.0,0.5850736311456342,0.8848552363686221,1471,1471,1418,True,ok
12,4,Awake,60,processed,35,16275330075983010753,95.63524997900372,24.9893795136852,8,0.16,4,0.4511206360649866,11,0.8,1.3,5.0,0.6899652840188834,0.8149207971824541,1471,1471,1401,True,ok
12,4,Awake,60,processed,36,7371017858896284778,95.63524997900372,24.9893795136852,8,0.16,4,0.4511206360649866,11,0.8,1.3,5.0,0.6191952280668808,0.8937917644585972,1471,1471,1415,True,ok
12,4,Awake,60,processed,37,15920806226456478420,95.63524997900372,24.9893795136852,8,0.16,4,0.4511206360649866,11,0.8,1.3,5.0,0.7460495486997645,0.9356648669212643,1471,1471,1380,True,ok
12,4,Awake,60,processed,38,2907068249979476943,95.63524997900372,24.9893795136852,8,0.16,4,0.4511206360649866,11,0.8,1.3,5.0,0.6404903261367461,0.837874370104935,1471,1471,1414,True,ok
12,4,Awake,60,processed,39,1956287054376310111,95.63524997900372,24.9893795136852,8,0.16,4,0.4511206360649866,11,0.8,1.3,5.0,0.6146558742219076,0.878156342600131,1471,1471,1412,True,ok
12,5,Awake,60,processed,1,9931510946693716542,95.63524997900372,24.9893795136852,8,0.16,4,0.4418118015682483,11,0.8,1.3,5.0,0.6737752211083295,0.8817231938412423,1471,1471,1405,True,ok
12,5,Awake,60,processed,2,13062364095102759051,95.63524997900372,24.9893795136852,8,0.16,4,0.4418118015682483,11,0.8,1.3,5.0,0.6405144445976124,0.8946489476989835,1471,1471,1389,True,ok
12,5,Awake,60,processed,3,12771379141029291458,95.63524997900372,24.9893795136852,8,0.16,4,0.4418118015682483,11,0.8,1.3,5.0,0.6900230981760321,0.9239127163838723,1471,1471,1390,True,ok
12,5,Awake,60,processed,4,9492973687625847788,95.63524997900372,24.9893795136852,8,0.16,4,0.4418118015682483,11,0.8,1.3,5.0,0.6330307457593305,0.9603446230598809,1471,1471,1415,True,ok
12,5,Awake,60,processed,5,8272963690406931929,95.63524997900372,24.9893795136852,8,0.16,4,0.4418118015682483,11,0.8,1.3,5.0,0.6880649927872762,0.9228693642136635,1471,1471,1409,True,ok
12,5,Awake,60,processed,6,3849866424349451935,95.63524997900372,24.9893795136852,8,0.16,4,0.4418118015682483,11,0.8,1.3,5.0,0.7714149099827872,0.9502154344758597,1471,1471,1415,True,ok
12,5,Awake,60,processed,7,16842462616379383401,95.63524997900372,24.9893795136852,8,0.16,4,0.4418118015682483,11,0.8,1.3,5.0,0.6460856671915104,0.8753240273363981,1471,1471,1425,True,ok
12,5,Awake,60,processed,8,8363685550267314074,95.63524997900372,24.9893795136852,8,0.16,4,0.4418118015682483,11,0.8,1.3,5.0,0.7346721493702523,0.8269260500722811,1471,1471,1402,True,ok
12,5,Awake,60,processed,9,14404181622308042828,95.63524997900372,24.9893795136852,8,0.16,4,0.4418118015682483,11,0.8,1.3,5.0,0.6652603732652443,0.8619918794576876,1471,1471,1413,True,ok
12,5,Awake,60,processed,10,791732082215295156,95.63524997900372,24.9893795136852,8,0.16,4,0.4418118015682483,11,0.8,1.3,5.0,0.706122854130613,0.9187572230516134,1471,1471,1430,True,ok
12,5,Awake,60,processed,11,13534963259882469403,95.63524997900372,24.9893795136852,8,0.16,4,0.4418118015682483,11,0.8,1.3,5.0,0.6996097616078576,0.9159967892577034,1471,1446,1396,True,ok
12,5,Awake,60,processed,12,5326846833976311535,95.63524997900372,24.9893795136852,8,0.16,4,0.4418118015682483,11,0.8,1.3,5.0,0.6959214774335174,0.855972913062313,1471,1471,1405,True,ok
12,5,Awake,60,processed,13,12667443704926645053,95.63524997900372,24.9893795136852,8,0.16,4,0.4418118015682483,11,0.8,1.3,5.0,0.675550600404304,0.9673263914722328,1471,1471,1416,True,ok
12,5,Awake,60,processed,14,11075299948366900512,95.63524997900372,24.9893795136852,8,0.16,4,0.4418118015682483,11,0.8,1.3,5.0,0.7074650953577669,0.9125611724593429,1471,1471,1400,True,ok
12,5,Awake,60,processed,15,8510464229707101549,95.63524997900372,24.9893795136852,8,0.16,4,0.4418118015682483,11,0.8,1.3,5.0,0.6598456019487294,0.8661169365137179,1471,1471,1403,True,ok
12,5,Awake,60,processed,16,3866189994770334740,95.63524997900372,24.9893795136852,8,0.16,4,0.4418118015682483,11,0.8,1.3,5.0,0.6861578866339992,0.9221830067986461,1471,1471,1424,True,ok
12,5,Awake,60,processed,17,3139513900981980778,95.63524997900372,24.9893795136852,8,0.16,4,0.4418118015682483,11,0.8,1.3,5.0,0.6810361680105647,0.8680306577771568,1471,1471,1416,True,ok
12,5,Awake,60,processed,18,5459724712014721705,95.63524997900372,24.9893795136852,8,0.16,4,0.4418118015682483,11,0.8,1.3,5.0,0.6216958339662282,0.8958042340884288,1471,1471,1414,True,ok
12,5,Awake,60,processed,19,6851907282301363473,95.63524997900372,24.9893795136852,8,0.16,4,0.4418118015682483,11,0.8,1.3,5.0,0.7348731590333908,0.9249500035387579,1471,1471,1425,True,ok
12,5,Awake,60,processed,20,11340255252358400592,95.63524997900372,24.9893795136852,8,0.16,4,0.4418118015682483,11,0.8,1.3,5.0,0.6421032249501468,0.7877865188274349,1471,1471,1413,True,ok
12,5,Awake,60,processed,21,2492502908870658567,95.63524997900372,24.9893795136852,8,0.16,4,0.4418118015682483,11,0.8,1.3,5.0,0.6695857924387787,0.8840775617208215,1471,1471,1391,True,ok
12,5,Awake,60,processed,22,7546466846183256302,95.63524997900372,24.9893795136852,8,0.16,4,0.4418118015682483,11,0.8,1.3,5.0,0.6603137821975028,0.8971378886029705,1471,1471,1417,True,ok
12,5,Awake,60,processed,23,12980860630880609355,95.63524997900372,24.9893795136852,8,0.16,4,0.4418118015682483,11,0.8,1.3,5.0,0.67862071174291,0.8767572507490645,1471,1471,1409,True,ok
12,5,Awake,60,processed,24,17453011307256534594,95.63524997900372,24.9893795136852,8,0.16,4,0.4418118015682483,11,0.8,1.3,5.0,0.6558196395431317,0.876665873458092,1471,1471,1407,True,ok
12,5,Awake,60,processed,25,8555167026778951795,95.63524997900372,24.9893795136852,8,0.16,4,0.4418118015682483,11,0.8,1.3,5.0,0.7472208425392567,0.9148069408797772,1471,1471,1389,True,ok
12,5,Awake,60,processed,26,8670710730814031205,95.63524997900372,24.9893795136852,8,0.16,4,0.4418118015682483,11,0.8,1.3,5.0,0.6946810950800728,0.8384331211737184,1471,1471,1400,True,ok
12,5,Awake,60,processed,27,6779882013260255351,95.63524997900372,24.9893795136852,8,0.16,4,0.4418118015682483,11,0.8,1.3,5.0,0.754676984525053,0.9227817996323256,1471,1471,1402,True,ok
12,5,Awake,60,processed,28,6959556023115440442,95.63524997900372,24.9893795136852,8,0.16,4,0.4418118015682483,11,0.8,1.3,5.0,0.6828371389233926,0.9144066558475449,1471,1471,1423,True,ok
12,5,Awake,60,processed,29,13226843715037072108,95.63524997900372,24.9893795136852,8,0.16,4,0.4418118015682483,11,0.8,1.3,5.0,0.7494146725043439,0.9525853549577956,1471,1471,1424,True,ok
12,5,Awake,60,processed,30,5471389531222037249,95.63524997900372,24.9893795136852,8,0.16,4,0.4418118015682483,11,0.8,1.3,5.0,0.6664085168368993,0.9702149583901784,1471,1471,1409,True,ok
12,5,Awake,60,processed,31,8883694554594470428,95.63524997900372,24.9893795136852,8,0.16,4,0.4418118015682483,11,0.8,1.3,5.0,0.7027322063518108,0.8233584215561149,1471,1471,1383,True,ok
12,5,Awake,60,processed,32,8840822926005846318,95.63524997900372,24.9893795136852,8,0.16,4,0.4418118015682483,11,0.8,1.3,5.0,0.7340937424819387,0.9075098738328338,1471,1471,1390,True,ok
12,5,Awake,60,processed,33,661788742039240289,95.63524997900372,24.9893795136852,8,0.16,4,0.4418118015682483,11,0.8,1.3,5.0,0.7394358668873621,0.970001360050614,1471,1471,1387,True,ok
12,5,Awake,60,processed,34,990223937279836085,95.63524997900372,24.9893795136852,8,0.16,4,0.4418118015682483,11,0.8,1.3,5.0,0.7506812782498459,0.9129010524720164,1471,1471,1412,True,ok
12,5,Awake,60,processed,35,17658025388022779158,95.63524997900372,24.9893795136852,8,0.16,4,0.4418118015682483,11,0.8,1.3,5.0,0.6787778317756066,0.8714279621916053,1471,1471,1417,True,ok
12,5,Awake,60,processed,36,9760098596458138471,95.63524997900372,24.9893795136852,8,0.16,4,0.4418118015682483,11,0.8,1.3,5.0,0.6348481101325871,0.852271474156429,1471,1471,1421,True,ok
12,5,Awake,60,processed,37,3061041500405390212,95.63524997900372,24.9893795136852,8,0.16,4,0.4418118015682483,11,0.8,1.3,5.0,0.6762098055993498,0.8997408814559629,1471,1471,1417,True,ok
12,5,Awake,60,processed,38,7722564246920475932,95.63524997900372,24.9893795136852,8,0.16,4,0.4418118015682483,11,0.8,1.3,5.0,0.6655295265020934,0.9353260157722455,1471,1471,1393,True,ok
12,5,Awake,60,processed,39,18311649463544490641,95.63524997900372,24.9893795136852,8,0.16,4,0.4418118015682483,11,0.8,1.3,5.0,0.7073253894741879,0.8694459664517893,1471,1471,1416,True,ok
12,6,Awake,60,processed,1,11239826468748964253,95.63524997900372,24.9893795136852,8,0.16,4,0.4249090201231406,11,0.8,1.3,5.0,0.6222849654601449,0.8900256293146023,1471,1471,1406,True,ok
12,6,Awake,60,processed,2,16765774997847368455,95.63524997900372,24.9893795136852,8,0.16,4,0.4249090201231406,11,0.8,1.3,5.0,0.6228649321273029,0.8693576576323679,1471,1471,1400,True,ok
12,6,Awake,60,processed,3,644522157319554489,95.63524997900372,24.9893795136852,8,0.16,4,0.4249090201231406,11,0.8,1.3,5.0,0.6110579396529981,0.8564279210783875,1471,1471,1394,True,ok
12,6,Awake,60,processed,4,8227884493427319411,95.63524997900372,24.9893795136852,8,0.16,4,0.4249090201231406,11,0.8,1.3,5.0,0.6947462717973412,0.8573738526695638,1471,1471,1387,True,ok
12,6,Awake,60,processed,5,12247115005395119697,95.63524997900372,24.9893795136852,8,0.16,4,0.4249090201231406,11,0.8,1.3,5.0,0.6071329277786501,0.8795186870995729,1471,1471,1410,True,ok
12,6,Awake,60,processed,6,694580560499516331,95.63524997900372,24.9893795136852,8,0.16,4,0.4249090201231406,11,0.8,1.3,5.0,0.6367265335352172,0.9260570070532946,1471,1471,1403,True,ok
12,6,Awake,60,processed,7,2297797610665091632,95.63524997900372,24.9893795136852,8,0.16,4,0.4249090201231406,11,0.8,1.3,5.0,0.559061046123274,0.803397226397638,1471,1471,1398,True,ok
12,6,Awake,60,processed,8,4796871021608174591,95.63524997900372,24.9893795136852,8,0.16,4,0.4249090201231406,11,0.8,1.3,5.0,0.6763089106269369,0.8943914919781498,1471,1471,1414,True,ok
12,6,Awake,60,processed,9,16964240448086545714,95.63524997900372,24.9893795136852,8,0.16,4,0.4249090201231406,11,0.8,1.3,5.0,0.5753510037390642,0.8596164235961907,1471,1471,1384,True,ok
12,6,Awake,60,processed,10,16463667513879964546,95.63524997900372,24.9893795136852,8,0.16,4,0.4249090201231406,11,0.8,1.3,5.0,0.6067880022735477,0.8075133400123435,1471,1471,1413,True,ok
12,6,Awake,60,processed,11,2458202204686354531,95.63524997900372,24.9893795136852,8,0.16,4,0.4249090201231406,11,0.8,1.3,5.0,0.6395362708004244,0.9296040977889262,1471,1471,1411,True,ok
12,6,Awake,60,processed,12,2510806137242387554,95.63524997900372,24.9893795136852,8,0.16,4,0.4249090201231406,11,0.8,1.3,5.0,0.6299538514128968,0.9411654945255156,1471,1471,1410,True,ok
12,6,Awake,60,processed,13,12654782612743808737,95.63524997900372,24.9893795136852,8,0.16,4,0.4249090201231406,11,0.8,1.3,5.0,0.5780412279732895,0.8289138664200235,1471,1471,1389,True,ok
12,6,Awake,60,processed,14,1735974170814374942,95.63524997900372,24.9893795136852,8,0.16,4,0.4249090201231406,11,0.8,1.3,5.0,0.6186643154118704,0.8823971009071351,1471,1471,1414,True,ok
12,6,Awake,60,processed,15,17859517449778417299,95.63524997900372,24.9893795136852,8,0.16,4,0.4249090201231406,11,0.8,1.3,5.0,0.682358516006907,0.8864302838312282,1471,1471,1412,True,ok
12,6,Awake,60,processed,16,10015069153314878273,95.63524997900372,24.9893795136852,8,0.16,4,0.4249090201231406,11,0.8,1.3,5.0,0.6044546714261161,0.7961676403203998,1471,1471,1399,True,ok
12,6,Awake,60,processed,17,16957007247249112372,95.63524997900372,24.9893795136852,8,0.16,4,0.4249090201231406,11,0.8,1.3,5.0,0.6706816256260092,0.8828925046449846,1471,1471,1434,True,ok
12,6,Awake,60,processed,18,456749732962252506,95.63524997900372,24.9893795136852,8,0.16,4,0.4249090201231406,11,0.8,1.3,5.0,0.5607780670511813,0.8370274457128538,1471,1471,1403,True,ok
12,6,Awake,60,processed,19,2175109333053361311,95.63524997900372,24.9893795136852,8,0.16,4,0.4249090201231406,11,0.8,1.3,5.0,0.5994223419050412,0.8909946481591783,1471,1471,1414,True,ok
12,6,Awake,60,processed,20,17916462794044062831,95.63524997900372,24.9893795136852,8,0.16,4,0.4249090201231406,11,0.8,1.3,5.0,0.669193599242387,0.854167754965202,1471,1471,1403,True,ok
12,6,Awake,60,processed,21,11917204604365771119,95.63524997900372,24.9893795136852,8,0.16,4,0.4249090201231406,11,0.8,1.3,5.0,0.6017119949805486,0.8259463427587784,1471,1471,1411,True,ok
12,6,Awake,60,processed,22,9269058782914437502,95.63524997900372,24.9893795136852,8,0.16,4,0.4249090201231406,11,0.8,1.3,5.0,0.6375085667667868,0.9392071864156359,1471,1471,1420,True,ok
12,6,Awake,60,processed,23,17805924219030979154,95.63524997900372,24.9893795136852,8,0.16,4,0.4249090201231406,11,0.8,1.3,5.0,0.6885148796333775,0.9240992481997224,1471,1471,1395,True,ok
12,6,Awake,60,processed,24,13824227267158258665,95.63524997900372,24.9893795136852,8,0.16,4,0.4249090201231406,11,0.8,1.3,5.0,0.5749001281195274,0.8934080513398154,1471,1471,1422,True,ok
12,6,Awake,60,processed,25,11236916840437302225,95.63524997900372,24.9893795136852,8,0.16,4,0.4249090201231406,11,0.8,1.3,5.0,0.5678184389083218,0.7548963503988274,1471,1471,1391,True,ok
12,6,Awake,60,processed,26,9967267875538306831,95.63524997900372,24.9893795136852,8,0.16,4,0.4249090201231406,11,0.8,1.3,5.0,0.6365477674176379,0.8833875147724399,1471,1471,1413,True,ok
12,6,Awake,60,processed,27,10057657639463176411,95.63524997900372,24.9893795136852,8,0.16,4,0.4249090201231406,11,0.8,1.3,5.0,0.5949963696315054,0.8999491693298799,1471,1471,1415,True,ok
12,6,Awake,60,processed,28,8854357641633239549,95.63524997900372,24.9893795136852,8,0.16,4,0.4249090201231406,11,0.8,1.3,5.0,0.606641652825929,0.808673801727664,1471,1471,1421,True,ok
12,6,Awake,60,processed,29,9588141718968007360,95.63524997900372,24.9893795136852,8,0.16,4,0.4249090201231406,11,0.8,1.3,5.0,0.673785125541546,0.8151163151630778,1471,1471,1399,True,ok
12,6,Awake,60,processed,30,14048075131167559730,95.63524997900372,24.9893795136852,8,0.16,4,0.4249090201231406,11,0.8,1.3,5.0,0.6097508441106452,0.746518127109474,1471,1471,1390,True,ok
12,6,Awake,60,processed,31,12920597912794850107,95.63524997900372,24.9893795136852,8,0.16,4,0.4249090201231406,11,0.8,1.3,5.0,0.6483787462566103,0.7302455058661516,1471,1471,1407,True,ok
12,6,Awake,60,processed,32,11957846780091571899,95.63524997900372,24.9893795136852,8,0.16,4,0.4249090201231406,11,0.8,1.3,5.0,0.6261685596874734,0.9145984551983692,1471,1471,1419,True,ok
12,6,Awake,60,processed,33,8751724983720246479,95.63524997900372,24.9893795136852,8,0.16,4,0.4249090201231406,11,0.8,1.3,5.0,0.6007840502584442,0.842424637255055,1471,1471,1394,True,ok
12,6,Awake,60,processed,34,3561076967267854197,95.63524997900372,24.9893795136852,8,0.16,4,0.4249090201231406,11,0.8,1.3,5.0,0.5763821055925907,0.8602616338711125,1471,1471,1395,True,ok
12,6,Awake,60,processed,35,11528250349329586676,95.63524997900372,24.9893795136852,8,0.16,4,0.4249090201231406,11,0.8,1.3,5.0,0.5885362821673257,0.824037175854205,1471,1471,1430,True,ok
12,6,Awake,60,processed,36,16430001221739901059,95.63524997900372,24.9893795136852,8,0.16,4,0.4249090201231406,11,0.8,1.3,5.0,0.6525381802259516,0.9379416143039732,1471,1471,1406,True,ok
12,6,Awake,60,processed,37,15729645509930724848,95.63524997900372,24.9893795136852,8,0.16,4,0.4249090201231406,11,0.8,1.3,5.0,0.5721071071668363,0.9096800291639247,1471,1471,1413,True,ok
12,6,Awake,60,processed,38,11667472109433198625,95.63524997900372,24.9893795136852,8,0.16,4,0.4249090201231406,11,0.8,1.3,5.0,0.6612417555808887,0.8901912064384851,1471,1471,1413,True,ok
12,6,Awake,60,processed,39,17653144608204474212,95.63524997900372,24.9893795136852,8,0.16,4,0.4249090201231406,11,0.8,1.3,5.0,0.608488693510077,0.8296076954520833,1471,1471,1410,True,ok
12,7,Awake,60,processed,1,3491786525473355987,79.52707287670508,24.9893795136852,8,0.16,4,0.443939473736918,11,0.8,1.3,5.0,0.6314115621685574,0.8963210538745874,1471,1471,1426,True,ok
12,7,Awake,60,processed,2,10356582868656075886,79.52707287670508,24.9893795136852,8,0.16,4,0.443939473736918,11,0.8,1.3,5.0,0.6193169604865181,0.7716126185383715,1471,1471,1413,True,ok
12,7,Awake,60,processed,3,11789478642899236466,79.52707287670508,24.9893795136852,8,0.16,4,0.443939473736918,11,0.8,1.3,5.0,0.7312425419505821,0.8762249167270643,1471,1471,1391,True,ok
12,7,Awake,60,processed,4,10901598065904908636,79.52707287670508,24.9893795136852,8,0.16,4,0.443939473736918,11,0.8,1.3,5.0,0.6603181143946754,0.8200855598132789,1471,1471,1400,True,ok
12,7,Awake,60,processed,5,13380078419358744689,79.52707287670508,24.9893795136852,8,0.16,4,0.443939473736918,11,0.8,1.3,5.0,0.6523608651053437,0.8727567630296027,1471,1471,1397,True,ok
12,7,Awake,60,processed,6,8047386768849568062,79.52707287670508,24.9893795136852,8,0.16,4,0.443939473736918,11,0.8,1.3,5.0,0.6390448087000663,0.9006542107669129,1471,1471,1415,True,ok
12,7,Awake,60,processed,7,8279571829069687612,79.52707287670508,24.9893795136852,8,0.16,4,0.443939473736918,11,0.8,1.3,5.0,0.61416542838909,0.850918651474304,1471,1471,1417,True,ok
12,7,Awake,60,processed,8,5349785758934458437,79.52707287670508,24.9893795136852,8,0.16,4,0.443939473736918,11,0.8,1.3,5.0,0.6680680229368436,0.7775209133998521,1471,1471,1413,True,ok
12,7,Awake,60,processed,9,2892549779736215766,79.52707287670508,24.9893795136852,8,0.16,4,0.443939473736918,11,0.8,1.3,5.0,0.6438677460565887,0.8159969921015395,1471,1471,1413,True,ok
12,7,Awake,60,processed,10,12487297867305749574,79.52707287670508,24.9893795136852,8,0.16,4,0.443939473736918,11,0.8,1.3,5.0,0.6800040157054225,0.9536346687710741,1471,1471,1399,True,ok
12,7,Awake,60,processed,11,14322546374854023510,79.52707287670508,24.9893795136852,8,0.16,4,0.443939473736918,11,0.8,1.3,5.0,0.6339318387625311,0.906018492260792,1471,1471,1389,True,ok
12,7,Awake,60,processed,12,4052351901214195392,79.52707287670508,24.9893795136852,8,0.16,4,0.443939473736918,11,0.8,1.3,5.0,0.5873180712377999,0.8481083231746435,1471,1471,1415,True,ok
12,7,Awake,60,processed,13,7050756849208698899,79.52707287670508,24.9893795136852,8,0.16,4,0.443939473736918,11,0.8,1.3,5.0,0.6463048584025389,0.8709186149626804,1471,1471,1405,True,ok
12,7,Awake,60,processed,14,4541794378888098977,79.52707287670508,24.9893795136852,8,0.16,4,0.443939473736918,11,0.8,1.3,5.0,0.6797018543637946,0.840910267700723,1471,1471,1422,True,ok
12,7,Awake,60,processed,15,15200162482970777364,79.52707287670508,24.9893795136852,8,0.16,4,0.443939473736918,11,0.8,1.3,5.0,0.5932673796080756,0.9050091010471432,1471,1471,1407,True,ok
12,7,Awake,60,processed,16,8984150870221211775,79.52707287670508,24.9893795136852,8,0.16,4,0.443939473736918,11,0.8,1.3,5.0,0.6605319164817016,0.9063466256874257,1471,1471,1410,True,ok
12,7,Awake,60,processed,17,258637569497982474,79.52707287670508,24.9893795136852,8,0.16,4,0.443939473736918,11,0.8,1.3,5.0,0.7368283613820448,0.891715436640484,1471,1471,1397,True,ok
12,7,Awake,60,processed,18,10170821814625913574,79.52707287670508,24.9893795136852,8,0.16,4,0.443939473736918,11,0.8,1.3,5.0,0.6373926673157615,0.854179322637,1471,1471,1416,True,ok
12,7,Awake,60,processed,19,11450933923651361999,79.52707287670508,24.9893795136852,8,0.16,4,0.443939473736918,11,0.8,1.3,5.0,0.664135565869299,0.8127899971784399,1471,1471,1387,True,ok
12,7,Awake,60,processed,20,8320469046750527709,79.52707287670508,24.9893795136852,8,0.16,4,0.443939473736918,11,0.8,1.3,5.0,0.6482561699846515,0.8866449011130122,1471,1471,1395,True,ok
12,7,Awake,60,processed,21,17440161494355686412,79.52707287670508,24.9893795136852,8,0.16,4,0.443939473736918,11,0.8,1.3,5.0,0.6668753728321177,0.9422405435630956,1471,1471,1406,True,ok
12,7,Awake,60,processed,22,13440966836588766997,79.52707287670508,24.9893795136852,8,0.16,4,0.443939473736918,11,0.8,1.3,5.0,0.6645326053131435,0.8158026772880572,1471,1471,1415,True,ok
12,7,Awake,60,processed,23,7260609143759146290,79.52707287670508,24.9893795136852,8,0.16,4,0.443939473736918,11,0.8,1.3,5.0,0.6808591521821153,0.84744439323662,1471,1471,1417,True,ok
12,7,Awake,60,processed,24,13148945588777677235,79.52707287670508,24.9893795136852,8,0.16,4,0.443939473736918,11,0.8,1.3,5.0,0.6798258638864025,0.904250117757643,1471,1471,1404,True,ok
12,7,Awake,60,processed,25,14321669888727128107,79.52707287670508,24.9893795136852,8,0.16,4,0.443939473736918,11,0.8,1.3,5.0,0.6479447536153732,0.8054908264882813,1471,1471,1423,True,ok
12,7,Awake,60,processed,26,12596897570767150524,79.52707287670508,24.9893795136852,8,0.16,4,0.443939473736918,11,0.8,1.3,5.0,0.61731954644006,0.7861372587243128,1471,1471,1398,True,ok
12,7,Awake,60,processed,27,15629323875538405803,79.52707287670508,24.9893795136852,8,0.16,4,0.443939473736918,11,0.8,1.3,5.0,0.6278962306561995,0.9440360261326949,1471,1471,1409,True,ok
12,7,Awake,60,processed,28,4362111634622825981,79.52707287670508,24.9893795136852,8,0.16,4,0.443939473736918,11,0.8,1.3,5.0,0.6915917073250799,0.8619857197319908,1471,1471,1414,True,ok
12,7,Awake,60,processed,29,14325947134035849104,79.52707287670508,24.9893795136852,8,0.16,4,0.443939473736918,11,0.8,1.3,5.0,0.6284676672972035,0.8544813665270791,1471,1471,1396,True,ok
12,7,Awake,60,processed,30,9716134814182449128,79.52707287670508,24.9893795136852,8,0.16,4,0.443939473736918,11,0.8,1.3,5.0,0.6076963326901791,0.8109911622378763,1471,1471,1415,True,ok
12,7,Awake,60,processed,31,15180023337168671379,79.52707287670508,24.9893795136852,8,0.16,4,0.443939473736918,11,0.8,1.3,5.0,0.5872232167135925,0.8719104040737936,1471,1471,1403,True,ok
12,7,Awake,60,processed,32,14560130618842109782,79.52707287670508,24.9893795136852,8,0.16,4,0.443939473736918,11,0.8,1.3,5.0,0.656039045678922,0.9076573672573802,1471,1471,1414,True,ok
12,7,Awake,60,processed,33,2839583394788546185,79.52707287670508,24.9893795136852,8,0.16,4,0.443939473736918,11,0.8,1.3,5.0,0.5906562951237949,0.7733474701901226,1471,1471,1390,True,ok
12,7,Awake,60,processed,34,5176223541953264533,79.52707287670508,24.9893795136852,8,0.16,4,0.443939473736918,11,0.8,1.3,5.0,0.6717869446254398,0.9042520086723674,1471,1471,1415,True,ok
12,7,Awake,60,processed,35,16324039438666936490,79.52707287670508,24.9893795136852,8,0.16,4,0.443939473736918,11,0.8,1.3,5.0,0.6989875760516387,0.8510420832468634,1471,1471,1412,True,ok
12,7,Awake,60,processed,36,9003430122658680022,79.52707287670508,24.9893795136852,8,0.16,4,0.443939473736918,11,0.8,1.3,5.0,0.587130479839842,0.7451624213489595,1471,1471,1395,True,ok
12,7,Awake,60,processed,37,13142591013849693405,79.52707287670508,24.9893795136852,8,0.16,4,0.443939473736918,11,0.8,1.3,5.0,0.6383927133066541,0.8667647612377664,1471,1471,1405,True,ok
12,7,Awake,60,processed,38,8400248157344492554,79.52707287670508,24.9893795136852,8,0.16,4,0.443939473736918,11,0.8,1.3,5.0,0.649287761528555,0.8936784287138134,1471,1471,1398,True,ok
12,7,Awake,60,processed,39,7098223198371624311,79.52707287670508,24.9893795136852,8,0.16,4,0.443939473736918,11,0.8,1.3,5.0,0.5987193924294711,0.718214487864262,1471,1471,1416,True,ok
12,8,Awake,60,processed,1,9979468429838530854,79.52707287670508,24.9893795136852,8,0.16,4,0.4548016387827894,11,0.8,1.3,5.0,0.7378915071379536,0.8678513581696478,1471,1471,1426,True,ok
12,8,Awake,60,processed,2,829507904248002098,79.52707287670508,24.9893795136852,8,0.16,4,0.4548016387827894,11,0.8,1.3,5.0,0.6278577575620063,0.8570528823882828,1471,1471,1396,True,ok
12,8,Awake,60,processed,3,10871971345687109595,79.52707287670508,24.9893795136852,8,0.16,4,0.4548016387827894,11,0.8,1.3,5.0,0.6518636431724245,0.903157783952387,1471,1471,1407,True,ok
12,8,Awake,60,processed,4,17008698806319133375,79.52707287670508,24.9893795136852,8,0.16,4,0.4548016387827894,11,0.8,1.3,5.0,0.7150297457236259,0.8990773449776212,1471,1471,1389,True,ok
12,8,Awake,60,processed,5,10141162841070781976,79.52707287670508,24.9893795136852,8,0.16,4,0.4548016387827894,11,0.8,1.3,5.0,0.6825684241329724,0.8498960254538467,1471,1471,1400,True,ok
12,8,Awake,60,processed,6,5693045552347668051,79.52707287670508,24.9893795136852,8,0.16,4,0.4548016387827894,11,0.8,1.3,5.0,0.5631201704840084,0.8399607093854294,1471,1471,1408,True,ok
12,8,Awake,60,processed,7,16359917187963367243,79.52707287670508,24.9893795136852,8,0.16,4,0.4548016387827894,11,0.8,1.3,5.0,0.6902190910403352,0.859682404968826,1471,1471,1396,True,ok
12,8,Awake,60,processed,8,17012724199401553408,79.52707287670508,24.9893795136852,8,0.16,4,0.4548016387827894,11,0.8,1.3,5.0,0.6448145772569032,0.876043219071307,1471,1471,1409,True,ok
12,8,Awake,60,processed,9,1401071281221949786,79.52707287670508,24.9893795136852,8,0.16,4,0.4548016387827894,11,0.8,1.3,5.0,0.6443965998194763,0.8515347203547968,1471,1471,1406,True,ok
12,8,Awake,60,processed,10,2436541997822529558,79.52707287670508,24.9893795136852,8,0.16,4,0.4548016387827894,11,0.8,1.3,5.0,0.6510040619197177,0.8958820847272226,1471,1471,1410,True,ok
12,8,Awake,60,processed,11,12423773932943670112,79.52707287670508,24.9893795136852,8,0.16,4,0.4548016387827894,11,0.8,1.3,5.0,0.6499263938457124,0.8644675738571526,1471,1471,1404,True,ok
12,8,Awake,60,processed,12,13351574746705437902,79.52707287670508,24.9893795136852,8,0.16,4,0.4548016387827894,11,0.8,1.3,5.0,0.6928916018493074,0.8478245509814792,1471,1471,1415,True,ok
12,8,Awake,60,processed,13,7039953848571902642,79.52707287670508,24.9893795136852,8,0.16,4,0.4548016387827894,11,0.8,1.3,5.0,0.6772495220354267,0.9793494972205314,1471,1471,1397,True,ok
12,8,Awake,60,processed,14,12233605599079166902,79.52707287670508,24.9893795136852,8,0.16,4,0.4548016387827894,11,0.8,1.3,5.0,0.6736995269350338,0.8422362267273542,1471,1471,1427,True,ok
12,8,Awake,60,processed,15,14624096305596455983,79.52707287670508,24.9893795136852,8,0.16,4,0.4548016387827894,11,0.8,1.3,5.0,0.6081848965691319,0.9172260024786701,1471,1471,1393,True,ok
12,8,Awake,60,processed,16,16207526977436789450,79.52707287670508,24.9893795136852,8,0.16,4,0.4548016387827894,11,0.8,1.3,5.0,0.6683075820572514,0.9552151802461669,1471,1471,1408,True,ok
12,8,Awake,60,processed,17,7355000484201916526,79.52707287670508,24.9893795136852,8,0.16,4,0.4548016387827894,11,0.8,1.3,5.0,0.6792040182124659,0.9582145546875073,1471,1471,1404,True,ok
12,8,Awake,60,processed,18,3832011386999025891,79.52707287670508,24.9893795136852,8,0.16,4,0.4548016387827894,11,0.8,1.3,5.0,0.581117269454859,0.8838367167955967,1471,1471,1413,True,ok
12,8,Awake,60,processed,19,1098618724600964341,79.52707287670508,24.9893795136852,8,0.16,4,0.4548016387827894,11,0.8,1.3,5.0,0.5687262462911712,0.901304653497025,1471,1471,1398,True,ok
12,8,Awake,60,processed,20,2020325701986126202,79.52707287670508,24.9893795136852,8,0.16,4,0.4548016387827894,11,0.8,1.3,5.0,0.6528268286408573,0.814360420944372,1471,1471,1386,True,ok
12,8,Awake,60,processed,21,11729119450491944554,79.52707287670508,24.9893795136852,8,0.16,4,0.4548016387827894,11,0.8,1.3,5.0,0.613247955475096,0.918850875997336,1471,1471,1413,True,ok
12,8,Awake,60,processed,22,6163271746055003980,79.52707287670508,24.9893795136852,8,0.16,4,0.4548016387827894,11,0.8,1.3,5.0,0.6575152734354215,0.886950936941518,1471,1471,1420,True,ok
12,8,Awake,60,processed,23,17908508631330609214,79.52707287670508,24.9893795136852,8,0.16,4,0.4548016387827894,11,0.8,1.3,5.0,0.6187177286578076,0.9412814279018598,1471,1471,1407,True,ok
12,8,Awake,60,processed,24,18344479991094648690,79.52707287670508,24.9893795136852,8,0.16,4,0.4548016387827894,11,0.8,1.3,5.0,0.6078661165347664,0.756658096674448,1471,1471,1423,True,ok
12,8,Awake,60,processed,25,3603493032442436045,79.52707287670508,24.9893795136852,8,0.16,4,0.4548016387827894,11,0.8,1.3,5.0,0.6334700092999809,0.9324162520134593,1471,1471,1396,True,ok
12,8,Awake,60,processed,26,16725620784855509670,79.52707287670508,24.9893795136852,8,0.16,4,0.4548016387827894,11,0.8,1.3,5.0,0.6793650301936244,0.8213683444860729,1471,1471,1408,True,ok
12,8,Awake,60,processed,27,2472290523522069459,79.52707287670508,24.9893795136852,8,0.16,4,0.4548016387827894,11,0.8,1.3,5.0,0.5948523050378756,0.8718590248678756,1471,1471,1381,True,ok
12,8,Awake,60,processed,28,11279637323004064628,79.52707287670508,24.9893795136852,8,0.16,4,0.4548016387827894,11,0.8,1.3,5.0,0.6966182287730561,0.8808436441312955,1471,1471,1424,True,ok
12,8,Awake,60,processed,29,3899529496976039647,79.52707287670508,24.9893795136852,8,0.16,4,0.4548016387827894,11,0.8,1.3,5.0,0.7046008258081049,0.9477798426846239,1471,1471,1411,True,ok
12,8,Awake,60,processed,30,14038422401598531770,79.52707287670508,24.9893795136852,8,0.16,4,0.4548016387827894,11,0.8,1.3,5.0,0.6270083859649518,0.8890466038046958,1471,1471,1418,True,ok
12,8,Awake,60,processed,31,3651180558901374794,79.52707287670508,24.9893795136852,8,0.16,4,0.4548016387827894,11,0.8,1.3,5.0,0.6607781919677179,0.9289043581965004,1471,1471,1398,True,ok
12,8,Awake,60,processed,32,14871421142545832452,79.52707287670508,24.9893795136852,8,0.16,4,0.4548016387827894,11,0.8,1.3,5.0,0.6441129553817263,0.8659460172159072,1471,1471,1423,True,ok
12,8,Awake,60,processed,33,10342787592580202087,79.52707287670508,24.9893795136852,8,0.16,4,0.4548016387827894,11,0.8,1.3,5.0,0.6827927714080256,0.8267378225464868,1471,1471,1409,True,ok
12,8,Awake,60,processed,34,15697041302126450756,79.52707287670508,24.9893795136852,8,0.16,4,0.4548016387827894,11,0.8,1.3,5.0,0.6746910408058037,0.8502086265698422,1471,1471,1417,True,ok
12,8,Awake,60,processed,35,8464885784229722281,79.52707287670508,24.9893795136852,8,0.16,4,0.4548016387827894,11,0.8,1.3,5.0,0.6773517356276957,0.9190877288333349,1471,1471,1387,True,ok
12,8,Awake,60,processed,36,14368586835742071307,79.52707287670508,24.9893795136852,8,0.16,4,0.4548016387827894,11,0.8,1.3,5.0,0.704872993969383,0.9234546200685315,1471,1471,1401,True,ok
12,8,Awake,60,processed,37,4588774671100937952,79.52707287670508,24.9893795136852,8,0.16,4,0.4548016387827894,11,0.8,1.3,5.0,0.6544367934288589,0.8765575515495099,1471,1471,1412,True,ok
12,8,Awake,60,processed,38,13964679946210262568,79.52707287670508,24.9893795136852,8,0.16,4,0.4548016387827894,11,0.8,1.3,5.0,0.6373296619061644,0.9528882001604151,1471,1471,1416,True,ok
12,8,Awake,60,processed,39,5268941372732262618,79.52707287670508,24.9893795136852,8,0.16,4,0.4548016387827894,11,0.8,1.3,5.0,0.6413207034631752,0.9062896012754468,1471,1471,1388,True,ok
12,9,Awake,60,processed,1,9469143004884024568,115.00613197126222,24.9893795136852,8,0.16,4,0.4584873590455597,11,0.8,1.3,5.0,0.5970244002886075,0.8711904928898436,1471,1471,1425,True,ok
12,9,Awake,60,processed,2,15040571237466601788,115.00613197126222,24.9893795136852,8,0.16,4,0.4584873590455597,11,0.8,1.3,5.0,0.5790720807510432,0.7936938377373337,1471,1471,1412,True,ok
12,9,Awake,60,processed,3,12274724319071423891,115.00613197126222,24.9893795136852,8,0.16,4,0.4584873590455597,11,0.8,1.3,5.0,0.7035861318917828,0.924383879626944,1471,1469,1399,True,ok
12,9,Awake,60,processed,4,12394379883045694496,115.00613197126222,24.9893795136852,8,0.16,4,0.4584873590455597,11,0.8,1.3,5.0,0.6622847658308517,0.9283689392706268,1471,1471,1420,True,ok
12,9,Awake,60,processed,5,5872943489332831289,115.00613197126222,24.9893795136852,8,0.16,4,0.4584873590455597,11,0.8,1.3,5.0,0.6111025951024166,0.9228803325428786,1471,1471,1413,True,ok
12,9,Awake,60,processed,6,9705974803561494859,115.00613197126222,24.9893795136852,8,0.16,4,0.4584873590455597,11,0.8,1.3,5.0,0.6130796393300608,0.7711762439918098,1471,1471,1400,True,ok
12,9,Awake,60,processed,7,15909626097858501707,115.00613197126222,24.9893795136852,8,0.16,4,0.4584873590455597,11,0.8,1.3,5.0,0.6421452679379014,0.8299206728897264,1471,1471,1402,True,ok
12,9,Awake,60,processed,8,10636588836508289579,115.00613197126222,24.9893795136852,8,0.16,4,0.4584873590455597,11,0.8,1.3,5.0,0.585510368083081,0.8727213486379464,1471,1471,1390,True,ok
12,9,Awake,60,processed,9,3211866814984201901,115.00613197126222,24.9893795136852,8,0.16,4,0.4584873590455597,11,0.8,1.3,5.0,0.5629592437048195,0.9239844706727335,1471,1471,1389,True,ok
12,9,Awake,60,processed,10,101390199208462819,115.00613197126222,24.9893795136852,8,0.16,4,0.4584873590455597,11,0.8,1.3,5.0,0.6025029667660484,0.8511698982039547,1471,1471,1424,True,ok
12,9,Awake,60,processed,11,3392568269431692333,115.00613197126222,24.9893795136852,8,0.16,4,0.4584873590455597,11,0.8,1.3,5.0,0.6582574328850053,0.8591438306087924,1471,1471,1414,True,ok
12,9,Awake,60,processed,12,7296964044883499972,115.00613197126222,24.9893795136852,8,0.16,4,0.4584873590455597,11,0.8,1.3,5.0,0.7285211554418626,0.9315324324364121,1471,1471,1398,True,ok
12,9,Awake,60,processed,13,8409751234508934863,115.00613197126222,24.9893795136852,8,0.16,4,0.4584873590455597,11,0.8,1.3,5.0,0.631540657516816,0.961365371309156,1471,1471,1372,True,ok
12,9,Awake,60,processed,14,17358311590331773388,115.00613197126222,24.9893795136852,8,0.16,4,0.4584873590455597,11,0.8,1.3,5.0,0.6608188402455907,0.9222408119216674,1471,1471,1431,True,ok
12,9,Awake,60,processed,15,13353685931622704229,115.00613197126222,24.9893795136852,8,0.16,4,0.4584873590455597,11,0.8,1.3,5.0,0.6496986748982702,0.788371813180776,1471,1471,1410,True,ok
12,9,Awake,60,processed,16,13029565168957078819,115.00613197126222,24.9893795136852,8,0.16,4,0.4584873590455597,11,0.8,1.3,5.0,0.6317419999769704,0.9275856272039488,1471,1471,1425,True,ok
12,9,Awake,60,processed,17,3277836995823661301,115.00613197126222,24.9893795136852,8,0.16,4,0.4584873590455597,11,0.8,1.3,5.0,0.5867121798031362,0.8928992531426768,1471,1471,1424,True,ok
12,9,Awake,60,processed,18,11380923386285696678,115.00613197126222,24.9893795136852,8,0.16,4,0.4584873590455597,11,0.8,1.3,5.0,0.6410139843014913,0.8555395183266052,1471,1471,1414,True,ok
12,9,Awake,60,processed,19,5615911470890722430,115.00613197126222,24.9893795136852,8,0.16,4,0.4584873590455597,11,0.8,1.3,5.0,0.6422801606124449,0.8520866275847675,1471,1471,1424,True,ok
12,9,Awake,60,processed,20,4978055583839100148,115.00613197126222,24.9893795136852,8,0.16,4,0.4584873590455597,11,0.8,1.3,5.0,0.6189227673891338,0.9145023688340547,1471,1471,1407,True,ok
12,9,Awake,60,processed,21,985803389999163346,115.00613197126222,24.9893795136852,8,0.16,4,0.4584873590455597,11,0.8,1.3,5.0,0.6158062810460575,0.9200627217892036,1471,1471,1404,True,ok
12,9,Awake,60,processed,22,6823066983297079255,115.00613197126222,24.9893795136852,8,0.16,4,0.4584873590455597,11,0.8,1.3,5.0,0.5702402661665315,0.8248167007970524,1471,1471,1423,True,ok
12,9,Awake,60,processed,23,9350201714603365363,115.00613197126222,24.9893795136852,8,0.16,4,0.4584873590455597,11,0.8,1.3,5.0,0.5947672632116993,0.8951245661085684,1471,1471,1398,True,ok
12,9,Awake,60,processed,24,17627101848741160445,115.00613197126222,24.9893795136852,8,0.16,4,0.4584873590455597,11,0.8,1.3,5.0,0.5793840601082686,0.8356368582543109,1471,1471,1405,True,ok
12,9,Awake,60,processed,25,3622382436122514319,115.00613197126222,24.9893795136852,8,0.16,4,0.4584873590455597,11,0.8,1.3,5.0,0.5491746001897936,0.8680641888775366,1471,1471,1405,True,ok
12,9,Awake,60,processed,26,8728029760390388093,115.00613197126222,24.9893795136852,8,0.16,4,0.4584873590455597,11,0.8,1.3,5.0,0.6414313448311442,0.9131282473319347,1471,1471,1427,True,ok
12,9,Awake,60,processed,27,16673187632844046745,115.00613197126222,24.9893795136852,8,0.16,4,0.4584873590455597,11,0.8,1.3,5.0,0.6235590840963775,0.962951994463932,1471,1471,1410,True,ok
12,9,Awake,60,processed,28,14437807917588088068,115.00613197126222,24.9893795136852,8,0.16,4,0.4584873590455597,11,0.8,1.3,5.0,0.5859533533383804,0.8294837438793393,1471,1471,1417,True,ok
12,9,Awake,60,processed,29,7184713039644757560,115.00613197126222,24.9893795136852,8,0.16,4,0.4584873590455597,11,0.8,1.3,5.0,0.5812149767391692,0.917279954608669,1471,1471,1406,True,ok
12,9,Awake,60,processed,30,8610852247280676652,115.00613197126222,24.9893795136852,8,0.16,4,0.4584873590455597,11,0.8,1.3,5.0,0.6724366068856615,0.9021484760393937,1471,1471,1422,True,ok
12,9,Awake,60,processed,31,7724441819717335162,115.00613197126222,24.9893795136852,8,0.16,4,0.4584873590455597,11,0.8,1.3,5.0,0.6011485657715558,0.8564629091947239,1471,1471,1393,True,ok
12,9,Awake,60,processed,32,6850674759751626877,115.00613197126222,24.9893795136852,8,0.16,4,0.4584873590455597,11,0.8,1.3,5.0,0.589390145862599,0.8874763145900354,1471,1471,1399,True,ok
12,9,Awake,60,processed,33,6043832432985304684,115.00613197126222,24.9893795136852,8,0.16,4,0.4584873590455597,11,0.8,1.3,5.0,0.6318577760000742,0.8967862766284072,1471,1465,1400,True,ok
12,9,Awake,60,processed,34,831410917410503209,115.00613197126222,24.9893795136852,8,0.16,4,0.4584873590455597,11,0.8,1.3,5.0,0.666768768988889,0.8947927769554271,1471,1471,1411,True,ok
12,9,Awake,60,processed,35,14659514306079449525,115.00613197126222,24.9893795136852,8,0.16,4,0.4584873590455597,11,0.8,1.3,5.0,0.6506372538867856,0.8667601658765376,1471,1471,1415,True,ok
12,9,Awake,60,processed,36,13141294983086462690,115.00613197126222,24.9893795136852,8,0.16,4,0.4584873590455597,11,0.8,1.3,5.0,0.5653300392744688,0.9403890337673425,1471,1471,1405,True,ok
12,9,Awake,60,processed,37,18327116025781710431,115.00613197126222,24.9893795136852,8,0.16,4,0.4584873590455597,11,0.8,1.3,5.0,0.6342065398112553,0.8162847027164297,1471,1471,1420,True,ok
12,9,Awake,60,processed,38,10522495329366637623,115.00613197126222,24.9893795136852,8,0.16,4,0.4584873590455597,11,0.8,1.3,5.0,0.6361953559965782,0.7597229232724004,1471,1471,1397,True,ok
12,9,Awake,60,processed,39,6958876645999016222,115.00613197126222,24.9893795136852,8,0.16,4,0.4584873590455597,11,0.8,1.3,5.0,0.5782929394361196,0.8859228690793369,1471,1471,1416,True,ok
12,10,Drowsy,60,processed,1,5034248874663069678,115.00613197126222,24.9893795136852,8,0.16,4,0.4209470680849202,11,0.8,1.3,5.0,0.5666609733975312,0.8780716984068094,1471,1471,1423,True,ok
12,10,Drowsy,60,processed,2,13498363969968305874,115.00613197126222,24.9893795136852,8,0.16,4,0.4209470680849202,11,0.8,1.3,5.0,0.5563292166004759,0.7742184404692264,1471,1471,1409,True,ok
12,10,Drowsy,60,processed,3,15210882922609388166,115.00613197126222,24.9893795136852,8,0.16,4,0.4209470680849202,11,0.8,1.3,5.0,0.6060091078212514,0.8016906986244917,1471,1471,1410,True,ok
12,10,Drowsy,60,processed,4,16573709389988552394,115.00613197126222,24.9893795136852,8,0.16,4,0.4209470680849202,11,0.8,1.3,5.0,0.6161360878328118,0.8428001634417231,1471,1471,1399,True,ok
12,10,Drowsy,60,processed,5,4904519753725758092,115.00613197126222,24.9893795136852,8,0.16,4,0.4209470680849202,11,0.8,1.3,5.0,0.5680421523781278,0.9323480841296596,1471,1471,1411,True,ok
12,10,Drowsy,60,processed,6,8193728976389365169,115.00613197126222,24.9893795136852,8,0.16,4,0.4209470680849202,11,0.8,1.3,5.0,0.5394437404170619,0.81534699546388,1471,1471,1417,True,ok
12,10,Drowsy,60,processed,7,2641960866965073280,115.00613197126222,24.9893795136852,8,0.16,4,0.4209470680849202,11,0.8,1.3,5.0,0.6689798618010334,0.8374509673713524,1471,1471,1392,True,ok
12,10,Drowsy,60,processed,8,11451157130926129832,115.00613197126222,24.9893795136852,8,0.16,4,0.4209470680849202,11,0.8,1.3,5.0,0.565581416559264,0.8929977961610365,1471,1471,1422,True,ok
12,10,Drowsy,60,processed,9,17429557955662734544,115.00613197126222,24.9893795136852,8,0.16,4,0.4209470680849202,11,0.8,1.3,5.0,0.601955076488326,0.8599655448710009,1471,1471,1383,True,ok
12,10,Drowsy,60,processed,10,4443169978430965694,115.00613197126222,24.9893795136852,8,0.16,4,0.4209470680849202,11,0.8,1.3,5.0,0.5879078608300766,0.8737639490010852,1471,1471,1387,True,ok
12,10,Drowsy,60,processed,11,1808926756082437059,115.00613197126222,24.9893795136852,8,0.16,4,0.4209470680849202,11,0.8,1.3,5.0,0.5913835786242652,0.8924847495140927,1471,1471,1411,True,ok
12,10,Drowsy,60,processed,12,3329502411011479728,115.00613197126222,24.9893795136852,8,0.16,4,0.4209470680849202,11,0.8,1.3,5.0,0.5507438237315128,0.807345360895755,1471,1471,1402,True,ok
12,10,Drowsy,60,processed,13,5958920375560111286,115.00613197126222,24.9893795136852,8,0.16,4,0.4209470680849202,11,0.8,1.3,5.0,0.6040953946958952,0.8769877899211161,1471,1471,1413,True,ok
12,10,Drowsy,60,processed,14,1541385054999350142,115.00613197126222,24.9893795136852,8,0.16,4,0.4209470680849202,11,0.8,1.3,5.0,0.6366659249233376,0.8730197951542261,1471,1471,1432,True,ok
12,10,Drowsy,60,processed,15,8898053609428131539,115.00613197126222,24.9893795136852,8,0.16,4,0.4209470680849202,11,0.8,1.3,5.0,0.6473299861424844,0.9098116006353583,1471,1471,1424,True,ok
12,10,Drowsy,60,processed,16,14387484381533655470,115.00613197126222,24.9893795136852,8,0.16,4,0.4209470680849202,11,0.8,1.3,5.0,0.5721094159696043,0.9114234571060227,1471,1471,1422,True,ok
12,10,Drowsy,60,processed,17,820509298872000848,115.00613197126222,24.9893795136852,8,0.16,4,0.4209470680849202,11,0.8,1.3,5.0,0.6520854462593628,0.8646500982330574,1471,1471,1387,True,ok
12,10,Drowsy,60,processed,18,2472024134699248296,115.00613197126222,24.9893795136852,8,0.16,4,0.4209470680849202,11,0.8,1.3,5.0,0.6058619099378969,0.7880770077380024,1471,1471,1429,True,ok
12,10,Drowsy,60,processed,19,1098886779595182334,115.00613197126222,24.9893795136852,8,0.16,4,0.4209470680849202,11,0.8,1.3,5.0,0.6159743278216944,0.8651915394960226,1471,1471,1417,True,ok
12,10,Drowsy,60,processed,20,10025734178305353255,115.00613197126222,24.9893795136852,8,0.16,4,0.4209470680849202,11,0.8,1.3,5.0,0.6486719877038457,0.8881266616511161,1471,1471,1404,True,ok
12,10,Drowsy,60,processed,21,17532677781397575210,115.00613197126222,24.9893795136852,8,0.16,4,0.4209470680849202,11,0.8,1.3,5.0,0.5640342023369841,0.8885645381895252,1471,1471,1403,True,ok
12,10,Drowsy,60,processed,22,12443161047518673587,115.00613197126222,24.9893795136852,8,0.16,4,0.4209470680849202,11,0.8,1.3,5.0,0.6025482859030149,0.7962313145950844,1471,1471,1404,True,ok
12,10,Drowsy,60,processed,23,5392001290423938252,115.00613197126222,24.9893795136852,8,0.16,4,0.4209470680849202,11,0.8,1.3,5.0,0.5945266769476311,0.8504518501160535,1471,1471,1383,True,ok
12,10,Drowsy,60,processed,24,15887387749177612093,115.00613197126222,24.9893795136852,8,0.16,4,0.4209470680849202,11,0.8,1.3,5.0,0.5988169340960735,0.8934540275347218,1471,1471,1393,True,ok
12,10,Drowsy,60,processed,25,1680517949278364933,115.00613197126222,24.9893795136852,8,0.16,4,0.4209470680849202,11,0.8,1.3,5.0,0.6194074929361663,0.9048497655898171,1471,1471,1386,True,ok
12,10,Drowsy,60,processed,26,16988463539099818012,115.00613197126222,24.9893795136852,8,0.16,4,0.4209470680849202,11,0.8,1.3,5.0,0.5989089491130749,0.8618402357566627,1471,1471,1405,True,ok
12,10,Drowsy,60,processed,27,1132600147281622458,115.00613197126222,24.9893795136852,8,0.16,4,0.4209470680849202,11,0.8,1.3,5.0,0.6135495340864466,0.8091560361831633,1471,1471,1416,True,ok
12,10,Drowsy,60,processed,28,6870088842100534562,115.00613197126222,24.9893795136852,8,0.16,4,0.4209470680849202,11,0.8,1.3,5.0,0.6220341586690177,0.8284572611587713,1471,1471,1401,True,ok
12,10,Drowsy,60,processed,29,11982108195179400940,115.00613197126222,24.9893795136852,8,0.16,4,0.4209470680849202,11,0.8,1.3,5.0,0.5851937978016788,0.7478706610724003,1471,1471,1418,True,ok
12,10,Drowsy,60,processed,30,14864920531543835328,115.00613197126222,24.9893795136852,8,0.16,4,0.4209470680849202,11,0.8,1.3,5.0,0.6659382257844276,0.8656266674865196,1471,1471,1414,True,ok
12,10,Drowsy,60,processed,31,9304312932847106316,115.00613197126222,24.9893795136852,8,0.16,4,0.4209470680849202,11,0.8,1.3,5.0,0.6022689635159791,0.9007060750424823,1471,1471,1408,True,ok
12,10,Drowsy,60,processed,32,15341625966105132661,115.00613197126222,24.9893795136852,8,0.16,4,0.4209470680849202,11,0.8,1.3,5.0,0.6665101585076916,0.851027404111665,1471,1471,1420,True,ok
12,10,Drowsy,60,processed,33,9271541588279111180,115.00613197126222,24.9893795136852,8,0.16,4,0.4209470680849202,11,0.8,1.3,5.0,0.6338104608770744,0.753735719898083,1471,1471,1394,True,ok
12,10,Drowsy,60,processed,34,16378341452181643995,115.00613197126222,24.9893795136852,8,0.16,4,0.4209470680849202,11,0.8,1.3,5.0,0.6023873929182875,0.7989567888585507,1471,1471,1394,True,ok
12,10,Drowsy,60,processed,35,340294899382260442,115.00613197126222,24.9893795136852,8,0.16,4,0.4209470680849202,11,0.8,1.3,5.0,0.6741196575365138,0.9130022618214279,1471,1471,1394,True,ok
12,10,Drowsy,60,processed,36,16947480503055304576,115.00613197126222,24.9893795136852,8,0.16,4,0.4209470680849202,11,0.8,1.3,5.0,0.6229209235253457,0.9014424389750856,1471,1471,1389,True,ok
12,10,Drowsy,60,processed,37,1815193900877253027,115.00613197126222,24.9893795136852,8,0.16,4,0.4209470680849202,11,0.8,1.3,5.0,0.5950401264264127,0.7578754436384967,1471,1471,1412,True,ok
12,10,Drowsy,60,processed,38,12306630345788807564,115.00613197126222,24.9893795136852,8,0.16,4,0.4209470680849202,11,0.8,1.3,5.0,0.6370002902914222,0.895861503572058,1471,1471,1416,True,ok
12,10,Drowsy,60,processed,39,16117951814122473611,115.00613197126222,24.9893795136852,8,0.16,4,0.4209470680849202,11,0.8,1.3,5.0,0.6542367522531056,0.9096582117632036,1471,1471,1396,True,ok
12,11,Drowsy,60,processed,1,14736992827099496402,115.00613197126222,24.9893795136852,8,0.16,4,0.4472450389759586,11,0.8,1.3,5.0,0.5658814000425824,0.7715369329353886,1471,1471,1381,True,ok
12,11,Drowsy,60,processed,2,13915917860167373427,115.00613197126222,24.9893795136852,8,0.16,4,0.4472450389759586,11,0.8,1.3,5.0,0.5776084029561713,0.7748517457913366,1471,1471,1387,True,ok
12,11,Drowsy,60,processed,3,4728356415466761839,115.00613197126222,24.9893795136852,8,0.16,4,0.4472450389759586,11,0.8,1.3,5.0,0.4985929105036707,0.6621659933590561,1471,1471,1383,True,ok
12,11,Drowsy,60,processed,4,4268335140434710813,115.00613197126222,24.9893795136852,8,0.16,4,0.4472450389759586,11,0.8,1.3,5.0,0.5695498055841453,0.7660627235484816,1471,1471,1426,True,ok
12,11,Drowsy,60,processed,5,4866961981975454010,115.00613197126222,24.9893795136852,8,0.16,4,0.4472450389759586,11,0.8,1.3,5.0,0.539114715180748,0.8388175592869975,1471,1471,1427,True,ok
12,11,Drowsy,60,processed,6,8738844526528651566,115.00613197126222,24.9893795136852,8,0.16,4,0.4472450389759586,11,0.8,1.3,5.0,0.5907719749965074,0.8193843550824716,1471,1471,1402,True,ok
12,11,Drowsy,60,processed,7,3401542656418305924,115.00613197126222,24.9893795136852,8,0.16,4,0.4472450389759586,11,0.8,1.3,5.0,0.5862427854760999,0.7888194776030522,1471,1471,1422,True,ok
12,11,Drowsy,60,processed,8,9839249464538734758,115.00613197126222,24.9893795136852,8,0.16,4,0.4472450389759586,11,0.8,1.3,5.0,0.5827054335341884,0.9099668133538575,1471,1471,1389,True,ok
12,11,Drowsy,60,processed,9,13733189710547979436,115.00613197126222,24.9893795136852,8,0.16,4,0.4472450389759586,11,0.8,1.3,5.0,0.614358447465594,0.9408126120446426,1471,1471,1389,True,ok
12,11,Drowsy,60,processed,10,16708116502083183300,115.00613197126222,24.9893795136852,8,0.16,4,0.4472450389759586,11,0.8,1.3,5.0,0.5693842841351989,0.882031482939956,1471,1471,1414,True,ok
12,11,Drowsy,60,processed,11,2097799570310208357,115.00613197126222,24.9893795136852,8,0.16,4,0.4472450389759586,11,0.8,1.3,5.0,0.5598760369920236,0.8733007807589172,1471,1471,1392,True,ok
12,11,Drowsy,60,processed,12,5869352491264884699,115.00613197126222,24.9893795136852,8,0.16,4,0.4472450389759586,11,0.8,1.3,5.0,0.6396069415981135,0.8388684451303797,1471,1471,1414,True,ok
12,11,Drowsy,60,processed,13,15968590960186903286,115.00613197126222,24.9893795136852,8,0.16,4,0.4472450389759586,11,0.8,1.3,5.0,0.610411039154156,0.8060555638692517,1471,1471,1432,True,ok
12,11,Drowsy,60,processed,14,1479343054456358189,115.00613197126222,24.9893795136852,8,0.16,4,0.4472450389759586,11,0.8,1.3,5.0,0.48584144366215637,0.7215899247251625,1471,1471,1422,True,ok
12,11,Drowsy,60,processed,15,3978279938889396735,115.00613197126222,24.9893795136852,8,0.16,4,0.4472450389759586,11,0.8,1.3,5.0,0.5636003646541478,0.7511097232112963,1471,1471,1393,True,ok
12,11,Drowsy,60,processed,16,8563156840530283896,115.00613197126222,24.9893795136852,8,0.16,4,0.4472450389759586,11,0.8,1.3,5.0,0.6473170169292832,0.8277239377093656,1471,1471,1432,True,ok
12,11,Drowsy,60,processed,17,486063408708372319,115.00613197126222,24.9893795136852,8,0.16,4,0.4472450389759586,11,0.8,1.3,5.0,0.5742130587760154,0.6337926832016267,1471,1471,1379,True,ok
12,11,Drowsy,60,processed,18,6371321420828980644,115.00613197126222,24.9893795136852,8,0.16,4,0.4472450389759586,11,0.8,1.3,5.0,0.5488830771666775,0.7496488209403623,1471,1417,1352,True,ok
12,11,Drowsy,60,processed,19,17400103645836626725,115.00613197126222,24.9893795136852,8,0.16,4,0.4472450389759586,11,0.8,1.3,5.0,0.5071069270021141,0.8047866911752064,1471,1471,1413,True,ok
12,11,Drowsy,60,processed,20,10711967128761377426,115.00613197126222,24.9893795136852,8,0.16,4,0.4472450389759586,11,0.8,1.3,5.0,0.551082441041093,0.8890305889928439,1471,1471,1410,True,ok
12,11,Drowsy,60,processed,21,15841629180278598961,115.00613197126222,24.9893795136852,8,0.16,4,0.4472450389759586,11,0.8,1.3,5.0,0.5378363622987228,0.7769985622119294,1471,1471,1419,True,ok
12,11,Drowsy,60,processed,22,13033152502440513745,115.00613197126222,24.9893795136852,8,0.16,4,0.4472450389759586,11,0.8,1.3,5.0,0.5316743674964222,0.8151094283965771,1471,1471,1394,True,ok
12,11,Drowsy,60,processed,23,5888012508830764132,115.00613197126222,24.9893795136852,8,0.16,4,0.4472450389759586,11,0.8,1.3,5.0,0.5591199333122711,0.8968628327726752,1471,1471,1408,True,ok
12,11,Drowsy,60,processed,24,13973541403135914634,115.00613197126222,24.9893795136852,8,0.16,4,0.4472450389759586,11,0.8,1.3,5.0,0.6088690952337212,0.8525986088591521,1471,1457,1398,True,ok
12,11,Drowsy,60,processed,25,8964185244075907693,115.00613197126222,24.9893795136852,8,0.16,4,0.4472450389759586,11,0.8,1.3,5.0,0.5844781587532936,0.7919274453252171,1471,1471,1404,True,ok
12,11,Drowsy,60,processed,26,13332229781906724258,115.00613197126222,24.9893795136852,8,0.16,4,0.4472450389759586,11,0.8,1.3,5.0,0.559805440355012,0.8446613438360997,1471,1471,1404,True,ok
12,11,Drowsy,60,processed,27,15282874296156562007,115.00613197126222,24.9893795136852,8,0.16,4,0.4472450389759586,11,0.8,1.3,5.0,0.563388812502763,0.8737689572930231,1471,1471,1397,True,ok
12,11,Drowsy,60,processed,28,6137316225996175322,115.00613197126222,24.9893795136852,8,0.16,4,0.4472450389759586,11,0.8,1.3,5.0,0.5788411618535906,0.8232831636926907,1471,1471,1423,True,ok
12,11,Drowsy,60,processed,29,4698816986114093150,115.00613197126222,24.9893795136852,8,0.16,4,0.4472450389759586,11,0.8,1.3,5.0,0.5290712409255173,0.8108036640103532,1471,1471,1389,True,ok
12,11,Drowsy,60,processed,30,6920246153949561069,115.00613197126222,24.9893795136852,8,0.16,4,0.4472450389759586,11,0.8,1.3,5.0,0.556881230720174,0.7986114170391548,1471,1471,1408,True,ok
12,11,Drowsy,60,processed,31,16894291603890864612,115.00613197126222,24.9893795136852,8,0.16,4,0.4472450389759586,11,0.8,1.3,5.0,0.5478705050038811,0.8085889564752693,1471,1471,1405,True,ok
12,11,Drowsy,60,processed,32,586637669619684868,115.00613197126222,24.9893795136852,8,0.16,4,0.4472450389759586,11,0.8,1.3,5.0,0.47770560869526246,0.720711269923036,1471,1471,1400,True,ok
12,11,Drowsy,60,processed,33,16228507828881668490,115.00613197126222,24.9893795136852,8,0.16,4,0.4472450389759586,11,0.8,1.3,5.0,0.5651407073290324,0.8551196086049732,1471,1471,1422,True,ok
12,11,Drowsy,60,processed,34,3428619633984390337,115.00613197126222,24.9893795136852,8,0.16,4,0.4472450389759586,11,0.8,1.3,5.0,0.5740247401812139,0.7669908587983055,1471,1471,1401,True,ok
12,11,Drowsy,60,processed,35,1776270168617257759,115.00613197126222,24.9893795136852,8,0.16,4,0.4472450389759586,11,0.8,1.3,5.0,0.5293824492959915,0.8821889469887995,1471,1471,1405,True,ok
12,11,Drowsy,60,processed,36,2631381525998611832,115.00613197126222,24.9893795136852,8,0.16,4,0.4472450389759586,11,0.8,1.3,5.0,0.5788646735769333,0.8412471400268698,1471,1471,1407,True,ok
12,11,Drowsy,60,processed,37,3626816193018907247,115.00613197126222,24.9893795136852,8,0.16,4,0.4472450389759586,11,0.8,1.3,5.0,0.5751372465234198,0.7890401661069032,1471,1471,1429,True,ok
12,11,Drowsy,60,processed,38,4183823903176061490,115.00613197126222,24.9893795136852,8,0.16,4,0.4472450389759586,11,0.8,1.3,5.0,0.521291766670416,0.7729627229609416,1471,1471,1391,True,ok
12,11,Drowsy,60,processed,39,11555463942916740756,115.00613197126222,24.9893795136852,8,0.16,4,0.4472450389759586,11,0.8,1.3,5.0,0.5710108873948319,0.7757701237834915,1471,1471,1407,True,ok
12,12,Drowsy,60,processed,1,2596522886958500814,138.30057843624795,24.9893795136852,8,0.16,4,0.4339141446287958,11,0.8,1.3,5.0,0.5917983943780185,0.7837260828508095,1471,1471,1426,True,ok
12,12,Drowsy,60,processed,2,9601437978497889615,138.30057843624795,24.9893795136852,8,0.16,4,0.4339141446287958,11,0.8,1.3,5.0,0.5154505322522138,0.8581679343731288,1471,1471,1428,True,ok
12,12,Drowsy,60,processed,3,1923761484923037367,138.30057843624795,24.9893795136852,8,0.16,4,0.4339141446287958,11,0.8,1.3,5.0,0.5200967451837625,0.8064665652055263,1471,1471,1414,True,ok
12,12,Drowsy,60,processed,4,6332964610554121344,138.30057843624795,24.9893795136852,8,0.16,4,0.4339141446287958,11,0.8,1.3,5.0,0.5278351601130853,0.8194938093783676,1471,1471,1420,True,ok
12,12,Drowsy,60,processed,5,7381575639245854087,138.30057843624795,24.9893795136852,8,0.16,4,0.4339141446287958,11,0.8,1.3,5.0,0.5616299270499063,0.8214737678446414,1471,1471,1408,True,ok
12,12,Drowsy,60,processed,6,12716909655388999554,138.30057843624795,24.9893795136852,8,0.16,4,0.4339141446287958,11,0.8,1.3,5.0,0.519167924757937,0.7675670404481925,1471,1471,1405,True,ok
12,12,Drowsy,60,processed,7,9703934926758500962,138.30057843624795,24.9893795136852,8,0.16,4,0.4339141446287958,11,0.8,1.3,5.0,0.5144346844348145,0.7512186938483278,1471,1471,1412,True,ok
12,12,Drowsy,60,processed,8,14293238781715842888,138.30057843624795,24.9893795136852,8,0.16,4,0.4339141446287958,11,0.8,1.3,5.0,0.48758733148642514,0.7996949223489445,1471,1471,1402,True,ok
12,12,Drowsy,60,processed,9,6343355788653087605,138.30057843624795,24.9893795136852,8,0.16,4,0.4339141446287958,11,0.8,1.3,5.0,0.5019084996766575,0.8059831357288973,1471,1471,1410,True,ok
12,12,Drowsy,60,processed,10,1461431571533253357,138.30057843624795,24.9893795136852,8,0.16,4,0.4339141446287958,11,0.8,1.3,5.0,0.49857240146154386,0.8720899308762521,1471,1471,1413,True,ok
12,12,Drowsy,60,processed,11,3978586592370797460,138.30057843624795,24.9893795136852,8,0.16,4,0.4339141446287958,11,0.8,1.3,5.0,0.5300257518744645,0.8741765970621727,1471,1471,1400,True,ok
12,12,Drowsy,60,processed,12,14004162441605836438,138.30057843624795,24.9893795136852,8,0.16,4,0.4339141446287958,11,0.8,1.3,5.0,0.5512865217582394,0.6796254486524878,1471,1471,1409,True,ok
12,12,Drowsy,60,processed,13,379051823820863963,138.30057843624795,24.9893795136852,8,0.16,4,0.4339141446287958,11,0.8,1.3,5.0,0.5651479169843694,0.7781126753966884,1471,1471,1401,True,ok
12,12,Drowsy,60,processed,14,519299583344309980,138.30057843624795,24.9893795136852,8,0.16,4,0.4339141446287958,11,0.8,1.3,5.0,0.5628906363256624,0.8555648097771731,1471,1471,1421,True,ok
12,12,Drowsy,60,processed,15,14617919485158968806,138.30057843624795,24.9893795136852,8,0.16,4,0.4339141446287958,11,0.8,1.3,5.0,0.5749684421920529,0.7975734983495525,1471,1471,1409,True,ok
12,12,Drowsy,60,processed,16,15976192711254603726,138.30057843624795,24.9893795136852,8,0.16,4,0.4339141446287958,11,0.8,1.3,5.0,0.5639649519519876,0.8566632938871237,1471,1471,1405,True,ok
12,12,Drowsy,60,processed,17,7428746371361781768,138.30057843624795,24.9893795136852,8,0.16,4,0.4339141446287958,11,0.8,1.3,5.0,0.5680779808384766,0.8154085659906922,1471,1471,1391,True,ok
12,12,Drowsy,60,processed,18,5599945521407112806,138.30057843624795,24.9893795136852,8,0.16,4,0.4339141446287958,11,0.8,1.3,5.0,0.5088056628478963,0.8752822134698627,1471,1471,1416,True,ok
12,12,Drowsy,60,processed,19,8956468058090937135,138.30057843624795,24.9893795136852,8,0.16,4,0.4339141446287958,11,0.8,1.3,5.0,0.5434964004623744,0.9162836940937598,1471,1471,1424,True,ok
12,12,Drowsy,60,processed,20,14761758588550413596,138.30057843624795,24.9893795136852,8,0.16,4,0.4339141446287958,11,0.8,1.3,5.0,0.5242681660325202,0.8450580665205464,1471,1471,1418,True,ok
12,12,Drowsy,60,processed,21,577352134580654072,138.30057843624795,24.9893795136852,8,0.16,4,0.4339141446287958,11,0.8,1.3,5.0,0.5473868148200876,0.8760604724054567,1471,1471,1414,True,ok
12,12,Drowsy,60,processed,22,9494769862662429424,138.30057843624795,24.9893795136852,8,0.16,4,0.4339141446287958,11,0.8,1.3,5.0,0.5785590895488447,0.8414745826613396,1471,1471,1394,True,ok
12,12,Drowsy,60,processed,23,13034712337057499837,138.30057843624795,24.9893795136852,8,0.16,4,0.4339141446287958,11,0.8,1.3,5.0,0.5097862548384394,0.8215150360294472,1471,1471,1377,True,ok
12,12,Drowsy,60,processed,24,3218886168336836879,138.30057843624795,24.9893795136852,8,0.16,4,0.4339141446287958,11,0.8,1.3,5.0,0.4636299023505859,0.7297723948982023,1471,1471,1403,True,ok
12,12,Drowsy,60,processed,25,9340113785726712806,138.30057843624795,24.9893795136852,8,0.16,4,0.4339141446287958,11,0.8,1.3,5.0,0.5153717579397763,0.7504209697262744,1471,1471,1406,True,ok
12,12,Drowsy,60,processed,26,8901724782697519575,138.30057843624795,24.9893795136852,8,0.16,4,0.4339141446287958,11,0.8,1.3,5.0,0.5357265409537691,0.8505348658649522,1471,1471,1432,True,ok
12,12,Drowsy,60,processed,27,16975822797184047211,138.30057843624795,24.9893795136852,8,0.16,4,0.4339141446287958,11,0.8,1.3,5.0,0.5167523185386694,0.8166402913456644,1471,1471,1409,True,ok
12,12,Drowsy,60,processed,28,7646263833305060069,138.30057843624795,24.9893795136852,8,0.16,4,0.4339141446287958,11,0.8,1.3,5.0,0.5518229244119819,0.809856917801642,1471,1471,1392,True,ok
12,12,Drowsy,60,processed,29,1568737889951908747,138.30057843624795,24.9893795136852,8,0.16,4,0.4339141446287958,11,0.8,1.3,5.0,0.4949564023599932,0.8617895556220982,1471,1471,1373,True,ok
12,12,Drowsy,60,processed,30,1753176655102982840,138.30057843624795,24.9893795136852,8,0.16,4,0.4339141446287958,11,0.8,1.3,5.0,0.5262782897686508,0.8233871298910064,1471,1471,1416,True,ok
12,12,Drowsy,60,processed,31,17480858144403259315,138.30057843624795,24.9893795136852,8,0.16,4,0.4339141446287958,11,0.8,1.3,5.0,0.49064274238964956,0.7861288183952825,1471,1471,1418,True,ok
12,12,Drowsy,60,processed,32,6848810239477466608,138.30057843624795,24.9893795136852,8,0.16,4,0.4339141446287958,11,0.8,1.3,5.0,0.5173184141611896,0.7729385409566777,1471,1471,1392,True,ok
12,12,Drowsy,60,processed,33,16381325162191538054,138.30057843624795,24.9893795136852,8,0.16,4,0.4339141446287958,11,0.8,1.3,5.0,0.5685537480464935,0.8077608027893277,1471,1471,1408,True,ok
12,12,Drowsy,60,processed,34,11726404936110398811,138.30057843624795,24.9893795136852,8,0.16,4,0.4339141446287958,11,0.8,1.3,5.0,0.5077471786343138,0.8248192472015268,1471,1471,1423,True,ok
12,12,Drowsy,60,processed,35,13279449601702264932,138.30057843624795,24.9893795136852,8,0.16,4,0.4339141446287958,11,0.8,1.3,5.0,0.49998817771747306,0.742021997070178,1471,1471,1414,True,ok
12,12,Drowsy,60,processed,36,11309149192769315667,138.30057843624795,24.9893795136852,8,0.16,4,0.4339141446287958,11,0.8,1.3,5.0,0.5447833973489489,0.7943125032386623,1471,1471,1409,True,ok
12,12,Drowsy,60,processed,37,12788088375095165478,138.30057843624795,24.9893795136852,8,0.16,4,0.4339141446287958,11,0.8,1.3,5.0,0.5002932625631841,0.8650519337946138,1471,1471,1403,True,ok
12,12,Drowsy,60,processed,38,2585467887556132977,138.30057843624795,24.9893795136852,8,0.16,4,0.4339141446287958,11,0.8,1.3,5.0,0.5237423034312483,0.780931321711498,1471,1471,1397,True,ok
12,12,Drowsy,60,processed,39,2941590775494650107,138.30057843624795,24.9893795136852,8,0.16,4,0.4339141446287958,11,0.8,1.3,5.0,0.5093479331904708,0.7626357276686547,1471,1471,1403,True,ok
12,13,Awake,60,processed,1,1795286420737248894,138.30057843624795,24.9893795136852,8,0.16,4,0.4164924184732447,10,0.8,1.3,5.0,0.5397365670037343,0.7075149107807023,1471,1471,1414,True,ok
12,13,Awake,60,processed,2,11355869811219518042,138.30057843624795,24.9893795136852,8,0.16,4,0.4164924184732447,10,0.8,1.3,5.0,0.5033650759875933,0.7699292885425632,1471,1471,1401,True,ok
12,13,Awake,60,processed,3,8203275254977412912,138.30057843624795,24.9893795136852,8,0.16,4,0.4164924184732447,10,0.8,1.3,5.0,0.5226803339821277,0.7914219224639764,1471,1471,1393,True,ok
12,13,Awake,60,processed,4,16603055645104076003,138.30057843624795,24.9893795136852,8,0.16,4,0.4164924184732447,10,0.8,1.3,5.0,0.5544157844715356,0.7862953826560366,1471,1471,1417,True,ok
12,13,Awake,60,processed,5,2052273972502871628,138.30057843624795,24.9893795136852,8,0.16,4,0.4164924184732447,10,0.8,1.3,5.0,0.5309971181288691,0.7785783787717413,1471,1471,1401,True,ok
12,13,Awake,60,processed,6,7311063516113485528,138.30057843624795,24.9893795136852,8,0.16,4,0.4164924184732447,10,0.8,1.3,5.0,0.4877412351965094,0.7148560813328966,1471,1471,1403,True,ok
12,13,Awake,60,processed,7,1600291717654862939,138.30057843624795,24.9893795136852,8,0.16,4,0.4164924184732447,10,0.8,1.3,5.0,0.608377514916443,0.8782181807624558,1471,1471,1405,True,ok
12,13,Awake,60,processed,8,13909582654790588129,138.30057843624795,24.9893795136852,8,0.16,4,0.4164924184732447,10,0.8,1.3,5.0,0.5289557152237321,0.9044725011567223,1471,1471,1412,True,ok
12,13,Awake,60,processed,9,9714715913693912598,138.30057843624795,24.9893795136852,8,0.16,4,0.4164924184732447,10,0.8,1.3,5.0,0.5489173963706973,0.7994916062043722,1471,1471,1397,True,ok
12,13,Awake,60,processed,10,967311049830698503,138.30057843624795,24.9893795136852,8,0.16,4,0.4164924184732447,10,0.8,1.3,5.0,0.5042662328510003,0.6634495019285755,1471,1471,1408,True,ok
12,13,Awake,60,processed,11,15681736403386180290,138.30057843624795,24.9893795136852,8,0.16,4,0.4164924184732447,10,0.8,1.3,5.0,0.5530663567848015,0.8527665828702956,1471,1471,1388,True,ok
12,13,Awake,60,processed,12,101015011467092570,138.30057843624795,24.9893795136852,8,0.16,4,0.4164924184732447,10,0.8,1.3,5.0,0.5466321599601793,0.8132068077699524,1471,1471,1417,True,ok
12,13,Awake,60,processed,13,15014075692694669017,138.30057843624795,24.9893795136852,8,0.16,4,0.4164924184732447,10,0.8,1.3,5.0,0.5517909711108314,0.8222844383683693,1471,1471,1389,True,ok
12,13,Awake,60,processed,14,7566561570870411056,138.30057843624795,24.9893795136852,8,0.16,4,0.4164924184732447,10,0.8,1.3,5.0,0.4782375834017452,0.7469981653126219,1471,1471,1393,True,ok
12,13,Awake,60,processed,15,1675381371774356495,138.30057843624795,24.9893795136852,8,0.16,4,0.4164924184732447,10,0.8,1.3,5.0,0.4918588174867382,0.7982750083080277,1471,1471,1391,True,ok
12,13,Awake,60,processed,16,8707329576233046839,138.30057843624795,24.9893795136852,8,0.16,4,0.4164924184732447,10,0.8,1.3,5.0,0.546994525902002,0.7493643377167203,1471,1471,1410,True,ok
12,13,Awake,60,processed,17,10172546383527100859,138.30057843624795,24.9893795136852,8,0.16,4,0.4164924184732447,10,0.8,1.3,5.0,0.6007895274509567,0.7532917117116844,1471,1471,1405,True,ok
12,13,Awake,60,processed,18,6646190575074621925,138.30057843624795,24.9893795136852,8,0.16,4,0.4164924184732447,10,0.8,1.3,5.0,0.550235889566576,0.817600724659646,1471,1471,1393,True,ok
12,13,Awake,60,processed,19,4721482340785283246,138.30057843624795,24.9893795136852,8,0.16,4,0.4164924184732447,10,0.8,1.3,5.0,0.5650551930779917,0.7953427365391669,1471,1471,1400,True,ok
12,13,Awake,60,processed,20,1950142292270574455,138.30057843624795,24.9893795136852,8,0.16,4,0.4164924184732447,10,0.8,1.3,5.0,0.537934016598127,0.7706719581177094,1471,1471,1403,True,ok
12,13,Awake,60,processed,21,16185305970650285399,138.30057843624795,24.9893795136852,8,0.16,4,0.4164924184732447,10,0.8,1.3,5.0,0.47659496788827366,0.7773420188871139,1471,1471,1404,True,ok
12,13,Awake,60,processed,22,3793137326329569496,138.30057843624795,24.9893795136852,8,0.16,4,0.4164924184732447,10,0.8,1.3,5.0,0.49090418577979505,0.8144091847365549,1471,1471,1417,True,ok
12,13,Awake,60,processed,23,12668935611886476801,138.30057843624795,24.9893795136852,8,0.16,4,0.4164924184732447,10,0.8,1.3,5.0,0.5542330220408577,0.76152270665582,1471,1471,1416,True,ok
12,13,Awake,60,processed,24,15311650971650087781,138.30057843624795,24.9893795136852,8,0.16,4,0.4164924184732447,10,0.8,1.3,5.0,0.5604968023825757,0.8392817643472107,1471,1471,1398,True,ok
12,13,Awake,60,processed,25,9145401048110086017,138.30057843624795,24.9893795136852,8,0.16,4,0.4164924184732447,10,0.8,1.3,5.0,0.49819287207388663,0.7515915133453334,1471,1471,1414,True,ok
12,13,Awake,60,processed,26,15949156538620862397,138.30057843624795,24.9893795136852,8,0.16,4,0.4164924184732447,10,0.8,1.3,5.0,0.5262107776019624,0.8402679963165393,1471,1471,1421,True,ok
12,13,Awake,60,processed,27,6205777572504582405,138.30057843624795,24.9893795136852,8,0.16,4,0.4164924184732447,10,0.8,1.3,5.0,0.5742584953758653,0.7533362491003254,1471,1471,1404,True,ok
12,13,Awake,60,processed,28,8220984633698165151,138.30057843624795,24.9893795136852,8,0.16,4,0.4164924184732447,10,0.8,1.3,5.0,0.5073549964215208,0.7553422435899833,1471,1471,1425,True,ok
12,13,Awake,60,processed,29,444733084060371613,138.30057843624795,24.9893795136852,8,0.16,4,0.4164924184732447,10,0.8,1.3,5.0,0.4979326427808581,0.8221224080493945,1471,1471,1411,True,ok
12,13,Awake,60,processed,30,9255683409762133073,138.30057843624795,24.9893795136852,8,0.16,4,0.4164924184732447,10,0.8,1.3,5.0,0.50463667287225,0.8736921765549149,1471,1471,1419,True,ok
12,13,Awake,60,processed,31,12110967270488076340,138.30057843624795,24.9893795136852,8,0.16,4,0.4164924184732447,10,0.8,1.3,5.0,0.5078352502818959,0.8224007061128615,1471,1471,1422,True,ok
12,13,Awake,60,processed,32,5467530011965215534,138.30057843624795,24.9893795136852,8,0.16,4,0.4164924184732447,10,0.8,1.3,5.0,0.5185519987575578,0.7961800782842148,1471,1471,1409,True,ok
12,13,Awake,60,processed,33,11510558533156514726,138.30057843624795,24.9893795136852,8,0.16,4,0.4164924184732447,10,0.8,1.3,5.0,0.5258970215026005,0.8245032410458575,1471,1471,1416,True,ok
12,13,Awake,60,processed,34,7863536286070764507,138.30057843624795,24.9893795136852,8,0.16,4,0.4164924184732447,10,0.8,1.3,5.0,0.5389101671148132,0.7677340980586549,1471,1471,1417,True,ok
12,13,Awake,60,processed,35,3597849004614684086,138.30057843624795,24.9893795136852,8,0.16,4,0.4164924184732447,10,0.8,1.3,5.0,0.5707418136452044,0.8543278039210531,1471,1471,1397,True,ok
12,13,Awake,60,processed,36,8814460692952548922,138.30057843624795,24.9893795136852,8,0.16,4,0.4164924184732447,10,0.8,1.3,5.0,0.5629660291388491,0.7851227124155129,1471,1471,1405,True,ok
12,13,Awake,60,processed,37,3133937327364746658,138.30057843624795,24.9893795136852,8,0.16,4,0.4164924184732447,10,0.8,1.3,5.0,0.5200617803005994,0.8445342378235671,1471,1471,1406,True,ok
12,13,Awake,60,processed,38,10670311546689385204,138.30057843624795,24.9893795136852,8,0.16,4,0.4164924184732447,10,0.8,1.3,5.0,0.5642282880788729,0.8240876448530495,1471,1471,1403,True,ok
12,13,Awake,60,processed,39,8607282843418543306,138.30057843624795,24.9893795136852,8,0.16,4,0.4164924184732447,10,0.8,1.3,5.0,0.48098417780630787,0.6612999636793989,1471,1471,1385,True,ok
12,14,Awake,60,processed,1,11964949529128922326,95.63524997900372,24.9893795136852,8,0.16,4,0.4161134254373535,10,0.8,1.3,5.0,0.6382821252980809,0.860503503700377,1471,1471,1412,True,ok
12,14,Awake,60,processed,2,4459022552221319548,95.63524997900372,24.9893795136852,8,0.16,4,0.4161134254373535,10,0.8,1.3,5.0,0.6187958359367988,0.9248887827550669,1471,1471,1395,True,ok
12,14,Awake,60,processed,3,17588875056317688533,95.63524997900372,24.9893795136852,8,0.16,4,0.4161134254373535,10,0.8,1.3,5.0,0.672909089493233,0.8468610699453002,1471,1471,1397,True,ok
12,14,Awake,60,processed,4,6422126585233161091,95.63524997900372,24.9893795136852,8,0.16,4,0.4161134254373535,10,0.8,1.3,5.0,0.5664057594928016,0.7848501762606327,1471,1463,1397,True,ok
12,14,Awake,60,processed,5,203177501735149789,95.63524997900372,24.9893795136852,8,0.16,4,0.4161134254373535,10,0.8,1.3,5.0,0.6560525481029884,0.9351784484741352,1471,1471,1406,True,ok
12,14,Awake,60,processed,6,6108110908349504879,95.63524997900372,24.9893795136852,8,0.16,4,0.4161134254373535,10,0.8,1.3,5.0,0.6329544779974291,0.924554393442506,1471,1471,1406,True,ok
12,14,Awake,60,processed,7,11506387117280246792,95.63524997900372,24.9893795136852,8,0.16,4,0.4161134254373535,10,0.8,1.3,5.0,0.6651229707114148,0.8118143819782333,1471,1471,1390,True,ok
12,14,Awake,60,processed,8,11575221533699871548,95.63524997900372,24.9893795136852,8,0.16,4,0.4161134254373535,10,0.8,1.3,5.0,0.6285622266148034,0.8259361597307242,1471,1471,1415,True,ok
12,14,Awake,60,processed,9,8454054469196806301,95.63524997900372,24.9893795136852,8,0.16,4,0.4161134254373535,10,0.8,1.3,5.0,0.6033570513699307,0.6915470478818827,1471,1471,1405,True,ok
12,14,Awake,60,processed,10,8825115729487855521,95.63524997900372,24.9893795136852,8,0.16,4,0.4161134254373535,10,0.8,1.3,5.0,0.615366831419801,0.7862817528676926,1471,1471,1417,True,ok
12,14,Awake,60,processed,11,15718576344007561765,95.63524997900372,24.9893795136852,8,0.16,4,0.4161134254373535,10,0.8,1.3,5.0,0.6974106100623878,0.8004736424858182,1471,1471,1410,True,ok
12,14,Awake,60,processed,12,13635147937399672426,95.63524997900372,24.9893795136852,8,0.16,4,0.4161134254373535,10,0.8,1.3,5.0,0.6742846956844494,0.9157904520271632,1471,1471,1393,True,ok
12,14,Awake,60,processed,13,9791654227808289699,95.63524997900372,24.9893795136852,8,0.16,4,0.4161134254373535,10,0.8,1.3,5.0,0.660940679509235,0.8965169350674765,1471,1443,1384,True,ok
12,14,Awake,60,processed,14,1884909573697500957,95.63524997900372,24.9893795136852,8,0.16,4,0.4161134254373535,10,0.8,1.3,5.0,0.7265390539732303,0.9192576444399886,1471,1471,1398,True,ok
12,14,Awake,60,processed,15,17369566214257073376,95.63524997900372,24.9893795136852,8,0.16,4,0.4161134254373535,10,0.8,1.3,5.0,0.6470079089949905,0.9070117794011111,1471,1398,1342,True,ok
12,14,Awake,60,processed,16,17349950461562793701,95.63524997900372,24.9893795136852,8,0.16,4,0.4161134254373535,10,0.8,1.3,5.0,0.6760454052252239,0.8937792591887342,1471,1403,1328,True,ok
12,14,Awake,60,processed,17,2858534439651651190,95.63524997900372,24.9893795136852,8,0.16,4,0.4161134254373535,10,0.8,1.3,5.0,0.6490145734429954,0.8958272307395228,1471,1471,1411,True,ok
12,14,Awake,60,processed,18,14792682945195443107,95.63524997900372,24.9893795136852,8,0.16,4,0.4161134254373535,10,0.8,1.3,5.0,0.7551332694299792,0.925101173539306,1471,1471,1418,True,ok
12,14,Awake,60,processed,19,10390096199102802233,95.63524997900372,24.9893795136852,8,0.16,4,0.4161134254373535,10,0.8,1.3,5.0,0.6340541322736972,0.7669040266832959,1471,1471,1421,True,ok
12,14,Awake,60,processed,20,10873686943656900397,95.63524997900372,24.9893795136852,8,0.16,4,0.4161134254373535,10,0.8,1.3,5.0,0.6444027536832059,0.7115101349117509,1471,1471,1404,True,ok
12,14,Awake,60,processed,21,10433867535599959399,95.63524997900372,24.9893795136852,8,0.16,4,0.4161134254373535,10,0.8,1.3,5.0,0.6935766410064942,0.8843056623237234,1471,1471,1410,True,ok
12,14,Awake,60,processed,22,5035262588462799456,95.63524997900372,24.9893795136852,8,0.16,4,0.4161134254373535,10,0.8,1.3,5.0,0.6441146159692686,0.8950251525689327,1471,1471,1410,True,ok
12,14,Awake,60,processed,23,15629428951678326234,95.63524997900372,24.9893795136852,8,0.16,4,0.4161134254373535,10,0.8,1.3,5.0,0.6688472272275853,0.8486880249901546,1471,1471,1387,True,ok
12,14,Awake,60,processed,24,13677276101223569586,95.63524997900372,24.9893795136852,8,0.16,4,0.4161134254373535,10,0.8,1.3,5.0,0.6748938129661856,0.848386778587501,1471,1471,1436,True,ok
12,14,Awake,60,processed,25,2255868048288310879,95.63524997900372,24.9893795136852,8,0.16,4,0.4161134254373535,10,0.8,1.3,5.0,0.6345907410317139,0.899735370084675,1471,1471,1396,True,ok
12,14,Awake,60,processed,26,958458155693745613,95.63524997900372,24.9893795136852,8,0.16,4,0.4161134254373535,10,0.8,1.3,5.0,0.6348313801783154,0.8291898392603537,1471,1471,1407,True,ok
12,14,Awake,60,processed,27,4218553573570077539,95.63524997900372,24.9893795136852,8,0.16,4,0.4161134254373535,10,0.8,1.3,5.0,0.6537060857422876,0.8415548646490539,1471,1471,1418,True,ok
12,14,Awake,60,processed,28,17627252825491664675,95.63524997900372,24.9893795136852,8,0.16,4,0.4161134254373535,10,0.8,1.3,5.0,0.5948634859999039,0.8153219597853503,1471,1471,1415,True,ok
12,14,Awake,60,processed,29,3308742208686877883,95.63524997900372,24.9893795136852,8,0.16,4,0.4161134254373535,10,0.8,1.3,5.0,0.6808776307891813,0.8883740278643306,1471,1471,1406,True,ok
12,14,Awake,60,processed,30,15059380545927879727,95.63524997900372,24.9893795136852,8,0.16,4,0.4161134254373535,10,0.8,1.3,5.0,0.6513585381152048,0.8612901093985047,1471,1471,1390,True,ok
12,14,Awake,60,processed,31,5503418646862579347,95.63524997900372,24.9893795136852,8,0.16,4,0.4161134254373535,10,0.8,1.3,5.0,0.6867178531266687,0.8420196941730319,1471,1471,1415,True,ok
12,14,Awake,60,processed,32,800362596731192903,95.63524997900372,24.9893795136852,8,0.16,4,0.4161134254373535,10,0.8,1.3,5.0,0.6458712105554875,0.9311954976315514,1471,1471,1396,True,ok
12,14,Awake,60,processed,33,4026816294723932805,95.63524997900372,24.9893795136852,8,0.16,4,0.4161134254373535,10,0.8,1.3,5.0,0.6247479541157053,0.8639833693658322,1471,1471,1418,True,ok
12,14,Awake,60,processed,34,14712636271183953520,95.63524997900372,24.9893795136852,8,0.16,4,0.4161134254373535,10,0.8,1.3,5.0,0.6226191607538176,0.8484333093087583,1471,1471,1425,True,ok
12,14,Awake,60,processed,35,5789095402095131092,95.63524997900372,24.9893795136852,8,0.16,4,0.4161134254373535,10,0.8,1.3,5.0,0.6374436241540117,0.8739110786389895,1471,1471,1406,True,ok
12,14,Awake,60,processed,36,8699598387167324265,95.63524997900372,24.9893795136852,8,0.16,4,0.4161134254373535,10,0.8,1.3,5.0,0.7101009652797418,0.88975577416272,1471,1471,1414,True,ok
12,14,Awake,60,processed,37,14704381787152444735,95.63524997900372,24.9893795136852,8,0.16,4,0.4161134254373535,10,0.8,1.3,5.0,0.633683909432459,0.8098886501712192,1471,1471,1414,True,ok
12,14,Awake,60,processed,38,5426413024205235919,95.63524997900372,24.9893795136852,8,0.16,4,0.4161134254373535,10,0.8,1.3,5.0,0.5879383676473009,0.8682586776166504,1471,1471,1414,True,ok
12,14,Awake,60,processed,39,12965409032094167033,95.63524997900372,24.9893795136852,8,0.16,4,0.4161134254373535,10,0.8,1.3,5.0,0.5878877568367008,0.7831793573344765,1471,1471,1377,True,ok
12,15,Awake,60,processed,1,11778791024361740087,115.00613197126222,24.9893795136852,8,0.16,4,0.4439314487274261,11,0.8,1.3,5.0,0.609372706440602,0.9454579970843748,1471,1471,1414,True,ok
12,15,Awake,60,processed,2,3948068496584335955,115.00613197126222,24.9893795136852,8,0.16,4,0.4439314487274261,11,0.8,1.3,5.0,0.5667647698982186,0.8519835884121109,1471,1471,1422,True,ok
12,15,Awake,60,processed,3,17657816424641919227,115.00613197126222,24.9893795136852,8,0.16,4,0.4439314487274261,11,0.8,1.3,5.0,0.5591565549956002,0.9109297667919375,1471,1471,1412,True,ok
12,15,Awake,60,processed,4,2423120833832615626,115.00613197126222,24.9893795136852,8,0.16,4,0.4439314487274261,11,0.8,1.3,5.0,0.6069452473599962,0.8739080424192306,1471,1471,1402,True,ok
12,15,Awake,60,processed,5,13310398874868528639,115.00613197126222,24.9893795136852,8,0.16,4,0.4439314487274261,11,0.8,1.3,5.0,0.582301486894651,0.7064195347362459,1471,1471,1411,True,ok
12,15,Awake,60,processed,6,8990201798752717750,115.00613197126222,24.9893795136852,8,0.16,4,0.4439314487274261,11,0.8,1.3,5.0,0.5845700713751797,0.7426225801250838,1471,1471,1398,True,ok
12,15,Awake,60,processed,7,17415570951447931360,115.00613197126222,24.9893795136852,8,0.16,4,0.4439314487274261,11,0.8,1.3,5.0,0.5356602821550258,0.7459899377152611,1471,1471,1400,True,ok
12,15,Awake,60,processed,8,4687775559929377379,115.00613197126222,24.9893795136852,8,0.16,4,0.4439314487274261,11,0.8,1.3,5.0,0.5540988862193578,0.9090006627142277,1471,1471,1394,True,ok
12,15,Awake,60,processed,9,16145508135023646319,115.00613197126222,24.9893795136852,8,0.16,4,0.4439314487274261,11,0.8,1.3,5.0,0.6170129151695316,0.8577303943026742,1471,1471,1429,True,ok
12,15,Awake,60,processed,10,4788733796097193656,115.00613197126222,24.9893795136852,8,0.16,4,0.4439314487274261,11,0.8,1.3,5.0,0.599160983839238,0.9043775942788207,1471,1471,1416,True,ok
12,15,Awake,60,processed,11,5789171769932940541,115.00613197126222,24.9893795136852,8,0.16,4,0.4439314487274261,11,0.8,1.3,5.0,0.609683840853293,0.8970080851134244,1471,1471,1408,True,ok
12,15,Awake,60,processed,12,17162410857729911024,115.00613197126222,24.9893795136852,8,0.16,4,0.4439314487274261,11,0.8,1.3,5.0,0.6334113444552721,0.8583884724123526,1471,1471,1414,True,ok
12,15,Awake,60,processed,13,7942245230993338952,115.00613197126222,24.9893795136852,8,0.16,4,0.4439314487274261,11,0.8,1.3,5.0,0.5647005994836082,0.9117617214070514,1471,1471,1399,True,ok
12,15,Awake,60,processed,14,14017816864288520713,115.00613197126222,24.9893795136852,8,0.16,4,0.4439314487274261,11,0.8,1.3,5.0,0.5418289125487141,0.818087259249932,1471,1471,1408,True,ok
12,15,Awake,60,processed,15,11908280567222162204,115.00613197126222,24.9893795136852,8,0.16,4,0.4439314487274261,11,0.8,1.3,5.0,0.6286638706086114,0.7898081414576136,1471,1471,1404,True,ok
12,15,Awake,60,processed,16,8031212572931203115,115.00613197126222,24.9893795136852,8,0.16,4,0.4439314487274261,11,0.8,1.3,5.0,0.5842231549302891,0.8118735684092054,1471,1471,1393,True,ok
12,15,Awake,60,processed,17,15019013944513886501,115.00613197126222,24.9893795136852,8,0.16,4,0.4439314487274261,11,0.8,1.3,5.0,0.5789041274685497,0.8025057967210181,1471,1471,1405,True,ok
12,15,Awake,60,processed,18,11031298349280538172,115.00613197126222,24.9893795136852,8,0.16,4,0.4439314487274261,11,0.8,1.3,5.0,0.5966164563237906,0.8688269109462939,1471,1471,1417,True,ok
12,15,Awake,60,processed,19,13094691590864363541,115.00613197126222,24.9893795136852,8,0.16,4,0.4439314487274261,11,0.8,1.3,5.0,0.5836845941300219,0.7901178809547876,1471,1471,1420,True,ok
12,15,Awake,60,processed,20,14560192746899502232,115.00613197126222,24.9893795136852,8,0.16,4,0.4439314487274261,11,0.8,1.3,5.0,0.6585286619720357,0.8696913979641546,1471,1471,1421,True,ok
12,15,Awake,60,processed,21,5687036677124907876,115.00613197126222,24.9893795136852,8,0.16,4,0.4439314487274261,11,0.8,1.3,5.0,0.5826066013461358,0.8485577253314639,1471,1471,1431,True,ok
12,15,Awake,60,processed,22,8205303285550867811,115.00613197126222,24.9893795136852,8,0.16,4,0.4439314487274261,11,0.8,1.3,5.0,0.5864492109808136,0.706075731609638,1471,1471,1400,True,ok
12,15,Awake,60,processed,23,5303876678389725932,115.00613197126222,24.9893795136852,8,0.16,4,0.4439314487274261,11,0.8,1.3,5.0,0.6492298601633788,0.9068633843328073,1471,1471,1412,True,ok
12,15,Awake,60,processed,24,2155431805214281350,115.00613197126222,24.9893795136852,8,0.16,4,0.4439314487274261,11,0.8,1.3,5.0,0.5913984591956947,0.8955064201958322,1471,1471,1383,True,ok
12,15,Awake,60,processed,25,4322778092789452578,115.00613197126222,24.9893795136852,8,0.16,4,0.4439314487274261,11,0.8,1.3,5.0,0.5862467706128465,0.8894836380063704,1471,1471,1400,True,ok
12,15,Awake,60,processed,26,8558276759118546105,115.00613197126222,24.9893795136852,8,0.16,4,0.4439314487274261,11,0.8,1.3,5.0,0.5385688626645252,0.7579829166523366,1471,1471,1400,True,ok
12,15,Awake,60,processed,27,2572383825835231885,115.00613197126222,24.9893795136852,8,0.16,4,0.4439314487274261,11,0.8,1.3,5.0,0.6030326558427119,0.8517723347626877,1471,1471,1408,True,ok
12,15,Awake,60,processed,28,10479643161248411650,115.00613197126222,24.9893795136852,8,0.16,4,0.4439314487274261,11,0.8,1.3,5.0,0.5628079464148431,0.825098573991082,1471,1471,1395,True,ok
12,15,Awake,60,processed,29,3419051514896516211,115.00613197126222,24.9893795136852,8,0.16,4,0.4439314487274261,11,0.8,1.3,5.0,0.6088011230475314,0.8326262205700081,1471,1471,1412,True,ok
12,15,Awake,60,processed,30,13139943856449687810,115.00613197126222,24.9893795136852,8,0.16,4,0.4439314487274261,11,0.8,1.3,5.0,0.6077826692300902,0.8995306374088723,1471,1471,1402,True,ok
12,15,Awake,60,processed,31,663543130474417114,115.00613197126222,24.9893795136852,8,0.16,4,0.4439314487274261,11,0.8,1.3,5.0,0.6423126725779159,0.9010739388515899,1471,1471,1424,True,ok
12,15,Awake,60,processed,32,6534544989610609198,115.00613197126222,24.9893795136852,8,0.16,4,0.4439314487274261,11,0.8,1.3,5.0,0.6162658022494705,0.8542204335072673,1471,1471,1410,True,ok
12,15,Awake,60,processed,33,15212168549374299335,115.00613197126222,24.9893795136852,8,0.16,4,0.4439314487274261,11,0.8,1.3,5.0,0.5791421017667715,0.8769529777020488,1471,1471,1402,True,ok
12,15,Awake,60,processed,34,1019117393689457974,115.00613197126222,24.9893795136852,8,0.16,4,0.4439314487274261,11,0.8,1.3,5.0,0.6296584477912063,0.8243838295637276,1471,1471,1398,True,ok
12,15,Awake,60,processed,35,8899086820854972551,115.00613197126222,24.9893795136852,8,0.16,4,0.4439314487274261,11,0.8,1.3,5.0,0.5986334668713289,0.8989919527934213,1471,1471,1411,True,ok
12,15,Awake,60,processed,36,17903777828406596744,115.00613197126222,24.9893795136852,8,0.16,4,0.4439314487274261,11,0.8,1.3,5.0,0.6118990012069399,0.8156102481018429,1471,1471,1394,True,ok
12,15,Awake,60,processed,37,9511219367235569663,115.00613197126222,24.9893795136852,8,0.16,4,0.4439314487274261,11,0.8,1.3,5.0,0.6566059777994019,0.9233361364344034,1471,1471,1412,True,ok
12,15,Awake,60,processed,38,17839186118152835122,115.00613197126222,24.9893795136852,8,0.16,4,0.4439314487274261,11,0.8,1.3,5.0,0.6006554380943998,0.7367630112663108,1471,1471,1416,True,ok
12,15,Awake,60,processed,39,12129059741326561139,115.00613197126222,24.9893795136852,8,0.16,4,0.4439314487274261,11,0.8,1.3,5.0,0.5622817821899223,0.8160254787025382,1471,1471,1430,True,ok
12,16,Awake,60,processed,1,15869619296972748706,115.00613197126222,24.9893795136852,8,0.16,4,0.4503446134367458,11,0.8,1.3,5.0,0.6214172674170305,0.8800921227232099,1471,1471,1411,True,ok
12,16,Awake,60,processed,2,14924939205310059765,115.00613197126222,24.9893795136852,8,0.16,4,0.4503446134367458,11,0.8,1.3,5.0,0.6431668856344197,0.8920643917757599,1471,1471,1401,True,ok
12,16,Awake,60,processed,3,9185915322631158367,115.00613197126222,24.9893795136852,8,0.16,4,0.4503446134367458,11,0.8,1.3,5.0,0.6333138077662016,0.9107549998028079,1471,1471,1410,True,ok
12,16,Awake,60,processed,4,15972091698277233309,115.00613197126222,24.9893795136852,8,0.16,4,0.4503446134367458,11,0.8,1.3,5.0,0.5676590811941702,0.8314760039725265,1471,1471,1407,True,ok
12,16,Awake,60,processed,5,17517459846822865503,115.00613197126222,24.9893795136852,8,0.16,4,0.4503446134367458,11,0.8,1.3,5.0,0.6418347553930013,0.8613495844537513,1471,1471,1412,True,ok
12,16,Awake,60,processed,6,17132960080011303124,115.00613197126222,24.9893795136852,8,0.16,4,0.4503446134367458,11,0.8,1.3,5.0,0.6556219102736573,0.9047025523504313,1471,1471,1390,True,ok
12,16,Awake,60,processed,7,433335043142533339,115.00613197126222,24.9893795136852,8,0.16,4,0.4503446134367458,11,0.8,1.3,5.0,0.5736377057547906,0.8583189640744057,1471,1471,1415,True,ok
12,16,Awake,60,processed,8,14550907233637629895,115.00613197126222,24.9893795136852,8,0.16,4,0.4503446134367458,11,0.8,1.3,5.0,0.5813937012715163,0.8944991932789267,1471,1471,1412,True,ok
12,16,Awake,60,processed,9,13149071246591088775,115.00613197126222,24.9893795136852,8,0.16,4,0.4503446134367458,11,0.8,1.3,5.0,0.6086270362575156,0.9166420282783458,1471,1471,1408,True,ok
12,16,Awake,60,processed,10,10332904278102204534,115.00613197126222,24.9893795136852,8,0.16,4,0.4503446134367458,11,0.8,1.3,5.0,0.5862252684246734,0.8295963905196196,1471,1471,1405,True,ok
12,16,Awake,60,processed,11,16870453641470287462,115.00613197126222,24.9893795136852,8,0.16,4,0.4503446134367458,11,0.8,1.3,5.0,0.593511328516624,0.8409013745491876,1471,1471,1411,True,ok
12,16,Awake,60,processed,12,14780701668212256976,115.00613197126222,24.9893795136852,8,0.16,4,0.4503446134367458,11,0.8,1.3,5.0,0.5923947428716063,0.8160510933142109,1471,1471,1402,True,ok
12,16,Awake,60,processed,13,4330851559238789803,115.00613197126222,24.9893795136852,8,0.16,4,0.4503446134367458,11,0.8,1.3,5.0,0.6557029182217511,0.8373271906704949,1471,1471,1421,True,ok
12,16,Awake,60,processed,14,7414516117841605714,115.00613197126222,24.9893795136852,8,0.16,4,0.4503446134367458,11,0.8,1.3,5.0,0.6173365930681954,0.8671127036452996,1471,1471,1392,True,ok
12,16,Awake,60,processed,15,13088368237538874356,115.00613197126222,24.9893795136852,8,0.16,4,0.4503446134367458,11,0.8,1.3,5.0,0.6256549113646224,0.8749342453662926,1471,1471,1398,True,ok
12,16,Awake,60,processed,16,13726069329372546896,115.00613197126222,24.9893795136852,8,0.16,4,0.4503446134367458,11,0.8,1.3,5.0,0.672077442826847,0.8585947548466724,1471,1471,1403,True,ok
12,16,Awake,60,processed,17,11361056462591854480,115.00613197126222,24.9893795136852,8,0.16,4,0.4503446134367458,11,0.8,1.3,5.0,0.5684262196796513,0.8685983830359577,1471,1471,1401,True,ok
12,16,Awake,60,processed,18,3399233868737481314,115.00613197126222,24.9893795136852,8,0.16,4,0.4503446134367458,11,0.8,1.3,5.0,0.540172442244006,0.7673291761003892,1471,1471,1414,True,ok
12,16,Awake,60,processed,19,10158320639556136831,115.00613197126222,24.9893795136852,8,0.16,4,0.4503446134367458,11,0.8,1.3,5.0,0.6237371506366809,0.800060732905167,1471,1471,1404,True,ok
12,16,Awake,60,processed,20,1173534823468877273,115.00613197126222,24.9893795136852,8,0.16,4,0.4503446134367458,11,0.8,1.3,5.0,0.5971155200504732,0.8269251650742235,1471,1471,1400,True,ok
12,16,Awake,60,processed,21,4563015767043697859,115.00613197126222,24.9893795136852,8,0.16,4,0.4503446134367458,11,0.8,1.3,5.0,0.6983730443807066,0.8742531700252923,1471,1471,1381,True,ok
12,16,Awake,60,processed,22,16786368327370771835,115.00613197126222,24.9893795136852,8,0.16,4,0.4503446134367458,11,0.8,1.3,5.0,0.6310660382271873,0.8562432922702197,1471,1471,1401,True,ok
12,16,Awake,60,processed,23,6424931081254489620,115.00613197126222,24.9893795136852,8,0.16,4,0.4503446134367458,11,0.8,1.3,5.0,0.5511969009504348,0.8913136392310176,1471,1471,1406,True,ok
12,16,Awake,60,processed,24,11651593486498566900,115.00613197126222,24.9893795136852,8,0.16,4,0.4503446134367458,11,0.8,1.3,5.0,0.5241486560944201,0.6986521858591918,1471,1471,1402,True,ok
12,16,Awake,60,processed,25,13957494554975979423,115.00613197126222,24.9893795136852,8,0.16,4,0.4503446134367458,11,0.8,1.3,5.0,0.6354188179196791,0.8774094468879511,1471,1471,1410,True,ok
12,16,Awake,60,processed,26,4393151916914147644,115.00613197126222,24.9893795136852,8,0.16,4,0.4503446134367458,11,0.8,1.3,5.0,0.6173996456207745,0.8468466155398157,1471,1471,1413,True,ok
12,16,Awake,60,processed,27,17810842585679072796,115.00613197126222,24.9893795136852,8,0.16,4,0.4503446134367458,11,0.8,1.3,5.0,0.6051800227016021,0.8839576722695293,1471,1471,1399,True,ok
12,16,Awake,60,processed,28,4839469675703224860,115.00613197126222,24.9893795136852,8,0.16,4,0.4503446134367458,11,0.8,1.3,5.0,0.568791837851234,0.8253798775743018,1471,1471,1422,True,ok
12,16,Awake,60,processed,29,9287107851782798941,115.00613197126222,24.9893795136852,8,0.16,4,0.4503446134367458,11,0.8,1.3,5.0,0.6657696721966498,0.8726469421211516,1471,1471,1395,True,ok
12,16,Awake,60,processed,30,4134192580156305233,115.00613197126222,24.9893795136852,8,0.16,4,0.4503446134367458,11,0.8,1.3,5.0,0.6049168034397628,0.8283292077469814,1471,1471,1413,True,ok
12,16,Awake,60,processed,31,1444653079176777431,115.00613197126222,24.9893795136852,8,0.16,4,0.4503446134367458,11,0.8,1.3,5.0,0.6372044644974111,0.8516073995549073,1471,1471,1409,True,ok
12,16,Awake,60,processed,32,14382821078901357953,115.00613197126222,24.9893795136852,8,0.16,4,0.4503446134367458,11,0.8,1.3,5.0,0.5845649497326477,0.8747314714066735,1471,1471,1410,True,ok
12,16,Awake,60,processed,33,6073336368895104279,115.00613197126222,24.9893795136852,8,0.16,4,0.4503446134367458,11,0.8,1.3,5.0,0.6238424317147439,0.8929688217486476,1471,1471,1390,True,ok
12,16,Awake,60,processed,34,14011117757930937078,115.00613197126222,24.9893795136852,8,0.16,4,0.4503446134367458,11,0.8,1.3,5.0,0.6193975297585544,0.8100815367650631,1471,1471,1424,True,ok
12,16,Awake,60,processed,35,13369941687183791716,115.00613197126222,24.9893795136852,8,0.16,4,0.4503446134367458,11,0.8,1.3,5.0,0.6826602415302343,0.8940549052130484,1471,1471,1426,True,ok
12,16,Awake,60,processed,36,11576894350007770002,115.00613197126222,24.9893795136852,8,0.16,4,0.4503446134367458,11,0.8,1.3,5.0,0.6477524882718404,0.9024883729934657,1471,1471,1399,True,ok
12,16,Awake,60,processed,37,159665895469870914,115.00613197126222,24.9893795136852,8,0.16,4,0.4503446134367458,11,0.8,1.3,5.0,0.5980529333449376,0.8958998392637759,1471,1471,1392,True,ok
12,16,Awake,60,processed,38,5474773685911295808,115.00613197126222,24.9893795136852,8,0.16,4,0.4503446134367458,11,0.8,1.3,5.0,0.6055663421389437,0.8901495649732466,1471,1471,1416,True,ok
12,16,Awake,60,processed,39,15570849358980375979,115.00613197126222,24.9893795136852,8,0.16,4,0.4503446134367458,11,0.8,1.3,5.0,0.6223604022154635,0.8394935942645628,1471,1471,1415,True,ok
12,17,Awake,60,processed,1,14026644945765554329,115.00613197126222,24.9893795136852,8,0.16,4,0.4569561995326104,11,0.8,1.3,5.0,0.5989262946327203,0.7763617774936737,1471,1471,1418,True,ok
12,17,Awake,60,processed,2,9657654631458549753,115.00613197126222,24.9893795136852,8,0.16,4,0.4569561995326104,11,0.8,1.3,5.0,0.6248660798175287,0.8584786581689448,1471,1471,1393,True,ok
12,17,Awake,60,processed,3,1244520652947638457,115.00613197126222,24.9893795136852,8,0.16,4,0.4569561995326104,11,0.8,1.3,5.0,0.6017537963854833,0.8252673690132156,1471,1471,1400,True,ok
12,17,Awake,60,processed,4,15932696321511322834,115.00613197126222,24.9893795136852,8,0.16,4,0.4569561995326104,11,0.8,1.3,5.0,0.561844812529047,0.8970722559883725,1471,1471,1424,True,ok
12,17,Awake,60,processed,5,12378997476866814059,115.00613197126222,24.9893795136852,8,0.16,4,0.4569561995326104,11,0.8,1.3,5.0,0.5749441504776812,0.7622219377091421,1471,1471,1385,True,ok
12,17,Awake,60,processed,6,13752506331824774985,115.00613197126222,24.9893795136852,8,0.16,4,0.4569561995326104,11,0.8,1.3,5.0,0.634829125075492,0.895904191317721,1471,1471,1411,True,ok
12,17,Awake,60,processed,7,11030471290496622685,115.00613197126222,24.9893795136852,8,0.16,4,0.4569561995326104,11,0.8,1.3,5.0,0.6134916484903705,0.7100902152438634,1471,1471,1398,True,ok
12,17,Awake,60,processed,8,13037805300239183164,115.00613197126222,24.9893795136852,8,0.16,4,0.4569561995326104,11,0.8,1.3,5.0,0.6687387631655097,0.9567828632954485,1471,1471,1391,True,ok
12,17,Awake,60,processed,9,8493791239698903696,115.00613197126222,24.9893795136852,8,0.16,4,0.4569561995326104,11,0.8,1.3,5.0,0.5899457411393463,0.8505160768981137,1471,1471,1421,True,ok
12,17,Awake,60,processed,10,11438554383500934946,115.00613197126222,24.9893795136852,8,0.16,4,0.4569561995326104,11,0.8,1.3,5.0,0.5944827996154475,0.8558320421339103,1471,1471,1407,True,ok
12,17,Awake,60,processed,11,10682466258195767380,115.00613197126222,24.9893795136852,8,0.16,4,0.4569561995326104,11,0.8,1.3,5.0,0.6320597178573362,0.8664333581057081,1471,1471,1382,True,ok
12,17,Awake,60,processed,12,10438807515750840702,115.00613197126222,24.9893795136852,8,0.16,4,0.4569561995326104,11,0.8,1.3,5.0,0.6129843444090691,0.937708342364472,1471,1471,1389,True,ok
12,17,Awake,60,processed,13,11525843785934378155,115.00613197126222,24.9893795136852,8,0.16,4,0.4569561995326104,11,0.8,1.3,5.0,0.622830121253977,0.8767367169885301,1471,1471,1402,True,ok
12,17,Awake,60,processed,14,10637486769121935099,115.00613197126222,24.9893795136852,8,0.16,4,0.4569561995326104,11,0.8,1.3,5.0,0.5465566600260359,0.7740325067412657,1471,1471,1412,True,ok
12,17,Awake,60,processed,15,129048147755670940,115.00613197126222,24.9893795136852,8,0.16,4,0.4569561995326104,11,0.8,1.3,5.0,0.6117767004736868,0.8966354373383972,1471,1471,1417,True,ok
12,17,Awake,60,processed,16,11014967897227854300,115.00613197126222,24.9893795136852,8,0.16,4,0.4569561995326104,11,0.8,1.3,5.0,0.6251072030129952,0.796904582372215,1471,1471,1374,True,ok
12,17,Awake,60,processed,17,6280534619126809190,115.00613197126222,24.9893795136852,8,0.16,4,0.4569561995326104,11,0.8,1.3,5.0,0.6060679641959076,0.8212044769396484,1471,1471,1419,True,ok
12,17,Awake,60,processed,18,8900295425688018282,115.00613197126222,24.9893795136852,8,0.16,4,0.4569561995326104,11,0.8,1.3,5.0,0.615363455022101,0.9218200579633336,1471,1471,1419,True,ok
12,17,Awake,60,processed,19,807597894445613595,115.00613197126222,24.9893795136852,8,0.16,4,0.4569561995326104,11,0.8,1.3,5.0,0.5238755285838619,0.8438236196068971,1471,1471,1412,True,ok
12,17,Awake,60,processed,20,9014744289912982855,115.00613197126222,24.9893795136852,8,0.16,4,0.4569561995326104,11,0.8,1.3,5.0,0.5773651750476201,0.8488278561099958,1471,1471,1421,True,ok
12,17,Awake,60,processed,21,1425701790168049340,115.00613197126222,24.9893795136852,8,0.16,4,0.4569561995326104,11,0.8,1.3,5.0,0.6339794474957925,0.9102036426696664,1471,1471,1399,True,ok
12,17,Awake,60,processed,22,4093985167636971190,115.00613197126222,24.9893795136852,8,0.16,4,0.4569561995326104,11,0.8,1.3,5.0,0.5431486894386098,0.7533479806584837,1471,1471,1412,True,ok
12,17,Awake,60,processed,23,12809236585338406508,115.00613197126222,24.9893795136852,8,0.16,4,0.4569561995326104,11,0.8,1.3,5.0,0.6037366916595867,0.8271351075146066,1471,1471,1405,True,ok
12,17,Awake,60,processed,24,14864645850355060715,115.00613197126222,24.9893795136852,8,0.16,4,0.4569561995326104,11,0.8,1.3,5.0,0.6698517372903905,0.848687526416147,1471,1471,1400,True,ok
12,17,Awake,60,processed,25,11675442491858704015,115.00613197126222,24.9893795136852,8,0.16,4,0.4569561995326104,11,0.8,1.3,5.0,0.6333195211361687,0.8736110213220556,1471,1471,1418,True,ok
12,17,Awake,60,processed,26,5188367330461494169,115.00613197126222,24.9893795136852,8,0.16,4,0.4569561995326104,11,0.8,1.3,5.0,0.58416597070705,0.8979756264868495,1471,1471,1416,True,ok
12,17,Awake,60,processed,27,8075306015181110641,115.00613197126222,24.9893795136852,8,0.16,4,0.4569561995326104,11,0.8,1.3,5.0,0.636805208376106,0.8730363810708666,1471,1471,1410,True,ok
12,17,Awake,60,processed,28,3742558410550163930,115.00613197126222,24.9893795136852,8,0.16,4,0.4569561995326104,11,0.8,1.3,5.0,0.5276779857887866,0.7431165389152101,1471,1471,1433,True,ok
12,17,Awake,60,processed,29,11133664356835841761,115.00613197126222,24.9893795136852,8,0.16,4,0.4569561995326104,11,0.8,1.3,5.0,0.6003690859321092,0.9137914807414138,1471,1471,1393,True,ok
12,17,Awake,60,processed,30,732020883789469964,115.00613197126222,24.9893795136852,8,0.16,4,0.4569561995326104,11,0.8,1.3,5.0,0.5801616713008424,0.9038619769028851,1471,1471,1407,True,ok
12,17,Awake,60,processed,31,4221832873389797857,115.00613197126222,24.9893795136852,8,0.16,4,0.4569561995326104,11,0.8,1.3,5.0,0.5417711155338494,0.7923496758463598,1471,1471,1396,True,ok
12,17,Awake,60,processed,32,16211619605795561126,115.00613197126222,24.9893795136852,8,0.16,4,0.4569561995326104,11,0.8,1.3,5.0,0.5905214242009144,0.8288345865324688,1471,1471,1417,True,ok
12,17,Awake,60,processed,33,4318272947124655506,115.00613197126222,24.9893795136852,8,0.16,4,0.4569561995326104,11,0.8,1.3,5.0,0.6246286117580947,0.8516858578978616,1471,1471,1404,True,ok
12,17,Awake,60,processed,34,3948854351187505847,115.00613197126222,24.9893795136852,8,0.16,4,0.4569561995326104,11,0.8,1.3,5.0,0.6132256860221174,0.8230145578809398,1471,1471,1400,True,ok
12,17,Awake,60,processed,35,17072094154700794040,115.00613197126222,24.9893795136852,8,0.16,4,0.4569561995326104,11,0.8,1.3,5.0,0.6147543241963467,0.7285558975254802,1471,1471,1409,True,ok
12,17,Awake,60,processed,36,12171228170146169043,115.00613197126222,24.9893795136852,8,0.16,4,0.4569561995326104,11,0.8,1.3,5.0,0.5732766897448679,0.795318040405498,1471,1471,1419,True,ok
12,17,Awake,60,processed,37,17214440652383127536,115.00613197126222,24.9893795136852,8,0.16,4,0.4569561995326104,11,0.8,1.3,5.0,0.6311620767077385,0.8459947278214068,1471,1471,1406,True,ok
12,17,Awake,60,processed,38,9757383434804211708,115.00613197126222,24.9893795136852,8,0.16,4,0.4569561995326104,11,0.8,1.3,5.0,0.5834674063265424,0.8324430010741379,1471,1471,1415,True,ok
12,17,Awake,60,processed,39,5603752698333254547,115.00613197126222,24.9893795136852,8,0.16,4,0.4569561995326104,11,0.8,1.3,5.0,0.5571114401112076,0.822726173419334,1471,1471,1416,True,ok
12,18,Drowsy,60,processed,1,13825648683655027020,138.30057843624795,24.9893795136852,8,0.16,4,0.4515108566400778,11,0.8,1.3,5.0,0.5090238930759395,0.7411381227380309,1471,1471,1383,True,ok
12,18,Drowsy,60,processed,2,8122599015913367849,138.30057843624795,24.9893795136852,8,0.16,4,0.4515108566400778,11,0.8,1.3,5.0,0.5648556332986338,0.8879967105280636,1471,1471,1407,True,ok
12,18,Drowsy,60,processed,3,8095371772422114371,138.30057843624795,24.9893795136852,8,0.16,4,0.4515108566400778,11,0.8,1.3,5.0,0.5636631436425089,0.849408645204963,1471,1471,1390,True,ok
12,18,Drowsy,60,processed,4,733727707965727518,138.30057843624795,24.9893795136852,8,0.16,4,0.4515108566400778,11,0.8,1.3,5.0,0.5383599161080431,0.8644514525887608,1471,1471,1405,True,ok
12,18,Drowsy,60,processed,5,15336793910433743368,138.30057843624795,24.9893795136852,8,0.16,4,0.4515108566400778,11,0.8,1.3,5.0,0.5366655308150452,0.7469969145862689,1471,1471,1400,True,ok
12,18,Drowsy,60,processed,6,16136153325441254736,138.30057843624795,24.9893795136852,8,0.16,4,0.4515108566400778,11,0.8,1.3,5.0,0.5104372199168209,0.7999656507543175,1471,1471,1399,True,ok
12,18,Drowsy,60,processed,7,7229820847719867349,138.30057843624795,24.9893795136852,8,0.16,4,0.4515108566400778,11,0.8,1.3,5.0,0.5246524649065923,0.7486135125179988,1471,1471,1407,True,ok
12,18,Drowsy,60,processed,8,16895111461455052872,138.30057843624795,24.9893795136852,8,0.16,4,0.4515108566400778,11,0.8,1.3,5.0,0.5728933331506904,0.7974422405303824,1471,1471,1420,True,ok
12,18,Drowsy,60,processed,9,13639246754008831879,138.30057843624795,24.9893795136852,8,0.16,4,0.4515108566400778,11,0.8,1.3,5.0,0.5389141129544756,0.8542918168270957,1471,1471,1391,True,ok
12,18,Drowsy,60,processed,10,15102418491296568671,138.30057843624795,24.9893795136852,8,0.16,4,0.4515108566400778,11,0.8,1.3,5.0,0.5443821221425893,0.7944353918995679,1471,1471,1413,True,ok
12,18,Drowsy,60,processed,11,3859170985520211875,138.30057843624795,24.9893795136852,8,0.16,4,0.4515108566400778,11,0.8,1.3,5.0,0.5619173711018622,0.8141001871792105,1471,1471,1392,True,ok
12,18,Drowsy,60,processed,12,4179122547174873296,138.30057843624795,24.9893795136852,8,0.16,4,0.4515108566400778,11,0.8,1.3,5.0,0.4833947250434773,0.8281076328984837,1471,1471,1420,True,ok
12,18,Drowsy,60,processed,13,17660552066219244885,138.30057843624795,24.9893795136852,8,0.16,4,0.4515108566400778,11,0.8,1.3,5.0,0.5231334219417602,0.8705822894549654,1471,1471,1382,True,ok
12,18,Drowsy,60,processed,14,681710586930347487,138.30057843624795,24.9893795136852,8,0.16,4,0.4515108566400778,11,0.8,1.3,5.0,0.4978686328288729,0.8970943630491705,1471,1471,1405,True,ok
12,18,Drowsy,60,processed,15,5579466155978218160,138.30057843624795,24.9893795136852,8,0.16,4,0.4515108566400778,11,0.8,1.3,5.0,0.5348914162083667,0.7325983060244111,1471,1471,1424,True,ok
12,18,Drowsy,60,processed,16,8411818127834695733,138.30057843624795,24.9893795136852,8,0.16,4,0.4515108566400778,11,0.8,1.3,5.0,0.5124914566334414,0.8079122582620696,1471,1471,1401,True,ok
12,18,Drowsy,60,processed,17,15579878209703351554,138.30057843624795,24.9893795136852,8,0.16,4,0.4515108566400778,11,0.8,1.3,5.0,0.5203440937490881,0.8044370117353912,1471,1471,1410,True,ok
12,18,Drowsy,60,processed,18,4826508871502506940,138.30057843624795,24.9893795136852,8,0.16,4,0.4515108566400778,11,0.8,1.3,5.0,0.5359881666429542,0.8017530984894964,1471,1471,1400,True,ok
12,18,Drowsy,60,processed,19,16918824222291462188,138.30057843624795,24.9893795136852,8,0.16,4,0.4515108566400778,11,0.8,1.3,5.0,0.512695101771151,0.770476007618029,1471,1471,1400,True,ok
12,18,Drowsy,60,processed,20,2556982892254378576,138.30057843624795,24.9893795136852,8,0.16,4,0.4515108566400778,11,0.8,1.3,5.0,0.518174644476026,0.7762873884422454,1471,1471,1423,True,ok
12,18,Drowsy,60,processed,21,7124047202255211518,138.30057843624795,24.9893795136852,8,0.16,4,0.4515108566400778,11,0.8,1.3,5.0,0.49360467155373033,0.7712032945426361,1471,1471,1417,True,ok
12,18,Drowsy,60,processed,22,1060328814958015863,138.30057843624795,24.9893795136852,8,0.16,4,0.4515108566400778,11,0.8,1.3,5.0,0.5455677424410802,0.8823926899261721,1471,1471,1400,True,ok
12,18,Drowsy,60,processed,23,16339778014521039084,138.30057843624795,24.9893795136852,8,0.16,4,0.4515108566400778,11,0.8,1.3,5.0,0.5075036177861666,0.8349348773129645,1471,1471,1399,True,ok
12,18,Drowsy,60,processed,24,13441978327597928550,138.30057843624795,24.9893795136852,8,0.16,4,0.4515108566400778,11,0.8,1.3,5.0,0.58261009377276,0.8946901966017223,1471,1471,1397,True,ok
12,18,Drowsy,60,processed,25,4081820524688692166,138.30057843624795,24.9893795136852,8,0.16,4,0.4515108566400778,11,0.8,1.3,5.0,0.5168859539073081,0.7848458894980163,1471,1471,1399,True,ok
12,18,Drowsy,60,processed,26,5767845829333648182,138.30057843624795,24.9893795136852,8,0.16,4,0.4515108566400778,11,0.8,1.3,5.0,0.5252757166361351,0.7594552798129597,1471,1471,1409,True,ok
12,18,Drowsy,60,processed,27,8730615746440905882,138.30057843624795,24.9893795136852,8,0.16,4,0.4515108566400778,11,0.8,1.3,5.0,0.6073032748258169,0.8531179896539469,1471,1471,1425,True,ok
12,18,Drowsy,60,processed,28,905863043457156637,138.30057843624795,24.9893795136852,8,0.16,4,0.4515108566400778,11,0.8,1.3,5.0,0.5432256060391824,0.7918834906436081,1471,1471,1406,True,ok
12,18,Drowsy,60,processed,29,17643960430739185400,138.30057843624795,24.9893795136852,8,0.16,4,0.4515108566400778,11,0.8,1.3,5.0,0.5019105931459319,0.8802511620423723,1471,1471,1406,True,ok
12,18,Drowsy,60,processed,30,5559214632639541936,138.30057843624795,24.9893795136852,8,0.16,4,0.4515108566400778,11,0.8,1.3,5.0,0.5407220743190434,0.8362472474010645,1471,1471,1402,True,ok
12,18,Drowsy,60,processed,31,11094667121601588138,138.30057843624795,24.9893795136852,8,0.16,4,0.4515108566400778,11,0.8,1.3,5.0,0.47729517692022233,0.7758215170144711,1471,1471,1412,True,ok
12,18,Drowsy,60,processed,32,6063977103627937278,138.30057843624795,24.9893795136852,8,0.16,4,0.4515108566400778,11,0.8,1.3,5.0,0.5545554282653077,0.9012181898531664,1471,1471,1381,True,ok
12,18,Drowsy,60,processed,33,12852138944815481877,138.30057843624795,24.9893795136852,8,0.16,4,0.4515108566400778,11,0.8,1.3,5.0,0.499101314627159,0.8591271638634512,1471,1471,1404,True,ok
12,18,Drowsy,60,processed,34,384127337385935181,138.30057843624795,24.9893795136852,8,0.16,4,0.4515108566400778,11,0.8,1.3,5.0,0.5259990227212942,0.7673205753807513,1471,1471,1384,True,ok
12,18,Drowsy,60,processed,35,8591566899622273328,138.30057843624795,24.9893795136852,8,0.16,4,0.4515108566400778,11,0.8,1.3,5.0,0.5648005554888178,0.826168426783879,1471,1471,1394,True,ok
12,18,Drowsy,60,processed,36,9336186774027310308,138.30057843624795,24.9893795136852,8,0.16,4,0.4515108566400778,11,0.8,1.3,5.0,0.5319496992495943,0.8447210921703495,1471,1471,1409,True,ok
12,18,Drowsy,60,processed,37,18241683539757711684,138.30057843624795,24.9893795136852,8,0.16,4,0.4515108566400778,11,0.8,1.3,5.0,0.5331465220162611,0.8733524206608555,1471,1471,1408,True,ok
12,18,Drowsy,60,processed,38,7926937854430648790,138.30057843624795,24.9893795136852,8,0.16,4,0.4515108566400778,11,0.8,1.3,5.0,0.5211090065221677,0.8458140418651237,1471,1471,1423,True,ok
12,18,Drowsy,60,processed,39,1503013822070610569,138.30057843624795,24.9893795136852,8,0.16,4,0.4515108566400778,11,0.8,1.3,5.0,0.5468057532368025,0.8421144009697914,1471,1471,1421,True,ok
12,19,Drowsy,60,processed,1,16660495154460112685,115.00613197126222,24.9893795136852,8,0.16,4,0.4448125705951594,11,0.8,1.3,5.0,0.6228956113490131,0.8397589264526,1471,1471,1403,True,ok
12,19,Drowsy,60,processed,2,8955148723650280339,115.00613197126222,24.9893795136852,8,0.16,4,0.4448125705951594,11,0.8,1.3,5.0,0.6038124485858787,0.8925688388746303,1471,1471,1417,True,ok
12,19,Drowsy,60,processed,3,6690391425535403417,115.00613197126222,24.9893795136852,8,0.16,4,0.4448125705951594,11,0.8,1.3,5.0,0.631551942621785,0.8623822840050052,1471,1471,1413,True,ok
12,19,Drowsy,60,processed,4,1516347094303762251,115.00613197126222,24.9893795136852,8,0.16,4,0.4448125705951594,11,0.8,1.3,5.0,0.6666667593879924,0.9128222349968066,1471,1471,1386,True,ok
12,19,Drowsy,60,processed,5,10273457694259900896,115.00613197126222,24.9893795136852,8,0.16,4,0.4448125705951594,11,0.8,1.3,5.0,0.6144159834672627,0.8581513011436938,1471,1471,1414,True,ok
12,19,Drowsy,60,processed,6,5855190754368143683,115.00613197126222,24.9893795136852,8,0.16,4,0.4448125705951594,11,0.8,1.3,5.0,0.600199165035844,0.8534961579164692,1471,1471,1404,True,ok
12,19,Drowsy,60,processed,7,16865285531051001238,115.00613197126222,24.9893795136852,8,0.16,4,0.4448125705951594,11,0.8,1.3,5.0,0.5902839591147243,0.7752246371484545,1471,1471,1406,True,ok
12,19,Drowsy,60,processed,8,9323281732460429613,115.00613197126222,24.9893795136852,8,0.16,4,0.4448125705951594,11,0.8,1.3,5.0,0.7290154273526738,0.9130517757771485,1471,1471,1403,True,ok
12,19,Drowsy,60,processed,9,7949894397258985499,115.00613197126222,24.9893795136852,8,0.16,4,0.4448125705951594,11,0.8,1.3,5.0,0.6197352160662655,0.9177760077012621,1471,1471,1418,True,ok
12,19,Drowsy,60,processed,10,12735173766981496631,115.00613197126222,24.9893795136852,8,0.16,4,0.4448125705951594,11,0.8,1.3,5.0,0.6537923403239067,0.8154970261222478,1471,1471,1422,True,ok
12,19,Drowsy,60,processed,11,6262893103601675998,115.00613197126222,24.9893795136852,8,0.16,4,0.4448125705951594,11,0.8,1.3,5.0,0.6669128305002824,0.8211989964223027,1471,1471,1386,True,ok
12,19,Drowsy,60,processed,12,3146804775620601321,115.00613197126222,24.9893795136852,8,0.16,4,0.4448125705951594,11,0.8,1.3,5.0,0.6020852523657316,0.887421513542146,1471,1471,1410,True,ok
12,19,Drowsy,60,processed,13,18230285999112538715,115.00613197126222,24.9893795136852,8,0.16,4,0.4448125705951594,11,0.8,1.3,5.0,0.6537627792763181,0.902076216810287,1471,1471,1414,True,ok
12,19,Drowsy,60,processed,14,14008409744977130199,115.00613197126222,24.9893795136852,8,0.16,4,0.4448125705951594,11,0.8,1.3,5.0,0.6084857846337605,0.7877871341145686,1471,1471,1391,True,ok
12,19,Drowsy,60,processed,15,2344913576777749950,115.00613197126222,24.9893795136852,8,0.16,4,0.4448125705951594,11,0.8,1.3,5.0,0.670476924076377,0.9383891681249124,1471,1471,1402,True,ok
12,19,Drowsy,60,processed,16,2442591221890098342,115.00613197126222,24.9893795136852,8,0.16,4,0.4448125705951594,11,0.8,1.3,5.0,0.6486273985200273,0.889697292611583,1471,1471,1407,True,ok
12,19,Drowsy,60,processed,17,5822015952757387003,115.00613197126222,24.9893795136852,8,0.16,4,0.4448125705951594,11,0.8,1.3,5.0,0.6245648440445002,0.8530929541160659,1471,1471,1402,True,ok
12,19,Drowsy,60,processed,18,13048518949157328651,115.00613197126222,24.9893795136852,8,0.16,4,0.4448125705951594,11,0.8,1.3,5.0,0.6063720483462356,0.7709608905597289,1471,1467,1403,True,ok
12,19,Drowsy,60,processed,19,14668460326232337487,115.00613197126222,24.9893795136852,8,0.16,4,0.4448125705951594,11,0.8,1.3,5.0,0.7291303343698127,0.9534443789746373,1471,1471,1397,True,ok
12,19,Drowsy,60,processed,20,9044217326559504609,115.00613197126222,24.9893795136852,8,0.16,4,0.4448125705951594,11,0.8,1.3,5.0,0.6144511782421302,0.8725938913320593,1471,1471,1420,True,ok
12,19,Drowsy,60,processed,21,6436233471965666175,115.00613197126222,24.9893795136852,8,0.16,4,0.4448125705951594,11,0.8,1.3,5.0,0.7065725373998609,0.9220084273087753,1471,1471,1408,True,ok
12,19,Drowsy,60,processed,22,2388733618329465053,115.00613197126222,24.9893795136852,8,0.16,4,0.4448125705951594,11,0.8,1.3,5.0,0.6161767249485018,0.859968376984191,1471,1471,1415,True,ok
12,19,Drowsy,60,processed,23,17826294707042160965,115.00613197126222,24.9893795136852,8,0.16,4,0.4448125705951594,11,0.8,1.3,5.0,0.6152803635228017,0.8382406690294228,1471,1471,1415,True,ok
12,19,Drowsy,60,processed,24,17518645479161599809,115.00613197126222,24.9893795136852,8,0.16,4,0.4448125705951594,11,0.8,1.3,5.0,0.621502089101687,0.8720062728540188,1471,1471,1427,True,ok
12,19,Drowsy,60,processed,25,11528758359466229731,115.00613197126222,24.9893795136852,8,0.16,4,0.4448125705951594,11,0.8,1.3,5.0,0.6550175916295129,0.8130601430787208,1471,1471,1403,True,ok
12,19,Drowsy,60,processed,26,17995220058129225803,115.00613197126222,24.9893795136852,8,0.16,4,0.4448125705951594,11,0.8,1.3,5.0,0.6531169190428077,0.9487594415963181,1471,1471,1397,True,ok
12,19,Drowsy,60,processed,27,5135875727338589230,115.00613197126222,24.9893795136852,8,0.16,4,0.4448125705951594,11,0.8,1.3,5.0,0.6108328699849591,0.8130876069940922,1471,1471,1392,True,ok
12,19,Drowsy,60,processed,28,15625425708465905754,115.00613197126222,24.9893795136852,8,0.16,4,0.4448125705951594,11,0.8,1.3,5.0,0.5999788805462944,0.8991618006933111,1471,1471,1406,True,ok
12,19,Drowsy,60,processed,29,10127389383915852476,115.00613197126222,24.9893795136852,8,0.16,4,0.4448125705951594,11,0.8,1.3,5.0,0.6669265629399072,0.8402085947391481,1471,1471,1403,True,ok
12,19,Drowsy,60,processed,30,5430626202403956897,115.00613197126222,24.9893795136852,8,0.16,4,0.4448125705951594,11,0.8,1.3,5.0,0.6077708089781029,0.9498617223362558,1471,1471,1398,True,ok
12,19,Drowsy,60,processed,31,10116233508181821133,115.00613197126222,24.9893795136852,8,0.16,4,0.4448125705951594,11,0.8,1.3,5.0,0.6380754412991045,0.8508063722734366,1471,1471,1396,True,ok
12,19,Drowsy,60,processed,32,9090909069089314221,115.00613197126222,24.9893795136852,8,0.16,4,0.4448125705951594,11,0.8,1.3,5.0,0.649369374647325,0.8894136624958839,1471,1471,1398,True,ok
12,19,Drowsy,60,processed,33,732079473772051617,115.00613197126222,24.9893795136852,8,0.16,4,0.4448125705951594,11,0.8,1.3,5.0,0.605483631155389,0.7715634225479646,1471,1471,1389,True,ok
12,19,Drowsy,60,processed,34,2263310772564505007,115.00613197126222,24.9893795136852,8,0.16,4,0.4448125705951594,11,0.8,1.3,5.0,0.5785035127670447,0.8475920162936585,1471,1471,1406,True,ok
12,19,Drowsy,60,processed,35,12892783600380368413,115.00613197126222,24.9893795136852,8,0.16,4,0.4448125705951594,11,0.8,1.3,5.0,0.6571884813574458,0.8750442353401531,1471,1471,1397,True,ok
12,19,Drowsy,60,processed,36,1877152793492299882,115.00613197126222,24.9893795136852,8,0.16,4,0.4448125705951594,11,0.8,1.3,5.0,0.6483939748279957,0.9083385133753062,1471,1471,1402,True,ok
12,19,Drowsy,60,processed,37,14557175051953346935,115.00613197126222,24.9893795136852,8,0.16,4,0.4448125705951594,11,0.8,1.3,5.0,0.7215529312600317,0.7639193747755926,1471,1471,1395,True,ok
12,19,Drowsy,60,processed,38,11179194702872738378,115.00613197126222,24.9893795136852,8,0.16,4,0.4448125705951594,11,0.8,1.3,5.0,0.6618003108153115,0.8756989247409455,1471,1471,1384,True,ok
12,19,Drowsy,60,processed,39,1756791053979679580,115.00613197126222,24.9893795136852,8,0.16,4,0.4448125705951594,11,0.8,1.3,5.0,0.5900462794374495,0.8877801943413012,1471,1471,1398,True,ok
12,20,Drowsy,60,processed,1,8196529524083179299,115.00613197126222,24.9893795136852,8,0.16,4,0.4646729390964166,12,0.8,1.3,5.0,0.5595145178028759,0.8469334096103766,1471,1471,1381,True,ok
12,20,Drowsy,60,processed,2,13526306035633461821,115.00613197126222,24.9893795136852,8,0.16,4,0.4646729390964166,12,0.8,1.3,5.0,0.580530430610447,0.7910290012320084,1471,1471,1415,True,ok
12,20,Drowsy,60,processed,3,5430428572214453635,115.00613197126222,24.9893795136852,8,0.16,4,0.4646729390964166,12,0.8,1.3,5.0,0.5862274885100094,0.8692442934093417,1471,1471,1408,True,ok
12,20,Drowsy,60,processed,4,11454236535203151900,115.00613197126222,24.9893795136852,8,0.16,4,0.4646729390964166,12,0.8,1.3,5.0,0.554583223639691,0.7054347127894238,1471,1471,1397,True,ok
12,20,Drowsy,60,processed,5,8346765564673128399,115.00613197126222,24.9893795136852,8,0.16,4,0.4646729390964166,12,0.8,1.3,5.0,0.5955365428352074,0.8726658261770301,1471,1471,1404,True,ok
12,20,Drowsy,60,processed,6,8174970293696332206,115.00613197126222,24.9893795136852,8,0.16,4,0.4646729390964166,12,0.8,1.3,5.0,0.554964339773283,0.8438659406479012,1471,1471,1417,True,ok
12,20,Drowsy,60,processed,7,15863651671240516712,115.00613197126222,24.9893795136852,8,0.16,4,0.4646729390964166,12,0.8,1.3,5.0,0.5595889272365024,0.8045713289341248,1471,1471,1404,True,ok
12,20,Drowsy,60,processed,8,9619474125841834266,115.00613197126222,24.9893795136852,8,0.16,4,0.4646729390964166,12,0.8,1.3,5.0,0.590458351999963,0.8494119421246907,1471,1471,1412,True,ok
12,20,Drowsy,60,processed,9,99477506000550348,115.00613197126222,24.9893795136852,8,0.16,4,0.4646729390964166,12,0.8,1.3,5.0,0.5934591750190267,0.8561072053727715,1471,1471,1397,True,ok
12,20,Drowsy,60,processed,10,12754108166301209116,115.00613197126222,24.9893795136852,8,0.16,4,0.4646729390964166,12,0.8,1.3,5.0,0.6488014762409627,0.7973056078718483,1471,1471,1415,True,ok
12,20,Drowsy,60,processed,11,16096506982042714808,115.00613197126222,24.9893795136852,8,0.16,4,0.4646729390964166,12,0.8,1.3,5.0,0.5678059825331492,0.8338649829143282,1471,1471,1409,True,ok
12,20,Drowsy,60,processed,12,11066456136911089176,115.00613197126222,24.9893795136852,8,0.16,4,0.4646729390964166,12,0.8,1.3,5.0,0.5813187576736144,0.8543518978347863,1471,1471,1401,True,ok
12,20,Drowsy,60,processed,13,9882330911622098636,115.00613197126222,24.9893795136852,8,0.16,4,0.4646729390964166,12,0.8,1.3,5.0,0.5288147223191078,0.7957571666317115,1471,1471,1420,True,ok
12,20,Drowsy,60,processed,14,4266994049109124756,115.00613197126222,24.9893795136852,8,0.16,4,0.4646729390964166,12,0.8,1.3,5.0,0.561077517094738,0.8674082388967547,1471,1471,1376,True,ok
12,20,Drowsy,60,processed,15,8663692224188982078,115.00613197126222,24.9893795136852,8,0.16,4,0.4646729390964166,12,0.8,1.3,5.0,0.6019276338805457,0.9010945291577221,1471,1471,1394,True,ok
12,20,Drowsy,60,processed,16,17027140766434092583,115.00613197126222,24.9893795136852,8,0.16,4,0.4646729390964166,12,0.8,1.3,5.0,0.6413940478199471,0.8570979289535865,1471,1471,1407,True,ok
12,20,Drowsy,60,processed,17,14224579857545730933,115.00613197126222,24.9893795136852,8,0.16,4,0.4646729390964166,12,0.8,1.3,5.0,0.67866681356245,0.8645917655422436,1471,1471,1413,True,ok
12,20,Drowsy,60,processed,18,13100712661412218375,115.00613197126222,24.9893795136852,8,0.16,4,0.4646729390964166,12,0.8,1.3,5.0,0.5894555714296982,0.9117613164334976,1471,1471,1408,True,ok
12,20,Drowsy,60,processed,19,13560584566917351156,115.00613197126222,24.9893795136852,8,0.16,4,0.4646729390964166,12,0.8,1.3,5.0,0.5849725028101079,0.8505612741854192,1471,1471,1417,True,ok
12,20,Drowsy,60,processed,20,12205822962289685118,115.00613197126222,24.9893795136852,8,0.16,4,0.4646729390964166,12,0.8,1.3,5.0,0.6319112555116444,0.8083583239295371,1471,1471,1390,True,ok
12,20,Drowsy,60,processed,21,11231658109110144731,115.00613197126222,24.9893795136852,8,0.16,4,0.4646729390964166,12,0.8,1.3,5.0,0.5572085908457043,0.7787281018338256,1471,1471,1421,True,ok
12,20,Drowsy,60,processed,22,17000984967713470011,115.00613197126222,24.9893795136852,8,0.16,4,0.4646729390964166,12,0.8,1.3,5.0,0.5740702013374741,0.7649173638385199,1471,1471,1413,True,ok
12,20,Drowsy,60,processed,23,18314784505548970985,115.00613197126222,24.9893795136852,8,0.16,4,0.4646729390964166,12,0.8,1.3,5.0,0.5466875883503056,0.8083878092565568,1471,1471,1406,True,ok
12,20,Drowsy,60,processed,24,5833337777917655775,115.00613197126222,24.9893795136852,8,0.16,4,0.4646729390964166,12,0.8,1.3,5.0,0.5947025943742831,0.868380135970756,1471,1471,1401,True,ok
12,20,Drowsy,60,processed,25,12872207787146649581,115.00613197126222,24.9893795136852,8,0.16,4,0.4646729390964166,12,0.8,1.3,5.0,0.5885472822926517,0.8135604814669679,1471,1471,1398,True,ok
12,20,Drowsy,60,processed,26,1231528407462173557,115.00613197126222,24.9893795136852,8,0.16,4,0.4646729390964166,12,0.8,1.3,5.0,0.6298141926992935,0.8208412516657512,1471,1471,1411,True,ok
12,20,Drowsy,60,processed,27,484587158701999384,115.00613197126222,24.9893795136852,8,0.16,4,0.4646729390964166,12,0.8,1.3,5.0,0.5931951390585802,0.8518284635837843,1471,1471,1416,True,ok
12,20,Drowsy,60,processed,28,1334796781055489575,115.00613197126222,24.9893795136852,8,0.16,4,0.4646729390964166,12,0.8,1.3,5.0,0.6497146272298087,0.8432433503252886,1471,1471,1425,True,ok
12,20,Drowsy,60,processed,29,5339699887466462097,115.00613197126222,24.9893795136852,8,0.16,4,0.4646729390964166,12,0.8,1.3,5.0,0.5534962487511559,0.8116577297528105,1471,1471,1403,True,ok
12,20,Drowsy,60,processed,30,10144813812734451163,115.00613197126222,24.9893795136852,8,0.16,4,0.4646729390964166,12,0.8,1.3,5.0,0.6517878635212078,0.8207226362842194,1471,1471,1413,True,ok
12,20,Drowsy,60,processed,31,8721032930418688135,115.00613197126222,24.9893795136852,8,0.16,4,0.4646729390964166,12,0.8,1.3,5.0,0.6600317564423337,0.8867689420055982,1471,1471,1394,True,ok
12,20,Drowsy,60,processed,32,16893182879794659729,115.00613197126222,24.9893795136852,8,0.16,4,0.4646729390964166,12,0.8,1.3,5.0,0.6516342552383458,0.8487938274612368,1471,1471,1415,True,ok
12,20,Drowsy,60,processed,33,17834665837843121899,115.00613197126222,24.9893795136852,8,0.16,4,0.4646729390964166,12,0.8,1.3,5.0,0.6185947054942804,0.8173514116107446,1471,1471,1398,True,ok
12,20,Drowsy,60,processed,34,10999146641142442452,115.00613197126222,24.9893795136852,8,0.16,4,0.4646729390964166,12,0.8,1.3,5.0,0.6607937861201889,0.8887097171432324,1471,1471,1406,True,ok
12,20,Drowsy,60,processed,35,5833615624221718933,115.00613197126222,24.9893795136852,8,0.16,4,0.4646729390964166,12,0.8,1.3,5.0,0.5581568999202263,0.7201534419679274,1471,1471,1407,True,ok
12,20,Drowsy,60,processed,36,7879599606703159714,115.00613197126222,24.9893795136852,8,0.16,4,0.4646729390964166,12,0.8,1.3,5.0,0.5541795741463805,0.7976421251884016,1471,1471,1393,True,ok
12,20,Drowsy,60,processed,37,6103347718867354171,115.00613197126222,24.9893795136852,8,0.16,4,0.4646729390964166,12,0.8,1.3,5.0,0.5813075812792557,0.766671592311948,1471,1471,1406,True,ok
12,20,Drowsy,60,processed,38,7065777616158605108,115.00613197126222,24.9893795136852,8,0.16,4,0.4646729390964166,12,0.8,1.3,5.0,0.6673788912860137,0.8824098623800568,1471,1471,1403,True,ok
12,20,Drowsy,60,processed,39,854980180982657542,115.00613197126222,24.9893795136852,8,0.16,4,0.4646729390964166,12,0.8,1.3,5.0,0.5792687889000353,0.8231298549637085,1471,1471,1427,True,ok
12,21,Drowsy,60,processed,1,14959038988905567241,138.30057843624795,24.9893795136852,8,0.16,4,0.4809369714374684,12,0.8,1.3,5.0,0.5838939380323295,0.8534017102303522,1471,1471,1410,True,ok
12,21,Drowsy,60,processed,2,6213780533701469723,138.30057843624795,24.9893795136852,8,0.16,4,0.4809369714374684,12,0.8,1.3,5.0,0.5781460064405447,0.9543489613614874,1471,1471,1407,True,ok
12,21,Drowsy,60,processed,3,6963389794263566822,138.30057843624795,24.9893795136852,8,0.16,4,0.4809369714374684,12,0.8,1.3,5.0,0.5556270530761145,0.8457921568474268,1471,1471,1409,True,ok
12,21,Drowsy,60,processed,4,4998732491215151308,138.30057843624795,24.9893795136852,8,0.16,4,0.4809369714374684,12,0.8,1.3,5.0,0.5697381708269468,0.8312405141868321,1471,1471,1408,True,ok
12,21,Drowsy,60,processed,5,2686271005104378674,138.30057843624795,24.9893795136852,8,0.16,4,0.4809369714374684,12,0.8,1.3,5.0,0.5729008484374627,0.9100065670220023,1471,1471,1407,True,ok
12,21,Drowsy,60,processed,6,13679119163406880936,138.30057843624795,24.9893795136852,8,0.16,4,0.4809369714374684,12,0.8,1.3,5.0,0.5667964471352562,0.8911244541123235,1471,1471,1408,True,ok
12,21,Drowsy,60,processed,7,12620682880414885887,138.30057843624795,24.9893795136852,8,0.16,4,0.4809369714374684,12,0.8,1.3,5.0,0.5787762295605438,0.8668774607111315,1471,1471,1400,True,ok
12,21,Drowsy,60,processed,8,14780472939256194503,138.30057843624795,24.9893795136852,8,0.16,4,0.4809369714374684,12,0.8,1.3,5.0,0.5793242560755096,0.7855055069786406,1471,1471,1377,True,ok
12,21,Drowsy,60,processed,9,11659565590677349224,138.30057843624795,24.9893795136852,8,0.16,4,0.4809369714374684,12,0.8,1.3,5.0,0.5652462722040456,0.7984176603868948,1471,1471,1434,True,ok
12,21,Drowsy,60,processed,10,13338669297748967574,138.30057843624795,24.9893795136852,8,0.16,4,0.4809369714374684,12,0.8,1.3,5.0,0.544279770013642,0.8275104433163157,1471,1471,1400,True,ok
12,21,Drowsy,60,processed,11,4483663103412153349,138.30057843624795,24.9893795136852,8,0.16,4,0.4809369714374684,12,0.8,1.3,5.0,0.5968760610337056,0.9123321721203891,1471,1471,1410,True,ok
12,21,Drowsy,60,processed,12,4993722364464041268,138.30057843624795,24.9893795136852,8,0.16,4,0.4809369714374684,12,0.8,1.3,5.0,0.573398311905651,0.8947788404707718,1471,1471,1405,True,ok
12,21,Drowsy,60,processed,13,16771077072069744923,138.30057843624795,24.9893795136852,8,0.16,4,0.4809369714374684,12,0.8,1.3,5.0,0.5358123646376779,0.8539898064672107,1471,1471,1402,True,ok
12,21,Drowsy,60,processed,14,4786420192695798306,138.30057843624795,24.9893795136852,8,0.16,4,0.4809369714374684,12,0.8,1.3,5.0,0.5593656122694577,0.8387142527008543,1471,1471,1409,True,ok
12,21,Drowsy,60,processed,15,9998568667590896292,138.30057843624795,24.9893795136852,8,0.16,4,0.4809369714374684,12,0.8,1.3,5.0,0.540379530386623,0.7625995848130734,1471,1471,1422,True,ok
12,21,Drowsy,60,processed,16,18086973405875085529,138.30057843624795,24.9893795136852,8,0.16,4,0.4809369714374684,12,0.8,1.3,5.0,0.5528343194053345,0.9045396098615694,1471,1471,1416,True,ok
12,21,Drowsy,60,processed,17,15502220386639990456,138.30057843624795,24.9893795136852,8,0.16,4,0.4809369714374684,12,0.8,1.3,5.0,0.5747891936489661,0.8041749029165123,1471,1471,1417,True,ok
12,21,Drowsy,60,processed,18,8612272277561084249,138.30057843624795,24.9893795136852,8,0.16,4,0.4809369714374684,12,0.8,1.3,5.0,0.5994391812118285,0.812153632075954,1471,1471,1429,True,ok
12,21,Drowsy,60,processed,19,8954244382846946118,138.30057843624795,24.9893795136852,8,0.16,4,0.4809369714374684,12,0.8,1.3,5.0,0.5814086313436329,0.9038607116708249,1471,1471,1416,True,ok
12,21,Drowsy,60,processed,20,8675362042310195134,138.30057843624795,24.9893795136852,8,0.16,4,0.4809369714374684,12,0.8,1.3,5.0,0.5908617379848474,0.814405006051651,1471,1471,1397,True,ok
12,21,Drowsy,60,processed,21,4270756212472306873,138.30057843624795,24.9893795136852,8,0.16,4,0.4809369714374684,12,0.8,1.3,5.0,0.6206507356060227,0.8368917459484885,1471,1471,1414,True,ok
12,21,Drowsy,60,processed,22,6296576185142048583,138.30057843624795,24.9893795136852,8,0.16,4,0.4809369714374684,12,0.8,1.3,5.0,0.5787431766922969,0.9266295465580612,1471,1471,1396,True,ok
12,21,Drowsy,60,processed,23,15726464651113663093,138.30057843624795,24.9893795136852,8,0.16,4,0.4809369714374684,12,0.8,1.3,5.0,0.5553741748734203,0.8168267440598225,1471,1471,1395,True,ok
12,21,Drowsy,60,processed,24,17524349630334681005,138.30057843624795,24.9893795136852,8,0.16,4,0.4809369714374684,12,0.8,1.3,5.0,0.5750050937495221,0.9396990038411226,1471,1471,1397,True,ok
12,21,Drowsy,60,processed,25,9546811575480666226,138.30057843624795,24.9893795136852,8,0.16,4,0.4809369714374684,12,0.8,1.3,5.0,0.6338400392706255,0.8466194324834482,1471,1471,1414,True,ok
12,21,Drowsy,60,processed,26,7499740215982016332,138.30057843624795,24.9893795136852,8,0.16,4,0.4809369714374684,12,0.8,1.3,5.0,0.612020213568639,0.922536320663392,1471,1471,1402,True,ok
12,21,Drowsy,60,processed,27,11598646299574414164,138.30057843624795,24.9893795136852,8,0.16,4,0.4809369714374684,12,0.8,1.3,5.0,0.630221078003351,0.8898781777609903,1471,1471,1431,True,ok
12,21,Drowsy,60,processed,28,7728785038419595207,138.30057843624795,24.9893795136852,8,0.16,4,0.4809369714374684,12,0.8,1.3,5.0,0.6124919852918004,0.9225881775038338,1471,1471,1405,True,ok
12,21,Drowsy,60,processed,29,16013369168036223663,138.30057843624795,24.9893795136852,8,0.16,4,0.4809369714374684,12,0.8,1.3,5.0,0.6042261308768552,0.8111326646912045,1471,1471,1424,True,ok
12,21,Drowsy,60,processed,30,6076019151926936428,138.30057843624795,24.9893795136852,8,0.16,4,0.4809369714374684,12,0.8,1.3,5.0,0.6008062816419778,0.8496966401682039,1471,1471,1412,True,ok
12,21,Drowsy,60,processed,31,2416265634332552213,138.30057843624795,24.9893795136852,8,0.16,4,0.4809369714374684,12,0.8,1.3,5.0,0.6012130339238346,0.8327570113847141,1471,1471,1395,True,ok
12,21,Drowsy,60,processed,32,17218010255506979138,138.30057843624795,24.9893795136852,8,0.16,4,0.4809369714374684,12,0.8,1.3,5.0,0.5872480949313865,0.8755785109739337,1471,1471,1395,True,ok
12,21,Drowsy,60,processed,33,12372691416869600554,138.30057843624795,24.9893795136852,8,0.16,4,0.4809369714374684,12,0.8,1.3,5.0,0.583913709871758,0.8531020093853674,1471,1471,1420,True,ok
12,21,Drowsy,60,processed,34,16507539617548733086,138.30057843624795,24.9893795136852,8,0.16,4,0.4809369714374684,12,0.8,1.3,5.0,0.536256280273727,0.9246590193265677,1471,1471,1408,True,ok
12,21,Drowsy,60,processed,35,5229020057355805387,138.30057843624795,24.9893795136852,8,0.16,4,0.4809369714374684,12,0.8,1.3,5.0,0.5859342353515957,0.812426273482788,1471,1471,1405,True,ok
12,21,Drowsy,60,processed,36,17246976037893832552,138.30057843624795,24.9893795136852,8,0.16,4,0.4809369714374684,12,0.8,1.3,5.0,0.5043143384309318,0.8551325940988385,1471,1471,1406,True,ok
12,21,Drowsy,60,processed,37,15760062955415405372,138.30057843624795,24.9893795136852,8,0.16,4,0.4809369714374684,12,0.8,1.3,5.0,0.6337936288772104,0.8117066666422781,1471,1471,1408,True,ok
12,21,Drowsy,60,processed,38,16840990887693200650,138.30057843624795,24.9893795136852,8,0.16,4,0.4809369714374684,12,0.8,1.3,5.0,0.6213675115858355,0.9410431340372141,1471,1471,1395,True,ok
12,21,Drowsy,60,processed,39,15030132505114988677,138.30057843624795,24.9893795136852,8,0.16,4,0.4809369714374684,12,0.8,1.3,5.0,0.5985433167400179,0.9070899626764501,1471,1471,1387,True,ok
12,22,Drowsy,60,processed,1,18436176164062209908,115.00613197126222,24.9893795136852,8,0.16,4,0.4533596431621493,11,0.8,1.3,5.0,0.6263030556425553,0.9168149248214663,1471,1471,1412,True,ok
12,22,Drowsy,60,processed,2,17376792356403345832,115.00613197126222,24.9893795136852,8,0.16,4,0.4533596431621493,11,0.8,1.3,5.0,0.6183613676274632,0.7597857969491577,1471,1471,1405,True,ok
12,22,Drowsy,60,processed,3,3178831045843251028,115.00613197126222,24.9893795136852,8,0.16,4,0.4533596431621493,11,0.8,1.3,5.0,0.6358938173219583,0.8481408224212401,1471,1471,1396,True,ok
12,22,Drowsy,60,processed,4,5058856836446392214,115.00613197126222,24.9893795136852,8,0.16,4,0.4533596431621493,11,0.8,1.3,5.0,0.6183503031777161,0.7958233541367937,1471,1471,1394,True,ok
12,22,Drowsy,60,processed,5,11477029845757360791,115.00613197126222,24.9893795136852,8,0.16,4,0.4533596431621493,11,0.8,1.3,5.0,0.6260020504964963,0.8997100732404616,1471,1471,1399,True,ok
12,22,Drowsy,60,processed,6,12799340496906363500,115.00613197126222,24.9893795136852,8,0.16,4,0.4533596431621493,11,0.8,1.3,5.0,0.6332898634207031,0.8962703219070737,1471,1471,1410,True,ok
12,22,Drowsy,60,processed,7,16221037075155515240,115.00613197126222,24.9893795136852,8,0.16,4,0.4533596431621493,11,0.8,1.3,5.0,0.607976945473046,0.817256888672786,1471,1471,1411,True,ok
12,22,Drowsy,60,processed,8,16475202324758184185,115.00613197126222,24.9893795136852,8,0.16,4,0.4533596431621493,11,0.8,1.3,5.0,0.5858175780038807,0.8042074599893126,1471,1471,1426,True,ok
12,22,Drowsy,60,processed,9,12625872789212710735,115.00613197126222,24.9893795136852,8,0.16,4,0.4533596431621493,11,0.8,1.3,5.0,0.5753957029619922,0.8657491127425666,1471,1471,1411,True,ok
12,22,Drowsy,60,processed,10,4167787106360877630,115.00613197126222,24.9893795136852,8,0.16,4,0.4533596431621493,11,0.8,1.3,5.0,0.6033380475391249,0.903231461209991,1471,1471,1406,True,ok
12,22,Drowsy,60,processed,11,4243320709690647075,115.00613197126222,24.9893795136852,8,0.16,4,0.4533596431621493,11,0.8,1.3,5.0,0.6203858003027436,0.8069407466068943,1471,1471,1412,True,ok
12,22,Drowsy,60,processed,12,10879737091017695092,115.00613197126222,24.9893795136852,8,0.16,4,0.4533596431621493,11,0.8,1.3,5.0,0.6362055137900767,0.8539175353072392,1471,1471,1418,True,ok
12,22,Drowsy,60,processed,13,189768877548496644,115.00613197126222,24.9893795136852,8,0.16,4,0.4533596431621493,11,0.8,1.3,5.0,0.5855504839077562,0.8429057268045719,1471,1471,1398,True,ok
12,22,Drowsy,60,processed,14,8274810233670568210,115.00613197126222,24.9893795136852,8,0.16,4,0.4533596431621493,11,0.8,1.3,5.0,0.5745491157122731,0.783731601519826,1471,1471,1431,True,ok
12,22,Drowsy,60,processed,15,15621718158706857454,115.00613197126222,24.9893795136852,8,0.16,4,0.4533596431621493,11,0.8,1.3,5.0,0.6449304185783262,0.8858638218940713,1471,1471,1409,True,ok
12,22,Drowsy,60,processed,16,17528263539699038776,115.00613197126222,24.9893795136852,8,0.16,4,0.4533596431621493,11,0.8,1.3,5.0,0.6035546997435418,0.8431854954986524,1471,1471,1404,True,ok
12,22,Drowsy,60,processed,17,1684521242029519737,115.00613197126222,24.9893795136852,8,0.16,4,0.4533596431621493,11,0.8,1.3,5.0,0.6395641729505457,0.7988920771960264,1471,1471,1414,True,ok
12,22,Drowsy,60,processed,18,1510460389923007710,115.00613197126222,24.9893795136852,8,0.16,4,0.4533596431621493,11,0.8,1.3,5.0,0.5703321315976945,0.7402421045018623,1471,1471,1414,True,ok
12,22,Drowsy,60,processed,19,8804807256401117844,115.00613197126222,24.9893795136852,8,0.16,4,0.4533596431621493,11,0.8,1.3,5.0,0.6432563962819936,0.8504497521927068,1471,1471,1401,True,ok
12,22,Drowsy,60,processed,20,9722592400648562412,115.00613197126222,24.9893795136852,8,0.16,4,0.4533596431621493,11,0.8,1.3,5.0,0.6544476607911769,0.8862367169063662,1471,1471,1415,True,ok
12,22,Drowsy,60,processed,21,17917162697983162658,115.00613197126222,24.9893795136852,8,0.16,4,0.4533596431621493,11,0.8,1.3,5.0,0.6206390250052823,0.8344805347387972,1471,1471,1386,True,ok
12,22,Drowsy,60,processed,22,6105533118883159817,115.00613197126222,24.9893795136852,8,0.16,4,0.4533596431621493,11,0.8,1.3,5.0,0.6296508310445195,0.9297519315175579,1471,1471,1409,True,ok
12,22,Drowsy,60,processed,23,17081983460579604250,115.00613197126222,24.9893795136852,8,0.16,4,0.4533596431621493,11,0.8,1.3,5.0,0.6634024690075416,0.8861719225806477,1471,1471,1414,True,ok
12,22,Drowsy,60,processed,24,16604346546280464248,115.00613197126222,24.9893795136852,8,0.16,4,0.4533596431621493,11,0.8,1.3,5.0,0.5839999616632999,0.8856608953401104,1471,1471,1419,True,ok
12,22,Drowsy,60,processed,25,1483333236003913967,115.00613197126222,24.9893795136852,8,0.16,4,0.4533596431621493,11,0.8,1.3,5.0,0.6059066244758435,0.8438731325562436,1471,1471,1411,True,ok
12,22,Drowsy,60,processed,26,14257559705301721935,115.00613197126222,24.9893795136852,8,0.16,4,0.4533596431621493,11,0.8,1.3,5.0,0.5825240113973612,0.8424317297052777,1471,1471,1377,True,ok
12,22,Drowsy,60,processed,27,2061933095475835216,115.00613197126222,24.9893795136852,8,0.16,4,0.4533596431621493,11,0.8,1.3,5.0,0.6480890127207033,0.936871733415481,1471,1471,1402,True,ok
12,22,Drowsy,60,processed,28,7770149677964808230,115.00613197126222,24.9893795136852,8,0.16,4,0.4533596431621493,11,0.8,1.3,5.0,0.5534916573230889,0.9123256520242244,1471,1471,1401,True,ok
12,22,Drowsy,60,processed,29,8498558700938605447,115.00613197126222,24.9893795136852,8,0.16,4,0.4533596431621493,11,0.8,1.3,5.0,0.5963098777124771,0.8774604360129432,1471,1471,1389,True,ok
12,22,Drowsy,60,processed,30,1388692900458829968,115.00613197126222,24.9893795136852,8,0.16,4,0.4533596431621493,11,0.8,1.3,5.0,0.602476244022376,0.848566393656947,1471,1471,1407,True,ok
12,22,Drowsy,60,processed,31,10422254998129349066,115.00613197126222,24.9893795136852,8,0.16,4,0.4533596431621493,11,0.8,1.3,5.0,0.5893697812114835,0.876887303405653,1471,1471,1409,True,ok
12,22,Drowsy,60,processed,32,11017399061660765545,115.00613197126222,24.9893795136852,8,0.16,4,0.4533596431621493,11,0.8,1.3,5.0,0.5860510902644066,0.8799291743186057,1471,1471,1378,True,ok
12,22,Drowsy,60,processed,33,17191462350965473459,115.00613197126222,24.9893795136852,8,0.16,4,0.4533596431621493,11,0.8,1.3,5.0,0.6738489580671019,0.9184038257080521,1471,1471,1384,True,ok
12,22,Drowsy,60,processed,34,16119267476289182239,115.00613197126222,24.9893795136852,8,0.16,4,0.4533596431621493,11,0.8,1.3,5.0,0.6628884094603552,0.9006870090845434,1471,1471,1404,True,ok
12,22,Drowsy,60,processed,35,9473552482617512015,115.00613197126222,24.9893795136852,8,0.16,4,0.4533596431621493,11,0.8,1.3,5.0,0.6202078790598748,0.881387724467408,1471,1471,1390,True,ok
12,22,Drowsy,60,processed,36,13784941010727324963,115.00613197126222,24.9893795136852,8,0.16,4,0.4533596431621493,11,0.8,1.3,5.0,0.5524513343185086,0.8277250975028357,1471,1471,1430,True,ok
12,22,Drowsy,60,processed,37,15046600422909984346,115.00613197126222,24.9893795136852,8,0.16,4,0.4533596431621493,11,0.8,1.3,5.0,0.6735672523742918,0.8838155940117859,1471,1471,1394,True,ok
12,22,Drowsy,60,processed,38,7255746546010407353,115.00613197126222,24.9893795136852,8,0.16,4,0.4533596431621493,11,0.8,1.3,5.0,0.6883411310978136,0.873307363273733,1471,1471,1409,True,ok
12,22,Drowsy,60,processed,39,4753670034751945390,115.00613197126222,24.9893795136852,8,0.16,4,0.4533596431621493,11,0.8,1.3,5.0,0.6331698299495421,0.8797121849908385,1471,1471,1400,True,ok
12,23,Drowsy,60,processed,1,6883642734512787521,115.00613197126222,24.9893795136852,8,0.16,4,0.4560629604324622,11,0.8,1.3,5.0,0.5885221520647868,0.841853612935677,1471,1471,1417,True,ok
12,23,Drowsy,60,processed,2,4222747501361531893,115.00613197126222,24.9893795136852,8,0.16,4,0.4560629604324622,11,0.8,1.3,5.0,0.5656200370536121,0.8639214900194326,1471,1471,1400,True,ok
12,23,Drowsy,60,processed,3,11620016341091373853,115.00613197126222,24.9893795136852,8,0.16,4,0.4560629604324622,11,0.8,1.3,5.0,0.5657625817377955,0.888475933711211,1471,1471,1409,True,ok
12,23,Drowsy,60,processed,4,4694985866492669592,115.00613197126222,24.9893795136852,8,0.16,4,0.4560629604324622,11,0.8,1.3,5.0,0.5891493689516558,0.8356846892751464,1471,1471,1379,True,ok
12,23,Drowsy,60,processed,5,2574442914030757716,115.00613197126222,24.9893795136852,8,0.16,4,0.4560629604324622,11,0.8,1.3,5.0,0.5601798421412941,0.7139353597748314,1471,1471,1378,True,ok
12,23,Drowsy,60,processed,6,4737561183424281881,115.00613197126222,24.9893795136852,8,0.16,4,0.4560629604324622,11,0.8,1.3,5.0,0.5951995103419782,0.7929295288865567,1471,1471,1415,True,ok
12,23,Drowsy,60,processed,7,7135660017432012482,115.00613197126222,24.9893795136852,8,0.16,4,0.4560629604324622,11,0.8,1.3,5.0,0.58636865696634,0.7873419527598947,1471,1441,1375,True,ok
12,23,Drowsy,60,processed,8,14298694758342451263,115.00613197126222,24.9893795136852,8,0.16,4,0.4560629604324622,11,0.8,1.3,5.0,0.6014722554703689,0.8885475596898947,1471,1471,1408,True,ok
12,23,Drowsy,60,processed,9,5670312853403887431,115.00613197126222,24.9893795136852,8,0.16,4,0.4560629604324622,11,0.8,1.3,5.0,0.6042747132331187,0.8155967307880087,1471,1471,1417,True,ok
12,23,Drowsy,60,processed,10,13258739554641230309,115.00613197126222,24.9893795136852,8,0.16,4,0.4560629604324622,11,0.8,1.3,5.0,0.6105750295915533,0.8824420942420432,1471,1471,1408,True,ok
12,23,Drowsy,60,processed,11,466526382400332237,115.00613197126222,24.9893795136852,8,0.16,4,0.4560629604324622,11,0.8,1.3,5.0,0.5453848489243248,0.8959873249732985,1471,1471,1406,True,ok
12,23,Drowsy,60,processed,12,6192039508383061471,115.00613197126222,24.9893795136852,8,0.16,4,0.4560629604324622,11,0.8,1.3,5.0,0.6272376521489783,0.8892619288645118,1471,1471,1406,True,ok
12,23,Drowsy,60,processed,13,7613223328567564661,115.00613197126222,24.9893795136852,8,0.16,4,0.4560629604324622,11,0.8,1.3,5.0,0.5944150563147265,0.9038169400627944,1471,1469,1395,True,ok
12,23,Drowsy,60,processed,14,3530137168270921100,115.00613197126222,24.9893795136852,8,0.16,4,0.4560629604324622,11,0.8,1.3,5.0,0.644001226418738,0.8519076468014667,1471,1471,1409,True,ok
12,23,Drowsy,60,processed,15,3141937569654172133,115.00613197126222,24.9893795136852,8,0.16,4,0.4560629604324622,11,0.8,1.3,5.0,0.5551575124657951,0.8167773350300587,1471,1471,1401,True,ok
12,23,Drowsy,60,processed,16,5519033089767572333,115.00613197126222,24.9893795136852,8,0.16,4,0.4560629604324622,11,0.8,1.3,5.0,0.6114679669010272,0.8778387473621577,1471,1471,1401,True,ok
12,23,Drowsy,60,processed,17,283751626396613971,115.00613197126222,24.9893795136852,8,0.16,4,0.4560629604324622,11,0.8,1.3,5.0,0.5776964926854933,0.8364486063165709,1471,1471,1388,True,ok
12,23,Drowsy,60,processed,18,4945216508062749729,115.00613197126222,24.9893795136852,8,0.16,4,0.4560629604324622,11,0.8,1.3,5.0,0.6193653056472683,0.8644439773703755,1471,1471,1385,True,ok
12,23,Drowsy,60,processed,19,9235406153406197768,115.00613197126222,24.9893795136852,8,0.16,4,0.4560629604324622,11,0.8,1.3,5.0,0.6402955738902822,0.9477030348014356,1471,1471,1423,True,ok
12,23,Drowsy,60,processed,20,15996876204794650721,115.00613197126222,24.9893795136852,8,0.16,4,0.4560629604324622,11,0.8,1.3,5.0,0.6782279370882606,0.8581140041585615,1471,1471,1419,True,ok
12,23,Drowsy,60,processed,21,2018945128258944399,115.00613197126222,24.9893795136852,8,0.16,4,0.4560629604324622,11,0.8,1.3,5.0,0.5862824142487573,0.9204033517305548,1471,1471,1399,True,ok
12,23,Drowsy,60,processed,22,16543450309676589211,115.00613197126222,24.9893795136852,8,0.16,4,0.4560629604324622,11,0.8,1.3,5.0,0.5941315250401045,0.7764753523526203,1471,1471,1413,True,ok
12,23,Drowsy,60,processed,23,335660593499374364,115.00613197126222,24.9893795136852,8,0.16,4,0.4560629604324622,11,0.8,1.3,5.0,0.6194210857888794,0.8576930231207851,1471,1471,1404,True,ok
12,23,Drowsy,60,processed,24,1135208636797347568,115.00613197126222,24.9893795136852,8,0.16,4,0.4560629604324622,11,0.8,1.3,5.0,0.6453095339123944,0.8574634701507299,1471,1471,1415,True,ok
12,23,Drowsy,60,processed,25,1291830048622606645,115.00613197126222,24.9893795136852,8,0.16,4,0.4560629604324622,11,0.8,1.3,5.0,0.6048937343799745,0.797738306038211,1471,1471,1401,True,ok
12,23,Drowsy,60,processed,26,931011180704800414,115.00613197126222,24.9893795136852,8,0.16,4,0.4560629604324622,11,0.8,1.3,5.0,0.5709476656701857,0.7259704657266955,1471,1471,1399,True,ok
12,23,Drowsy,60,processed,27,10731401009199277726,115.00613197126222,24.9893795136852,8,0.16,4,0.4560629604324622,11,0.8,1.3,5.0,0.6251247467665669,0.8531023299617393,1471,1471,1398,True,ok
12,23,Drowsy,60,processed,28,11383757485643320222,115.00613197126222,24.9893795136852,8,0.16,4,0.4560629604324622,11,0.8,1.3,5.0,0.5756156575648097,0.8803248438153084,1471,1471,1399,True,ok
12,23,Drowsy,60,processed,29,10375572934169646505,115.00613197126222,24.9893795136852,8,0.16,4,0.4560629604324622,11,0.8,1.3,5.0,0.586686127803936,0.8727837093522365,1471,1471,1407,True,ok
12,23,Drowsy,60,processed,30,1811242687843525364,115.00613197126222,24.9893795136852,8,0.16,4,0.4560629604324622,11,0.8,1.3,5.0,0.5585512691134512,0.7996293476494389,1471,1471,1410,True,ok
12,23,Drowsy,60,processed,31,14458075559247039482,115.00613197126222,24.9893795136852,8,0.16,4,0.4560629604324622,11,0.8,1.3,5.0,0.6122137600632666,0.8613925903010021,1471,1471,1409,True,ok
12,23,Drowsy,60,processed,32,10881910246786776318,115.00613197126222,24.9893795136852,8,0.16,4,0.4560629604324622,11,0.8,1.3,5.0,0.6247476573436241,0.8099347993032996,1471,1471,1376,True,ok
12,23,Drowsy,60,processed,33,8461158957193096252,115.00613197126222,24.9893795136852,8,0.16,4,0.4560629604324622,11,0.8,1.3,5.0,0.6228386350495384,0.8914157875091109,1471,1471,1419,True,ok
12,23,Drowsy,60,processed,34,6138858738992476578,115.00613197126222,24.9893795136852,8,0.16,4,0.4560629604324622,11,0.8,1.3,5.0,0.5678325190816601,0.7948347669393575,1471,1471,1404,True,ok
12,23,Drowsy,60,processed,35,105620916781856490,115.00613197126222,24.9893795136852,8,0.16,4,0.4560629604324622,11,0.8,1.3,5.0,0.5830824089897193,0.9085597529870169,1471,1471,1403,True,ok
12,23,Drowsy,60,processed,36,12636081868810461624,115.00613197126222,24.9893795136852,8,0.16,4,0.4560629604324622,11,0.8,1.3,5.0,0.6505461731271331,0.8157617846172215,1471,1459,1407,True,ok
12,23,Drowsy,60,processed,37,13951400772334776944,115.00613197126222,24.9893795136852,8,0.16,4,0.4560629604324622,11,0.8,1.3,5.0,0.580528975783633,0.8276303705902005,1471,1471,1417,True,ok
12,23,Drowsy,60,processed,38,169472432930396611,115.00613197126222,24.9893795136852,8,0.16,4,0.4560629604324622,11,0.8,1.3,5.0,0.5801673538301061,0.9310333425966224,1471,1471,1401,True,ok
12,23,Drowsy,60,processed,39,3478006470648308334,115.00613197126222,24.9893795136852,8,0.16,4,0.4560629604324622,11,0.8,1.3,5.0,0.5801494499707255,0.7725987682571024,1471,1471,1418,True,ok
12,24,Drowsy,60,processed,1,12520512074128946305,115.00613197126222,24.9893795136852,8,0.16,4,0.4621437030631973,12,0.8,1.3,5.0,0.6391602412625423,0.9441878710220444,1471,1471,1404,True,ok
12,24,Drowsy,60,processed,2,9946023381589022704,115.00613197126222,24.9893795136852,8,0.16,4,0.4621437030631973,12,0.8,1.3,5.0,0.6347873632780112,0.9455297715737095,1471,1471,1416,True,ok
12,24,Drowsy,60,processed,3,11229338203635191269,115.00613197126222,24.9893795136852,8,0.16,4,0.4621437030631973,12,0.8,1.3,5.0,0.6519789945907756,0.8994710735482723,1471,1471,1394,True,ok
12,24,Drowsy,60,processed,4,4831719970686203437,115.00613197126222,24.9893795136852,8,0.16,4,0.4621437030631973,12,0.8,1.3,5.0,0.6910232448013759,0.9157247222178416,1471,1471,1414,True,ok
12,24,Drowsy,60,processed,5,9131202577464189131,115.00613197126222,24.9893795136852,8,0.16,4,0.4621437030631973,12,0.8,1.3,5.0,0.5912346343789548,0.8747689170804723,1471,1471,1381,True,ok
12,24,Drowsy,60,processed,6,16121717456793417704,115.00613197126222,24.9893795136852,8,0.16,4,0.4621437030631973,12,0.8,1.3,5.0,0.570445960635313,0.8433144632807147,1471,1471,1417,True,ok
12,24,Drowsy,60,processed,7,8067402645199253692,115.00613197126222,24.9893795136852,8,0.16,4,0.4621437030631973,12,0.8,1.3,5.0,0.6612235775464921,0.9660945185534677,1471,1471,1420,True,ok
12,24,Drowsy,60,processed,8,1785012158718299993,115.00613197126222,24.9893795136852,8,0.16,4,0.4621437030631973,12,0.8,1.3,5.0,0.6326608490279815,0.87811212188715,1471,1471,1389,True,ok
12,24,Drowsy,60,processed,9,1949942880489459359,115.00613197126222,24.9893795136852,8,0.16,4,0.4621437030631973,12,0.8,1.3,5.0,0.6329179606612333,0.9087241025493459,1471,1471,1406,True,ok
12,24,Drowsy,60,processed,10,17314776113299528446,115.00613197126222,24.9893795136852,8,0.16,4,0.4621437030631973,12,0.8,1.3,5.0,0.612752686053955,0.8339854828973934,1471,1471,1421,True,ok
12,24,Drowsy,60,processed,11,6203601813178538626,115.00613197126222,24.9893795136852,8,0.16,4,0.4621437030631973,12,0.8,1.3,5.0,0.6012355264631576,0.8342490132348072,1471,1471,1411,True,ok
12,24,Drowsy,60,processed,12,5746044685546591641,115.00613197126222,24.9893795136852,8,0.16,4,0.4621437030631973,12,0.8,1.3,5.0,0.663215565687682,0.8362371473920676,1471,1471,1400,True,ok
12,24,Drowsy,60,processed,13,2042439673514130886,115.00613197126222,24.9893795136852,8,0.16,4,0.4621437030631973,12,0.8,1.3,5.0,0.6586766624489984,0.8500407152751612,1471,1471,1394,True,ok
12,24,Drowsy,60,processed,14,5766868837961597688,115.00613197126222,24.9893795136852,8,0.16,4,0.4621437030631973,12,0.8,1.3,5.0,0.6913902958180002,0.875806920286735,1471,1471,1381,True,ok
12,24,Drowsy,60,processed,15,15073824500298416871,115.00613197126222,24.9893795136852,8,0.16,4,0.4621437030631973,12,0.8,1.3,5.0,0.647567109481938,0.8203725031492545,1471,1471,1390,True,ok
12,24,Drowsy,60,processed,16,15668638084303047538,115.00613197126222,24.9893795136852,8,0.16,4,0.4621437030631973,12,0.8,1.3,5.0,0.6372835728071035,0.8103873965823353,1471,1471,1398,True,ok
12,24,Drowsy,60,processed,17,6052059239038301381,115.00613197126222,24.9893795136852,8,0.16,4,0.4621437030631973,12,0.8,1.3,5.0,0.6793211491462576,0.8909361273124671,1471,1471,1406,True,ok
12,24,Drowsy,60,processed,18,14565387554386912623,115.00613197126222,24.9893795136852,8,0.16,4,0.4621437030631973,12,0.8,1.3,5.0,0.6282291730070803,0.8996160537719629,1471,1471,1399,True,ok
12,24,Drowsy,60,processed,19,10745363252697822134,115.00613197126222,24.9893795136852,8,0.16,4,0.4621437030631973,12,0.8,1.3,5.0,0.6016407072052573,0.8618256227164902,1471,1471,1402,True,ok
12,24,Drowsy,60,processed,20,17443229335251002653,115.00613197126222,24.9893795136852,8,0.16,4,0.4621437030631973,12,0.8,1.3,5.0,0.6767590342698192,0.9265956194591229,1471,1471,1400,True,ok
12,24,Drowsy,60,processed,21,17278805157356301565,115.00613197126222,24.9893795136852,8,0.16,4,0.4621437030631973,12,0.8,1.3,5.0,0.5783113199544745,0.7988558986214602,1471,1471,1418,True,ok
12,24,Drowsy,60,processed,22,16165413592822764088,115.00613197126222,24.9893795136852,8,0.16,4,0.4621437030631973,12,0.8,1.3,5.0,0.6061947164171687,0.8401755241105534,1471,1471,1385,True,ok
12,24,Drowsy,60,processed,23,4907802609612161358,115.00613197126222,24.9893795136852,8,0.16,4,0.4621437030631973,12,0.8,1.3,5.0,0.6960189221167966,0.8757172639404069,1471,1471,1391,True,ok
12,24,Drowsy,60,processed,24,13753581377749427771,115.00613197126222,24.9893795136852,8,0.16,4,0.4621437030631973,12,0.8,1.3,5.0,0.6416002808105774,0.9169126039308308,1471,1471,1405,True,ok
12,24,Drowsy,60,processed,25,3459613695733574515,115.00613197126222,24.9893795136852,8,0.16,4,0.4621437030631973,12,0.8,1.3,5.0,0.5979229740390974,0.8625036732903897,1471,1471,1404,True,ok
12,24,Drowsy,60,processed,26,864834781420856906,115.00613197126222,24.9893795136852,8,0.16,4,0.4621437030631973,12,0.8,1.3,5.0,0.5465274116263703,0.8381963192995371,1471,1471,1384,True,ok
12,24,Drowsy,60,processed,27,10284430235954126235,115.00613197126222,24.9893795136852,8,0.16,4,0.4621437030631973,12,0.8,1.3,5.0,0.625152639401632,0.8948834391966218,1471,1471,1422,True,ok
12,24,Drowsy,60,processed,28,7806841248855816174,115.00613197126222,24.9893795136852,8,0.16,4,0.4621437030631973,12,0.8,1.3,5.0,0.6812481090523453,0.9313547502253782,1471,1471,1421,True,ok
12,24,Drowsy,60,processed,29,11874781590994108396,115.00613197126222,24.9893795136852,8,0.16,4,0.4621437030631973,12,0.8,1.3,5.0,0.6424464734987825,0.9339837904294624,1471,1471,1389,True,ok
12,24,Drowsy,60,processed,30,18267029489122141991,115.00613197126222,24.9893795136852,8,0.16,4,0.4621437030631973,12,0.8,1.3,5.0,0.6939421436049121,0.9145068134511983,1471,1471,1406,True,ok
12,24,Drowsy,60,processed,31,15059361816121649843,115.00613197126222,24.9893795136852,8,0.16,4,0.4621437030631973,12,0.8,1.3,5.0,0.60482970917899,0.8582098305031045,1471,1471,1395,True,ok
12,24,Drowsy,60,processed,32,303787443249888025,115.00613197126222,24.9893795136852,8,0.16,4,0.4621437030631973,12,0.8,1.3,5.0,0.683300820335815,0.9421267394517145,1471,1471,1425,True,ok
12,24,Drowsy,60,processed,33,17658064891939115239,115.00613197126222,24.9893795136852,8,0.16,4,0.4621437030631973,12,0.8,1.3,5.0,0.6494830781308922,0.8813345608134918,1471,1471,1398,True,ok
12,24,Drowsy,60,processed,34,11641775404475074662,115.00613197126222,24.9893795136852,8,0.16,4,0.4621437030631973,12,0.8,1.3,5.0,0.6431534059244766,0.9276473372907281,1471,1471,1408,True,ok
12,24,Drowsy,60,processed,35,3772800520971085306,115.00613197126222,24.9893795136852,8,0.16,4,0.4621437030631973,12,0.8,1.3,5.0,0.6610389621657788,0.7895673279794764,1471,1471,1423,True,ok
12,24,Drowsy,60,processed,36,14731833999988147655,115.00613197126222,24.9893795136852,8,0.16,4,0.4621437030631973,12,0.8,1.3,5.0,0.6338545140898388,0.8623741836076215,1471,1471,1395,True,ok
12,24,Drowsy,60,processed,37,11019146441642575219,115.00613197126222,24.9893795136852,8,0.16,4,0.4621437030631973,12,0.8,1.3,5.0,0.6363684178666801,0.92448316448577,1471,1471,1410,True,ok
12,24,Drowsy,60,processed,38,14935968214748796670,115.00613197126222,24.9893795136852,8,0.16,4,0.4621437030631973,12,0.8,1.3,5.0,0.7073385522510813,0.8703907304911122,1471,1471,1405,True,ok
12,24,Drowsy,60,processed,39,2434613850275647520,115.00613197126222,24.9893795136852,8,0.16,4,0.4621437030631973,12,0.8,1.3,5.0,0.5609856643384793,0.8780983508383327,1471,1471,1393,True,ok
12,25,Drowsy,60,processed,1,9494204988746577555,138.30057843624795,24.9893795136852,8,0.16,4,0.4445885053284906,11,0.8,1.3,5.0,0.5774677260556335,0.785365495650332,1471,1471,1404,True,ok
12,25,Drowsy,60,processed,2,17241520443447701754,138.30057843624795,24.9893795136852,8,0.16,4,0.4445885053284906,11,0.8,1.3,5.0,0.5662537925034377,0.8165472325160695,1471,1471,1420,True,ok
12,25,Drowsy,60,processed,3,8507252310853848446,138.30057843624795,24.9893795136852,8,0.16,4,0.4445885053284906,11,0.8,1.3,5.0,0.5901375978754572,0.8522589818464927,1471,1471,1419,True,ok
12,25,Drowsy,60,processed,4,17326716435636254585,138.30057843624795,24.9893795136852,8,0.16,4,0.4445885053284906,11,0.8,1.3,5.0,0.6441713877132157,0.8801186716368129,1471,1471,1411,True,ok
12,25,Drowsy,60,processed,5,15555967955706838584,138.30057843624795,24.9893795136852,8,0.16,4,0.4445885053284906,11,0.8,1.3,5.0,0.5970452695638832,0.8791820718937586,1471,1471,1418,True,ok
12,25,Drowsy,60,processed,6,14406466086308145592,138.30057843624795,24.9893795136852,8,0.16,4,0.4445885053284906,11,0.8,1.3,5.0,0.6126662005010761,0.8095096034658322,1471,1471,1419,True,ok
12,25,Drowsy,60,processed,7,3817113552747635077,138.30057843624795,24.9893795136852,8,0.16,4,0.4445885053284906,11,0.8,1.3,5.0,0.572758378813646,0.881792433403313,1471,1471,1414,True,ok
12,25,Drowsy,60,processed,8,7686209157719804348,138.30057843624795,24.9893795136852,8,0.16,4,0.4445885053284906,11,0.8,1.3,5.0,0.5696397071509754,0.838842270340718,1471,1471,1403,True,ok
12,25,Drowsy,60,processed,9,8721484475022319363,138.30057843624795,24.9893795136852,8,0.16,4,0.4445885053284906,11,0.8,1.3,5.0,0.5797642911853873,0.8875502707392676,1471,1471,1408,True,ok
12,25,Drowsy,60,processed,10,9201427972011821012,138.30057843624795,24.9893795136852,8,0.16,4,0.4445885053284906,11,0.8,1.3,5.0,0.6317819306418454,0.9202441527797375,1471,1471,1393,True,ok
12,25,Drowsy,60,processed,11,8974958560012747476,138.30057843624795,24.9893795136852,8,0.16,4,0.4445885053284906,11,0.8,1.3,5.0,0.5965687164189524,0.8986607742068256,1471,1471,1402,True,ok
12,25,Drowsy,60,processed,12,6855420268004463637,138.30057843624795,24.9893795136852,8,0.16,4,0.4445885053284906,11,0.8,1.3,5.0,0.584581935306609,0.8594263616983098,1471,1471,1384,True,ok
12,25,Drowsy,60,processed,13,18316033996081438708,138.30057843624795,24.9893795136852,8,0.16,4,0.4445885053284906,11,0.8,1.3,5.0,0.6300168611046679,0.879386504796467,1471,1471,1391,True,ok
12,25,Drowsy,60,processed,14,15467646039932938741,138.30057843624795,24.9893795136852,8,0.16,4,0.4445885053284906,11,0.8,1.3,5.0,0.5859927874480269,0.9150128643743929,1471,1471,1409,True,ok
12,25,Drowsy,60,processed,15,12741136194099833737,138.30057843624795,24.9893795136852,8,0.16,4,0.4445885053284906,11,0.8,1.3,5.0,0.590826127039846,0.8955359397729111,1471,1471,1397,True,ok
12,25,Drowsy,60,processed,16,7021725254177995880,138.30057843624795,24.9893795136852,8,0.16,4,0.4445885053284906,11,0.8,1.3,5.0,0.5746401887072492,0.880588587637268,1471,1471,1402,True,ok
12,25,Drowsy,60,processed,17,14785902161497027926,138.30057843624795,24.9893795136852,8,0.16,4,0.4445885053284906,11,0.8,1.3,5.0,0.626428516414563,0.8290827613812481,1471,1471,1408,True,ok
12,25,Drowsy,60,processed,18,10310425813644086797,138.30057843624795,24.9893795136852,8,0.16,4,0.4445885053284906,11,0.8,1.3,5.0,0.5471866113555889,0.9170617840531589,1471,1471,1403,True,ok
12,25,Drowsy,60,processed,19,12232087029576748276,138.30057843624795,24.9893795136852,8,0.16,4,0.4445885053284906,11,0.8,1.3,5.0,0.5812307199400002,0.8940132137723502,1471,1471,1418,True,ok
12,25,Drowsy,60,processed,20,15994634728656507571,138.30057843624795,24.9893795136852,8,0.16,4,0.4445885053284906,11,0.8,1.3,5.0,0.566110497129852,0.8400820330113467,1471,1471,1412,True,ok
12,25,Drowsy,60,processed,21,306703589761954075,138.30057843624795,24.9893795136852,8,0.16,4,0.4445885053284906,11,0.8,1.3,5.0,0.553377084638261,0.8446542574874513,1471,1471,1414,True,ok
12,25,Drowsy,60,processed,22,6249477028759563243,138.30057843624795,24.9893795136852,8,0.16,4,0.4445885053284906,11,0.8,1.3,5.0,0.612454919868221,0.848864460901802,1471,1471,1428,True,ok
12,25,Drowsy,60,processed,23,11872104795719981525,138.30057843624795,24.9893795136852,8,0.16,4,0.4445885053284906,11,0.8,1.3,5.0,0.5247935409761846,0.8778211306214019,1471,1471,1412,True,ok
12,25,Drowsy,60,processed,24,5824037996209119826,138.30057843624795,24.9893795136852,8,0.16,4,0.4445885053284906,11,0.8,1.3,5.0,0.618940948189234,0.8333870781325617,1471,1471,1399,True,ok
12,25,Drowsy,60,processed,25,11104188061949307863,138.30057843624795,24.9893795136852,8,0.16,4,0.4445885053284906,11,0.8,1.3,5.0,0.5879025620732871,0.865497911706619,1471,1471,1417,True,ok
12,25,Drowsy,60,processed,26,4985751947058249408,138.30057843624795,24.9893795136852,8,0.16,4,0.4445885053284906,11,0.8,1.3,5.0,0.5555552541053432,0.8679623516542433,1471,1471,1416,True,ok
12,25,Drowsy,60,processed,27,15180120905850145764,138.30057843624795,24.9893795136852,8,0.16,4,0.4445885053284906,11,0.8,1.3,5.0,0.5890650670001997,0.7942000713075197,1471,1471,1412,True,ok
12,25,Drowsy,60,processed,28,11905624398009860283,138.30057843624795,24.9893795136852,8,0.16,4,0.4445885053284906,11,0.8,1.3,5.0,0.5827226424704283,0.7969069618502651,1471,1471,1400,True,ok
12,25,Drowsy,60,processed,29,5277334058431327022,138.30057843624795,24.9893795136852,8,0.16,4,0.4445885053284906,11,0.8,1.3,5.0,0.5643135446055466,0.8361830983316088,1471,1471,1389,True,ok
12,25,Drowsy,60,processed,30,3728733565701240818,138.30057843624795,24.9893795136852,8,0.16,4,0.4445885053284906,11,0.8,1.3,5.0,0.6063987046780368,0.7448586612733751,1471,1471,1411,True,ok
12,25,Drowsy,60,processed,31,1373658458902112141,138.30057843624795,24.9893795136852,8,0.16,4,0.4445885053284906,11,0.8,1.3,5.0,0.5223698812074107,0.8327489084328477,1471,1471,1384,True,ok
12,25,Drowsy,60,processed,32,1203607906687150838,138.30057843624795,24.9893795136852,8,0.16,4,0.4445885053284906,11,0.8,1.3,5.0,0.5680975848206372,0.844551688173947,1471,1471,1408,True,ok
12,25,Drowsy,60,processed,33,18107769838907384810,138.30057843624795,24.9893795136852,8,0.16,4,0.4445885053284906,11,0.8,1.3,5.0,0.5705623620725505,0.7862827604655893,1471,1471,1416,True,ok
12,25,Drowsy,60,processed,34,355695063691594604,138.30057843624795,24.9893795136852,8,0.16,4,0.4445885053284906,11,0.8,1.3,5.0,0.6072930808031821,0.8002069530404915,1471,1471,1406,True,ok
12,25,Drowsy,60,processed,35,15299474740030611805,138.30057843624795,24.9893795136852,8,0.16,4,0.4445885053284906,11,0.8,1.3,5.0,0.6208351456482991,0.9116165682253096,1471,1471,1425,True,ok
12,25,Drowsy,60,processed,36,193550353960306230,138.30057843624795,24.9893795136852,8,0.16,4,0.4445885053284906,11,0.8,1.3,5.0,0.5579257781012127,0.8979056800608367,1471,1471,1411,True,ok
12,25,Drowsy,60,processed,37,18347634137109209082,138.30057843624795,24.9893795136852,8,0.16,4,0.4445885053284906,11,0.8,1.3,5.0,0.5729207844723073,0.8502486857525258,1471,1471,1394,True,ok
12,25,Drowsy,60,processed,38,7280977280435868852,138.30057843624795,24.9893795136852,8,0.16,4,0.4445885053284906,11,0.8,1.3,5.0,0.5623839749044726,0.8853075813786934,1471,1471,1417,True,ok
12,25,Drowsy,60,processed,39,18441967574993512756,138.30057843624795,24.9893795136852,8,0.16,4,0.4445885053284906,11,0.8,1.3,5.0,0.5528826012393168,0.8727444070407961,1471,1471,1411,True,ok
12,26,Drowsy,60,processed,1,15293173969515259277,115.00613197126222,24.9893795136852,8,0.16,4,0.4149462950816019,10,0.8,1.3,5.0,0.5510574303703134,0.8563548051675072,1471,1471,1415,True,ok
12,26,Drowsy,60,processed,2,14094786139845781951,115.00613197126222,24.9893795136852,8,0.16,4,0.4149462950816019,10,0.8,1.3,5.0,0.5955698442049748,0.8817034167042967,1471,1471,1394,True,ok
12,26,Drowsy,60,processed,3,13374822408039545425,115.00613197126222,24.9893795136852,8,0.16,4,0.4149462950816019,10,0.8,1.3,5.0,0.5774970259350105,0.8943677349778154,1471,1471,1387,True,ok
12,26,Drowsy,60,processed,4,13360178253144020990,115.00613197126222,24.9893795136852,8,0.16,4,0.4149462950816019,10,0.8,1.3,5.0,0.5983538346408793,0.7489129055248036,1471,1471,1411,True,ok
12,26,Drowsy,60,processed,5,15634143817570995539,115.00613197126222,24.9893795136852,8,0.16,4,0.4149462950816019,10,0.8,1.3,5.0,0.6027118493926595,0.8194941675860719,1471,1471,1399,True,ok
12,26,Drowsy,60,processed,6,6659130188703112822,115.00613197126222,24.9893795136852,8,0.16,4,0.4149462950816019,10,0.8,1.3,5.0,0.614145954715073,0.9185228117396202,1471,1471,1403,True,ok
12,26,Drowsy,60,processed,7,12648096337135338787,115.00613197126222,24.9893795136852,8,0.16,4,0.4149462950816019,10,0.8,1.3,5.0,0.6280729522598252,0.9161406755724602,1471,1471,1401,True,ok
12,26,Drowsy,60,processed,8,9028958145664386767,115.00613197126222,24.9893795136852,8,0.16,4,0.4149462950816019,10,0.8,1.3,5.0,0.6376266456520355,0.8454669743996828,1471,1471,1416,True,ok
12,26,Drowsy,60,processed,9,9091351181534176350,115.00613197126222,24.9893795136852,8,0.16,4,0.4149462950816019,10,0.8,1.3,5.0,0.6661393048728473,0.8761886282285001,1471,1471,1425,True,ok
12,26,Drowsy,60,processed,10,11073006536851643245,115.00613197126222,24.9893795136852,8,0.16,4,0.4149462950816019,10,0.8,1.3,5.0,0.6068100563966307,0.8831100317364982,1471,1471,1411,True,ok
12,26,Drowsy,60,processed,11,16623897144005499004,115.00613197126222,24.9893795136852,8,0.16,4,0.4149462950816019,10,0.8,1.3,5.0,0.5750147487494729,0.8282663045335682,1471,1471,1396,True,ok
12,26,Drowsy,60,processed,12,8484848905736709203,115.00613197126222,24.9893795136852,8,0.16,4,0.4149462950816019,10,0.8,1.3,5.0,0.5830737803411031,0.8699004600889699,1471,1471,1425,True,ok
12,26,Drowsy,60,processed,13,3859106899021930587,115.00613197126222,24.9893795136852,8,0.16,4,0.4149462950816019,10,0.8,1.3,5.0,0.6080663967185702,0.7694699329004865,1471,1471,1405,True,ok
12,26,Drowsy,60,processed,14,15419099838817748972,115.00613197126222,24.9893795136852,8,0.16,4,0.4149462950816019,10,0.8,1.3,5.0,0.6245861724185621,0.8269812631770116,1471,1471,1414,True,ok
12,26,Drowsy,60,processed,15,15419017009456161888,115.00613197126222,24.9893795136852,8,0.16,4,0.4149462950816019,10,0.8,1.3,5.0,0.5723732165791142,0.8549358570181939,1471,1471,1407,True,ok
12,26,Drowsy,60,processed,16,4382981198840701763,115.00613197126222,24.9893795136852,8,0.16,4,0.4149462950816019,10,0.8,1.3,5.0,0.6702584073087035,0.8353680969156565,1471,1471,1379,True,ok
12,26,Drowsy,60,processed,17,8720118025448177048,115.00613197126222,24.9893795136852,8,0.16,4,0.4149462950816019,10,0.8,1.3,5.0,0.6530168047259638,0.7914022824105973,1471,1471,1400,True,ok
12,26,Drowsy,60,processed,18,13534386414960535688,115.00613197126222,24.9893795136852,8,0.16,4,0.4149462950816019,10,0.8,1.3,5.0,0.6125699332845963,0.8555391199805681,1471,1471,1409,True,ok
12,26,Drowsy,60,processed,19,15965337461099376348,115.00613197126222,24.9893795136852,8,0.16,4,0.4149462950816019,10,0.8,1.3,5.0,0.6382017797349163,0.8178763625982586,1471,1471,1423,True,ok
12,26,Drowsy,60,processed,20,14215030313055190174,115.00613197126222,24.9893795136852,8,0.16,4,0.4149462950816019,10,0.8,1.3,5.0,0.6322998352524145,0.7861230436153787,1471,1471,1407,True,ok
12,26,Drowsy,60,processed,21,103462649685299347,115.00613197126222,24.9893795136852,8,0.16,4,0.4149462950816019,10,0.8,1.3,5.0,0.6170492467813333,0.7598639685453227,1471,1471,1410,True,ok
12,26,Drowsy,60,processed,22,15957489626561008248,115.00613197126222,24.9893795136852,8,0.16,4,0.4149462950816019,10,0.8,1.3,5.0,0.6481881314707297,0.8243536725685137,1471,1471,1406,True,ok
12,26,Drowsy,60,processed,23,9794827285438398883,115.00613197126222,24.9893795136852,8,0.16,4,0.4149462950816019,10,0.8,1.3,5.0,0.5617753437771741,0.8754357736698853,1471,1471,1385,True,ok
12,26,Drowsy,60,processed,24,11069822571503208828,115.00613197126222,24.9893795136852,8,0.16,4,0.4149462950816019,10,0.8,1.3,5.0,0.582349604196653,0.7445085644806019,1471,1471,1430,True,ok
12,26,Drowsy,60,processed,25,4122600972297775485,115.00613197126222,24.9893795136852,8,0.16,4,0.4149462950816019,10,0.8,1.3,5.0,0.5911432157189855,0.8178294219637375,1471,1471,1417,True,ok
12,26,Drowsy,60,processed,26,14136176517761694565,115.00613197126222,24.9893795136852,8,0.16,4,0.4149462950816019,10,0.8,1.3,5.0,0.5822301198124603,0.8134006954004256,1471,1471,1401,True,ok
12,26,Drowsy,60,processed,27,17477783010795468557,115.00613197126222,24.9893795136852,8,0.16,4,0.4149462950816019,10,0.8,1.3,5.0,0.6227567013312066,0.8259755368506777,1471,1471,1412,True,ok
12,26,Drowsy,60,processed,28,8567530189225005179,115.00613197126222,24.9893795136852,8,0.16,4,0.4149462950816019,10,0.8,1.3,5.0,0.5980605017806264,0.894093699756881,1471,1471,1401,True,ok
12,26,Drowsy,60,processed,29,2277345082426074973,115.00613197126222,24.9893795136852,8,0.16,4,0.4149462950816019,10,0.8,1.3,5.0,0.5745586725328188,0.8463246602882604,1471,1471,1409,True,ok
12,26,Drowsy,60,processed,30,10784255868278577759,115.00613197126222,24.9893795136852,8,0.16,4,0.4149462950816019,10,0.8,1.3,5.0,0.6160423975950409,0.911324893629592,1471,1471,1397,True,ok
12,26,Drowsy,60,processed,31,1444651755237121274,115.00613197126222,24.9893795136852,8,0.16,4,0.4149462950816019,10,0.8,1.3,5.0,0.6133377180730667,0.8590987758673838,1471,1471,1403,True,ok
12,26,Drowsy,60,processed,32,12324597778439911072,115.00613197126222,24.9893795136852,8,0.16,4,0.4149462950816019,10,0.8,1.3,5.0,0.6205354988252252,0.8718467370566894,1471,1471,1419,True,ok
12,26,Drowsy,60,processed,33,15071670069335275218,115.00613197126222,24.9893795136852,8,0.16,4,0.4149462950816019,10,0.8,1.3,5.0,0.6624253501062677,0.8742771396515491,1471,1471,1399,True,ok
12,26,Drowsy,60,processed,34,13978361172164366941,115.00613197126222,24.9893795136852,8,0.16,4,0.4149462950816019,10,0.8,1.3,5.0,0.5929793818186925,0.8456300810665235,1471,1471,1402,True,ok
12,26,Drowsy,60,processed,35,2469541820094675456,115.00613197126222,24.9893795136852,8,0.16,4,0.4149462950816019,10,0.8,1.3,5.0,0.6250206310745358,0.9113594725545646,1471,1471,1392,True,ok
12,26,Drowsy,60,processed,36,216258142757325104,115.00613197126222,24.9893795136852,8,0.16,4,0.4149462950816019,10,0.8,1.3,5.0,0.6310869552251296,0.8228066039784973,1471,1471,1422,True,ok
12,26,Drowsy,60,processed,37,6889234735389569943,115.00613197126222,24.9893795136852,8,0.16,4,0.4149462950816019,10,0.8,1.3,5.0,0.6004354254334355,0.8866713972754453,1471,1471,1412,True,ok
12,26,Drowsy,60,processed,38,9821297775381183882,115.00613197126222,24.9893795136852,8,0.16,4,0.4149462950816019,10,0.8,1.3,5.0,0.5396196928475072,0.7755914764509859,1471,1471,1413,True,ok
12,26,Drowsy,60,processed,39,17784223080654346145,115.00613197126222,24.9893795136852,8,0.16,4,0.4149462950816019,10,0.8,1.3,5.0,0.6517495717639156,0.903269730395726,1471,1471,1413,True,ok
12,27,Drowsy,60,processed,1,16756904916457125303,138.30057843624795,24.9893795136852,8,0.16,4,0.4300157989862965,11,0.8,1.3,5.0,0.5489837223264751,0.8553125455982269,1471,1471,1413,True,ok
12,27,Drowsy,60,processed,2,469465842236295975,138.30057843624795,24.9893795136852,8,0.16,4,0.4300157989862965,11,0.8,1.3,5.0,0.551926481418001,0.7340531261127938,1471,1471,1402,True,ok
12,27,Drowsy,60,processed,3,12641984733162518508,138.30057843624795,24.9893795136852,8,0.16,4,0.4300157989862965,11,0.8,1.3,5.0,0.5365524298329628,0.8296160145491089,1471,1471,1405,True,ok
12,27,Drowsy,60,processed,4,17899501098060712816,138.30057843624795,24.9893795136852,8,0.16,4,0.4300157989862965,11,0.8,1.3,5.0,0.5556009342596131,0.8922176509525871,1471,1471,1412,True,ok
12,27,Drowsy,60,processed,5,9120185194543149558,138.30057843624795,24.9893795136852,8,0.16,4,0.4300157989862965,11,0.8,1.3,5.0,0.5598178587175384,0.7956005709804778,1471,1471,1421,True,ok
12,27,Drowsy,60,processed,6,16292324064479270890,138.30057843624795,24.9893795136852,8,0.16,4,0.4300157989862965,11,0.8,1.3,5.0,0.5615633505050516,0.8632544252695866,1471,1471,1434,True,ok
12,27,Drowsy,60,processed,7,793625049307165283,138.30057843624795,24.9893795136852,8,0.16,4,0.4300157989862965,11,0.8,1.3,5.0,0.6024877691842034,0.8732574988186357,1471,1471,1403,True,ok
12,27,Drowsy,60,processed,8,3842066758924664310,138.30057843624795,24.9893795136852,8,0.16,4,0.4300157989862965,11,0.8,1.3,5.0,0.5471604331138957,0.7104205150311279,1471,1471,1429,True,ok
12,27,Drowsy,60,processed,9,18234347792526485894,138.30057843624795,24.9893795136852,8,0.16,4,0.4300157989862965,11,0.8,1.3,5.0,0.516042955588654,0.744248769117295,1471,1471,1407,True,ok
12,27,Drowsy,60,processed,10,2068194809423998984,138.30057843624795,24.9893795136852,8,0.16,4,0.4300157989862965,11,0.8,1.3,5.0,0.5299290431639114,0.8741367959857446,1471,1471,1397,True,ok
12,27,Drowsy,60,processed,11,1951864691927150026,138.30057843624795,24.9893795136852,8,0.16,4,0.4300157989862965,11,0.8,1.3,5.0,0.5402266615393466,0.7966616832492384,1471,1471,1409,True,ok
12,27,Drowsy,60,processed,12,17154264106920514321,138.30057843624795,24.9893795136852,8,0.16,4,0.4300157989862965,11,0.8,1.3,5.0,0.5809892963371087,0.823991212591982,1471,1471,1393,True,ok
12,27,Drowsy,60,processed,13,8763610299484670612,138.30057843624795,24.9893795136852,8,0.16,4,0.4300157989862965,11,0.8,1.3,5.0,0.5497346165804292,0.8464184486073154,1471,1471,1387,True,ok
12,27,Drowsy,60,processed,14,1202482997724411303,138.30057843624795,24.9893795136852,8,0.16,4,0.4300157989862965,11,0.8,1.3,5.0,0.5676478054301876,0.8912204357385012,1471,1471,1413,True,ok
12,27,Drowsy,60,processed,15,13877782943768780951,138.30057843624795,24.9893795136852,8,0.16,4,0.4300157989862965,11,0.8,1.3,5.0,0.5792721015232252,0.8805651188178162,1471,1471,1409,True,ok
12,27,Drowsy,60,processed,16,6540217850474643618,138.30057843624795,24.9893795136852,8,0.16,4,0.4300157989862965,11,0.8,1.3,5.0,0.6108756496200364,0.8438897503058794,1471,1471,1405,True,ok
12,27,Drowsy,60,processed,17,17250775802897482999,138.30057843624795,24.9893795136852,8,0.16,4,0.4300157989862965,11,0.8,1.3,5.0,0.5674772244624338,0.827592131919926,1471,1471,1418,True,ok
12,27,Drowsy,60,processed,18,17544110467307881793,138.30057843624795,24.9893795136852,8,0.16,4,0.4300157989862965,11,0.8,1.3,5.0,0.5762516921242635,0.8677790620634155,1471,1471,1395,True,ok
12,27,Drowsy,60,processed,19,13468661170396674448,138.30057843624795,24.9893795136852,8,0.16,4,0.4300157989862965,11,0.8,1.3,5.0,0.5126282656075688,0.8266155103094667,1471,1471,1411,True,ok
12,27,Drowsy,60,processed,20,209325521409289937,138.30057843624795,24.9893795136852,8,0.16,4,0.4300157989862965,11,0.8,1.3,5.0,0.5323955893765504,0.7841681097203058,1471,1471,1398,True,ok
12,27,Drowsy,60,processed,21,16261558740148795432,138.30057843624795,24.9893795136852,8,0.16,4,0.4300157989862965,11,0.8,1.3,5.0,0.5208271408846894,0.865486426126709,1471,1471,1422,True,ok
12,27,Drowsy,60,processed,22,6293028437130734588,138.30057843624795,24.9893795136852,8,0.16,4,0.4300157989862965,11,0.8,1.3,5.0,0.5557673451809612,0.6410316645769274,1471,1471,1423,True,ok
12,27,Drowsy,60,processed,23,619129614808998984,138.30057843624795,24.9893795136852,8,0.16,4,0.4300157989862965,11,0.8,1.3,5.0,0.6262020791236841,0.8999130668700904,1471,1471,1410,True,ok
12,27,Drowsy,60,processed,24,8851554709834740722,138.30057843624795,24.9893795136852,8,0.16,4,0.4300157989862965,11,0.8,1.3,5.0,0.6016647408114554,0.8535555069404078,1471,1471,1429,True,ok
12,27,Drowsy,60,processed,25,15248717515331580970,138.30057843624795,24.9893795136852,8,0.16,4,0.4300157989862965,11,0.8,1.3,5.0,0.5312390068786219,0.7725056983849473,1471,1471,1411,True,ok
12,27,Drowsy,60,processed,26,5163778643378943638,138.30057843624795,24.9893795136852,8,0.16,4,0.4300157989862965,11,0.8,1.3,5.0,0.5712371833223482,0.87486412753096,1471,1471,1406,True,ok
12,27,Drowsy,60,processed,27,12200120999581586065,138.30057843624795,24.9893795136852,8,0.16,4,0.4300157989862965,11,0.8,1.3,5.0,0.5768318859553753,0.8361439776794265,1471,1471,1401,True,ok
12,27,Drowsy,60,processed,28,17848553781819584306,138.30057843624795,24.9893795136852,8,0.16,4,0.4300157989862965,11,0.8,1.3,5.0,0.5246944364399477,0.7722903004148504,1471,1471,1412,True,ok
12,27,Drowsy,60,processed,29,11923351952282247934,138.30057843624795,24.9893795136852,8,0.16,4,0.4300157989862965,11,0.8,1.3,5.0,0.5632424796655509,0.8206849722244169,1471,1471,1402,True,ok
12,27,Drowsy,60,processed,30,2503008306303822434,138.30057843624795,24.9893795136852,8,0.16,4,0.4300157989862965,11,0.8,1.3,5.0,0.5147676224877044,0.8344453951777672,1471,1471,1395,True,ok
12,27,Drowsy,60,processed,31,14323432554362997661,138.30057843624795,24.9893795136852,8,0.16,4,0.4300157989862965,11,0.8,1.3,5.0,0.5520903004481635,0.8089805048378449,1471,1471,1406,True,ok
12,27,Drowsy,60,processed,32,6025068265063273711,138.30057843624795,24.9893795136852,8,0.16,4,0.4300157989862965,11,0.8,1.3,5.0,0.5795492004338043,0.8250048236096416,1471,1471,1409,True,ok
12,27,Drowsy,60,processed,33,4778284584839985709,138.30057843624795,24.9893795136852,8,0.16,4,0.4300157989862965,11,0.8,1.3,5.0,0.6274685622780981,0.8745741299000355,1471,1471,1421,True,ok
12,27,Drowsy,60,processed,34,17346486794276424338,138.30057843624795,24.9893795136852,8,0.16,4,0.4300157989862965,11,0.8,1.3,5.0,0.5872032133040948,0.7882597295731543,1471,1471,1378,True,ok
12,27,Drowsy,60,processed,35,12245802772114364202,138.30057843624795,24.9893795136852,8,0.16,4,0.4300157989862965,11,0.8,1.3,5.0,0.5767192368035854,0.8332492794940923,1471,1471,1409,True,ok
12,27,Drowsy,60,processed,36,5424828877115093693,138.30057843624795,24.9893795136852,8,0.16,4,0.4300157989862965,11,0.8,1.3,5.0,0.5687027747147665,0.8678430016268839,1471,1471,1387,True,ok
12,27,Drowsy,60,processed,37,11305781462228779523,138.30057843624795,24.9893795136852,8,0.16,4,0.4300157989862965,11,0.8,1.3,5.0,0.5642999787549858,0.878376357389224,1471,1471,1418,True,ok
12,27,Drowsy,60,processed,38,133888640666706362,138.30057843624795,24.9893795136852,8,0.16,4,0.4300157989862965,11,0.8,1.3,5.0,0.6021833598507376,0.883216861328209,1471,1471,1410,True,ok
12,27,Drowsy,60,processed,39,1915032352665107666,138.30057843624795,24.9893795136852,8,0.16,4,0.4300157989862965,11,0.8,1.3,5.0,0.5693845898629768,0.8894270281802851,1471,1471,1416,True,ok
12,28,Awake,60,processed,1,17974274596209845661,138.30057843624795,24.9893795136852,8,0.16,4,0.4307772236369087,11,0.8,1.3,5.0,0.6158283998559025,0.7805517646055169,1471,1471,1392,True,ok
12,28,Awake,60,processed,2,6451142812338943366,138.30057843624795,24.9893795136852,8,0.16,4,0.4307772236369087,11,0.8,1.3,5.0,0.49319098704907344,0.7963795856687974,1471,1471,1400,True,ok
12,28,Awake,60,processed,3,7978494112573475389,138.30057843624795,24.9893795136852,8,0.16,4,0.4307772236369087,11,0.8,1.3,5.0,0.570709773717668,0.8479259855439275,1471,1471,1389,True,ok
12,28,Awake,60,processed,4,17657068980092156429,138.30057843624795,24.9893795136852,8,0.16,4,0.4307772236369087,11,0.8,1.3,5.0,0.5021088153439063,0.8063445223731642,1471,1471,1405,True,ok
12,28,Awake,60,processed,5,16906942732693089214,138.30057843624795,24.9893795136852,8,0.16,4,0.4307772236369087,11,0.8,1.3,5.0,0.5347105576809104,0.8665556275980686,1471,1471,1411,True,ok
12,28,Awake,60,processed,6,4658217720068959911,138.30057843624795,24.9893795136852,8,0.16,4,0.4307772236369087,11,0.8,1.3,5.0,0.5414486460800776,0.8246734348706787,1471,1471,1389,True,ok
12,28,Awake,60,processed,7,6022916077701442580,138.30057843624795,24.9893795136852,8,0.16,4,0.4307772236369087,11,0.8,1.3,5.0,0.5432225050739644,0.815646237049888,1471,1471,1417,True,ok
12,28,Awake,60,processed,8,9338496761773658143,138.30057843624795,24.9893795136852,8,0.16,4,0.4307772236369087,11,0.8,1.3,5.0,0.5358881496075326,0.7413028575771705,1471,1471,1419,True,ok
12,28,Awake,60,processed,9,11560446513270866492,138.30057843624795,24.9893795136852,8,0.16,4,0.4307772236369087,11,0.8,1.3,5.0,0.524703520248786,0.747043195529846,1471,1471,1409,True,ok
12,28,Awake,60,processed,10,15557806581733363573,138.30057843624795,24.9893795136852,8,0.16,4,0.4307772236369087,11,0.8,1.3,5.0,0.5489632170745476,0.7833435731444813,1471,1471,1419,True,ok
12,28,Awake,60,processed,11,14122187363030827699,138.30057843624795,24.9893795136852,8,0.16,4,0.4307772236369087,11,0.8,1.3,5.0,0.5343420550346623,0.8678509563477568,1471,1471,1396,True,ok
12,28,Awake,60,processed,12,14634452165473557587,138.30057843624795,24.9893795136852,8,0.16,4,0.4307772236369087,11,0.8,1.3,5.0,0.5357345977116299,0.6984206412901354,1471,1471,1401,True,ok
12,28,Awake,60,processed,13,8803732214909650428,138.30057843624795,24.9893795136852,8,0.16,4,0.4307772236369087,11,0.8,1.3,5.0,0.4947327173311958,0.7837404711273827,1471,1471,1391,True,ok
12,28,Awake,60,processed,14,102402447920123050,138.30057843624795,24.9893795136852,8,0.16,4,0.4307772236369087,11,0.8,1.3,5.0,0.5654097821132056,0.7741048239307241,1471,1471,1418,True,ok
12,28,Awake,60,processed,15,15550843314742851672,138.30057843624795,24.9893795136852,8,0.16,4,0.4307772236369087,11,0.8,1.3,5.0,0.502805086064,0.7524132965702494,1471,1471,1426,True,ok
12,28,Awake,60,processed,16,17596520734548797125,138.30057843624795,24.9893795136852,8,0.16,4,0.4307772236369087,11,0.8,1.3,5.0,0.5032022674466675,0.7378975110212151,1471,1471,1395,True,ok
12,28,Awake,60,processed,17,17323158500591164426,138.30057843624795,24.9893795136852,8,0.16,4,0.4307772236369087,11,0.8,1.3,5.0,0.49303926117270824,0.8551242071467531,1471,1471,1406,True,ok
12,28,Awake,60,processed,18,1205239934019131718,138.30057843624795,24.9893795136852,8,0.16,4,0.4307772236369087,11,0.8,1.3,5.0,0.5422103813144478,0.7607124806002115,1471,1471,1436,True,ok
12,28,Awake,60,processed,19,11422171206648496131,138.30057843624795,24.9893795136852,8,0.16,4,0.4307772236369087,11,0.8,1.3,5.0,0.5038244040750957,0.7420580720151654,1471,1471,1395,True,ok
12,28,Awake,60,processed,20,11645126207461003681,138.30057843624795,24.9893795136852,8,0.16,4,0.4307772236369087,11,0.8,1.3,5.0,0.5209611413250878,0.8191877523618183,1471,1471,1384,True,ok
12,28,Awake,60,processed,21,7614555937873005905,138.30057843624795,24.9893795136852,8,0.16,4,0.4307772236369087,11,0.8,1.3,5.0,0.5118968006530374,0.736427766695818,1471,1471,1416,True,ok
12,28,Awake,60,processed,22,17089584218239279008,138.30057843624795,24.9893795136852,8,0.16,4,0.4307772236369087,11,0.8,1.3,5.0,0.4937358925610155,0.8407570670489128,1471,1471,1391,True,ok
12,28,Awake,60,processed,23,5407297186304891394,138.30057843624795,24.9893795136852,8,0.16,4,0.4307772236369087,11,0.8,1.3,5.0,0.5063057103113437,0.7248698498440391,1471,1471,1413,True,ok
12,28,Awake,60,processed,24,13850116350999001370,138.30057843624795,24.9893795136852,8,0.16,4,0.4307772236369087,11,0.8,1.3,5.0,0.5410528107087951,0.7939201601040603,1471,1471,1408,True,ok
12,28,Awake,60,processed,25,3717681560772804958,138.30057843624795,24.9893795136852,8,0.16,4,0.4307772236369087,11,0.8,1.3,5.0,0.4916279007395996,0.8269375993286063,1471,1471,1416,True,ok
12,28,Awake,60,processed,26,15562440971708894934,138.30057843624795,24.9893795136852,8,0.16,4,0.4307772236369087,11,0.8,1.3,5.0,0.5325090648444066,0.8315807003904563,1471,1471,1410,True,ok
12,28,Awake,60,processed,27,1545633585060004908,138.30057843624795,24.9893795136852,8,0.16,4,0.4307772236369087,11,0.8,1.3,5.0,0.5532707766284287,0.7665980277980463,1471,1465,1383,True,ok
12,28,Awake,60,processed,28,10499479530149860865,138.30057843624795,24.9893795136852,8,0.16,4,0.4307772236369087,11,0.8,1.3,5.0,0.5988263402666993,0.8513662607810429,1471,1471,1416,True,ok
12,28,Awake,60,processed,29,12633673263186494392,138.30057843624795,24.9893795136852,8,0.16,4,0.4307772236369087,11,0.8,1.3,5.0,0.5159412424798949,0.8651823755066375,1471,1471,1415,True,ok
12,28,Awake,60,processed,30,6578958712132831874,138.30057843624795,24.9893795136852,8,0.16,4,0.4307772236369087,11,0.8,1.3,5.0,0.5364112739563401,0.813787014598035,1471,1471,1409,True,ok
12,28,Awake,60,processed,31,10234685573043342126,138.30057843624795,24.9893795136852,8,0.16,4,0.4307772236369087,11,0.8,1.3,5.0,0.5058557745666226,0.8455556479117804,1471,1471,1411,True,ok
12,28,Awake,60,processed,32,10195363935339820309,138.30057843624795,24.9893795136852,8,0.16,4,0.4307772236369087,11,0.8,1.3,5.0,0.4973809350440133,0.8346076749071707,1471,1471,1418,True,ok
12,28,Awake,60,processed,33,15974682918537188829,138.30057843624795,24.9893795136852,8,0.16,4,0.4307772236369087,11,0.8,1.3,5.0,0.4610937554534325,0.8289167589863433,1471,1471,1408,True,ok
12,28,Awake,60,processed,34,2023310526337040338,138.30057843624795,24.9893795136852,8,0.16,4,0.4307772236369087,11,0.8,1.3,5.0,0.476577312120618,0.660076914805316,1471,1471,1402,True,ok
12,28,Awake,60,processed,35,976216828557339253,138.30057843624795,24.9893795136852,8,0.16,4,0.4307772236369087,11,0.8,1.3,5.0,0.49468457438844193,0.7610640734093788,1471,1471,1415,True,ok
12,28,Awake,60,processed,36,15479113771303302665,138.30057843624795,24.9893795136852,8,0.16,4,0.4307772236369087,11,0.8,1.3,5.0,0.5611412195733572,0.7333312430159993,1471,1471,1388,True,ok
12,28,Awake,60,processed,37,12864178397951009547,138.30057843624795,24.9893795136852,8,0.16,4,0.4307772236369087,11,0.8,1.3,5.0,0.5163412856824462,0.7252786460026573,1471,1471,1409,True,ok
12,28,Awake,60,processed,38,1066562628630609145,138.30057843624795,24.9893795136852,8,0.16,4,0.4307772236369087,11,0.8,1.3,5.0,0.5197426363585336,0.7743747358839753,1471,1471,1407,True,ok
12,28,Awake,60,processed,39,3639067546833525739,138.30057843624795,24.9893795136852,8,0.16,4,0.4307772236369087,11,0.8,1.3,5.0,0.524359273916506,0.8539650008579166,1471,1471,1399,True,ok
12,29,Awake,60,processed,1,111418614474180430,115.00613197126222,24.9893795136852,8,0.16,4,0.4571633212209487,11,0.8,1.3,5.0,0.6707547301005939,0.9198257771435228,1471,1471,1420,True,ok
12,29,Awake,60,processed,2,16963229538972781824,115.00613197126222,24.9893795136852,8,0.16,4,0.4571633212209487,11,0.8,1.3,5.0,0.6224276465985736,0.8125805578984392,1471,1471,1428,True,ok
12,29,Awake,60,processed,3,8491346874664885937,115.00613197126222,24.9893795136852,8,0.16,4,0.4571633212209487,11,0.8,1.3,5.0,0.6208691048512998,0.8447664427741405,1471,1471,1423,True,ok
12,29,Awake,60,processed,4,5502664361350647164,115.00613197126222,24.9893795136852,8,0.16,4,0.4571633212209487,11,0.8,1.3,5.0,0.6325669157122468,0.8106409979586401,1471,1471,1410,True,ok
12,29,Awake,60,processed,5,1123899747490332463,115.00613197126222,24.9893795136852,8,0.16,4,0.4571633212209487,11,0.8,1.3,5.0,0.6476721478210986,0.8921081992611872,1471,1471,1406,True,ok
12,29,Awake,60,processed,6,13683026851005777072,115.00613197126222,24.9893795136852,8,0.16,4,0.4571633212209487,11,0.8,1.3,5.0,0.6314919226774884,0.8864185199404333,1471,1471,1408,True,ok
12,29,Awake,60,processed,7,13690536189635733602,115.00613197126222,24.9893795136852,8,0.16,4,0.4571633212209487,11,0.8,1.3,5.0,0.5715823487229785,0.8670524754755083,1471,1471,1394,True,ok
12,29,Awake,60,processed,8,17598016033378196922,115.00613197126222,24.9893795136852,8,0.16,4,0.4571633212209487,11,0.8,1.3,5.0,0.6073289448032081,0.8693268744211993,1471,1471,1395,True,ok
12,29,Awake,60,processed,9,2656656584746905789,115.00613197126222,24.9893795136852,8,0.16,4,0.4571633212209487,11,0.8,1.3,5.0,0.5876272218994268,0.8714790834481425,1471,1471,1408,True,ok
12,29,Awake,60,processed,10,15541267201101415772,115.00613197126222,24.9893795136852,8,0.16,4,0.4571633212209487,11,0.8,1.3,5.0,0.7775610853871049,0.8973796134586044,1471,1471,1406,True,ok
12,29,Awake,60,processed,11,17822482323193955129,115.00613197126222,24.9893795136852,8,0.16,4,0.4571633212209487,11,0.8,1.3,5.0,0.6167162961698258,0.9247728039022809,1471,1471,1409,True,ok
12,29,Awake,60,processed,12,9676112426073057598,115.00613197126222,24.9893795136852,8,0.16,4,0.4571633212209487,11,0.8,1.3,5.0,0.614245203317798,0.8837755929831235,1471,1471,1406,True,ok
12,29,Awake,60,processed,13,9060424952250803057,115.00613197126222,24.9893795136852,8,0.16,4,0.4571633212209487,11,0.8,1.3,5.0,0.685693731600254,0.7832010555957052,1471,1471,1417,True,ok
12,29,Awake,60,processed,14,9024537162697580882,115.00613197126222,24.9893795136852,8,0.16,4,0.4571633212209487,11,0.8,1.3,5.0,0.6163075286122514,0.9429237861676493,1471,1471,1407,True,ok
12,29,Awake,60,processed,15,15062394212490303627,115.00613197126222,24.9893795136852,8,0.16,4,0.4571633212209487,11,0.8,1.3,5.0,0.6004897326840423,0.8847415878504804,1471,1471,1389,True,ok
12,29,Awake,60,processed,16,1382650596928019818,115.00613197126222,24.9893795136852,8,0.16,4,0.4571633212209487,11,0.8,1.3,5.0,0.5894655369752133,0.8591471092104755,1471,1471,1416,True,ok
12,29,Awake,60,processed,17,6704787466648097669,115.00613197126222,24.9893795136852,8,0.16,4,0.4571633212209487,11,0.8,1.3,5.0,0.559220123853356,0.8416625509420099,1471,1471,1400,True,ok
12,29,Awake,60,processed,18,15217582570649320433,115.00613197126222,24.9893795136852,8,0.16,4,0.4571633212209487,11,0.8,1.3,5.0,0.5605785994744396,0.8334600126311713,1471,1471,1433,True,ok
12,29,Awake,60,processed,19,15933587643653633368,115.00613197126222,24.9893795136852,8,0.16,4,0.4571633212209487,11,0.8,1.3,5.0,0.6410463105425729,0.8717211465716664,1471,1471,1413,True,ok
12,29,Awake,60,processed,20,8376089030595673397,115.00613197126222,24.9893795136852,8,0.16,4,0.4571633212209487,11,0.8,1.3,5.0,0.6353542528400957,0.8358905788326503,1471,1471,1386,True,ok
12,29,Awake,60,processed,21,17826159088911953149,115.00613197126222,24.9893795136852,8,0.16,4,0.4571633212209487,11,0.8,1.3,5.0,0.5583214204456716,0.8812016875078891,1471,1471,1402,True,ok
12,29,Awake,60,processed,22,17350841112341851682,115.00613197126222,24.9893795136852,8,0.16,4,0.4571633212209487,11,0.8,1.3,5.0,0.6447120352466545,0.9121199253736317,1471,1471,1415,True,ok
12,29,Awake,60,processed,23,11737265458459105718,115.00613197126222,24.9893795136852,8,0.16,4,0.4571633212209487,11,0.8,1.3,5.0,0.6532485149268432,0.9425889374800592,1471,1471,1398,True,ok
12,29,Awake,60,processed,24,15645805687244751844,115.00613197126222,24.9893795136852,8,0.16,4,0.4571633212209487,11,0.8,1.3,5.0,0.6716806948796084,0.8916000694245051,1471,1471,1383,True,ok
12,29,Awake,60,processed,25,9124397350079925965,115.00613197126222,24.9893795136852,8,0.16,4,0.4571633212209487,11,0.8,1.3,5.0,0.6083579092265232,0.8738678426906928,1471,1471,1383,True,ok
12,29,Awake,60,processed,26,10681165520556799737,115.00613197126222,24.9893795136852,8,0.16,4,0.4571633212209487,11,0.8,1.3,5.0,0.6541957108973924,0.8891796362501889,1471,1471,1392,True,ok
12,29,Awake,60,processed,27,13043795301903205917,115.00613197126222,24.9893795136852,8,0.16,4,0.4571633212209487,11,0.8,1.3,5.0,0.6311778925803025,0.8101721438872608,1471,1471,1383,True,ok
12,29,Awake,60,processed,28,17421401875298549834,115.00613197126222,24.9893795136852,8,0.16,4,0.4571633212209487,11,0.8,1.3,5.0,0.6187963542371914,0.8286998725971315,1471,1471,1416,True,ok
12,29,Awake,60,processed,29,3544045913211128021,115.00613197126222,24.9893795136852,8,0.16,4,0.4571633212209487,11,0.8,1.3,5.0,0.6163751609006565,0.8345812444692755,1471,1471,1398,True,ok
12,29,Awake,60,processed,30,13691919285586467118,115.00613197126222,24.9893795136852,8,0.16,4,0.4571633212209487,11,0.8,1.3,5.0,0.6935239160360152,0.8702309587860458,1471,1471,1420,True,ok
12,29,Awake,60,processed,31,5653274286910719484,115.00613197126222,24.9893795136852,8,0.16,4,0.4571633212209487,11,0.8,1.3,5.0,0.6350842748167435,0.7784903785099114,1471,1471,1421,True,ok
12,29,Awake,60,processed,32,17511385825006676906,115.00613197126222,24.9893795136852,8,0.16,4,0.4571633212209487,11,0.8,1.3,5.0,0.5534812320702035,0.832832455569961,1471,1471,1420,True,ok
12,29,Awake,60,processed,33,15503543653762091842,115.00613197126222,24.9893795136852,8,0.16,4,0.4571633212209487,11,0.8,1.3,5.0,0.5998504609811645,0.7739242638275731,1471,1471,1414,True,ok
12,29,Awake,60,processed,34,7380187974274518070,115.00613197126222,24.9893795136852,8,0.16,4,0.4571633212209487,11,0.8,1.3,5.0,0.6082385818031717,0.9303745162355149,1471,1471,1415,True,ok
12,29,Awake,60,processed,35,5550518368010298865,115.00613197126222,24.9893795136852,8,0.16,4,0.4571633212209487,11,0.8,1.3,5.0,0.6370453117408138,0.8292286446453114,1471,1471,1399,True,ok
12,29,Awake,60,processed,36,11571400000921881463,115.00613197126222,24.9893795136852,8,0.16,4,0.4571633212209487,11,0.8,1.3,5.0,0.5107019018447495,0.7049426519954789,1471,1471,1421,True,ok
12,29,Awake,60,processed,37,11077713683917274666,115.00613197126222,24.9893795136852,8,0.16,4,0.4571633212209487,11,0.8,1.3,5.0,0.6448291833234061,0.8139818515665957,1471,1471,1418,True,ok
12,29,Awake,60,processed,38,13715302991680886720,115.00613197126222,24.9893795136852,8,0.16,4,0.4571633212209487,11,0.8,1.3,5.0,0.655927469346637,0.8925346256089223,1471,1471,1410,True,ok
12,29,Awake,60,processed,39,6048329472270970114,115.00613197126222,24.9893795136852,8,0.16,4,0.4571633212209487,11,0.8,1.3,5.0,0.6759700799038016,0.8224856407553811,1471,1471,1435,True,ok
12,30,Awake,60,processed,1,10793685647533598171,138.30057843624795,24.9893795136852,8,0.16,4,0.4114172985951309,10,0.8,1.3,5.0,0.534031906430632,0.6919166719441129,1471,1471,1390,True,ok
12,30,Awake,60,processed,2,15757830562241720612,138.30057843624795,24.9893795136852,8,0.16,4,0.4114172985951309,10,0.8,1.3,5.0,0.5559760086077145,0.8796869135014291,1471,1471,1417,True,ok
12,30,Awake,60,processed,3,2768743583202301807,138.30057843624795,24.9893795136852,8,0.16,4,0.4114172985951309,10,0.8,1.3,5.0,0.5807970993057636,0.8289844914771967,1471,1471,1403,True,ok
12,30,Awake,60,processed,4,1691471658202974510,138.30057843624795,24.9893795136852,8,0.16,4,0.4114172985951309,10,0.8,1.3,5.0,0.5686841789796796,0.8162153174083934,1471,1471,1395,True,ok
12,30,Awake,60,processed,5,2162311755877170777,138.30057843624795,24.9893795136852,8,0.16,4,0.4114172985951309,10,0.8,1.3,5.0,0.5290694506492496,0.7484964802108428,1471,1471,1423,True,ok
12,30,Awake,60,processed,6,9548914113884960960,138.30057843624795,24.9893795136852,8,0.16,4,0.4114172985951309,10,0.8,1.3,5.0,0.489599178832917,0.7192003293926278,1471,1471,1409,True,ok
12,30,Awake,60,processed,7,11729864813196339914,138.30057843624795,24.9893795136852,8,0.16,4,0.4114172985951309,10,0.8,1.3,5.0,0.5439931684815161,0.867062502384932,1471,1471,1408,True,ok
12,30,Awake,60,processed,8,921483426499177022,138.30057843624795,24.9893795136852,8,0.16,4,0.4114172985951309,10,0.8,1.3,5.0,0.5591419271107924,0.8785765966413932,1471,1471,1407,True,ok
12,30,Awake,60,processed,9,15879078413843533406,138.30057843624795,24.9893795136852,8,0.16,4,0.4114172985951309,10,0.8,1.3,5.0,0.5190993640642314,0.7468008765848442,1471,1471,1411,True,ok
12,30,Awake,60,processed,10,7282273946951715261,138.30057843624795,24.9893795136852,8,0.16,4,0.4114172985951309,10,0.8,1.3,5.0,0.5447961678133787,0.8083372913566773,1471,1471,1406,True,ok
12,30,Awake,60,processed,11,13965035780076322062,138.30057843624795,24.9893795136852,8,0.16,4,0.4114172985951309,10,0.8,1.3,5.0,0.4902271105309775,0.7603432883173658,1471,1471,1399,True,ok
12,30,Awake,60,processed,12,15962981685281835909,138.30057843624795,24.9893795136852,8,0.16,4,0.4114172985951309,10,0.8,1.3,5.0,0.52409261736589,0.8296785743014895,1471,1471,1407,True,ok
12,30,Awake,60,processed,13,14610898349441936698,138.30057843624795,24.9893795136852,8,0.16,4,0.4114172985951309,10,0.8,1.3,5.0,0.5134616231889785,0.8281199706949699,1471,1471,1399,True,ok
12,30,Awake,60,processed,14,10775258977686924270,138.30057843624795,24.9893795136852,8,0.16,4,0.4114172985951309,10,0.8,1.3,5.0,0.5673517578487508,0.8214887137522174,1471,1471,1411,True,ok
12,30,Awake,60,processed,15,5464722612366568181,138.30057843624795,24.9893795136852,8,0.16,4,0.4114172985951309,10,0.8,1.3,5.0,0.5196425170866317,0.7509122469223543,1471,1471,1396,True,ok
12,30,Awake,60,processed,16,7460529172491840659,138.30057843624795,24.9893795136852,8,0.16,4,0.4114172985951309,10,0.8,1.3,5.0,0.5656994292690898,0.8937343764945099,1471,1471,1403,True,ok
12,30,Awake,60,processed,17,9365440297149884141,138.30057843624795,24.9893795136852,8,0.16,4,0.4114172985951309,10,0.8,1.3,5.0,0.537213953755392,0.8258789020500387,1471,1471,1417,True,ok
12,30,Awake,60,processed,18,7923864546939876419,138.30057843624795,24.9893795136852,8,0.16,4,0.4114172985951309,10,0.8,1.3,5.0,0.5593866911732156,0.7851352190819701,1471,1471,1404,True,ok
12,30,Awake,60,processed,19,479384028175852889,138.30057843624795,24.9893795136852,8,0.16,4,0.4114172985951309,10,0.8,1.3,5.0,0.5315338387598445,0.7783749482941493,1471,1471,1423,True,ok
12,30,Awake,60,processed,20,3946772017718768762,138.30057843624795,24.9893795136852,8,0.16,4,0.4114172985951309,10,0.8,1.3,5.0,0.4852173258194575,0.868427301683589,1471,1471,1420,True,ok
12,30,Awake,60,processed,21,5199461646801552848,138.30057843624795,24.9893795136852,8,0.16,4,0.4114172985951309,10,0.8,1.3,5.0,0.5691986815444023,0.757664510068888,1471,1471,1410,True,ok
12,30,Awake,60,processed,22,16886518897030700270,138.30057843624795,24.9893795136852,8,0.16,4,0.4114172985951309,10,0.8,1.3,5.0,0.5526436035927635,0.840631481488386,1471,1471,1409,True,ok
12,30,Awake,60,processed,23,7474508883999040433,138.30057843624795,24.9893795136852,8,0.16,4,0.4114172985951309,10,0.8,1.3,5.0,0.510183727746886,0.6503516555562605,1471,1471,1416,True,ok
12,30,Awake,60,processed,24,10659943249170377045,138.30057843624795,24.9893795136852,8,0.16,4,0.4114172985951309,10,0.8,1.3,5.0,0.5407823330836351,0.7758716267180842,1471,1471,1414,True,ok
12,30,Awake,60,processed,25,16954101012227468141,138.30057843624795,24.9893795136852,8,0.16,4,0.4114172985951309,10,0.8,1.3,5.0,0.5111931768562121,0.7739767908041241,1471,1471,1418,True,ok
12,30,Awake,60,processed,26,10309500158104711914,138.30057843624795,24.9893795136852,8,0.16,4,0.4114172985951309,10,0.8,1.3,5.0,0.5550697917173042,0.8764057574466465,1471,1471,1414,True,ok
12,30,Awake,60,processed,27,14611592227741095940,138.30057843624795,24.9893795136852,8,0.16,4,0.4114172985951309,10,0.8,1.3,5.0,0.5435288406233054,0.7608936111970909,1471,1471,1411,True,ok
12,30,Awake,60,processed,28,9694864704065949139,138.30057843624795,24.9893795136852,8,0.16,4,0.4114172985951309,10,0.8,1.3,5.0,0.556608802329935,0.7382806963543393,1471,1471,1406,True,ok
12,30,Awake,60,processed,29,17217271380645968161,138.30057843624795,24.9893795136852,8,0.16,4,0.4114172985951309,10,0.8,1.3,5.0,0.5457851761159457,0.6979590219997682,1471,1471,1399,True,ok
12,30,Awake,60,processed,30,10385410967518318014,138.30057843624795,24.9893795136852,8,0.16,4,0.4114172985951309,10,0.8,1.3,5.0,0.5363418569818557,0.6826240605290665,1471,1471,1388,True,ok
12,30,Awake,60,processed,31,3227913530499327895,138.30057843624795,24.9893795136852,8,0.16,4,0.4114172985951309,10,0.8,1.3,5.0,0.5019103390676284,0.7090062322182783,1471,1471,1414,True,ok
12,30,Awake,60,processed,32,2044884438358431618,138.30057843624795,24.9893795136852,8,0.16,4,0.4114172985951309,10,0.8,1.3,5.0,0.606913007600821,0.8293486215919293,1471,1471,1429,True,ok
12,30,Awake,60,processed,33,5185409657681100131,138.30057843624795,24.9893795136852,8,0.16,4,0.4114172985951309,10,0.8,1.3,5.0,0.5153836121756328,0.766904555270273,1471,1471,1408,True,ok
12,30,Awake,60,processed,34,17588060524691144989,138.30057843624795,24.9893795136852,8,0.16,4,0.4114172985951309,10,0.8,1.3,5.0,0.573297191603079,0.8834254671819906,1471,1471,1406,True,ok
12,30,Awake,60,processed,35,13724847770920625441,138.30057843624795,24.9893795136852,8,0.16,4,0.4114172985951309,10,0.8,1.3,5.0,0.5798558759519427,0.8634267851530103,1471,1471,1415,True,ok
12,30,Awake,60,processed,36,12125804649991813975,138.30057843624795,24.9893795136852,8,0.16,4,0.4114172985951309,10,0.8,1.3,5.0,0.5427049805339561,0.7156464000094097,1471,1471,1410,True,ok
12,30,Awake,60,processed,37,8507480673736449476,138.30057843624795,24.9893795136852,8,0.16,4,0.4114172985951309,10,0.8,1.3,5.0,0.5048566811935078,0.7503518198679568,1471,1471,1412,True,ok
12,30,Awake,60,processed,38,17915628502719573922,138.30057843624795,24.9893795136852,8,0.16,4,0.4114172985951309,10,0.8,1.3,5.0,0.5188133661213924,0.8326899491956943,1471,1471,1418,True,ok
12,30,Awake,60,processed,39,11232432684307618858,138.30057843624795,24.9893795136852,8,0.16,4,0.4114172985951309,10,0.8,1.3,5.0,0.5792476173984985,0.7830310702308642,1471,1471,1420,True,ok
12,31,Awake,60,processed,1,193731481279652234,138.30057843624795,24.9893795136852,8,0.16,4,0.4264813773732056,11,0.8,1.3,5.0,0.6414135214231597,0.9223701486134169,1471,1471,1391,True,ok
12,31,Awake,60,processed,2,14633123787253999211,138.30057843624795,24.9893795136852,8,0.16,4,0.4264813773732056,11,0.8,1.3,5.0,0.6025291958256818,0.8349312136811385,1471,1471,1414,True,ok
12,31,Awake,60,processed,3,3457935083980818090,138.30057843624795,24.9893795136852,8,0.16,4,0.4264813773732056,11,0.8,1.3,5.0,0.6688898792321735,0.9033756604899331,1471,1471,1403,True,ok
12,31,Awake,60,processed,4,14270013387500021406,138.30057843624795,24.9893795136852,8,0.16,4,0.4264813773732056,11,0.8,1.3,5.0,0.6507271186151732,0.867106356665257,1471,1471,1397,True,ok
12,31,Awake,60,processed,5,8516081320956225996,138.30057843624795,24.9893795136852,8,0.16,4,0.4264813773732056,11,0.8,1.3,5.0,0.6322740086750142,0.9422841999651542,1471,1471,1404,True,ok
12,31,Awake,60,processed,6,18086781322446447299,138.30057843624795,24.9893795136852,8,0.16,4,0.4264813773732056,11,0.8,1.3,5.0,0.5786506395803536,0.8349280235293292,1471,1471,1415,True,ok
12,31,Awake,60,processed,7,14287910766843590953,138.30057843624795,24.9893795136852,8,0.16,4,0.4264813773732056,11,0.8,1.3,5.0,0.5922102837466087,0.8997841155947813,1471,1471,1421,True,ok
12,31,Awake,60,processed,8,496761488239302969,138.30057843624795,24.9893795136852,8,0.16,4,0.4264813773732056,11,0.8,1.3,5.0,0.604773568975208,0.9542987368289731,1471,1471,1419,True,ok
12,31,Awake,60,processed,9,6092434436141620515,138.30057843624795,24.9893795136852,8,0.16,4,0.4264813773732056,11,0.8,1.3,5.0,0.5375132660724518,0.8594556856961628,1471,1471,1415,True,ok
12,31,Awake,60,processed,10,17139366846205624278,138.30057843624795,24.9893795136852,8,0.16,4,0.4264813773732056,11,0.8,1.3,5.0,0.6133842421786901,0.8303616110092824,1471,1471,1407,True,ok
12,31,Awake,60,processed,11,14242387074162594462,138.30057843624795,24.9893795136852,8,0.16,4,0.4264813773732056,11,0.8,1.3,5.0,0.6703764071349414,0.8614509601764658,1471,1471,1407,True,ok
12,31,Awake,60,processed,12,16130116736954034108,138.30057843624795,24.9893795136852,8,0.16,4,0.4264813773732056,11,0.8,1.3,5.0,0.6267861413390114,0.9246330027294438,1471,1471,1415,True,ok
12,31,Awake,60,processed,13,15291414324707266268,138.30057843624795,24.9893795136852,8,0.16,4,0.4264813773732056,11,0.8,1.3,5.0,0.5733514176847072,0.8620484868465221,1471,1471,1420,True,ok
12,31,Awake,60,processed,14,13286936700996583018,138.30057843624795,24.9893795136852,8,0.16,4,0.4264813773732056,11,0.8,1.3,5.0,0.70731807779597,0.9390306731177279,1471,1471,1419,True,ok
12,31,Awake,60,processed,15,8483126691274611798,138.30057843624795,24.9893795136852,8,0.16,4,0.4264813773732056,11,0.8,1.3,5.0,0.6406001160651003,0.8595708860694182,1471,1471,1410,True,ok
12,31,Awake,60,processed,16,8113310447053832004,138.30057843624795,24.9893795136852,8,0.16,4,0.4264813773732056,11,0.8,1.3,5.0,0.6348722117422093,0.8427121045808301,1471,1471,1393,True,ok
12,31,Awake,60,processed,17,12856850968924921073,138.30057843624795,24.9893795136852,8,0.16,4,0.4264813773732056,11,0.8,1.3,5.0,0.6385594627478878,0.8851494083820841,1471,1471,1413,True,ok
12,31,Awake,60,processed,18,2492681647504958232,138.30057843624795,24.9893795136852,8,0.16,4,0.4264813773732056,11,0.8,1.3,5.0,0.6154732613035081,0.9029309156883623,1471,1471,1411,True,ok
12,31,Awake,60,processed,19,8058876849652390104,138.30057843624795,24.9893795136852,8,0.16,4,0.4264813773732056,11,0.8,1.3,5.0,0.6312371101779808,0.903670642711888,1471,1471,1378,True,ok
12,31,Awake,60,processed,20,9302853537818103097,138.30057843624795,24.9893795136852,8,0.16,4,0.4264813773732056,11,0.8,1.3,5.0,0.5968776592552915,0.8265670416596291,1471,1471,1412,True,ok
12,31,Awake,60,processed,21,7124928149681985114,138.30057843624795,24.9893795136852,8,0.16,4,0.4264813773732056,11,0.8,1.3,5.0,0.6247761071344994,0.852143269446913,1471,1471,1427,True,ok
12,31,Awake,60,processed,22,5720920156668497885,138.30057843624795,24.9893795136852,8,0.16,4,0.4264813773732056,11,0.8,1.3,5.0,0.5842688905704301,0.7699668146999096,1471,1471,1399,True,ok
12,31,Awake,60,processed,23,13621696099552715708,138.30057843624795,24.9893795136852,8,0.16,4,0.4264813773732056,11,0.8,1.3,5.0,0.5853468728485296,0.8114897712940907,1471,1471,1396,True,ok
12,31,Awake,60,processed,24,4001294521424573638,138.30057843624795,24.9893795136852,8,0.16,4,0.4264813773732056,11,0.8,1.3,5.0,0.6097932485004245,0.7726229250346885,1471,1471,1413,True,ok
12,31,Awake,60,processed,25,10270421679186955035,138.30057843624795,24.9893795136852,8,0.16,4,0.4264813773732056,11,0.8,1.3,5.0,0.6225590814875694,0.7954467413188421,1471,1471,1407,True,ok
12,31,Awake,60,processed,26,13535370896102800650,138.30057843624795,24.9893795136852,8,0.16,4,0.4264813773732056,11,0.8,1.3,5.0,0.5603149468957099,0.7822121837743296,1471,1471,1401,True,ok
12,31,Awake,60,processed,27,10544081633453069890,138.30057843624795,24.9893795136852,8,0.16,4,0.4264813773732056,11,0.8,1.3,5.0,0.6345039074531164,0.7971676693808394,1471,1471,1399,True,ok
12,31,Awake,60,processed,28,5912859864998790235,138.30057843624795,24.9893795136852,8,0.16,4,0.4264813773732056,11,0.8,1.3,5.0,0.5880745644231788,0.7905575104193057,1471,1471,1391,True,ok
12,31,Awake,60,processed,29,9579139245643130882,138.30057843624795,24.9893795136852,8,0.16,4,0.4264813773732056,11,0.8,1.3,5.0,0.6572759709743239,0.8908137502901656,1471,1471,1420,True,ok
12,31,Awake,60,processed,30,3158165239265927407,138.30057843624795,24.9893795136852,8,0.16,4,0.4264813773732056,11,0.8,1.3,5.0,0.5839243877704908,0.9085740863325021,1471,1471,1405,True,ok
12,31,Awake,60,processed,31,2920054101352614942,138.30057843624795,24.9893795136852,8,0.16,4,0.4264813773732056,11,0.8,1.3,5.0,0.6422604722147417,0.8619485966437314,1471,1471,1399,True,ok
12,31,Awake,60,processed,32,7814518653891057275,138.30057843624795,24.9893795136852,8,0.16,4,0.4264813773732056,11,0.8,1.3,5.0,0.6100846341891429,0.8848146388379912,1471,1471,1406,True,ok
12,31,Awake,60,processed,33,8619197375787457960,138.30057843624795,24.9893795136852,8,0.16,4,0.4264813773732056,11,0.8,1.3,5.0,0.5989689260504274,0.8160895954715883,1471,1471,1391,True,ok
12,31,Awake,60,processed,34,11654207892344815833,138.30057843624795,24.9893795136852,8,0.16,4,0.4264813773732056,11,0.8,1.3,5.0,0.6744288697318371,0.8986763749328966,1471,1471,1422,True,ok
12,31,Awake,60,processed,35,16836719642379879078,138.30057843624795,24.9893795136852,8,0.16,4,0.4264813773732056,11,0.8,1.3,5.0,0.6030766316103608,0.898382197794562,1471,1471,1417,True,ok
12,31,Awake,60,processed,36,7960722528284163063,138.30057843624795,24.9893795136852,8,0.16,4,0.4264813773732056,11,0.8,1.3,5.0,0.5841207991628917,0.8221907199893326,1471,1471,1412,True,ok
12,31,Awake,60,processed,37,8031129787895295418,138.30057843624795,24.9893795136852,8,0.16,4,0.4264813773732056,11,0.8,1.3,5.0,0.5443836823405214,0.8088374932733071,1471,1471,1405,True,ok
12,31,Awake,60,processed,38,14616561564336099056,138.30057843624795,24.9893795136852,8,0.16,4,0.4264813773732056,11,0.8,1.3,5.0,0.674276674703526,0.8812146972243128,1471,1471,1416,True,ok
12,31,Awake,60,processed,39,4952970155469988432,138.30057843624795,24.9893795136852,8,0.16,4,0.4264813773732056,11,0.8,1.3,5.0,0.5890074260617352,0.7640250438645193,1471,1471,1418,True,ok
12,32,Awake,60,processed,1,9962150004427116422,138.30057843624795,24.9893795136852,8,0.16,4,0.459213858099234,11,0.8,1.3,5.0,0.5807874386864323,0.9021493868970794,1471,1471,1415,True,ok
12,32,Awake,60,processed,2,11767718732618153521,138.30057843624795,24.9893795136852,8,0.16,4,0.459213858099234,11,0.8,1.3,5.0,0.538829384602168,0.9248359673051584,1471,1471,1414,True,ok
12,32,Awake,60,processed,3,5598617215464720716,138.30057843624795,24.9893795136852,8,0.16,4,0.459213858099234,11,0.8,1.3,5.0,0.5880744509928728,0.8298249359549925,1471,1471,1395,True,ok
12,32,Awake,60,processed,4,12972426109434530629,138.30057843624795,24.9893795136852,8,0.16,4,0.459213858099234,11,0.8,1.3,5.0,0.5634519176795753,0.9024088637928996,1471,1471,1400,True,ok
12,32,Awake,60,processed,5,11175845190821753603,138.30057843624795,24.9893795136852,8,0.16,4,0.459213858099234,11,0.8,1.3,5.0,0.5370596140945245,0.7521396198898335,1471,1471,1397,True,ok
12,32,Awake,60,processed,6,17677073813173004472,138.30057843624795,24.9893795136852,8,0.16,4,0.459213858099234,11,0.8,1.3,5.0,0.5393768092107085,0.9065492661734562,1471,1471,1407,True,ok
12,32,Awake,60,processed,7,3613196153405574822,138.30057843624795,24.9893795136852,8,0.16,4,0.459213858099234,11,0.8,1.3,5.0,0.5877025668387186,0.832098224398802,1471,1471,1407,True,ok
12,32,Awake,60,processed,8,4095113807750399954,138.30057843624795,24.9893795136852,8,0.16,4,0.459213858099234,11,0.8,1.3,5.0,0.5998300670343562,0.7077417972805964,1471,1471,1407,True,ok
12,32,Awake,60,processed,9,16922920117374328512,138.30057843624795,24.9893795136852,8,0.16,4,0.459213858099234,11,0.8,1.3,5.0,0.5664803942651233,0.8723948214779714,1471,1471,1422,True,ok
12,32,Awake,60,processed,10,10327781986003140752,138.30057843624795,24.9893795136852,8,0.16,4,0.459213858099234,11,0.8,1.3,5.0,0.5605249682323237,0.8050709776750178,1471,1471,1406,True,ok
12,32,Awake,60,processed,11,6134656413149190291,138.30057843624795,24.9893795136852,8,0.16,4,0.459213858099234,11,0.8,1.3,5.0,0.5600246633588881,0.9095635776933327,1471,1471,1412,True,ok
12,32,Awake,60,processed,12,17478684281532216897,138.30057843624795,24.9893795136852,8,0.16,4,0.459213858099234,11,0.8,1.3,5.0,0.5814378489749131,0.8329316718205089,1471,1471,1405,True,ok
12,32,Awake,60,processed,13,672659962044004123,138.30057843624795,24.9893795136852,8,0.16,4,0.459213858099234,11,0.8,1.3,5.0,0.5815800507244847,0.9018241033491008,1471,1471,1412,True,ok
12,32,Awake,60,processed,14,381734808809794631,138.30057843624795,24.9893795136852,8,0.16,4,0.459213858099234,11,0.8,1.3,5.0,0.5374728303050692,0.7847479600768384,1471,1471,1429,True,ok
12,32,Awake,60,processed,15,12736161624058825833,138.30057843624795,24.9893795136852,8,0.16,4,0.459213858099234,11,0.8,1.3,5.0,0.5525511592344343,0.85458357267041,1471,1471,1411,True,ok
12,32,Awake,60,processed,16,3268307092299058820,138.30057843624795,24.9893795136852,8,0.16,4,0.459213858099234,11,0.8,1.3,5.0,0.5543911829322742,0.9236459956516001,1471,1471,1409,True,ok
12,32,Awake,60,processed,17,9416957047038616192,138.30057843624795,24.9893795136852,8,0.16,4,0.459213858099234,11,0.8,1.3,5.0,0.5599441517403223,0.8630168724788293,1471,1471,1396,True,ok
12,32,Awake,60,processed,18,18315717688969246150,138.30057843624795,24.9893795136852,8,0.16,4,0.459213858099234,11,0.8,1.3,5.0,0.6007367678112052,0.884687503733225,1471,1471,1399,True,ok
12,32,Awake,60,processed,19,5105075191226692550,138.30057843624795,24.9893795136852,8,0.16,4,0.459213858099234,11,0.8,1.3,5.0,0.5982350176996558,0.8630071847307411,1471,1471,1415,True,ok
12,32,Awake,60,processed,20,6860236501352521454,138.30057843624795,24.9893795136852,8,0.16,4,0.459213858099234,11,0.8,1.3,5.0,0.5248577364677314,0.8052620548105058,1471,1471,1421,True,ok
12,32,Awake,60,processed,21,5014711093090394319,138.30057843624795,24.9893795136852,8,0.16,4,0.459213858099234,11,0.8,1.3,5.0,0.614161215911529,0.9178535030074523,1471,1471,1387,True,ok
12,32,Awake,60,processed,22,8263668787005822285,138.30057843624795,24.9893795136852,8,0.16,4,0.459213858099234,11,0.8,1.3,5.0,0.5931985432051943,0.8805810552218553,1471,1471,1418,True,ok
12,32,Awake,60,processed,23,15063715604263282769,138.30057843624795,24.9893795136852,8,0.16,4,0.459213858099234,11,0.8,1.3,5.0,0.5733778458128632,0.8189856162773168,1471,1471,1423,True,ok
12,32,Awake,60,processed,24,18108875745106196052,138.30057843624795,24.9893795136852,8,0.16,4,0.459213858099234,11,0.8,1.3,5.0,0.5776136363054284,0.8402837955476465,1471,1471,1395,True,ok
12,32,Awake,60,processed,25,6856050334451565787,138.30057843624795,24.9893795136852,8,0.16,4,0.459213858099234,11,0.8,1.3,5.0,0.582073796466417,0.9490507937148746,1471,1471,1422,True,ok
12,32,Awake,60,processed,26,11074022644142813334,138.30057843624795,24.9893795136852,8,0.16,4,0.459213858099234,11,0.8,1.3,5.0,0.618327581473707,0.8955333767366846,1471,1471,1381,True,ok
12,32,Awake,60,processed,27,11987161348028821958,138.30057843624795,24.9893795136852,8,0.16,4,0.459213858099234,11,0.8,1.3,5.0,0.5491871504499088,0.9097760118667999,1471,1471,1402,True,ok
12,32,Awake,60,processed,28,1438818134636753132,138.30057843624795,24.9893795136852,8,0.16,4,0.459213858099234,11,0.8,1.3,5.0,0.5831991997575366,0.8631773299667687,1471,1471,1412,True,ok
12,32,Awake,60,processed,29,14097330374639396195,138.30057843624795,24.9893795136852,8,0.16,4,0.459213858099234,11,0.8,1.3,5.0,0.5370546818168096,0.7770409747714344,1471,1471,1426,True,ok
12,32,Awake,60,processed,30,17980404831705602543,138.30057843624795,24.9893795136852,8,0.16,4,0.459213858099234,11,0.8,1.3,5.0,0.5431066198485393,0.844235695455225,1471,1471,1411,True,ok
12,32,Awake,60,processed,31,2180424829445199299,138.30057843624795,24.9893795136852,8,0.16,4,0.459213858099234,11,0.8,1.3,5.0,0.6316335469192698,0.9331867826353257,1471,1471,1400,True,ok
12,32,Awake,60,processed,32,18154857378212290557,138.30057843624795,24.9893795136852,8,0.16,4,0.459213858099234,11,0.8,1.3,5.0,0.522313709473017,0.815256592151712,1471,1471,1401,True,ok
12,32,Awake,60,processed,33,6178057420343457424,138.30057843624795,24.9893795136852,8,0.16,4,0.459213858099234,11,0.8,1.3,5.0,0.6257319406049511,0.9347539796240765,1471,1471,1430,True,ok
12,32,Awake,60,processed,34,1233593755514326832,138.30057843624795,24.9893795136852,8,0.16,4,0.459213858099234,11,0.8,1.3,5.0,0.5745377213400105,0.7975337521016289,1471,1471,1425,True,ok
12,32,Awake,60,processed,35,15389080290386364492,138.30057843624795,24.9893795136852,8,0.16,4,0.459213858099234,11,0.8,1.3,5.0,0.6019507147824992,0.7982684620773429,1471,1471,1385,True,ok
12,32,Awake,60,processed,36,16344719816583683644,138.30057843624795,24.9893795136852,8,0.16,4,0.459213858099234,11,0.8,1.3,5.0,0.6096363677437191,0.8739558716841866,1471,1471,1433,True,ok
12,32,Awake,60,processed,37,13871725119568263668,138.30057843624795,24.9893795136852,8,0.16,4,0.459213858099234,11,0.8,1.3,5.0,0.552340723801199,0.8787523759705025,1471,1471,1408,True,ok
12,32,Awake,60,processed,38,9601782533120510997,138.30057843624795,24.9893795136852,8,0.16,4,0.459213858099234,11,0.8,1.3,5.0,0.568921964143219,0.7803463250212156,1471,1471,1400,True,ok
12,32,Awake,60,processed,39,3642895612823031696,138.30057843624795,24.9893795136852,8,0.16,4,0.459213858099234,11,0.8,1.3,5.0,0.529968566003263,0.8518678775620031,1471,1471,1402,True,ok
12,33,Awake,60,processed,1,10756932799579025206,115.00613197126222,24.9893795136852,8,0.16,4,0.4440976133660745,11,0.8,1.3,5.0,0.6346245152128227,0.8339708374578788,1471,1471,1398,True,ok
12,33,Awake,60,processed,2,15582521938564515912,115.00613197126222,24.9893795136852,8,0.16,4,0.4440976133660745,11,0.8,1.3,5.0,0.6919548967225636,0.8167502247514277,1471,1471,1405,True,ok
12,33,Awake,60,processed,3,4195896567030233558,115.00613197126222,24.9893795136852,8,0.16,4,0.4440976133660745,11,0.8,1.3,5.0,0.634581040620855,0.8465043402881206,1471,1471,1391,True,ok
12,33,Awake,60,processed,4,11398195747175154722,115.00613197126222,24.9893795136852,8,0.16,4,0.4440976133660745,11,0.8,1.3,5.0,0.6238883377558224,0.9375021745429316,1471,1471,1401,True,ok
12,33,Awake,60,processed,5,536950186007030284,115.00613197126222,24.9893795136852,8,0.16,4,0.4440976133660745,11,0.8,1.3,5.0,0.6709914194531675,0.8124098524877729,1471,1471,1413,True,ok
12,33,Awake,60,processed,6,5926569841341209278,115.00613197126222,24.9893795136852,8,0.16,4,0.4440976133660745,11,0.8,1.3,5.0,0.6199737689157636,0.7192184325978669,1471,1471,1398,True,ok
12,33,Awake,60,processed,7,17321442140157414548,115.00613197126222,24.9893795136852,8,0.16,4,0.4440976133660745,11,0.8,1.3,5.0,0.5710576436349504,0.8469510449512485,1471,1471,1410,True,ok
12,33,Awake,60,processed,8,17229243156077050597,115.00613197126222,24.9893795136852,8,0.16,4,0.4440976133660745,11,0.8,1.3,5.0,0.6428591444715474,0.9302075820924882,1471,1471,1417,True,ok
12,33,Awake,60,processed,9,16384764462350630760,115.00613197126222,24.9893795136852,8,0.16,4,0.4440976133660745,11,0.8,1.3,5.0,0.7015261408943743,0.9383025611114467,1471,1471,1387,True,ok
12,33,Awake,60,processed,10,7085729462893080742,115.00613197126222,24.9893795136852,8,0.16,4,0.4440976133660745,11,0.8,1.3,5.0,0.6063567898820256,0.7598209423748492,1471,1471,1412,True,ok
12,33,Awake,60,processed,11,17963025158146768204,115.00613197126222,24.9893795136852,8,0.16,4,0.4440976133660745,11,0.8,1.3,5.0,0.5997271322576382,0.8895799513592865,1471,1471,1412,True,ok
12,33,Awake,60,processed,12,10520805051242740026,115.00613197126222,24.9893795136852,8,0.16,4,0.4440976133660745,11,0.8,1.3,5.0,0.664595960067002,0.8526378812498225,1471,1471,1412,True,ok
12,33,Awake,60,processed,13,12364103905657003011,115.00613197126222,24.9893795136852,8,0.16,4,0.4440976133660745,11,0.8,1.3,5.0,0.515507417211317,0.8857274736209072,1471,1471,1418,True,ok
12,33,Awake,60,processed,14,9640863550806143932,115.00613197126222,24.9893795136852,8,0.16,4,0.4440976133660745,11,0.8,1.3,5.0,0.5701530914203007,0.7548824719088928,1471,1471,1425,True,ok
12,33,Awake,60,processed,15,14695860478193015676,115.00613197126222,24.9893795136852,8,0.16,4,0.4440976133660745,11,0.8,1.3,5.0,0.5823375212662154,0.8799585471542408,1471,1471,1409,True,ok
12,33,Awake,60,processed,16,8043135416483192825,115.00613197126222,24.9893795136852,8,0.16,4,0.4440976133660745,11,0.8,1.3,5.0,0.5926106108773073,0.8677856421225005,1471,1471,1415,True,ok
12,33,Awake,60,processed,17,13782479952615894034,115.00613197126222,24.9893795136852,8,0.16,4,0.4440976133660745,11,0.8,1.3,5.0,0.5744789984166058,0.8886163192822094,1471,1471,1407,True,ok
12,33,Awake,60,processed,18,5129557232660777077,115.00613197126222,24.9893795136852,8,0.16,4,0.4440976133660745,11,0.8,1.3,5.0,0.5488892625074987,0.8315511853774877,1471,1471,1402,True,ok
12,33,Awake,60,processed,19,16652022484927797544,115.00613197126222,24.9893795136852,8,0.16,4,0.4440976133660745,11,0.8,1.3,5.0,0.5719188703868715,0.8501447172522767,1471,1471,1416,True,ok
12,33,Awake,60,processed,20,17793545297205255894,115.00613197126222,24.9893795136852,8,0.16,4,0.4440976133660745,11,0.8,1.3,5.0,0.5733735761696664,0.9055773134283198,1471,1471,1428,True,ok
12,33,Awake,60,processed,21,7298729198033087800,115.00613197126222,24.9893795136852,8,0.16,4,0.4440976133660745,11,0.8,1.3,5.0,0.6448714743627402,0.869421726040703,1471,1471,1407,True,ok
12,33,Awake,60,processed,22,4826018556975697868,115.00613197126222,24.9893795136852,8,0.16,4,0.4440976133660745,11,0.8,1.3,5.0,0.6118587931320241,0.9422409131993208,1471,1471,1407,True,ok
12,33,Awake,60,processed,23,2127905409199308171,115.00613197126222,24.9893795136852,8,0.16,4,0.4440976133660745,11,0.8,1.3,5.0,0.6401933989321374,0.9212106416871385,1471,1471,1406,True,ok
12,33,Awake,60,processed,24,15971758482222963465,115.00613197126222,24.9893795136852,8,0.16,4,0.4440976133660745,11,0.8,1.3,5.0,0.6717309251721528,0.8513974030262033,1471,1471,1403,True,ok
12,33,Awake,60,processed,25,13616768364890498526,115.00613197126222,24.9893795136852,8,0.16,4,0.4440976133660745,11,0.8,1.3,5.0,0.6784502447438769,0.9158082967235769,1471,1471,1401,True,ok
12,33,Awake,60,processed,26,14519126959374665419,115.00613197126222,24.9893795136852,8,0.16,4,0.4440976133660745,11,0.8,1.3,5.0,0.5718213961322579,0.8818065276343242,1471,1471,1401,True,ok
12,33,Awake,60,processed,27,4813111415664474350,115.00613197126222,24.9893795136852,8,0.16,4,0.4440976133660745,11,0.8,1.3,5.0,0.5910689779778279,0.9398753964315927,1471,1471,1418,True,ok
12,33,Awake,60,processed,28,16602352357356910529,115.00613197126222,24.9893795136852,8,0.16,4,0.4440976133660745,11,0.8,1.3,5.0,0.6807954568910538,0.8287925369956631,1471,1471,1389,True,ok
12,33,Awake,60,processed,29,2136225720644610247,115.00613197126222,24.9893795136852,8,0.16,4,0.4440976133660745,11,0.8,1.3,5.0,0.6315952888844378,0.9297015917612925,1471,1471,1431,True,ok
12,33,Awake,60,processed,30,17642260519212827332,115.00613197126222,24.9893795136852,8,0.16,4,0.4440976133660745,11,0.8,1.3,5.0,0.652510161632641,0.8907037005477887,1471,1471,1399,True,ok
12,33,Awake,60,processed,31,11040971565558329132,115.00613197126222,24.9893795136852,8,0.16,4,0.4440976133660745,11,0.8,1.3,5.0,0.6387569850014412,0.8863898122072655,1471,1471,1412,True,ok
12,33,Awake,60,processed,32,3380454296328666196,115.00613197126222,24.9893795136852,8,0.16,4,0.4440976133660745,11,0.8,1.3,5.0,0.5671988334124951,0.9043712562975609,1471,1471,1392,True,ok
12,33,Awake,60,processed,33,7652235687615330482,115.00613197126222,24.9893795136852,8,0.16,4,0.4440976133660745,11,0.8,1.3,5.0,0.6251279157591849,0.8905032218986172,1471,1471,1420,True,ok
12,33,Awake,60,processed,34,6263564856863547059,115.00613197126222,24.9893795136852,8,0.16,4,0.4440976133660745,11,0.8,1.3,5.0,0.6027609938899954,0.8845251580120553,1471,1471,1406,True,ok
12,33,Awake,60,processed,35,12533609728955359074,115.00613197126222,24.9893795136852,8,0.16,4,0.4440976133660745,11,0.8,1.3,5.0,0.6244085933591775,0.8982007034905057,1471,1471,1431,True,ok
12,33,Awake,60,processed,36,3135106945417898996,115.00613197126222,24.9893795136852,8,0.16,4,0.4440976133660745,11,0.8,1.3,5.0,0.5277213947104828,0.8994220123695209,1471,1471,1406,True,ok
12,33,Awake,60,processed,37,3288792094070450361,115.00613197126222,24.9893795136852,8,0.16,4,0.4440976133660745,11,0.8,1.3,5.0,0.62514131177377,0.8933755583947863,1471,1471,1394,True,ok
12,33,Awake,60,processed,38,7047570301597177457,115.00613197126222,24.9893795136852,8,0.16,4,0.4440976133660745,11,0.8,1.3,5.0,0.5469107764318598,0.7965996697501337,1471,1471,1418,True,ok
12,33,Awake,60,processed,39,9242774494409168707,115.00613197126222,24.9893795136852,8,0.16,4,0.4440976133660745,11,0.8,1.3,5.0,0.6607833903243852,0.8687795068170986,1471,1471,1377,True,ok
12,34,Awake,60,processed,1,5654057470140465810,138.30057843624795,24.9893795136852,8,0.16,4,0.4616786391691754,12,0.8,1.3,5.0,0.6314597922192599,0.8913381536115556,1471,1471,1401,True,ok
12,34,Awake,60,processed,2,13253454875905591020,138.30057843624795,24.9893795136852,8,0.16,4,0.4616786391691754,12,0.8,1.3,5.0,0.6486051926687372,0.8694835799815106,1471,1471,1413,True,ok
12,34,Awake,60,processed,3,3579958005352825397,138.30057843624795,24.9893795136852,8,0.16,4,0.4616786391691754,12,0.8,1.3,5.0,0.6108794920321265,0.8530377861879007,1471,1471,1415,True,ok
12,34,Awake,60,processed,4,5524875407623662603,138.30057843624795,24.9893795136852,8,0.16,4,0.4616786391691754,12,0.8,1.3,5.0,0.6234425038924526,0.8474305727813265,1471,1471,1413,True,ok
12,34,Awake,60,processed,5,626473171734063115,138.30057843624795,24.9893795136852,8,0.16,4,0.4616786391691754,12,0.8,1.3,5.0,0.6047556922828208,0.9297913848133075,1471,1471,1402,True,ok
12,34,Awake,60,processed,6,7016585241970938316,138.30057843624795,24.9893795136852,8,0.16,4,0.4616786391691754,12,0.8,1.3,5.0,0.5864486954430647,0.9171739995436649,1471,1471,1400,True,ok
12,34,Awake,60,processed,7,13145934667525368769,138.30057843624795,24.9893795136852,8,0.16,4,0.4616786391691754,12,0.8,1.3,5.0,0.5595847898398345,0.798241040029245,1471,1471,1415,True,ok
12,34,Awake,60,processed,8,4557201801554145426,138.30057843624795,24.9893795136852,8,0.16,4,0.4616786391691754,12,0.8,1.3,5.0,0.6033706650235222,0.8830699704235809,1471,1471,1408,True,ok
12,34,Awake,60,processed,9,13006308045151134128,138.30057843624795,24.9893795136852,8,0.16,4,0.4616786391691754,12,0.8,1.3,5.0,0.5961758618058924,0.7915398095739304,1471,1471,1428,True,ok
12,34,Awake,60,processed,10,15923948908876631212,138.30057843624795,24.9893795136852,8,0.16,4,0.4616786391691754,12,0.8,1.3,5.0,0.5939629270038428,0.8908367446410135,1471,1471,1422,True,ok
12,34,Awake,60,processed,11,16266720031289764656,138.30057843624795,24.9893795136852,8,0.16,4,0.4616786391691754,12,0.8,1.3,5.0,0.5555384690941874,0.871073263630615,1471,1471,1402,True,ok
12,34,Awake,60,processed,12,17773872170611824421,138.30057843624795,24.9893795136852,8,0.16,4,0.4616786391691754,12,0.8,1.3,5.0,0.6105467983230823,0.8853682497381191,1471,1471,1417,True,ok
12,34,Awake,60,processed,13,11402549050957539436,138.30057843624795,24.9893795136852,8,0.16,4,0.4616786391691754,12,0.8,1.3,5.0,0.5476949956036747,0.8778958227391562,1471,1471,1406,True,ok
12,34,Awake,60,processed,14,17475916842350900271,138.30057843624795,24.9893795136852,8,0.16,4,0.4616786391691754,12,0.8,1.3,5.0,0.5404401740724679,0.8059235197834205,1471,1471,1394,True,ok
12,34,Awake,60,processed,15,8591904018575513164,138.30057843624795,24.9893795136852,8,0.16,4,0.4616786391691754,12,0.8,1.3,5.0,0.594152630852258,0.9256545833864491,1471,1471,1413,True,ok
12,34,Awake,60,processed,16,7101532909443821790,138.30057843624795,24.9893795136852,8,0.16,4,0.4616786391691754,12,0.8,1.3,5.0,0.5995122850680097,0.9269048067712485,1471,1471,1387,True,ok
12,34,Awake,60,processed,17,3557392595835228556,138.30057843624795,24.9893795136852,8,0.16,4,0.4616786391691754,12,0.8,1.3,5.0,0.5192226523772404,0.6611641552192965,1471,1471,1410,True,ok
12,34,Awake,60,processed,18,11260916747304551239,138.30057843624795,24.9893795136852,8,0.16,4,0.4616786391691754,12,0.8,1.3,5.0,0.6230988133521358,0.9096403377286314,1471,1471,1401,True,ok
12,34,Awake,60,processed,19,6246955080781837351,138.30057843624795,24.9893795136852,8,0.16,4,0.4616786391691754,12,0.8,1.3,5.0,0.54564516126071,0.9061489678924555,1471,1471,1405,True,ok
12,34,Awake,60,processed,20,7602609322025431123,138.30057843624795,24.9893795136852,8,0.16,4,0.4616786391691754,12,0.8,1.3,5.0,0.5801084141332864,0.8873174876541284,1471,1471,1414,True,ok
12,34,Awake,60,processed,21,6794718164714833562,138.30057843624795,24.9893795136852,8,0.16,4,0.4616786391691754,12,0.8,1.3,5.0,0.6059660516996112,0.892409994971093,1471,1467,1379,True,ok
12,34,Awake,60,processed,22,7178168885955231355,138.30057843624795,24.9893795136852,8,0.16,4,0.4616786391691754,12,0.8,1.3,5.0,0.5569639797187598,0.8705446774453859,1471,1471,1428,True,ok
12,34,Awake,60,processed,23,6638283318693342294,138.30057843624795,24.9893795136852,8,0.16,4,0.4616786391691754,12,0.8,1.3,5.0,0.5888905393870679,0.8931543529804652,1471,1471,1435,True,ok
12,34,Awake,60,processed,24,12823530882219890854,138.30057843624795,24.9893795136852,8,0.16,4,0.4616786391691754,12,0.8,1.3,5.0,0.578307450685369,0.9245987417031931,1471,1471,1398,True,ok
12,34,Awake,60,processed,25,11531481969565879139,138.30057843624795,24.9893795136852,8,0.16,4,0.4616786391691754,12,0.8,1.3,5.0,0.6248644857500062,0.8641762342025486,1471,1471,1410,True,ok
12,34,Awake,60,processed,26,12060241913095578573,138.30057843624795,24.9893795136852,8,0.16,4,0.4616786391691754,12,0.8,1.3,5.0,0.5812319680309477,0.8461625005405186,1471,1471,1433,True,ok
12,34,Awake,60,processed,27,16744017964785829473,138.30057843624795,24.9893795136852,8,0.16,4,0.4616786391691754,12,0.8,1.3,5.0,0.6483693430902597,0.8718881536640194,1471,1471,1403,True,ok
12,34,Awake,60,processed,28,6749352768051010971,138.30057843624795,24.9893795136852,8,0.16,4,0.4616786391691754,12,0.8,1.3,5.0,0.5850674343746135,0.9433424294576767,1471,1471,1410,True,ok
12,34,Awake,60,processed,29,10619980962202584011,138.30057843624795,24.9893795136852,8,0.16,4,0.4616786391691754,12,0.8,1.3,5.0,0.5537195786135151,0.8327947025726162,1471,1471,1413,True,ok
12,34,Awake,60,processed,30,13981577898432263980,138.30057843624795,24.9893795136852,8,0.16,4,0.4616786391691754,12,0.8,1.3,5.0,0.5952159726769122,0.8689670256398497,1471,1471,1403,True,ok
12,34,Awake,60,processed,31,3347340484538408704,138.30057843624795,24.9893795136852,8,0.16,4,0.4616786391691754,12,0.8,1.3,5.0,0.5890614820962126,0.9647907761162985,1471,1471,1413,True,ok
12,34,Awake,60,processed,32,1026198958990671706,138.30057843624795,24.9893795136852,8,0.16,4,0.4616786391691754,12,0.8,1.3,5.0,0.5768309155349298,0.8596203787715935,1471,1471,1412,True,ok
12,34,Awake,60,processed,33,8188880503622086423,138.30057843624795,24.9893795136852,8,0.16,4,0.4616786391691754,12,0.8,1.3,5.0,0.5710466335634119,0.8186635294263034,1471,1471,1407,True,ok
12,34,Awake,60,processed,34,11021371613171911885,138.30057843624795,24.9893795136852,8,0.16,4,0.4616786391691754,12,0.8,1.3,5.0,0.5645657754576016,0.9396780900617394,1471,1471,1408,True,ok
12,34,Awake,60,processed,35,11439543836163916940,138.30057843624795,24.9893795136852,8,0.16,4,0.4616786391691754,12,0.8,1.3,5.0,0.6694539191416065,0.9539998123273549,1471,1471,1427,True,ok
12,34,Awake,60,processed,36,14906584159439358199,138.30057843624795,24.9893795136852,8,0.16,4,0.4616786391691754,12,0.8,1.3,5.0,0.5785988678905685,0.8678508780587166,1471,1471,1396,True,ok
12,34,Awake,60,processed,37,11562901137002620417,138.30057843624795,24.9893795136852,8,0.16,4,0.4616786391691754,12,0.8,1.3,5.0,0.5820602108685128,0.8749500410888394,1471,1471,1402,True,ok
12,34,Awake,60,processed,38,1441209880554270088,138.30057843624795,24.9893795136852,8,0.16,4,0.4616786391691754,12,0.8,1.3,5.0,0.5497038434626109,0.8771685786008758,1471,1471,1413,True,ok
12,34,Awake,60,processed,39,3446616348100350404,138.30057843624795,24.9893795136852,8,0.16,4,0.4616786391691754,12,0.8,1.3,5.0,0.6709648223864471,0.8751327484491599,1471,1471,1413,True,ok
12,35,Drowsy,60,processed,1,18069307094301275911,138.30057843624795,24.9893795136852,8,0.16,4,0.4761171751080605,12,0.8,1.3,5.0,0.602478786693865,0.8552841769310188,1471,1471,1418,True,ok
12,35,Drowsy,60,processed,2,2500416874828446324,138.30057843624795,24.9893795136852,8,0.16,4,0.4761171751080605,12,0.8,1.3,5.0,0.5669575820980356,0.9318118538280113,1471,1471,1413,True,ok
12,35,Drowsy,60,processed,3,2017328479252173394,138.30057843624795,24.9893795136852,8,0.16,4,0.4761171751080605,12,0.8,1.3,5.0,0.5975126953226999,0.8008819070861328,1471,1471,1425,True,ok
12,35,Drowsy,60,processed,4,18076815819867602766,138.30057843624795,24.9893795136852,8,0.16,4,0.4761171751080605,12,0.8,1.3,5.0,0.5656594152141552,0.8336663279278738,1471,1471,1403,True,ok
12,35,Drowsy,60,processed,5,18163436387004927452,138.30057843624795,24.9893795136852,8,0.16,4,0.4761171751080605,12,0.8,1.3,5.0,0.6387588695301393,0.9267431058779764,1471,1471,1393,True,ok
12,35,Drowsy,60,processed,6,16874427444007153463,138.30057843624795,24.9893795136852,8,0.16,4,0.4761171751080605,12,0.8,1.3,5.0,0.5993423234280844,0.8745113711877758,1471,1471,1395,True,ok
12,35,Drowsy,60,processed,7,11242456465976428954,138.30057843624795,24.9893795136852,8,0.16,4,0.4761171751080605,12,0.8,1.3,5.0,0.6405964949991589,0.8771795385336859,1471,1471,1414,True,ok
12,35,Drowsy,60,processed,8,9343183473564304681,138.30057843624795,24.9893795136852,8,0.16,4,0.4761171751080605,12,0.8,1.3,5.0,0.6610486766017284,0.8515786349482752,1471,1471,1420,True,ok
12,35,Drowsy,60,processed,9,15639013072127033560,138.30057843624795,24.9893795136852,8,0.16,4,0.4761171751080605,12,0.8,1.3,5.0,0.686703451979141,0.9303944763054859,1471,1471,1404,True,ok
12,35,Drowsy,60,processed,10,5454933185927545977,138.30057843624795,24.9893795136852,8,0.16,4,0.4761171751080605,12,0.8,1.3,5.0,0.664368331053498,0.8555414063921096,1471,1471,1420,True,ok
12,35,Drowsy,60,processed,11,8192635472844513170,138.30057843624795,24.9893795136852,8,0.16,4,0.4761171751080605,12,0.8,1.3,5.0,0.6067982582428407,0.9349029297688985,1471,1471,1401,True,ok
12,35,Drowsy,60,processed,12,11464734536875803948,138.30057843624795,24.9893795136852,8,0.16,4,0.4761171751080605,12,0.8,1.3,5.0,0.6422267292561189,0.9115855761524011,1471,1471,1398,True,ok
12,35,Drowsy,60,processed,13,10961896320882893667,138.30057843624795,24.9893795136852,8,0.16,4,0.4761171751080605,12,0.8,1.3,5.0,0.6429088765725399,0.913981743516515,1471,1471,1408,True,ok
12,35,Drowsy,60,processed,14,347273484272152036,138.30057843624795,24.9893795136852,8,0.16,4,0.4761171751080605,12,0.8,1.3,5.0,0.6042384844054544,0.8422118287774829,1471,1471,1418,True,ok
12,35,Drowsy,60,processed,15,7167793288278946415,138.30057843624795,24.9893795136852,8,0.16,4,0.4761171751080605,12,0.8,1.3,5.0,0.6555339577288658,0.9446350910977797,1471,1471,1389,True,ok
12,35,Drowsy,60,processed,16,5207940331786080116,138.30057843624795,24.9893795136852,8,0.16,4,0.4761171751080605,12,0.8,1.3,5.0,0.618223210268525,0.8297496177367014,1471,1471,1402,True,ok
12,35,Drowsy,60,processed,17,18423190418062253230,138.30057843624795,24.9893795136852,8,0.16,4,0.4761171751080605,12,0.8,1.3,5.0,0.5999124060568232,0.8124549637939875,1471,1471,1423,True,ok
12,35,Drowsy,60,processed,18,8174196145883724288,138.30057843624795,24.9893795136852,8,0.16,4,0.4761171751080605,12,0.8,1.3,5.0,0.5634777613507772,0.923180407163606,1471,1471,1393,True,ok
12,35,Drowsy,60,processed,19,2143592649872644981,138.30057843624795,24.9893795136852,8,0.16,4,0.4761171751080605,12,0.8,1.3,5.0,0.655311057787302,0.9444029548270472,1471,1471,1401,True,ok
12,35,Drowsy,60,processed,20,14076537442110399779,138.30057843624795,24.9893795136852,8,0.16,4,0.4761171751080605,12,0.8,1.3,5.0,0.6142398594930674,0.9048430012421306,1471,1471,1408,True,ok
12,35,Drowsy,60,processed,21,16944371091268437390,138.30057843624795,24.9893795136852,8,0.16,4,0.4761171751080605,12,0.8,1.3,5.0,0.591276499621337,0.8204926288257715,1471,1471,1422,True,ok
12,35,Drowsy,60,processed,22,7012090743905104896,138.30057843624795,24.9893795136852,8,0.16,4,0.4761171751080605,12,0.8,1.3,5.0,0.6021827734042232,0.8270160011504173,1471,1471,1415,True,ok
12,35,Drowsy,60,processed,23,13820170932158277039,138.30057843624795,24.9893795136852,8,0.16,4,0.4761171751080605,12,0.8,1.3,5.0,0.6582180438563263,0.8405517794194324,1471,1471,1386,True,ok
12,35,Drowsy,60,processed,24,9240483256118079957,138.30057843624795,24.9893795136852,8,0.16,4,0.4761171751080605,12,0.8,1.3,5.0,0.6077430642116299,0.8821799833046612,1471,1471,1392,True,ok
12,35,Drowsy,60,processed,25,18214132493956895811,138.30057843624795,24.9893795136852,8,0.16,4,0.4761171751080605,12,0.8,1.3,5.0,0.6217095319321418,0.8608802927257897,1471,1471,1406,True,ok
12,35,Drowsy,60,processed,26,2499898061455651168,138.30057843624795,24.9893795136852,8,0.16,4,0.4761171751080605,12,0.8,1.3,5.0,0.6962401665029809,0.9218985652737737,1471,1471,1399,True,ok
12,35,Drowsy,60,processed,27,3410012919427599693,138.30057843624795,24.9893795136852,8,0.16,4,0.4761171751080605,12,0.8,1.3,5.0,0.6035218605842682,0.8800523647631163,1471,1471,1399,True,ok
12,35,Drowsy,60,processed,28,12288507365585446748,138.30057843624795,24.9893795136852,8,0.16,4,0.4761171751080605,12,0.8,1.3,5.0,0.6165045247225468,0.8651527003993914,1471,1471,1402,True,ok
12,35,Drowsy,60,processed,29,7662666838952090474,138.30057843624795,24.9893795136852,8,0.16,4,0.4761171751080605,12,0.8,1.3,5.0,0.6884239673985298,0.9458673568814555,1471,1471,1416,True,ok
12,35,Drowsy,60,processed,30,3004938658227805587,138.30057843624795,24.9893795136852,8,0.16,4,0.4761171751080605,12,0.8,1.3,5.0,0.5873014579224504,0.9154074983424588,1471,1471,1401,True,ok
12,35,Drowsy,60,processed,31,7060842131966343034,138.30057843624795,24.9893795136852,8,0.16,4,0.4761171751080605,12,0.8,1.3,5.0,0.6386681245668454,0.8776984342727826,1471,1471,1414,True,ok
12,35,Drowsy,60,processed,32,10700284740214163764,138.30057843624795,24.9893795136852,8,0.16,4,0.4761171751080605,12,0.8,1.3,5.0,0.6355541563228023,0.8582414753570357,1471,1471,1417,True,ok
12,35,Drowsy,60,processed,33,7477912444428243429,138.30057843624795,24.9893795136852,8,0.16,4,0.4761171751080605,12,0.8,1.3,5.0,0.5622061499362124,0.8074464762060297,1471,1471,1399,True,ok
12,35,Drowsy,60,processed,34,7778444864679805214,138.30057843624795,24.9893795136852,8,0.16,4,0.4761171751080605,12,0.8,1.3,5.0,0.6328738817136494,0.9524858655182256,1471,1471,1400,True,ok
12,35,Drowsy,60,processed,35,17285326686750640741,138.30057843624795,24.9893795136852,8,0.16,4,0.4761171751080605,12,0.8,1.3,5.0,0.6149053777713108,0.8623423544870678,1471,1471,1392,True,ok
12,35,Drowsy,60,processed,36,12638406884147264115,138.30057843624795,24.9893795136852,8,0.16,4,0.4761171751080605,12,0.8,1.3,5.0,0.7035009154079346,0.7980724162064775,1471,1471,1417,True,ok
12,35,Drowsy,60,processed,37,3214133997143438846,138.30057843624795,24.9893795136852,8,0.16,4,0.4761171751080605,12,0.8,1.3,5.0,0.7390391397976805,0.8429506138861458,1471,1471,1399,True,ok
12,35,Drowsy,60,processed,38,3891374882028507435,138.30057843624795,24.9893795136852,8,0.16,4,0.4761171751080605,12,0.8,1.3,5.0,0.5997203131719101,0.9059292090968665,1471,1471,1406,True,ok
12,35,Drowsy,60,processed,39,7225867954526411287,138.30057843624795,24.9893795136852,8,0.16,4,0.4761171751080605,12,0.8,1.3,5.0,0.5991184241004843,0.9355250093393055,1471,1471,1427,True,ok
12,36,Drowsy,60,processed,1,15538545026586188658,138.30057843624795,24.9893795136852,8,0.16,4,0.4251356029530083,11,0.8,1.3,5.0,0.6395677114113479,0.8858155491758485,1471,1471,1413,True,ok
12,36,Drowsy,60,processed,2,6078128622971341238,138.30057843624795,24.9893795136852,8,0.16,4,0.4251356029530083,11,0.8,1.3,5.0,0.5779303406968181,0.882862537517858,1471,1471,1412,True,ok
12,36,Drowsy,60,processed,3,10150959168813052434,138.30057843624795,24.9893795136852,8,0.16,4,0.4251356029530083,11,0.8,1.3,5.0,0.5812208222493519,0.845325083781652,1471,1471,1401,True,ok
12,36,Drowsy,60,processed,4,9703322313499372948,138.30057843624795,24.9893795136852,8,0.16,4,0.4251356029530083,11,0.8,1.3,5.0,0.5917556204175949,0.8287932305791689,1471,1471,1401,True,ok
12,36,Drowsy,60,processed,5,4400985587062535474,138.30057843624795,24.9893795136852,8,0.16,4,0.4251356029530083,11,0.8,1.3,5.0,0.5744433499670987,0.835634978463498,1471,1471,1399,True,ok
12,36,Drowsy,60,processed,6,3999101541059976737,138.30057843624795,24.9893795136852,8,0.16,4,0.4251356029530083,11,0.8,1.3,5.0,0.593988438019952,0.8597948791846434,1471,1471,1394,True,ok
12,36,Drowsy,60,processed,7,617692459796304668,138.30057843624795,24.9893795136852,8,0.16,4,0.4251356029530083,11,0.8,1.3,5.0,0.5905585932169483,0.8651392237003176,1471,1471,1385,True,ok
12,36,Drowsy,60,processed,8,14998623204098708098,138.30057843624795,24.9893795136852,8,0.16,4,0.4251356029530083,11,0.8,1.3,5.0,0.6228029923634626,0.8162803028527051,1471,1471,1411,True,ok
12,36,Drowsy,60,processed,9,4474360756441133205,138.30057843624795,24.9893795136852,8,0.16,4,0.4251356029530083,11,0.8,1.3,5.0,0.5856111807150228,0.815444527477195,1471,1471,1422,True,ok
12,36,Drowsy,60,processed,10,8726708768105878924,138.30057843624795,24.9893795136852,8,0.16,4,0.4251356029530083,11,0.8,1.3,5.0,0.6274212748108531,0.87294664408856,1471,1471,1394,True,ok
12,36,Drowsy,60,processed,11,11272680483880529626,138.30057843624795,24.9893795136852,8,0.16,4,0.4251356029530083,11,0.8,1.3,5.0,0.6040938715784456,0.7799834922156964,1471,1471,1406,True,ok
12,36,Drowsy,60,processed,12,17276800538698597681,138.30057843624795,24.9893795136852,8,0.16,4,0.4251356029530083,11,0.8,1.3,5.0,0.5989389711838852,0.8491148944808022,1471,1471,1398,True,ok
12,36,Drowsy,60,processed,13,5814785191115590878,138.30057843624795,24.9893795136852,8,0.16,4,0.4251356029530083,11,0.8,1.3,5.0,0.5945349692508222,0.8534546074208571,1471,1471,1380,True,ok
12,36,Drowsy,60,processed,14,8112732271568654135,138.30057843624795,24.9893795136852,8,0.16,4,0.4251356029530083,11,0.8,1.3,5.0,0.5795506861609703,0.817427298067655,1471,1471,1405,True,ok
12,36,Drowsy,60,processed,15,18008859581787011074,138.30057843624795,24.9893795136852,8,0.16,4,0.4251356029530083,11,0.8,1.3,5.0,0.6094480655531106,0.7548446932519187,1471,1471,1411,True,ok
12,36,Drowsy,60,processed,16,11709237023539206165,138.30057843624795,24.9893795136852,8,0.16,4,0.4251356029530083,11,0.8,1.3,5.0,0.6193757552847042,0.8663326894797222,1471,1471,1407,True,ok
12,36,Drowsy,60,processed,17,4124974285132762499,138.30057843624795,24.9893795136852,8,0.16,4,0.4251356029530083,11,0.8,1.3,5.0,0.605671448667566,0.8095064333500084,1471,1471,1420,True,ok
12,36,Drowsy,60,processed,18,5728563908434637409,138.30057843624795,24.9893795136852,8,0.16,4,0.4251356029530083,11,0.8,1.3,5.0,0.5404955096087161,0.6701284589567836,1471,1471,1409,True,ok
12,36,Drowsy,60,processed,19,5942243003956823556,138.30057843624795,24.9893795136852,8,0.16,4,0.4251356029530083,11,0.8,1.3,5.0,0.5482105313866751,0.8453561175618185,1471,1471,1404,True,ok
12,36,Drowsy,60,processed,20,1400198434707530890,138.30057843624795,24.9893795136852,8,0.16,4,0.4251356029530083,11,0.8,1.3,5.0,0.5316034012238386,0.8039829124677262,1471,1471,1427,True,ok
12,36,Drowsy,60,processed,21,307808838319110166,138.30057843624795,24.9893795136852,8,0.16,4,0.4251356029530083,11,0.8,1.3,5.0,0.6317366025255624,0.8360042717885107,1471,1471,1413,True,ok
12,36,Drowsy,60,processed,22,11951883488925093746,138.30057843624795,24.9893795136852,8,0.16,4,0.4251356029530083,11,0.8,1.3,5.0,0.5954237193842898,0.8340883359394706,1471,1471,1394,True,ok
12,36,Drowsy,60,processed,23,7338350493002655359,138.30057843624795,24.9893795136852,8,0.16,4,0.4251356029530083,11,0.8,1.3,5.0,0.5699650466207022,0.7590551694755593,1471,1471,1400,True,ok
12,36,Drowsy,60,processed,24,888157687794220971,138.30057843624795,24.9893795136852,8,0.16,4,0.4251356029530083,11,0.8,1.3,5.0,0.5700574397358363,0.7869705145709446,1471,1471,1417,True,ok
12,36,Drowsy,60,processed,25,13642623635963609251,138.30057843624795,24.9893795136852,8,0.16,4,0.4251356029530083,11,0.8,1.3,5.0,0.6061609948661204,0.7731578159657063,1471,1471,1423,True,ok
12,36,Drowsy,60,processed,26,17483828823442530917,138.30057843624795,24.9893795136852,8,0.16,4,0.4251356029530083,11,0.8,1.3,5.0,0.5395510064907393,0.7398554559201067,1471,1471,1401,True,ok
12,36,Drowsy,60,processed,27,16310874877401420861,138.30057843624795,24.9893795136852,8,0.16,4,0.4251356029530083,11,0.8,1.3,5.0,0.5779927121303883,0.8408164282966244,1471,1471,1415,True,ok
12,36,Drowsy,60,processed,28,1741471271564568527,138.30057843624795,24.9893795136852,8,0.16,4,0.4251356029530083,11,0.8,1.3,5.0,0.5971180532752319,0.8079151300322315,1471,1471,1384,True,ok
12,36,Drowsy,60,processed,29,16614541633990824925,138.30057843624795,24.9893795136852,8,0.16,4,0.4251356029530083,11,0.8,1.3,5.0,0.571229332571857,0.8197833432470215,1471,1471,1429,True,ok
12,36,Drowsy,60,processed,30,203024922185749099,138.30057843624795,24.9893795136852,8,0.16,4,0.4251356029530083,11,0.8,1.3,5.0,0.5683122709686188,0.8681131973011104,1471,1471,1415,True,ok
12,36,Drowsy,60,processed,31,4191804608850213376,138.30057843624795,24.9893795136852,8,0.16,4,0.4251356029530083,11,0.8,1.3,5.0,0.5579356065291643,0.8984304217379184,1471,1471,1393,True,ok
12,36,Drowsy,60,processed,32,6175629082958091647,138.30057843624795,24.9893795136852,8,0.16,4,0.4251356029530083,11,0.8,1.3,5.0,0.5488752070054939,0.8428524650883542,1471,1471,1410,True,ok
12,36,Drowsy,60,processed,33,13466295833293685699,138.30057843624795,24.9893795136852,8,0.16,4,0.4251356029530083,11,0.8,1.3,5.0,0.5838235133989995,0.7619261853026078,1471,1471,1418,True,ok
12,36,Drowsy,60,processed,34,15152560540754708472,138.30057843624795,24.9893795136852,8,0.16,4,0.4251356029530083,11,0.8,1.3,5.0,0.5631643535286203,0.8480733956221057,1471,1471,1428,True,ok
12,36,Drowsy,60,processed,35,3563007838161795738,138.30057843624795,24.9893795136852,8,0.16,4,0.4251356029530083,11,0.8,1.3,5.0,0.5967422017243325,0.8356854670857126,1471,1471,1419,True,ok
12,36,Drowsy,60,processed,36,292323405568929803,138.30057843624795,24.9893795136852,8,0.16,4,0.4251356029530083,11,0.8,1.3,5.0,0.5973730150068635,0.7967541409109792,1471,1471,1407,True,ok
12,36,Drowsy,60,processed,37,14806341324663149030,138.30057843624795,24.9893795136852,8,0.16,4,0.4251356029530083,11,0.8,1.3,5.0,0.5567341586050498,0.8573597125664968,1471,1471,1404,True,ok
12,36,Drowsy,60,processed,38,2220666151434712607,138.30057843624795,24.9893795136852,8,0.16,4,0.4251356029530083,11,0.8,1.3,5.0,0.5640278540273721,0.8327308586110697,1471,1471,1419,True,ok
12,36,Drowsy,60,processed,39,3732918530257680582,138.30057843624795,24.9893795136852,8,0.16,4,0.4251356029530083,11,0.8,1.3,5.0,0.5712689540625533,0.8302296761785505,1471,1471,1422,True,ok
12,37,Drowsy,60,processed,1,3112991247018201974,115.00613197126222,24.9893795136852,8,0.16,4,0.4406473917555268,11,0.8,1.3,5.0,0.617453136497649,0.848777719662808,1471,1471,1401,True,ok
12,37,Drowsy,60,processed,2,13550692768853476989,115.00613197126222,24.9893795136852,8,0.16,4,0.4406473917555268,11,0.8,1.3,5.0,0.644884156205729,0.8568312931404071,1471,1471,1387,True,ok
12,37,Drowsy,60,processed,3,15728876092511817791,115.00613197126222,24.9893795136852,8,0.16,4,0.4406473917555268,11,0.8,1.3,5.0,0.6534597556070981,0.876761058489294,1471,1471,1419,True,ok
12,37,Drowsy,60,processed,4,7507235947192672456,115.00613197126222,24.9893795136852,8,0.16,4,0.4406473917555268,11,0.8,1.3,5.0,0.631302740504047,0.9223197748137374,1471,1471,1381,True,ok
12,37,Drowsy,60,processed,5,15775787523030092536,115.00613197126222,24.9893795136852,8,0.16,4,0.4406473917555268,11,0.8,1.3,5.0,0.5816487882226731,0.9009389354964439,1471,1471,1421,True,ok
12,37,Drowsy,60,processed,6,4921841133862951693,115.00613197126222,24.9893795136852,8,0.16,4,0.4406473917555268,11,0.8,1.3,5.0,0.5962813560751523,0.9381553376072664,1471,1471,1418,True,ok
12,37,Drowsy,60,processed,7,1625285755420636796,115.00613197126222,24.9893795136852,8,0.16,4,0.4406473917555268,11,0.8,1.3,5.0,0.6015454640662418,0.8902488117083515,1471,1471,1401,True,ok
12,37,Drowsy,60,processed,8,9787025011388771234,115.00613197126222,24.9893795136852,8,0.16,4,0.4406473917555268,11,0.8,1.3,5.0,0.5971090647964744,0.8601503280100392,1471,1471,1423,True,ok
12,37,Drowsy,60,processed,9,13628189010685472473,115.00613197126222,24.9893795136852,8,0.16,4,0.4406473917555268,11,0.8,1.3,5.0,0.6100194299530338,0.903747201946448,1471,1471,1395,True,ok
12,37,Drowsy,60,processed,10,15523591638712093832,115.00613197126222,24.9893795136852,8,0.16,4,0.4406473917555268,11,0.8,1.3,5.0,0.6063893668550853,0.8400735089243796,1471,1471,1403,True,ok
12,37,Drowsy,60,processed,11,11431078747697394970,115.00613197126222,24.9893795136852,8,0.16,4,0.4406473917555268,11,0.8,1.3,5.0,0.616855535166938,0.8566290821809963,1471,1471,1418,True,ok
12,37,Drowsy,60,processed,12,7919841254720455631,115.00613197126222,24.9893795136852,8,0.16,4,0.4406473917555268,11,0.8,1.3,5.0,0.6252540562139622,0.8949557618578651,1471,1471,1381,True,ok
12,37,Drowsy,60,processed,13,17499564894404709253,115.00613197126222,24.9893795136852,8,0.16,4,0.4406473917555268,11,0.8,1.3,5.0,0.6135599682170834,0.9038440646100288,1471,1471,1390,True,ok
12,37,Drowsy,60,processed,14,14115746570060189121,115.00613197126222,24.9893795136852,8,0.16,4,0.4406473917555268,11,0.8,1.3,5.0,0.5714626074207267,0.8100348948292541,1471,1471,1402,True,ok
12,37,Drowsy,60,processed,15,13490644382793906296,115.00613197126222,24.9893795136852,8,0.16,4,0.4406473917555268,11,0.8,1.3,5.0,0.6818208872991933,0.8733839254261562,1471,1471,1390,True,ok
12,37,Drowsy,60,processed,16,13030679947040819368,115.00613197126222,24.9893795136852,8,0.16,4,0.4406473917555268,11,0.8,1.3,5.0,0.6222647458852643,0.9022829762729906,1471,1471,1426,True,ok
12,37,Drowsy,60,processed,17,18029589978235880053,115.00613197126222,24.9893795136852,8,0.16,4,0.4406473917555268,11,0.8,1.3,5.0,0.6266807512498852,0.892742861040211,1471,1471,1386,True,ok
12,37,Drowsy,60,processed,18,12366140172040058035,115.00613197126222,24.9893795136852,8,0.16,4,0.4406473917555268,11,0.8,1.3,5.0,0.5789835468453481,0.8139384987681173,1471,1471,1417,True,ok
12,37,Drowsy,60,processed,19,11738110171906579179,115.00613197126222,24.9893795136852,8,0.16,4,0.4406473917555268,11,0.8,1.3,5.0,0.5723336817490412,0.9253626834071191,1471,1471,1412,True,ok
12,37,Drowsy,60,processed,20,16284073744000158620,115.00613197126222,24.9893795136852,8,0.16,4,0.4406473917555268,11,0.8,1.3,5.0,0.6278269917921516,0.8377353814757763,1471,1471,1408,True,ok
12,37,Drowsy,60,processed,21,16938506514074289220,115.00613197126222,24.9893795136852,8,0.16,4,0.4406473917555268,11,0.8,1.3,5.0,0.6095416672596581,0.8667012442573122,1471,1471,1399,True,ok
12,37,Drowsy,60,processed,22,13144415630131919561,115.00613197126222,24.9893795136852,8,0.16,4,0.4406473917555268,11,0.8,1.3,5.0,0.6212856891060924,0.8002065445662797,1471,1471,1391,True,ok
12,37,Drowsy,60,processed,23,10155329796922233401,115.00613197126222,24.9893795136852,8,0.16,4,0.4406473917555268,11,0.8,1.3,5.0,0.6567589377664368,0.8395651257283989,1471,1471,1401,True,ok
12,37,Drowsy,60,processed,24,5682945260890760021,115.00613197126222,24.9893795136852,8,0.16,4,0.4406473917555268,11,0.8,1.3,5.0,0.5777382915989894,0.8001306696310859,1471,1471,1395,True,ok
12,37,Drowsy,60,processed,25,4333073031315238195,115.00613197126222,24.9893795136852,8,0.16,4,0.4406473917555268,11,0.8,1.3,5.0,0.6432178097632527,0.8790628191174967,1471,1471,1403,True,ok
12,37,Drowsy,60,processed,26,11544824608920017964,115.00613197126222,24.9893795136852,8,0.16,4,0.4406473917555268,11,0.8,1.3,5.0,0.6257579971578859,0.8180298112808486,1471,1471,1408,True,ok
12,37,Drowsy,60,processed,27,14347207420655657180,115.00613197126222,24.9893795136852,8,0.16,4,0.4406473917555268,11,0.8,1.3,5.0,0.6019116098514979,0.9345152856747163,1471,1471,1408,True,ok
12,37,Drowsy,60,processed,28,6884302865597525713,115.00613197126222,24.9893795136852,8,0.16,4,0.4406473917555268,11,0.8,1.3,5.0,0.5750979147310933,0.7927896117274844,1471,1471,1406,True,ok
12,37,Drowsy,60,processed,29,18345603542802215694,115.00613197126222,24.9893795136852,8,0.16,4,0.4406473917555268,11,0.8,1.3,5.0,0.6433469955604688,0.8751807182428442,1471,1471,1409,True,ok
12,37,Drowsy,60,processed,30,1075948662420451931,115.00613197126222,24.9893795136852,8,0.16,4,0.4406473917555268,11,0.8,1.3,5.0,0.640859217093033,0.8865735345451767,1471,1471,1398,True,ok
12,37,Drowsy,60,processed,31,17690224802358610909,115.00613197126222,24.9893795136852,8,0.16,4,0.4406473917555268,11,0.8,1.3,5.0,0.5800212298534818,0.7682022795574105,1471,1471,1391,True,ok
12,37,Drowsy,60,processed,32,6751378247797086257,115.00613197126222,24.9893795136852,8,0.16,4,0.4406473917555268,11,0.8,1.3,5.0,0.5638012490726766,0.8832877717325216,1471,1471,1423,True,ok
12,37,Drowsy,60,processed,33,8203146968495491459,115.00613197126222,24.9893795136852,8,0.16,4,0.4406473917555268,11,0.8,1.3,5.0,0.5555543945258276,0.825492373551571,1471,1471,1421,True,ok
12,37,Drowsy,60,processed,34,1747456380163899852,115.00613197126222,24.9893795136852,8,0.16,4,0.4406473917555268,11,0.8,1.3,5.0,0.6176227276146561,0.9080641436191892,1471,1471,1409,True,ok
12,37,Drowsy,60,processed,35,357254777959735243,115.00613197126222,24.9893795136852,8,0.16,4,0.4406473917555268,11,0.8,1.3,5.0,0.6917804064455781,0.943523836797231,1471,1471,1404,True,ok
12,37,Drowsy,60,processed,36,9987459736911425936,115.00613197126222,24.9893795136852,8,0.16,4,0.4406473917555268,11,0.8,1.3,5.0,0.6724891844711914,0.9241139647584674,1471,1471,1398,True,ok
12,37,Drowsy,60,processed,37,17873898271636503251,115.00613197126222,24.9893795136852,8,0.16,4,0.4406473917555268,11,0.8,1.3,5.0,0.5751506683731176,0.8759834275458116,1471,1471,1401,True,ok
12,37,Drowsy,60,processed,38,6696882238343777448,115.00613197126222,24.9893795136852,8,0.16,4,0.4406473917555268,11,0.8,1.3,5.0,0.5819301723630158,0.7225809549907758,1471,1471,1407,True,ok
12,37,Drowsy,60,processed,39,12027645295046509085,115.00613197126222,24.9893795136852,8,0.16,4,0.4406473917555268,11,0.8,1.3,5.0,0.6019324157745971,0.8228049121497192,1471,1471,1418,True,ok
12,38,Drowsy,60,processed,1,409668760726879028,138.30057843624795,24.9893795136852,8,0.16,4,0.4482753991985441,11,0.8,1.3,5.0,0.5725525490888143,0.8793434044783329,1471,1471,1392,True,ok
12,38,Drowsy,60,processed,2,10733022756773812049,138.30057843624795,24.9893795136852,8,0.16,4,0.4482753991985441,11,0.8,1.3,5.0,0.618535598906037,0.8869007138603174,1471,1471,1388,True,ok
12,38,Drowsy,60,processed,3,14121813847940645310,138.30057843624795,24.9893795136852,8,0.16,4,0.4482753991985441,11,0.8,1.3,5.0,0.5962430070752539,0.8143931259501865,1471,1471,1406,True,ok
12,38,Drowsy,60,processed,4,2353741589343639706,138.30057843624795,24.9893795136852,8,0.16,4,0.4482753991985441,11,0.8,1.3,5.0,0.571627399520629,0.7578812343092539,1471,1471,1406,True,ok
12,38,Drowsy,60,processed,5,13911026644858462395,138.30057843624795,24.9893795136852,8,0.16,4,0.4482753991985441,11,0.8,1.3,5.0,0.5800314188133332,0.8766456414143345,1471,1471,1403,True,ok
12,38,Drowsy,60,processed,6,12145148959321458778,138.30057843624795,24.9893795136852,8,0.16,4,0.4482753991985441,11,0.8,1.3,5.0,0.554126860460131,0.8741543212641979,1471,1471,1406,True,ok
12,38,Drowsy,60,processed,7,2156300195135224691,138.30057843624795,24.9893795136852,8,0.16,4,0.4482753991985441,11,0.8,1.3,5.0,0.6301752852422288,0.8888019745407392,1471,1471,1412,True,ok
12,38,Drowsy,60,processed,8,18026614690935670110,138.30057843624795,24.9893795136852,8,0.16,4,0.4482753991985441,11,0.8,1.3,5.0,0.6340202795854647,0.8604731274221658,1471,1471,1404,True,ok
12,38,Drowsy,60,processed,9,9477249348382031655,138.30057843624795,24.9893795136852,8,0.16,4,0.4482753991985441,11,0.8,1.3,5.0,0.5292406730635256,0.816694147435284,1471,1471,1419,True,ok
12,38,Drowsy,60,processed,10,2548774526843767255,138.30057843624795,24.9893795136852,8,0.16,4,0.4482753991985441,11,0.8,1.3,5.0,0.5750683865966151,0.8237514292952717,1471,1471,1398,True,ok
12,38,Drowsy,60,processed,11,401621109345305007,138.30057843624795,24.9893795136852,8,0.16,4,0.4482753991985441,11,0.8,1.3,5.0,0.5607497300308631,0.7769177879361033,1471,1471,1403,True,ok
12,38,Drowsy,60,processed,12,648522044620231756,138.30057843624795,24.9893795136852,8,0.16,4,0.4482753991985441,11,0.8,1.3,5.0,0.6026695495912656,0.8916199128538951,1471,1471,1417,True,ok
12,38,Drowsy,60,processed,13,10655328360810979331,138.30057843624795,24.9893795136852,8,0.16,4,0.4482753991985441,11,0.8,1.3,5.0,0.5823240010468189,0.7867751145793846,1471,1471,1421,True,ok
12,38,Drowsy,60,processed,14,12016241112479376807,138.30057843624795,24.9893795136852,8,0.16,4,0.4482753991985441,11,0.8,1.3,5.0,0.617649337860675,0.9222729757855924,1471,1471,1417,True,ok
12,38,Drowsy,60,processed,15,674442974429454740,138.30057843624795,24.9893795136852,8,0.16,4,0.4482753991985441,11,0.8,1.3,5.0,0.5232195480748858,0.8771861051632026,1471,1471,1414,True,ok
12,38,Drowsy,60,processed,16,13723335581397215059,138.30057843624795,24.9893795136852,8,0.16,4,0.4482753991985441,11,0.8,1.3,5.0,0.5370204506998685,0.8162171591552156,1471,1471,1424,True,ok
12,38,Drowsy,60,processed,17,14503234702094965516,138.30057843624795,24.9893795136852,8,0.16,4,0.4482753991985441,11,0.8,1.3,5.0,0.5853515910985212,0.8952034641842308,1471,1471,1420,True,ok
12,38,Drowsy,60,processed,18,1417752591696063779,138.30057843624795,24.9893795136852,8,0.16,4,0.4482753991985441,11,0.8,1.3,5.0,0.5140785777645799,0.8059271703599598,1471,1471,1398,True,ok
12,38,Drowsy,60,processed,19,17899278630740750766,138.30057843624795,24.9893795136852,8,0.16,4,0.4482753991985441,11,0.8,1.3,5.0,0.5831554561081926,0.7624672558818812,1471,1471,1401,True,ok
12,38,Drowsy,60,processed,20,10480095813723820161,138.30057843624795,24.9893795136852,8,0.16,4,0.4482753991985441,11,0.8,1.3,5.0,0.6049299968950458,0.8634616779995051,1471,1471,1397,True,ok
12,38,Drowsy,60,processed,21,17987537306029110540,138.30057843624795,24.9893795136852,8,0.16,4,0.4482753991985441,11,0.8,1.3,5.0,0.6050986224179586,0.8301841486453724,1471,1471,1395,True,ok
12,38,Drowsy,60,processed,22,8766036678289598933,138.30057843624795,24.9893795136852,8,0.16,4,0.4482753991985441,11,0.8,1.3,5.0,0.5922920590599983,0.7770834571777243,1471,1471,1417,True,ok
12,38,Drowsy,60,processed,23,18172077215347729439,138.30057843624795,24.9893795136852,8,0.16,4,0.4482753991985441,11,0.8,1.3,5.0,0.5684329536641868,0.833552113245744,1471,1471,1409,True,ok
12,38,Drowsy,60,processed,24,12694574801364556433,138.30057843624795,24.9893795136852,8,0.16,4,0.4482753991985441,11,0.8,1.3,5.0,0.587728220459813,0.8952901208321539,1471,1471,1414,True,ok
12,38,Drowsy,60,processed,25,11972522169707263283,138.30057843624795,24.9893795136852,8,0.16,4,0.4482753991985441,11,0.8,1.3,5.0,0.5363343402576273,0.8486444752959856,1471,1471,1392,True,ok
12,38,Drowsy,60,processed,26,13909585987110738708,138.30057843624795,24.9893795136852,8,0.16,4,0.4482753991985441,11,0.8,1.3,5.0,0.5877475966706521,0.8660975451324682,1471,1471,1404,True,ok
12,38,Drowsy,60,processed,27,748622109965561908,138.30057843624795,24.9893795136852,8,0.16,4,0.4482753991985441,11,0.8,1.3,5.0,0.590210862287572,0.8047768516794523,1471,1471,1423,True,ok
12,38,Drowsy,60,processed,28,7510495318593676719,138.30057843624795,24.9893795136852,8,0.16,4,0.4482753991985441,11,0.8,1.3,5.0,0.5825463379797613,0.8129457787239305,1471,1471,1398,True,ok
12,38,Drowsy,60,processed,29,16816745410788994151,138.30057843624795,24.9893795136852,8,0.16,4,0.4482753991985441,11,0.8,1.3,5.0,0.5770686572939818,0.8512807439091198,1471,1471,1409,True,ok
12,38,Drowsy,60,processed,30,14137855796149301612,138.30057843624795,24.9893795136852,8,0.16,4,0.4482753991985441,11,0.8,1.3,5.0,0.5450336763515472,0.8469815404396788,1471,1471,1415,True,ok
12,38,Drowsy,60,processed,31,6136964028798290330,138.30057843624795,24.9893795136852,8,0.16,4,0.4482753991985441,11,0.8,1.3,5.0,0.5477518398096856,0.8557780398331742,1471,1471,1388,True,ok
12,38,Drowsy,60,processed,32,15298446545902902905,138.30057843624795,24.9893795136852,8,0.16,4,0.4482753991985441,11,0.8,1.3,5.0,0.6307300258230878,0.8024054031667434,1471,1471,1420,True,ok
12,38,Drowsy,60,processed,33,16466629969248566808,138.30057843624795,24.9893795136852,8,0.16,4,0.4482753991985441,11,0.8,1.3,5.0,0.5580075997691872,0.8312599717081834,1471,1471,1386,True,ok
12,38,Drowsy,60,processed,34,13147911926185968149,138.30057843624795,24.9893795136852,8,0.16,4,0.4482753991985441,11,0.8,1.3,5.0,0.6022582322622648,0.9225030070929505,1471,1471,1409,True,ok
12,38,Drowsy,60,processed,35,12188159723596808012,138.30057843624795,24.9893795136852,8,0.16,4,0.4482753991985441,11,0.8,1.3,5.0,0.597280050520622,0.8831957434984506,1471,1471,1398,True,ok
12,38,Drowsy,60,processed,36,13927185620039033775,138.30057843624795,24.9893795136852,8,0.16,4,0.4482753991985441,11,0.8,1.3,5.0,0.5615910147180995,0.8531089548373948,1471,1471,1394,True,ok
12,38,Drowsy,60,processed,37,16762318399225405515,138.30057843624795,24.9893795136852,8,0.16,4,0.4482753991985441,11,0.8,1.3,5.0,0.5790860455973962,0.8386447843755583,1471,1471,1421,True,ok
12,38,Drowsy,60,processed,38,5638992642773311009,138.30057843624795,24.9893795136852,8,0.16,4,0.4482753991985441,11,0.8,1.3,5.0,0.5432641394298804,0.8577862777758556,1471,1471,1411,True,ok
12,38,Drowsy,60,processed,39,13295861847776980575,138.30057843624795,24.9893795136852,8,0.16,4,0.4482753991985441,11,0.8,1.3,5.0,0.608888352152648,0.8138452968263874,1471,1471,1377,True,ok
12,39,Drowsy,60,processed,1,12998776848488516732,115.00613197126222,24.9893795136852,8,0.16,4,0.4581744150343859,11,0.8,1.3,5.0,0.6669916049659734,0.865351503582371,1471,1471,1394,True,ok
12,39,Drowsy,60,processed,2,17859056779958232664,115.00613197126222,24.9893795136852,8,0.16,4,0.4581744150343859,11,0.8,1.3,5.0,0.6395857297893582,0.9503006608179515,1471,1471,1416,True,ok
12,39,Drowsy,60,processed,3,13382615657757548654,115.00613197126222,24.9893795136852,8,0.16,4,0.4581744150343859,11,0.8,1.3,5.0,0.7354875885027357,0.8188240668983594,1471,1471,1409,True,ok
12,39,Drowsy,60,processed,4,10496089792297815626,115.00613197126222,24.9893795136852,8,0.16,4,0.4581744150343859,11,0.8,1.3,5.0,0.6941517032184756,0.8625760522775614,1471,1471,1416,True,ok
12,39,Drowsy,60,processed,5,11487694462302724990,115.00613197126222,24.9893795136852,8,0.16,4,0.4581744150343859,11,0.8,1.3,5.0,0.6776102821271184,0.9058353593755012,1471,1471,1421,True,ok
12,39,Drowsy,60,processed,6,16255391248848857211,115.00613197126222,24.9893795136852,8,0.16,4,0.4581744150343859,11,0.8,1.3,5.0,0.6704271037182762,0.8831775997150046,1471,1471,1403,True,ok
12,39,Drowsy,60,processed,7,9701771711433189964,115.00613197126222,24.9893795136852,8,0.16,4,0.4581744150343859,11,0.8,1.3,5.0,0.6598290792764503,0.9032574490036146,1471,1471,1411,True,ok
12,39,Drowsy,60,processed,8,10373392358177278454,115.00613197126222,24.9893795136852,8,0.16,4,0.4581744150343859,11,0.8,1.3,5.0,0.5680866443085056,0.8695175908724427,1471,1471,1410,True,ok
12,39,Drowsy,60,processed,9,7397011196290067474,115.00613197126222,24.9893795136852,8,0.16,4,0.4581744150343859,11,0.8,1.3,5.0,0.6985402298125281,0.8531712559644016,1471,1471,1399,True,ok
12,39,Drowsy,60,processed,10,10921052938001775097,115.00613197126222,24.9893795136852,8,0.16,4,0.4581744150343859,11,0.8,1.3,5.0,0.6372811522739007,0.8538112124210382,1471,1471,1424,True,ok
12,39,Drowsy,60,processed,11,17417864657089886859,115.00613197126222,24.9893795136852,8,0.16,4,0.4581744150343859,11,0.8,1.3,5.0,0.6571908791902155,0.8712121450406051,1471,1471,1422,True,ok
12,39,Drowsy,60,processed,12,11472798032993525651,115.00613197126222,24.9893795136852,8,0.16,4,0.4581744150343859,11,0.8,1.3,5.0,0.6407090499602451,0.8173029173048512,1471,1471,1408,True,ok
12,39,Drowsy,60,processed,13,9109426857232536817,115.00613197126222,24.9893795136852,8,0.16,4,0.4581744150343859,11,0.8,1.3,5.0,0.6299548308825121,0.8046575706658694,1471,1471,1424,True,ok
12,39,Drowsy,60,processed,14,8098252389339548514,115.00613197126222,24.9893795136852,8,0.16,4,0.4581744150343859,11,0.8,1.3,5.0,0.6187156743104276,0.9014898387610986,1471,1471,1415,True,ok
12,39,Drowsy,60,processed,15,11706490315338342580,115.00613197126222,24.9893795136852,8,0.16,4,0.4581744150343859,11,0.8,1.3,5.0,0.708067213584205,0.889397361683614,1471,1471,1398,True,ok
12,39,Drowsy,60,processed,16,12909585942228955704,115.00613197126222,24.9893795136852,8,0.16,4,0.4581744150343859,11,0.8,1.3,5.0,0.5962959815252084,0.8093111696736279,1471,1471,1404,True,ok
12,39,Drowsy,60,processed,17,1575059604676894656,115.00613197126222,24.9893795136852,8,0.16,4,0.4581744150343859,11,0.8,1.3,5.0,0.6172155068355643,0.8812592221767853,1471,1471,1391,True,ok
12,39,Drowsy,60,processed,18,10578161847208005224,115.00613197126222,24.9893795136852,8,0.16,4,0.4581744150343859,11,0.8,1.3,5.0,0.6803081781833742,0.9471239469183178,1471,1471,1406,True,ok
12,39,Drowsy,60,processed,19,15491080092833277969,115.00613197126222,24.9893795136852,8,0.16,4,0.4581744150343859,11,0.8,1.3,5.0,0.6602864450663001,0.8818450669162046,1471,1471,1410,True,ok
12,39,Drowsy,60,processed,20,4687814235923561339,115.00613197126222,24.9893795136852,8,0.16,4,0.4581744150343859,11,0.8,1.3,5.0,0.6206513547301112,0.847774822251374,1471,1471,1417,True,ok
12,39,Drowsy,60,processed,21,12283893676565699523,115.00613197126222,24.9893795136852,8,0.16,4,0.4581744150343859,11,0.8,1.3,5.0,0.5561156812152301,0.7727929251273197,1471,1471,1415,True,ok
12,39,Drowsy,60,processed,22,5116396117578636342,115.00613197126222,24.9893795136852,8,0.16,4,0.4581744150343859,11,0.8,1.3,5.0,0.6530855882290929,0.8962403805679544,1471,1471,1408,True,ok
12,39,Drowsy,60,processed,23,10160403994108672234,115.00613197126222,24.9893795136852,8,0.16,4,0.4581744150343859,11,0.8,1.3,5.0,0.6560670587057674,0.8976717327421327,1471,1471,1423,True,ok
12,39,Drowsy,60,processed,24,14865846894532191103,115.00613197126222,24.9893795136852,8,0.16,4,0.4581744150343859,11,0.8,1.3,5.0,0.6961775651695459,0.9133611990836621,1471,1471,1407,True,ok
12,39,Drowsy,60,processed,25,348922136538680151,115.00613197126222,24.9893795136852,8,0.16,4,0.4581744150343859,11,0.8,1.3,5.0,0.6375552868613311,0.9347948796216151,1471,1457,1401,True,ok
12,39,Drowsy,60,processed,26,12938288433397834079,115.00613197126222,24.9893795136852,8,0.16,4,0.4581744150343859,11,0.8,1.3,5.0,0.5741109457735174,0.9115084897786475,1471,1471,1423,True,ok
12,39,Drowsy,60,processed,27,2809683338748055759,115.00613197126222,24.9893795136852,8,0.16,4,0.4581744150343859,11,0.8,1.3,5.0,0.5862505314813675,0.8202563932097761,1471,1471,1419,True,ok
12,39,Drowsy,60,processed,28,14187135918764937113,115.00613197126222,24.9893795136852,8,0.16,4,0.4581744150343859,11,0.8,1.3,5.0,0.5752508724806847,0.8877007781221701,1471,1471,1414,True,ok
12,39,Drowsy,60,processed,29,548898265116751712,115.00613197126222,24.9893795136852,8,0.16,4,0.4581744150343859,11,0.8,1.3,5.0,0.6789907413439129,0.9285256163956735,1471,1463,1409,True,ok
12,39,Drowsy,60,processed,30,1293781417393441420,115.00613197126222,24.9893795136852,8,0.16,4,0.4581744150343859,11,0.8,1.3,5.0,0.5865158013986633,0.8690455882573372,1471,1471,1411,True,ok
12,39,Drowsy,60,processed,31,6327826133809299158,115.00613197126222,24.9893795136852,8,0.16,4,0.4581744150343859,11,0.8,1.3,5.0,0.6058158092327856,0.928502720695769,1471,1471,1416,True,ok
12,39,Drowsy,60,processed,32,17924146455931394814,115.00613197126222,24.9893795136852,8,0.16,4,0.4581744150343859,11,0.8,1.3,5.0,0.6218883545582573,0.8711107549276573,1471,1471,1405,True,ok
12,39,Drowsy,60,processed,33,8697119407810367179,115.00613197126222,24.9893795136852,8,0.16,4,0.4581744150343859,11,0.8,1.3,5.0,0.5734192700115925,0.7320094423698298,1471,1471,1408,True,ok
12,39,Drowsy,60,processed,34,14494533236545078762,115.00613197126222,24.9893795136852,8,0.16,4,0.4581744150343859,11,0.8,1.3,5.0,0.6662438751326383,0.8512197931928868,1471,1471,1375,True,ok
12,39,Drowsy,60,processed,35,9808052896015426586,115.00613197126222,24.9893795136852,8,0.16,4,0.4581744150343859,11,0.8,1.3,5.0,0.6501096704865051,0.8654901636062096,1471,1471,1425,True,ok
12,39,Drowsy,60,processed,36,1526530053841985796,115.00613197126222,24.9893795136852,8,0.16,4,0.4581744150343859,11,0.8,1.3,5.0,0.5876980528894351,0.8686511385235756,1471,1471,1391,True,ok
12,39,Drowsy,60,processed,37,15532720976038889544,115.00613197126222,24.9893795136852,8,0.16,4,0.4581744150343859,11,0.8,1.3,5.0,0.6170445538385942,0.9225695115379543,1471,1471,1398,True,ok
12,39,Drowsy,60,processed,38,14301893102501967187,115.00613197126222,24.9893795136852,8,0.16,4,0.4581744150343859,11,0.8,1.3,5.0,0.6625618746774502,0.9291956283465881,1471,1471,1422,True,ok
12,39,Drowsy,60,processed,39,11275954378439762458,115.00613197126222,24.9893795136852,8,0.16,4,0.4581744150343859,11,0.8,1.3,5.0,0.6294612935414362,0.9200937633453804,1471,1471,1375,True,ok
12,40,Drowsy,60,processed,1,2084678974425899643,166.3133058033831,24.9893795136852,8,0.16,4,0.4256662977229457,11,0.8,1.3,5.0,0.5089914222136565,0.7285734167041785,1471,1471,1415,True,ok
12,40,Drowsy,60,processed,2,13401949122601513376,166.3133058033831,24.9893795136852,8,0.16,4,0.4256662977229457,11,0.8,1.3,5.0,0.5153907619388216,0.6853506082361428,1471,1471,1385,True,ok
12,40,Drowsy,60,processed,3,14882990699050313280,166.3133058033831,24.9893795136852,8,0.16,4,0.4256662977229457,11,0.8,1.3,5.0,0.5490504572194129,0.826999848497857,1471,1471,1401,True,ok
12,40,Drowsy,60,processed,4,8391589933472939856,166.3133058033831,24.9893795136852,8,0.16,4,0.4256662977229457,11,0.8,1.3,5.0,0.5546646680674083,0.8261203752348582,1471,1471,1407,True,ok
12,40,Drowsy,60,processed,5,7212911630422061321,166.3133058033831,24.9893795136852,8,0.16,4,0.4256662977229457,11,0.8,1.3,5.0,0.5388177418505498,0.8488542967402206,1471,1471,1421,True,ok
12,40,Drowsy,60,processed,6,5451157827477798415,166.3133058033831,24.9893795136852,8,0.16,4,0.4256662977229457,11,0.8,1.3,5.0,0.5335559816801723,0.7797881934550905,1471,1471,1397,True,ok
12,40,Drowsy,60,processed,7,1845993109287751493,166.3133058033831,24.9893795136852,8,0.16,4,0.4256662977229457,11,0.8,1.3,5.0,0.5037040549654254,0.7792940842772185,1471,1471,1404,True,ok
12,40,Drowsy,60,processed,8,14764262643810437101,166.3133058033831,24.9893795136852,8,0.16,4,0.4256662977229457,11,0.8,1.3,5.0,0.48622479293408416,0.8914041489582816,1471,1471,1421,True,ok
12,40,Drowsy,60,processed,9,14903956287062774816,166.3133058033831,24.9893795136852,8,0.16,4,0.4256662977229457,11,0.8,1.3,5.0,0.48504625587404904,0.6979402925476746,1471,1471,1422,True,ok
12,40,Drowsy,60,processed,10,14916184695271421414,166.3133058033831,24.9893795136852,8,0.16,4,0.4256662977229457,11,0.8,1.3,5.0,0.5549420592281847,0.8717657797008548,1471,1471,1405,True,ok
12,40,Drowsy,60,processed,11,6495893298649914110,166.3133058033831,24.9893795136852,8,0.16,4,0.4256662977229457,11,0.8,1.3,5.0,0.5279482368356639,0.7915385943352002,1471,1471,1398,True,ok
12,40,Drowsy,60,processed,12,7646802606609719072,166.3133058033831,24.9893795136852,8,0.16,4,0.4256662977229457,11,0.8,1.3,5.0,0.5532707304747112,0.7772962164938902,1471,1471,1404,True,ok
12,40,Drowsy,60,processed,13,11500076717652993776,166.3133058033831,24.9893795136852,8,0.16,4,0.4256662977229457,11,0.8,1.3,5.0,0.5281725048792688,0.8788200409076997,1471,1471,1406,True,ok
12,40,Drowsy,60,processed,14,9512105685781651969,166.3133058033831,24.9893795136852,8,0.16,4,0.4256662977229457,11,0.8,1.3,5.0,0.5185648212844791,0.8869847200972634,1471,1471,1396,True,ok
12,40,Drowsy,60,processed,15,2563821989535393819,166.3133058033831,24.9893795136852,8,0.16,4,0.4256662977229457,11,0.8,1.3,5.0,0.5145712611087011,0.7616359062199486,1471,1471,1400,True,ok
12,40,Drowsy,60,processed,16,561798656461647068,166.3133058033831,24.9893795136852,8,0.16,4,0.4256662977229457,11,0.8,1.3,5.0,0.49963386613945,0.7865859342488846,1471,1471,1388,True,ok
12,40,Drowsy,60,processed,17,7434181477941925983,166.3133058033831,24.9893795136852,8,0.16,4,0.4256662977229457,11,0.8,1.3,5.0,0.49703034486396486,0.6701279893763434,1471,1471,1398,True,ok
12,40,Drowsy,60,processed,18,11327262679827265993,166.3133058033831,24.9893795136852,8,0.16,4,0.4256662977229457,11,0.8,1.3,5.0,0.4968722572886548,0.7154856699289346,1471,1471,1407,True,ok
12,40,Drowsy,60,processed,19,8374094580442682218,166.3133058033831,24.9893795136852,8,0.16,4,0.4256662977229457,11,0.8,1.3,5.0,0.5350303301627597,0.7640849407280355,1471,1471,1413,True,ok
12,40,Drowsy,60,processed,20,9137394458758551021,166.3133058033831,24.9893795136852,8,0.16,4,0.4256662977229457,11,0.8,1.3,5.0,0.5300711313824956,0.8070944597328232,1471,1471,1418,True,ok
12,40,Drowsy,60,processed,21,13629505480691124801,166.3133058033831,24.9893795136852,8,0.16,4,0.4256662977229457,11,0.8,1.3,5.0,0.5551219595103218,0.7686512538925987,1471,1471,1404,True,ok
12,40,Drowsy,60,processed,22,4900127205973876400,166.3133058033831,24.9893795136852,8,0.16,4,0.4256662977229457,11,0.8,1.3,5.0,0.5270784288090203,0.7472601682166305,1471,1471,1426,True,ok
12,40,Drowsy,60,processed,23,15083872010321730066,166.3133058033831,24.9893795136852,8,0.16,4,0.4256662977229457,11,0.8,1.3,5.0,0.4864465421469057,0.7393912622138062,1471,1471,1417,True,ok
12,40,Drowsy,60,processed,24,13226012984271794725,166.3133058033831,24.9893795136852,8,0.16,4,0.4256662977229457,11,0.8,1.3,5.0,0.5135629202442135,0.7200113238394267,1471,1471,1405,True,ok
12,40,Drowsy,60,processed,25,5721435764014268823,166.3133058033831,24.9893795136852,8,0.16,4,0.4256662977229457,11,0.8,1.3,5.0,0.5185485435401938,0.891612485705307,1471,1471,1407,True,ok
12,40,Drowsy,60,processed,26,16179038087007562514,166.3133058033831,24.9893795136852,8,0.16,4,0.4256662977229457,11,0.8,1.3,5.0,0.48017563924952117,0.7564000176299434,1471,1471,1409,True,ok
12,40,Drowsy,60,processed,27,7986195770585919199,166.3133058033831,24.9893795136852,8,0.16,4,0.4256662977229457,11,0.8,1.3,5.0,0.5023140374536831,0.7536323268681545,1471,1471,1409,True,ok
12,40,Drowsy,60,processed,28,15063893703742892718,166.3133058033831,24.9893795136852,8,0.16,4,0.4256662977229457,11,0.8,1.3,5.0,0.571257024472816,0.8847553730125192,1471,1471,1418,True,ok
12,40,Drowsy,60,processed,29,11861693884057813881,166.3133058033831,24.9893795136852,8,0.16,4,0.4256662977229457,11,0.8,1.3,5.0,0.5349626985160992,0.8440605804409764,1471,1471,1404,True,ok
12,40,Drowsy,60,processed,30,13526187188911941287,166.3133058033831,24.9893795136852,8,0.16,4,0.4256662977229457,11,0.8,1.3,5.0,0.5333193636040091,0.8173259595189007,1471,1471,1416,True,ok
12,40,Drowsy,60,processed,31,8266503993173615010,166.3133058033831,24.9893795136852,8,0.16,4,0.4256662977229457,11,0.8,1.3,5.0,0.5268027731531048,0.752248624662499,1471,1471,1393,True,ok
12,40,Drowsy,60,processed,32,5040404772606043592,166.3133058033831,24.9893795136852,8,0.16,4,0.4256662977229457,11,0.8,1.3,5.0,0.5312548856121192,0.839121542223342,1471,1471,1408,True,ok
12,40,Drowsy,60,processed,33,18422707590991552396,166.3133058033831,24.9893795136852,8,0.16,4,0.4256662977229457,11,0.8,1.3,5.0,0.5327995690576368,0.8512197982490958,1471,1471,1407,True,ok
12,40,Drowsy,60,processed,34,3779813456650457848,166.3133058033831,24.9893795136852,8,0.16,4,0.4256662977229457,11,0.8,1.3,5.0,0.5232530167274465,0.8668180064641278,1471,1471,1410,True,ok
12,40,Drowsy,60,processed,35,12276130298187956825,166.3133058033831,24.9893795136852,8,0.16,4,0.4256662977229457,11,0.8,1.3,5.0,0.5131258723344625,0.6725202221751467,1471,1471,1420,True,ok
12,40,Drowsy,60,processed,36,2129015340233976251,166.3133058033831,24.9893795136852,8,0.16,4,0.4256662977229457,11,0.8,1.3,5.0,0.5915914229930629,0.8581764534379857,1471,1471,1413,True,ok
12,40,Drowsy,60,processed,37,7033096209666291544,166.3133058033831,24.9893795136852,8,0.16,4,0.4256662977229457,11,0.8,1.3,5.0,0.4996719400799343,0.7780565261971114,1471,1471,1384,True,ok
12,40,Drowsy,60,processed,38,17977464555128346713,166.3133058033831,24.9893795136852,8,0.16,4,0.4256662977229457,11,0.8,1.3,5.0,0.49632762505651107,0.7844125350300173,1471,1471,1412,True,ok
12,40,Drowsy,60,processed,39,8584953142976944594,166.3133058033831,24.9893795136852,8,0.16,4,0.4256662977229457,11,0.8,1.3,5.0,0.5231870807072048,0.8139849274070095,1471,1471,1407,True,ok
12,41,Drowsy,60,processed,1,1084857333007975035,115.00613197126222,24.9893795136852,8,0.16,4,0.4478233349197711,11,0.8,1.3,5.0,0.5573605939120925,0.7621298669338595,1471,1471,1399,True,ok
12,41,Drowsy,60,processed,2,4004056537533842849,115.00613197126222,24.9893795136852,8,0.16,4,0.4478233349197711,11,0.8,1.3,5.0,0.6415143920152007,0.8282495364134141,1471,1445,1399,True,ok
12,41,Drowsy,60,processed,3,4199883026836127597,115.00613197126222,24.9893795136852,8,0.16,4,0.4478233349197711,11,0.8,1.3,5.0,0.545709943723862,0.854162400020768,1471,1471,1390,True,ok
12,41,Drowsy,60,processed,4,2959550659582525632,115.00613197126222,24.9893795136852,8,0.16,4,0.4478233349197711,11,0.8,1.3,5.0,0.6624171927638747,0.9607078544784544,1471,1471,1407,True,ok
12,41,Drowsy,60,processed,5,12698627797176895718,115.00613197126222,24.9893795136852,8,0.16,4,0.4478233349197711,11,0.8,1.3,5.0,0.5618965661608485,0.9040215518338734,1471,1471,1417,True,ok
12,41,Drowsy,60,processed,6,9520594329105724495,115.00613197126222,24.9893795136852,8,0.16,4,0.4478233349197711,11,0.8,1.3,5.0,0.5482420523034119,0.8462639059886804,1471,1471,1390,True,ok
12,41,Drowsy,60,processed,7,427521305915694664,115.00613197126222,24.9893795136852,8,0.16,4,0.4478233349197711,11,0.8,1.3,5.0,0.5917292298445287,0.8882151911351085,1471,1471,1416,True,ok
12,41,Drowsy,60,processed,8,5169026141284232419,115.00613197126222,24.9893795136852,8,0.16,4,0.4478233349197711,11,0.8,1.3,5.0,0.6675648002832851,0.8377456884593744,1471,1471,1406,True,ok
12,41,Drowsy,60,processed,9,8869878520863354466,115.00613197126222,24.9893795136852,8,0.16,4,0.4478233349197711,11,0.8,1.3,5.0,0.6082952399186933,0.9338962359325284,1471,1471,1402,True,ok
12,41,Drowsy,60,processed,10,10161483734086650463,115.00613197126222,24.9893795136852,8,0.16,4,0.4478233349197711,11,0.8,1.3,5.0,0.5840479490055912,0.8853703272484499,1471,1471,1415,True,ok
12,41,Drowsy,60,processed,11,7129222055064288428,115.00613197126222,24.9893795136852,8,0.16,4,0.4478233349197711,11,0.8,1.3,5.0,0.6396978143955648,0.8551028383182434,1471,1471,1393,True,ok
12,41,Drowsy,60,processed,12,8016654249435351702,115.00613197126222,24.9893795136852,8,0.16,4,0.4478233349197711,11,0.8,1.3,5.0,0.5899109655794447,0.9227150181676418,1471,1471,1407,True,ok
12,41,Drowsy,60,processed,13,16993982216801746077,115.00613197126222,24.9893795136852,8,0.16,4,0.4478233349197711,11,0.8,1.3,5.0,0.5796407207392318,0.7975491335749002,1471,1471,1401,True,ok
12,41,Drowsy,60,processed,14,2494309614002685470,115.00613197126222,24.9893795136852,8,0.16,4,0.4478233349197711,11,0.8,1.3,5.0,0.5971757776754398,0.8612467884964691,1471,1471,1403,True,ok
12,41,Drowsy,60,processed,15,2730940598152597493,115.00613197126222,24.9893795136852,8,0.16,4,0.4478233349197711,11,0.8,1.3,5.0,0.6500150404600583,0.9076547758336844,1471,1471,1417,True,ok
12,41,Drowsy,60,processed,16,356139415086920884,115.00613197126222,24.9893795136852,8,0.16,4,0.4478233349197711,11,0.8,1.3,5.0,0.5530908974965455,0.8659244430360299,1471,1471,1403,True,ok
12,41,Drowsy,60,processed,17,13624713973655683449,115.00613197126222,24.9893795136852,8,0.16,4,0.4478233349197711,11,0.8,1.3,5.0,0.5941252487683774,0.873763270430692,1471,1471,1414,True,ok
12,41,Drowsy,60,processed,18,14039998281082816357,115.00613197126222,24.9893795136852,8,0.16,4,0.4478233349197711,11,0.8,1.3,5.0,0.5508746150160791,0.9014522450721222,1471,1433,1378,True,ok
12,41,Drowsy,60,processed,19,13077431068708261258,115.00613197126222,24.9893795136852,8,0.16,4,0.4478233349197711,11,0.8,1.3,5.0,0.6111291864625922,0.9303072800957486,1471,1471,1405,True,ok
12,41,Drowsy,60,processed,20,16879612875345010079,115.00613197126222,24.9893795136852,8,0.16,4,0.4478233349197711,11,0.8,1.3,5.0,0.5254567169332033,0.8629401995258371,1471,1471,1422,True,ok
12,41,Drowsy,60,processed,21,5682352454777405624,115.00613197126222,24.9893795136852,8,0.16,4,0.4478233349197711,11,0.8,1.3,5.0,0.6110768602757375,0.790906436621291,1471,1471,1397,True,ok
12,41,Drowsy,60,processed,22,6580336041424424146,115.00613197126222,24.9893795136852,8,0.16,4,0.4478233349197711,11,0.8,1.3,5.0,0.6256330949731983,0.8943614565326704,1471,1471,1412,True,ok
12,41,Drowsy,60,processed,23,6518266939925646442,115.00613197126222,24.9893795136852,8,0.16,4,0.4478233349197711,11,0.8,1.3,5.0,0.6486362935777795,0.8968375489282551,1471,1471,1379,True,ok
12,41,Drowsy,60,processed,24,10021175887845031001,115.00613197126222,24.9893795136852,8,0.16,4,0.4478233349197711,11,0.8,1.3,5.0,0.6644260269887787,0.8870818155923462,1471,1471,1412,True,ok
12,41,Drowsy,60,processed,25,8074533349253316736,115.00613197126222,24.9893795136852,8,0.16,4,0.4478233349197711,11,0.8,1.3,5.0,0.5690567804427566,0.8199433866356985,1471,1471,1403,True,ok
12,41,Drowsy,60,processed,26,10142926774035415012,115.00613197126222,24.9893795136852,8,0.16,4,0.4478233349197711,11,0.8,1.3,5.0,0.6495856214367948,0.8843217880940076,1471,1471,1397,True,ok
12,41,Drowsy,60,processed,27,11321929162716698267,115.00613197126222,24.9893795136852,8,0.16,4,0.4478233349197711,11,0.8,1.3,5.0,0.5959671892308911,0.9170225466708565,1471,1471,1412,True,ok
12,41,Drowsy,60,processed,28,616303023490762210,115.00613197126222,24.9893795136852,8,0.16,4,0.4478233349197711,11,0.8,1.3,5.0,0.5696567790177088,0.8044896596078784,1471,1397,1338,True,ok
12,41,Drowsy,60,processed,29,7319052482617732575,115.00613197126222,24.9893795136852,8,0.16,4,0.4478233349197711,11,0.8,1.3,5.0,0.5727074711128771,0.852266437755576,1471,1471,1409,True,ok
12,41,Drowsy,60,processed,30,14920115054054732070,115.00613197126222,24.9893795136852,8,0.16,4,0.4478233349197711,11,0.8,1.3,5.0,0.5610806664797992,0.8005972583182789,1471,1471,1414,True,ok
12,41,Drowsy,60,processed,31,2275910096420268602,115.00613197126222,24.9893795136852,8,0.16,4,0.4478233349197711,11,0.8,1.3,5.0,0.5767810641587258,0.775996066258435,1471,1471,1408,True,ok
12,41,Drowsy,60,processed,32,15107580867932648101,115.00613197126222,24.9893795136852,8,0.16,4,0.4478233349197711,11,0.8,1.3,5.0,0.5960704778468067,0.8789468646269116,1471,1471,1399,True,ok
12,41,Drowsy,60,processed,33,6990758696527325298,115.00613197126222,24.9893795136852,8,0.16,4,0.4478233349197711,11,0.8,1.3,5.0,0.5660618506955714,0.9227360160859654,1471,1467,1428,True,ok
12,41,Drowsy,60,processed,34,17997908138054540996,115.00613197126222,24.9893795136852,8,0.16,4,0.4478233349197711,11,0.8,1.3,5.0,0.6110352697640876,0.875384734641629,1471,1471,1397,True,ok
12,41,Drowsy,60,processed,35,4333596225984941944,115.00613197126222,24.9893795136852,8,0.16,4,0.4478233349197711,11,0.8,1.3,5.0,0.6171703635880231,0.8478092203278341,1471,1471,1422,True,ok
12,41,Drowsy,60,processed,36,8171134890057651142,115.00613197126222,24.9893795136852,8,0.16,4,0.4478233349197711,11,0.8,1.3,5.0,0.6391259611610824,0.9194006041734167,1471,1471,1405,True,ok
12,41,Drowsy,60,processed,37,3917123565301830009,115.00613197126222,24.9893795136852,8,0.16,4,0.4478233349197711,11,0.8,1.3,5.0,0.6230378424807309,0.8211427913431615,1471,1471,1411,True,ok
12,41,Drowsy,60,processed,38,6040631968219672126,115.00613197126222,24.9893795136852,8,0.16,4,0.4478233349197711,11,0.8,1.3,5.0,0.5699918055344655,0.8189231901546223,1471,1471,1388,True,ok
12,41,Drowsy,60,processed,39,3398905753994248701,115.00613197126222,24.9893795136852,8,0.16,4,0.4478233349197711,11,0.8,1.3,5.0,0.5779961763186446,0.8495757532467862,1471,1471,1430,True,ok
12,42,Drowsy,60,processed,1,4052257596161707590,138.30057843624795,24.9893795136852,8,0.16,4,0.4515614993382371,11,0.8,1.3,5.0,0.566200726238565,0.8672322709209294,1471,1471,1398,True,ok
12,42,Drowsy,60,processed,2,4547497395751436465,138.30057843624795,24.9893795136852,8,0.16,4,0.4515614993382371,11,0.8,1.3,5.0,0.5771406162433919,0.7831129667689449,1471,1471,1411,True,ok
12,42,Drowsy,60,processed,3,13082025343097252887,138.30057843624795,24.9893795136852,8,0.16,4,0.4515614993382371,11,0.8,1.3,5.0,0.5601769907545038,0.881409282542908,1471,1471,1408,True,ok
12,42,Drowsy,60,processed,4,8490451537702374118,138.30057843624795,24.9893795136852,8,0.16,4,0.4515614993382371,11,0.8,1.3,5.0,0.5639155300490155,0.8481506329553912,1471,1471,1433,True,ok
12,42,Drowsy,60,processed,5,7292940147869536420,138.30057843624795,24.9893795136852,8,0.16,4,0.4515614993382371,11,0.8,1.3,5.0,0.5614707133507009,0.6702091124631513,1471,1471,1418,True,ok
12,42,Drowsy,60,processed,6,6194022797986363514,138.30057843624795,24.9893795136852,8,0.16,4,0.4515614993382371,11,0.8,1.3,5.0,0.6063434322205671,0.9010490937096975,1471,1471,1418,True,ok
12,42,Drowsy,60,processed,7,6309033900766589762,138.30057843624795,24.9893795136852,8,0.16,4,0.4515614993382371,11,0.8,1.3,5.0,0.5980323058564088,0.810386708506813,1471,1471,1423,True,ok
12,42,Drowsy,60,processed,8,4439773608112880423,138.30057843624795,24.9893795136852,8,0.16,4,0.4515614993382371,11,0.8,1.3,5.0,0.6245812134841459,0.8007329237799036,1471,1471,1420,True,ok
12,42,Drowsy,60,processed,9,10188497468712683831,138.30057843624795,24.9893795136852,8,0.16,4,0.4515614993382371,11,0.8,1.3,5.0,0.6312697006498219,0.769611728408882,1471,1471,1401,True,ok
12,42,Drowsy,60,processed,10,10562125616239408494,138.30057843624795,24.9893795136852,8,0.16,4,0.4515614993382371,11,0.8,1.3,5.0,0.6262767344589604,0.8660863553207507,1471,1471,1396,True,ok
12,42,Drowsy,60,processed,11,6107927269437746005,138.30057843624795,24.9893795136852,8,0.16,4,0.4515614993382371,11,0.8,1.3,5.0,0.5842057789768422,0.7908859538540082,1471,1471,1411,True,ok
12,42,Drowsy,60,processed,12,8351675482012990481,138.30057843624795,24.9893795136852,8,0.16,4,0.4515614993382371,11,0.8,1.3,5.0,0.5579048835756891,0.8719877175861864,1471,1471,1421,True,ok
12,42,Drowsy,60,processed,13,17141267794840053618,138.30057843624795,24.9893795136852,8,0.16,4,0.4515614993382371,11,0.8,1.3,5.0,0.6036415583894003,0.8363144043538627,1471,1471,1393,True,ok
12,42,Drowsy,60,processed,14,4046953253392635468,138.30057843624795,24.9893795136852,8,0.16,4,0.4515614993382371,11,0.8,1.3,5.0,0.6016424908785623,0.8671117574293299,1471,1471,1390,True,ok
12,42,Drowsy,60,processed,15,4337276343465408854,138.30057843624795,24.9893795136852,8,0.16,4,0.4515614993382371,11,0.8,1.3,5.0,0.6036412436064238,0.8747535059629341,1471,1471,1401,True,ok
12,42,Drowsy,60,processed,16,14287720400597979929,138.30057843624795,24.9893795136852,8,0.16,4,0.4515614993382371,11,0.8,1.3,5.0,0.6424875256109963,0.8896591850533426,1471,1471,1392,True,ok
12,42,Drowsy,60,processed,17,14888715231402073527,138.30057843624795,24.9893795136852,8,0.16,4,0.4515614993382371,11,0.8,1.3,5.0,0.6345709455945797,0.9401110849339156,1471,1471,1418,True,ok
12,42,Drowsy,60,processed,18,3947846598996090090,138.30057843624795,24.9893795136852,8,0.16,4,0.4515614993382371,11,0.8,1.3,5.0,0.5788807501257544,0.944605219927294,1471,1471,1393,True,ok
12,42,Drowsy,60,processed,19,14085721305072575674,138.30057843624795,24.9893795136852,8,0.16,4,0.4515614993382371,11,0.8,1.3,5.0,0.5714870476584639,0.8645643110374384,1471,1471,1418,True,ok
12,42,Drowsy,60,processed,20,17069411368430425786,138.30057843624795,24.9893795136852,8,0.16,4,0.4515614993382371,11,0.8,1.3,5.0,0.5915471302812647,0.8130369155243322,1471,1471,1423,True,ok
12,42,Drowsy,60,processed,21,17659939595434976643,138.30057843624795,24.9893795136852,8,0.16,4,0.4515614993382371,11,0.8,1.3,5.0,0.6367335041921518,0.9486281763340056,1471,1471,1424,True,ok
12,42,Drowsy,60,processed,22,12499070425649619408,138.30057843624795,24.9893795136852,8,0.16,4,0.4515614993382371,11,0.8,1.3,5.0,0.6018305926587032,0.8262365723377052,1471,1471,1383,True,ok
12,42,Drowsy,60,processed,23,16510488024905582802,138.30057843624795,24.9893795136852,8,0.16,4,0.4515614993382371,11,0.8,1.3,5.0,0.5029453447127553,0.7311170270071431,1471,1471,1410,True,ok
12,42,Drowsy,60,processed,24,6903254602783532714,138.30057843624795,24.9893795136852,8,0.16,4,0.4515614993382371,11,0.8,1.3,5.0,0.5886898309212134,0.8202475429966598,1471,1471,1376,True,ok
12,42,Drowsy,60,processed,25,8003124043422647371,138.30057843624795,24.9893795136852,8,0.16,4,0.4515614993382371,11,0.8,1.3,5.0,0.5768856542230005,0.8357007055307303,1471,1471,1404,True,ok
12,42,Drowsy,60,processed,26,13243152805378500624,138.30057843624795,24.9893795136852,8,0.16,4,0.4515614993382371,11,0.8,1.3,5.0,0.6030793085973204,0.8508680373886192,1471,1471,1387,True,ok
12,42,Drowsy,60,processed,27,5387396936034829739,138.30057843624795,24.9893795136852,8,0.16,4,0.4515614993382371,11,0.8,1.3,5.0,0.6074471047840644,0.9282260266965248,1471,1471,1416,True,ok
12,42,Drowsy,60,processed,28,9956592462582171328,138.30057843624795,24.9893795136852,8,0.16,4,0.4515614993382371,11,0.8,1.3,5.0,0.5727233526737505,0.9141067669085657,1471,1471,1401,True,ok
12,42,Drowsy,60,processed,29,11791077159852466671,138.30057843624795,24.9893795136852,8,0.16,4,0.4515614993382371,11,0.8,1.3,5.0,0.6124427756639341,0.7842193380901845,1471,1471,1418,True,ok
12,42,Drowsy,60,processed,30,17264628423024707704,138.30057843624795,24.9893795136852,8,0.16,4,0.4515614993382371,11,0.8,1.3,5.0,0.5909481116747511,0.8854317459547001,1471,1471,1408,True,ok
12,42,Drowsy,60,processed,31,15043302387240472673,138.30057843624795,24.9893795136852,8,0.16,4,0.4515614993382371,11,0.8,1.3,5.0,0.5021350908109805,0.7885088791971862,1471,1471,1403,True,ok
12,42,Drowsy,60,processed,32,7950877828881172070,138.30057843624795,24.9893795136852,8,0.16,4,0.4515614993382371,11,0.8,1.3,5.0,0.6143339749114897,0.912749640544303,1471,1471,1408,True,ok
12,42,Drowsy,60,processed,33,16251828645616411135,138.30057843624795,24.9893795136852,8,0.16,4,0.4515614993382371,11,0.8,1.3,5.0,0.6286742440290115,0.8197368451741777,1471,1471,1417,True,ok
12,42,Drowsy,60,processed,34,1137041506002146577,138.30057843624795,24.9893795136852,8,0.16,4,0.4515614993382371,11,0.8,1.3,5.0,0.5392888950149798,0.7827150837821386,1471,1471,1407,True,ok
12,42,Drowsy,60,processed,35,14835851486634841468,138.30057843624795,24.9893795136852,8,0.16,4,0.4515614993382371,11,0.8,1.3,5.0,0.5480372222152785,0.8617764094277525,1471,1471,1423,True,ok
12,42,Drowsy,60,processed,36,2459993191509728405,138.30057843624795,24.9893795136852,8,0.16,4,0.4515614993382371,11,0.8,1.3,5.0,0.614280470744198,0.8992096736023641,1471,1471,1402,True,ok
12,42,Drowsy,60,processed,37,9251677022323542750,138.30057843624795,24.9893795136852,8,0.16,4,0.4515614993382371,11,0.8,1.3,5.0,0.5774562213121563,0.8226612523486975,1471,1471,1411,True,ok
12,42,Drowsy,60,processed,38,14012524978914280684,138.30057843624795,24.9893795136852,8,0.16,4,0.4515614993382371,11,0.8,1.3,5.0,0.5837835521022333,0.7591378757822553,1471,1471,1417,True,ok
12,42,Drowsy,60,processed,39,12893821187328413600,138.30057843624795,24.9893795136852,8,0.16,4,0.4515614993382371,11,0.8,1.3,5.0,0.5696121255231884,0.8812635235640638,1471,1471,1394,True,ok
12,43,Drowsy,60,processed,1,15812728874885247468,115.00613197126222,24.9893795136852,8,0.16,4,0.4613426850129463,12,0.8,1.3,5.0,0.6436508906133381,0.9172205135790925,1471,1471,1410,True,ok
12,43,Drowsy,60,processed,2,7209072327909118068,115.00613197126222,24.9893795136852,8,0.16,4,0.4613426850129463,12,0.8,1.3,5.0,0.6210822812505158,0.9094595551992722,1471,1471,1390,True,ok
12,43,Drowsy,60,processed,3,412019162884772970,115.00613197126222,24.9893795136852,8,0.16,4,0.4613426850129463,12,0.8,1.3,5.0,0.5443927925869577,0.8582003699388403,1471,1471,1397,True,ok
12,43,Drowsy,60,processed,4,6392334294125894501,115.00613197126222,24.9893795136852,8,0.16,4,0.4613426850129463,12,0.8,1.3,5.0,0.6613800768388265,0.8607480182112991,1471,1465,1371,True,ok
12,43,Drowsy,60,processed,5,7268405737061821739,115.00613197126222,24.9893795136852,8,0.16,4,0.4613426850129463,12,0.8,1.3,5.0,0.5961324505043863,0.8659443675476121,1471,1471,1411,True,ok
12,43,Drowsy,60,processed,6,13372460528397355739,115.00613197126222,24.9893795136852,8,0.16,4,0.4613426850129463,12,0.8,1.3,5.0,0.676624485217386,0.8606597035369554,1471,1471,1410,True,ok
12,43,Drowsy,60,processed,7,11894751510836599625,115.00613197126222,24.9893795136852,8,0.16,4,0.4613426850129463,12,0.8,1.3,5.0,0.5717420936257706,0.8416484661753857,1471,1471,1404,True,ok
12,43,Drowsy,60,processed,8,9774065484806466614,115.00613197126222,24.9893795136852,8,0.16,4,0.4613426850129463,12,0.8,1.3,5.0,0.6060596485922592,0.8586023294564121,1471,1471,1418,True,ok
12,43,Drowsy,60,processed,9,2364516343940835646,115.00613197126222,24.9893795136852,8,0.16,4,0.4613426850129463,12,0.8,1.3,5.0,0.6184296448842778,0.9368896341068952,1471,1471,1407,True,ok
12,43,Drowsy,60,processed,10,9416507660178772203,115.00613197126222,24.9893795136852,8,0.16,4,0.4613426850129463,12,0.8,1.3,5.0,0.5772962606348611,0.8885049417301516,1471,1471,1412,True,ok
12,43,Drowsy,60,processed,11,16628222132457789061,115.00613197126222,24.9893795136852,8,0.16,4,0.4613426850129463,12,0.8,1.3,5.0,0.5948921472752303,0.8876750937329986,1471,1471,1418,True,ok
12,43,Drowsy,60,processed,12,14214152357771784207,115.00613197126222,24.9893795136852,8,0.16,4,0.4613426850129463,12,0.8,1.3,5.0,0.674913697363257,0.8796876019883393,1471,1471,1423,True,ok
12,43,Drowsy,60,processed,13,10474744938269269585,115.00613197126222,24.9893795136852,8,0.16,4,0.4613426850129463,12,0.8,1.3,5.0,0.6711319100785375,0.8843409598894466,1471,1471,1398,True,ok
12,43,Drowsy,60,processed,14,14486721425130936592,115.00613197126222,24.9893795136852,8,0.16,4,0.4613426850129463,12,0.8,1.3,5.0,0.6757074927969458,0.9527731346515944,1471,1471,1404,True,ok
12,43,Drowsy,60,processed,15,185470628175275359,115.00613197126222,24.9893795136852,8,0.16,4,0.4613426850129463,12,0.8,1.3,5.0,0.6217633629101695,0.9543537238116709,1471,1471,1390,True,ok
12,43,Drowsy,60,processed,16,14543566430450944570,115.00613197126222,24.9893795136852,8,0.16,4,0.4613426850129463,12,0.8,1.3,5.0,0.6977040991620855,0.9095964635653309,1471,1471,1392,True,ok
12,43,Drowsy,60,processed,17,16640701182179042172,115.00613197126222,24.9893795136852,8,0.16,4,0.4613426850129463,12,0.8,1.3,5.0,0.6354503319788037,0.9273051949560376,1471,1471,1405,True,ok
12,43,Drowsy,60,processed,18,15981481820805223505,115.00613197126222,24.9893795136852,8,0.16,4,0.4613426850129463,12,0.8,1.3,5.0,0.5947512626550044,0.9035320273854622,1471,1471,1414,True,ok
12,43,Drowsy,60,processed,19,14024561028803479503,115.00613197126222,24.9893795136852,8,0.16,4,0.4613426850129463,12,0.8,1.3,5.0,0.6529781513779033,0.8421824371112597,1471,1471,1424,True,ok
12,43,Drowsy,60,processed,20,9911163966202421157,115.00613197126222,24.9893795136852,8,0.16,4,0.4613426850129463,12,0.8,1.3,5.0,0.629902505144246,0.8665879612033692,1471,1471,1388,True,ok
12,43,Drowsy,60,processed,21,14074101721965808675,115.00613197126222,24.9893795136852,8,0.16,4,0.4613426850129463,12,0.8,1.3,5.0,0.6232311265930813,0.8254705810603271,1471,1471,1411,True,ok
12,43,Drowsy,60,processed,22,2076055172008507988,115.00613197126222,24.9893795136852,8,0.16,4,0.4613426850129463,12,0.8,1.3,5.0,0.6211357223979612,0.9590100146553034,1471,1416,1365,True,ok
12,43,Drowsy,60,processed,23,12734332438553448507,115.00613197126222,24.9893795136852,8,0.16,4,0.4613426850129463,12,0.8,1.3,5.0,0.7097993993627588,0.9235236544491974,1471,1471,1408,True,ok
12,43,Drowsy,60,processed,24,3104514460791315210,115.00613197126222,24.9893795136852,8,0.16,4,0.4613426850129463,12,0.8,1.3,5.0,0.5990197124986741,0.8465280581378879,1471,1471,1407,True,ok
12,43,Drowsy,60,processed,25,16830948195888747764,115.00613197126222,24.9893795136852,8,0.16,4,0.4613426850129463,12,0.8,1.3,5.0,0.6839356908206335,0.9414314227358801,1471,1471,1410,True,ok
12,43,Drowsy,60,processed,26,11474190219535139609,115.00613197126222,24.9893795136852,8,0.16,4,0.4613426850129463,12,0.8,1.3,5.0,0.6007782205301803,0.9381873060544953,1471,1471,1402,True,ok
12,43,Drowsy,60,processed,27,12574847881619676696,115.00613197126222,24.9893795136852,8,0.16,4,0.4613426850129463,12,0.8,1.3,5.0,0.6145478258228196,0.8753762202836908,1471,1471,1426,True,ok
12,43,Drowsy,60,processed,28,5752027151387626026,115.00613197126222,24.9893795136852,8,0.16,4,0.4613426850129463,12,0.8,1.3,5.0,0.6954797185305533,0.8573768458782981,1471,1471,1418,True,ok
12,43,Drowsy,60,processed,29,10770665590276867517,115.00613197126222,24.9893795136852,8,0.16,4,0.4613426850129463,12,0.8,1.3,5.0,0.6571600072226378,0.91493460072759,1471,1471,1407,True,ok
12,43,Drowsy,60,processed,30,16373007179735702341,115.00613197126222,24.9893795136852,8,0.16,4,0.4613426850129463,12,0.8,1.3,5.0,0.5873872855799603,0.8346304104461915,1471,1471,1435,True,ok
12,43,Drowsy,60,processed,31,11958329258649106884,115.00613197126222,24.9893795136852,8,0.16,4,0.4613426850129463,12,0.8,1.3,5.0,0.6490417087827869,0.9042839475065229,1471,1469,1404,True,ok
12,43,Drowsy,60,processed,32,7254366599551064167,115.00613197126222,24.9893795136852,8,0.16,4,0.4613426850129463,12,0.8,1.3,5.0,0.6266413060084775,0.9036473209183236,1471,1471,1414,True,ok
12,43,Drowsy,60,processed,33,11819817600142478021,115.00613197126222,24.9893795136852,8,0.16,4,0.4613426850129463,12,0.8,1.3,5.0,0.685695657700041,0.9177203617648915,1471,1471,1410,True,ok
12,43,Drowsy,60,processed,34,10867479754949311143,115.00613197126222,24.9893795136852,8,0.16,4,0.4613426850129463,12,0.8,1.3,5.0,0.5871708002789459,0.8526222096760044,1471,1471,1406,True,ok
12,43,Drowsy,60,processed,35,2402078757280971243,115.00613197126222,24.9893795136852,8,0.16,4,0.4613426850129463,12,0.8,1.3,5.0,0.6763237849373516,0.9463166943521125,1471,1471,1413,True,ok
12,43,Drowsy,60,processed,36,11010607326430470039,115.00613197126222,24.9893795136852,8,0.16,4,0.4613426850129463,12,0.8,1.3,5.0,0.6552764881369102,0.9027486435288067,1471,1471,1412,True,ok
12,43,Drowsy,60,processed,37,4011146111188727198,115.00613197126222,24.9893795136852,8,0.16,4,0.4613426850129463,12,0.8,1.3,5.0,0.6532877459421069,0.880608403578999,1471,1471,1411,True,ok
12,43,Drowsy,60,processed,38,8704467003893798832,115.00613197126222,24.9893795136852,8,0.16,4,0.4613426850129463,12,0.8,1.3,5.0,0.6370398535401804,0.9367219097465636,1471,1471,1406,True,ok
12,43,Drowsy,60,processed,39,12892787500933127371,115.00613197126222,24.9893795136852,8,0.16,4,0.4613426850129463,12,0.8,1.3,5.0,0.728624410697167,0.9201856417495253,1471,1471,1406,True,ok
12,44,Drowsy,60,processed,1,10721287662948088744,138.30057843624795,24.9893795136852,8,0.16,4,0.425984329771119,11,0.8,1.3,5.0,0.5749531250922649,0.8338292326660705,1471,1471,1416,True,ok
12,44,Drowsy,60,processed,2,13930070215582569125,138.30057843624795,24.9893795136852,8,0.16,4,0.425984329771119,11,0.8,1.3,5.0,0.6021497022981562,0.8612971503579925,1471,1471,1398,True,ok
12,44,Drowsy,60,processed,3,8997449769882581911,138.30057843624795,24.9893795136852,8,0.16,4,0.425984329771119,11,0.8,1.3,5.0,0.5921766679918692,0.9052106611778095,1471,1471,1399,True,ok
12,44,Drowsy,60,processed,4,1980198840088280050,138.30057843624795,24.9893795136852,8,0.16,4,0.425984329771119,11,0.8,1.3,5.0,0.5623353435177295,0.8717361757136917,1471,1471,1398,True,ok
12,44,Drowsy,60,processed,5,1247961607563148660,138.30057843624795,24.9893795136852,8,0.16,4,0.425984329771119,11,0.8,1.3,5.0,0.5294953716141212,0.7382011960812184,1471,1471,1424,True,ok
12,44,Drowsy,60,processed,6,15074203690659060424,138.30057843624795,24.9893795136852,8,0.16,4,0.425984329771119,11,0.8,1.3,5.0,0.5831405014483766,0.855193213367756,1471,1471,1419,True,ok
12,44,Drowsy,60,processed,7,10952851557603784523,138.30057843624795,24.9893795136852,8,0.16,4,0.425984329771119,11,0.8,1.3,5.0,0.5077410051378295,0.7959976117857026,1471,1471,1383,True,ok
12,44,Drowsy,60,processed,8,10773741635820551568,138.30057843624795,24.9893795136852,8,0.16,4,0.425984329771119,11,0.8,1.3,5.0,0.6056642311328584,0.8243680798871902,1471,1471,1400,True,ok
12,44,Drowsy,60,processed,9,6548679289993227858,138.30057843624795,24.9893795136852,8,0.16,4,0.425984329771119,11,0.8,1.3,5.0,0.4972673232558203,0.8095379485533539,1471,1471,1411,True,ok
12,44,Drowsy,60,processed,10,13347726846756373394,138.30057843624795,24.9893795136852,8,0.16,4,0.425984329771119,11,0.8,1.3,5.0,0.5940419096846431,0.8658584642832889,1471,1471,1409,True,ok
12,44,Drowsy,60,processed,11,3714071791312655934,138.30057843624795,24.9893795136852,8,0.16,4,0.425984329771119,11,0.8,1.3,5.0,0.6372207498467276,0.8859088596216883,1471,1471,1391,True,ok
12,44,Drowsy,60,processed,12,12350519562008788225,138.30057843624795,24.9893795136852,8,0.16,4,0.425984329771119,11,0.8,1.3,5.0,0.5760567150403878,0.8577966345578212,1471,1471,1417,True,ok
12,44,Drowsy,60,processed,13,6895902491174048687,138.30057843624795,24.9893795136852,8,0.16,4,0.425984329771119,11,0.8,1.3,5.0,0.5443391150485445,0.8430231253481378,1471,1471,1422,True,ok
12,44,Drowsy,60,processed,14,7665371002187198444,138.30057843624795,24.9893795136852,8,0.16,4,0.425984329771119,11,0.8,1.3,5.0,0.5991550429428021,0.816052673797809,1471,1471,1413,True,ok
12,44,Drowsy,60,processed,15,3163864872100582447,138.30057843624795,24.9893795136852,8,0.16,4,0.425984329771119,11,0.8,1.3,5.0,0.5664465616663849,0.7295916328202997,1471,1471,1392,True,ok
12,44,Drowsy,60,processed,16,7924066621467279047,138.30057843624795,24.9893795136852,8,0.16,4,0.425984329771119,11,0.8,1.3,5.0,0.6001108028947585,0.7804039806128805,1471,1471,1408,True,ok
12,44,Drowsy,60,processed,17,15076488026820027284,138.30057843624795,24.9893795136852,8,0.16,4,0.425984329771119,11,0.8,1.3,5.0,0.509205038476585,0.8182324267861284,1471,1471,1408,True,ok
12,44,Drowsy,60,processed,18,8123691843627536518,138.30057843624795,24.9893795136852,8,0.16,4,0.425984329771119,11,0.8,1.3,5.0,0.5683103402224798,0.870012286458051,1471,1471,1399,True,ok
12,44,Drowsy,60,processed,19,6351707281914140656,138.30057843624795,24.9893795136852,8,0.16,4,0.425984329771119,11,0.8,1.3,5.0,0.596656430863307,0.834981762354538,1471,1471,1425,True,ok
12,44,Drowsy,60,processed,20,16665667223218710909,138.30057843624795,24.9893795136852,8,0.16,4,0.425984329771119,11,0.8,1.3,5.0,0.6318329511777817,0.7781520592503711,1471,1471,1400,True,ok
12,44,Drowsy,60,processed,21,4984894845610169074,138.30057843624795,24.9893795136852,8,0.16,4,0.425984329771119,11,0.8,1.3,5.0,0.5824656148352387,0.8251121708732665,1471,1471,1423,True,ok
12,44,Drowsy,60,processed,22,1894691486937632241,138.30057843624795,24.9893795136852,8,0.16,4,0.425984329771119,11,0.8,1.3,5.0,0.5949472233236691,0.8087605767344579,1471,1471,1417,True,ok
12,44,Drowsy,60,processed,23,6179377945047967,138.30057843624795,24.9893795136852,8,0.16,4,0.425984329771119,11,0.8,1.3,5.0,0.5541926289552369,0.839287837780035,1471,1471,1402,True,ok
12,44,Drowsy,60,processed,24,15756381503546618170,138.30057843624795,24.9893795136852,8,0.16,4,0.425984329771119,11,0.8,1.3,5.0,0.5289433379123307,0.9231790380950052,1471,1471,1410,True,ok
12,44,Drowsy,60,processed,25,8411364567740147035,138.30057843624795,24.9893795136852,8,0.16,4,0.425984329771119,11,0.8,1.3,5.0,0.6093654921105809,0.7978379588456906,1471,1471,1402,True,ok
12,44,Drowsy,60,processed,26,2728725404157957280,138.30057843624795,24.9893795136852,8,0.16,4,0.425984329771119,11,0.8,1.3,5.0,0.5934535535658059,0.8507223731307493,1471,1471,1387,True,ok
12,44,Drowsy,60,processed,27,10737706614010516818,138.30057843624795,24.9893795136852,8,0.16,4,0.425984329771119,11,0.8,1.3,5.0,0.5589565354131366,0.8626920254956426,1471,1471,1408,True,ok
12,44,Drowsy,60,processed,28,9250316507269918973,138.30057843624795,24.9893795136852,8,0.16,4,0.425984329771119,11,0.8,1.3,5.0,0.5604789770576695,0.7341256166860968,1471,1471,1408,True,ok
12,44,Drowsy,60,processed,29,14490626082354390056,138.30057843624795,24.9893795136852,8,0.16,4,0.425984329771119,11,0.8,1.3,5.0,0.6199563953589549,0.8575374799179122,1471,1471,1402,True,ok
12,44,Drowsy,60,processed,30,15696168547888664758,138.30057843624795,24.9893795136852,8,0.16,4,0.425984329771119,11,0.8,1.3,5.0,0.6105451377616009,0.8870261650547367,1471,1471,1407,True,ok
12,44,Drowsy,60,processed,31,18044440741546800407,138.30057843624795,24.9893795136852,8,0.16,4,0.425984329771119,11,0.8,1.3,5.0,0.6801869303492787,0.9281042233121769,1471,1471,1433,True,ok
12,44,Drowsy,60,processed,32,11669994173652247541,138.30057843624795,24.9893795136852,8,0.16,4,0.425984329771119,11,0.8,1.3,5.0,0.5674113946067413,0.7234337200854527,1471,1471,1414,True,ok
12,44,Drowsy,60,processed,33,16228716461784759099,138.30057843624795,24.9893795136852,8,0.16,4,0.425984329771119,11,0.8,1.3,5.0,0.5969990325124608,0.9079678405941606,1471,1471,1409,True,ok
12,44,Drowsy,60,processed,34,10820286913896925378,138.30057843624795,24.9893795136852,8,0.16,4,0.425984329771119,11,0.8,1.3,5.0,0.5164910310279847,0.8131407646857045,1471,1471,1398,True,ok
12,44,Drowsy,60,processed,35,12781809591659106940,138.30057843624795,24.9893795136852,8,0.16,4,0.425984329771119,11,0.8,1.3,5.0,0.6048780011148166,0.8794089274078201,1471,1471,1386,True,ok
12,44,Drowsy,60,processed,36,48531929085645288,138.30057843624795,24.9893795136852,8,0.16,4,0.425984329771119,11,0.8,1.3,5.0,0.6031613330248009,0.8886589078502426,1471,1471,1390,True,ok
12,44,Drowsy,60,processed,37,11081101384537265378,138.30057843624795,24.9893795136852,8,0.16,4,0.425984329771119,11,0.8,1.3,5.0,0.564463989995617,0.7583478655953795,1471,1471,1396,True,ok
12,44,Drowsy,60,processed,38,10434410158248139401,138.30057843624795,24.9893795136852,8,0.16,4,0.425984329771119,11,0.8,1.3,5.0,0.6296370925659102,0.861489105379061,1471,1471,1423,True,ok
12,44,Drowsy,60,processed,39,12487063716483459284,138.30057843624795,24.9893795136852,8,0.16,4,0.425984329771119,11,0.8,1.3,5.0,0.5870685082894279,0.8630241952728184,1471,1471,1412,True,ok
12,45,Drowsy,60,processed,1,5190944058275608360,115.00613197126222,24.9893795136852,8,0.16,4,0.4591072956510664,11,0.8,1.3,5.0,0.6394148905617951,0.9198095114634107,1471,1471,1427,True,ok
12,45,Drowsy,60,processed,2,6788755419017836282,115.00613197126222,24.9893795136852,8,0.16,4,0.4591072956510664,11,0.8,1.3,5.0,0.5906805155499818,0.8604421959261016,1471,1471,1396,True,ok
12,45,Drowsy,60,processed,3,12184161223358385776,115.00613197126222,24.9893795136852,8,0.16,4,0.4591072956510664,11,0.8,1.3,5.0,0.5996129714387665,0.9279063507809778,1471,1471,1416,True,ok
12,45,Drowsy,60,processed,4,13035905329666222517,115.00613197126222,24.9893795136852,8,0.16,4,0.4591072956510664,11,0.8,1.3,5.0,0.6721895486000725,0.8464301456345839,1471,1471,1427,True,ok
12,45,Drowsy,60,processed,5,13859674303366288162,115.00613197126222,24.9893795136852,8,0.16,4,0.4591072956510664,11,0.8,1.3,5.0,0.6020997324999963,0.7941000613162645,1471,1471,1411,True,ok
12,45,Drowsy,60,processed,6,9726105936202389069,115.00613197126222,24.9893795136852,8,0.16,4,0.4591072956510664,11,0.8,1.3,5.0,0.6757190026339033,0.9165508353438349,1471,1471,1412,True,ok
12,45,Drowsy,60,processed,7,2812792672139884361,115.00613197126222,24.9893795136852,8,0.16,4,0.4591072956510664,11,0.8,1.3,5.0,0.6403969838086071,0.8299484934116403,1471,1471,1418,True,ok
12,45,Drowsy,60,processed,8,6645793676691760931,115.00613197126222,24.9893795136852,8,0.16,4,0.4591072956510664,11,0.8,1.3,5.0,0.6981649756486209,0.8694185460876752,1471,1471,1423,True,ok
12,45,Drowsy,60,processed,9,11990570194260520080,115.00613197126222,24.9893795136852,8,0.16,4,0.4591072956510664,11,0.8,1.3,5.0,0.6763030861337659,0.8659536003473518,1471,1471,1424,True,ok
12,45,Drowsy,60,processed,10,1986861631242401279,115.00613197126222,24.9893795136852,8,0.16,4,0.4591072956510664,11,0.8,1.3,5.0,0.6147326339841015,0.9445602784549849,1471,1471,1399,True,ok
12,45,Drowsy,60,processed,11,7611748979175169809,115.00613197126222,24.9893795136852,8,0.16,4,0.4591072956510664,11,0.8,1.3,5.0,0.6728720428496405,0.9614492893455243,1471,1471,1416,True,ok
12,45,Drowsy,60,processed,12,7729008338091392044,115.00613197126222,24.9893795136852,8,0.16,4,0.4591072956510664,11,0.8,1.3,5.0,0.6694130593188464,0.871323193655436,1471,1471,1431,True,ok
12,45,Drowsy,60,processed,13,11343702274398226698,115.00613197126222,24.9893795136852,8,0.16,4,0.4591072956510664,11,0.8,1.3,5.0,0.6406854385144727,0.8896655562139155,1471,1471,1406,True,ok
12,45,Drowsy,60,processed,14,7099054129545731351,115.00613197126222,24.9893795136852,8,0.16,4,0.4591072956510664,11,0.8,1.3,5.0,0.5461823251267768,0.8282153642433848,1471,1471,1426,True,ok
12,45,Drowsy,60,processed,15,11275064622720249288,115.00613197126222,24.9893795136852,8,0.16,4,0.4591072956510664,11,0.8,1.3,5.0,0.6010375307216879,0.832472279234529,1471,1471,1408,True,ok
12,45,Drowsy,60,processed,16,5104936866307702298,115.00613197126222,24.9893795136852,8,0.16,4,0.4591072956510664,11,0.8,1.3,5.0,0.6316422156959474,0.9134500760845106,1471,1471,1404,True,ok
12,45,Drowsy,60,processed,17,15894240346114351318,115.00613197126222,24.9893795136852,8,0.16,4,0.4591072956510664,11,0.8,1.3,5.0,0.7047549394786464,0.9177484050341213,1471,1471,1417,True,ok
12,45,Drowsy,60,processed,18,15755018671202395131,115.00613197126222,24.9893795136852,8,0.16,4,0.4591072956510664,11,0.8,1.3,5.0,0.6510458674008717,0.9016848283504099,1471,1471,1417,True,ok
12,45,Drowsy,60,processed,19,18028210317433899369,115.00613197126222,24.9893795136852,8,0.16,4,0.4591072956510664,11,0.8,1.3,5.0,0.6557269953747645,0.8909539084590912,1471,1471,1395,True,ok
12,45,Drowsy,60,processed,20,3232944210826200243,115.00613197126222,24.9893795136852,8,0.16,4,0.4591072956510664,11,0.8,1.3,5.0,0.6464914996153652,0.8720990170779441,1471,1471,1390,True,ok
12,45,Drowsy,60,processed,21,1568980637981295175,115.00613197126222,24.9893795136852,8,0.16,4,0.4591072956510664,11,0.8,1.3,5.0,0.5659385579886858,0.8360101663289802,1471,1471,1403,True,ok
12,45,Drowsy,60,processed,22,8820662495262314319,115.00613197126222,24.9893795136852,8,0.16,4,0.4591072956510664,11,0.8,1.3,5.0,0.5655320545259781,0.8373745242721102,1471,1471,1404,True,ok
12,45,Drowsy,60,processed,23,2027963555298004092,115.00613197126222,24.9893795136852,8,0.16,4,0.4591072956510664,11,0.8,1.3,5.0,0.6447537663750817,0.938236732847368,1471,1471,1411,True,ok
12,45,Drowsy,60,processed,24,7670790881524097071,115.00613197126222,24.9893795136852,8,0.16,4,0.4591072956510664,11,0.8,1.3,5.0,0.5676004894879341,0.739181243626318,1471,1471,1404,True,ok
12,45,Drowsy,60,processed,25,8818359621800755784,115.00613197126222,24.9893795136852,8,0.16,4,0.4591072956510664,11,0.8,1.3,5.0,0.6320110412506266,0.8438692115241493,1471,1471,1404,True,ok
12,45,Drowsy,60,processed,26,17931301994290296171,115.00613197126222,24.9893795136852,8,0.16,4,0.4591072956510664,11,0.8,1.3,5.0,0.6686994302831516,0.8898121537625058,1471,1471,1392,True,ok
12,45,Drowsy,60,processed,27,5395065271620405251,115.00613197126222,24.9893795136852,8,0.16,4,0.4591072956510664,11,0.8,1.3,5.0,0.6830407205060653,0.904169844757342,1471,1471,1421,True,ok
12,45,Drowsy,60,processed,28,8978981766030304928,115.00613197126222,24.9893795136852,8,0.16,4,0.4591072956510664,11,0.8,1.3,5.0,0.589900538388584,0.9094836345026637,1471,1471,1404,True,ok
12,45,Drowsy,60,processed,29,14547372698031921048,115.00613197126222,24.9893795136852,8,0.16,4,0.4591072956510664,11,0.8,1.3,5.0,0.6506364821665214,0.9318179041769364,1471,1471,1381,True,ok
12,45,Drowsy,60,processed,30,3395046889075267376,115.00613197126222,24.9893795136852,8,0.16,4,0.4591072956510664,11,0.8,1.3,5.0,0.6701457022112457,0.9393782369427046,1471,1471,1410,True,ok
12,45,Drowsy,60,processed,31,7240223441007428604,115.00613197126222,24.9893795136852,8,0.16,4,0.4591072956510664,11,0.8,1.3,5.0,0.633631382040738,0.859884334185008,1471,1471,1406,True,ok
12,45,Drowsy,60,processed,32,8172417073948716685,115.00613197126222,24.9893795136852,8,0.16,4,0.4591072956510664,11,0.8,1.3,5.0,0.6476439783290169,0.9218133467231444,1471,1471,1418,True,ok
12,45,Drowsy,60,processed,33,3931325140675801968,115.00613197126222,24.9893795136852,8,0.16,4,0.4591072956510664,11,0.8,1.3,5.0,0.6471518481835385,0.9432943679282871,1471,1471,1409,True,ok
12,45,Drowsy,60,processed,34,12837032205461438201,115.00613197126222,24.9893795136852,8,0.16,4,0.4591072956510664,11,0.8,1.3,5.0,0.6625215412892153,0.9307581933345561,1471,1471,1419,True,ok
12,45,Drowsy,60,processed,35,5434067615655650588,115.00613197126222,24.9893795136852,8,0.16,4,0.4591072956510664,11,0.8,1.3,5.0,0.571143432812317,0.9324987746208142,1471,1471,1403,True,ok
12,45,Drowsy,60,processed,36,15293180494572688938,115.00613197126222,24.9893795136852,8,0.16,4,0.4591072956510664,11,0.8,1.3,5.0,0.5832018164889203,0.8413622774787172,1471,1471,1391,True,ok
12,45,Drowsy,60,processed,37,6981860502901183715,115.00613197126222,24.9893795136852,8,0.16,4,0.4591072956510664,11,0.8,1.3,5.0,0.6461787502367348,0.9062459528146988,1471,1471,1416,True,ok
12,45,Drowsy,60,processed,38,10501641187800017602,115.00613197126222,24.9893795136852,8,0.16,4,0.4591072956510664,11,0.8,1.3,5.0,0.5665099484823496,0.8242622889533948,1471,1471,1384,True,ok
12,45,Drowsy,60,processed,39,1193228634989712855,115.00613197126222,24.9893795136852,8,0.16,4,0.4591072956510664,11,0.8,1.3,5.0,0.6126830271845598,0.8315059763979554,1471,1471,1419,True,ok
12,46,Drowsy,60,processed,1,571953607508070879,138.30057843624795,24.9893795136852,8,0.16,4,0.4539597446144435,11,0.8,1.3,5.0,0.6149271352773924,0.8942842731419312,1471,1471,1411,True,ok
12,46,Drowsy,60,processed,2,4298500664318979044,138.30057843624795,24.9893795136852,8,0.16,4,0.4539597446144435,11,0.8,1.3,5.0,0.5833017582263095,0.8429239898291822,1471,1471,1410,True,ok
12,46,Drowsy,60,processed,3,14188891311127531282,138.30057843624795,24.9893795136852,8,0.16,4,0.4539597446144435,11,0.8,1.3,5.0,0.5993934979295935,0.8738313673367085,1471,1471,1405,True,ok
12,46,Drowsy,60,processed,4,7606157886852308688,138.30057843624795,24.9893795136852,8,0.16,4,0.4539597446144435,11,0.8,1.3,5.0,0.6021929341869843,0.8994625321855242,1471,1471,1410,True,ok
12,46,Drowsy,60,processed,5,13114895196687508973,138.30057843624795,24.9893795136852,8,0.16,4,0.4539597446144435,11,0.8,1.3,5.0,0.6619582504004078,0.8594621030981223,1471,1471,1406,True,ok
12,46,Drowsy,60,processed,6,13954680794335607121,138.30057843624795,24.9893795136852,8,0.16,4,0.4539597446144435,11,0.8,1.3,5.0,0.593704687465226,0.8756935158593531,1471,1471,1409,True,ok
12,46,Drowsy,60,processed,7,11249937448002607877,138.30057843624795,24.9893795136852,8,0.16,4,0.4539597446144435,11,0.8,1.3,5.0,0.5952589998454363,0.7837140121706446,1471,1471,1402,True,ok
12,46,Drowsy,60,processed,8,7326513098514845239,138.30057843624795,24.9893795136852,8,0.16,4,0.4539597446144435,11,0.8,1.3,5.0,0.6414899782121466,0.9248997241527795,1471,1471,1416,True,ok
12,46,Drowsy,60,processed,9,2142230043068305772,138.30057843624795,24.9893795136852,8,0.16,4,0.4539597446144435,11,0.8,1.3,5.0,0.5803798436292036,0.9203844841710441,1471,1471,1411,True,ok
12,46,Drowsy,60,processed,10,8249608328434964867,138.30057843624795,24.9893795136852,8,0.16,4,0.4539597446144435,11,0.8,1.3,5.0,0.5953027349092158,0.9160447535577798,1471,1471,1413,True,ok
12,46,Drowsy,60,processed,11,10710601903766468230,138.30057843624795,24.9893795136852,8,0.16,4,0.4539597446144435,11,0.8,1.3,5.0,0.5461413623432836,0.7954213508457922,1471,1471,1426,True,ok
12,46,Drowsy,60,processed,12,17102670201034323766,138.30057843624795,24.9893795136852,8,0.16,4,0.4539597446144435,11,0.8,1.3,5.0,0.5352025734649262,0.7989616542872272,1471,1471,1402,True,ok
12,46,Drowsy,60,processed,13,9424629903428507376,138.30057843624795,24.9893795136852,8,0.16,4,0.4539597446144435,11,0.8,1.3,5.0,0.6292465329417818,0.822266887404944,1471,1471,1401,True,ok
12,46,Drowsy,60,processed,14,9522429682929007371,138.30057843624795,24.9893795136852,8,0.16,4,0.4539597446144435,11,0.8,1.3,5.0,0.5958965047512572,0.9220110017958046,1471,1471,1398,True,ok
12,46,Drowsy,60,processed,15,7910958036680836203,138.30057843624795,24.9893795136852,8,0.16,4,0.4539597446144435,11,0.8,1.3,5.0,0.5509608450048418,0.8431417053928307,1471,1471,1422,True,ok
12,46,Drowsy,60,processed,16,7018486122910724515,138.30057843624795,24.9893795136852,8,0.16,4,0.4539597446144435,11,0.8,1.3,5.0,0.5886857480199105,0.9157159121261036,1471,1471,1400,True,ok
12,46,Drowsy,60,processed,17,16451568016643181805,138.30057843624795,24.9893795136852,8,0.16,4,0.4539597446144435,11,0.8,1.3,5.0,0.5726764085331368,0.8756403871281526,1471,1471,1415,True,ok
12,46,Drowsy,60,processed,18,8089854890734010835,138.30057843624795,24.9893795136852,8,0.16,4,0.4539597446144435,11,0.8,1.3,5.0,0.6147765303623365,0.8717332486472782,1471,1471,1407,True,ok
12,46,Drowsy,60,processed,19,9850044505064053113,138.30057843624795,24.9893795136852,8,0.16,4,0.4539597446144435,11,0.8,1.3,5.0,0.5829624579198077,0.8738742650990523,1471,1471,1417,True,ok
12,46,Drowsy,60,processed,20,10831154962361505450,138.30057843624795,24.9893795136852,8,0.16,4,0.4539597446144435,11,0.8,1.3,5.0,0.6157764782406394,0.8595048035812911,1471,1471,1403,True,ok
12,46,Drowsy,60,processed,21,9774842956430866187,138.30057843624795,24.9893795136852,8,0.16,4,0.4539597446144435,11,0.8,1.3,5.0,0.6074385876068876,0.8965890581135515,1471,1471,1407,True,ok
12,46,Drowsy,60,processed,22,10873187399990683888,138.30057843624795,24.9893795136852,8,0.16,4,0.4539597446144435,11,0.8,1.3,5.0,0.5604198265115921,0.8336026971151554,1471,1471,1390,True,ok
12,46,Drowsy,60,processed,23,18418748751564399205,138.30057843624795,24.9893795136852,8,0.16,4,0.4539597446144435,11,0.8,1.3,5.0,0.579234094938976,0.913473303794008,1471,1471,1411,True,ok
12,46,Drowsy,60,processed,24,10065997130396962655,138.30057843624795,24.9893795136852,8,0.16,4,0.4539597446144435,11,0.8,1.3,5.0,0.6321082850914221,0.8676784325081235,1471,1471,1384,True,ok
12,46,Drowsy,60,processed,25,9871828517907209000,138.30057843624795,24.9893795136852,8,0.16,4,0.4539597446144435,11,0.8,1.3,5.0,0.6002194394604419,0.9288466597280409,1471,1471,1396,True,ok
12,46,Drowsy,60,processed,26,13892166855956903307,138.30057843624795,24.9893795136852,8,0.16,4,0.4539597446144435,11,0.8,1.3,5.0,0.6342141527143139,0.9343453807172597,1471,1471,1413,True,ok
12,46,Drowsy,60,processed,27,12189898583525541074,138.30057843624795,24.9893795136852,8,0.16,4,0.4539597446144435,11,0.8,1.3,5.0,0.5827163382054659,0.8063704938678337,1471,1471,1398,True,ok
12,46,Drowsy,60,processed,28,5446624968690041470,138.30057843624795,24.9893795136852,8,0.16,4,0.4539597446144435,11,0.8,1.3,5.0,0.5861934767462459,0.9176015508205587,1471,1471,1411,True,ok
12,46,Drowsy,60,processed,29,16640645579544683274,138.30057843624795,24.9893795136852,8,0.16,4,0.4539597446144435,11,0.8,1.3,5.0,0.604923363072104,0.8463917447716282,1471,1471,1411,True,ok
12,46,Drowsy,60,processed,30,13904919113678549845,138.30057843624795,24.9893795136852,8,0.16,4,0.4539597446144435,11,0.8,1.3,5.0,0.6260245665504203,0.8539444868576616,1471,1471,1418,True,ok
12,46,Drowsy,60,processed,31,254735094278836967,138.30057843624795,24.9893795136852,8,0.16,4,0.4539597446144435,11,0.8,1.3,5.0,0.5955981080363031,0.9192080535828383,1471,1471,1414,True,ok
12,46,Drowsy,60,processed,32,1626661690760166865,138.30057843624795,24.9893795136852,8,0.16,4,0.4539597446144435,11,0.8,1.3,5.0,0.6170014313981572,0.9033309973111754,1471,1471,1373,True,ok
12,46,Drowsy,60,processed,33,6847107233922324430,138.30057843624795,24.9893795136852,8,0.16,4,0.4539597446144435,11,0.8,1.3,5.0,0.5533048197930288,0.848865172251924,1471,1471,1410,True,ok
12,46,Drowsy,60,processed,34,154124747934780552,138.30057843624795,24.9893795136852,8,0.16,4,0.4539597446144435,11,0.8,1.3,5.0,0.5249605680438258,0.84940637299307,1471,1471,1400,True,ok
12,46,Drowsy,60,processed,35,8122676269328036493,138.30057843624795,24.9893795136852,8,0.16,4,0.4539597446144435,11,0.8,1.3,5.0,0.6346653400518795,0.8994040741798246,1471,1471,1413,True,ok
12,46,Drowsy,60,processed,36,12648953145336748876,138.30057843624795,24.9893795136852,8,0.16,4,0.4539597446144435,11,0.8,1.3,5.0,0.5994779436290489,0.880695281889253,1471,1471,1394,True,ok
12,46,Drowsy,60,processed,37,9918798492466229958,138.30057843624795,24.9893795136852,8,0.16,4,0.4539597446144435,11,0.8,1.3,5.0,0.5521558384086879,0.66855710216384,1471,1471,1400,True,ok
12,46,Drowsy,60,processed,38,4525497230262930353,138.30057843624795,24.9893795136852,8,0.16,4,0.4539597446144435,11,0.8,1.3,5.0,0.56407939444525,0.8354014744774092,1471,1471,1421,True,ok
12,46,Drowsy,60,processed,39,13464323144422244988,138.30057843624795,24.9893795136852,8,0.16,4,0.4539597446144435,11,0.8,1.3,5.0,0.6034449549623041,0.8674368844568598,1471,1471,1402,True,ok
12,47,Drowsy,60,processed,1,9400579380574679377,138.30057843624795,24.9893795136852,8,0.16,4,0.4591173111369409,11,0.8,1.3,5.0,0.6380346755638121,0.9176768332828394,1471,1471,1398,True,ok
12,47,Drowsy,60,processed,2,18394116890063398608,138.30057843624795,24.9893795136852,8,0.16,4,0.4591173111369409,11,0.8,1.3,5.0,0.53848512505539,0.8385319166351518,1471,1471,1407,True,ok
12,47,Drowsy,60,processed,3,18204823852536133464,138.30057843624795,24.9893795136852,8,0.16,4,0.4591173111369409,11,0.8,1.3,5.0,0.5943158466785262,0.8983763199721252,1471,1471,1403,True,ok
12,47,Drowsy,60,processed,4,9271872347835006661,138.30057843624795,24.9893795136852,8,0.16,4,0.4591173111369409,11,0.8,1.3,5.0,0.587766227574635,0.8388461948182094,1471,1471,1405,True,ok
12,47,Drowsy,60,processed,5,3332650510056726475,138.30057843624795,24.9893795136852,8,0.16,4,0.4591173111369409,11,0.8,1.3,5.0,0.6563439734857011,0.8594003274336797,1471,1471,1403,True,ok
12,47,Drowsy,60,processed,6,14113840334202841948,138.30057843624795,24.9893795136852,8,0.16,4,0.4591173111369409,11,0.8,1.3,5.0,0.5224059107725062,0.9127674909282634,1471,1471,1411,True,ok
12,47,Drowsy,60,processed,7,8683331883858982696,138.30057843624795,24.9893795136852,8,0.16,4,0.4591173111369409,11,0.8,1.3,5.0,0.6288146058379009,0.8807039835434621,1471,1471,1396,True,ok
12,47,Drowsy,60,processed,8,9719740434125623805,138.30057843624795,24.9893795136852,8,0.16,4,0.4591173111369409,11,0.8,1.3,5.0,0.599604463792175,0.933856613809217,1471,1471,1407,True,ok
12,47,Drowsy,60,processed,9,3471515108246713459,138.30057843624795,24.9893795136852,8,0.16,4,0.4591173111369409,11,0.8,1.3,5.0,0.6075693344869397,0.8120314953908332,1471,1471,1409,True,ok
12,47,Drowsy,60,processed,10,16268181229206864901,138.30057843624795,24.9893795136852,8,0.16,4,0.4591173111369409,11,0.8,1.3,5.0,0.5508843728126621,0.8497000540897898,1471,1471,1406,True,ok
12,47,Drowsy,60,processed,11,9359879169297823093,138.30057843624795,24.9893795136852,8,0.16,4,0.4591173111369409,11,0.8,1.3,5.0,0.612278772016092,0.7786612678963564,1471,1471,1401,True,ok
12,47,Drowsy,60,processed,12,4094351387255397413,138.30057843624795,24.9893795136852,8,0.16,4,0.4591173111369409,11,0.8,1.3,5.0,0.6013963723353749,0.8673741007444122,1471,1471,1385,True,ok
12,47,Drowsy,60,processed,13,17134939864332904360,138.30057843624795,24.9893795136852,8,0.16,4,0.4591173111369409,11,0.8,1.3,5.0,0.5682238891059544,0.751173777582904,1471,1471,1395,True,ok
12,47,Drowsy,60,processed,14,15697812653162048782,138.30057843624795,24.9893795136852,8,0.16,4,0.4591173111369409,11,0.8,1.3,5.0,0.5845645382928842,0.8062475428865716,1471,1471,1408,True,ok
12,47,Drowsy,60,processed,15,5332086281330043238,138.30057843624795,24.9893795136852,8,0.16,4,0.4591173111369409,11,0.8,1.3,5.0,0.5811845251139124,0.8711478372088657,1471,1471,1420,True,ok
12,47,Drowsy,60,processed,16,15125298767204160888,138.30057843624795,24.9893795136852,8,0.16,4,0.4591173111369409,11,0.8,1.3,5.0,0.5676133433866489,0.9258160737645093,1471,1471,1393,True,ok
12,47,Drowsy,60,processed,17,14049477226234479113,138.30057843624795,24.9893795136852,8,0.16,4,0.4591173111369409,11,0.8,1.3,5.0,0.5717724232202798,0.8599390537729867,1471,1471,1405,True,ok
12,47,Drowsy,60,processed,18,13576299823611006990,138.30057843624795,24.9893795136852,8,0.16,4,0.4591173111369409,11,0.8,1.3,5.0,0.635230209823442,0.9449603461498486,1471,1471,1421,True,ok
12,47,Drowsy,60,processed,19,15428887221164971876,138.30057843624795,24.9893795136852,8,0.16,4,0.4591173111369409,11,0.8,1.3,5.0,0.6010454405378735,0.8997190579286188,1471,1471,1412,True,ok
12,47,Drowsy,60,processed,20,10023954603442181002,138.30057843624795,24.9893795136852,8,0.16,4,0.4591173111369409,11,0.8,1.3,5.0,0.5495979263131284,0.8414400807343765,1471,1471,1425,True,ok
12,47,Drowsy,60,processed,21,17063877602321597082,138.30057843624795,24.9893795136852,8,0.16,4,0.4591173111369409,11,0.8,1.3,5.0,0.620925815947391,0.9276368457809889,1471,1471,1389,True,ok
12,47,Drowsy,60,processed,22,16129172601163682053,138.30057843624795,24.9893795136852,8,0.16,4,0.4591173111369409,11,0.8,1.3,5.0,0.6178257568654609,0.8071982386123516,1471,1471,1405,True,ok
12,47,Drowsy,60,processed,23,18108849598828467441,138.30057843624795,24.9893795136852,8,0.16,4,0.4591173111369409,11,0.8,1.3,5.0,0.5921116873997069,0.8247489901752695,1471,1471,1411,True,ok
12,47,Drowsy,60,processed,24,4422993463822483858,138.30057843624795,24.9893795136852,8,0.16,4,0.4591173111369409,11,0.8,1.3,5.0,0.6129391537483843,0.9187979277149999,1471,1471,1402,True,ok
12,47,Drowsy,60,processed,25,9122670882115946733,138.30057843624795,24.9893795136852,8,0.16,4,0.4591173111369409,11,0.8,1.3,5.0,0.5742821901550335,0.9290244249108152,1471,1471,1399,True,ok
12,47,Drowsy,60,processed,26,12338745399518490380,138.30057843624795,24.9893795136852,8,0.16,4,0.4591173111369409,11,0.8,1.3,5.0,0.621231903424058,0.8885963089023231,1471,1471,1412,True,ok
12,47,Drowsy,60,processed,27,2183489032127955236,138.30057843624795,24.9893795136852,8,0.16,4,0.4591173111369409,11,0.8,1.3,5.0,0.600774064317987,0.7993691469669154,1471,1471,1402,True,ok
12,47,Drowsy,60,processed,28,2206991994582894483,138.30057843624795,24.9893795136852,8,0.16,4,0.4591173111369409,11,0.8,1.3,5.0,0.5599950441390414,0.936110064928854,1471,1471,1418,True,ok
12,47,Drowsy,60,processed,29,15030472311381211812,138.30057843624795,24.9893795136852,8,0.16,4,0.4591173111369409,11,0.8,1.3,5.0,0.5762440220917082,0.9163721988538804,1471,1471,1408,True,ok
12,47,Drowsy,60,processed,30,16680446213670713615,138.30057843624795,24.9893795136852,8,0.16,4,0.4591173111369409,11,0.8,1.3,5.0,0.5953899484747078,0.8664890079581884,1471,1471,1428,True,ok
12,47,Drowsy,60,processed,31,1085527029437244218,138.30057843624795,24.9893795136852,8,0.16,4,0.4591173111369409,11,0.8,1.3,5.0,0.5703763668268592,0.9043418743712137,1471,1471,1394,True,ok
12,47,Drowsy,60,processed,32,17050049582046733492,138.30057843624795,24.9893795136852,8,0.16,4,0.4591173111369409,11,0.8,1.3,5.0,0.6379639977427006,0.877121985720755,1471,1471,1389,True,ok
12,47,Drowsy,60,processed,33,13785831008475386533,138.30057843624795,24.9893795136852,8,0.16,4,0.4591173111369409,11,0.8,1.3,5.0,0.5947149288788913,0.90163242227501,1471,1471,1418,True,ok
12,47,Drowsy,60,processed,34,849429605920551093,138.30057843624795,24.9893795136852,8,0.16,4,0.4591173111369409,11,0.8,1.3,5.0,0.6254386044232414,0.8747990261106252,1471,1471,1415,True,ok
12,47,Drowsy,60,processed,35,5784096219497509905,138.30057843624795,24.9893795136852,8,0.16,4,0.4591173111369409,11,0.8,1.3,5.0,0.5643486991678215,0.7807609471582538,1471,1471,1409,True,ok
12,47,Drowsy,60,processed,36,1799649706000426372,138.30057843624795,24.9893795136852,8,0.16,4,0.4591173111369409,11,0.8,1.3,5.0,0.5832787431045677,0.8679256082069077,1471,1471,1378,True,ok
12,47,Drowsy,60,processed,37,4802764637702158217,138.30057843624795,24.9893795136852,8,0.16,4,0.4591173111369409,11,0.8,1.3,5.0,0.6071099853903067,0.811888178300565,1471,1471,1398,True,ok
12,47,Drowsy,60,processed,38,10621255061604684756,138.30057843624795,24.9893795136852,8,0.16,4,0.4591173111369409,11,0.8,1.3,5.0,0.6365937540596994,0.8797837036493336,1471,1471,1395,True,ok
12,47,Drowsy,60,processed,39,9276553944127521350,138.30057843624795,24.9893795136852,8,0.16,4,0.4591173111369409,11,0.8,1.3,5.0,0.49931954858333716,0.8852762451457135,1471,1471,1408,True,ok
12,48,Drowsy,60,processed,1,6173822490103036231,138.30057843624795,24.9893795136852,8,0.16,4,0.4527586359618283,11,0.8,1.3,5.0,0.607729963263133,0.8863316484226883,1471,1471,1401,True,ok
12,48,Drowsy,60,processed,2,14871563076439473770,138.30057843624795,24.9893795136852,8,0.16,4,0.4527586359618283,11,0.8,1.3,5.0,0.5563985266228871,0.9480138316872335,1471,1471,1387,True,ok
12,48,Drowsy,60,processed,3,17779493799484150935,138.30057843624795,24.9893795136852,8,0.16,4,0.4527586359618283,11,0.8,1.3,5.0,0.5952580027520976,0.9167402273394577,1471,1471,1405,True,ok
12,48,Drowsy,60,processed,4,17536849940091611295,138.30057843624795,24.9893795136852,8,0.16,4,0.4527586359618283,11,0.8,1.3,5.0,0.6215677343174373,0.8980910197250161,1471,1471,1411,True,ok
12,48,Drowsy,60,processed,5,8935214948577103832,138.30057843624795,24.9893795136852,8,0.16,4,0.4527586359618283,11,0.8,1.3,5.0,0.5930973780759965,0.8210530189059662,1471,1471,1405,True,ok
12,48,Drowsy,60,processed,6,18373851761138168193,138.30057843624795,24.9893795136852,8,0.16,4,0.4527586359618283,11,0.8,1.3,5.0,0.6191354865990236,0.9389623608214029,1471,1471,1409,True,ok
12,48,Drowsy,60,processed,7,18336187878616169973,138.30057843624795,24.9893795136852,8,0.16,4,0.4527586359618283,11,0.8,1.3,5.0,0.6466472035911689,0.9552226838968979,1471,1471,1415,True,ok
12,48,Drowsy,60,processed,8,8856415545545412806,138.30057843624795,24.9893795136852,8,0.16,4,0.4527586359618283,11,0.8,1.3,5.0,0.6040095567568842,0.8539261915880176,1471,1471,1405,True,ok
12,48,Drowsy,60,processed,9,18426922434496451281,138.30057843624795,24.9893795136852,8,0.16,4,0.4527586359618283,11,0.8,1.3,5.0,0.6125137478488455,0.8553187862304705,1471,1471,1410,True,ok
12,48,Drowsy,60,processed,10,2557009820405239918,138.30057843624795,24.9893795136852,8,0.16,4,0.4527586359618283,11,0.8,1.3,5.0,0.6010236600245907,0.874357142027449,1471,1471,1420,True,ok
12,48,Drowsy,60,processed,11,1238550960626098000,138.30057843624795,24.9893795136852,8,0.16,4,0.4527586359618283,11,0.8,1.3,5.0,0.5787140133796819,0.8666308182946882,1471,1471,1397,True,ok
12,48,Drowsy,60,processed,12,8195683497659200830,138.30057843624795,24.9893795136852,8,0.16,4,0.4527586359618283,11,0.8,1.3,5.0,0.535173718946503,0.8011934548220689,1471,1471,1399,True,ok
12,48,Drowsy,60,processed,13,8179770472052717732,138.30057843624795,24.9893795136852,8,0.16,4,0.4527586359618283,11,0.8,1.3,5.0,0.5615753503496588,0.8580205644612712,1471,1471,1416,True,ok
12,48,Drowsy,60,processed,14,15962449734776612906,138.30057843624795,24.9893795136852,8,0.16,4,0.4527586359618283,11,0.8,1.3,5.0,0.5844296191526357,0.8464383023580379,1471,1471,1397,True,ok
12,48,Drowsy,60,processed,15,12070567406184046770,138.30057843624795,24.9893795136852,8,0.16,4,0.4527586359618283,11,0.8,1.3,5.0,0.6000606583542399,0.9231494131290264,1471,1471,1396,True,ok
12,48,Drowsy,60,processed,16,8849396830424654129,138.30057843624795,24.9893795136852,8,0.16,4,0.4527586359618283,11,0.8,1.3,5.0,0.6344427449543403,0.9068250497852107,1471,1471,1417,True,ok
12,48,Drowsy,60,processed,17,1311668220730438224,138.30057843624795,24.9893795136852,8,0.16,4,0.4527586359618283,11,0.8,1.3,5.0,0.5638928508635245,0.8767271270123465,1471,1471,1431,True,ok
12,48,Drowsy,60,processed,18,3919858918514348671,138.30057843624795,24.9893795136852,8,0.16,4,0.4527586359618283,11,0.8,1.3,5.0,0.5607666171055135,0.8744317838110182,1471,1471,1421,True,ok
12,48,Drowsy,60,processed,19,11968639295616552603,138.30057843624795,24.9893795136852,8,0.16,4,0.4527586359618283,11,0.8,1.3,5.0,0.6169002947062626,0.8906691390366127,1471,1471,1403,True,ok
12,48,Drowsy,60,processed,20,13721060976736783809,138.30057843624795,24.9893795136852,8,0.16,4,0.4527586359618283,11,0.8,1.3,5.0,0.6051507133813316,0.9239509044375807,1471,1471,1420,True,ok
12,48,Drowsy,60,processed,21,437149766304439077,138.30057843624795,24.9893795136852,8,0.16,4,0.4527586359618283,11,0.8,1.3,5.0,0.5330641234281238,0.858259139507936,1471,1471,1409,True,ok
12,48,Drowsy,60,processed,22,1694432762365210573,138.30057843624795,24.9893795136852,8,0.16,4,0.4527586359618283,11,0.8,1.3,5.0,0.6114571986511278,0.8538832906583355,1471,1471,1413,True,ok
12,48,Drowsy,60,processed,23,7308573856434937863,138.30057843624795,24.9893795136852,8,0.16,4,0.4527586359618283,11,0.8,1.3,5.0,0.5875183839485937,0.8287402165763151,1471,1471,1415,True,ok
12,48,Drowsy,60,processed,24,16711110110624073684,138.30057843624795,24.9893795136852,8,0.16,4,0.4527586359618283,11,0.8,1.3,5.0,0.639568829118278,0.8234931347970289,1471,1471,1412,True,ok
12,48,Drowsy,60,processed,25,859563208725988729,138.30057843624795,24.9893795136852,8,0.16,4,0.4527586359618283,11,0.8,1.3,5.0,0.5279923018207388,0.773123177081325,1471,1471,1378,True,ok
12,48,Drowsy,60,processed,26,4227265581365621388,138.30057843624795,24.9893795136852,8,0.16,4,0.4527586359618283,11,0.8,1.3,5.0,0.5867925833940623,0.8827932303397832,1471,1471,1408,True,ok
12,48,Drowsy,60,processed,27,12095633183005496200,138.30057843624795,24.9893795136852,8,0.16,4,0.4527586359618283,11,0.8,1.3,5.0,0.6366055461752738,0.8052264172403871,1471,1471,1406,True,ok
12,48,Drowsy,60,processed,28,11941897013793638461,138.30057843624795,24.9893795136852,8,0.16,4,0.4527586359618283,11,0.8,1.3,5.0,0.650656483023648,0.9110222634039515,1471,1471,1406,True,ok
12,48,Drowsy,60,processed,29,781100526170076413,138.30057843624795,24.9893795136852,8,0.16,4,0.4527586359618283,11,0.8,1.3,5.0,0.5710846367441965,0.8199140369870674,1471,1471,1389,True,ok
12,48,Drowsy,60,processed,30,3155379984825041451,138.30057843624795,24.9893795136852,8,0.16,4,0.4527586359618283,11,0.8,1.3,5.0,0.5940416677670552,0.9013312423076036,1471,1471,1422,True,ok
12,48,Drowsy,60,processed,31,15417953872709325532,138.30057843624795,24.9893795136852,8,0.16,4,0.4527586359618283,11,0.8,1.3,5.0,0.6048377878947819,0.9091009631945755,1471,1471,1398,True,ok
12,48,Drowsy,60,processed,32,6457400944183717940,138.30057843624795,24.9893795136852,8,0.16,4,0.4527586359618283,11,0.8,1.3,5.0,0.5550758254221406,0.8133261986774222,1471,1471,1422,True,ok
12,48,Drowsy,60,processed,33,1920480993723463946,138.30057843624795,24.9893795136852,8,0.16,4,0.4527586359618283,11,0.8,1.3,5.0,0.5874716208736601,0.9282726506973276,1471,1471,1403,True,ok
12,48,Drowsy,60,processed,34,7723028076186477948,138.30057843624795,24.9893795136852,8,0.16,4,0.4527586359618283,11,0.8,1.3,5.0,0.5500505914609128,0.782882268042404,1471,1471,1401,True,ok
12,48,Drowsy,60,processed,35,7027504185899282048,138.30057843624795,24.9893795136852,8,0.16,4,0.4527586359618283,11,0.8,1.3,5.0,0.578356906095215,0.8610248404386923,1471,1471,1409,True,ok
12,48,Drowsy,60,processed,36,6478580058302448596,138.30057843624795,24.9893795136852,8,0.16,4,0.4527586359618283,11,0.8,1.3,5.0,0.600637573500289,0.889179027662568,1471,1471,1389,True,ok
12,48,Drowsy,60,processed,37,6506859299340640069,138.30057843624795,24.9893795136852,8,0.16,4,0.4527586359618283,11,0.8,1.3,5.0,0.610113367373788,0.902138359264208,1471,1471,1395,True,ok
12,48,Drowsy,60,processed,38,7705220565382226753,138.30057843624795,24.9893795136852,8,0.16,4,0.4527586359618283,11,0.8,1.3,5.0,0.5919789667359958,0.8089384210719716,1471,1471,1402,True,ok
12,48,Drowsy,60,processed,39,9242886086423042897,138.30057843624795,24.9893795136852,8,0.16,4,0.4527586359618283,11,0.8,1.3,5.0,0.5864594866591039,0.8886454169942664,1471,1471,1406,True,ok
12,49,Drowsy,60,processed,1,12355370168498489633,138.30057843624795,24.9893795136852,8,0.16,4,0.435520103739184,11,0.8,1.3,5.0,0.637621524629926,0.7702673180425167,1471,1471,1407,True,ok
12,49,Drowsy,60,processed,2,18194234747598332163,138.30057843624795,24.9893795136852,8,0.16,4,0.435520103739184,11,0.8,1.3,5.0,0.5375471906050563,0.7713223845459752,1471,1471,1405,True,ok
12,49,Drowsy,60,processed,3,11691189071443036798,138.30057843624795,24.9893795136852,8,0.16,4,0.435520103739184,11,0.8,1.3,5.0,0.6113981973438639,0.8782196865724919,1471,1471,1417,True,ok
12,49,Drowsy,60,processed,4,1683038289665470019,138.30057843624795,24.9893795136852,8,0.16,4,0.435520103739184,11,0.8,1.3,5.0,0.6058709005142143,0.8678565863576426,1471,1471,1402,True,ok
12,49,Drowsy,60,processed,5,11981737739343520030,138.30057843624795,24.9893795136852,8,0.16,4,0.435520103739184,11,0.8,1.3,5.0,0.5986408291496076,0.8920619162125151,1471,1471,1407,True,ok
12,49,Drowsy,60,processed,6,1521154342136468175,138.30057843624795,24.9893795136852,8,0.16,4,0.435520103739184,11,0.8,1.3,5.0,0.5718456413567325,0.7335100797589313,1471,1471,1403,True,ok
12,49,Drowsy,60,processed,7,9943824608496630607,138.30057843624795,24.9893795136852,8,0.16,4,0.435520103739184,11,0.8,1.3,5.0,0.5460887602124893,0.9286930362392355,1471,1471,1409,True,ok
12,49,Drowsy,60,processed,8,13080192319842361300,138.30057843624795,24.9893795136852,8,0.16,4,0.435520103739184,11,0.8,1.3,5.0,0.5290281452047116,0.7907976483507737,1471,1471,1415,True,ok
12,49,Drowsy,60,processed,9,10279364970968684131,138.30057843624795,24.9893795136852,8,0.16,4,0.435520103739184,11,0.8,1.3,5.0,0.5963716318301235,0.8571426750570318,1471,1471,1396,True,ok
12,49,Drowsy,60,processed,10,8281152030538399491,138.30057843624795,24.9893795136852,8,0.16,4,0.435520103739184,11,0.8,1.3,5.0,0.5570859966251459,0.8650702235601496,1471,1471,1409,True,ok
12,49,Drowsy,60,processed,11,655102692116897952,138.30057843624795,24.9893795136852,8,0.16,4,0.435520103739184,11,0.8,1.3,5.0,0.5946175205820263,0.8575154724107413,1471,1471,1410,True,ok
12,49,Drowsy,60,processed,12,18379585506068030232,138.30057843624795,24.9893795136852,8,0.16,4,0.435520103739184,11,0.8,1.3,5.0,0.5434498661971625,0.8402030024562157,1471,1471,1413,True,ok
12,49,Drowsy,60,processed,13,8309480337471672634,138.30057843624795,24.9893795136852,8,0.16,4,0.435520103739184,11,0.8,1.3,5.0,0.6279478810143041,0.8808985280280571,1471,1471,1402,True,ok
12,49,Drowsy,60,processed,14,2483261924630560541,138.30057843624795,24.9893795136852,8,0.16,4,0.435520103739184,11,0.8,1.3,5.0,0.6095873429376388,0.7780065118520032,1471,1471,1405,True,ok
12,49,Drowsy,60,processed,15,1786132506784614153,138.30057843624795,24.9893795136852,8,0.16,4,0.435520103739184,11,0.8,1.3,5.0,0.5959703484847825,0.8983106685015501,1471,1471,1392,True,ok
12,49,Drowsy,60,processed,16,12235571603652078012,138.30057843624795,24.9893795136852,8,0.16,4,0.435520103739184,11,0.8,1.3,5.0,0.6049789864225759,0.8351900890942123,1471,1471,1399,True,ok
12,49,Drowsy,60,processed,17,7506495619853961709,138.30057843624795,24.9893795136852,8,0.16,4,0.435520103739184,11,0.8,1.3,5.0,0.5917103272899418,0.7781930218573966,1471,1471,1417,True,ok
12,49,Drowsy,60,processed,18,15641003198896884148,138.30057843624795,24.9893795136852,8,0.16,4,0.435520103739184,11,0.8,1.3,5.0,0.5791729385495697,0.8511965384700465,1471,1471,1427,True,ok
12,49,Drowsy,60,processed,19,4966632076069617361,138.30057843624795,24.9893795136852,8,0.16,4,0.435520103739184,11,0.8,1.3,5.0,0.5871635200707948,0.8123275882300078,1471,1471,1402,True,ok
12,49,Drowsy,60,processed,20,13221124041424248033,138.30057843624795,24.9893795136852,8,0.16,4,0.435520103739184,11,0.8,1.3,5.0,0.5666333866998178,0.8332644502986024,1471,1471,1391,True,ok
12,49,Drowsy,60,processed,21,9286827952328369727,138.30057843624795,24.9893795136852,8,0.16,4,0.435520103739184,11,0.8,1.3,5.0,0.5412129417663503,0.6848748161988286,1471,1471,1421,True,ok
12,49,Drowsy,60,processed,22,8013594015786169749,138.30057843624795,24.9893795136852,8,0.16,4,0.435520103739184,11,0.8,1.3,5.0,0.5971221268134013,0.8682395014310402,1471,1471,1417,True,ok
12,49,Drowsy,60,processed,23,7601480774455669834,138.30057843624795,24.9893795136852,8,0.16,4,0.435520103739184,11,0.8,1.3,5.0,0.5294578276240163,0.8516104152286754,1471,1471,1401,True,ok
12,49,Drowsy,60,processed,24,911729326563002660,138.30057843624795,24.9893795136852,8,0.16,4,0.435520103739184,11,0.8,1.3,5.0,0.5361949697595744,0.7877743759027456,1471,1471,1430,True,ok
12,49,Drowsy,60,processed,25,1040532532585321921,138.30057843624795,24.9893795136852,8,0.16,4,0.435520103739184,11,0.8,1.3,5.0,0.5584216362080469,0.749591270467159,1471,1471,1385,True,ok
12,49,Drowsy,60,processed,26,8713418165782976021,138.30057843624795,24.9893795136852,8,0.16,4,0.435520103739184,11,0.8,1.3,5.0,0.683582942307311,0.9011730214856959,1471,1471,1386,True,ok
12,49,Drowsy,60,processed,27,5286593088113539432,138.30057843624795,24.9893795136852,8,0.16,4,0.435520103739184,11,0.8,1.3,5.0,0.5929908182678529,0.773100995187183,1471,1471,1402,True,ok
12,49,Drowsy,60,processed,28,15913356011024719729,138.30057843624795,24.9893795136852,8,0.16,4,0.435520103739184,11,0.8,1.3,5.0,0.5828279648735154,0.8737523083878684,1471,1471,1404,True,ok
12,49,Drowsy,60,processed,29,10790880408537904383,138.30057843624795,24.9893795136852,8,0.16,4,0.435520103739184,11,0.8,1.3,5.0,0.5852718400412773,0.9503790868836918,1471,1471,1418,True,ok
12,49,Drowsy,60,processed,30,14380510098961449076,138.30057843624795,24.9893795136852,8,0.16,4,0.435520103739184,11,0.8,1.3,5.0,0.5699002580093153,0.8570401500706493,1471,1471,1392,True,ok
12,49,Drowsy,60,processed,31,14858637081950567378,138.30057843624795,24.9893795136852,8,0.16,4,0.435520103739184,11,0.8,1.3,5.0,0.5476841999125116,0.8845716792386108,1471,1471,1401,True,ok
12,49,Drowsy,60,processed,32,10361320876495273134,138.30057843624795,24.9893795136852,8,0.16,4,0.435520103739184,11,0.8,1.3,5.0,0.5997080976794391,0.8508917776237975,1471,1471,1391,True,ok
12,49,Drowsy,60,processed,33,17390269082802060643,138.30057843624795,24.9893795136852,8,0.16,4,0.435520103739184,11,0.8,1.3,5.0,0.5997265145942469,0.893150020748774,1471,1471,1411,True,ok
12,49,Drowsy,60,processed,34,17276186114528313767,138.30057843624795,24.9893795136852,8,0.16,4,0.435520103739184,11,0.8,1.3,5.0,0.6071024139169027,0.7220157970910589,1471,1471,1401,True,ok
12,49,Drowsy,60,processed,35,11032931655207378723,138.30057843624795,24.9893795136852,8,0.16,4,0.435520103739184,11,0.8,1.3,5.0,0.5902075721392261,0.8060462485144477,1471,1471,1394,True,ok
12,49,Drowsy,60,processed,36,8387533807063160409,138.30057843624795,24.9893795136852,8,0.16,4,0.435520103739184,11,0.8,1.3,5.0,0.5979994543701554,0.7840044831697522,1471,1471,1423,True,ok
12,49,Drowsy,60,processed,37,15277439898651542375,138.30057843624795,24.9893795136852,8,0.16,4,0.435520103739184,11,0.8,1.3,5.0,0.6010484782448128,0.8451345052439586,1471,1471,1406,True,ok
12,49,Drowsy,60,processed,38,1537188346860711040,138.30057843624795,24.9893795136852,8,0.16,4,0.435520103739184,11,0.8,1.3,5.0,0.5460534739591275,0.8273667517155123,1471,1471,1418,True,ok
12,49,Drowsy,60,processed,39,13306644567220118673,138.30057843624795,24.9893795136852,8,0.16,4,0.435520103739184,11,0.8,1.3,5.0,0.5844138232592431,0.8023196803207622,1471,1471,1391,True,ok
12,50,Drowsy,60,processed,1,16033518546304087954,138.30057843624795,24.9893795136852,8,0.16,4,0.445785935242747,11,0.8,1.3,5.0,0.6068303733885563,0.9242256621796158,1471,1471,1410,True,ok
12,50,Drowsy,60,processed,2,1482668458874308985,138.30057843624795,24.9893795136852,8,0.16,4,0.445785935242747,11,0.8,1.3,5.0,0.5868247973454841,0.8377869389402124,1471,1471,1407,True,ok
12,50,Drowsy,60,processed,3,3165277495231683837,138.30057843624795,24.9893795136852,8,0.16,4,0.445785935242747,11,0.8,1.3,5.0,0.6264519647727165,0.9368306311707129,1471,1471,1406,True,ok
12,50,Drowsy,60,processed,4,6266692430934607313,138.30057843624795,24.9893795136852,8,0.16,4,0.445785935242747,11,0.8,1.3,5.0,0.619281547336667,0.862076830021209,1471,1471,1407,True,ok
12,50,Drowsy,60,processed,5,3882606679647776716,138.30057843624795,24.9893795136852,8,0.16,4,0.445785935242747,11,0.8,1.3,5.0,0.64684383667172,0.963349639368913,1471,1471,1400,True,ok
12,50,Drowsy,60,processed,6,5943417731199883603,138.30057843624795,24.9893795136852,8,0.16,4,0.445785935242747,11,0.8,1.3,5.0,0.5870723415312421,0.8231789178019013,1471,1471,1408,True,ok
12,50,Drowsy,60,processed,7,18057339885351495112,138.30057843624795,24.9893795136852,8,0.16,4,0.445785935242747,11,0.8,1.3,5.0,0.5869281876603826,0.8940706069002068,1471,1471,1391,True,ok
12,50,Drowsy,60,processed,8,9983387544070515183,138.30057843624795,24.9893795136852,8,0.16,4,0.445785935242747,11,0.8,1.3,5.0,0.5723496608761832,0.8862949331406061,1471,1471,1397,True,ok
12,50,Drowsy,60,processed,9,10766520997527817491,138.30057843624795,24.9893795136852,8,0.16,4,0.445785935242747,11,0.8,1.3,5.0,0.5102118268875302,0.8043922292838697,1471,1471,1429,True,ok
12,50,Drowsy,60,processed,10,1624625207001559080,138.30057843624795,24.9893795136852,8,0.16,4,0.445785935242747,11,0.8,1.3,5.0,0.5789835489433557,0.867682789231617,1471,1471,1412,True,ok
12,50,Drowsy,60,processed,11,13507617606789023201,138.30057843624795,24.9893795136852,8,0.16,4,0.445785935242747,11,0.8,1.3,5.0,0.6000195016326078,0.9001788667705782,1471,1471,1406,True,ok
12,50,Drowsy,60,processed,12,17292903524759658118,138.30057843624795,24.9893795136852,8,0.16,4,0.445785935242747,11,0.8,1.3,5.0,0.5852407156048763,0.8060552010096695,1471,1471,1420,True,ok
12,50,Drowsy,60,processed,13,882237199833971133,138.30057843624795,24.9893795136852,8,0.16,4,0.445785935242747,11,0.8,1.3,5.0,0.5597171383770048,0.8585657644328467,1471,1471,1413,True,ok
12,50,Drowsy,60,processed,14,4575915873280718740,138.30057843624795,24.9893795136852,8,0.16,4,0.445785935242747,11,0.8,1.3,5.0,0.5795252174460217,0.8233763584775983,1471,1471,1414,True,ok
12,50,Drowsy,60,processed,15,13441301915045165231,138.30057843624795,24.9893795136852,8,0.16,4,0.445785935242747,11,0.8,1.3,5.0,0.6093692283729327,0.8445593013799807,1471,1471,1414,True,ok
12,50,Drowsy,60,processed,16,4378321262381155321,138.30057843624795,24.9893795136852,8,0.16,4,0.445785935242747,11,0.8,1.3,5.0,0.5470901147078897,0.9242317173670194,1471,1471,1390,True,ok
12,50,Drowsy,60,processed,17,10325468938824027789,138.30057843624795,24.9893795136852,8,0.16,4,0.445785935242747,11,0.8,1.3,5.0,0.5511777380737032,0.8748947961211293,1471,1471,1422,True,ok
12,50,Drowsy,60,processed,18,13614665426978028511,138.30057843624795,24.9893795136852,8,0.16,4,0.445785935242747,11,0.8,1.3,5.0,0.5386475121659423,0.8029206218319386,1471,1471,1410,True,ok
12,50,Drowsy,60,processed,19,2520705791091879588,138.30057843624795,24.9893795136852,8,0.16,4,0.445785935242747,11,0.8,1.3,5.0,0.60721297329406,0.855012773061875,1471,1471,1401,True,ok
12,50,Drowsy,60,processed,20,14941029159665224801,138.30057843624795,24.9893795136852,8,0.16,4,0.445785935242747,11,0.8,1.3,5.0,0.5534434699917795,0.802418259388342,1471,1471,1416,True,ok
12,50,Drowsy,60,processed,21,15626920786072192212,138.30057843624795,24.9893795136852,8,0.16,4,0.445785935242747,11,0.8,1.3,5.0,0.5793970208260208,0.8338399462428123,1471,1471,1417,True,ok
12,50,Drowsy,60,processed,22,2181198335621461416,138.30057843624795,24.9893795136852,8,0.16,4,0.445785935242747,11,0.8,1.3,5.0,0.6287230696772955,0.8715755416248888,1471,1471,1416,True,ok
12,50,Drowsy,60,processed,23,18029335531491751735,138.30057843624795,24.9893795136852,8,0.16,4,0.445785935242747,11,0.8,1.3,5.0,0.6309740919784598,0.8551194525054414,1471,1471,1407,True,ok
12,50,Drowsy,60,processed,24,1866656658803025679,138.30057843624795,24.9893795136852,8,0.16,4,0.445785935242747,11,0.8,1.3,5.0,0.594752799930422,0.8262881481904572,1471,1471,1392,True,ok
12,50,Drowsy,60,processed,25,3087789432695632886,138.30057843624795,24.9893795136852,8,0.16,4,0.445785935242747,11,0.8,1.3,5.0,0.5715436278863407,0.7559930694012323,1471,1471,1409,True,ok
12,50,Drowsy,60,processed,26,12875582433014598414,138.30057843624795,24.9893795136852,8,0.16,4,0.445785935242747,11,0.8,1.3,5.0,0.6608931477595881,0.8338947661663266,1471,1471,1383,True,ok
12,50,Drowsy,60,processed,27,4850795289078173336,138.30057843624795,24.9893795136852,8,0.16,4,0.445785935242747,11,0.8,1.3,5.0,0.5804318679674652,0.7905363407635044,1471,1471,1411,True,ok
12,50,Drowsy,60,processed,28,9581197873339361848,138.30057843624795,24.9893795136852,8,0.16,4,0.445785935242747,11,0.8,1.3,5.0,0.6043868531919108,0.9422591157087136,1471,1471,1395,True,ok
12,50,Drowsy,60,processed,29,13061470360370974439,138.30057843624795,24.9893795136852,8,0.16,4,0.445785935242747,11,0.8,1.3,5.0,0.6011763947291069,0.8085664238776604,1471,1471,1427,True,ok
12,50,Drowsy,60,processed,30,17598843337854557052,138.30057843624795,24.9893795136852,8,0.16,4,0.445785935242747,11,0.8,1.3,5.0,0.5840524695830072,0.8792441836087057,1471,1471,1386,True,ok
12,50,Drowsy,60,processed,31,5804001866491793342,138.30057843624795,24.9893795136852,8,0.16,4,0.445785935242747,11,0.8,1.3,5.0,0.6174434627664825,0.7710927271003739,1471,1471,1387,True,ok
12,50,Drowsy,60,processed,32,4119213012696350303,138.30057843624795,24.9893795136852,8,0.16,4,0.445785935242747,11,0.8,1.3,5.0,0.5340024252375728,0.7740721030677524,1471,1471,1388,True,ok
12,50,Drowsy,60,processed,33,17637776594793988176,138.30057843624795,24.9893795136852,8,0.16,4,0.445785935242747,11,0.8,1.3,5.0,0.5841046064952209,0.8873543420126332,1471,1471,1393,True,ok
12,50,Drowsy,60,processed,34,12322695503671232046,138.30057843624795,24.9893795136852,8,0.16,4,0.445785935242747,11,0.8,1.3,5.0,0.5266849475166026,0.7682655435518166,1471,1471,1403,True,ok
12,50,Drowsy,60,processed,35,18162117266398707125,138.30057843624795,24.9893795136852,8,0.16,4,0.445785935242747,11,0.8,1.3,5.0,0.5742994387896443,0.9185485897280484,1471,1471,1421,True,ok
12,50,Drowsy,60,processed,36,4254870917118429076,138.30057843624795,24.9893795136852,8,0.16,4,0.445785935242747,11,0.8,1.3,5.0,0.5633021247151794,0.8394249851072861,1471,1471,1415,True,ok
12,50,Drowsy,60,processed,37,7054652685706604739,138.30057843624795,24.9893795136852,8,0.16,4,0.445785935242747,11,0.8,1.3,5.0,0.574335740531807,0.8340569771369893,1471,1471,1410,True,ok
12,50,Drowsy,60,processed,38,7824049408696796690,138.30057843624795,24.9893795136852,8,0.16,4,0.445785935242747,11,0.8,1.3,5.0,0.6306374218037916,0.8370254334187858,1471,1471,1422,True,ok
12,50,Drowsy,60,processed,39,5773839470366018180,138.30057843624795,24.9893795136852,8,0.16,4,0.445785935242747,11,0.8,1.3,5.0,0.6459691131644689,0.8342204157146538,1471,1471,1412,True,ok
12,51,Drowsy,60,processed,1,6826908176370130817,166.3133058033831,24.9893795136852,8,0.16,4,0.4234480090828607,11,0.8,1.3,5.0,0.5846672787933334,0.7979486970135556,1471,1471,1407,True,ok
12,51,Drowsy,60,processed,2,7680138870330630019,166.3133058033831,24.9893795136852,8,0.16,4,0.4234480090828607,11,0.8,1.3,5.0,0.5188719200837035,0.8184227471105988,1471,1471,1413,True,ok
12,51,Drowsy,60,processed,3,7966502880062762706,166.3133058033831,24.9893795136852,8,0.16,4,0.4234480090828607,11,0.8,1.3,5.0,0.5202802864550394,0.8135603032782024,1471,1471,1426,True,ok
12,51,Drowsy,60,processed,4,1465958795140767354,166.3133058033831,24.9893795136852,8,0.16,4,0.4234480090828607,11,0.8,1.3,5.0,0.5443013210698638,0.8072744423630804,1471,1471,1413,True,ok
12,51,Drowsy,60,processed,5,6331995670457569586,166.3133058033831,24.9893795136852,8,0.16,4,0.4234480090828607,11,0.8,1.3,5.0,0.5853571274451023,0.878120011102974,1471,1471,1396,True,ok
12,51,Drowsy,60,processed,6,12416857500464617806,166.3133058033831,24.9893795136852,8,0.16,4,0.4234480090828607,11,0.8,1.3,5.0,0.4624050325484509,0.6536487342797269,1471,1471,1413,True,ok
12,51,Drowsy,60,processed,7,16900763794865764980,166.3133058033831,24.9893795136852,8,0.16,4,0.4234480090828607,11,0.8,1.3,5.0,0.4732257982460263,0.7790909934411315,1471,1471,1405,True,ok
12,51,Drowsy,60,processed,8,3189806415188281505,166.3133058033831,24.9893795136852,8,0.16,4,0.4234480090828607,11,0.8,1.3,5.0,0.5328497166052927,0.7917000901161118,1471,1471,1409,True,ok
12,51,Drowsy,60,processed,9,5444906943130205970,166.3133058033831,24.9893795136852,8,0.16,4,0.4234480090828607,11,0.8,1.3,5.0,0.5270573855562913,0.8251847143296316,1471,1471,1434,True,ok
12,51,Drowsy,60,processed,10,15187881675271923839,166.3133058033831,24.9893795136852,8,0.16,4,0.4234480090828607,11,0.8,1.3,5.0,0.5484867536660812,0.9033933206702907,1471,1471,1414,True,ok
12,51,Drowsy,60,processed,11,521593586656271620,166.3133058033831,24.9893795136852,8,0.16,4,0.4234480090828607,11,0.8,1.3,5.0,0.5004969684009988,0.7522972089151405,1471,1471,1408,True,ok
12,51,Drowsy,60,processed,12,8086636943395675601,166.3133058033831,24.9893795136852,8,0.16,4,0.4234480090828607,11,0.8,1.3,5.0,0.5473517150526065,0.8390504951323319,1471,1471,1402,True,ok
12,51,Drowsy,60,processed,13,14681785392544301050,166.3133058033831,24.9893795136852,8,0.16,4,0.4234480090828607,11,0.8,1.3,5.0,0.5566283429765745,0.8387997747982359,1471,1471,1413,True,ok
12,51,Drowsy,60,processed,14,4089445230309448698,166.3133058033831,24.9893795136852,8,0.16,4,0.4234480090828607,11,0.8,1.3,5.0,0.5184811947251692,0.8276482510453548,1471,1471,1405,True,ok
12,51,Drowsy,60,processed,15,5014812873914517799,166.3133058033831,24.9893795136852,8,0.16,4,0.4234480090828607,11,0.8,1.3,5.0,0.49132849204499474,0.7307039286445454,1471,1471,1396,True,ok
12,51,Drowsy,60,processed,16,15903087127850584747,166.3133058033831,24.9893795136852,8,0.16,4,0.4234480090828607,11,0.8,1.3,5.0,0.5322731323950582,0.7654656891818309,1471,1471,1392,True,ok
12,51,Drowsy,60,processed,17,10832703786712468762,166.3133058033831,24.9893795136852,8,0.16,4,0.4234480090828607,11,0.8,1.3,5.0,0.5620933702657837,0.7176330906846545,1471,1471,1416,True,ok
12,51,Drowsy,60,processed,18,6084847846550783984,166.3133058033831,24.9893795136852,8,0.16,4,0.4234480090828607,11,0.8,1.3,5.0,0.5613225609887832,0.7452090983443228,1471,1471,1402,True,ok
12,51,Drowsy,60,processed,19,2538538476074996556,166.3133058033831,24.9893795136852,8,0.16,4,0.4234480090828607,11,0.8,1.3,5.0,0.5564191589772628,0.8213436411611581,1471,1471,1419,True,ok
12,51,Drowsy,60,processed,20,9380161328831019209,166.3133058033831,24.9893795136852,8,0.16,4,0.4234480090828607,11,0.8,1.3,5.0,0.5191276198874001,0.7956057183853512,1471,1471,1408,True,ok
12,51,Drowsy,60,processed,21,7754853735135141590,166.3133058033831,24.9893795136852,8,0.16,4,0.4234480090828607,11,0.8,1.3,5.0,0.548679765216706,0.8360507819196933,1471,1471,1415,True,ok
12,51,Drowsy,60,processed,22,16690280967847361124,166.3133058033831,24.9893795136852,8,0.16,4,0.4234480090828607,11,0.8,1.3,5.0,0.5228988779080082,0.866235131207097,1471,1471,1423,True,ok
12,51,Drowsy,60,processed,23,17517594254731694857,166.3133058033831,24.9893795136852,8,0.16,4,0.4234480090828607,11,0.8,1.3,5.0,0.5716245778768121,0.8031681720554915,1471,1471,1407,True,ok
12,51,Drowsy,60,processed,24,8593066303303930856,166.3133058033831,24.9893795136852,8,0.16,4,0.4234480090828607,11,0.8,1.3,5.0,0.5154084881743052,0.8224935981804706,1471,1471,1412,True,ok
12,51,Drowsy,60,processed,25,14143561491784331803,166.3133058033831,24.9893795136852,8,0.16,4,0.4234480090828607,11,0.8,1.3,5.0,0.5690640256148193,0.918372073690853,1471,1471,1406,True,ok
12,51,Drowsy,60,processed,26,4336405007414734785,166.3133058033831,24.9893795136852,8,0.16,4,0.4234480090828607,11,0.8,1.3,5.0,0.5200483780042687,0.8035553325456444,1471,1471,1403,True,ok
12,51,Drowsy,60,processed,27,10844127313646174543,166.3133058033831,24.9893795136852,8,0.16,4,0.4234480090828607,11,0.8,1.3,5.0,0.5125010409360755,0.8161484535329773,1471,1471,1406,True,ok
12,51,Drowsy,60,processed,28,5326055197511548918,166.3133058033831,24.9893795136852,8,0.16,4,0.4234480090828607,11,0.8,1.3,5.0,0.5394486245252332,0.8412399114660877,1471,1471,1401,True,ok
12,51,Drowsy,60,processed,29,251202203357965395,166.3133058033831,24.9893795136852,8,0.16,4,0.4234480090828607,11,0.8,1.3,5.0,0.5632726226674428,0.87242584409175,1471,1471,1404,True,ok
12,51,Drowsy,60,processed,30,2074311990499026887,166.3133058033831,24.9893795136852,8,0.16,4,0.4234480090828607,11,0.8,1.3,5.0,0.5988347257346007,0.8576827568865295,1471,1471,1417,True,ok
12,51,Drowsy,60,processed,31,7825432174462323603,166.3133058033831,24.9893795136852,8,0.16,4,0.4234480090828607,11,0.8,1.3,5.0,0.6075355370610338,0.8369827624568807,1471,1471,1421,True,ok
12,51,Drowsy,60,processed,32,6876578011544419376,166.3133058033831,24.9893795136852,8,0.16,4,0.4234480090828607,11,0.8,1.3,5.0,0.48597383018569235,0.8127819070956162,1471,1471,1421,True,ok
12,51,Drowsy,60,processed,33,6353749782615864845,166.3133058033831,24.9893795136852,8,0.16,4,0.4234480090828607,11,0.8,1.3,5.0,0.5264875131655091,0.8323415499151595,1471,1471,1401,True,ok
12,51,Drowsy,60,processed,34,9453241136558971139,166.3133058033831,24.9893795136852,8,0.16,4,0.4234480090828607,11,0.8,1.3,5.0,0.5484161601151915,0.8332963853959146,1471,1471,1409,True,ok
12,51,Drowsy,60,processed,35,12501891702669582607,166.3133058033831,24.9893795136852,8,0.16,4,0.4234480090828607,11,0.8,1.3,5.0,0.5326666975112717,0.7709340530002392,1471,1471,1391,True,ok
12,51,Drowsy,60,processed,36,15772586094509073894,166.3133058033831,24.9893795136852,8,0.16,4,0.4234480090828607,11,0.8,1.3,5.0,0.5539090334586108,0.8428922757372828,1471,1471,1414,True,ok
12,51,Drowsy,60,processed,37,10170643992257099373,166.3133058033831,24.9893795136852,8,0.16,4,0.4234480090828607,11,0.8,1.3,5.0,0.6019949595006752,0.7904670887745382,1471,1471,1410,True,ok
12,51,Drowsy,60,processed,38,7220536177430479767,166.3133058033831,24.9893795136852,8,0.16,4,0.4234480090828607,11,0.8,1.3,5.0,0.5831918497075141,0.831378578025781,1471,1471,1389,True,ok
12,51,Drowsy,60,processed,39,14724092690365902278,166.3133058033831,24.9893795136852,8,0.16,4,0.4234480090828607,11,0.8,1.3,5.0,0.5472779626518973,0.707696978457074,1471,1471,1405,True,ok
12,52,Drowsy,60,processed,1,505342566416517497,138.30057843624795,24.9893795136852,8,0.16,4,0.4495832555852118,11,0.8,1.3,5.0,0.5659966559409425,0.9026589464788357,1471,1471,1398,True,ok
12,52,Drowsy,60,processed,2,8986227120427638821,138.30057843624795,24.9893795136852,8,0.16,4,0.4495832555852118,11,0.8,1.3,5.0,0.6049190927975477,0.8161207668230974,1471,1471,1410,True,ok
12,52,Drowsy,60,processed,3,1442947057287589551,138.30057843624795,24.9893795136852,8,0.16,4,0.4495832555852118,11,0.8,1.3,5.0,0.6088943872419145,0.919396833030884,1471,1471,1400,True,ok
12,52,Drowsy,60,processed,4,873853258005387548,138.30057843624795,24.9893795136852,8,0.16,4,0.4495832555852118,11,0.8,1.3,5.0,0.5654806063687804,0.8933714617421905,1471,1471,1400,True,ok
12,52,Drowsy,60,processed,5,6583961479272295072,138.30057843624795,24.9893795136852,8,0.16,4,0.4495832555852118,11,0.8,1.3,5.0,0.5996133401316047,0.9074682377707106,1471,1471,1405,True,ok
12,52,Drowsy,60,processed,6,2234699956925220785,138.30057843624795,24.9893795136852,8,0.16,4,0.4495832555852118,11,0.8,1.3,5.0,0.6339261843288261,0.8614878272174488,1471,1471,1414,True,ok
12,52,Drowsy,60,processed,7,2799664632691964920,138.30057843624795,24.9893795136852,8,0.16,4,0.4495832555852118,11,0.8,1.3,5.0,0.5794487201670773,0.9233424828042052,1471,1471,1399,True,ok
12,52,Drowsy,60,processed,8,12875981773031939162,138.30057843624795,24.9893795136852,8,0.16,4,0.4495832555852118,11,0.8,1.3,5.0,0.634141850512543,0.9088463060264529,1471,1471,1385,True,ok
12,52,Drowsy,60,processed,9,10049844217139997752,138.30057843624795,24.9893795136852,8,0.16,4,0.4495832555852118,11,0.8,1.3,5.0,0.5813144198237481,0.7685292752839429,1471,1471,1403,True,ok
12,52,Drowsy,60,processed,10,11714716657138683665,138.30057843624795,24.9893795136852,8,0.16,4,0.4495832555852118,11,0.8,1.3,5.0,0.6099638231738246,0.8461105077092909,1471,1471,1423,True,ok
12,52,Drowsy,60,processed,11,12260623131426173599,138.30057843624795,24.9893795136852,8,0.16,4,0.4495832555852118,11,0.8,1.3,5.0,0.5986406201586482,0.9286074745714252,1471,1471,1405,True,ok
12,52,Drowsy,60,processed,12,14546040978676735460,138.30057843624795,24.9893795136852,8,0.16,4,0.4495832555852118,11,0.8,1.3,5.0,0.6247855055548831,0.7994843245087798,1471,1471,1425,True,ok
12,52,Drowsy,60,processed,13,7855297473870041499,138.30057843624795,24.9893795136852,8,0.16,4,0.4495832555852118,11,0.8,1.3,5.0,0.6211045424513016,0.8859828648702877,1471,1471,1403,True,ok
12,52,Drowsy,60,processed,14,640531716386230526,138.30057843624795,24.9893795136852,8,0.16,4,0.4495832555852118,11,0.8,1.3,5.0,0.6335772043104023,0.8259272572993323,1471,1471,1413,True,ok
12,52,Drowsy,60,processed,15,6048888554852191460,138.30057843624795,24.9893795136852,8,0.16,4,0.4495832555852118,11,0.8,1.3,5.0,0.6151855838790045,0.9123166605523615,1471,1471,1387,True,ok
12,52,Drowsy,60,processed,16,6384125434709407545,138.30057843624795,24.9893795136852,8,0.16,4,0.4495832555852118,11,0.8,1.3,5.0,0.5598156491596035,0.8237708899790663,1471,1471,1425,True,ok
12,52,Drowsy,60,processed,17,16178712650336265579,138.30057843624795,24.9893795136852,8,0.16,4,0.4495832555852118,11,0.8,1.3,5.0,0.52907654347235,0.7851103027675244,1471,1471,1415,True,ok
12,52,Drowsy,60,processed,18,18423140761002709884,138.30057843624795,24.9893795136852,8,0.16,4,0.4495832555852118,11,0.8,1.3,5.0,0.5909646183228815,0.8306400032925109,1471,1471,1422,True,ok
12,52,Drowsy,60,processed,19,11149242669052783525,138.30057843624795,24.9893795136852,8,0.16,4,0.4495832555852118,11,0.8,1.3,5.0,0.6084816875580756,0.9590433797165596,1471,1471,1407,True,ok
12,52,Drowsy,60,processed,20,8561228778772116142,138.30057843624795,24.9893795136852,8,0.16,4,0.4495832555852118,11,0.8,1.3,5.0,0.543153684004127,0.871583462834835,1471,1471,1412,True,ok
12,52,Drowsy,60,processed,21,13941807057327666756,138.30057843624795,24.9893795136852,8,0.16,4,0.4495832555852118,11,0.8,1.3,5.0,0.6634891780200651,0.8886855144399249,1471,1471,1412,True,ok
12,52,Drowsy,60,processed,22,1871238552644380481,138.30057843624795,24.9893795136852,8,0.16,4,0.4495832555852118,11,0.8,1.3,5.0,0.5570333252482839,0.9048374412542025,1471,1471,1404,True,ok
12,52,Drowsy,60,processed,23,11098790680793062794,138.30057843624795,24.9893795136852,8,0.16,4,0.4495832555852118,11,0.8,1.3,5.0,0.6018891379738436,0.9323407489255933,1471,1471,1390,True,ok
12,52,Drowsy,60,processed,24,1089027806692423961,138.30057843624795,24.9893795136852,8,0.16,4,0.4495832555852118,11,0.8,1.3,5.0,0.6148758986355931,0.8712496697360325,1471,1471,1398,True,ok
12,52,Drowsy,60,processed,25,17748559329752514663,138.30057843624795,24.9893795136852,8,0.16,4,0.4495832555852118,11,0.8,1.3,5.0,0.5501036068765716,0.6873463794779324,1471,1471,1409,True,ok
12,52,Drowsy,60,processed,26,4716950164339864158,138.30057843624795,24.9893795136852,8,0.16,4,0.4495832555852118,11,0.8,1.3,5.0,0.5546126931939451,0.7365668297032133,1471,1471,1408,True,ok
12,52,Drowsy,60,processed,27,8202730698426737671,138.30057843624795,24.9893795136852,8,0.16,4,0.4495832555852118,11,0.8,1.3,5.0,0.6091392994401739,0.8620011188849908,1471,1471,1411,True,ok
12,52,Drowsy,60,processed,28,9217040870106634096,138.30057843624795,24.9893795136852,8,0.16,4,0.4495832555852118,11,0.8,1.3,5.0,0.6217224186621046,0.9341467298254953,1471,1471,1428,True,ok
12,52,Drowsy,60,processed,29,18428846740930742028,138.30057843624795,24.9893795136852,8,0.16,4,0.4495832555852118,11,0.8,1.3,5.0,0.6102413483059485,0.8210635225851974,1471,1471,1411,True,ok
12,52,Drowsy,60,processed,30,12742155531151629903,138.30057843624795,24.9893795136852,8,0.16,4,0.4495832555852118,11,0.8,1.3,5.0,0.5593953407137189,0.9482573481359715,1471,1471,1425,True,ok
12,52,Drowsy,60,processed,31,1625532400121510599,138.30057843624795,24.9893795136852,8,0.16,4,0.4495832555852118,11,0.8,1.3,5.0,0.6045438143932658,0.9200824963104456,1471,1471,1431,True,ok
12,52,Drowsy,60,processed,32,7568065660462353807,138.30057843624795,24.9893795136852,8,0.16,4,0.4495832555852118,11,0.8,1.3,5.0,0.5009914227797472,0.8165729199009073,1471,1471,1406,True,ok
12,52,Drowsy,60,processed,33,3310686827072332414,138.30057843624795,24.9893795136852,8,0.16,4,0.4495832555852118,11,0.8,1.3,5.0,0.5677055620816893,0.9004622510247349,1471,1471,1411,True,ok
12,52,Drowsy,60,processed,34,18303042425476164610,138.30057843624795,24.9893795136852,8,0.16,4,0.4495832555852118,11,0.8,1.3,5.0,0.6099325699939021,0.8656331233229038,1471,1471,1416,True,ok
12,52,Drowsy,60,processed,35,14768831391526359951,138.30057843624795,24.9893795136852,8,0.16,4,0.4495832555852118,11,0.8,1.3,5.0,0.5706580658098664,0.9047079350333903,1471,1471,1413,True,ok
12,52,Drowsy,60,processed,36,9944213917327377305,138.30057843624795,24.9893795136852,8,0.16,4,0.4495832555852118,11,0.8,1.3,5.0,0.578147733142122,0.9202620811594541,1471,1471,1397,True,ok
12,52,Drowsy,60,processed,37,7946311149851398758,138.30057843624795,24.9893795136852,8,0.16,4,0.4495832555852118,11,0.8,1.3,5.0,0.5567440218383966,0.8416217238782479,1471,1471,1405,True,ok
12,52,Drowsy,60,processed,38,14656840235463403799,138.30057843624795,24.9893795136852,8,0.16,4,0.4495832555852118,11,0.8,1.3,5.0,0.567647101793048,0.8326565898859456,1471,1471,1395,True,ok
12,52,Drowsy,60,processed,39,6930833085821233019,138.30057843624795,24.9893795136852,8,0.16,4,0.4495832555852118,11,0.8,1.3,5.0,0.6275153195891943,0.8896094548536911,1471,1471,1414,True,ok
12,53,Drowsy,60,processed,1,9218440360828205193,138.30057843624795,24.9893795136852,8,0.16,4,0.4076357416145077,10,0.8,1.3,5.0,0.5382355980645008,0.776872864646244,1471,1471,1397,True,ok
12,53,Drowsy,60,processed,2,8158274739831389809,138.30057843624795,24.9893795136852,8,0.16,4,0.4076357416145077,10,0.8,1.3,5.0,0.5466745015076641,0.716778913663695,1471,1471,1399,True,ok
12,53,Drowsy,60,processed,3,1632898523892292850,138.30057843624795,24.9893795136852,8,0.16,4,0.4076357416145077,10,0.8,1.3,5.0,0.5397391907191329,0.6980156782278122,1471,1471,1411,True,ok
12,53,Drowsy,60,processed,4,3185851817371751645,138.30057843624795,24.9893795136852,8,0.16,4,0.4076357416145077,10,0.8,1.3,5.0,0.5104859108015968,0.6647020590572863,1471,1471,1422,True,ok
12,53,Drowsy,60,processed,5,18405899089630859066,138.30057843624795,24.9893795136852,8,0.16,4,0.4076357416145077,10,0.8,1.3,5.0,0.5273227745785256,0.7055753576152339,1471,1471,1392,True,ok
12,53,Drowsy,60,processed,6,9169691069164485994,138.30057843624795,24.9893795136852,8,0.16,4,0.4076357416145077,10,0.8,1.3,5.0,0.5642899398041443,0.83708253580614,1471,1471,1415,True,ok
12,53,Drowsy,60,processed,7,15080470918189270169,138.30057843624795,24.9893795136852,8,0.16,4,0.4076357416145077,10,0.8,1.3,5.0,0.5282605223328374,0.7278272762295411,1471,1471,1405,True,ok
12,53,Drowsy,60,processed,8,15782390847339298150,138.30057843624795,24.9893795136852,8,0.16,4,0.4076357416145077,10,0.8,1.3,5.0,0.4922104686346251,0.7122930902937913,1471,1471,1408,True,ok
12,53,Drowsy,60,processed,9,1804496048804239760,138.30057843624795,24.9893795136852,8,0.16,4,0.4076357416145077,10,0.8,1.3,5.0,0.5436118929462632,0.7470399033577454,1471,1471,1414,True,ok
12,53,Drowsy,60,processed,10,10971550851766913797,138.30057843624795,24.9893795136852,8,0.16,4,0.4076357416145077,10,0.8,1.3,5.0,0.5394843461198541,0.7096042825849503,1471,1471,1410,True,ok
12,53,Drowsy,60,processed,11,4897359905450440577,138.30057843624795,24.9893795136852,8,0.16,4,0.4076357416145077,10,0.8,1.3,5.0,0.5524542501441903,0.8339683600764398,1471,1471,1402,True,ok
12,53,Drowsy,60,processed,12,16325934424839591668,138.30057843624795,24.9893795136852,8,0.16,4,0.4076357416145077,10,0.8,1.3,5.0,0.5177765522328158,0.78766638631194,1471,1471,1405,True,ok
12,53,Drowsy,60,processed,13,16338847470473705876,138.30057843624795,24.9893795136852,8,0.16,4,0.4076357416145077,10,0.8,1.3,5.0,0.5325567813010854,0.8278702511874336,1471,1471,1405,True,ok
12,53,Drowsy,60,processed,14,10999335730664675827,138.30057843624795,24.9893795136852,8,0.16,4,0.4076357416145077,10,0.8,1.3,5.0,0.5635013955344088,0.889665069603472,1471,1471,1402,True,ok
12,53,Drowsy,60,processed,15,9922314109706731188,138.30057843624795,24.9893795136852,8,0.16,4,0.4076357416145077,10,0.8,1.3,5.0,0.6376259734451022,0.9104017839331524,1471,1471,1396,True,ok
12,53,Drowsy,60,processed,16,11365051810421727152,138.30057843624795,24.9893795136852,8,0.16,4,0.4076357416145077,10,0.8,1.3,5.0,0.5646637274153165,0.8313502030455143,1471,1471,1406,True,ok
12,53,Drowsy,60,processed,17,4343450901867247720,138.30057843624795,24.9893795136852,8,0.16,4,0.4076357416145077,10,0.8,1.3,5.0,0.4969698131086554,0.7966960006317781,1471,1471,1408,True,ok
12,53,Drowsy,60,processed,18,10371450537207517864,138.30057843624795,24.9893795136852,8,0.16,4,0.4076357416145077,10,0.8,1.3,5.0,0.4861859610777175,0.7832791295997688,1471,1471,1387,True,ok
12,53,Drowsy,60,processed,19,1455316113148941887,138.30057843624795,24.9893795136852,8,0.16,4,0.4076357416145077,10,0.8,1.3,5.0,0.5310555175435545,0.8072347423803553,1471,1471,1400,True,ok
12,53,Drowsy,60,processed,20,6265181262930258955,138.30057843624795,24.9893795136852,8,0.16,4,0.4076357416145077,10,0.8,1.3,5.0,0.5587228068747773,0.7943141600797455,1471,1471,1419,True,ok
12,53,Drowsy,60,processed,21,1312793206024109103,138.30057843624795,24.9893795136852,8,0.16,4,0.4076357416145077,10,0.8,1.3,5.0,0.523523446924933,0.8454056823360674,1471,1471,1406,True,ok
12,53,Drowsy,60,processed,22,14897644589407835123,138.30057843624795,24.9893795136852,8,0.16,4,0.4076357416145077,10,0.8,1.3,5.0,0.5503613062396724,0.7996911847140713,1471,1471,1415,True,ok
12,53,Drowsy,60,processed,23,13215820414258000143,138.30057843624795,24.9893795136852,8,0.16,4,0.4076357416145077,10,0.8,1.3,5.0,0.5328233240096318,0.7901706628453012,1471,1471,1391,True,ok
12,53,Drowsy,60,processed,24,4405563362096055218,138.30057843624795,24.9893795136852,8,0.16,4,0.4076357416145077,10,0.8,1.3,5.0,0.6030132378372034,0.9338454789176076,1471,1471,1422,True,ok
12,53,Drowsy,60,processed,25,14370151485251388854,138.30057843624795,24.9893795136852,8,0.16,4,0.4076357416145077,10,0.8,1.3,5.0,0.5012890280883734,0.781563114411344,1471,1471,1395,True,ok
12,53,Drowsy,60,processed,26,14698377020078309716,138.30057843624795,24.9893795136852,8,0.16,4,0.4076357416145077,10,0.8,1.3,5.0,0.5805615876409033,0.7819861655549837,1471,1471,1415,True,ok
12,53,Drowsy,60,processed,27,2306514762697970176,138.30057843624795,24.9893795136852,8,0.16,4,0.4076357416145077,10,0.8,1.3,5.0,0.5539440282681967,0.8193905781140417,1471,1471,1420,True,ok
12,53,Drowsy,60,processed,28,6809397811063621086,138.30057843624795,24.9893795136852,8,0.16,4,0.4076357416145077,10,0.8,1.3,5.0,0.48757506648095156,0.876585343064388,1471,1471,1429,True,ok
12,53,Drowsy,60,processed,29,6324348690840983629,138.30057843624795,24.9893795136852,8,0.16,4,0.4076357416145077,10,0.8,1.3,5.0,0.5313788885782053,0.7838541771882346,1471,1471,1406,True,ok
12,53,Drowsy,60,processed,30,13736997996113747887,138.30057843624795,24.9893795136852,8,0.16,4,0.4076357416145077,10,0.8,1.3,5.0,0.5185736733916392,0.7994189128791848,1471,1471,1413,True,ok
12,53,Drowsy,60,processed,31,17670951321362008713,138.30057843624795,24.9893795136852,8,0.16,4,0.4076357416145077,10,0.8,1.3,5.0,0.6150263723611212,0.911013416148849,1471,1471,1415,True,ok
12,53,Drowsy,60,processed,32,4485943696110879791,138.30057843624795,24.9893795136852,8,0.16,4,0.4076357416145077,10,0.8,1.3,5.0,0.5336868250726011,0.8616528464327218,1471,1471,1415,True,ok
12,53,Drowsy,60,processed,33,11830399010525592126,138.30057843624795,24.9893795136852,8,0.16,4,0.4076357416145077,10,0.8,1.3,5.0,0.5441413166517358,0.6581272421155366,1471,1471,1411,True,ok
12,53,Drowsy,60,processed,34,6054096404064245148,138.30057843624795,24.9893795136852,8,0.16,4,0.4076357416145077,10,0.8,1.3,5.0,0.5584425323933404,0.8256479609056823,1471,1471,1381,True,ok
12,53,Drowsy,60,processed,35,9993160979169315471,138.30057843624795,24.9893795136852,8,0.16,4,0.4076357416145077,10,0.8,1.3,5.0,0.5498188461889344,0.860029997487456,1471,1471,1399,True,ok
12,53,Drowsy,60,processed,36,9326392365834899595,138.30057843624795,24.9893795136852,8,0.16,4,0.4076357416145077,10,0.8,1.3,5.0,0.5979634896445293,0.9169089417657588,1471,1471,1412,True,ok
12,53,Drowsy,60,processed,37,225517551423289496,138.30057843624795,24.9893795136852,8,0.16,4,0.4076357416145077,10,0.8,1.3,5.0,0.5070282818891076,0.8168129409910159,1471,1471,1412,True,ok
12,53,Drowsy,60,processed,38,6573129631377267,138.30057843624795,24.9893795136852,8,0.16,4,0.4076357416145077,10,0.8,1.3,5.0,0.4936608874112753,0.705756986376254,1471,1471,1400,True,ok
12,53,Drowsy,60,processed,39,8622838920485838009,138.30057843624795,24.9893795136852,8,0.16,4,0.4076357416145077,10,0.8,1.3,5.0,0.6198783754615569,0.8087017735326182,1471,1471,1415,True,ok
12,54,Drowsy,60,processed,1,16657765914506713956,138.30057843624795,24.9893795136852,8,0.16,4,0.42329170900599,11,0.8,1.3,5.0,0.5243114903923607,0.8425771732375907,1471,1471,1407,True,ok
12,54,Drowsy,60,processed,2,10251109855450215901,138.30057843624795,24.9893795136852,8,0.16,4,0.42329170900599,11,0.8,1.3,5.0,0.5102085260316463,0.7956931417909485,1471,1471,1426,True,ok
12,54,Drowsy,60,processed,3,3503545902255500866,138.30057843624795,24.9893795136852,8,0.16,4,0.42329170900599,11,0.8,1.3,5.0,0.564506114982201,0.6683915195177786,1471,1471,1416,True,ok
12,54,Drowsy,60,processed,4,5861340352039418930,138.30057843624795,24.9893795136852,8,0.16,4,0.42329170900599,11,0.8,1.3,5.0,0.5629526590165604,0.8159002373935828,1471,1471,1425,True,ok
12,54,Drowsy,60,processed,5,14488442826824569254,138.30057843624795,24.9893795136852,8,0.16,4,0.42329170900599,11,0.8,1.3,5.0,0.5021426011816214,0.7525195840567476,1471,1471,1425,True,ok
12,54,Drowsy,60,processed,6,11621600816573721654,138.30057843624795,24.9893795136852,8,0.16,4,0.42329170900599,11,0.8,1.3,5.0,0.5619439707706843,0.7904350097284619,1471,1471,1385,True,ok
12,54,Drowsy,60,processed,7,17199239096240371609,138.30057843624795,24.9893795136852,8,0.16,4,0.42329170900599,11,0.8,1.3,5.0,0.6100349446845322,0.8822370565824275,1471,1471,1407,True,ok
12,54,Drowsy,60,processed,8,16218394796963822344,138.30057843624795,24.9893795136852,8,0.16,4,0.42329170900599,11,0.8,1.3,5.0,0.6324788218950181,0.8389784399778639,1471,1471,1395,True,ok
12,54,Drowsy,60,processed,9,10259017321322106734,138.30057843624795,24.9893795136852,8,0.16,4,0.42329170900599,11,0.8,1.3,5.0,0.5156973773887927,0.7220186023631001,1471,1471,1398,True,ok
12,54,Drowsy,60,processed,10,6044870493870165101,138.30057843624795,24.9893795136852,8,0.16,4,0.42329170900599,11,0.8,1.3,5.0,0.486105334128494,0.6841899232271359,1471,1471,1406,True,ok
12,54,Drowsy,60,processed,11,3301937290203165411,138.30057843624795,24.9893795136852,8,0.16,4,0.42329170900599,11,0.8,1.3,5.0,0.5239256680611317,0.791090187431323,1471,1471,1417,True,ok
12,54,Drowsy,60,processed,12,2950280297027629464,138.30057843624795,24.9893795136852,8,0.16,4,0.42329170900599,11,0.8,1.3,5.0,0.5041892774746475,0.7555338240872375,1471,1471,1386,True,ok
12,54,Drowsy,60,processed,13,7556061868003971596,138.30057843624795,24.9893795136852,8,0.16,4,0.42329170900599,11,0.8,1.3,5.0,0.578038119169151,0.8414561913426033,1471,1471,1410,True,ok
12,54,Drowsy,60,processed,14,14677716542517602008,138.30057843624795,24.9893795136852,8,0.16,4,0.42329170900599,11,0.8,1.3,5.0,0.5222118414625669,0.8180240039684274,1471,1471,1411,True,ok
12,54,Drowsy,60,processed,15,13880822320150178659,138.30057843624795,24.9893795136852,8,0.16,4,0.42329170900599,11,0.8,1.3,5.0,0.5244192099561122,0.7651990915478586,1471,1471,1410,True,ok
12,54,Drowsy,60,processed,16,11431162913706982856,138.30057843624795,24.9893795136852,8,0.16,4,0.42329170900599,11,0.8,1.3,5.0,0.5505347920178492,0.8074601932653823,1471,1471,1402,True,ok
12,54,Drowsy,60,processed,17,11725369761138048925,138.30057843624795,24.9893795136852,8,0.16,4,0.42329170900599,11,0.8,1.3,5.0,0.5389977362660042,0.8140166425323895,1471,1471,1421,True,ok
12,54,Drowsy,60,processed,18,5360252344508410626,138.30057843624795,24.9893795136852,8,0.16,4,0.42329170900599,11,0.8,1.3,5.0,0.5428740664032135,0.6856690698847805,1471,1471,1411,True,ok
12,54,Drowsy,60,processed,19,12588382637604317812,138.30057843624795,24.9893795136852,8,0.16,4,0.42329170900599,11,0.8,1.3,5.0,0.5507585203694478,0.8852834163452933,1471,1471,1410,True,ok
12,54,Drowsy,60,processed,20,17082554031443878518,138.30057843624795,24.9893795136852,8,0.16,4,0.42329170900599,11,0.8,1.3,5.0,0.55729320665756,0.8766673792917901,1471,1471,1413,True,ok
12,54,Drowsy,60,processed,21,7479128515383574181,138.30057843624795,24.9893795136852,8,0.16,4,0.42329170900599,11,0.8,1.3,5.0,0.5827130987125896,0.9204853088787702,1471,1471,1413,True,ok
12,54,Drowsy,60,processed,22,1321136012321582319,138.30057843624795,24.9893795136852,8,0.16,4,0.42329170900599,11,0.8,1.3,5.0,0.5409883313648841,0.8982055870003502,1471,1471,1415,True,ok
12,54,Drowsy,60,processed,23,9679415999255254490,138.30057843624795,24.9893795136852,8,0.16,4,0.42329170900599,11,0.8,1.3,5.0,0.5127910999378505,0.8564746010845128,1471,1471,1411,True,ok
12,54,Drowsy,60,processed,24,13475073380139964910,138.30057843624795,24.9893795136852,8,0.16,4,0.42329170900599,11,0.8,1.3,5.0,0.5220336649158466,0.7217632020945345,1471,1471,1398,True,ok
12,54,Drowsy,60,processed,25,10100386242314037086,138.30057843624795,24.9893795136852,8,0.16,4,0.42329170900599,11,0.8,1.3,5.0,0.5436912560426004,0.7738398773245205,1471,1471,1403,True,ok
12,54,Drowsy,60,processed,26,3742520604922284744,138.30057843624795,24.9893795136852,8,0.16,4,0.42329170900599,11,0.8,1.3,5.0,0.5085606781002772,0.8014276204026152,1471,1471,1395,True,ok
12,54,Drowsy,60,processed,27,14804704068635120860,138.30057843624795,24.9893795136852,8,0.16,4,0.42329170900599,11,0.8,1.3,5.0,0.5368771766613952,0.8803462259155455,1471,1471,1412,True,ok
12,54,Drowsy,60,processed,28,7381264588913527383,138.30057843624795,24.9893795136852,8,0.16,4,0.42329170900599,11,0.8,1.3,5.0,0.4733889261405894,0.658743273536668,1471,1471,1435,True,ok
12,54,Drowsy,60,processed,29,8919160429601275442,138.30057843624795,24.9893795136852,8,0.16,4,0.42329170900599,11,0.8,1.3,5.0,0.5323458652485619,0.9085096752282679,1471,1471,1400,True,ok
12,54,Drowsy,60,processed,30,12648745102209986653,138.30057843624795,24.9893795136852,8,0.16,4,0.42329170900599,11,0.8,1.3,5.0,0.5976324009937695,0.903320286444588,1471,1471,1416,True,ok
12,54,Drowsy,60,processed,31,17336501732286912595,138.30057843624795,24.9893795136852,8,0.16,4,0.42329170900599,11,0.8,1.3,5.0,0.5447659312094675,0.8750269218466095,1471,1471,1405,True,ok
12,54,Drowsy,60,processed,32,18129583239527439084,138.30057843624795,24.9893795136852,8,0.16,4,0.42329170900599,11,0.8,1.3,5.0,0.5288518600331735,0.844202161224366,1471,1471,1408,True,ok
12,54,Drowsy,60,processed,33,11598650988806527331,138.30057843624795,24.9893795136852,8,0.16,4,0.42329170900599,11,0.8,1.3,5.0,0.538655049221071,0.8412436361779789,1471,1471,1405,True,ok
12,54,Drowsy,60,processed,34,5968710592304550545,138.30057843624795,24.9893795136852,8,0.16,4,0.42329170900599,11,0.8,1.3,5.0,0.4904461085905713,0.672602705847996,1471,1471,1403,True,ok
12,54,Drowsy,60,processed,35,7126641751932827020,138.30057843624795,24.9893795136852,8,0.16,4,0.42329170900599,11,0.8,1.3,5.0,0.45608841568433944,0.8229539951666799,1471,1471,1406,True,ok
12,54,Drowsy,60,processed,36,3281784749444372839,138.30057843624795,24.9893795136852,8,0.16,4,0.42329170900599,11,0.8,1.3,5.0,0.5010890738000439,0.8099197509184067,1471,1471,1419,True,ok
12,54,Drowsy,60,processed,37,3167949266146155417,138.30057843624795,24.9893795136852,8,0.16,4,0.42329170900599,11,0.8,1.3,5.0,0.5030217926196237,0.6809550317622912,1471,1471,1412,True,ok
12,54,Drowsy,60,processed,38,8354836038782731304,138.30057843624795,24.9893795136852,8,0.16,4,0.42329170900599,11,0.8,1.3,5.0,0.5989012298415636,0.8558008665462417,1471,1471,1403,True,ok
12,54,Drowsy,60,processed,39,6483137050039769737,138.30057843624795,24.9893795136852,8,0.16,4,0.42329170900599,11,0.8,1.3,5.0,0.5628849575716928,0.7673310358827858,1471,1471,1410,True,ok
12,55,Drowsy,60,processed,1,16586142238169428833,115.00613197126222,24.9893795136852,8,0.16,4,0.4515470271202365,11,0.8,1.3,5.0,0.6024026907303354,0.8080367461525028,1471,1471,1402,True,ok
12,55,Drowsy,60,processed,2,8759352166415682757,115.00613197126222,24.9893795136852,8,0.16,4,0.4515470271202365,11,0.8,1.3,5.0,0.5201823662970672,0.7791286633966793,1471,1471,1413,True,ok
12,55,Drowsy,60,processed,3,11898125538707574353,115.00613197126222,24.9893795136852,8,0.16,4,0.4515470271202365,11,0.8,1.3,5.0,0.5583210381715513,0.8762196287222229,1471,1471,1431,True,ok
12,55,Drowsy,60,processed,4,6808704871627802298,115.00613197126222,24.9893795136852,8,0.16,4,0.4515470271202365,11,0.8,1.3,5.0,0.5660248226615332,0.9245542038322393,1471,1471,1390,True,ok
12,55,Drowsy,60,processed,5,14090127075313354858,115.00613197126222,24.9893795136852,8,0.16,4,0.4515470271202365,11,0.8,1.3,5.0,0.5993587494594924,0.8216835507079179,1471,1471,1413,True,ok
12,55,Drowsy,60,processed,6,13138348309743489687,115.00613197126222,24.9893795136852,8,0.16,4,0.4515470271202365,11,0.8,1.3,5.0,0.539973019422725,0.8564715436193914,1471,1406,1344,True,ok
12,55,Drowsy,60,processed,7,4705007671685269307,115.00613197126222,24.9893795136852,8,0.16,4,0.4515470271202365,11,0.8,1.3,5.0,0.5702846660848151,0.771850561641034,1471,1471,1411,True,ok
12,55,Drowsy,60,processed,8,7655474142775114422,115.00613197126222,24.9893795136852,8,0.16,4,0.4515470271202365,11,0.8,1.3,5.0,0.5659754277793273,0.8491673134669594,1471,1471,1420,True,ok
12,55,Drowsy,60,processed,9,16919348536023036664,115.00613197126222,24.9893795136852,8,0.16,4,0.4515470271202365,11,0.8,1.3,5.0,0.5643882584912898,0.9504223140787774,1471,1471,1390,True,ok
12,55,Drowsy,60,processed,10,14940256961158508219,115.00613197126222,24.9893795136852,8,0.16,4,0.4515470271202365,11,0.8,1.3,5.0,0.5115115207973822,0.854262912099826,1471,1471,1388,True,ok
12,55,Drowsy,60,processed,11,14490880529467598131,115.00613197126222,24.9893795136852,8,0.16,4,0.4515470271202365,11,0.8,1.3,5.0,0.4918576640416501,0.6841682778183188,1471,1463,1419,True,ok
12,55,Drowsy,60,processed,12,4735762591296637276,115.00613197126222,24.9893795136852,8,0.16,4,0.4515470271202365,11,0.8,1.3,5.0,0.6057171673368812,0.8392390742936084,1471,1471,1418,True,ok
12,55,Drowsy,60,processed,13,8448362519462502946,115.00613197126222,24.9893795136852,8,0.16,4,0.4515470271202365,11,0.8,1.3,5.0,0.553280503710744,0.8620129812883939,1471,1471,1409,True,ok
12,55,Drowsy,60,processed,14,6579550049087969096,115.00613197126222,24.9893795136852,8,0.16,4,0.4515470271202365,11,0.8,1.3,5.0,0.5366146970260558,0.8044534852176615,1471,1471,1394,True,ok
12,55,Drowsy,60,processed,15,9625827676600111576,115.00613197126222,24.9893795136852,8,0.16,4,0.4515470271202365,11,0.8,1.3,5.0,0.6409888729454798,0.7976645952163726,1471,1471,1417,True,ok
12,55,Drowsy,60,processed,16,4821668942300376914,115.00613197126222,24.9893795136852,8,0.16,4,0.4515470271202365,11,0.8,1.3,5.0,0.5739141997942601,0.8263952011519372,1471,1471,1410,True,ok
12,55,Drowsy,60,processed,17,3046041452849491147,115.00613197126222,24.9893795136852,8,0.16,4,0.4515470271202365,11,0.8,1.3,5.0,0.5528350905395852,0.653083093792813,1471,1471,1395,True,ok
12,55,Drowsy,60,processed,18,17474693637311704162,115.00613197126222,24.9893795136852,8,0.16,4,0.4515470271202365,11,0.8,1.3,5.0,0.6111004306304079,0.7726443684414708,1471,1471,1383,True,ok
12,55,Drowsy,60,processed,19,13703620345312994004,115.00613197126222,24.9893795136852,8,0.16,4,0.4515470271202365,11,0.8,1.3,5.0,0.5585560101063837,0.9153172476620633,1471,1471,1421,True,ok
12,55,Drowsy,60,processed,20,7461725442695331674,115.00613197126222,24.9893795136852,8,0.16,4,0.4515470271202365,11,0.8,1.3,5.0,0.5666079373471624,0.8902458013941371,1471,1471,1417,True,ok
12,55,Drowsy,60,processed,21,13451281197145083853,115.00613197126222,24.9893795136852,8,0.16,4,0.4515470271202365,11,0.8,1.3,5.0,0.5562937793443627,0.7317623344780187,1471,1471,1419,True,ok
12,55,Drowsy,60,processed,22,7184545315368493633,115.00613197126222,24.9893795136852,8,0.16,4,0.4515470271202365,11,0.8,1.3,5.0,0.5669440276753723,0.7910883441207192,1471,1471,1411,True,ok
12,55,Drowsy,60,processed,23,1832023616916633257,115.00613197126222,24.9893795136852,8,0.16,4,0.4515470271202365,11,0.8,1.3,5.0,0.5143418362223183,0.8708091500806859,1471,1471,1415,True,ok
12,55,Drowsy,60,processed,24,10108660980433725181,115.00613197126222,24.9893795136852,8,0.16,4,0.4515470271202365,11,0.8,1.3,5.0,0.5846274467930148,0.8379213507843072,1471,1471,1417,True,ok
12,55,Drowsy,60,processed,25,18042980969217852238,115.00613197126222,24.9893795136852,8,0.16,4,0.4515470271202365,11,0.8,1.3,5.0,0.5635259838000292,0.8367342661458049,1471,1471,1397,True,ok
12,55,Drowsy,60,processed,26,4137369710251238752,115.00613197126222,24.9893795136852,8,0.16,4,0.4515470271202365,11,0.8,1.3,5.0,0.5280078704445673,0.7609956358362272,1471,1471,1409,True,ok
12,55,Drowsy,60,processed,27,10449258533000426790,115.00613197126222,24.9893795136852,8,0.16,4,0.4515470271202365,11,0.8,1.3,5.0,0.6368787584332014,0.8341765285532222,1471,1471,1409,True,ok
12,55,Drowsy,60,processed,28,14153161596406803536,115.00613197126222,24.9893795136852,8,0.16,4,0.4515470271202365,11,0.8,1.3,5.0,0.5301111771684354,0.9115340660004709,1471,1471,1395,True,ok
12,55,Drowsy,60,processed,29,13794096740492888449,115.00613197126222,24.9893795136852,8,0.16,4,0.4515470271202365,11,0.8,1.3,5.0,0.6415096484713532,0.8250714821350007,1471,1471,1391,True,ok
12,55,Drowsy,60,processed,30,8724389289727801048,115.00613197126222,24.9893795136852,8,0.16,4,0.4515470271202365,11,0.8,1.3,5.0,0.6497034172855295,0.8728454223656881,1471,1471,1401,True,ok
12,55,Drowsy,60,processed,31,14926895847983596175,115.00613197126222,24.9893795136852,8,0.16,4,0.4515470271202365,11,0.8,1.3,5.0,0.5247867927477787,0.8613080504342348,1471,1471,1408,True,ok
12,55,Drowsy,60,processed,32,8227947986667463623,115.00613197126222,24.9893795136852,8,0.16,4,0.4515470271202365,11,0.8,1.3,5.0,0.5715288755130007,0.8842013819479667,1471,1471,1417,True,ok
12,55,Drowsy,60,processed,33,631204107966280905,115.00613197126222,24.9893795136852,8,0.16,4,0.4515470271202365,11,0.8,1.3,5.0,0.5700904919464006,0.8510181738493547,1471,1471,1422,True,ok
12,55,Drowsy,60,processed,34,16944637218440681663,115.00613197126222,24.9893795136852,8,0.16,4,0.4515470271202365,11,0.8,1.3,5.0,0.5588991252706046,0.8162277283505335,1471,1471,1367,True,ok
12,55,Drowsy,60,processed,35,5682303443910305529,115.00613197126222,24.9893795136852,8,0.16,4,0.4515470271202365,11,0.8,1.3,5.0,0.6034086633841477,0.9125034149332129,1471,1471,1422,True,ok
12,55,Drowsy,60,processed,36,1883847298154379169,115.00613197126222,24.9893795136852,8,0.16,4,0.4515470271202365,11,0.8,1.3,5.0,0.5122739168515013,0.8545029634855658,1471,1471,1410,True,ok
12,55,Drowsy,60,processed,37,4142425361068633598,115.00613197126222,24.9893795136852,8,0.16,4,0.4515470271202365,11,0.8,1.3,5.0,0.5514368544543437,0.7866983338840978,1471,1471,1415,True,ok
12,55,Drowsy,60,processed,38,8034973647664038100,115.00613197126222,24.9893795136852,8,0.16,4,0.4515470271202365,11,0.8,1.3,5.0,0.5635734228388607,0.8344932468317623,1471,1471,1422,True,ok
12,55,Drowsy,60,processed,39,17991491566960382151,115.00613197126222,24.9893795136852,8,0.16,4,0.4515470271202365,11,0.8,1.3,5.0,0.6290842828879938,0.9190981973806626,1471,1471,1421,True,ok
12,56,Drowsy,60,processed,1,2002188741771968657,115.00613197126222,24.9893795136852,8,0.16,4,0.4658034915300379,12,0.8,1.3,5.0,0.6096310041143035,0.8178825377931895,1471,1471,1403,True,ok
12,56,Drowsy,60,processed,2,7134035032834545876,115.00613197126222,24.9893795136852,8,0.16,4,0.4658034915300379,12,0.8,1.3,5.0,0.5981555542346981,0.8832180521156601,1471,1471,1396,True,ok
12,56,Drowsy,60,processed,3,2595220304520380353,115.00613197126222,24.9893795136852,8,0.16,4,0.4658034915300379,12,0.8,1.3,5.0,0.6236849472939636,0.9344834592515378,1471,1471,1407,True,ok
12,56,Drowsy,60,processed,4,8446424550721895647,115.00613197126222,24.9893795136852,8,0.16,4,0.4658034915300379,12,0.8,1.3,5.0,0.5383712568181371,0.8648223172258002,1471,1471,1410,True,ok
12,56,Drowsy,60,processed,5,3440182440823370848,115.00613197126222,24.9893795136852,8,0.16,4,0.4658034915300379,12,0.8,1.3,5.0,0.6009552463855858,0.7723904306146814,1471,1471,1422,True,ok
12,56,Drowsy,60,processed,6,11917756395430956090,115.00613197126222,24.9893795136852,8,0.16,4,0.4658034915300379,12,0.8,1.3,5.0,0.513214702152664,0.826639331137253,1471,1471,1417,True,ok
12,56,Drowsy,60,processed,7,4095237209398585643,115.00613197126222,24.9893795136852,8,0.16,4,0.4658034915300379,12,0.8,1.3,5.0,0.5244144377794615,0.8100877015895854,1471,1471,1398,True,ok
12,56,Drowsy,60,processed,8,5194826799913932027,115.00613197126222,24.9893795136852,8,0.16,4,0.4658034915300379,12,0.8,1.3,5.0,0.5823605765646841,0.8444329702687006,1471,1471,1420,True,ok
12,56,Drowsy,60,processed,9,597927532366024972,115.00613197126222,24.9893795136852,8,0.16,4,0.4658034915300379,12,0.8,1.3,5.0,0.6032539935833968,0.8799203656738611,1471,1471,1398,True,ok
12,56,Drowsy,60,processed,10,5672734024258409808,115.00613197126222,24.9893795136852,8,0.16,4,0.4658034915300379,12,0.8,1.3,5.0,0.5949846569842514,0.8440500441609855,1471,1471,1401,True,ok
12,56,Drowsy,60,processed,11,13406767809389256878,115.00613197126222,24.9893795136852,8,0.16,4,0.4658034915300379,12,0.8,1.3,5.0,0.5333367334365745,0.7692667816291163,1471,1471,1416,True,ok
12,56,Drowsy,60,processed,12,3882298154592614335,115.00613197126222,24.9893795136852,8,0.16,4,0.4658034915300379,12,0.8,1.3,5.0,0.582611085628381,0.8797743870039129,1471,1471,1398,True,ok
12,56,Drowsy,60,processed,13,11180025374021016711,115.00613197126222,24.9893795136852,8,0.16,4,0.4658034915300379,12,0.8,1.3,5.0,0.6104787799422657,0.8477577984138202,1471,1471,1415,True,ok
12,56,Drowsy,60,processed,14,5398713991082289319,115.00613197126222,24.9893795136852,8,0.16,4,0.4658034915300379,12,0.8,1.3,5.0,0.5607849668818173,0.8377201069373988,1471,1471,1408,True,ok
12,56,Drowsy,60,processed,15,1041900935594869045,115.00613197126222,24.9893795136852,8,0.16,4,0.4658034915300379,12,0.8,1.3,5.0,0.5149627090144225,0.7620041403185305,1471,1471,1408,True,ok
12,56,Drowsy,60,processed,16,7263608848571286780,115.00613197126222,24.9893795136852,8,0.16,4,0.4658034915300379,12,0.8,1.3,5.0,0.5712190842894143,0.7445610487919805,1471,1471,1421,True,ok
12,56,Drowsy,60,processed,17,5864298252797621218,115.00613197126222,24.9893795136852,8,0.16,4,0.4658034915300379,12,0.8,1.3,5.0,0.575458699863733,0.8294466113919015,1471,1471,1404,True,ok
12,56,Drowsy,60,processed,18,13630009305424506586,115.00613197126222,24.9893795136852,8,0.16,4,0.4658034915300379,12,0.8,1.3,5.0,0.6040425831325605,0.9332921744226264,1471,1471,1393,True,ok
12,56,Drowsy,60,processed,19,13817516232660886289,115.00613197126222,24.9893795136852,8,0.16,4,0.4658034915300379,12,0.8,1.3,5.0,0.5728905223035831,0.8690092447299962,1471,1471,1425,True,ok
12,56,Drowsy,60,processed,20,14827528857428405592,115.00613197126222,24.9893795136852,8,0.16,4,0.4658034915300379,12,0.8,1.3,5.0,0.5900569374189603,0.8980015996196802,1471,1471,1419,True,ok
12,56,Drowsy,60,processed,21,17583305851077778533,115.00613197126222,24.9893795136852,8,0.16,4,0.4658034915300379,12,0.8,1.3,5.0,0.5860685552027762,0.860518451091802,1471,1471,1417,True,ok
12,56,Drowsy,60,processed,22,13744585266168739435,115.00613197126222,24.9893795136852,8,0.16,4,0.4658034915300379,12,0.8,1.3,5.0,0.5371582338204849,0.8703028923018775,1471,1471,1408,True,ok
12,56,Drowsy,60,processed,23,13785483909120375470,115.00613197126222,24.9893795136852,8,0.16,4,0.4658034915300379,12,0.8,1.3,5.0,0.5433264393284853,0.809054473511854,1471,1471,1415,True,ok
12,56,Drowsy,60,processed,24,1238289430802986503,115.00613197126222,24.9893795136852,8,0.16,4,0.4658034915300379,12,0.8,1.3,5.0,0.5594244644603057,0.7647682708216675,1471,1471,1417,True,ok
12,56,Drowsy,60,processed,25,901576511533946096,115.00613197126222,24.9893795136852,8,0.16,4,0.4658034915300379,12,0.8,1.3,5.0,0.5732566957741633,0.83720642731427,1471,1471,1415,True,ok
12,56,Drowsy,60,processed,26,12152437344725759504,115.00613197126222,24.9893795136852,8,0.16,4,0.4658034915300379,12,0.8,1.3,5.0,0.4823596524362692,0.6915389876883237,1471,1471,1425,True,ok
12,56,Drowsy,60,processed,27,18004785947584180448,115.00613197126222,24.9893795136852,8,0.16,4,0.4658034915300379,12,0.8,1.3,5.0,0.5968504702667862,0.8971486190168466,1471,1471,1402,True,ok
12,56,Drowsy,60,processed,28,9475819996446897424,115.00613197126222,24.9893795136852,8,0.16,4,0.4658034915300379,12,0.8,1.3,5.0,0.5616473293517596,0.8335465454991977,1471,1471,1424,True,ok
12,56,Drowsy,60,processed,29,15863395412828859590,115.00613197126222,24.9893795136852,8,0.16,4,0.4658034915300379,12,0.8,1.3,5.0,0.5397803756306702,0.8486744119383682,1471,1471,1416,True,ok
12,56,Drowsy,60,processed,30,9240350950801306156,115.00613197126222,24.9893795136852,8,0.16,4,0.4658034915300379,12,0.8,1.3,5.0,0.6172674640041764,0.8548162984723023,1471,1471,1399,True,ok
12,56,Drowsy,60,processed,31,9930297231629865509,115.00613197126222,24.9893795136852,8,0.16,4,0.4658034915300379,12,0.8,1.3,5.0,0.5682626572411889,0.9280590105176209,1471,1471,1392,True,ok
12,56,Drowsy,60,processed,32,14820466529229329604,115.00613197126222,24.9893795136852,8,0.16,4,0.4658034915300379,12,0.8,1.3,5.0,0.5750785488510337,0.6501086387248903,1471,1471,1385,True,ok
12,56,Drowsy,60,processed,33,9977481834194759303,115.00613197126222,24.9893795136852,8,0.16,4,0.4658034915300379,12,0.8,1.3,5.0,0.5785650731609212,0.8561599603429735,1471,1471,1417,True,ok
12,56,Drowsy,60,processed,34,11596911413313117222,115.00613197126222,24.9893795136852,8,0.16,4,0.4658034915300379,12,0.8,1.3,5.0,0.5733666274590994,0.8525620416791948,1471,1471,1408,True,ok
12,56,Drowsy,60,processed,35,6610671677403619259,115.00613197126222,24.9893795136852,8,0.16,4,0.4658034915300379,12,0.8,1.3,5.0,0.531530634920472,0.8963570309615151,1471,1471,1405,True,ok
12,56,Drowsy,60,processed,36,14527357849460801058,115.00613197126222,24.9893795136852,8,0.16,4,0.4658034915300379,12,0.8,1.3,5.0,0.5656584549547797,0.8339599868828932,1471,1471,1413,True,ok
12,56,Drowsy,60,processed,37,17751809110562931295,115.00613197126222,24.9893795136852,8,0.16,4,0.4658034915300379,12,0.8,1.3,5.0,0.5666311574289576,0.8506145540996161,1471,1471,1404,True,ok
12,56,Drowsy,60,processed,38,6697900177686502339,115.00613197126222,24.9893795136852,8,0.16,4,0.4658034915300379,12,0.8,1.3,5.0,0.5265441424929539,0.8988811382941693,1471,1471,1415,True,ok
12,56,Drowsy,60,processed,39,360841769070036737,115.00613197126222,24.9893795136852,8,0.16,4,0.4658034915300379,12,0.8,1.3,5.0,0.5480003388713048,0.882986920226365,1471,1471,1395,True,ok
