subject,session,source_file,rule,window_id,state,label,segment_id,retained_interval_id,window_start_s,window_end_s,duration_s,observed_span_s,n_samples,fs,window_start_index,window_end_index,source_start_index,source_end_index,signal_file,sqi_pass,sqi_artifact_samples,sqi_artifact_fraction,stationarity_pass,variance_stability_metric,stationarity_pass_raw,variance_stability_metric_raw,analysis_included,exclusion_reason,Mean_CC,Mean_NRMSE,DET,Lmean,LAM,TT,LLE,LLE_fit_R2,LLE_fit_start_s,LLE_fit_end_s,LLE_pass_R2_090,LLE_pass_R2_095,simplex_success,rqa_success,lle_success,simplex_error,rqa_error,lle_error,error_message,simplex_horizons_completed,simplex_horizon_metrics,simplex_theiler_samples,rqa_theiler_samples,rqa_achieved_rr,rqa_rr_exact,rqa_zero_distance_fraction,rqa_epsilon,LLE_theiler_samples,LLE_theiler_s,LLE_n_pairs_initial,LLE_n_pairs_fit_min,LLE_core_valid,LLE_qc_reason,m,tau_s,tau_samples,requested_fit_start_s,requested_fit_end_s,max_follow_s,target_rr,elapsed_s,warnings,signal_extraction_success,signal_sha256,computation_key,computed_for_window_id,reused_identical_signal,configuration_hash
nan,10,sample_10.csv,S3,S3_10_00004,Awake,0,2,1,181.969467163086,242.16972303390503,60,60.200255870819035,1500,24.998235827015687,4500,6000,4531,6031,S3/filtered_sessions/sample_10.csv,True,0,0.0,True,0.18047586073555888,True,0.16946523253358906,True,nan,0.8158227477672251,0.5340025526147237,0.7844219417382541,4.330948595654478,0.3351970053270624,2.012244309997119,0.8825136578414717,0.973725326872466,0.8000564575195312,1.28009033203125,True,True,True,True,True,,,,,18,"[{""horizon_s"": 0.04, ""horizon_samples"": 1, ""cc"": 0.9775191969009877, ""nrmse"": 0.2115406559387899, ""n_valid"": 1471, ""n_targets"": 1471}, {""horizon_s"": 0.08, ""horizon_samples"": 2, ""cc"": 0.9491106950483875, ""nrmse"": 0.3159588968598, ""n_valid"": 1470, ""n_targets"": 1470}, {""horizon_s"": 0.12, ""horizon_samples"": 3, ""cc"": 0.9464928136778921, ""nrmse"": 0.3235008680224621, ""n_valid"": 1469, ""n_targets"": 1469}, {""horizon_s"": 0.16, ""horizon_samples"": 4, ""cc"": 0.9434157880317177, ""nrmse"": 0.3322838778829269, ""n_valid"": 1468, ""n_targets"": 1468}, {""horizon_s"": 0.2, ""horizon_samples"": 5, ""cc"": 0.9382703585999217, ""nrmse"": 0.34689930763125487, ""n_valid"": 1467, ""n_targets"": 1467}, {""horizon_s"": 0.28, ""horizon_samples"": 7, ""cc"": 0.9347438357371445, ""nrmse"": 0.3563447001929427, ""n_valid"": 1465, ""n_targets"": 1465}, {""horizon_s"": 0.4, ""horizon_samples"": 10, ""cc"": 0.9217220373664965, ""nrmse"": 0.3885637203843821, ""n_valid"": 1462, ""n_targets"": 1462}, {""horizon_s"": 0.6, ""horizon_samples"": 15, ""cc"": 0.9013466359919975, ""nrmse"": 0.4342704743834985, ""n_valid"": 1457, ""n_targets"": 1457}, {""horizon_s"": 0.8, ""horizon_samples"": 20, ""cc"": 0.8661649472165712, ""nrmse"": 0.5021105732638499, ""n_valid"": 1452, ""n_targets"": 1452}, {""horizon_s"": 1.0, ""horizon_samples"": 25, ""cc"": 0.8267527431365542, ""nrmse"": 0.5661475034085444, ""n_valid"": 1447, ""n_targets"": 1447}, {""horizon_s"": 1.2, ""horizon_samples"": 30, ""cc"": 0.8195413361695338, ""nrmse"": 0.5771886315409935, ""n_valid"": 1442, ""n_targets"": 1442}, {""horizon_s"": 1.6, ""horizon_samples"": 40, ""cc"": 0.7846514378911298, ""nrmse"": 0.6258407407556004, ""n_valid"": 1432, ""n_targets"": 1432}, {""horizon_s"": 2.0, ""horizon_samples"": 50, ""cc"": 0.7254197868418676, ""nrmse"": 0.69817229692089, ""n_valid"": 1422, ""n_targets"": 1422}, {""horizon_s"": 2.4, ""horizon_samples"": 60, ""cc"": 0.6865575602088084, ""nrmse"": 0.736658654860338, ""n_valid"": 1412, ""n_targets"": 1412}, {""horizon_s"": 2.8, ""horizon_samples"": 70, ""cc"": 0.6621575643538542, ""nrmse"": 0.7594660951916539, ""n_valid"": 1402, ""n_targets"": 1402}, {""horizon_s"": 3.2, ""horizon_samples"": 80, ""cc"": 0.6301680096133886, ""nrmse"": 0.7888270314810444, ""n_valid"": 1392, ""n_targets"": 1392}, {""horizon_s"": 3.6, ""horizon_samples"": 90, ""cc"": 0.5867157985525604, ""nrmse"": 0.8223285741844157, ""n_valid"": 1382, ""n_targets"": 1382}, {""horizon_s"": 4.0, ""horizon_samples"": 100, ""cc"": 0.5840589144712379, ""nrmse"": 0.8259433441616403, ""n_valid"": 1372, ""n_targets"": 1372}]",25,28,0.02000007678678039,True,0.0,554.7574570979943,15,0.6000423431396484,1472,1416,True,ok,8,0.16,4,0.8,1.3,5.0,0.02,1.2899478239996824,,True,2194667277a7fba3f19718386209a2aeef2598b560183bbd5ec06f07097eb108,96910c6b6665d197b611a72bb1a0aaf203fc5fad07d721dd0d2895218a1066ec,S3_10_00004,False,da22660146ea73a8bdc3047f3ed962ab9f8507ee435a4bcdd5f54e799aa2f6e4
nan,10,sample_10.csv,S3,S3_10_00006,Awake,0,2,1,302.4603343009949,362.669486284256,60,60.20915198326111,1500,24.998235827015687,7500,9000,7531,9031,S3/filtered_sessions/sample_10.csv,True,0,0.0,True,0.049203987660891554,True,0.037496698695498994,True,nan,0.7301065809882378,0.6234315276865853,0.7637855737390219,4.236092627096087,0.2940442482123146,2.0009797517962116,0.8227214138440138,0.9840893170896701,0.8000564575195312,1.28009033203125,True,True,True,True,True,,,,,18,"[{""horizon_s"": 0.04, ""horizon_samples"": 1, ""cc"": 0.9694639571780105, ""nrmse"": 0.24630885429547678, ""n_valid"": 1471, ""n_targets"": 1471}, {""horizon_s"": 0.08, ""horizon_samples"": 2, ""cc"": 0.930558381621027, ""nrmse"": 0.3678939023394464, ""n_valid"": 1470, ""n_targets"": 1470}, {""horizon_s"": 0.12, ""horizon_samples"": 3, ""cc"": 0.9238080674796953, ""nrmse"": 0.38477107042918435, ""n_valid"": 1469, ""n_targets"": 1469}, {""horizon_s"": 0.16, ""horizon_samples"": 4, ""cc"": 0.9183864236775422, ""nrmse"": 0.3976047609693076, ""n_valid"": 1468, ""n_targets"": 1468}, {""horizon_s"": 0.2, ""horizon_samples"": 5, ""cc"": 0.9160944151894665, ""nrmse"": 0.402854671687942, ""n_valid"": 1467, ""n_targets"": 1467}, {""horizon_s"": 0.28, ""horizon_samples"": 7, ""cc"": 0.9127283528612018, ""nrmse"": 0.41095229798671185, ""n_valid"": 1465, ""n_targets"": 1465}, {""horizon_s"": 0.4, ""horizon_samples"": 10, ""cc"": 0.8940809993716256, ""nrmse"": 0.4496158138118591, ""n_valid"": 1462, ""n_targets"": 1462}, {""horizon_s"": 0.6, ""horizon_samples"": 15, ""cc"": 0.848644323052623, ""nrmse"": 0.5320818361213886, ""n_valid"": 1457, ""n_targets"": 1457}, {""horizon_s"": 0.8, ""horizon_samples"": 20, ""cc"": 0.8084499812762039, ""nrmse"": 0.5928863426707948, ""n_valid"": 1452, ""n_targets"": 1452}, {""horizon_s"": 1.0, ""horizon_samples"": 25, ""cc"": 0.7607243523108658, ""nrmse"": 0.6553196987421464, ""n_valid"": 1447, ""n_targets"": 1447}, {""horizon_s"": 1.2, ""horizon_samples"": 30, ""cc"": 0.739827551164909, ""nrmse"": 0.6810528958023074, ""n_valid"": 1442, ""n_targets"": 1442}, {""horizon_s"": 1.6, ""horizon_samples"": 40, ""cc"": 0.6813014803917083, ""nrmse"": 0.743674259211791, ""n_valid"": 1432, ""n_targets"": 1432}, {""horizon_s"": 2.0, ""horizon_samples"": 50, ""cc"": 0.6182664269975309, ""nrmse"": 0.8018677439326826, ""n_valid"": 1422, ""n_targets"": 1422}, {""horizon_s"": 2.4, ""horizon_samples"": 60, ""cc"": 0.5609095800330691, ""nrmse"": 0.8449256113883988, ""n_valid"": 1412, ""n_targets"": 1412}, {""horizon_s"": 2.8, ""horizon_samples"": 70, ""cc"": 0.5138790862240628, ""nrmse"": 0.8733255934918395, ""n_valid"": 1402, ""n_targets"": 1402}, {""horizon_s"": 3.2, ""horizon_samples"": 80, ""cc"": 0.4355876177595943, ""nrmse"": 0.9202178429718507, ""n_valid"": 1392, ""n_targets"": 1392}, {""horizon_s"": 3.6, ""horizon_samples"": 90, ""cc"": 0.38715961024747, ""nrmse"": 0.9438151796969765, ""n_valid"": 1382, ""n_targets"": 1382}, {""horizon_s"": 4.0, ""horizon_samples"": 100, ""cc"": 0.3220478509516731, ""nrmse"": 0.9725991228084311, ""n_valid"": 1372, ""n_targets"": 1372}]",25,28,0.02000007678678039,True,0.0,534.8263015369805,15,0.6000423431396484,1472,1415,True,ok,8,0.16,4,0.8,1.3,5.0,0.02,1.330502960998274,,True,e995aff13f3f5ed9088bd742d49852e7e27528eb449dfffe78b3bda3839bdd42,321ecb19fdc49cb89bb3aeddf875e17440e92758925be2946213c9232e31774b,S3_10_00006,False,da22660146ea73a8bdc3047f3ed962ab9f8507ee435a4bcdd5f54e799aa2f6e4
nan,10,sample_10.csv,S3,S3_10_00003,Awake,0,2,1,121.71976804733276,181.93013620376587,60,60.210368156433105,1500,24.998235827015687,3000,4500,3031,4531,S3/filtered_sessions/sample_10.csv,True,0,0.0,True,0.1616796448269994,True,0.198865561007404,True,nan,0.6945583493909973,0.6349664766738576,0.7760234198781014,4.4204483324220885,0.37493401161395595,2.0321238132396933,1.0452250954443312,0.9954683273349607,0.8000564575195312,1.28009033203125,True,True,True,True,True,,,,,18,"[{""horizon_s"": 0.04, ""horizon_samples"": 1, ""cc"": 0.9674937215639828, ""nrmse"": 0.25349617643527333, ""n_valid"": 1471, ""n_targets"": 1471}, {""horizon_s"": 0.08, ""horizon_samples"": 2, ""cc"": 0.9332599531501071, ""nrmse"": 0.3605614783908624, ""n_valid"": 1470, ""n_targets"": 1470}, {""horizon_s"": 0.12, ""horizon_samples"": 3, ""cc"": 0.9344682777101535, ""nrmse"": 0.3577600532357377, ""n_valid"": 1469, ""n_targets"": 1469}, {""horizon_s"": 0.16, ""horizon_samples"": 4, ""cc"": 0.9331382992784217, ""nrmse"": 0.3604490876708034, ""n_valid"": 1468, ""n_targets"": 1468}, {""horizon_s"": 0.2, ""horizon_samples"": 5, ""cc"": 0.9283876380116182, ""nrmse"": 0.37231410560675593, ""n_valid"": 1467, ""n_targets"": 1467}, {""horizon_s"": 0.28, ""horizon_samples"": 7, ""cc"": 0.9194238392666139, ""nrmse"": 0.394034664142321, ""n_valid"": 1465, ""n_targets"": 1465}, {""horizon_s"": 0.4, ""horizon_samples"": 10, ""cc"": 0.907153670574022, ""nrmse"": 0.4216210929904377, ""n_valid"": 1462, ""n_targets"": 1462}, {""horizon_s"": 0.6, ""horizon_samples"": 15, ""cc"": 0.8751194358765506, ""nrmse"": 0.48426947414771315, ""n_valid"": 1457, ""n_targets"": 1457}, {""horizon_s"": 0.8, ""horizon_samples"": 20, ""cc"": 0.8223356218574108, ""nrmse"": 0.569674595818671, ""n_valid"": 1452, ""n_targets"": 1452}, {""horizon_s"": 1.0, ""horizon_samples"": 25, ""cc"": 0.754085225368552, ""nrmse"": 0.6598464439971794, ""n_valid"": 1447, ""n_targets"": 1447}, {""horizon_s"": 1.2, ""horizon_samples"": 30, ""cc"": 0.7151271903118956, ""nrmse"": 0.703856061466985, ""n_valid"": 1442, ""n_targets"": 1442}, {""horizon_s"": 1.6, ""horizon_samples"": 40, ""cc"": 0.6473642587684812, ""nrmse"": 0.7668543499987697, ""n_valid"": 1432, ""n_targets"": 1432}, {""horizon_s"": 2.0, ""horizon_samples"": 50, ""cc"": 0.5032288378196408, ""nrmse"": 0.881927615310969, ""n_valid"": 1422, ""n_targets"": 1422}, {""horizon_s"": 2.4, ""horizon_samples"": 60, ""cc"": 0.46797827844850165, ""nrmse"": 0.8989155986464682, ""n_valid"": 1412, ""n_targets"": 1412}, {""horizon_s"": 2.8, ""horizon_samples"": 70, ""cc"": 0.3718968198845103, ""nrmse"": 0.9569482938635855, ""n_valid"": 1402, ""n_targets"": 1402}, {""horizon_s"": 3.2, ""horizon_samples"": 80, ""cc"": 0.32479478625510827, ""nrmse"": 0.9770044919777617, ""n_valid"": 1392, ""n_targets"": 1392}, {""horizon_s"": 3.6, ""horizon_samples"": 90, ""cc"": 0.293227221748604, ""nrmse"": 0.9857814041654124, ""n_valid"": 1382, ""n_targets"": 1382}, {""horizon_s"": 4.0, ""horizon_samples"": 100, ""cc"": 0.20356721314377746, ""nrmse"": 1.0240815922637332, ""n_valid"": 1372, ""n_targets"": 1372}]",25,28,0.02000007678678039,True,0.0,513.7238396852403,15,0.6000423431396484,1472,1407,True,ok,8,0.16,4,0.8,1.3,5.0,0.02,1.5506184609985212,,True,6f0fb63459aeb2e14f85f08aa89b9900ea1945c7feafb9718cbc54bd5fb56e57,d259a284c7b90a18a6b96027dd295b04dad8e5887fefb37ba4992fdbb0d1a837,S3_10_00003,False,da22660146ea73a8bdc3047f3ed962ab9f8507ee435a4bcdd5f54e799aa2f6e4
nan,10,sample_10.csv,S3,S3_10_00005,Awake,0,2,1,242.20976614952087,302.4196538925171,60,60.209887742996216,1500,24.998235827015687,6000,7500,6031,7531,S3/filtered_sessions/sample_10.csv,True,0,0.0,True,0.1382791991809923,True,0.14171008531792462,True,nan,0.7612200436101014,0.571889404089554,0.7591783846043096,4.4027275257445035,0.28029466813840764,2.002914951989026,0.8769949545967363,0.9810139942646801,0.8000564575195312,1.28009033203125,True,True,True,True,True,,,,,18,"[{""horizon_s"": 0.04, ""horizon_samples"": 1, ""cc"": 0.9769476073932287, ""nrmse"": 0.21329638488704514, ""n_valid"": 1471, ""n_targets"": 1471}, {""horizon_s"": 0.08, ""horizon_samples"": 2, ""cc"": 0.947961805885934, ""nrmse"": 0.3182704822589576, ""n_valid"": 1470, ""n_targets"": 1470}, {""horizon_s"": 0.12, ""horizon_samples"": 3, ""cc"": 0.9485934233503227, ""nrmse"": 0.31632531185845303, ""n_valid"": 1469, ""n_targets"": 1469}, {""horizon_s"": 0.16, ""horizon_samples"": 4, ""cc"": 0.9463263712266956, ""nrmse"": 0.3227447320646781, ""n_valid"": 1468, ""n_targets"": 1468}, {""horizon_s"": 0.2, ""horizon_samples"": 5, ""cc"": 0.9435342660670214, ""nrmse"": 0.33046915896518264, ""n_valid"": 1467, ""n_targets"": 1467}, {""horizon_s"": 0.28, ""horizon_samples"": 7, ""cc"": 0.9446985411354211, ""nrmse"": 0.3271617216391149, ""n_valid"": 1465, ""n_targets"": 1465}, {""horizon_s"": 0.4, ""horizon_samples"": 10, ""cc"": 0.9315899780367379, ""nrmse"": 0.36274952864722104, ""n_valid"": 1462, ""n_targets"": 1462}, {""horizon_s"": 0.6, ""horizon_samples"": 15, ""cc"": 0.9043578692095294, ""nrmse"": 0.42643117358436927, ""n_valid"": 1457, ""n_targets"": 1457}, {""horizon_s"": 0.8, ""horizon_samples"": 20, ""cc"": 0.8624267587021429, ""nrmse"": 0.5060545387322442, ""n_valid"": 1452, ""n_targets"": 1452}, {""horizon_s"": 1.0, ""horizon_samples"": 25, ""cc"": 0.7985238371779835, ""nrmse"": 0.6014804482696321, ""n_valid"": 1447, ""n_targets"": 1447}, {""horizon_s"": 1.2, ""horizon_samples"": 30, ""cc"": 0.7764397694130257, ""nrmse"": 0.6299321242585356, ""n_valid"": 1442, ""n_targets"": 1442}, {""horizon_s"": 1.6, ""horizon_samples"": 40, ""cc"": 0.697778159006387, ""nrmse"": 0.7186604128750327, ""n_valid"": 1432, ""n_targets"": 1432}, {""horizon_s"": 2.0, ""horizon_samples"": 50, ""cc"": 0.6270962469733901, ""nrmse"": 0.7835322708807815, ""n_valid"": 1422, ""n_targets"": 1422}, {""horizon_s"": 2.4, ""horizon_samples"": 60, ""cc"": 0.5557747672993858, ""nrmse"": 0.8401380596705695, ""n_valid"": 1412, ""n_targets"": 1412}, {""horizon_s"": 2.8, ""horizon_samples"": 70, ""cc"": 0.5073618643893176, ""nrmse"": 0.8721855762459615, ""n_valid"": 1402, ""n_targets"": 1402}, {""horizon_s"": 3.2, ""horizon_samples"": 80, ""cc"": 0.46405220874900244, ""nrmse"": 0.8988737159648592, ""n_valid"": 1392, ""n_targets"": 1392}, {""horizon_s"": 3.6, ""horizon_samples"": 90, ""cc"": 0.43436479159524266, ""nrmse"": 0.9139057494821087, ""n_valid"": 1382, ""n_targets"": 1382}, {""horizon_s"": 4.0, ""horizon_samples"": 100, ""cc"": 0.4341325193710571, ""nrmse"": 0.9117978833272264, ""n_valid"": 1372, ""n_targets"": 1372}]",25,28,0.02000007678678039,True,0.0,544.8808712521892,15,0.6000423431396484,1472,1426,True,ok,8,0.16,4,0.8,1.3,5.0,0.02,1.5774967030010885,,True,75a25c0fddf84e7a86f0953be3ec1e56bd34cde12e7271fb09284d6e08ae1554,0d9177fb4f092eecd50d6ff2ab0609a0e8c6e007c6580fa3530bdbe1840caa15,S3_10_00005,False,da22660146ea73a8bdc3047f3ed962ab9f8507ee435a4bcdd5f54e799aa2f6e4
nan,10,sample_10.csv,S3,S3_10_00002,Awake,0,2,1,61.47013187408447,121.67989659309389,60,60.209764719009414,1500,24.998235827015687,1500,3000,1531,3031,S3/filtered_sessions/sample_10.csv,True,0,0.0,True,0.13082509083480004,True,0.13929474992324262,True,nan,0.7107540673049403,0.6326748844212935,0.7536593559533522,4.119622245540398,0.34289964966165953,2.008150646430579,0.8919666433119703,0.9901388190728617,0.8000564575195312,1.28009033203125,True,True,True,True,True,,,,,18,"[{""horizon_s"": 0.04, ""horizon_samples"": 1, ""cc"": 0.9691484458969327, ""nrmse"": 0.2477846316291226, ""n_valid"": 1471, ""n_targets"": 1471}, {""horizon_s"": 0.08, ""horizon_samples"": 2, ""cc"": 0.9342003998751737, ""nrmse"": 0.35941556088590965, ""n_valid"": 1470, ""n_targets"": 1470}, {""horizon_s"": 0.12, ""horizon_samples"": 3, ""cc"": 0.9292046853210362, ""nrmse"": 0.37212090502521367, ""n_valid"": 1469, ""n_targets"": 1469}, {""horizon_s"": 0.16, ""horizon_samples"": 4, ""cc"": 0.9240618381255985, ""nrmse"": 0.3844308762422034, ""n_valid"": 1468, ""n_targets"": 1468}, {""horizon_s"": 0.2, ""horizon_samples"": 5, ""cc"": 0.9221187434391299, ""nrmse"": 0.38950593299245445, ""n_valid"": 1467, ""n_targets"": 1467}, {""horizon_s"": 0.28, ""horizon_samples"": 7, ""cc"": 0.9161925255529922, ""nrmse"": 0.4036943810734392, ""n_valid"": 1465, ""n_targets"": 1465}, {""horizon_s"": 0.4, ""horizon_samples"": 10, ""cc"": 0.9033140639891063, ""nrmse"": 0.43250292535897567, ""n_valid"": 1462, ""n_targets"": 1462}, {""horizon_s"": 0.6, ""horizon_samples"": 15, ""cc"": 0.8861937657576363, ""nrmse"": 0.465668168244544, ""n_valid"": 1457, ""n_targets"": 1457}, {""horizon_s"": 0.8, ""horizon_samples"": 20, ""cc"": 0.8567310449853351, ""nrmse"": 0.5200042042856411, ""n_valid"": 1452, ""n_targets"": 1452}, {""horizon_s"": 1.0, ""horizon_samples"": 25, ""cc"": 0.7706036804173138, ""nrmse"": 0.6440237438311823, ""n_valid"": 1447, ""n_targets"": 1447}, {""horizon_s"": 1.2, ""horizon_samples"": 30, ""cc"": 0.7352551285744242, ""nrmse"": 0.6879946191980894, ""n_valid"": 1442, ""n_targets"": 1442}, {""horizon_s"": 1.6, ""horizon_samples"": 40, ""cc"": 0.6645417735962167, ""nrmse"": 0.7592541074313017, ""n_valid"": 1432, ""n_targets"": 1432}, {""horizon_s"": 2.0, ""horizon_samples"": 50, ""cc"": 0.5666505938136376, ""nrmse"": 0.8455005432157698, ""n_valid"": 1422, ""n_targets"": 1422}, {""horizon_s"": 2.4, ""horizon_samples"": 60, ""cc"": 0.4891869031828586, ""nrmse"": 0.900050296140523, ""n_valid"": 1412, ""n_targets"": 1412}, {""horizon_s"": 2.8, ""horizon_samples"": 70, ""cc"": 0.4026997375236772, ""nrmse"": 0.9548065732097764, ""n_valid"": 1402, ""n_targets"": 1402}, {""horizon_s"": 3.2, ""horizon_samples"": 80, ""cc"": 0.3508437685436844, ""nrmse"": 0.9843097259452288, ""n_valid"": 1392, ""n_targets"": 1392}, {""horizon_s"": 3.6, ""horizon_samples"": 90, ""cc"": 0.3023670076463659, ""nrmse"": 1.0092808950296908, ""n_valid"": 1382, ""n_targets"": 1382}, {""horizon_s"": 4.0, ""horizon_samples"": 100, ""cc"": 0.27025910524780683, ""nrmse"": 1.0277998298442161, ""n_valid"": 1372, ""n_targets"": 1372}]",25,28,0.02000007678678039,True,0.0,560.9582436939954,14,0.5600395202636719,1472,1411,True,ok,8,0.16,4,0.8,1.3,5.0,0.02,1.870671267999569,,True,e8b3dba4337f945054942c0d309cf8121ae25d9b50b2a0df7de2c5aa9a48c4c6,9d534881d11ed8101572549547030f54c966b524bd6406d7bdf2ad9907bfd060,S3_10_00002,False,da22660146ea73a8bdc3047f3ed962ab9f8507ee435a4bcdd5f54e799aa2f6e4
nan,10,sample_10.csv,S3,S3_10_00007,Awake,0,2,1,362.7098457813263,422.9097990989685,60,60.19995331764221,1500,24.998235827015687,9000,10500,9031,10531,S3/filtered_sessions/sample_10.csv,True,0,0.0,True,0.2307533712878462,True,0.13575819052103846,True,nan,0.7390607319845429,0.605450659911638,0.7539952968277583,4.372669078764264,0.4277967077794308,2.02959927140255,0.867984236601727,0.9680200140784764,0.8000564575195312,1.28009033203125,True,True,True,True,True,,,,,18,"[{""horizon_s"": 0.04, ""horizon_samples"": 1, ""cc"": 0.97130640692262, ""nrmse"": 0.2388461669296605, ""n_valid"": 1471, ""n_targets"": 1471}, {""horizon_s"": 0.08, ""horizon_samples"": 2, ""cc"": 0.9374963136822416, ""nrmse"": 0.3493073884715987, ""n_valid"": 1470, ""n_targets"": 1470}, {""horizon_s"": 0.12, ""horizon_samples"": 3, ""cc"": 0.9336986056469662, ""nrmse"": 0.3592734784505088, ""n_valid"": 1469, ""n_targets"": 1469}, {""horizon_s"": 0.16, ""horizon_samples"": 4, ""cc"": 0.9305287830665365, ""nrmse"": 0.3673383784060528, ""n_valid"": 1468, ""n_targets"": 1468}, {""horizon_s"": 0.2, ""horizon_samples"": 5, ""cc"": 0.9255769196851239, ""nrmse"": 0.3797910880470391, ""n_valid"": 1467, ""n_targets"": 1467}, {""horizon_s"": 0.28, ""horizon_samples"": 7, ""cc"": 0.9213721719682093, ""nrmse"": 0.38961663180473727, ""n_valid"": 1465, ""n_targets"": 1465}, {""horizon_s"": 0.4, ""horizon_samples"": 10, ""cc"": 0.901389446881454, ""nrmse"": 0.4346162335636182, ""n_valid"": 1462, ""n_targets"": 1462}, {""horizon_s"": 0.6, ""horizon_samples"": 15, ""cc"": 0.8806019564097851, ""nrmse"": 0.47615837079639806, ""n_valid"": 1457, ""n_targets"": 1457}, {""horizon_s"": 0.8, ""horizon_samples"": 20, ""cc"": 0.8424303719773991, ""nrmse"": 0.5420315128468748, ""n_valid"": 1452, ""n_targets"": 1452}, {""horizon_s"": 1.0, ""horizon_samples"": 25, ""cc"": 0.7956651640801389, ""nrmse"": 0.6095965748843709, ""n_valid"": 1447, ""n_targets"": 1447}, {""horizon_s"": 1.2, ""horizon_samples"": 30, ""cc"": 0.7636329538114279, ""nrmse"": 0.6497576783276392, ""n_valid"": 1442, ""n_targets"": 1442}, {""horizon_s"": 1.6, ""horizon_samples"": 40, ""cc"": 0.7005139019353576, ""nrmse"": 0.7209370968064827, ""n_valid"": 1432, ""n_targets"": 1432}, {""horizon_s"": 2.0, ""horizon_samples"": 50, ""cc"": 0.6450950687300001, ""nrmse"": 0.7715394594892383, ""n_valid"": 1422, ""n_targets"": 1422}, {""horizon_s"": 2.4, ""horizon_samples"": 60, ""cc"": 0.5675480226964904, ""nrmse"": 0.8377284783888187, ""n_valid"": 1412, ""n_targets"": 1412}, {""horizon_s"": 2.8, ""horizon_samples"": 70, ""cc"": 0.4975871608718073, ""nrmse"": 0.884942869554572, ""n_valid"": 1402, ""n_targets"": 1402}, {""horizon_s"": 3.2, ""horizon_samples"": 80, ""cc"": 0.43538909524832103, ""nrmse"": 0.9250068707408239, ""n_valid"": 1392, ""n_targets"": 1392}, {""horizon_s"": 3.6, ""horizon_samples"": 90, ""cc"": 0.3594207369711704, ""nrmse"": 0.963075441639227, ""n_valid"": 1382, ""n_targets"": 1382}, {""horizon_s"": 4.0, ""horizon_samples"": 100, ""cc"": 0.29384009513672243, ""nrmse"": 0.9985481592618233, ""n_valid"": 1372, ""n_targets"": 1372}]",25,28,0.02000007678678039,True,0.0,561.752270802113,16,0.640045166015625,1472,1428,True,ok,8,0.16,4,0.8,1.3,5.0,0.02,1.3457627360003244,,True,2453555e2b6d6b32fd1e58cd0a6059cb1e5a33fd950522be4ed58a21d644445a,9432c557911b9a044e936e987c652174b815b75d79119c5945d70064d5c4a2d6,S3_10_00007,False,da22660146ea73a8bdc3047f3ed962ab9f8507ee435a4bcdd5f54e799aa2f6e4
nan,10,sample_10.csv,S3,S3_10_00001,Awake,0,2,1,1.325752019882202,61.43026161193848,60,60.104509592056274,1500,24.998235827015687,0,1500,31,1531,S3/filtered_sessions/sample_10.csv,True,0,0.0,True,0.2544513741770829,True,0.23876950044592374,True,nan,0.6259112599276336,0.7149115611795371,0.6913663195277631,3.8872099298434972,0.40761625953832126,2.059779313689827,0.8089815998231453,0.9468641027846391,0.8000564575195312,1.28009033203125,True,False,True,True,True,,,,,18,"[{""horizon_s"": 0.04, ""horizon_samples"": 1, ""cc"": 0.9567939854813494, ""nrmse"": 0.29317344715301874, ""n_valid"": 1471, ""n_targets"": 1471}, {""horizon_s"": 0.08, ""horizon_samples"": 2, ""cc"": 0.9048865535967539, ""nrmse"": 0.42988444100183637, ""n_valid"": 1470, ""n_targets"": 1470}, {""horizon_s"": 0.12, ""horizon_samples"": 3, ""cc"": 0.8945903248503382, ""nrmse"": 0.4517513452914076, ""n_valid"": 1469, ""n_targets"": 1469}, {""horizon_s"": 0.16, ""horizon_samples"": 4, ""cc"": 0.8958799463053101, ""nrmse"": 0.44820195282489345, ""n_valid"": 1468, ""n_targets"": 1468}, {""horizon_s"": 0.2, ""horizon_samples"": 5, ""cc"": 0.8926570062332911, ""nrmse"": 0.4548098600529452, ""n_valid"": 1467, ""n_targets"": 1467}, {""horizon_s"": 0.28, ""horizon_samples"": 7, ""cc"": 0.8662370453933019, ""nrmse"": 0.5036940969803966, ""n_valid"": 1465, ""n_targets"": 1465}, {""horizon_s"": 0.4, ""horizon_samples"": 10, ""cc"": 0.8597983170266137, ""nrmse"": 0.5151274970684335, ""n_valid"": 1462, ""n_targets"": 1462}, {""horizon_s"": 0.6, ""horizon_samples"": 15, ""cc"": 0.816349813037045, ""nrmse"": 0.5838990694281594, ""n_valid"": 1457, ""n_targets"": 1457}, {""horizon_s"": 0.8, ""horizon_samples"": 20, ""cc"": 0.7515638505408069, ""nrmse"": 0.669318625458974, ""n_valid"": 1452, ""n_targets"": 1452}, {""horizon_s"": 1.0, ""horizon_samples"": 25, ""cc"": 0.6501216269393835, ""nrmse"": 0.773218760978481, ""n_valid"": 1447, ""n_targets"": 1447}, {""horizon_s"": 1.2, ""horizon_samples"": 30, ""cc"": 0.6129577431340847, ""nrmse"": 0.8075995657498302, ""n_valid"": 1442, ""n_targets"": 1442}, {""horizon_s"": 1.6, ""horizon_samples"": 40, ""cc"": 0.5259849148516201, ""nrmse"": 0.8725751941518047, ""n_valid"": 1432, ""n_targets"": 1432}, {""horizon_s"": 2.0, ""horizon_samples"": 50, ""cc"": 0.4472908220715798, ""nrmse"": 0.9301169064015878, ""n_valid"": 1422, ""n_targets"": 1422}, {""horizon_s"": 2.4, ""horizon_samples"": 60, ""cc"": 0.38362601682248143, ""nrmse"": 0.9614113478720863, ""n_valid"": 1412, ""n_targets"": 1412}, {""horizon_s"": 2.8, ""horizon_samples"": 70, ""cc"": 0.32870805357884, ""nrmse"": 0.9957443581164049, ""n_valid"": 1402, ""n_targets"": 1402}, {""horizon_s"": 3.2, ""horizon_samples"": 80, ""cc"": 0.24539566087159148, ""nrmse"": 1.02634830934817, ""n_valid"": 1392, ""n_targets"": 1392}, {""horizon_s"": 3.6, ""horizon_samples"": 90, ""cc"": 0.16430505118104266, ""nrmse"": 1.061115547130669, ""n_valid"": 1382, ""n_targets"": 1382}, {""horizon_s"": 4.0, ""horizon_samples"": 100, ""cc"": 0.06925594678196935, ""nrmse"": 1.0904177762225684, ""n_valid"": 1372, ""n_targets"": 1372}]",25,28,0.02000007678678039,True,0.0,510.43372606594033,13,0.5200366973876953,1472,1399,True,ok,8,0.16,4,0.8,1.3,5.0,0.02,2.702113928000472,,True,41abf4b094669ea64033b78d704ce9fb0c099f9e36fac10d3bf516ba4d561a79,70b19cfde29289a21f72588d6dc5888a920b4c3d1ae542cd853fd9cb7ab709b9,S3_10_00001,False,da22660146ea73a8bdc3047f3ed962ab9f8507ee435a4bcdd5f54e799aa2f6e4
nan,10,sample_10.csv,S3,S3_10_00009,Awake,0,2,1,483.19042682647705,543.4000315666199,60,60.20960474014282,1500,24.998235827015687,12000,13500,12031,13531,S3/filtered_sessions/sample_10.csv,True,0,0.0,True,0.031999609431487726,True,0.07028501345247579,True,nan,0.6363231330211331,0.687400853110169,0.7608580889763402,4.448372615039282,0.37673369486970293,2.026852569067906,1.003381493963452,0.9878266247978053,0.8000564575195312,1.28009033203125,True,True,True,True,True,,,,,18,"[{""horizon_s"": 0.04, ""horizon_samples"": 1, ""cc"": 0.9647209850465238, ""nrmse"": 0.26352222714863405, ""n_valid"": 1471, ""n_targets"": 1471}, {""horizon_s"": 0.08, ""horizon_samples"": 2, ""cc"": 0.9196130848242631, ""nrmse"": 0.3937195452976187, ""n_valid"": 1470, ""n_targets"": 1470}, {""horizon_s"": 0.12, ""horizon_samples"": 3, ""cc"": 0.9128126614981873, ""nrmse"": 0.408695223702206, ""n_valid"": 1469, ""n_targets"": 1469}, {""horizon_s"": 0.16, ""horizon_samples"": 4, ""cc"": 0.9099118483170143, ""nrmse"": 0.41496758519070376, ""n_valid"": 1468, ""n_targets"": 1468}, {""horizon_s"": 0.2, ""horizon_samples"": 5, ""cc"": 0.9090333649787998, ""nrmse"": 0.4170201925217733, ""n_valid"": 1467, ""n_targets"": 1467}, {""horizon_s"": 0.28, ""horizon_samples"": 7, ""cc"": 0.8977132384280792, ""nrmse"": 0.44132012790445113, ""n_valid"": 1465, ""n_targets"": 1465}, {""horizon_s"": 0.4, ""horizon_samples"": 10, ""cc"": 0.8736378528221962, ""nrmse"": 0.4889522466051463, ""n_valid"": 1462, ""n_targets"": 1462}, {""horizon_s"": 0.6, ""horizon_samples"": 15, ""cc"": 0.8232773431040378, ""nrmse"": 0.5704349358642654, ""n_valid"": 1457, ""n_targets"": 1457}, {""horizon_s"": 0.8, ""horizon_samples"": 20, ""cc"": 0.7666366461238326, ""nrmse"": 0.6453447143328654, ""n_valid"": 1452, ""n_targets"": 1452}, {""horizon_s"": 1.0, ""horizon_samples"": 25, ""cc"": 0.6997836084236012, ""nrmse"": 0.7202758519595318, ""n_valid"": 1447, ""n_targets"": 1447}, {""horizon_s"": 1.2, ""horizon_samples"": 30, ""cc"": 0.6584484211242497, ""nrmse"": 0.7606264197437785, ""n_valid"": 1442, ""n_targets"": 1442}, {""horizon_s"": 1.6, ""horizon_samples"": 40, ""cc"": 0.5299140962987818, ""nrmse"": 0.8645348783779467, ""n_valid"": 1432, ""n_targets"": 1432}, {""horizon_s"": 2.0, ""horizon_samples"": 50, ""cc"": 0.4537806424979288, ""nrmse"": 0.914122955131236, ""n_valid"": 1422, ""n_targets"": 1422}, {""horizon_s"": 2.4, ""horizon_samples"": 60, ""cc"": 0.3465578707033276, ""nrmse"": 0.9707802888961997, ""n_valid"": 1412, ""n_targets"": 1412}, {""horizon_s"": 2.8, ""horizon_samples"": 70, ""cc"": 0.3081052970290649, ""nrmse"": 0.9843705247060425, ""n_valid"": 1402, ""n_targets"": 1402}, {""horizon_s"": 3.2, ""horizon_samples"": 80, ""cc"": 0.21984023393709776, ""nrmse"": 1.018549841012715, ""n_valid"": 1392, ""n_targets"": 1392}, {""horizon_s"": 3.6, ""horizon_samples"": 90, ""cc"": 0.1720804175213443, ""nrmse"": 1.0339165829536097, ""n_valid"": 1382, ""n_targets"": 1382}, {""horizon_s"": 4.0, ""horizon_samples"": 100, ""cc"": 0.08794878170206397, ""nrmse"": 1.0620612146343182, ""n_valid"": 1372, ""n_targets"": 1372}]",25,28,0.02000007678678039,True,0.0,621.2080368471604,15,0.6000423431396484,1472,1386,True,ok,8,0.16,4,0.8,1.3,5.0,0.02,1.3174986930007435,,True,0092cba15aca8d410b3592cbcf37b2a87e6596cdcdbb8e57b7ffbe0820123d35,dcdb53f04d8a8d62dedb4580c21417a2a95a4100862227e4bf6f507877228ab7,S3_10_00009,False,da22660146ea73a8bdc3047f3ed962ab9f8507ee435a4bcdd5f54e799aa2f6e4
nan,10,sample_10.csv,S3,S3_10_00010,Awake,0,2,1,543.4402136802673,603.6394445896149,60,60.199230909347534,1500,24.998235827015687,13500,15000,13531,15031,S3/filtered_sessions/sample_10.csv,True,0,0.0,True,0.05099927818495066,True,0.05740682493083718,True,nan,0.7239301085938691,0.6289802764634174,0.7751115803618563,4.95581466707579,0.3206555646206268,2.0046504650465047,0.9559885312357903,0.9933410948282121,0.8000564575195312,1.28009033203125,True,True,True,True,True,,,,,18,"[{""horizon_s"": 0.04, ""horizon_samples"": 1, ""cc"": 0.967910346174793, ""nrmse"": 0.2526939272991111, ""n_valid"": 1471, ""n_targets"": 1471}, {""horizon_s"": 0.08, ""horizon_samples"": 2, ""cc"": 0.933634292073466, ""nrmse"": 0.3603485880888472, ""n_valid"": 1470, ""n_targets"": 1470}, {""horizon_s"": 0.12, ""horizon_samples"": 3, ""cc"": 0.9302704482901535, ""nrmse"": 0.3683860793834272, ""n_valid"": 1469, ""n_targets"": 1469}, {""horizon_s"": 0.16, ""horizon_samples"": 4, ""cc"": 0.9213595829233747, ""nrmse"": 0.39059078931106467, ""n_valid"": 1468, ""n_targets"": 1468}, {""horizon_s"": 0.2, ""horizon_samples"": 5, ""cc"": 0.9183460544824764, ""nrmse"": 0.39796843286448713, ""n_valid"": 1467, ""n_targets"": 1467}, {""horizon_s"": 0.28, ""horizon_samples"": 7, ""cc"": 0.916838709629008, ""nrmse"": 0.40140887309457046, ""n_valid"": 1465, ""n_targets"": 1465}, {""horizon_s"": 0.4, ""horizon_samples"": 10, ""cc"": 0.8952515570854945, ""nrmse"": 0.4489330468737669, ""n_valid"": 1462, ""n_targets"": 1462}, {""horizon_s"": 0.6, ""horizon_samples"": 15, ""cc"": 0.854066488577588, ""nrmse"": 0.5232219943417918, ""n_valid"": 1457, ""n_targets"": 1457}, {""horizon_s"": 0.8, ""horizon_samples"": 20, ""cc"": 0.7849184002691082, ""nrmse"": 0.6237007604445561, ""n_valid"": 1452, ""n_targets"": 1452}, {""horizon_s"": 1.0, ""horizon_samples"": 25, ""cc"": 0.7475338228516144, ""nrmse"": 0.6712132387524511, ""n_valid"": 1447, ""n_targets"": 1447}, {""horizon_s"": 1.2, ""horizon_samples"": 30, ""cc"": 0.714396395499378, ""nrmse"": 0.7095103169425465, ""n_valid"": 1442, ""n_targets"": 1442}, {""horizon_s"": 1.6, ""horizon_samples"": 40, ""cc"": 0.6477261450184509, ""nrmse"": 0.7733568662367241, ""n_valid"": 1432, ""n_targets"": 1432}, {""horizon_s"": 2.0, ""horizon_samples"": 50, ""cc"": 0.5880567368654889, ""nrmse"": 0.8273175660591734, ""n_valid"": 1422, ""n_targets"": 1422}, {""horizon_s"": 2.4, ""horizon_samples"": 60, ""cc"": 0.5551225609080299, ""nrmse"": 0.8474170910955624, ""n_valid"": 1412, ""n_targets"": 1412}, {""horizon_s"": 2.8, ""horizon_samples"": 70, ""cc"": 0.5098436639885006, ""nrmse"": 0.8784171725262608, ""n_valid"": 1402, ""n_targets"": 1402}, {""horizon_s"": 3.2, ""horizon_samples"": 80, ""cc"": 0.4657718639367451, ""nrmse"": 0.9040055029408194, ""n_valid"": 1392, ""n_targets"": 1392}, {""horizon_s"": 3.6, ""horizon_samples"": 90, ""cc"": 0.3826055501095582, ""nrmse"": 0.9500675324187108, ""n_valid"": 1382, ""n_targets"": 1382}, {""horizon_s"": 4.0, ""horizon_samples"": 100, ""cc"": 0.297089336006416, ""nrmse"": 0.9930871976676408, ""n_valid"": 1372, ""n_targets"": 1372}]",25,28,0.02000007678678039,True,0.0,554.1469504414861,16,0.640045166015625,1472,1411,True,ok,8,0.16,4,0.8,1.3,5.0,0.02,1.3112050840009033,,True,7680308b4bf9db64ac8aaea8fd11399f67cfafe6915c74faa3f5e735a4d55c1a,d2e3324cc1d36e1d603b0102afe752d597956acc9d6d1a5d91e3993943b081a8,S3_10_00010,False,da22660146ea73a8bdc3047f3ed962ab9f8507ee435a4bcdd5f54e799aa2f6e4
nan,10,sample_10.csv,S3,S3_10_00011,Drowsy,1,3,2,634.8500833511353,695.0497477054596,60,60.19966435432434,1500,24.998235827015687,15776,17276,15807,17307,S3/filtered_sessions/sample_10.csv,True,0,0.0,True,0.056835277429278325,True,0.15544812166279579,True,nan,0.6567077062537889,0.6513810334312484,0.7349906416470701,4.182140906608411,0.368719105437443,2.003912363067293,0.9443126834104387,0.9661941504972136,0.8000564575195312,1.28009033203125,True,True,True,True,True,,,,,18,"[{""horizon_s"": 0.04, ""horizon_samples"": 1, ""cc"": 0.9731288142754703, ""nrmse"": 0.22961795002713292, ""n_valid"": 1471, ""n_targets"": 1471}, {""horizon_s"": 0.08, ""horizon_samples"": 2, ""cc"": 0.9445919443899579, ""nrmse"": 0.32732969719189, ""n_valid"": 1470, ""n_targets"": 1470}, {""horizon_s"": 0.12, ""horizon_samples"": 3, ""cc"": 0.9396261705294429, ""nrmse"": 0.34138184180230136, ""n_valid"": 1469, ""n_targets"": 1469}, {""horizon_s"": 0.16, ""horizon_samples"": 4, ""cc"": 0.9273132359254043, ""nrmse"": 0.3737156049636817, ""n_valid"": 1468, ""n_targets"": 1468}, {""horizon_s"": 0.2, ""horizon_samples"": 5, ""cc"": 0.9230352885861134, ""nrmse"": 0.38442601880995986, ""n_valid"": 1467, ""n_targets"": 1467}, {""horizon_s"": 0.28, ""horizon_samples"": 7, ""cc"": 0.919674268708537, ""nrmse"": 0.3921660899419336, ""n_valid"": 1465, ""n_targets"": 1465}, {""horizon_s"": 0.4, ""horizon_samples"": 10, ""cc"": 0.9049429743137167, ""nrmse"": 0.4245729611575714, ""n_valid"": 1462, ""n_targets"": 1462}, {""horizon_s"": 0.6, ""horizon_samples"": 15, ""cc"": 0.8712031128328673, ""nrmse"": 0.49047640702072637, ""n_valid"": 1457, ""n_targets"": 1457}, {""horizon_s"": 0.8, ""horizon_samples"": 20, ""cc"": 0.8290109039273874, ""nrmse"": 0.5613382427954763, ""n_valid"": 1452, ""n_targets"": 1452}, {""horizon_s"": 1.0, ""horizon_samples"": 25, ""cc"": 0.7326803390846574, ""nrmse"": 0.6853789883674714, ""n_valid"": 1447, ""n_targets"": 1447}, {""horizon_s"": 1.2, ""horizon_samples"": 30, ""cc"": 0.6974856177848414, ""nrmse"": 0.7211952152900296, ""n_valid"": 1442, ""n_targets"": 1442}, {""horizon_s"": 1.6, ""horizon_samples"": 40, ""cc"": 0.5928472583149875, ""nrmse"": 0.8168292172049575, ""n_valid"": 1432, ""n_targets"": 1432}, {""horizon_s"": 2.0, ""horizon_samples"": 50, ""cc"": 0.4566979802672953, ""nrmse"": 0.9090809834868573, ""n_valid"": 1422, ""n_targets"": 1422}, {""horizon_s"": 2.4, ""horizon_samples"": 60, ""cc"": 0.38235953526273897, ""nrmse"": 0.9482165268229743, ""n_valid"": 1412, ""n_targets"": 1412}, {""horizon_s"": 2.8, ""horizon_samples"": 70, ""cc"": 0.26420909419490063, ""nrmse"": 1.003650768093663, ""n_valid"": 1402, ""n_targets"": 1402}, {""horizon_s"": 3.2, ""horizon_samples"": 80, ""cc"": 0.21161235827426142, ""nrmse"": 1.0205058808834164, ""n_valid"": 1392, ""n_targets"": 1392}, {""horizon_s"": 3.6, ""horizon_samples"": 90, ""cc"": 0.13154079944143496, ""nrmse"": 1.045657356842494, ""n_valid"": 1382, ""n_targets"": 1382}, {""horizon_s"": 4.0, ""horizon_samples"": 100, ""cc"": 0.11877901645418394, ""nrmse"": 1.049318851059935, ""n_valid"": 1372, ""n_targets"": 1372}]",25,28,0.02000007678678039,True,0.0,611.2245213416911,14,0.5600395202636719,1472,1407,True,ok,8,0.16,4,0.8,1.3,5.0,0.02,1.3430794539999624,,True,e126235e7e8025b9fd0461ec24c26c7cb9772fc8863822854de3b0c4ea734a5d,288dfe207949ffab4cf7145fcbf7e4961d6bc295f93a39df00014703cab494ab,S3_10_00011,False,da22660146ea73a8bdc3047f3ed962ab9f8507ee435a4bcdd5f54e799aa2f6e4
nan,10,sample_10.csv,S3,S3_10_00008,Awake,0,2,1,422.9499800205231,483.1499485969544,60,60.199968576431274,1500,24.998235827015687,10500,12000,10531,12031,S3/filtered_sessions/sample_10.csv,True,0,0.0,True,0.07142283847147708,True,0.06239644832137927,True,nan,0.7556556783187823,0.5853103993211155,0.7904208859240773,4.318300996329313,0.27751115803618565,2.0019041024753332,0.8874704770139621,0.9917838960725888,0.8000564575195312,1.28009033203125,True,True,True,True,True,,,,,18,"[{""horizon_s"": 0.04, ""horizon_samples"": 1, ""cc"": 0.9786576887543509, ""nrmse"": 0.2056559659669895, ""n_valid"": 1471, ""n_targets"": 1471}, {""horizon_s"": 0.08, ""horizon_samples"": 2, ""cc"": 0.9491321052960559, ""nrmse"": 0.3154443258880999, ""n_valid"": 1470, ""n_targets"": 1470}, {""horizon_s"": 0.12, ""horizon_samples"": 3, ""cc"": 0.9429372524118579, ""nrmse"": 0.3335782637194024, ""n_valid"": 1469, ""n_targets"": 1469}, {""horizon_s"": 0.16, ""horizon_samples"": 4, ""cc"": 0.9414895619254873, ""nrmse"": 0.3374727717589483, ""n_valid"": 1468, ""n_targets"": 1468}, {""horizon_s"": 0.2, ""horizon_samples"": 5, ""cc"": 0.9394550886077314, ""nrmse"": 0.343059657147659, ""n_valid"": 1467, ""n_targets"": 1467}, {""horizon_s"": 0.28, ""horizon_samples"": 7, ""cc"": 0.928215461248715, ""nrmse"": 0.3731378868242022, ""n_valid"": 1465, ""n_targets"": 1465}, {""horizon_s"": 0.4, ""horizon_samples"": 10, ""cc"": 0.9152061345315853, ""nrmse"": 0.40383311285393036, ""n_valid"": 1462, ""n_targets"": 1462}, {""horizon_s"": 0.6, ""horizon_samples"": 15, ""cc"": 0.89586307242557, ""nrmse"": 0.44478417100052237, ""n_valid"": 1457, ""n_targets"": 1457}, {""horizon_s"": 0.8, ""horizon_samples"": 20, ""cc"": 0.8429317751093313, ""nrmse"": 0.5387379509432638, ""n_valid"": 1452, ""n_targets"": 1452}, {""horizon_s"": 1.0, ""horizon_samples"": 25, ""cc"": 0.7899656454750982, ""nrmse"": 0.6141308353873349, ""n_valid"": 1447, ""n_targets"": 1447}, {""horizon_s"": 1.2, ""horizon_samples"": 30, ""cc"": 0.7656979491416757, ""nrmse"": 0.645914797657391, ""n_valid"": 1442, ""n_targets"": 1442}, {""horizon_s"": 1.6, ""horizon_samples"": 40, ""cc"": 0.6982465196980676, ""nrmse"": 0.7212180855005483, ""n_valid"": 1432, ""n_targets"": 1432}, {""horizon_s"": 2.0, ""horizon_samples"": 50, ""cc"": 0.620875433878607, ""nrmse"": 0.7916202269241133, ""n_valid"": 1422, ""n_targets"": 1422}, {""horizon_s"": 2.4, ""horizon_samples"": 60, ""cc"": 0.6011394965468461, ""nrmse"": 0.8076116033738904, ""n_valid"": 1412, ""n_targets"": 1412}, {""horizon_s"": 2.8, ""horizon_samples"": 70, ""cc"": 0.535533768287308, ""nrmse"": 0.8577096956030914, ""n_valid"": 1402, ""n_targets"": 1402}, {""horizon_s"": 3.2, ""horizon_samples"": 80, ""cc"": 0.4897763673563513, ""nrmse"": 0.8891964295071592, ""n_valid"": 1392, ""n_targets"": 1392}, {""horizon_s"": 3.6, ""horizon_samples"": 90, ""cc"": 0.41245384193867574, ""nrmse"": 0.9403889917025439, ""n_valid"": 1382, ""n_targets"": 1382}, {""horizon_s"": 4.0, ""horizon_samples"": 100, ""cc"": 0.3542250471047668, ""nrmse"": 0.9720924160209883, ""n_valid"": 1372, ""n_targets"": 1372}]",25,28,0.02000007678678039,True,0.0,534.8472982314654,15,0.6000423431396484,1472,1396,True,ok,8,0.16,4,0.8,1.3,5.0,0.02,2.279761887000859,,True,c32bfe2a1dd29fc94e1c997710b39eded871b2ed112e389055dc1fadfe07c91d,77a42d4be31f32643ebc020ae7c45f04dd08e935ef80059a51bac571960d781c,S3_10_00008,False,da22660146ea73a8bdc3047f3ed962ab9f8507ee435a4bcdd5f54e799aa2f6e4
nan,10,sample_10.csv,S3,S3_10_00012,Drowsy,1,3,2,695.0899152755737,755.2901382446289,60,60.200222969055176,1500,24.998235827015687,17276,18776,17307,18807,S3/filtered_sessions/sample_10.csv,True,0,0.0,True,0.06553265377003142,True,0.06953162620481837,True,nan,0.713377608123693,0.6054819536948721,0.7174257330709795,3.995990376904571,0.3011709939050727,2.001435177802583,0.8076401241795026,0.9726152019240476,0.8000564575195312,1.28009033203125,True,True,True,True,True,,,,,18,"[{""horizon_s"": 0.04, ""horizon_samples"": 1, ""cc"": 0.9787345464913535, ""nrmse"": 0.2049372039729103, ""n_valid"": 1471, ""n_targets"": 1471}, {""horizon_s"": 0.08, ""horizon_samples"": 2, ""cc"": 0.9548392716759037, ""nrmse"": 0.2971814820097657, ""n_valid"": 1470, ""n_targets"": 1470}, {""horizon_s"": 0.12, ""horizon_samples"": 3, ""cc"": 0.9533996186521355, ""nrmse"": 0.3020506777482403, ""n_valid"": 1469, ""n_targets"": 1469}, {""horizon_s"": 0.16, ""horizon_samples"": 4, ""cc"": 0.9460828576266527, ""nrmse"": 0.3238454605138336, ""n_valid"": 1468, ""n_targets"": 1468}, {""horizon_s"": 0.2, ""horizon_samples"": 5, ""cc"": 0.9457168638276044, ""nrmse"": 0.3249295663505472, ""n_valid"": 1467, ""n_targets"": 1467}, {""horizon_s"": 0.28, ""horizon_samples"": 7, ""cc"": 0.9379725169421318, ""nrmse"": 0.3468613867040438, ""n_valid"": 1465, ""n_targets"": 1465}, {""horizon_s"": 0.4, ""horizon_samples"": 10, ""cc"": 0.927587352362198, ""nrmse"": 0.37387830012508033, ""n_valid"": 1462, ""n_targets"": 1462}, {""horizon_s"": 0.6, ""horizon_samples"": 15, ""cc"": 0.8969892482795583, ""nrmse"": 0.4424411215410186, ""n_valid"": 1457, ""n_targets"": 1457}, {""horizon_s"": 0.8, ""horizon_samples"": 20, ""cc"": 0.8658655832920645, ""nrmse"": 0.5008337789450176, ""n_valid"": 1452, ""n_targets"": 1452}, {""horizon_s"": 1.0, ""horizon_samples"": 25, ""cc"": 0.799792342586788, ""nrmse"": 0.6032385478479898, ""n_valid"": 1447, ""n_targets"": 1447}, {""horizon_s"": 1.2, ""horizon_samples"": 30, ""cc"": 0.7487136034380409, ""nrmse"": 0.667652456554571, ""n_valid"": 1442, ""n_targets"": 1442}, {""horizon_s"": 1.6, ""horizon_samples"": 40, ""cc"": 0.6727526387048912, ""nrmse"": 0.7486344699655315, ""n_valid"": 1432, ""n_targets"": 1432}, {""horizon_s"": 2.0, ""horizon_samples"": 50, ""cc"": 0.5696165995576257, ""nrmse"": 0.8382807768572004, ""n_valid"": 1422, ""n_targets"": 1422}, {""horizon_s"": 2.4, ""horizon_samples"": 60, ""cc"": 0.4895843398193599, ""nrmse"": 0.8977778691928895, ""n_valid"": 1412, ""n_targets"": 1412}, {""horizon_s"": 2.8, ""horizon_samples"": 70, ""cc"": 0.3940980628231537, ""nrmse"": 0.9558181499412376, ""n_valid"": 1402, ""n_targets"": 1402}, {""horizon_s"": 3.2, ""horizon_samples"": 80, ""cc"": 0.31305765677700814, ""nrmse"": 0.9972471829282359, ""n_valid"": 1392, ""n_targets"": 1392}, {""horizon_s"": 3.6, ""horizon_samples"": 90, ""cc"": 0.24501642291019493, ""nrmse"": 1.0281345681971534, ""n_valid"": 1382, ""n_targets"": 1382}, {""horizon_s"": 4.0, ""horizon_samples"": 100, ""cc"": 0.20097742045980918, ""nrmse"": 1.044932167112433, ""n_valid"": 1372, ""n_targets"": 1372}]",25,28,0.02000007678678039,True,0.0,573.1550482222524,14,0.5600395202636719,1472,1421,True,ok,8,0.16,4,0.8,1.3,5.0,0.02,1.3220895319991541,,True,b40c4463aaf319bd05e530852f4bea35bf739b49500a62ae8dbd517318792199,dc0faf00a2720c434b68f884c6563b3715d2b14efd0312a3acc5b0d6ac5578cd,S3_10_00012,False,da22660146ea73a8bdc3047f3ed962ab9f8507ee435a4bcdd5f54e799aa2f6e4
nan,10,sample_10.csv,S3,S3_10_00015,Awake,0,4,3,922.570202112198,982.7801265716552,60,60.20992445945717,1500,24.998235827015687,22940,24440,22971,24471,S3/filtered_sessions/sample_10.csv,True,0,0.0,True,0.27804776718888696,True,0.31902278048203414,True,nan,0.7026419622721052,0.6360170684757818,0.7325910639727408,4.528329872441412,0.41150357537073473,2.0579623184927396,0.7183196215999077,0.9819553391705536,0.8000564575195312,1.28009033203125,True,True,True,True,True,,,,,18,"[{""horizon_s"": 0.04, ""horizon_samples"": 1, ""cc"": 0.9677311866442954, ""nrmse"": 0.2519448123915538, ""n_valid"": 1471, ""n_targets"": 1471}, {""horizon_s"": 0.08, ""horizon_samples"": 2, ""cc"": 0.9301358501542744, ""nrmse"": 0.3672699344185341, ""n_valid"": 1470, ""n_targets"": 1470}, {""horizon_s"": 0.12, ""horizon_samples"": 3, ""cc"": 0.9242276002934643, ""nrmse"": 0.38208944749166734, ""n_valid"": 1469, ""n_targets"": 1469}, {""horizon_s"": 0.16, ""horizon_samples"": 4, ""cc"": 0.9223375787025366, ""nrmse"": 0.38663583764507353, ""n_valid"": 1468, ""n_targets"": 1468}, {""horizon_s"": 0.2, ""horizon_samples"": 5, ""cc"": 0.9166469162172783, ""nrmse"": 0.40003334879283187, ""n_valid"": 1467, ""n_targets"": 1467}, {""horizon_s"": 0.28, ""horizon_samples"": 7, ""cc"": 0.9066100043722272, ""nrmse"": 0.4225365163727582, ""n_valid"": 1465, ""n_targets"": 1465}, {""horizon_s"": 0.4, ""horizon_samples"": 10, ""cc"": 0.9015010931748697, ""nrmse"": 0.4334176406133524, ""n_valid"": 1462, ""n_targets"": 1462}, {""horizon_s"": 0.6, ""horizon_samples"": 15, ""cc"": 0.8793374666257844, ""nrmse"": 0.4751855874548543, ""n_valid"": 1457, ""n_targets"": 1457}, {""horizon_s"": 0.8, ""horizon_samples"": 20, ""cc"": 0.8355254659091075, ""nrmse"": 0.5494350991367677, ""n_valid"": 1452, ""n_targets"": 1452}, {""horizon_s"": 1.0, ""horizon_samples"": 25, ""cc"": 0.7552867467831269, ""nrmse"": 0.6576425698558279, ""n_valid"": 1447, ""n_targets"": 1447}, {""horizon_s"": 1.2, ""horizon_samples"": 30, ""cc"": 0.7303690300624692, ""nrmse"": 0.6872288351989787, ""n_valid"": 1442, ""n_targets"": 1442}, {""horizon_s"": 1.6, ""horizon_samples"": 40, ""cc"": 0.6573631281841164, ""nrmse"": 0.7610202204992402, ""n_valid"": 1432, ""n_targets"": 1432}, {""horizon_s"": 2.0, ""horizon_samples"": 50, ""cc"": 0.5604018022674294, ""nrmse"": 0.8443897354973122, ""n_valid"": 1422, ""n_targets"": 1422}, {""horizon_s"": 2.4, ""horizon_samples"": 60, ""cc"": 0.5066901463842038, ""nrmse"": 0.8819104085847681, ""n_valid"": 1412, ""n_targets"": 1412}, {""horizon_s"": 2.8, ""horizon_samples"": 70, ""cc"": 0.4012040590587186, ""nrmse"": 0.9475469945109689, ""n_valid"": 1402, ""n_targets"": 1402}, {""horizon_s"": 3.2, ""horizon_samples"": 80, ""cc"": 0.3384445688201183, ""nrmse"": 0.9767322362844598, ""n_valid"": 1392, ""n_targets"": 1392}, {""horizon_s"": 3.6, ""horizon_samples"": 90, ""cc"": 0.28967703724175003, ""nrmse"": 0.9997070696689977, ""n_valid"": 1382, ""n_targets"": 1382}, {""horizon_s"": 4.0, ""horizon_samples"": 100, ""cc"": 0.22406564000212187, ""nrmse"": 1.0235809381461247, ""n_valid"": 1372, ""n_targets"": 1372}]",25,28,0.02000007678678039,True,0.0,683.8073188866992,14,0.5600395202636719,1472,1366,True,ok,8,0.16,4,0.8,1.3,5.0,0.02,1.3037225939988275,,True,d766b9f39c70e5ff8c7877761d1bf4c52f381e5a6962a7fa786f58a6c03ac7ba,8387f5dc4866f8068de0cef63a0fccf9958ddee3495772f80167c8347f152050,S3_10_00015,False,da22660146ea73a8bdc3047f3ed962ab9f8507ee435a4bcdd5f54e799aa2f6e4
nan,10,sample_10.csv,S3,S3_10_00016,Awake,0,4,3,982.8204066753387,1043.019448518753,60,60.19904184341431,1500,24.998235827015687,24440,25940,24471,25971,S3/filtered_sessions/sample_10.csv,True,0,0.0,True,0.08768750090659992,True,0.07615808943560443,True,nan,0.7928025433939466,0.5444378829239712,0.7679128473388683,4.2420466595970305,0.2025963430436243,2.000236910684672,0.9321259765661766,0.987887460732389,0.8000564575195312,1.28009033203125,True,True,True,True,True,,,,,18,"[{""horizon_s"": 0.04, ""horizon_samples"": 1, ""cc"": 0.9831579644303381, ""nrmse"": 0.182776576458046, ""n_valid"": 1471, ""n_targets"": 1471}, {""horizon_s"": 0.08, ""horizon_samples"": 2, ""cc"": 0.9601026870136311, ""nrmse"": 0.27966581393532125, ""n_valid"": 1470, ""n_targets"": 1470}, {""horizon_s"": 0.12, ""horizon_samples"": 3, ""cc"": 0.9563127104872986, ""nrmse"": 0.29235150081834615, ""n_valid"": 1469, ""n_targets"": 1469}, {""horizon_s"": 0.16, ""horizon_samples"": 4, ""cc"": 0.948537400955749, ""nrmse"": 0.31679276289637476, ""n_valid"": 1468, ""n_targets"": 1468}, {""horizon_s"": 0.2, ""horizon_samples"": 5, ""cc"": 0.9413535519943947, ""nrmse"": 0.337920392399971, ""n_valid"": 1467, ""n_targets"": 1467}, {""horizon_s"": 0.28, ""horizon_samples"": 7, ""cc"": 0.9438182994898079, ""nrmse"": 0.3313047519427762, ""n_valid"": 1465, ""n_targets"": 1465}, {""horizon_s"": 0.4, ""horizon_samples"": 10, ""cc"": 0.9325338270625213, ""nrmse"": 0.36163782264675653, ""n_valid"": 1462, ""n_targets"": 1462}, {""horizon_s"": 0.6, ""horizon_samples"": 15, ""cc"": 0.9071570518096078, ""nrmse"": 0.42130247209779637, ""n_valid"": 1457, ""n_targets"": 1457}, {""horizon_s"": 0.8, ""horizon_samples"": 20, ""cc"": 0.8768202781037865, ""nrmse"": 0.48101867599141174, ""n_valid"": 1452, ""n_targets"": 1452}, {""horizon_s"": 1.0, ""horizon_samples"": 25, ""cc"": 0.817608888591768, ""nrmse"": 0.5777457960358493, ""n_valid"": 1447, ""n_targets"": 1447}, {""horizon_s"": 1.2, ""horizon_samples"": 30, ""cc"": 0.8001596308831902, ""nrmse"": 0.6030960225801206, ""n_valid"": 1442, ""n_targets"": 1442}, {""horizon_s"": 1.6, ""horizon_samples"": 40, ""cc"": 0.7379856788356467, ""nrmse"": 0.6779072374354201, ""n_valid"": 1432, ""n_targets"": 1432}, {""horizon_s"": 2.0, ""horizon_samples"": 50, ""cc"": 0.6862917968112927, ""nrmse"": 0.7358695750794261, ""n_valid"": 1422, ""n_targets"": 1422}, {""horizon_s"": 2.4, ""horizon_samples"": 60, ""cc"": 0.6295056584640889, ""nrmse"": 0.7835082511295536, ""n_valid"": 1412, ""n_targets"": 1412}, {""horizon_s"": 2.8, ""horizon_samples"": 70, ""cc"": 0.6127347048105511, ""nrmse"": 0.800501525330377, ""n_valid"": 1402, ""n_targets"": 1402}, {""horizon_s"": 3.2, ""horizon_samples"": 80, ""cc"": 0.5522526754514254, ""nrmse"": 0.8440076794034292, ""n_valid"": 1392, ""n_targets"": 1392}, {""horizon_s"": 3.6, ""horizon_samples"": 90, ""cc"": 0.5233862741379217, ""nrmse"": 0.8679379476047387, ""n_valid"": 1382, ""n_targets"": 1382}, {""horizon_s"": 4.0, ""horizon_samples"": 100, ""cc"": 0.46072670175802066, ""nrmse"": 0.9045370888457676, ""n_valid"": 1372, ""n_targets"": 1372}]",25,28,0.02000007678678039,True,0.0,530.2534264997901,15,0.6000423431396484,1472,1400,True,ok,8,0.16,4,0.8,1.3,5.0,0.02,1.3099470760007534,,True,803bfcd28cface0c576b74b68d5b6ea99094fbb6af80c4fbda43132781767a2b,d534213aba23117225f9a93bb51477aa306b2cb316c34074e3bbac25b7d93731,S3_10_00016,False,da22660146ea73a8bdc3047f3ed962ab9f8507ee435a4bcdd5f54e799aa2f6e4
nan,10,sample_10.csv,S3,S3_10_00014,Drowsy,1,3,2,815.5799279212952,875.7796468734741,60,60.199718952178955,1500,24.998235827015687,20276,21776,20307,21807,S3/filtered_sessions/sample_10.csv,True,0,0.0,True,0.1401007167582054,True,0.01936960685936349,True,nan,0.7211377090436737,0.6214077873888001,0.7731919182223929,4.404319300164024,0.45378413399241735,2.0178190354246692,0.7944453568947709,0.9551036693256317,0.8000564575195312,1.28009033203125,True,True,True,True,True,,,,,18,"[{""horizon_s"": 0.04, ""horizon_samples"": 1, ""cc"": 0.9682894603433857, ""nrmse"": 0.2506817971303658, ""n_valid"": 1471, ""n_targets"": 1471}, {""horizon_s"": 0.08, ""horizon_samples"": 2, ""cc"": 0.9336044945117699, ""nrmse"": 0.3594162157676781, ""n_valid"": 1470, ""n_targets"": 1470}, {""horizon_s"": 0.12, ""horizon_samples"": 3, ""cc"": 0.9401843745505634, ""nrmse"": 0.34150436875642026, ""n_valid"": 1469, ""n_targets"": 1469}, {""horizon_s"": 0.16, ""horizon_samples"": 4, ""cc"": 0.9371080735036006, ""nrmse"": 0.3499683431302163, ""n_valid"": 1468, ""n_targets"": 1468}, {""horizon_s"": 0.2, ""horizon_samples"": 5, ""cc"": 0.9262015760652638, ""nrmse"": 0.378450859550381, ""n_valid"": 1467, ""n_targets"": 1467}, {""horizon_s"": 0.28, ""horizon_samples"": 7, ""cc"": 0.921827426663037, ""nrmse"": 0.38859585974036653, ""n_valid"": 1465, ""n_targets"": 1465}, {""horizon_s"": 0.4, ""horizon_samples"": 10, ""cc"": 0.9046592590879301, ""nrmse"": 0.42717911552786114, ""n_valid"": 1462, ""n_targets"": 1462}, {""horizon_s"": 0.6, ""horizon_samples"": 15, ""cc"": 0.8762150529094166, ""nrmse"": 0.48366707880146265, ""n_valid"": 1457, ""n_targets"": 1457}, {""horizon_s"": 0.8, ""horizon_samples"": 20, ""cc"": 0.8304385866447601, ""nrmse"": 0.5612611086001058, ""n_valid"": 1452, ""n_targets"": 1452}, {""horizon_s"": 1.0, ""horizon_samples"": 25, ""cc"": 0.7715607524753311, ""nrmse"": 0.6409038441200182, ""n_valid"": 1447, ""n_targets"": 1447}, {""horizon_s"": 1.2, ""horizon_samples"": 30, ""cc"": 0.738000473891412, ""nrmse"": 0.6812168610228538, ""n_valid"": 1442, ""n_targets"": 1442}, {""horizon_s"": 1.6, ""horizon_samples"": 40, ""cc"": 0.6557084004810573, ""nrmse"": 0.767554207458991, ""n_valid"": 1432, ""n_targets"": 1432}, {""horizon_s"": 2.0, ""horizon_samples"": 50, ""cc"": 0.5813839439946364, ""nrmse"": 0.8299920448499737, ""n_valid"": 1422, ""n_targets"": 1422}, {""horizon_s"": 2.4, ""horizon_samples"": 60, ""cc"": 0.5271632040642488, ""nrmse"": 0.8699180669557518, ""n_valid"": 1412, ""n_targets"": 1412}, {""horizon_s"": 2.8, ""horizon_samples"": 70, ""cc"": 0.47326310269647875, ""nrmse"": 0.9041129354075372, ""n_valid"": 1402, ""n_targets"": 1402}, {""horizon_s"": 3.2, ""horizon_samples"": 80, ""cc"": 0.3934007747446223, ""nrmse"": 0.9531528081722446, ""n_valid"": 1392, ""n_targets"": 1392}, {""horizon_s"": 3.6, ""horizon_samples"": 90, ""cc"": 0.32420543619082576, ""nrmse"": 0.9879492462411036, ""n_valid"": 1382, ""n_targets"": 1382}, {""horizon_s"": 4.0, ""horizon_samples"": 100, ""cc"": 0.27726436996778786, ""nrmse"": 1.0098154117650684, ""n_valid"": 1372, ""n_targets"": 1372}]",25,28,0.02000007678678039,True,0.0,641.579045908544,14,0.5600395202636719,1472,1439,True,ok,8,0.16,4,0.8,1.3,5.0,0.02,1.755274802000713,,True,cb66afc15b6ade65d3f35b1660116aa9d6e4994be9dd7fca7257120beabb5744,b8a37fee86ffe43da209f5d3c78a6b3255e410d4594a62216ce20567c089d864,S3_10_00014,False,da22660146ea73a8bdc3047f3ed962ab9f8507ee435a4bcdd5f54e799aa2f6e4
nan,10,sample_10.csv,S3,S3_10_00018,Awake,0,4,3,1103.2999148368835,1163.499720811844,60,60.199805974960555,1500,24.998235827015687,27440,28940,27471,28971,S3/filtered_sessions/sample_10.csv,True,0,0.0,True,0.13513048951687276,True,0.12733281523805323,True,nan,0.7371939337990806,0.6007640321330238,0.7397418054422422,4.424225028702641,0.33030186687143065,2.0150783194261455,0.8475925128573115,0.9845936127582541,0.8000564575195312,1.28009033203125,True,True,True,True,True,,,,,18,"[{""horizon_s"": 0.04, ""horizon_samples"": 1, ""cc"": 0.975602278098525, ""nrmse"": 0.21979681056098438, ""n_valid"": 1471, ""n_targets"": 1471}, {""horizon_s"": 0.08, ""horizon_samples"": 2, ""cc"": 0.9434567817421624, ""nrmse"": 0.33132594267124654, ""n_valid"": 1470, ""n_targets"": 1470}, {""horizon_s"": 0.12, ""horizon_samples"": 3, ""cc"": 0.9399930058148749, ""nrmse"": 0.34073487062978647, ""n_valid"": 1469, ""n_targets"": 1469}, {""horizon_s"": 0.16, ""horizon_samples"": 4, ""cc"": 0.9324816807609879, ""nrmse"": 0.3605300302992706, ""n_valid"": 1468, ""n_targets"": 1468}, {""horizon_s"": 0.2, ""horizon_samples"": 5, ""cc"": 0.9277653791987782, ""nrmse"": 0.3726373602620754, ""n_valid"": 1467, ""n_targets"": 1467}, {""horizon_s"": 0.28, ""horizon_samples"": 7, ""cc"": 0.9236158390468793, ""nrmse"": 0.3828306757968805, ""n_valid"": 1465, ""n_targets"": 1465}, {""horizon_s"": 0.4, ""horizon_samples"": 10, ""cc"": 0.912259517859803, ""nrmse"": 0.40956572651084633, ""n_valid"": 1462, ""n_targets"": 1462}, {""horizon_s"": 0.6, ""horizon_samples"": 15, ""cc"": 0.8845008080578725, ""nrmse"": 0.46668412280472094, ""n_valid"": 1457, ""n_targets"": 1457}, {""horizon_s"": 0.8, ""horizon_samples"": 20, ""cc"": 0.8482868022718043, ""nrmse"": 0.5294139763625869, ""n_valid"": 1452, ""n_targets"": 1452}, {""horizon_s"": 1.0, ""horizon_samples"": 25, ""cc"": 0.7831225717408531, ""nrmse"": 0.6215547342861445, ""n_valid"": 1447, ""n_targets"": 1447}, {""horizon_s"": 1.2, ""horizon_samples"": 30, ""cc"": 0.7540505656600435, ""nrmse"": 0.658980321516968, ""n_valid"": 1442, ""n_targets"": 1442}, {""horizon_s"": 1.6, ""horizon_samples"": 40, ""cc"": 0.703236348732369, ""nrmse"": 0.7128437127628053, ""n_valid"": 1432, ""n_targets"": 1432}, {""horizon_s"": 2.0, ""horizon_samples"": 50, ""cc"": 0.6234963783881063, ""nrmse"": 0.7907562937078418, ""n_valid"": 1422, ""n_targets"": 1422}, {""horizon_s"": 2.4, ""horizon_samples"": 60, ""cc"": 0.5598948195706167, ""nrmse"": 0.8374758983224966, ""n_valid"": 1412, ""n_targets"": 1412}, {""horizon_s"": 2.8, ""horizon_samples"": 70, ""cc"": 0.4776887986955163, ""nrmse"": 0.898945023181954, ""n_valid"": 1402, ""n_targets"": 1402}, {""horizon_s"": 3.2, ""horizon_samples"": 80, ""cc"": 0.4029747393185321, ""nrmse"": 0.9375108277358504, ""n_valid"": 1392, ""n_targets"": 1392}, {""horizon_s"": 3.6, ""horizon_samples"": 90, ""cc"": 0.33769460264265455, ""nrmse"": 0.9736810004323871, ""n_valid"": 1382, ""n_targets"": 1382}, {""horizon_s"": 4.0, ""horizon_samples"": 100, ""cc"": 0.3393698907830726, ""nrmse"": 0.9684852505495813, ""n_valid"": 1372, ""n_targets"": 1372}]",25,28,0.02000007678678039,True,0.0,629.6263843272819,15,0.6000423431396484,1472,1415,True,ok,8,0.16,4,0.8,1.3,5.0,0.02,1.323410306000369,,True,d4be3c7c06c750d463104a0a9665cb3a85133d006bf5c038c4b866dda2fea127,a2d67d63ac38fbf9e582373da46bf00eff7d6292cafc14999a67f4e1e678db21,S3_10_00018,False,da22660146ea73a8bdc3047f3ed962ab9f8507ee435a4bcdd5f54e799aa2f6e4
nan,10,sample_10.csv,S3,S3_10_00017,Awake,0,4,3,1043.060335636139,1103.2605657577517,60,60.200230121612776,1500,24.998235827015687,25940,27440,25971,27471,S3/filtered_sessions/sample_10.csv,True,0,0.0,True,0.14551887349906098,True,0.1383224635776154,True,nan,0.756784711560003,0.5795247759896918,0.7458367327350386,4.226543377753604,0.33524499688054904,2.00963751438435,0.9110959203367288,0.9966129457495477,0.8000564575195312,1.28009033203125,True,True,True,True,True,,,,,18,"[{""horizon_s"": 0.04, ""horizon_samples"": 1, ""cc"": 0.9758575848048947, ""nrmse"": 0.21870060498638746, ""n_valid"": 1471, ""n_targets"": 1471}, {""horizon_s"": 0.08, ""horizon_samples"": 2, ""cc"": 0.9505912778934558, ""nrmse"": 0.31105832221379137, ""n_valid"": 1470, ""n_targets"": 1470}, {""horizon_s"": 0.12, ""horizon_samples"": 3, ""cc"": 0.9490882289765142, ""nrmse"": 0.3153754921420513, ""n_valid"": 1469, ""n_targets"": 1469}, {""horizon_s"": 0.16, ""horizon_samples"": 4, ""cc"": 0.9440043979822432, ""nrmse"": 0.33019749399664006, ""n_valid"": 1468, ""n_targets"": 1468}, {""horizon_s"": 0.2, ""horizon_samples"": 5, ""cc"": 0.9370729434702186, ""nrmse"": 0.3498935233909967, ""n_valid"": 1467, ""n_targets"": 1467}, {""horizon_s"": 0.28, ""horizon_samples"": 7, ""cc"": 0.9398912966462312, ""nrmse"": 0.3415763310845722, ""n_valid"": 1465, ""n_targets"": 1465}, {""horizon_s"": 0.4, ""horizon_samples"": 10, ""cc"": 0.9262483952687598, ""nrmse"": 0.37674725477728643, ""n_valid"": 1462, ""n_targets"": 1462}, {""horizon_s"": 0.6, ""horizon_samples"": 15, ""cc"": 0.9014945063978833, ""nrmse"": 0.4325011641668314, ""n_valid"": 1457, ""n_targets"": 1457}, {""horizon_s"": 0.8, ""horizon_samples"": 20, ""cc"": 0.8775223216734462, ""nrmse"": 0.4803428788759656, ""n_valid"": 1452, ""n_targets"": 1452}, {""horizon_s"": 1.0, ""horizon_samples"": 25, ""cc"": 0.8040774775969489, ""nrmse"": 0.5984952490838105, ""n_valid"": 1447, ""n_targets"": 1447}, {""horizon_s"": 1.2, ""horizon_samples"": 30, ""cc"": 0.7733200315351375, ""nrmse"": 0.6404458879591015, ""n_valid"": 1442, ""n_targets"": 1442}, {""horizon_s"": 1.6, ""horizon_samples"": 40, ""cc"": 0.7121317800459563, ""nrmse"": 0.7107728075456844, ""n_valid"": 1432, ""n_targets"": 1432}, {""horizon_s"": 2.0, ""horizon_samples"": 50, ""cc"": 0.6365925990689772, ""nrmse"": 0.7866175659193194, ""n_valid"": 1422, ""n_targets"": 1422}, {""horizon_s"": 2.4, ""horizon_samples"": 60, ""cc"": 0.5834954447029713, ""nrmse"": 0.8267149099724664, ""n_valid"": 1412, ""n_targets"": 1412}, {""horizon_s"": 2.8, ""horizon_samples"": 70, ""cc"": 0.500034770412717, ""nrmse"": 0.8884809063459882, ""n_valid"": 1402, ""n_targets"": 1402}, {""horizon_s"": 3.2, ""horizon_samples"": 80, ""cc"": 0.46270548198869255, ""nrmse"": 0.9076377638387964, ""n_valid"": 1392, ""n_targets"": 1392}, {""horizon_s"": 3.6, ""horizon_samples"": 90, ""cc"": 0.3714720146650727, ""nrmse"": 0.9631986599046757, ""n_valid"": 1382, ""n_targets"": 1382}, {""horizon_s"": 4.0, ""horizon_samples"": 100, ""cc"": 0.37652425494993425, ""nrmse"": 0.9526891516100852, ""n_valid"": 1372, ""n_targets"": 1372}]",25,28,0.02000007678678039,True,0.0,632.2504224415312,15,0.6000423431396484,1472,1394,True,ok,8,0.16,4,0.8,1.3,5.0,0.02,1.672190564999255,,True,34af0f1ab7855e0d01a21ef70ce40c85c1f058cfdbf10034947cbff2efb95ff5,023a921b8cebf3a97bc792b36b9e24a743f6508fc924935e8e48cab7417ce027,S3_10_00017,False,da22660146ea73a8bdc3047f3ed962ab9f8507ee435a4bcdd5f54e799aa2f6e4
nan,10,sample_10.csv,S3,S3_10_00019,Awake,0,4,3,1163.5397100448608,1223.7403540611267,60,60.20064401626587,1500,24.998235827015687,28940,30440,28971,30471,S3/filtered_sessions/sample_10.csv,True,0,0.0,True,0.32651327438989947,True,0.2504691434158388,True,nan,0.8279762792180567,0.5063430507167077,0.7615779622786389,4.199259063244244,0.3444353793732303,2.0202674173117523,0.7936053026622195,0.9870194447739878,0.8000564575195312,1.28009033203125,True,True,True,True,True,,,,,18,"[{""horizon_s"": 0.04, ""horizon_samples"": 1, ""cc"": 0.9807361382668106, ""nrmse"": 0.19551114039266387, ""n_valid"": 1471, ""n_targets"": 1471}, {""horizon_s"": 0.08, ""horizon_samples"": 2, ""cc"": 0.9549416564005686, ""nrmse"": 0.297046068854787, ""n_valid"": 1470, ""n_targets"": 1470}, {""horizon_s"": 0.12, ""horizon_samples"": 3, ""cc"": 0.949337657787442, ""nrmse"": 0.3140645835734827, ""n_valid"": 1469, ""n_targets"": 1469}, {""horizon_s"": 0.16, ""horizon_samples"": 4, ""cc"": 0.9440882730519671, ""nrmse"": 0.32911849190872505, ""n_valid"": 1468, ""n_targets"": 1468}, {""horizon_s"": 0.2, ""horizon_samples"": 5, ""cc"": 0.9400302889577452, ""nrmse"": 0.34029681935491934, ""n_valid"": 1467, ""n_targets"": 1467}, {""horizon_s"": 0.28, ""horizon_samples"": 7, ""cc"": 0.9441513421336829, ""nrmse"": 0.3287906275188249, ""n_valid"": 1465, ""n_targets"": 1465}, {""horizon_s"": 0.4, ""horizon_samples"": 10, ""cc"": 0.9367124038034325, ""nrmse"": 0.34859075005671847, ""n_valid"": 1462, ""n_targets"": 1462}, {""horizon_s"": 0.6, ""horizon_samples"": 15, ""cc"": 0.9179006730042002, ""nrmse"": 0.39533935882363735, ""n_valid"": 1457, ""n_targets"": 1457}, {""horizon_s"": 0.8, ""horizon_samples"": 20, ""cc"": 0.887718788511659, ""nrmse"": 0.459176651971047, ""n_valid"": 1452, ""n_targets"": 1452}, {""horizon_s"": 1.0, ""horizon_samples"": 25, ""cc"": 0.8505027855440727, ""nrmse"": 0.5244583395583824, ""n_valid"": 1447, ""n_targets"": 1447}, {""horizon_s"": 1.2, ""horizon_samples"": 30, ""cc"": 0.8489767956621875, ""nrmse"": 0.5261606047089493, ""n_valid"": 1442, ""n_targets"": 1442}, {""horizon_s"": 1.6, ""horizon_samples"": 40, ""cc"": 0.805973289282264, ""nrmse"": 0.5906743751020267, ""n_valid"": 1432, ""n_targets"": 1432}, {""horizon_s"": 2.0, ""horizon_samples"": 50, ""cc"": 0.7763963954200044, ""nrmse"": 0.6289468478865836, ""n_valid"": 1422, ""n_targets"": 1422}, {""horizon_s"": 2.4, ""horizon_samples"": 60, ""cc"": 0.7482060636165404, ""nrmse"": 0.6623319075947728, ""n_valid"": 1412, ""n_targets"": 1412}, {""horizon_s"": 2.8, ""horizon_samples"": 70, ""cc"": 0.6827504744617763, ""nrmse"": 0.7300001233831227, ""n_valid"": 1402, ""n_targets"": 1402}, {""horizon_s"": 3.2, ""horizon_samples"": 80, ""cc"": 0.6432258173188465, ""nrmse"": 0.7631564005191943, ""n_valid"": 1392, ""n_targets"": 1392}, {""horizon_s"": 3.6, ""horizon_samples"": 90, ""cc"": 0.5628614382809215, ""nrmse"": 0.8297958243827128, ""n_valid"": 1382, ""n_targets"": 1382}, {""horizon_s"": 4.0, ""horizon_samples"": 100, ""cc"": 0.5290627444208995, ""nrmse"": 0.8507159973101894, ""n_valid"": 1372, ""n_targets"": 1372}]",25,28,0.02000007678678039,True,0.0,561.7829817898647,15,0.6000423431396484,1472,1425,True,ok,8,0.16,4,0.8,1.3,5.0,0.02,1.5160412580007687,,True,f33fe613caf7c1eb3019e073a938dd8ba22ea9df24fc15989e51fd637efda7bb,92d8108e62fec949ba013e17f06d847d6860d8460752193ef2798bfd66040b86,S3_10_00019,False,da22660146ea73a8bdc3047f3ed962ab9f8507ee435a4bcdd5f54e799aa2f6e4
nan,10,sample_10.csv,S3,S3_10_00021,Awake,0,4,3,1284.0301213264463,1344.2299571037292,60,60.19983577728294,1500,24.998235827015687,31940,33440,31971,33471,S3/filtered_sessions/sample_10.csv,True,0,0.0,True,0.22069846468447837,True,0.09295579345724125,True,nan,0.7148668923728463,0.6269611884963439,0.7324470893122811,4.250069618490671,0.40401689302682725,2.062094304960196,0.8487832528891158,0.9359134097951094,0.8000564575195312,1.28009033203125,True,False,True,True,True,,,,,18,"[{""horizon_s"": 0.04, ""horizon_samples"": 1, ""cc"": 0.9735695276558537, ""nrmse"": 0.22909311157932583, ""n_valid"": 1471, ""n_targets"": 1471}, {""horizon_s"": 0.08, ""horizon_samples"": 2, ""cc"": 0.9355009164696019, ""nrmse"": 0.3540574408307092, ""n_valid"": 1470, ""n_targets"": 1470}, {""horizon_s"": 0.12, ""horizon_samples"": 3, ""cc"": 0.9284514374542477, ""nrmse"": 0.37232495220619877, ""n_valid"": 1469, ""n_targets"": 1469}, {""horizon_s"": 0.16, ""horizon_samples"": 4, ""cc"": 0.9272320269335963, ""nrmse"": 0.3753572273468547, ""n_valid"": 1468, ""n_targets"": 1468}, {""horizon_s"": 0.2, ""horizon_samples"": 5, ""cc"": 0.9240483682540978, ""nrmse"": 0.38319806206536977, ""n_valid"": 1467, ""n_targets"": 1467}, {""horizon_s"": 0.28, ""horizon_samples"": 7, ""cc"": 0.9205245281889837, ""nrmse"": 0.39175191182203123, ""n_valid"": 1465, ""n_targets"": 1465}, {""horizon_s"": 0.4, ""horizon_samples"": 10, ""cc"": 0.9005465233229699, ""nrmse"": 0.43560674722292847, ""n_valid"": 1462, ""n_targets"": 1462}, {""horizon_s"": 0.6, ""horizon_samples"": 15, ""cc"": 0.8704548706332357, ""nrmse"": 0.49199384371361704, ""n_valid"": 1457, ""n_targets"": 1457}, {""horizon_s"": 0.8, ""horizon_samples"": 20, ""cc"": 0.817085248851514, ""nrmse"": 0.5762712671283348, ""n_valid"": 1452, ""n_targets"": 1452}, {""horizon_s"": 1.0, ""horizon_samples"": 25, ""cc"": 0.7541080171680994, ""nrmse"": 0.6576135171335606, ""n_valid"": 1447, ""n_targets"": 1447}, {""horizon_s"": 1.2, ""horizon_samples"": 30, ""cc"": 0.7261149755357924, ""nrmse"": 0.6924454078197334, ""n_valid"": 1442, ""n_targets"": 1442}, {""horizon_s"": 1.6, ""horizon_samples"": 40, ""cc"": 0.6474950020467832, ""nrmse"": 0.769665779222153, ""n_valid"": 1432, ""n_targets"": 1432}, {""horizon_s"": 2.0, ""horizon_samples"": 50, ""cc"": 0.5663161656401897, ""nrmse"": 0.8357425186050943, ""n_valid"": 1422, ""n_targets"": 1422}, {""horizon_s"": 2.4, ""horizon_samples"": 60, ""cc"": 0.5157764508892926, ""nrmse"": 0.8745202135468263, ""n_valid"": 1412, ""n_targets"": 1412}, {""horizon_s"": 2.8, ""horizon_samples"": 70, ""cc"": 0.42333928007602833, ""nrmse"": 0.9325469866995377, ""n_valid"": 1402, ""n_targets"": 1402}, {""horizon_s"": 3.2, ""horizon_samples"": 80, ""cc"": 0.39203560393563675, ""nrmse"": 0.9487238684887396, ""n_valid"": 1392, ""n_targets"": 1392}, {""horizon_s"": 3.6, ""horizon_samples"": 90, ""cc"": 0.32016511675086934, ""nrmse"": 0.98756845015121, ""n_valid"": 1382, ""n_targets"": 1382}, {""horizon_s"": 4.0, ""horizon_samples"": 100, ""cc"": 0.32484000290444126, ""nrmse"": 0.9768200873519635, ""n_valid"": 1372, ""n_targets"": 1372}]",25,28,0.02000007678678039,True,0.0,600.3305114546888,15,0.6000423431396484,1472,1413,True,ok,8,0.16,4,0.8,1.3,5.0,0.02,1.313252260999434,,True,01013084590c0d4af7d3e679dd9c4dfbca8c4b0a1fb1f6ebcc82228f6a741744,46015b42738b1741672bee3f92c34de7122ba7a59254cd7ee2d52917dbeccd25,S3_10_00021,False,da22660146ea73a8bdc3047f3ed962ab9f8507ee435a4bcdd5f54e799aa2f6e4
nan,10,sample_10.csv,S3,S3_10_00013,Drowsy,1,3,2,755.3403193950653,815.5399923324585,60,60.19967293739319,1500,24.998235827015687,18776,20276,18807,20307,S3/filtered_sessions/sample_10.csv,True,0,0.0,True,0.09566501992922272,True,0.055548184992787436,True,nan,0.6638162556433053,0.6518116871802477,0.722704803954504,4.292759407069555,0.3100254355233479,2.0102691769099112,0.8443600637787929,0.9699015077177486,0.8000564575195312,1.28009033203125,True,True,True,True,True,,,,,18,"[{""horizon_s"": 0.04, ""horizon_samples"": 1, ""cc"": 0.9718206932184447, ""nrmse"": 0.23667125811979145, ""n_valid"": 1471, ""n_targets"": 1471}, {""horizon_s"": 0.08, ""horizon_samples"": 2, ""cc"": 0.9366606471003033, ""nrmse"": 0.3516309464363686, ""n_valid"": 1470, ""n_targets"": 1470}, {""horizon_s"": 0.12, ""horizon_samples"": 3, ""cc"": 0.9375274645699104, ""nrmse"": 0.3490091585806342, ""n_valid"": 1469, ""n_targets"": 1469}, {""horizon_s"": 0.16, ""horizon_samples"": 4, ""cc"": 0.9354321818722263, ""nrmse"": 0.35435376388466683, ""n_valid"": 1468, ""n_targets"": 1468}, {""horizon_s"": 0.2, ""horizon_samples"": 5, ""cc"": 0.9289010948184329, ""nrmse"": 0.37101995713418906, ""n_valid"": 1467, ""n_targets"": 1467}, {""horizon_s"": 0.28, ""horizon_samples"": 7, ""cc"": 0.9185175545828752, ""nrmse"": 0.3963438564494642, ""n_valid"": 1465, ""n_targets"": 1465}, {""horizon_s"": 0.4, ""horizon_samples"": 10, ""cc"": 0.9077559795584514, ""nrmse"": 0.4208643440848138, ""n_valid"": 1462, ""n_targets"": 1462}, {""horizon_s"": 0.6, ""horizon_samples"": 15, ""cc"": 0.8600568650757017, ""nrmse"": 0.512849875161603, ""n_valid"": 1457, ""n_targets"": 1457}, {""horizon_s"": 0.8, ""horizon_samples"": 20, ""cc"": 0.830392426219924, ""nrmse"": 0.5597863586017948, ""n_valid"": 1452, ""n_targets"": 1452}, {""horizon_s"": 1.0, ""horizon_samples"": 25, ""cc"": 0.7389014399280743, ""nrmse"": 0.6769963075352723, ""n_valid"": 1447, ""n_targets"": 1447}, {""horizon_s"": 1.2, ""horizon_samples"": 30, ""cc"": 0.7142962070269723, ""nrmse"": 0.7056168214815057, ""n_valid"": 1442, ""n_targets"": 1442}, {""horizon_s"": 1.6, ""horizon_samples"": 40, ""cc"": 0.5880775403237714, ""nrmse"": 0.8204890294289228, ""n_valid"": 1432, ""n_targets"": 1432}, {""horizon_s"": 2.0, ""horizon_samples"": 50, ""cc"": 0.4788161712850847, ""nrmse"": 0.8972131359083725, ""n_valid"": 1422, ""n_targets"": 1422}, {""horizon_s"": 2.4, ""horizon_samples"": 60, ""cc"": 0.35934806054803575, ""nrmse"": 0.9651426464416833, ""n_valid"": 1412, ""n_targets"": 1412}, {""horizon_s"": 2.8, ""horizon_samples"": 70, ""cc"": 0.27845841758936074, ""nrmse"": 0.999218169381611, ""n_valid"": 1402, ""n_targets"": 1402}, {""horizon_s"": 3.2, ""horizon_samples"": 80, ""cc"": 0.22404721132719524, ""nrmse"": 1.022331209305643, ""n_valid"": 1392, ""n_targets"": 1392}, {""horizon_s"": 3.6, ""horizon_samples"": 90, ""cc"": 0.16161500428644904, ""nrmse"": 1.0486716667644413, ""n_valid"": 1382, ""n_targets"": 1382}, {""horizon_s"": 4.0, ""horizon_samples"": 100, ""cc"": 0.17806764224828187, ""nrmse"": 1.0444018645436823, ""n_valid"": 1372, ""n_targets"": 1372}]",25,28,0.02000007678678039,True,0.0,602.8512262940174,14,0.5600395202636719,1472,1389,True,ok,8,0.16,4,0.8,1.3,5.0,0.02,3.3909421480002493,,True,4f9e391b279c9d0fc30a4f8f2355517d152dd17908c2fa537cfb94edb8c8e63f,f65bc9e6150799e0063a081ebff1a1bb819de5c6b76175c267cd9a2228898ca8,S3_10_00013,False,da22660146ea73a8bdc3047f3ed962ab9f8507ee435a4bcdd5f54e799aa2f6e4
nan,10,sample_10.csv,S3,S3_10_00020,Awake,0,4,3,1223.7804164886477,1283.9904305934906,60,60.21001410484291,1500,24.998235827015687,30440,31940,30471,31971,S3/filtered_sessions/sample_10.csv,True,0,0.0,True,0.09954829349896069,True,0.17436255165059605,True,nan,0.7226758874995671,0.6342332725468929,0.7556750011997888,4.2568261692349285,0.31681624034169986,2.0071450288841595,0.8879509003564264,0.9729670495157413,0.8000564575195312,1.28009033203125,True,True,True,True,True,,,,,18,"[{""horizon_s"": 0.04, ""horizon_samples"": 1, ""cc"": 0.9653829292194632, ""nrmse"": 0.26168729860278916, ""n_valid"": 1471, ""n_targets"": 1471}, {""horizon_s"": 0.08, ""horizon_samples"": 2, ""cc"": 0.9271222726055358, ""nrmse"": 0.3760547388415024, ""n_valid"": 1470, ""n_targets"": 1470}, {""horizon_s"": 0.12, ""horizon_samples"": 3, ""cc"": 0.9217178913002418, ""nrmse"": 0.3890198971968266, ""n_valid"": 1469, ""n_targets"": 1469}, {""horizon_s"": 0.16, ""horizon_samples"": 4, ""cc"": 0.9171610495886409, ""nrmse"": 0.39955074186253914, ""n_valid"": 1468, ""n_targets"": 1468}, {""horizon_s"": 0.2, ""horizon_samples"": 5, ""cc"": 0.9120064689454139, ""nrmse"": 0.4113436727925722, ""n_valid"": 1467, ""n_targets"": 1467}, {""horizon_s"": 0.28, ""horizon_samples"": 7, ""cc"": 0.9024917050407084, ""nrmse"": 0.43234967541734615, ""n_valid"": 1465, ""n_targets"": 1465}, {""horizon_s"": 0.4, ""horizon_samples"": 10, ""cc"": 0.8873304071867022, ""nrmse"": 0.4628417459368993, ""n_valid"": 1462, ""n_targets"": 1462}, {""horizon_s"": 0.6, ""horizon_samples"": 15, ""cc"": 0.8610966374132295, ""nrmse"": 0.5104878668991094, ""n_valid"": 1457, ""n_targets"": 1457}, {""horizon_s"": 0.8, ""horizon_samples"": 20, ""cc"": 0.8179531035072204, ""nrmse"": 0.5788666678570611, ""n_valid"": 1452, ""n_targets"": 1452}, {""horizon_s"": 1.0, ""horizon_samples"": 25, ""cc"": 0.7478792744744783, ""nrmse"": 0.6680476906610667, ""n_valid"": 1447, ""n_targets"": 1447}, {""horizon_s"": 1.2, ""horizon_samples"": 30, ""cc"": 0.7158227226480803, ""nrmse"": 0.704816034228908, ""n_valid"": 1442, ""n_targets"": 1442}, {""horizon_s"": 1.6, ""horizon_samples"": 40, ""cc"": 0.6346293487139342, ""nrmse"": 0.7873001946132226, ""n_valid"": 1432, ""n_targets"": 1432}, {""horizon_s"": 2.0, ""horizon_samples"": 50, ""cc"": 0.5969341719650931, ""nrmse"": 0.8150136029597325, ""n_valid"": 1422, ""n_targets"": 1422}, {""horizon_s"": 2.4, ""horizon_samples"": 60, ""cc"": 0.528241035477364, ""nrmse"": 0.8719197568574154, ""n_valid"": 1412, ""n_targets"": 1412}, {""horizon_s"": 2.8, ""horizon_samples"": 70, ""cc"": 0.5014528770972477, ""nrmse"": 0.8872454355461945, ""n_valid"": 1402, ""n_targets"": 1402}, {""horizon_s"": 3.2, ""horizon_samples"": 80, ""cc"": 0.4329992117518108, ""nrmse"": 0.9329150940728106, ""n_valid"": 1392, ""n_targets"": 1392}, {""horizon_s"": 3.6, ""horizon_samples"": 90, ""cc"": 0.390192765203982, ""nrmse"": 0.9516667440144666, ""n_valid"": 1382, ""n_targets"": 1382}, {""horizon_s"": 4.0, ""horizon_samples"": 100, ""cc"": 0.3477521028530608, ""nrmse"": 0.9750720474836095, ""n_valid"": 1372, ""n_targets"": 1372}]",25,28,0.02000007678678039,True,0.0,598.8027122706276,15,0.6000423431396484,1472,1421,True,ok,8,0.16,4,0.8,1.3,5.0,0.02,1.8032889989990508,,True,0eee549777c00742879c90989227d2dba1bbb7f663e12f4a627cae9aeba6345d,595b1aebe395763a7297e708c10fc45e0fae86574af2bfb2525a1245e031a216,S3_10_00020,False,da22660146ea73a8bdc3047f3ed962ab9f8507ee435a4bcdd5f54e799aa2f6e4
nan,10,sample_10.csv,S3,S3_10_00023,Awake,0,4,3,1404.5103311538696,1464.7203679084778,60,60.210036754608154,1500,24.998235827015687,34940,36440,34971,36471,S3/filtered_sessions/sample_10.csv,True,0,0.0,True,0.007429164330780017,True,0.05960275881980536,True,nan,0.7895590120288669,0.5392297657878466,0.7620578778135049,4.74,0.2636895906320488,2.00382932166302,0.9650899995333233,0.9666474417040624,0.8000564575195312,1.28009033203125,True,True,True,True,True,,,,,18,"[{""horizon_s"": 0.04, ""horizon_samples"": 1, ""cc"": 0.9856034325743105, ""nrmse"": 0.169118279540201, ""n_valid"": 1471, ""n_targets"": 1471}, {""horizon_s"": 0.08, ""horizon_samples"": 2, ""cc"": 0.9623654515646033, ""nrmse"": 0.2717835900130384, ""n_valid"": 1470, ""n_targets"": 1470}, {""horizon_s"": 0.12, ""horizon_samples"": 3, ""cc"": 0.9573878043917915, ""nrmse"": 0.2889493080901814, ""n_valid"": 1469, ""n_targets"": 1469}, {""horizon_s"": 0.16, ""horizon_samples"": 4, ""cc"": 0.954216216720225, ""nrmse"": 0.29931724001397053, ""n_valid"": 1468, ""n_targets"": 1468}, {""horizon_s"": 0.2, ""horizon_samples"": 5, ""cc"": 0.9540235453214363, ""nrmse"": 0.29995618761558984, ""n_valid"": 1467, ""n_targets"": 1467}, {""horizon_s"": 0.28, ""horizon_samples"": 7, ""cc"": 0.9454326532242446, ""nrmse"": 0.32641637177234906, ""n_valid"": 1465, ""n_targets"": 1465}, {""horizon_s"": 0.4, ""horizon_samples"": 10, ""cc"": 0.9370606145537459, ""nrmse"": 0.3499670554684339, ""n_valid"": 1462, ""n_targets"": 1462}, {""horizon_s"": 0.6, ""horizon_samples"": 15, ""cc"": 0.9073958618245348, ""nrmse"": 0.4207149660460532, ""n_valid"": 1457, ""n_targets"": 1457}, {""horizon_s"": 0.8, ""horizon_samples"": 20, ""cc"": 0.8748245476337185, ""nrmse"": 0.4845093971106971, ""n_valid"": 1452, ""n_targets"": 1452}, {""horizon_s"": 1.0, ""horizon_samples"": 25, ""cc"": 0.831835716239613, ""nrmse"": 0.5556291833378926, ""n_valid"": 1447, ""n_targets"": 1447}, {""horizon_s"": 1.2, ""horizon_samples"": 30, ""cc"": 0.8014874233713132, ""nrmse"": 0.600024689507994, ""n_valid"": 1442, ""n_targets"": 1442}, {""horizon_s"": 1.6, ""horizon_samples"": 40, ""cc"": 0.7639815961988367, ""nrmse"": 0.6469916403589833, ""n_valid"": 1432, ""n_targets"": 1432}, {""horizon_s"": 2.0, ""horizon_samples"": 50, ""cc"": 0.7115957279623447, ""nrmse"": 0.706052492056893, ""n_valid"": 1422, ""n_targets"": 1422}, {""horizon_s"": 2.4, ""horizon_samples"": 60, ""cc"": 0.6344212616054662, ""nrmse"": 0.7820636021880866, ""n_valid"": 1412, ""n_targets"": 1412}, {""horizon_s"": 2.8, ""horizon_samples"": 70, ""cc"": 0.5848582096682924, ""nrmse"": 0.8200522325032699, ""n_valid"": 1402, ""n_targets"": 1402}, {""horizon_s"": 3.2, ""horizon_samples"": 80, ""cc"": 0.5246154629951667, ""nrmse"": 0.863606681871716, ""n_valid"": 1392, ""n_targets"": 1392}, {""horizon_s"": 3.6, ""horizon_samples"": 90, ""cc"": 0.46920422918724125, ""nrmse"": 0.8943446278055657, ""n_valid"": 1382, ""n_targets"": 1382}, {""horizon_s"": 4.0, ""horizon_samples"": 100, ""cc"": 0.41175246148271955, ""nrmse"": 0.9266382388803249, ""n_valid"": 1372, ""n_targets"": 1372}]",25,28,0.02000007678678039,True,0.0,563.1907393243904,15,0.6000423431396484,1472,1414,True,ok,8,0.16,4,0.8,1.3,5.0,0.02,1.2924805050006398,,True,1f24ccfb03b0b68883689edb48cc9d6c1fb9a3f6ceb52b7f65ef89f6b118ae66,b909dd0ff8761e2381839b358b23a1d1f9a37d5fcf9f282582026c8feb1818fa,S3_10_00023,False,da22660146ea73a8bdc3047f3ed962ab9f8507ee435a4bcdd5f54e799aa2f6e4
nan,10,sample_10.csv,S3,S3_10_00022,Awake,0,4,3,1344.2698397636414,1404.4702682495115,60,60.200428485870134,1500,24.998235827015687,33440,34940,33471,34971,S3/filtered_sessions/sample_10.csv,True,0,0.0,True,0.07111245148889436,True,0.052933408129556825,True,nan,0.8077350485849986,0.5233643011202588,0.749964006334885,4.308519437551696,0.19971684983442914,2.000721153846154,0.9917614574642925,0.990808080852473,0.8000564575195312,1.28009033203125,True,True,True,True,True,,,,,18,"[{""horizon_s"": 0.04, ""horizon_samples"": 1, ""cc"": 0.9842767443610421, ""nrmse"": 0.17684507913469696, ""n_valid"": 1471, ""n_targets"": 1471}, {""horizon_s"": 0.08, ""horizon_samples"": 2, ""cc"": 0.9647678127538071, ""nrmse"": 0.263306052280166, ""n_valid"": 1470, ""n_targets"": 1470}, {""horizon_s"": 0.12, ""horizon_samples"": 3, ""cc"": 0.9635074323756612, ""nrmse"": 0.26773563714656523, ""n_valid"": 1469, ""n_targets"": 1469}, {""horizon_s"": 0.16, ""horizon_samples"": 4, ""cc"": 0.9581308583058478, ""nrmse"": 0.28613947632727493, ""n_valid"": 1468, ""n_targets"": 1468}, {""horizon_s"": 0.2, ""horizon_samples"": 5, ""cc"": 0.9521023397427021, ""nrmse"": 0.30552125236791683, ""n_valid"": 1467, ""n_targets"": 1467}, {""horizon_s"": 0.28, ""horizon_samples"": 7, ""cc"": 0.9548479634648893, ""nrmse"": 0.2968724855820043, ""n_valid"": 1465, ""n_targets"": 1465}, {""horizon_s"": 0.4, ""horizon_samples"": 10, ""cc"": 0.9357395275120122, ""nrmse"": 0.351857870741416, ""n_valid"": 1462, ""n_targets"": 1462}, {""horizon_s"": 0.6, ""horizon_samples"": 15, ""cc"": 0.9075714202078217, ""nrmse"": 0.4191720902782471, ""n_valid"": 1457, ""n_targets"": 1457}, {""horizon_s"": 0.8, ""horizon_samples"": 20, ""cc"": 0.8762009792608918, ""nrmse"": 0.4821804845472987, ""n_valid"": 1452, ""n_targets"": 1452}, {""horizon_s"": 1.0, ""horizon_samples"": 25, ""cc"": 0.837616994604987, ""nrmse"": 0.5466500231290313, ""n_valid"": 1447, ""n_targets"": 1447}, {""horizon_s"": 1.2, ""horizon_samples"": 30, ""cc"": 0.8120550581165054, ""nrmse"": 0.5825511519548291, ""n_valid"": 1442, ""n_targets"": 1442}, {""horizon_s"": 1.6, ""horizon_samples"": 40, ""cc"": 0.7435510168549232, ""nrmse"": 0.6706062922893473, ""n_valid"": 1432, ""n_targets"": 1432}, {""horizon_s"": 2.0, ""horizon_samples"": 50, ""cc"": 0.7078531989266628, ""nrmse"": 0.7082136206227043, ""n_valid"": 1422, ""n_targets"": 1422}, {""horizon_s"": 2.4, ""horizon_samples"": 60, ""cc"": 0.664139315256028, ""nrmse"": 0.7530947876502522, ""n_valid"": 1412, ""n_targets"": 1412}, {""horizon_s"": 2.8, ""horizon_samples"": 70, ""cc"": 0.635776582436956, ""nrmse"": 0.7768038536416024, ""n_valid"": 1402, ""n_targets"": 1402}, {""horizon_s"": 3.2, ""horizon_samples"": 80, ""cc"": 0.574433997214226, ""nrmse"": 0.8262636900794236, ""n_valid"": 1392, ""n_targets"": 1392}, {""horizon_s"": 3.6, ""horizon_samples"": 90, ""cc"": 0.5532985039792573, ""nrmse"": 0.8403274850349303, ""n_valid"": 1382, ""n_targets"": 1382}, {""horizon_s"": 4.0, ""horizon_samples"": 100, ""cc"": 0.5133611291557536, ""nrmse"": 0.8664160873569516, ""n_valid"": 1372, ""n_targets"": 1372}]",25,28,0.02000007678678039,True,0.0,506.06799771327985,15,0.6000423431396484,1472,1399,True,ok,8,0.16,4,0.8,1.3,5.0,0.02,1.5594246500004374,,True,91e10fdd13c9e2070f3f30cb84d0e069ddbb9d6fac92c20cc331486b82142f89,58cc95e68e1c7236f09d2f2439a1578d9dde9726ef97c6db480d1b90a53f7dbf,S3_10_00022,False,da22660146ea73a8bdc3047f3ed962ab9f8507ee435a4bcdd5f54e799aa2f6e4
nan,10,sample_10.csv,S3,S3_10_00024,Awake,0,4,3,1464.7603764533997,1524.9604377746582,60,60.200061321258545,1500,24.998235827015687,36440,37940,36471,37971,S3/filtered_sessions/sample_10.csv,True,0,0.0,True,0.11349217392460273,True,0.08590708204118812,True,nan,0.7709846470949544,0.5705232927070542,0.7440130537025483,4.283780049737497,0.4795795939914575,2.0879648976180527,0.8126163642201738,0.973361542742457,0.8000564575195312,1.28009033203125,True,True,True,True,True,,,,,18,"[{""horizon_s"": 0.04, ""horizon_samples"": 1, ""cc"": 0.9733324905401266, ""nrmse"": 0.22908920832860427, ""n_valid"": 1471, ""n_targets"": 1471}, {""horizon_s"": 0.08, ""horizon_samples"": 2, ""cc"": 0.9432812941853412, ""nrmse"": 0.33162118893748427, ""n_valid"": 1470, ""n_targets"": 1470}, {""horizon_s"": 0.12, ""horizon_samples"": 3, ""cc"": 0.943219578659763, ""nrmse"": 0.3323002720634714, ""n_valid"": 1469, ""n_targets"": 1469}, {""horizon_s"": 0.16, ""horizon_samples"": 4, ""cc"": 0.9395087248380785, ""nrmse"": 0.3417638201258403, ""n_valid"": 1468, ""n_targets"": 1468}, {""horizon_s"": 0.2, ""horizon_samples"": 5, ""cc"": 0.9362148280795962, ""nrmse"": 0.35020726989147777, ""n_valid"": 1467, ""n_targets"": 1467}, {""horizon_s"": 0.28, ""horizon_samples"": 7, ""cc"": 0.9289395308959428, ""nrmse"": 0.3687545754114665, ""n_valid"": 1465, ""n_targets"": 1465}, {""horizon_s"": 0.4, ""horizon_samples"": 10, ""cc"": 0.9184503421579272, ""nrmse"": 0.3940092190228548, ""n_valid"": 1462, ""n_targets"": 1462}, {""horizon_s"": 0.6, ""horizon_samples"": 15, ""cc"": 0.8940435841213474, ""nrmse"": 0.4471781774750929, ""n_valid"": 1457, ""n_targets"": 1457}, {""horizon_s"": 0.8, ""horizon_samples"": 20, ""cc"": 0.8581381105976754, ""nrmse"": 0.5125691247824236, ""n_valid"": 1452, ""n_targets"": 1452}, {""horizon_s"": 1.0, ""horizon_samples"": 25, ""cc"": 0.810089410675309, ""nrmse"": 0.5850768778942754, ""n_valid"": 1447, ""n_targets"": 1447}, {""horizon_s"": 1.2, ""horizon_samples"": 30, ""cc"": 0.7831575504757996, ""nrmse"": 0.620320117732568, ""n_valid"": 1442, ""n_targets"": 1442}, {""horizon_s"": 1.6, ""horizon_samples"": 40, ""cc"": 0.7217786781621416, ""nrmse"": 0.6930430658397926, ""n_valid"": 1432, ""n_targets"": 1432}, {""horizon_s"": 2.0, ""horizon_samples"": 50, ""cc"": 0.6657092951098708, ""nrmse"": 0.7461703854987062, ""n_valid"": 1422, ""n_targets"": 1422}, {""horizon_s"": 2.4, ""horizon_samples"": 60, ""cc"": 0.6207406187854358, ""nrmse"": 0.7867561348379556, ""n_valid"": 1412, ""n_targets"": 1412}, {""horizon_s"": 2.8, ""horizon_samples"": 70, ""cc"": 0.5785209654561069, ""nrmse"": 0.8190401824494621, ""n_valid"": 1402, ""n_targets"": 1402}, {""horizon_s"": 3.2, ""horizon_samples"": 80, ""cc"": 0.4994916199312517, ""nrmse"": 0.8761795818779221, ""n_valid"": 1392, ""n_targets"": 1392}, {""horizon_s"": 3.6, ""horizon_samples"": 90, ""cc"": 0.45670069672350183, ""nrmse"": 0.902902091608487, ""n_valid"": 1382, ""n_targets"": 1382}, {""horizon_s"": 4.0, ""horizon_samples"": 100, ""cc"": 0.40640632831396506, ""nrmse"": 0.9324379749490889, ""n_valid"": 1372, ""n_targets"": 1372}]",25,28,0.02000007678678039,True,0.0,736.7901140600385,14,0.5600395202636719,1472,1417,True,ok,8,0.16,4,0.8,1.3,5.0,0.02,1.4652179459990293,,True,6bf54f0a28d29bed23f5d51add2e7ba0cd74b22b8b879fb8b8d2010b2bd07a06,a858c23df1e502a7860a6c5944405edf4ed652dbc0dab12ab0cd641f0ec280ec,S3_10_00024,False,da22660146ea73a8bdc3047f3ed962ab9f8507ee435a4bcdd5f54e799aa2f6e4
nan,10,sample_10.csv,S3,S3_10_00025,Awake,0,4,3,1525.000459432602,1585.200322151184,60,60.19986271858215,1500,24.998235827015687,37940,39440,37971,39471,S3/filtered_sessions/sample_10.csv,True,0,0.0,True,0.2802243891785855,True,0.16713201578127287,True,nan,0.70344421976899,0.6647850153402902,0.7347506838796372,4.307822172200337,0.577506358880837,2.2530425014042312,0.7922598434877578,0.9854626956160085,0.8000564575195312,1.28009033203125,True,True,True,True,True,,,,,18,"[{""horizon_s"": 0.04, ""horizon_samples"": 1, ""cc"": 0.9495846210105682, ""nrmse"": 0.31302893353854067, ""n_valid"": 1471, ""n_targets"": 1471}, {""horizon_s"": 0.08, ""horizon_samples"": 2, ""cc"": 0.9001785602376003, ""nrmse"": 0.4362955559155945, ""n_valid"": 1470, ""n_targets"": 1470}, {""horizon_s"": 0.12, ""horizon_samples"": 3, ""cc"": 0.8941540446081615, ""nrmse"": 0.4484938845831703, ""n_valid"": 1469, ""n_targets"": 1469}, {""horizon_s"": 0.16, ""horizon_samples"": 4, ""cc"": 0.889767954019603, ""nrmse"": 0.45665084976025305, ""n_valid"": 1468, ""n_targets"": 1468}, {""horizon_s"": 0.2, ""horizon_samples"": 5, ""cc"": 0.8796884302378754, ""nrmse"": 0.476776482805569, ""n_valid"": 1467, ""n_targets"": 1467}, {""horizon_s"": 0.28, ""horizon_samples"": 7, ""cc"": 0.8776241325070994, ""nrmse"": 0.48111977141037227, ""n_valid"": 1465, ""n_targets"": 1465}, {""horizon_s"": 0.4, ""horizon_samples"": 10, ""cc"": 0.8581454606691865, ""nrmse"": 0.5156631011809064, ""n_valid"": 1462, ""n_targets"": 1462}, {""horizon_s"": 0.6, ""horizon_samples"": 15, ""cc"": 0.8168932184043517, ""nrmse"": 0.5769891132317096, ""n_valid"": 1457, ""n_targets"": 1457}, {""horizon_s"": 0.8, ""horizon_samples"": 20, ""cc"": 0.7820433059015296, ""nrmse"": 0.6248447238255666, ""n_valid"": 1452, ""n_targets"": 1452}, {""horizon_s"": 1.0, ""horizon_samples"": 25, ""cc"": 0.7366575298969248, ""nrmse"": 0.6799337500895944, ""n_valid"": 1447, ""n_targets"": 1447}, {""horizon_s"": 1.2, ""horizon_samples"": 30, ""cc"": 0.7086551281861735, ""nrmse"": 0.7124733057635931, ""n_valid"": 1442, ""n_targets"": 1442}, {""horizon_s"": 1.6, ""horizon_samples"": 40, ""cc"": 0.6428833833627704, ""nrmse"": 0.7742473123636471, ""n_valid"": 1432, ""n_targets"": 1432}, {""horizon_s"": 2.0, ""horizon_samples"": 50, ""cc"": 0.5583601199019365, ""nrmse"": 0.848904073527039, ""n_valid"": 1422, ""n_targets"": 1422}, {""horizon_s"": 2.4, ""horizon_samples"": 60, ""cc"": 0.5151722090033686, ""nrmse"": 0.8709917771232676, ""n_valid"": 1412, ""n_targets"": 1412}, {""horizon_s"": 2.8, ""horizon_samples"": 70, ""cc"": 0.4389929945146794, ""nrmse"": 0.9269303551920715, ""n_valid"": 1402, ""n_targets"": 1402}, {""horizon_s"": 3.2, ""horizon_samples"": 80, ""cc"": 0.4409618791344756, ""nrmse"": 0.91912538377363, ""n_valid"": 1392, ""n_targets"": 1392}, {""horizon_s"": 3.6, ""horizon_samples"": 90, ""cc"": 0.3981269255229279, ""nrmse"": 0.9457691887675597, ""n_valid"": 1382, ""n_targets"": 1382}, {""horizon_s"": 4.0, ""horizon_samples"": 100, ""cc"": 0.37410605872258634, ""nrmse"": 0.9578927132731389, ""n_valid"": 1372, ""n_targets"": 1372}]",25,28,0.02000007678678039,True,0.0,812.8790030985236,15,0.6000423431396484,1472,1429,True,ok,8,0.16,4,0.8,1.3,5.0,0.02,1.5852564710003207,,True,21c7b7410dd7e8ef4ec5d4a1d54d94915c7994fbb871f584ecd42dcf726c803b,86d6675a4f64201796816aa0536a0bb4a232d795084eec2d68040df9f7c74dfd,S3_10_00025,False,da22660146ea73a8bdc3047f3ed962ab9f8507ee435a4bcdd5f54e799aa2f6e4
nan,10,sample_10.csv,S3,S3_10_00027,Awake,0,4,3,1645.4902420043943,1705.6904299259186,60,60.200187921524275,1500,24.998235827015687,40940,42440,40971,42471,S3/filtered_sessions/sample_10.csv,True,0,0.0,True,0.17473256464806974,True,0.20536047812074168,True,nan,0.8803384323704825,0.4354149029115374,0.7394538561213226,4.1011445302102745,0.22109708691270336,2.0030434782608695,0.819228340853622,0.9890426515966144,0.8000564575195312,1.28009033203125,True,True,True,True,True,,,,,18,"[{""horizon_s"": 0.04, ""horizon_samples"": 1, ""cc"": 0.9884446416408346, ""nrmse"": 0.15225871736499413, ""n_valid"": 1471, ""n_targets"": 1471}, {""horizon_s"": 0.08, ""horizon_samples"": 2, ""cc"": 0.9731501946706967, ""nrmse"": 0.23068505576829723, ""n_valid"": 1470, ""n_targets"": 1470}, {""horizon_s"": 0.12, ""horizon_samples"": 3, ""cc"": 0.9624561910697316, ""nrmse"": 0.27142304110715104, ""n_valid"": 1469, ""n_targets"": 1469}, {""horizon_s"": 0.16, ""horizon_samples"": 4, ""cc"": 0.9576110115727301, ""nrmse"": 0.28781236679754535, ""n_valid"": 1468, ""n_targets"": 1468}, {""horizon_s"": 0.2, ""horizon_samples"": 5, ""cc"": 0.962785647115907, ""nrmse"": 0.26996421003945764, ""n_valid"": 1467, ""n_targets"": 1467}, {""horizon_s"": 0.28, ""horizon_samples"": 7, ""cc"": 0.9531604611252837, ""nrmse"": 0.30222438329858997, ""n_valid"": 1465, ""n_targets"": 1465}, {""horizon_s"": 0.4, ""horizon_samples"": 10, ""cc"": 0.9526269546316161, ""nrmse"": 0.30416937569224156, ""n_valid"": 1462, ""n_targets"": 1462}, {""horizon_s"": 0.6, ""horizon_samples"": 15, ""cc"": 0.9388922219543429, ""nrmse"": 0.34479780177993247, ""n_valid"": 1457, ""n_targets"": 1457}, {""horizon_s"": 0.8, ""horizon_samples"": 20, ""cc"": 0.9278073398465313, ""nrmse"": 0.3735498278324632, ""n_valid"": 1452, ""n_targets"": 1452}, {""horizon_s"": 1.0, ""horizon_samples"": 25, ""cc"": 0.8917670392143078, ""nrmse"": 0.4531924276842571, ""n_valid"": 1447, ""n_targets"": 1447}, {""horizon_s"": 1.2, ""horizon_samples"": 30, ""cc"": 0.8811406001382225, ""nrmse"": 0.4741844096339245, ""n_valid"": 1442, ""n_targets"": 1442}, {""horizon_s"": 1.6, ""horizon_samples"": 40, ""cc"": 0.8606289475645413, ""nrmse"": 0.5111430485330464, ""n_valid"": 1432, ""n_targets"": 1432}, {""horizon_s"": 2.0, ""horizon_samples"": 50, ""cc"": 0.8347910261792649, ""nrmse"": 0.5532853856974318, ""n_valid"": 1422, ""n_targets"": 1422}, {""horizon_s"": 2.4, ""horizon_samples"": 60, ""cc"": 0.8188911180558117, ""nrmse"": 0.5777775749792426, ""n_valid"": 1412, ""n_targets"": 1412}, {""horizon_s"": 2.8, ""horizon_samples"": 70, ""cc"": 0.7721742674678982, ""nrmse"": 0.6405410827866711, ""n_valid"": 1402, ""n_targets"": 1402}, {""horizon_s"": 3.2, ""horizon_samples"": 80, ""cc"": 0.7533679411754608, ""nrmse"": 0.6630529214365668, ""n_valid"": 1392, ""n_targets"": 1392}, {""horizon_s"": 3.6, ""horizon_samples"": 90, ""cc"": 0.7068345345497409, ""nrmse"": 0.7146100483920862, ""n_valid"": 1382, ""n_targets"": 1382}, {""horizon_s"": 4.0, ""horizon_samples"": 100, ""cc"": 0.7095616446957638, ""nrmse"": 0.7127965735837746, ""n_valid"": 1372, ""n_targets"": 1372}]",25,28,0.02000007678678039,True,0.0,566.7007580206129,14,0.5600395202636719,1472,1407,True,ok,8,0.16,4,0.8,1.3,5.0,0.02,1.4774976409989904,,True,4174cd17ebad6f13f97cc8b6fe7fc5137ad192f0bc6f4c6f328deb4833d1262f,2decec1613528777e33c4313e5de162bc30a3e60e3815cb59c3d289491f9bafd,S3_10_00027,False,da22660146ea73a8bdc3047f3ed962ab9f8507ee435a4bcdd5f54e799aa2f6e4
nan,10,sample_10.csv,S3,S3_10_00029,Awake,0,4,3,1765.979505300522,1826.180258512497,60,60.20075321197487,1500,24.998235827015687,43940,45440,43971,45471,S3/filtered_sessions/sample_10.csv,True,0,0.0,True,0.0956030573777981,True,0.07109431225229688,True,nan,0.7874858660341871,0.551309913501792,0.7592743677112828,4.64231220657277,0.22666410711714738,2.0,0.984439951792695,0.9813501503744911,0.8000564575195312,1.28009033203125,True,True,True,True,True,,,,,18,"[{""horizon_s"": 0.04, ""horizon_samples"": 1, ""cc"": 0.980513113449764, ""nrmse"": 0.1967899907242415, ""n_valid"": 1471, ""n_targets"": 1471}, {""horizon_s"": 0.08, ""horizon_samples"": 2, ""cc"": 0.9563681237862016, ""nrmse"": 0.29244979917973984, ""n_valid"": 1470, ""n_targets"": 1470}, {""horizon_s"": 0.12, ""horizon_samples"": 3, ""cc"": 0.9552969623648804, ""nrmse"": 0.2956928701718697, ""n_valid"": 1469, ""n_targets"": 1469}, {""horizon_s"": 0.16, ""horizon_samples"": 4, ""cc"": 0.9498209031924032, ""nrmse"": 0.3127772784167521, ""n_valid"": 1468, ""n_targets"": 1468}, {""horizon_s"": 0.2, ""horizon_samples"": 5, ""cc"": 0.9458146113357853, ""nrmse"": 0.3247996978174162, ""n_valid"": 1467, ""n_targets"": 1467}, {""horizon_s"": 0.28, ""horizon_samples"": 7, ""cc"": 0.9438633286540878, ""nrmse"": 0.33070016051213497, ""n_valid"": 1465, ""n_targets"": 1465}, {""horizon_s"": 0.4, ""horizon_samples"": 10, ""cc"": 0.9311995358431576, ""nrmse"": 0.36483253853719333, ""n_valid"": 1462, ""n_targets"": 1462}, {""horizon_s"": 0.6, ""horizon_samples"": 15, ""cc"": 0.9007013977287482, ""nrmse"": 0.434553575469561, ""n_valid"": 1457, ""n_targets"": 1457}, {""horizon_s"": 0.8, ""horizon_samples"": 20, ""cc"": 0.8655899418147176, ""nrmse"": 0.5005001759340811, ""n_valid"": 1452, ""n_targets"": 1452}, {""horizon_s"": 1.0, ""horizon_samples"": 25, ""cc"": 0.8138302130778362, ""nrmse"": 0.583157442420637, ""n_valid"": 1447, ""n_targets"": 1447}, {""horizon_s"": 1.2, ""horizon_samples"": 30, ""cc"": 0.7937051638993629, ""nrmse"": 0.612065129206146, ""n_valid"": 1442, ""n_targets"": 1442}, {""horizon_s"": 1.6, ""horizon_samples"": 40, ""cc"": 0.7384110661335621, ""nrmse"": 0.6785837977023291, ""n_valid"": 1432, ""n_targets"": 1432}, {""horizon_s"": 2.0, ""horizon_samples"": 50, ""cc"": 0.6882819922065748, ""nrmse"": 0.7346662680515623, ""n_valid"": 1422, ""n_targets"": 1422}, {""horizon_s"": 2.4, ""horizon_samples"": 60, ""cc"": 0.6452687152632158, ""nrmse"": 0.7714344827185676, ""n_valid"": 1412, ""n_targets"": 1412}, {""horizon_s"": 2.8, ""horizon_samples"": 70, ""cc"": 0.58729165875373, ""nrmse"": 0.8224216158117561, ""n_valid"": 1402, ""n_targets"": 1402}, {""horizon_s"": 3.2, ""horizon_samples"": 80, ""cc"": 0.5430083319929407, ""nrmse"": 0.855296394133336, ""n_valid"": 1392, ""n_targets"": 1392}, {""horizon_s"": 3.6, ""horizon_samples"": 90, ""cc"": 0.4909596581581029, ""nrmse"": 0.8910245478619755, ""n_valid"": 1382, ""n_targets"": 1382}, {""horizon_s"": 4.0, ""horizon_samples"": 100, ""cc"": 0.44482087096029704, ""nrmse"": 0.9218326783629573, ""n_valid"": 1372, ""n_targets"": 1372}]",25,28,0.02000007678678039,True,0.0,557.7397646212277,15,0.6000423431396484,1472,1437,True,ok,8,0.16,4,0.8,1.3,5.0,0.02,1.3553807249991223,,True,262ed8c81e179b8874ce5059b6ddc825954718a363892ad8208192d7dd08e8c1,89769a7b6970ac3be69d5d39d6c3eea5f3d7ad496cc0535b17528f70d3fd2682,S3_10_00029,False,da22660146ea73a8bdc3047f3ed962ab9f8507ee435a4bcdd5f54e799aa2f6e4
nan,10,sample_10.csv,S3,S3_10_00028,Awake,0,4,3,1705.730354309082,1765.9304349422457,60,60.20008063316368,1500,24.998235827015687,42440,43940,42471,43971,S3/filtered_sessions/sample_10.csv,True,0,0.0,True,0.10621293866817313,True,0.04042744747031403,True,nan,0.774358168601263,0.5496483044217114,0.7545711954695974,4.183874401277275,0.3380525027595143,2.002558635394456,0.9649570109483532,0.9866847089262286,0.8000564575195312,1.28009033203125,True,True,True,True,True,,,,,18,"[{""horizon_s"": 0.04, ""horizon_samples"": 1, ""cc"": 0.9827856828865754, ""nrmse"": 0.18446056835259036, ""n_valid"": 1471, ""n_targets"": 1471}, {""horizon_s"": 0.08, ""horizon_samples"": 2, ""cc"": 0.963989071690758, ""nrmse"": 0.26564659773568927, ""n_valid"": 1470, ""n_targets"": 1470}, {""horizon_s"": 0.12, ""horizon_samples"": 3, ""cc"": 0.960364534762689, ""nrmse"": 0.2785739541584643, ""n_valid"": 1469, ""n_targets"": 1469}, {""horizon_s"": 0.16, ""horizon_samples"": 4, ""cc"": 0.9552992655196361, ""nrmse"": 0.29546039918792344, ""n_valid"": 1468, ""n_targets"": 1468}, {""horizon_s"": 0.2, ""horizon_samples"": 5, ""cc"": 0.9535717587719115, ""nrmse"": 0.30088137595606185, ""n_valid"": 1467, ""n_targets"": 1467}, {""horizon_s"": 0.28, ""horizon_samples"": 7, ""cc"": 0.9484643185945802, ""nrmse"": 0.31664441952174327, ""n_valid"": 1465, ""n_targets"": 1465}, {""horizon_s"": 0.4, ""horizon_samples"": 10, ""cc"": 0.942039109453578, ""nrmse"": 0.33550803527617534, ""n_valid"": 1462, ""n_targets"": 1462}, {""horizon_s"": 0.6, ""horizon_samples"": 15, ""cc"": 0.9177401864356072, ""nrmse"": 0.3973851451371271, ""n_valid"": 1457, ""n_targets"": 1457}, {""horizon_s"": 0.8, ""horizon_samples"": 20, ""cc"": 0.8839761996578519, ""nrmse"": 0.4678668476647476, ""n_valid"": 1452, ""n_targets"": 1452}, {""horizon_s"": 1.0, ""horizon_samples"": 25, ""cc"": 0.8310612415376892, ""nrmse"": 0.5568240040493285, ""n_valid"": 1447, ""n_targets"": 1447}, {""horizon_s"": 1.2, ""horizon_samples"": 30, ""cc"": 0.8042119410488496, ""nrmse"": 0.5968104620642516, ""n_valid"": 1442, ""n_targets"": 1442}, {""horizon_s"": 1.6, ""horizon_samples"": 40, ""cc"": 0.731868578085517, ""nrmse"": 0.6852325020421227, ""n_valid"": 1432, ""n_targets"": 1432}, {""horizon_s"": 2.0, ""horizon_samples"": 50, ""cc"": 0.6543540483961812, ""nrmse"": 0.7646548289446309, ""n_valid"": 1422, ""n_targets"": 1422}, {""horizon_s"": 2.4, ""horizon_samples"": 60, ""cc"": 0.6054795906246249, ""nrmse"": 0.804453389116426, ""n_valid"": 1412, ""n_targets"": 1412}, {""horizon_s"": 2.8, ""horizon_samples"": 70, ""cc"": 0.5402117352095447, ""nrmse"": 0.8554385538992079, ""n_valid"": 1402, ""n_targets"": 1402}, {""horizon_s"": 3.2, ""horizon_samples"": 80, ""cc"": 0.47565296781147354, ""nrmse"": 0.8963889165457917, ""n_valid"": 1392, ""n_targets"": 1392}, {""horizon_s"": 3.6, ""horizon_samples"": 90, ""cc"": 0.4097530705359122, ""nrmse"": 0.9372984556870362, ""n_valid"": 1382, ""n_targets"": 1382}, {""horizon_s"": 4.0, ""horizon_samples"": 100, ""cc"": 0.3776237337997554, ""nrmse"": 0.9541410242514856, ""n_valid"": 1372, ""n_targets"": 1372}]",25,28,0.02000007678678039,True,0.0,634.2751006411165,15,0.6000423431396484,1472,1404,True,ok,8,0.16,4,0.8,1.3,5.0,0.02,1.688193809999575,,True,7971cf0e3b254ba2045768dc53f55f873d5600d42affbb1d725b0b0db359b0bb,6e5efd788ce70b3e331874d0e56b93671b60a18b7de666dc74eaf9ecda5bb3dc,S3_10_00028,False,da22660146ea73a8bdc3047f3ed962ab9f8507ee435a4bcdd5f54e799aa2f6e4
nan,10,sample_10.csv,S3,S3_10_00030,Awake,0,4,3,1826.220192432404,1886.420387744904,60,60.2001953125,1500,24.998235827015687,45440,46940,45471,46971,S3/filtered_sessions/sample_10.csv,True,0,0.0,True,0.1642988186204086,True,0.16581689084485204,True,nan,0.7277610844224964,0.5872466282737656,0.7104189662619379,4.267223983857019,0.2730239477851898,2.0017593244194227,0.9303622024834328,0.9919487888884045,0.8000564575195312,1.28009033203125,True,True,True,True,True,,,,,18,"[{""horizon_s"": 0.04, ""horizon_samples"": 1, ""cc"": 0.9844318708035874, ""nrmse"": 0.17621712608187423, ""n_valid"": 1471, ""n_targets"": 1471}, {""horizon_s"": 0.08, ""horizon_samples"": 2, ""cc"": 0.9634344134937315, ""nrmse"": 0.2687477525983345, ""n_valid"": 1470, ""n_targets"": 1470}, {""horizon_s"": 0.12, ""horizon_samples"": 3, ""cc"": 0.9571194565387128, ""nrmse"": 0.29053728197389, ""n_valid"": 1469, ""n_targets"": 1469}, {""horizon_s"": 0.16, ""horizon_samples"": 4, ""cc"": 0.9489623412802014, ""nrmse"": 0.31621471110879457, ""n_valid"": 1468, ""n_targets"": 1468}, {""horizon_s"": 0.2, ""horizon_samples"": 5, ""cc"": 0.9497644387021452, ""nrmse"": 0.313780281142886, ""n_valid"": 1467, ""n_targets"": 1467}, {""horizon_s"": 0.28, ""horizon_samples"": 7, ""cc"": 0.9439543102595336, ""nrmse"": 0.3307852214735866, ""n_valid"": 1465, ""n_targets"": 1465}, {""horizon_s"": 0.4, ""horizon_samples"": 10, ""cc"": 0.936094646635777, ""nrmse"": 0.3523664411358869, ""n_valid"": 1462, ""n_targets"": 1462}, {""horizon_s"": 0.6, ""horizon_samples"": 15, ""cc"": 0.8987342854729878, ""nrmse"": 0.43925754018122726, ""n_valid"": 1457, ""n_targets"": 1457}, {""horizon_s"": 0.8, ""horizon_samples"": 20, ""cc"": 0.8755667623589013, ""nrmse"": 0.4849988442319462, ""n_valid"": 1452, ""n_targets"": 1452}, {""horizon_s"": 1.0, ""horizon_samples"": 25, ""cc"": 0.7961977813569967, ""nrmse"": 0.6086421263508152, ""n_valid"": 1447, ""n_targets"": 1447}, {""horizon_s"": 1.2, ""horizon_samples"": 30, ""cc"": 0.7706344004824018, ""nrmse"": 0.641019132295921, ""n_valid"": 1442, ""n_targets"": 1442}, {""horizon_s"": 1.6, ""horizon_samples"": 40, ""cc"": 0.6876863824896056, ""nrmse"": 0.7356554134183987, ""n_valid"": 1432, ""n_targets"": 1432}, {""horizon_s"": 2.0, ""horizon_samples"": 50, ""cc"": 0.5953435274271401, ""nrmse"": 0.8172125123691425, ""n_valid"": 1422, ""n_targets"": 1422}, {""horizon_s"": 2.4, ""horizon_samples"": 60, ""cc"": 0.522761331739685, ""nrmse"": 0.8729578010903484, ""n_valid"": 1412, ""n_targets"": 1412}, {""horizon_s"": 2.8, ""horizon_samples"": 70, ""cc"": 0.4559500779463918, ""nrmse"": 0.9129805753955215, ""n_valid"": 1402, ""n_targets"": 1402}, {""horizon_s"": 3.2, ""horizon_samples"": 80, ""cc"": 0.36354727326623937, ""nrmse"": 0.9647365320014489, ""n_valid"": 1392, ""n_targets"": 1392}, {""horizon_s"": 3.6, ""horizon_samples"": 90, ""cc"": 0.27619122587489836, ""nrmse"": 1.0012896067559767, ""n_valid"": 1382, ""n_targets"": 1382}, {""horizon_s"": 4.0, ""horizon_samples"": 100, ""cc"": 0.1733249934759997, ""nrmse"": 1.0430404093217813, ""n_valid"": 1372, ""n_targets"": 1372}]",25,28,0.02000007678678039,True,0.0,580.1952688325712,14,0.5600395202636719,1472,1416,True,ok,8,0.16,4,0.8,1.3,5.0,0.02,1.6141852450000442,,True,82f385327a699e1ebb55497c2542fb8f645577177dfb497eb4757bf44b20be56,e668a77bffa0df9120ab0c45f47111c692d8c1f0551808d9937b5c317b53d7e8,S3_10_00030,False,da22660146ea73a8bdc3047f3ed962ab9f8507ee435a4bcdd5f54e799aa2f6e4
nan,10,sample_10.csv,S3,S3_10_00031,Awake,0,4,3,1886.4599030017853,1946.6706104278564,60,60.21070742607117,1500,24.998235827015687,46940,48440,46971,48471,S3/filtered_sessions/sample_10.csv,True,0,0.0,True,0.1516190591854648,True,0.11592235566147287,True,nan,0.7305497332347962,0.607847087216402,0.7159859864663819,4.052974735126324,0.29078082257522675,2.00529538308787,0.9410334573099723,0.9768549901188617,0.8000564575195312,1.28009033203125,True,True,True,True,True,,,,,18,"[{""horizon_s"": 0.04, ""horizon_samples"": 1, ""cc"": 0.9741281172991003, ""nrmse"": 0.22655950714879827, ""n_valid"": 1471, ""n_targets"": 1471}, {""horizon_s"": 0.08, ""horizon_samples"": 2, ""cc"": 0.9466354393756148, ""nrmse"": 0.322908368016597, ""n_valid"": 1470, ""n_targets"": 1470}, {""horizon_s"": 0.12, ""horizon_samples"": 3, ""cc"": 0.9403747755763195, ""nrmse"": 0.34069105024819707, ""n_valid"": 1469, ""n_targets"": 1469}, {""horizon_s"": 0.16, ""horizon_samples"": 4, ""cc"": 0.9294045751589477, ""nrmse"": 0.36947424458537376, ""n_valid"": 1468, ""n_targets"": 1468}, {""horizon_s"": 0.2, ""horizon_samples"": 5, ""cc"": 0.9318960186004968, ""nrmse"": 0.3630342323564399, ""n_valid"": 1467, ""n_targets"": 1467}, {""horizon_s"": 0.28, ""horizon_samples"": 7, ""cc"": 0.9261651300714064, ""nrmse"": 0.37728030681310726, ""n_valid"": 1465, ""n_targets"": 1465}, {""horizon_s"": 0.4, ""horizon_samples"": 10, ""cc"": 0.9127146500652898, ""nrmse"": 0.4089280554806025, ""n_valid"": 1462, ""n_targets"": 1462}, {""horizon_s"": 0.6, ""horizon_samples"": 15, ""cc"": 0.8612405670239244, ""nrmse"": 0.5100391677353651, ""n_valid"": 1457, ""n_targets"": 1457}, {""horizon_s"": 0.8, ""horizon_samples"": 20, ""cc"": 0.8464450291860612, ""nrmse"": 0.5350819060796739, ""n_valid"": 1452, ""n_targets"": 1452}, {""horizon_s"": 1.0, ""horizon_samples"": 25, ""cc"": 0.7747256867791885, ""nrmse"": 0.6364710063771959, ""n_valid"": 1447, ""n_targets"": 1447}, {""horizon_s"": 1.2, ""horizon_samples"": 30, ""cc"": 0.7510341463234507, ""nrmse"": 0.6649970220671596, ""n_valid"": 1442, ""n_targets"": 1442}, {""horizon_s"": 1.6, ""horizon_samples"": 40, ""cc"": 0.6903841401603428, ""nrmse"": 0.7319201922442209, ""n_valid"": 1432, ""n_targets"": 1432}, {""horizon_s"": 2.0, ""horizon_samples"": 50, ""cc"": 0.6109184194081353, ""nrmse"": 0.8030054311385731, ""n_valid"": 1422, ""n_targets"": 1422}, {""horizon_s"": 2.4, ""horizon_samples"": 60, ""cc"": 0.5469153772434224, ""nrmse"": 0.8534874511806743, ""n_valid"": 1412, ""n_targets"": 1412}, {""horizon_s"": 2.8, ""horizon_samples"": 70, ""cc"": 0.4967415547085871, ""nrmse"": 0.884465116033784, ""n_valid"": 1402, ""n_targets"": 1402}, {""horizon_s"": 3.2, ""horizon_samples"": 80, ""cc"": 0.40282789275610825, ""nrmse"": 0.9424088714765818, ""n_valid"": 1392, ""n_targets"": 1392}, {""horizon_s"": 3.6, ""horizon_samples"": 90, ""cc"": 0.3431333815481167, ""nrmse"": 0.9685916929263522, ""n_valid"": 1382, ""n_targets"": 1382}, {""horizon_s"": 4.0, ""horizon_samples"": 100, ""cc"": 0.2642102969418187, ""nrmse"": 1.0019039479865395, ""n_valid"": 1372, ""n_targets"": 1372}]",25,28,0.02000007678678039,True,0.0,519.4777880189874,14,0.5600395202636719,1472,1401,True,ok,8,0.16,4,0.8,1.3,5.0,0.02,1.4805513780011097,,True,de9adb95392d58336abc89a801d860dbfc92eb9871ec98dd08b6cf160c1c96d8,5229385b2dfe6f3eed40b6570a79613397a479dc9e4e5325989d1858db427d97,S3_10_00031,False,da22660146ea73a8bdc3047f3ed962ab9f8507ee435a4bcdd5f54e799aa2f6e4
nan,10,sample_10.csv,S3,S3_10_00026,Awake,0,4,3,1585.240381002426,1645.4495582580566,60,60.20917725563072,1500,24.998235827015687,39440,40940,39471,40971,S3/filtered_sessions/sample_10.csv,True,0,0.0,True,0.13155672369627677,True,0.2125742742800203,True,nan,0.7204108910277552,0.642215722971177,0.7229927532754236,4.203404017857143,0.4381868791092768,2.0483454851374088,0.652474535336794,0.9393034812518684,0.8000564575195312,1.28009033203125,True,False,True,True,True,,,,,18,"[{""horizon_s"": 0.04, ""horizon_samples"": 1, ""cc"": 0.9533338129199312, ""nrmse"": 0.30208092737763936, ""n_valid"": 1471, ""n_targets"": 1471}, {""horizon_s"": 0.08, ""horizon_samples"": 2, ""cc"": 0.9081463539272245, ""nrmse"": 0.41885609886296554, ""n_valid"": 1470, ""n_targets"": 1470}, {""horizon_s"": 0.12, ""horizon_samples"": 3, ""cc"": 0.9069158263997987, ""nrmse"": 0.4216311956631253, ""n_valid"": 1469, ""n_targets"": 1469}, {""horizon_s"": 0.16, ""horizon_samples"": 4, ""cc"": 0.8939693585142601, ""nrmse"": 0.4492370454802631, ""n_valid"": 1468, ""n_targets"": 1468}, {""horizon_s"": 0.2, ""horizon_samples"": 5, ""cc"": 0.8877143588442575, ""nrmse"": 0.4616827427399109, ""n_valid"": 1467, ""n_targets"": 1467}, {""horizon_s"": 0.28, ""horizon_samples"": 7, ""cc"": 0.8865041081048841, ""nrmse"": 0.4632211831441436, ""n_valid"": 1465, ""n_targets"": 1465}, {""horizon_s"": 0.4, ""horizon_samples"": 10, ""cc"": 0.8701711914848365, ""nrmse"": 0.49334707206774897, ""n_valid"": 1462, ""n_targets"": 1462}, {""horizon_s"": 0.6, ""horizon_samples"": 15, ""cc"": 0.8357291746463781, ""nrmse"": 0.5483204020891447, ""n_valid"": 1457, ""n_targets"": 1457}, {""horizon_s"": 0.8, ""horizon_samples"": 20, ""cc"": 0.8315481109138362, ""nrmse"": 0.5564571771195702, ""n_valid"": 1452, ""n_targets"": 1452}, {""horizon_s"": 1.0, ""horizon_samples"": 25, ""cc"": 0.7298374121584325, ""nrmse"": 0.6884595420122472, ""n_valid"": 1447, ""n_targets"": 1447}, {""horizon_s"": 1.2, ""horizon_samples"": 30, ""cc"": 0.7216168661030519, ""nrmse"": 0.6973855641717949, ""n_valid"": 1442, ""n_targets"": 1442}, {""horizon_s"": 1.6, ""horizon_samples"": 40, ""cc"": 0.6956746354346552, ""nrmse"": 0.7234369411030028, ""n_valid"": 1432, ""n_targets"": 1432}, {""horizon_s"": 2.0, ""horizon_samples"": 50, ""cc"": 0.6163289188230634, ""nrmse"": 0.79858369155555, ""n_valid"": 1422, ""n_targets"": 1422}, {""horizon_s"": 2.4, ""horizon_samples"": 60, ""cc"": 0.5941387385123862, ""nrmse"": 0.8131099499799731, ""n_valid"": 1412, ""n_targets"": 1412}, {""horizon_s"": 2.8, ""horizon_samples"": 70, ""cc"": 0.49049608962703467, ""nrmse"": 0.8872724586085324, ""n_valid"": 1402, ""n_targets"": 1402}, {""horizon_s"": 3.2, ""horizon_samples"": 80, ""cc"": 0.4758892913694661, ""nrmse"": 0.893466532090601, ""n_valid"": 1392, ""n_targets"": 1392}, {""horizon_s"": 3.6, ""horizon_samples"": 90, ""cc"": 0.3425215022927899, ""nrmse"": 0.9684863676892059, ""n_valid"": 1382, ""n_targets"": 1382}, {""horizon_s"": 4.0, ""horizon_samples"": 100, ""cc"": 0.3268602884233047, ""nrmse"": 0.9748481217257673, ""n_valid"": 1372, ""n_targets"": 1372}]",25,28,0.02000007678678039,True,0.0,700.9219053448084,14,0.5600395202636719,1472,1405,True,ok,8,0.16,4,0.8,1.3,5.0,0.02,3.4140633689985407,,True,7c07641a6c805482b94c6e13c95704fc05407ec8d01e7d4bfe5d094211d14561,71430199974ed5fb0fd79c2441b11c63c0c2454af3342cd35b87c70d6f473d29,S3_10_00026,False,da22660146ea73a8bdc3047f3ed962ab9f8507ee435a4bcdd5f54e799aa2f6e4
nan,10,sample_10.csv,S3,S3_10_00033,Drowsy,1,6,4,2169.939930438996,2230.139573097229,60,60.19964265823319,1500,24.998235827015687,50087,51587,54029,55529,S3/filtered_sessions/sample_10.csv,True,0,0.0,True,0.11147908259881606,True,0.17937261120873677,True,nan,0.5892250729621327,0.7197342777928911,0.6833997216489898,3.951165371809101,0.39528243029226856,2.0733794839521713,0.829442190014108,0.9726552674393246,0.8000564575195312,1.28009033203125,True,True,True,True,True,,,,,18,"[{""horizon_s"": 0.04, ""horizon_samples"": 1, ""cc"": 0.959379236665129, ""nrmse"": 0.2821075381884439, ""n_valid"": 1471, ""n_targets"": 1471}, {""horizon_s"": 0.08, ""horizon_samples"": 2, ""cc"": 0.9123211198847518, ""nrmse"": 0.4098288921764851, ""n_valid"": 1470, ""n_targets"": 1470}, {""horizon_s"": 0.12, ""horizon_samples"": 3, ""cc"": 0.9024225955690193, ""nrmse"": 0.4308961649163415, ""n_valid"": 1469, ""n_targets"": 1469}, {""horizon_s"": 0.16, ""horizon_samples"": 4, ""cc"": 0.8992211583686778, ""nrmse"": 0.43729230587580536, ""n_valid"": 1468, ""n_targets"": 1468}, {""horizon_s"": 0.2, ""horizon_samples"": 5, ""cc"": 0.9010506782102919, ""nrmse"": 0.4338970234034251, ""n_valid"": 1467, ""n_targets"": 1467}, {""horizon_s"": 0.28, ""horizon_samples"": 7, ""cc"": 0.8771004100610462, ""nrmse"": 0.48055726706457, ""n_valid"": 1465, ""n_targets"": 1465}, {""horizon_s"": 0.4, ""horizon_samples"": 10, ""cc"": 0.8682774209672871, ""nrmse"": 0.49723980234653975, ""n_valid"": 1462, ""n_targets"": 1462}, {""horizon_s"": 0.6, ""horizon_samples"": 15, ""cc"": 0.8021058934121602, ""nrmse"": 0.6010104949631357, ""n_valid"": 1457, ""n_targets"": 1457}, {""horizon_s"": 0.8, ""horizon_samples"": 20, ""cc"": 0.7600212994643712, ""nrmse"": 0.6535592127058926, ""n_valid"": 1452, ""n_targets"": 1452}, {""horizon_s"": 1.0, ""horizon_samples"": 25, ""cc"": 0.638395457121808, ""nrmse"": 0.7798653669167352, ""n_valid"": 1447, ""n_targets"": 1447}, {""horizon_s"": 1.2, ""horizon_samples"": 30, ""cc"": 0.6247976514519009, ""nrmse"": 0.7885557320408403, ""n_valid"": 1442, ""n_targets"": 1442}, {""horizon_s"": 1.6, ""horizon_samples"": 40, ""cc"": 0.49035983146880696, ""nrmse"": 0.8893289665168655, ""n_valid"": 1432, ""n_targets"": 1432}, {""horizon_s"": 2.0, ""horizon_samples"": 50, ""cc"": 0.3511625570693688, ""nrmse"": 0.9682652069649132, ""n_valid"": 1422, ""n_targets"": 1422}, {""horizon_s"": 2.4, ""horizon_samples"": 60, ""cc"": 0.24116977628257769, ""nrmse"": 1.0208120063324795, ""n_valid"": 1412, ""n_targets"": 1412}, {""horizon_s"": 2.8, ""horizon_samples"": 70, ""cc"": 0.1436212004207969, ""nrmse"": 1.0568649829552594, ""n_valid"": 1402, ""n_targets"": 1402}, {""horizon_s"": 3.2, ""horizon_samples"": 80, ""cc"": 0.09300878823153616, ""nrmse"": 1.0740307183485354, ""n_valid"": 1392, ""n_targets"": 1392}, {""horizon_s"": 3.6, ""horizon_samples"": 90, ""cc"": 0.06513128336339118, ""nrmse"": 1.0753746614728024, ""n_valid"": 1382, ""n_targets"": 1382}, {""horizon_s"": 4.0, ""horizon_samples"": 100, ""cc"": 0.07650495530546692, ""nrmse"": 1.0757306570829697, ""n_valid"": 1372, ""n_targets"": 1372}]",25,28,0.02000007678678039,True,0.0,737.7773642074262,13,0.5200366973876953,1472,1436,True,ok,8,0.16,4,0.8,1.3,5.0,0.02,1.3385262550000334,,True,ac3114b897018d24c13f3d456a18217fd5a7b78b5a3616124353691c7f138f32,e83e0d9dd7272c376be034a82b11e4e0e2bdc4f49d56c86e9f91ead8dc156c3c,S3_10_00033,False,da22660146ea73a8bdc3047f3ed962ab9f8507ee435a4bcdd5f54e799aa2f6e4
nan,10,sample_10.csv,S3,S3_10_00034,Drowsy,1,6,4,2230.179656267166,2290.39044547081,60,60.2107892036438,1500,24.998235827015687,51587,53087,55529,57029,S3/filtered_sessions/sample_10.csv,True,0,0.0,True,0.2088827595396076,False,0.5077014917241711,True,nan,0.5921273413178151,0.7322670994178764,0.6316648269904497,3.7767575322812053,0.38518020828334215,2.1471375066880687,0.7759973146706183,0.9520931155268857,0.8000564575195312,1.28009033203125,True,True,True,True,True,,,,,18,"[{""horizon_s"": 0.04, ""horizon_samples"": 1, ""cc"": 0.9420805028030285, ""nrmse"": 0.33519579515051773, ""n_valid"": 1471, ""n_targets"": 1471}, {""horizon_s"": 0.08, ""horizon_samples"": 2, ""cc"": 0.8834185000652425, ""nrmse"": 0.4688130361447456, ""n_valid"": 1470, ""n_targets"": 1470}, {""horizon_s"": 0.12, ""horizon_samples"": 3, ""cc"": 0.8948749578404892, ""nrmse"": 0.446821654998312, ""n_valid"": 1469, ""n_targets"": 1469}, {""horizon_s"": 0.16, ""horizon_samples"": 4, ""cc"": 0.8986997226848642, ""nrmse"": 0.43816324951235197, ""n_valid"": 1468, ""n_targets"": 1468}, {""horizon_s"": 0.2, ""horizon_samples"": 5, ""cc"": 0.8784407717451312, ""nrmse"": 0.4772200335018978, ""n_valid"": 1467, ""n_targets"": 1467}, {""horizon_s"": 0.28, ""horizon_samples"": 7, ""cc"": 0.8619178951378835, ""nrmse"": 0.5060222007459254, ""n_valid"": 1465, ""n_targets"": 1465}, {""horizon_s"": 0.4, ""horizon_samples"": 10, ""cc"": 0.8287664241357201, ""nrmse"": 0.557876527380425, ""n_valid"": 1462, ""n_targets"": 1462}, {""horizon_s"": 0.6, ""horizon_samples"": 15, ""cc"": 0.7575172435878386, ""nrmse"": 0.6509006129159892, ""n_valid"": 1457, ""n_targets"": 1457}, {""horizon_s"": 0.8, ""horizon_samples"": 20, ""cc"": 0.7174609279996366, ""nrmse"": 0.6965439713552837, ""n_valid"": 1452, ""n_targets"": 1452}, {""horizon_s"": 1.0, ""horizon_samples"": 25, ""cc"": 0.6188142816272965, ""nrmse"": 0.788705992405064, ""n_valid"": 1447, ""n_targets"": 1447}, {""horizon_s"": 1.2, ""horizon_samples"": 30, ""cc"": 0.582468715045427, ""nrmse"": 0.8131259505158229, ""n_valid"": 1442, ""n_targets"": 1442}, {""horizon_s"": 1.6, ""horizon_samples"": 40, ""cc"": 0.39559190558413404, ""nrmse"": 0.9376581353872755, ""n_valid"": 1432, ""n_targets"": 1432}, {""horizon_s"": 2.0, ""horizon_samples"": 50, ""cc"": 0.32845625472932033, ""nrmse"": 0.9656502117726232, ""n_valid"": 1422, ""n_targets"": 1422}, {""horizon_s"": 2.4, ""horizon_samples"": 60, ""cc"": 0.1759060541681515, ""nrmse"": 1.0375239814983959, ""n_valid"": 1412, ""n_targets"": 1412}, {""horizon_s"": 2.8, ""horizon_samples"": 70, ""cc"": 0.2321944922892687, ""nrmse"": 1.0093194973915844, ""n_valid"": 1402, ""n_targets"": 1402}, {""horizon_s"": 3.2, ""horizon_samples"": 80, ""cc"": 0.18061026026261798, ""nrmse"": 1.0355085212017685, ""n_valid"": 1392, ""n_targets"": 1392}, {""horizon_s"": 3.6, ""horizon_samples"": 90, ""cc"": 0.2419517047290744, ""nrmse"": 1.0056262591026874, ""n_valid"": 1382, ""n_targets"": 1382}, {""horizon_s"": 4.0, ""horizon_samples"": 100, ""cc"": 0.23912152928554878, ""nrmse"": 1.010132158541105, ""n_valid"": 1372, ""n_targets"": 1372}]",25,28,0.02000007678678039,True,0.0,880.7505604371373,12,0.48003387451171875,1472,1404,True,ok,8,0.16,4,0.8,1.3,5.0,0.02,1.3282935410006758,,True,a70d3e9aeebf1da6e182a2c9ae244b71c4a62eaf1196c5d8e5d332e33255c47d,9f88dab66768b265d00c6b68dcdd9f1da6e6c794f5acc81f939230547ef6646c,S3_10_00034,False,da22660146ea73a8bdc3047f3ed962ab9f8507ee435a4bcdd5f54e799aa2f6e4
nan,10,sample_10.csv,S3,S3_10_00032,Drowsy,1,6,4,2109.689926147461,2169.9000763893127,60,60.21015024185181,1500,24.998235827015687,48587,50087,52529,54029,S3/filtered_sessions/sample_10.csv,True,0,0.0,True,0.0864768948105711,True,0.08082051711733398,True,nan,0.7259376233503305,0.6065680052026471,0.7145462398617843,4.105045492142266,0.35844891299131354,2.0145650708024276,0.8539636379014948,0.9723413785145592,0.8000564575195312,1.28009033203125,True,True,True,True,True,,,,,18,"[{""horizon_s"": 0.04, ""horizon_samples"": 1, ""cc"": 0.974433570922172, ""nrmse"": 0.22496692491327647, ""n_valid"": 1471, ""n_targets"": 1471}, {""horizon_s"": 0.08, ""horizon_samples"": 2, ""cc"": 0.9451260097976402, ""nrmse"": 0.32709865093053253, ""n_valid"": 1470, ""n_targets"": 1470}, {""horizon_s"": 0.12, ""horizon_samples"": 3, ""cc"": 0.9419503579173194, ""nrmse"": 0.33623117881346504, ""n_valid"": 1469, ""n_targets"": 1469}, {""horizon_s"": 0.16, ""horizon_samples"": 4, ""cc"": 0.9366864795081224, ""nrmse"": 0.3497317054497836, ""n_valid"": 1468, ""n_targets"": 1468}, {""horizon_s"": 0.2, ""horizon_samples"": 5, ""cc"": 0.9359541763849196, ""nrmse"": 0.351746984655136, ""n_valid"": 1467, ""n_targets"": 1467}, {""horizon_s"": 0.28, ""horizon_samples"": 7, ""cc"": 0.9241972390719111, ""nrmse"": 0.3810651739152374, ""n_valid"": 1465, ""n_targets"": 1465}, {""horizon_s"": 0.4, ""horizon_samples"": 10, ""cc"": 0.9175759996922952, ""nrmse"": 0.39574821798147114, ""n_valid"": 1462, ""n_targets"": 1462}, {""horizon_s"": 0.6, ""horizon_samples"": 15, ""cc"": 0.886873321420468, ""nrmse"": 0.4603799797684076, ""n_valid"": 1457, ""n_targets"": 1457}, {""horizon_s"": 0.8, ""horizon_samples"": 20, ""cc"": 0.8613801890205115, ""nrmse"": 0.5071496157546369, ""n_valid"": 1452, ""n_targets"": 1452}, {""horizon_s"": 1.0, ""horizon_samples"": 25, ""cc"": 0.7736360565404805, ""nrmse"": 0.6336770742346206, ""n_valid"": 1447, ""n_targets"": 1447}, {""horizon_s"": 1.2, ""horizon_samples"": 30, ""cc"": 0.7562858742522347, ""nrmse"": 0.6521041241259999, ""n_valid"": 1442, ""n_targets"": 1442}, {""horizon_s"": 1.6, ""horizon_samples"": 40, ""cc"": 0.6624714528830141, ""nrmse"": 0.7536294563967222, ""n_valid"": 1432, ""n_targets"": 1432}, {""horizon_s"": 2.0, ""horizon_samples"": 50, ""cc"": 0.5460446872044735, ""nrmse"": 0.8457361197855474, ""n_valid"": 1422, ""n_targets"": 1422}, {""horizon_s"": 2.4, ""horizon_samples"": 60, ""cc"": 0.48519862001910957, ""nrmse"": 0.8915823200464058, ""n_valid"": 1412, ""n_targets"": 1412}, {""horizon_s"": 2.8, ""horizon_samples"": 70, ""cc"": 0.4267874756770605, ""nrmse"": 0.9212656199507363, ""n_valid"": 1402, ""n_targets"": 1402}, {""horizon_s"": 3.2, ""horizon_samples"": 80, ""cc"": 0.3744699221318587, ""nrmse"": 0.9593090830998698, ""n_valid"": 1392, ""n_targets"": 1392}, {""horizon_s"": 3.6, ""horizon_samples"": 90, ""cc"": 0.3550437310513827, ""nrmse"": 0.9649664361340445, ""n_valid"": 1382, ""n_targets"": 1382}, {""horizon_s"": 4.0, ""horizon_samples"": 100, ""cc"": 0.36276205681097506, ""nrmse"": 0.9618354276917533, ""n_valid"": 1372, ""n_targets"": 1372}]",25,28,0.02000007678678039,True,0.0,635.3908344355586,14,0.5600395202636719,1472,1420,True,ok,8,0.16,4,0.8,1.3,5.0,0.02,1.9481649870012916,,True,3d5942f40d5ca4d45d6f8466973e45bb875f5c299aa1070f9d7afbe9c41a5e1c,7fb3a8942f93364d78faeee79832a6b9aef9cbe81434f245abbda60d6110a5c9,S3_10_00032,False,da22660146ea73a8bdc3047f3ed962ab9f8507ee435a4bcdd5f54e799aa2f6e4
nan,10,sample_10.csv,S3,S3_10_00036,Drowsy,1,6,4,2350.6694345474243,2410.86984539032,60,60.20041084289551,1500,24.998235827015687,54587,56087,58529,60029,S3/filtered_sessions/sample_10.csv,True,0,0.0,True,0.09173846802975034,True,0.1974655735201583,True,nan,0.6700725882680104,0.6383538913767132,0.7462206651629313,4.06828885400314,0.19897298075538705,2.0043509789702685,0.8765678956701421,0.9948558530011714,0.8000564575195312,1.28009033203125,True,True,True,True,True,,,,,18,"[{""horizon_s"": 0.04, ""horizon_samples"": 1, ""cc"": 0.9732991761919271, ""nrmse"": 0.2300134680696511, ""n_valid"": 1471, ""n_targets"": 1471}, {""horizon_s"": 0.08, ""horizon_samples"": 2, ""cc"": 0.942812248340592, ""nrmse"": 0.33403952008441834, ""n_valid"": 1470, ""n_targets"": 1470}, {""horizon_s"": 0.12, ""horizon_samples"": 3, ""cc"": 0.938992769770249, ""nrmse"": 0.3444438662668011, ""n_valid"": 1469, ""n_targets"": 1469}, {""horizon_s"": 0.16, ""horizon_samples"": 4, ""cc"": 0.936924778660039, ""nrmse"": 0.34966466015813236, ""n_valid"": 1468, ""n_targets"": 1468}, {""horizon_s"": 0.2, ""horizon_samples"": 5, ""cc"": 0.9374802274493204, ""nrmse"": 0.34813621150401486, ""n_valid"": 1467, ""n_targets"": 1467}, {""horizon_s"": 0.28, ""horizon_samples"": 7, ""cc"": 0.9226376637475074, ""nrmse"": 0.3858139988819029, ""n_valid"": 1465, ""n_targets"": 1465}, {""horizon_s"": 0.4, ""horizon_samples"": 10, ""cc"": 0.9184167430444562, ""nrmse"": 0.3962212343413991, ""n_valid"": 1462, ""n_targets"": 1462}, {""horizon_s"": 0.6, ""horizon_samples"": 15, ""cc"": 0.8786367678026449, ""nrmse"": 0.4788311283599647, ""n_valid"": 1457, ""n_targets"": 1457}, {""horizon_s"": 0.8, ""horizon_samples"": 20, ""cc"": 0.8164954717444511, ""nrmse"": 0.5783732509991548, ""n_valid"": 1452, ""n_targets"": 1452}, {""horizon_s"": 1.0, ""horizon_samples"": 25, ""cc"": 0.7722542327549775, ""nrmse"": 0.6360516512854065, ""n_valid"": 1447, ""n_targets"": 1447}, {""horizon_s"": 1.2, ""horizon_samples"": 30, ""cc"": 0.7566894076148653, ""nrmse"": 0.6561035601121584, ""n_valid"": 1442, ""n_targets"": 1442}, {""horizon_s"": 1.6, ""horizon_samples"": 40, ""cc"": 0.5869719326537072, ""nrmse"": 0.8165787613191234, ""n_valid"": 1432, ""n_targets"": 1432}, {""horizon_s"": 2.0, ""horizon_samples"": 50, ""cc"": 0.501227696294319, ""nrmse"": 0.8797822655010618, ""n_valid"": 1422, ""n_targets"": 1422}, {""horizon_s"": 2.4, ""horizon_samples"": 60, ""cc"": 0.39968223881553644, ""nrmse"": 0.9364402234115008, ""n_valid"": 1412, ""n_targets"": 1412}, {""horizon_s"": 2.8, ""horizon_samples"": 70, ""cc"": 0.28226305469545215, ""nrmse"": 0.9987750142898203, ""n_valid"": 1402, ""n_targets"": 1402}, {""horizon_s"": 3.2, ""horizon_samples"": 80, ""cc"": 0.20155996677231922, ""nrmse"": 1.0278489462005944, ""n_valid"": 1392, ""n_targets"": 1392}, {""horizon_s"": 3.6, ""horizon_samples"": 90, ""cc"": 0.16244905697111706, ""nrmse"": 1.0400017687903567, ""n_valid"": 1382, ""n_targets"": 1382}, {""horizon_s"": 4.0, ""horizon_samples"": 100, ""cc"": 0.13251315550070605, ""nrmse"": 1.0532505152053775, ""n_valid"": 1372, ""n_targets"": 1372}]",25,28,0.02000007678678039,True,0.0,741.4715955195865,12,0.48003387451171875,1472,1421,True,ok,8,0.16,4,0.8,1.3,5.0,0.02,1.243492873998548,,True,e1bb018f71e6e26a5a9ddbcc72f6644b7f0884be623285c36b7e1cdfd76b63de,ae3eb0436bad40953a3f94fbc5208576e8d39ecf9d543079a070d621f31ba75f,S3_10_00036,False,da22660146ea73a8bdc3047f3ed962ab9f8507ee435a4bcdd5f54e799aa2f6e4
nan,10,sample_10.csv,S3,S3_10_00035,Drowsy,1,6,4,2290.4298255443573,2350.629556655884,60,60.19973111152649,1500,24.998235827015687,53087,54587,57029,58529,S3/filtered_sessions/sample_10.csv,True,0,0.0,True,0.13223418623843142,True,0.11095133730246652,True,nan,0.7153471445852119,0.6021691362138564,0.6984690694437778,4.1894070236039145,0.18095215242117388,2.009325872635225,0.7713488502918568,0.9865968837154111,0.8000564575195312,1.28009033203125,True,True,True,True,True,,,,,18,"[{""horizon_s"": 0.04, ""horizon_samples"": 1, ""cc"": 0.9733803378348825, ""nrmse"": 0.2297138132431191, ""n_valid"": 1471, ""n_targets"": 1471}, {""horizon_s"": 0.08, ""horizon_samples"": 2, ""cc"": 0.9451841262614024, ""nrmse"": 0.3274542643758384, ""n_valid"": 1470, ""n_targets"": 1470}, {""horizon_s"": 0.12, ""horizon_samples"": 3, ""cc"": 0.9458974095601328, ""nrmse"": 0.3253028660609197, ""n_valid"": 1469, ""n_targets"": 1469}, {""horizon_s"": 0.16, ""horizon_samples"": 4, ""cc"": 0.9429133086689275, ""nrmse"": 0.33379588119478054, ""n_valid"": 1468, ""n_targets"": 1468}, {""horizon_s"": 0.2, ""horizon_samples"": 5, ""cc"": 0.9381813478227113, ""nrmse"": 0.3468757686840989, ""n_valid"": 1467, ""n_targets"": 1467}, {""horizon_s"": 0.28, ""horizon_samples"": 7, ""cc"": 0.9370994587565173, ""nrmse"": 0.34956132465889833, ""n_valid"": 1465, ""n_targets"": 1465}, {""horizon_s"": 0.4, ""horizon_samples"": 10, ""cc"": 0.9338548366070819, ""nrmse"": 0.3578740722617781, ""n_valid"": 1462, ""n_targets"": 1462}, {""horizon_s"": 0.6, ""horizon_samples"": 15, ""cc"": 0.906384344191087, ""nrmse"": 0.42291926226928156, ""n_valid"": 1457, ""n_targets"": 1457}, {""horizon_s"": 0.8, ""horizon_samples"": 20, ""cc"": 0.8587524747724719, ""nrmse"": 0.5138754474019469, ""n_valid"": 1452, ""n_targets"": 1452}, {""horizon_s"": 1.0, ""horizon_samples"": 25, ""cc"": 0.817597132905639, ""nrmse"": 0.5775224030586635, ""n_valid"": 1447, ""n_targets"": 1447}, {""horizon_s"": 1.2, ""horizon_samples"": 30, ""cc"": 0.7766753426469423, ""nrmse"": 0.6323172789320495, ""n_valid"": 1442, ""n_targets"": 1442}, {""horizon_s"": 1.6, ""horizon_samples"": 40, ""cc"": 0.6568599853413432, ""nrmse"": 0.7608253445259036, ""n_valid"": 1432, ""n_targets"": 1432}, {""horizon_s"": 2.0, ""horizon_samples"": 50, ""cc"": 0.59944413865531, ""nrmse"": 0.8097480158076689, ""n_valid"": 1422, ""n_targets"": 1422}, {""horizon_s"": 2.4, ""horizon_samples"": 60, ""cc"": 0.48292384972135516, ""nrmse"": 0.8909225869520229, ""n_valid"": 1412, ""n_targets"": 1412}, {""horizon_s"": 2.8, ""horizon_samples"": 70, ""cc"": 0.4210173950923381, ""nrmse"": 0.93142766951306, ""n_valid"": 1402, ""n_targets"": 1402}, {""horizon_s"": 3.2, ""horizon_samples"": 80, ""cc"": 0.31408875381502194, ""nrmse"": 0.9817549657389233, ""n_valid"": 1392, ""n_targets"": 1392}, {""horizon_s"": 3.6, ""horizon_samples"": 90, ""cc"": 0.24521900855594805, ""nrmse"": 1.0129904937661616, ""n_valid"": 1382, ""n_targets"": 1382}, {""horizon_s"": 4.0, ""horizon_samples"": 100, ""cc"": 0.18077535132470168, ""nrmse"": 1.0341629934043017, ""n_valid"": 1372, ""n_targets"": 1372}]",25,28,0.02000007678678039,True,0.0,607.3095977007187,12,0.48003387451171875,1472,1407,True,ok,8,0.16,4,0.8,1.3,5.0,0.02,1.6776025540002593,,True,473418739b05c7a4a54004a5f3504926ba0997916a32a0d49f8f578596ce7115,7b6cb6de7cd1ccbf30a71ed9777866b11356aebeb794910f7bf29fca6c067e48,S3_10_00035,False,da22660146ea73a8bdc3047f3ed962ab9f8507ee435a4bcdd5f54e799aa2f6e4
